timestamp,pv_kwh
2025-10-01 00:00:00,0.0
2025-10-01 01:00:00,0.0
2025-10-01 02:00:00,0.0
2025-10-01 03:00:00,0.0
2025-10-01 04:00:00,0.0
2025-10-01 05:00:00,0.0
2025-10-01 06:00:00,0.0
2025-10-01 07:00:00,0.3433875456
2025-10-01 08:00:00,1.3416980544000003
2025-10-01 09:00:00,1.9182499776
2025-10-01 10:00:00,1.8876692735999996
2025-10-01 11:00:00,2.6228015616
2025-10-01 12:00:00,2.8288577856000003
2025-10-01 13:00:00,3.0403859904
2025-10-01 14:00:00,2.1333622464
2025-10-01 15:00:00,2.0798976000000002
2025-10-01 16:00:00,1.9359219264
2025-10-01 17:00:00,1.1623662336
2025-10-01 18:00:00,0.34276556160000005
2025-10-01 19:00:00,0.0109840896
2025-10-01 20:00:00,0.0
2025-10-01 21:00:00,0.0
2025-10-01 22:00:00,0.0
2025-10-01 23:00:00,0.0
2025-10-02 00:00:00,0.0
2025-10-02 01:00:00,0.0
2025-10-02 02:00:00,0.0
2025-10-02 03:00:00,0.0
2025-10-02 04:00:00,0.0
2025-10-02 05:00:00,0.0
2025-10-02 06:00:00,0.0
2025-10-02 07:00:00,0.40611500159999997
2025-10-02 08:00:00,1.0738195776
2025-10-02 09:00:00,2.2817589696
2025-10-02 10:00:00,2.6578246464
2025-10-02 11:00:00,3.3406500864
2025-10-02 12:00:00,2.6297384256000003
2025-10-02 13:00:00,1.6697243904
2025-10-02 14:00:00,0.6863560704
2025-10-02 15:00:00,0.5675265023999999
2025-10-02 16:00:00,0.7925263104000001
2025-10-02 17:00:00,0.20887426559999997
2025-10-02 18:00:00,0.2748768
2025-10-02 19:00:00,0.016600953600000003
2025-10-02 20:00:00,0.0
2025-10-02 21:00:00,0.0
2025-10-02 22:00:00,0.0
2025-10-02 23:00:00,0.0
2025-10-03 00:00:00,0.0
2025-10-03 01:00:00,0.0
2025-10-03 02:00:00,0.0
2025-10-03 03:00:00,0.0
2025-10-03 04:00:00,0.0
2025-10-03 05:00:00,0.0
2025-10-03 06:00:00,0.0
2025-10-03 07:00:00,0.08304911999999999
2025-10-03 08:00:00,0.3344092224
2025-10-03 09:00:00,0.7154712576
2025-10-03 10:00:00,1.5053981183999996
2025-10-03 11:00:00,1.2142411776
2025-10-03 12:00:00,1.4573965824000001
2025-10-03 13:00:00,1.9346190336
2025-10-03 14:00:00,1.0172336064
2025-10-03 15:00:00,1.1728077503999998
2025-10-03 16:00:00,1.4391913536
2025-10-03 17:00:00,0.8779736064
2025-10-03 18:00:00,0.38638131839999995
2025-10-03 19:00:00,0.0220137984
2025-10-03 20:00:00,0.0
2025-10-03 21:00:00,0.0
2025-10-03 22:00:00,0.0
2025-10-03 23:00:00,0.0
2025-10-04 00:00:00,0.0
2025-10-04 01:00:00,0.0
2025-10-04 02:00:00,0.0
2025-10-04 03:00:00,0.0
2025-10-04 04:00:00,0.0
2025-10-04 05:00:00,0.0
2025-10-04 06:00:00,0.0
2025-10-04 07:00:00,0.23554460160000001
2025-10-04 08:00:00,0.8403757824000001
2025-10-04 09:00:00,1.5838876415999998
2025-10-04 10:00:00,2.4491410944
2025-10-04 11:00:00,3.5493771455999994
2025-10-04 12:00:00,3.81404496
2025-10-04 13:00:00,3.8832228864000005
2025-10-04 14:00:00,3.6709094400000004
2025-10-04 15:00:00,3.2657004864000005
2025-10-04 16:00:00,2.6512510464000005
2025-10-04 17:00:00,1.7634507264000001
2025-10-04 18:00:00,0.7207269696
2025-10-04 19:00:00,0.037771641599999996
2025-10-04 20:00:00,0.0
2025-10-04 21:00:00,0.0
2025-10-04 22:00:00,0.0
2025-10-04 23:00:00,0.0
2025-10-05 00:00:00,0.0
2025-10-05 01:00:00,0.0
2025-10-05 02:00:00,0.0
2025-10-05 03:00:00,0.0
2025-10-05 04:00:00,0.0
2025-10-05 05:00:00,0.0
2025-10-05 06:00:00,0.0
2025-10-05 07:00:00,0.4270140864
2025-10-05 08:00:00,1.0442790335999999
2025-10-05 09:00:00,1.0993821696
2025-10-05 10:00:00,1.1685966335999998
2025-10-05 11:00:00,2.0014720704
2025-10-05 12:00:00,2.6487369216000003
2025-10-05 13:00:00,3.1584763584
2025-10-05 14:00:00,3.5802871104
2025-10-05 15:00:00,3.1164528384000008
2025-10-05 16:00:00,0.7691918784
2025-10-05 17:00:00,0.6088395456000001
2025-10-05 18:00:00,0.24425955839999997
2025-10-05 19:00:00,0.0053913024
2025-10-05 20:00:00,0.0
2025-10-05 21:00:00,0.0
2025-10-05 22:00:00,0.0
2025-10-05 23:00:00,0.0
2025-10-06 00:00:00,0.0
2025-10-06 01:00:00,0.0
2025-10-06 02:00:00,0.0
2025-10-06 03:00:00,0.0
2025-10-06 04:00:00,0.0
2025-10-06 05:00:00,0.0
2025-10-06 06:00:00,0.0
2025-10-06 07:00:00,0.1386792
2025-10-06 08:00:00,0.5386757376
2025-10-06 09:00:00,0.9937198656
2025-10-06 10:00:00,1.7928119616000002
2025-10-06 11:00:00,2.5234123200000003
2025-10-06 12:00:00,2.2138750656
2025-10-06 13:00:00,1.6139802624
2025-10-06 14:00:00,1.3740097535999998
2025-10-06 15:00:00,1.5059979263999999
2025-10-06 16:00:00,1.332672
2025-10-06 17:00:00,0.9166291200000003
2025-10-06 18:00:00,0.33998300159999995
2025-10-06 19:00:00,0.0222418944
2025-10-06 20:00:00,0.0
2025-10-06 21:00:00,0.0
2025-10-06 22:00:00,0.0
2025-10-06 23:00:00,0.0
2025-10-07 00:00:00,0.0
2025-10-07 01:00:00,0.0
2025-10-07 02:00:00,0.0
2025-10-07 03:00:00,0.0
2025-10-07 04:00:00,0.0
2025-10-07 05:00:00,0.0
2025-10-07 06:00:00,0.0056637504000000005
2025-10-07 07:00:00,0.5334810624
2025-10-07 08:00:00,1.6015101696
2025-10-07 09:00:00,2.6854654464
2025-10-07 10:00:00,3.5145225983999997
2025-10-07 11:00:00,3.9482625600000003
2025-10-07 12:00:00,4.1789822976
2025-10-07 13:00:00,4.1956992
2025-10-07 14:00:00,4.0789630464
2025-10-07 15:00:00,3.5837736
2025-10-07 16:00:00,2.8067371200000006
2025-10-07 17:00:00,1.7999883264
2025-10-07 18:00:00,0.7351941696
2025-10-07 19:00:00,0.049350470400000006
2025-10-07 20:00:00,0.0
2025-10-07 21:00:00,0.0
2025-10-07 22:00:00,0.0
2025-10-07 23:00:00,0.0
2025-10-08 00:00:00,0.0
2025-10-08 01:00:00,0.0
2025-10-08 02:00:00,0.0
2025-10-08 03:00:00,0.0
2025-10-08 04:00:00,0.0
2025-10-08 05:00:00,0.0
2025-10-08 06:00:00,0.0056151744
2025-10-08 07:00:00,0.5292232704
2025-10-08 08:00:00,1.5259056384
2025-10-08 09:00:00,1.8738153983999997
2025-10-08 10:00:00,2.2040567999999996
2025-10-08 11:00:00,2.8642031615999994
2025-10-08 12:00:00,3.53396736
2025-10-08 13:00:00,3.2686393344
2025-10-08 14:00:00,2.5378795199999997
2025-10-08 15:00:00,2.5361723904000004
2025-10-08 16:00:00,1.5608678975999999
2025-10-08 17:00:00,1.300464
2025-10-08 18:00:00,0.6833813183999999
2025-10-08 19:00:00,0.054468480000000014
2025-10-08 20:00:00,0.0
2025-10-08 21:00:00,0.0
2025-10-08 22:00:00,0.0
2025-10-08 23:00:00,0.0
2025-10-09 00:00:00,0.0
2025-10-09 01:00:00,0.0
2025-10-09 02:00:00,0.0
2025-10-09 03:00:00,0.0
2025-10-09 04:00:00,0.0
2025-10-09 05:00:00,0.0
2025-10-09 06:00:00,0.0111403776
2025-10-09 07:00:00,0.5792016383999999
2025-10-09 08:00:00,1.6712830463999997
2025-10-09 09:00:00,2.6488499136000003
2025-10-09 10:00:00,3.5163380736
2025-10-09 11:00:00,3.2113230336
2025-10-09 12:00:00,3.2745594816000003
2025-10-09 13:00:00,2.9699721215999997
2025-10-09 14:00:00,3.0368918976
2025-10-09 15:00:00,1.7925120575999998
2025-10-09 16:00:00,1.6535306304000001
2025-10-09 17:00:00,1.0727253503999998
2025-10-09 18:00:00,0.6090948864
2025-10-09 19:00:00,0.0599083584
2025-10-09 20:00:00,0.0
2025-10-09 21:00:00,0.0
2025-10-09 22:00:00,0.0
2025-10-09 23:00:00,0.0
2025-10-10 00:00:00,0.0
2025-10-10 01:00:00,0.0
2025-10-10 02:00:00,0.0
2025-10-10 03:00:00,0.0
2025-10-10 04:00:00,0.0
2025-10-10 05:00:00,0.0
2025-10-10 06:00:00,0.0110474496
2025-10-10 07:00:00,0.6131311296000002
2025-10-10 08:00:00,1.5655882175999998
2025-10-10 09:00:00,2.3471990784
2025-10-10 10:00:00,3.0476312063999997
2025-10-10 11:00:00,2.2825380864
2025-10-10 12:00:00,1.7932449215999997
2025-10-10 13:00:00,1.8162002495999996
2025-10-10 14:00:00,2.1715020095999997
2025-10-10 15:00:00,1.8648774143999998
2025-10-10 16:00:00,1.7520110784
2025-10-10 17:00:00,1.3407710975999998
2025-10-10 18:00:00,0.6580721664
2025-10-10 19:00:00,0.0595134144
2025-10-10 20:00:00,0.0
2025-10-10 21:00:00,0.0
2025-10-10 22:00:00,0.0
2025-10-10 23:00:00,0.0
2025-10-11 00:00:00,0.0
2025-10-11 01:00:00,0.0
2025-10-11 02:00:00,0.0
2025-10-11 03:00:00,0.0
2025-10-11 04:00:00,0.0
2025-10-11 05:00:00,0.0
2025-10-11 06:00:00,0.0111234816
2025-10-11 07:00:00,0.5201592
2025-10-11 08:00:00,1.35797904
2025-10-11 09:00:00,1.9466732735999999
2025-10-11 10:00:00,1.7965584383999997
2025-10-11 11:00:00,2.1289112063999998
2025-10-11 12:00:00,2.24699904
2025-10-11 13:00:00,1.9632281856
2025-10-11 14:00:00,1.6266184704
2025-10-11 15:00:00,1.6955406336
2025-10-11 16:00:00,1.3871768064
2025-10-11 17:00:00,1.7195073984
2025-10-11 18:00:00,0.64399104
2025-10-11 19:00:00,0.0493314624
2025-10-11 20:00:00,0.0
2025-10-11 21:00:00,0.0
2025-10-11 22:00:00,0.0
2025-10-11 23:00:00,0.0
2025-10-12 00:00:00,0.0
2025-10-12 01:00:00,0.0
2025-10-12 02:00:00,0.0
2025-10-12 03:00:00,0.0
2025-10-12 04:00:00,0.0
2025-10-12 05:00:00,0.0
2025-10-12 06:00:00,0.0168353856
2025-10-12 07:00:00,0.5466187584
2025-10-12 08:00:00,1.0157564736
2025-10-12 09:00:00,1.5638099135999999
2025-10-12 10:00:00,1.7763508224
2025-10-12 11:00:00,1.4170343616000003
2025-10-12 12:00:00,2.4114146496
2025-10-12 13:00:00,2.6768569344000004
2025-10-12 14:00:00,2.4796721664
2025-10-12 15:00:00,3.1956266496
2025-10-12 16:00:00,2.6460164544
2025-10-12 17:00:00,0.8372164416
2025-10-12 18:00:00,0.3955792896
2025-10-12 19:00:00,0.022224998399999998
2025-10-12 20:00:00,0.0
2025-10-12 21:00:00,0.0
2025-10-12 22:00:00,0.0
2025-10-12 23:00:00,0.0
2025-10-13 00:00:00,0.0
2025-10-13 01:00:00,0.0
2025-10-13 02:00:00,0.0
2025-10-13 03:00:00,0.0
2025-10-13 04:00:00,0.0
2025-10-13 05:00:00,0.0
2025-10-13 06:00:00,0.0170634816
2025-10-13 07:00:00,0.6188301503999999
2025-10-13 08:00:00,1.5737857344000001
2025-10-13 09:00:00,2.7056289216000002
2025-10-13 10:00:00,3.2554754496
2025-10-13 11:00:00,3.6125945855999997
2025-10-13 12:00:00,4.119141734399999
2025-10-13 13:00:00,4.5223259136000005
2025-10-13 14:00:00,4.3023957504000006
2025-10-13 15:00:00,3.7655534399999997
2025-10-13 16:00:00,3.02913072
2025-10-13 17:00:00,2.0286452736000005
2025-10-13 18:00:00,0.9268317695999998
2025-10-13 19:00:00,0.08874455040000001
2025-10-13 20:00:00,0.0
2025-10-13 21:00:00,0.0
2025-10-13 22:00:00,0.0
2025-10-13 23:00:00,0.0
2025-10-14 00:00:00,0.0
2025-10-14 01:00:00,0.0
2025-10-14 02:00:00,0.0
2025-10-14 03:00:00,0.0
2025-10-14 04:00:00,0.0
2025-10-14 05:00:00,0.0
2025-10-14 06:00:00,0.0281688
2025-10-14 07:00:00,0.6666585024
2025-10-14 08:00:00,1.7119931136000002
2025-10-14 09:00:00,2.7171403776
2025-10-14 10:00:00,3.1433966783999994
2025-10-14 11:00:00,2.6162036736
2025-10-14 12:00:00,3.3198384384
2025-10-14 13:00:00,3.59538432
2025-10-14 14:00:00,3.7955244095999996
2025-10-14 15:00:00,3.6407380415999997
2025-10-14 16:00:00,2.8950974975999997
2025-10-14 17:00:00,1.9549341503999997
2025-10-14 18:00:00,0.9002794944
2025-10-14 19:00:00,0.0879673344
2025-10-14 20:00:00,0.0
2025-10-14 21:00:00,0.0
2025-10-14 22:00:00,0.0
2025-10-14 23:00:00,0.0
2025-10-15 00:00:00,0.0
2025-10-15 01:00:00,0.0
2025-10-15 02:00:00,0.0
2025-10-15 03:00:00,0.0
2025-10-15 04:00:00,0.0
2025-10-15 05:00:00,0.0
2025-10-15 06:00:00,0.0340902144
2025-10-15 07:00:00,0.7388772863999999
2025-10-15 08:00:00,1.8495749183999999
2025-10-15 09:00:00,2.8752531456000003
2025-10-15 10:00:00,3.6857832000000004
2025-10-15 11:00:00,4.2112249344
2025-10-15 12:00:00,4.4738141184
2025-10-15 13:00:00,4.4537169599999995
2025-10-15 14:00:00,4.19897808
2025-10-15 15:00:00,3.6947480064000002
2025-10-15 16:00:00,2.9433028416
2025-10-15 17:00:00,1.9941920064000003
2025-10-15 18:00:00,0.9237913343999999
2025-10-15 19:00:00,0.09863631360000001
2025-10-15 20:00:00,0.0
2025-10-15 21:00:00,0.0
2025-10-15 22:00:00,0.0
2025-10-15 23:00:00,0.0
2025-10-16 00:00:00,0.0
2025-10-16 01:00:00,0.0
2025-10-16 02:00:00,0.0
2025-10-16 03:00:00,0.0
2025-10-16 04:00:00,0.0
2025-10-16 05:00:00,0.0
2025-10-16 06:00:00,0.038643897600000005
2025-10-16 07:00:00,0.7413474816
2025-10-16 08:00:00,1.8122854463999998
2025-10-16 09:00:00,2.7853056
2025-10-16 10:00:00,3.5456515775999997
2025-10-16 11:00:00,4.0396713983999994
2025-10-16 12:00:00,4.2898156224
2025-10-16 13:00:00,4.1473041984000005
2025-10-16 14:00:00,3.4221059136
2025-10-16 15:00:00,2.8359023616
2025-10-16 16:00:00,2.4965892864
2025-10-16 17:00:00,1.2212318975999998
2025-10-16 18:00:00,0.3724655616
2025-10-16 19:00:00,0.036692409599999996
2025-10-16 20:00:00,0.0
2025-10-16 21:00:00,0.0
2025-10-16 22:00:00,0.0
2025-10-16 23:00:00,0.0
2025-10-17 00:00:00,0.0
2025-10-17 01:00:00,0.0
2025-10-17 02:00:00,0.0
2025-10-17 03:00:00,0.0
2025-10-17 04:00:00,0.0
2025-10-17 05:00:00,0.0
2025-10-17 06:00:00,0.02773584
2025-10-17 07:00:00,0.5301675456000001
2025-10-17 08:00:00,1.4633256
2025-10-17 09:00:00,1.6851958464
2025-10-17 10:00:00,2.9970921024
2025-10-17 11:00:00,3.6533851200000003
2025-10-17 12:00:00,3.8969899584000007
2025-10-17 13:00:00,4.377970080000001
2025-10-17 14:00:00,4.22243712
2025-10-17 15:00:00,3.3716365056
2025-10-17 16:00:00,2.5778505984
2025-10-17 17:00:00,1.0938580223999999
2025-10-17 18:00:00,0.7657748735999999
2025-10-17 19:00:00,0.10478624639999998
2025-10-17 20:00:00,0.0
2025-10-17 21:00:00,0.0
2025-10-17 22:00:00,0.0
2025-10-17 23:00:00,0.0
2025-10-18 00:00:00,0.0
2025-10-18 01:00:00,0.0
2025-10-18 02:00:00,0.0
2025-10-18 03:00:00,0.0
2025-10-18 04:00:00,0.0
2025-10-18 05:00:00,0.0
2025-10-18 06:00:00,0.050566982399999995
2025-10-18 07:00:00,0.7411694400000002
2025-10-18 08:00:00,1.6281143999999999
2025-10-18 09:00:00,2.1160092096000005
2025-10-18 10:00:00,2.8668704064000003
2025-10-18 11:00:00,3.8110887936
2025-10-18 12:00:00,4.279065753599999
2025-10-18 13:00:00,4.515197280000001
2025-10-18 14:00:00,4.27097088
2025-10-18 15:00:00,3.7914809856000007
2025-10-18 16:00:00,3.0155045184000002
2025-10-18 17:00:00,2.0302258944
2025-10-18 18:00:00,0.9597703104
2025-10-18 19:00:00,0.11512448640000002
2025-10-18 20:00:00,0.0
2025-10-18 21:00:00,0.0
2025-10-18 22:00:00,0.0
2025-10-18 23:00:00,0.0
2025-10-19 00:00:00,0.0
2025-10-19 01:00:00,0.0
2025-10-19 02:00:00,0.0
2025-10-19 03:00:00,0.0
2025-10-19 04:00:00,0.0
2025-10-19 05:00:00,0.0
2025-10-19 06:00:00,0.0491033664
2025-10-19 07:00:00,0.5956213824
2025-10-19 08:00:00,0.7098522816
2025-10-19 09:00:00,1.3691943936000002
2025-10-19 10:00:00,1.2000757824000001
2025-10-19 11:00:00,1.913868
2025-10-19 12:00:00,1.5932773824
2025-10-19 13:00:00,2.4634564416
2025-10-19 14:00:00,1.6276651776000002
2025-10-19 15:00:00,2.0425760256
2025-10-19 16:00:00,1.3987338816000001
2025-10-19 17:00:00,1.4428979135999997
2025-10-19 18:00:00,0.3057010176
2025-10-19 19:00:00,0.0373872576
2025-10-19 20:00:00,0.0
2025-10-19 21:00:00,0.0
2025-10-19 22:00:00,0.0
2025-10-19 23:00:00,0.0
2025-10-20 00:00:00,0.0
2025-10-20 01:00:00,0.0
2025-10-20 02:00:00,0.0
2025-10-20 03:00:00,0.0
2025-10-20 04:00:00,0.0
2025-10-20 05:00:00,0.0
2025-10-20 06:00:00,0.0164995776
2025-10-20 07:00:00,0.2245070784
2025-10-20 08:00:00,0.35534928000000005
2025-10-20 09:00:00,0.8802970176
2025-10-20 10:00:00,1.7546428416
2025-10-20 11:00:00,2.2175207999999995
2025-10-20 12:00:00,1.8306209856
2025-10-20 13:00:00,1.8428255999999998
2025-10-20 14:00:00,2.1138399744000003
2025-10-20 15:00:00,1.6326873024000002
2025-10-20 16:00:00,1.1188482624
2025-10-20 17:00:00,1.6361797056
2025-10-20 18:00:00,0.6881673216
2025-10-20 19:00:00,0.08800112639999999
2025-10-20 20:00:00,0.0
2025-10-20 21:00:00,0.0
2025-10-20 22:00:00,0.0
2025-10-20 23:00:00,0.0
2025-10-21 00:00:00,0.0
2025-10-21 01:00:00,0.0
2025-10-21 02:00:00,0.0
2025-10-21 03:00:00,0.0
2025-10-21 04:00:00,0.0
2025-10-21 05:00:00,0.0
2025-10-21 06:00:00,0.045004185599999996
2025-10-21 07:00:00,0.5741159424
2025-10-21 08:00:00,1.4830447104
2025-10-21 09:00:00,2.18287344
2025-10-21 10:00:00,2.5931150784000003
2025-10-21 11:00:00,3.5402628095999997
2025-10-21 12:00:00,3.4209821184000004
2025-10-21 13:00:00,2.9237444543999995
2025-10-21 14:00:00,2.8416858623999994
2025-10-21 15:00:00,2.8147190016
2025-10-21 16:00:00,2.1083299776
2025-10-21 17:00:00,0.6850160063999999
2025-10-21 18:00:00,0.2694912
2025-10-21 19:00:00,0.0433821696
2025-10-21 20:00:00,0.0
2025-10-21 21:00:00,0.0
2025-10-21 22:00:00,0.0
2025-10-21 23:00:00,0.0
2025-10-22 00:00:00,0.0
2025-10-22 01:00:00,0.0
2025-10-22 02:00:00,0.0
2025-10-22 03:00:00,0.0
2025-10-22 04:00:00,0.0
2025-10-22 05:00:00,0.0
2025-10-22 06:00:00,0.0272184
2025-10-22 07:00:00,0.3094952256
2025-10-22 08:00:00,0.4814424384
2025-10-22 09:00:00,0.40178519039999994
2025-10-22 10:00:00,0.5357461823999999
2025-10-22 11:00:00,0.6143917824
2025-10-22 12:00:00,3.7186117056
2025-10-22 13:00:00,3.6707675136000004
2025-10-22 14:00:00,3.8306839296
2025-10-22 15:00:00,3.3460612416
2025-10-22 16:00:00,1.08824496
2025-10-22 17:00:00,0.8438481216
2025-10-22 18:00:00,0.2083927296
2025-10-22 19:00:00,0.022157414400000002
2025-10-22 20:00:00,0.0
2025-10-22 21:00:00,0.0
2025-10-22 22:00:00,0.0
2025-10-22 23:00:00,0.0
2025-10-23 00:00:00,0.0
2025-10-23 01:00:00,0.0
2025-10-23 02:00:00,0.0
2025-10-23 03:00:00,0.0
2025-10-23 04:00:00,0.0
2025-10-23 05:00:00,0.0
2025-10-23 06:00:00,0.0445648896
2025-10-23 07:00:00,0.5669205696
2025-10-23 08:00:00,1.2325395456000001
2025-10-23 09:00:00,1.63004688
2025-10-23 10:00:00,2.0197030656000003
2025-10-23 11:00:00,2.9801897663999997
2025-10-23 12:00:00,3.4150248
2025-10-23 13:00:00,2.87046144
2025-10-23 14:00:00,3.4192006463999998
2025-10-23 15:00:00,2.7775097856000004
2025-10-23 16:00:00,2.3253221376
2025-10-23 17:00:00,1.2524635200000003
2025-10-23 18:00:00,0.3923859456
2025-10-23 19:00:00,0.06610728960000001
2025-10-23 20:00:00,0.0
2025-10-23 21:00:00,0.0
2025-10-23 22:00:00,0.0
2025-10-23 23:00:00,0.0
2025-10-24 00:00:00,0.0
2025-10-24 01:00:00,0.0
2025-10-24 02:00:00,0.0
2025-10-24 03:00:00,0.0
2025-10-24 04:00:00,0.0
2025-10-24 05:00:00,0.0
2025-10-24 06:00:00,0.0447845376
2025-10-24 07:00:00,0.6214840896
2025-10-24 08:00:00,1.5959596223999999
2025-10-24 09:00:00,2.0500586304
2025-10-24 10:00:00,2.713788
2025-10-24 11:00:00,3.0718961856
2025-10-24 12:00:00,2.6142183936
2025-10-24 13:00:00,2.7166867199999998
2025-10-24 14:00:00,2.5258014144
2025-10-24 15:00:00,1.9374890303999999
2025-10-24 16:00:00,2.3441915904000004
2025-10-24 17:00:00,1.3720601664
2025-10-24 18:00:00,0.4986617855999999
2025-10-24 19:00:00,0.13228554239999998
2025-10-24 20:00:00,0.0
2025-10-24 21:00:00,0.0
2025-10-24 22:00:00,0.0
2025-10-24 23:00:00,0.0
2025-10-25 00:00:00,0.0
2025-10-25 01:00:00,0.0
2025-10-25 02:00:00,0.0
2025-10-25 03:00:00,0.0
2025-10-25 04:00:00,0.0
2025-10-25 05:00:00,0.0
2025-10-25 06:00:00,0.10152552960000001
2025-10-25 07:00:00,0.8138228735999998
2025-10-25 08:00:00,1.7751894336000003
2025-10-25 09:00:00,2.5252280064
2025-10-25 10:00:00,2.4603479999999998
2025-10-25 11:00:00,1.9398396864
2025-10-25 12:00:00,1.9152044736
2025-10-25 13:00:00,3.5464414655999996
2025-10-25 14:00:00,2.5469807616000004
2025-10-25 15:00:00,2.00474736
2025-10-25 16:00:00,1.5273238464
2025-10-25 17:00:00,0.35274096000000005
2025-10-25 18:00:00,0.23413272959999995
2025-10-25 19:00:00,0.032937062399999995
2025-10-25 20:00:00,0.0
2025-10-25 21:00:00,0.0
2025-10-25 22:00:00,0.0
2025-10-25 23:00:00,0.0
2025-10-26 00:00:00,0.0
2025-10-26 01:00:00,0.0
2025-10-26 02:00:00,0.0
2025-10-26 03:00:00,0.0
2025-10-26 04:00:00,0.0
2025-10-26 05:00:00,0.0
2025-10-26 06:00:00,0.027598560000000005
2025-10-26 07:00:00,0.40444208639999996
2025-10-26 08:00:00,1.0043030976
2025-10-26 09:00:00,0.9558548735999999
2025-10-26 10:00:00,1.5135278399999998
2025-10-26 11:00:00,0.8219498496
2025-10-26 12:00:00,0.5171496
2025-10-26 13:00:00,0.7994443775999999
2025-10-26 14:00:00,2.60555328
2025-10-26 15:00:00,3.0882261696
2025-10-26 16:00:00,1.8925530624
2025-10-26 17:00:00,1.9665936576000003
2025-10-26 18:00:00,0.8402006976
2025-10-26 19:00:00,0.0983321856
2025-10-26 20:00:00,0.0
2025-10-26 21:00:00,0.0
2025-10-26 22:00:00,0.0
2025-10-26 23:00:00,0.0
2025-10-27 00:00:00,0.0
2025-10-27 01:00:00,0.0
2025-10-27 02:00:00,0.0
2025-10-27 03:00:00,0.0
2025-10-27 04:00:00,0.0
2025-10-27 05:00:00,0.0
2025-10-27 06:00:00,0.027957600000000003
2025-10-27 07:00:00,0.5083769855999999
2025-10-27 08:00:00,0.7630713024
2025-10-27 09:00:00,1.2037614336
2025-10-27 10:00:00,1.5183818495999999
2025-10-27 11:00:00,2.0783702016
2025-10-27 12:00:00,2.3494166784
2025-10-27 13:00:00,2.7239948736
2025-10-27 14:00:00,3.4112320704000005
2025-10-27 15:00:00,2.9301725376
2025-10-27 16:00:00,2.5463387136
2025-10-27 17:00:00,1.5014630400000002
2025-10-27 18:00:00,0.7765714175999999
2025-10-27 19:00:00,0.16146810239999998
2025-10-27 20:00:00,0.0
2025-10-27 21:00:00,0.0
2025-10-27 22:00:00,0.0
2025-10-27 23:00:00,0.0
2025-10-28 00:00:00,0.0
2025-10-28 01:00:00,0.0
2025-10-28 02:00:00,0.0
2025-10-28 03:00:00,0.0
2025-10-28 04:00:00,0.0
2025-10-28 05:00:00,0.0
2025-10-28 06:00:00,0.14226960000000002
2025-10-28 07:00:00,1.0941993215999999
2025-10-28 08:00:00,2.2576504895999996
2025-10-28 09:00:00,3.3027977664
2025-10-28 10:00:00,4.1183155199999995
2025-10-28 11:00:00,4.635338399999999
2025-10-28 12:00:00,4.8953726976
2025-10-28 13:00:00,4.8676883904
2025-10-28 14:00:00,4.583701478399999
2025-10-28 15:00:00,4.0447898304
2025-10-28 16:00:00,3.1506917376
2025-10-28 17:00:00,2.2928076864
2025-10-28 18:00:00,1.1792563200000001
2025-10-28 19:00:00,0.2095163136
2025-10-28 20:00:00,0.0
2025-10-28 21:00:00,0.0
2025-10-28 22:00:00,0.0
2025-10-28 23:00:00,0.0
2025-10-29 00:00:00,0.0
2025-10-29 01:00:00,0.0
2025-10-29 02:00:00,0.0
2025-10-29 03:00:00,0.0
2025-10-29 04:00:00,0.0
2025-10-29 05:00:00,0.0
2025-10-29 06:00:00,0.08482319999999999
2025-10-29 07:00:00,0.5600933184
2025-10-29 08:00:00,1.2743016
2025-10-29 09:00:00,2.0750585856
2025-10-29 10:00:00,3.5364990144
2025-10-29 11:00:00,4.2417982464
2025-10-29 12:00:00,4.1956992
2025-10-29 13:00:00,3.7345995456
2025-10-29 14:00:00,3.3778483200000005
2025-10-29 15:00:00,2.8043963904
2025-10-29 16:00:00,2.4663834624
2025-10-29 17:00:00,1.6064649216000002
2025-10-29 18:00:00,0.8954136575999999
2025-10-29 19:00:00,0.18024082560000002
2025-10-29 20:00:00,0.0
2025-10-29 21:00:00,0.0
2025-10-29 22:00:00,0.0
2025-10-29 23:00:00,0.0
2025-10-30 00:00:00,0.0
2025-10-30 01:00:00,0.0
2025-10-30 02:00:00,0.0
2025-10-30 03:00:00,0.0
2025-10-30 04:00:00,0.0
2025-10-30 05:00:00,0.0
2025-10-30 06:00:00,0.1458572544
2025-10-30 07:00:00,0.9430719936
2025-10-30 08:00:00,1.8661511615999995
2025-10-30 09:00:00,3.0237740543999996
2025-10-30 10:00:00,3.4155534335999995
2025-10-30 11:00:00,4.3374222144
2025-10-30 12:00:00,4.4574357696
2025-10-30 13:00:00,3.6887839296000005
2025-10-30 14:00:00,2.4683053824
2025-10-30 15:00:00,2.2212459456
2025-10-30 16:00:00,1.7867452416
2025-10-30 17:00:00,1.33875456
2025-10-30 18:00:00,0.9507353855999999
2025-10-30 19:00:00,0.16131455999999997
2025-10-30 20:00:00,0.0
2025-10-30 21:00:00,0.0
2025-10-30 22:00:00,0.0
2025-10-30 23:00:00,0.0
2025-10-31 00:00:00,0.0
2025-10-31 01:00:00,0.0
2025-10-31 02:00:00,0.0
2025-10-31 03:00:00,0.0
2025-10-31 04:00:00,0.0
2025-10-31 05:00:00,0.0
2025-10-31 06:00:00,0.09201836160000001
2025-10-31 07:00:00,0.49793420160000007
2025-10-31 08:00:00,1.2652014144
2025-10-31 09:00:00,1.6709482943999998
2025-10-31 10:00:00,1.6271963135999998
2025-10-31 11:00:00,1.5580610495999998
2025-10-31 12:00:00,1.4006598144000002
2025-10-31 13:00:00,2.1537179136
2025-10-31 14:00:00,2.8417963200000003
2025-10-31 15:00:00,1.8714839616
2025-10-31 16:00:00,1.8730172736000001
2025-10-31 17:00:00,1.3444216895999999
2025-10-31 18:00:00,0.5087227200000001
2025-10-31 19:00:00,0.0981421056
2025-10-31 20:00:00,0.0
2025-10-31 21:00:00,0.0
2025-10-31 22:00:00,0.0
2025-10-31 23:00:00,0.0
2025-11-01 00:00:00,0.0
2025-11-01 01:00:00,0.0
2025-11-01 02:00:00,0.0
2025-11-01 03:00:00,0.0
2025-11-01 04:00:00,0.0
2025-11-01 05:00:00,0.0
2025-11-01 06:00:00,0.1325896704
2025-11-01 07:00:00,0.6572030784
2025-11-01 08:00:00,1.4929975104000002
2025-11-01 09:00:00,2.4865498944
2025-11-01 10:00:00,3.1960068095999996
2025-11-01 11:00:00,4.0179465216
2025-11-01 12:00:00,4.4712524736
2025-11-01 13:00:00,4.6837080576
2025-11-01 14:00:00,4.4183445504000005
2025-11-01 15:00:00,3.7122237504000006
2025-11-01 16:00:00,3.1678409664
2025-11-01 17:00:00,2.2366073664
2025-11-01 18:00:00,1.1871704064000002
2025-11-01 19:00:00,0.23834173439999998
2025-11-01 20:00:00,0.0
2025-11-01 21:00:00,0.0
2025-11-01 22:00:00,0.0
2025-11-01 23:00:00,0.0
2025-11-02 00:00:00,0.0
2025-11-02 01:00:00,0.0
2025-11-02 02:00:00,0.0
2025-11-02 03:00:00,0.0
2025-11-02 04:00:00,0.0
2025-11-02 05:00:00,0.0
2025-11-02 06:00:00,0.1760157696
2025-11-02 07:00:00,1.0727033856
2025-11-02 08:00:00,2.1167038463999996
2025-11-02 09:00:00,3.0547942656
2025-11-02 10:00:00,3.6129460224
2025-11-02 11:00:00,3.5504673600000003
2025-11-02 12:00:00,3.8976436223999995
2025-11-02 13:00:00,4.36570992
2025-11-02 14:00:00,4.2603215424
2025-11-02 15:00:00,3.7652947200000004
2025-11-02 16:00:00,3.0355833024
2025-11-02 17:00:00,1.9730508864
2025-11-02 18:00:00,0.9360789503999999
2025-11-02 19:00:00,0.1622854464
2025-11-02 20:00:00,0.0
2025-11-02 21:00:00,0.0
2025-11-02 22:00:00,0.0
2025-11-02 23:00:00,0.0
2025-11-03 00:00:00,0.0
2025-11-03 01:00:00,0.0
2025-11-03 02:00:00,0.0
2025-11-03 03:00:00,0.0
2025-11-03 04:00:00,0.0
2025-11-03 05:00:00,0.0
2025-11-03 06:00:00,0.0441086976
2025-11-03 07:00:00,0.11011968000000001
2025-11-03 08:00:00,0.28034202239999995
2025-11-03 09:00:00,0.3133475136
2025-11-03 10:00:00,0.8110453824
2025-11-03 11:00:00,0.4443937344
2025-11-03 12:00:00,0.32985215999999995
2025-11-03 13:00:00,1.9947223295999998
2025-11-03 14:00:00,1.0532808
2025-11-03 15:00:00,1.7507635199999998
2025-11-03 16:00:00,2.57125968
2025-11-03 17:00:00,0.26303016960000003
2025-11-03 18:00:00,0.2690998464
2025-11-03 19:00:00,0.1770971136
2025-11-03 20:00:00,0.0
2025-11-03 21:00:00,0.0
2025-11-03 22:00:00,0.0
2025-11-03 23:00:00,0.0
2025-11-04 00:00:00,0.0
2025-11-04 01:00:00,0.0
2025-11-04 02:00:00,0.0
2025-11-04 03:00:00,0.0
2025-11-04 04:00:00,0.0
2025-11-04 05:00:00,0.0
2025-11-04 06:00:00,0.0781718784
2025-11-04 07:00:00,0.4647734784
2025-11-04 08:00:00,1.0025309184
2025-11-04 09:00:00,1.7537304576000001
2025-11-04 10:00:00,3.3409626624
2025-11-04 11:00:00,4.0048774656
2025-11-04 12:00:00,4.0885416
2025-11-04 13:00:00,2.5455042624
2025-11-04 14:00:00,2.7338674176
2025-11-04 15:00:00,3.2361145344000004
2025-11-04 16:00:00,1.2243534336
2025-11-04 17:00:00,1.04957424
2025-11-04 18:00:00,0.70616832
2025-11-04 19:00:00,0.08279568
2025-11-04 20:00:00,0.0
2025-11-04 21:00:00,0.0
2025-11-04 22:00:00,0.0
2025-11-04 23:00:00,0.0
2025-11-05 00:00:00,0.0
2025-11-05 01:00:00,0.0
2025-11-05 02:00:00,0.0
2025-11-05 03:00:00,0.0
2025-11-05 04:00:00,0.0
2025-11-05 05:00:00,0.0
2025-11-05 06:00:00,0.1000809216
2025-11-05 07:00:00,0.49944935039999994
2025-11-05 08:00:00,1.3983102144
2025-11-05 09:00:00,2.6728718016000004
2025-11-05 10:00:00,2.6244170304
2025-11-05 11:00:00,2.3880221376
2025-11-05 12:00:00,1.7930020416000003
2025-11-05 13:00:00,1.8810840576
2025-11-05 14:00:00,2.5215151104
2025-11-05 15:00:00,2.2268892096
2025-11-05 16:00:00,1.9975070015999998
2025-11-05 17:00:00,1.2514123776000001
2025-11-05 18:00:00,0.7737153599999999
2025-11-05 19:00:00,0.1749344256
2025-11-05 20:00:00,0.0
2025-11-05 21:00:00,0.0
2025-11-05 22:00:00,0.0
2025-11-05 23:00:00,0.0
2025-11-06 00:00:00,0.0
2025-11-06 01:00:00,0.0
2025-11-06 02:00:00,0.0
2025-11-06 03:00:00,0.0
2025-11-06 04:00:00,0.0
2025-11-06 05:00:00,0.0
2025-11-06 06:00:00,0.2010438144
2025-11-06 07:00:00,1.1880844799999999
2025-11-06 08:00:00,2.28881664
2025-11-06 09:00:00,3.2493147456
2025-11-06 10:00:00,3.9997070783999997
2025-11-06 11:00:00,4.4793435456
2025-11-06 12:00:00,4.6984886784
2025-11-06 13:00:00,3.2938488
2025-11-06 14:00:00,2.5516472256
2025-11-06 15:00:00,2.5473134016
2025-11-06 16:00:00,1.1876832000000002
2025-11-06 17:00:00,0.9221864256
2025-11-06 18:00:00,0.4619140416
2025-11-06 19:00:00,0.08648048639999999
2025-11-06 20:00:00,0.0
2025-11-06 21:00:00,0.0
2025-11-06 22:00:00,0.0
2025-11-06 23:00:00,0.0
2025-11-07 00:00:00,0.0
2025-11-07 01:00:00,0.0
2025-11-07 02:00:00,0.0
2025-11-07 03:00:00,0.0
2025-11-07 04:00:00,0.0
2025-11-07 05:00:00,0.0
2025-11-07 06:00:00,0.1422879744
2025-11-07 07:00:00,0.6076420416
2025-11-07 08:00:00,1.3633080384
2025-11-07 09:00:00,1.5118811136
2025-11-07 10:00:00,2.2479283199999998
2025-11-07 11:00:00,4.0296467904
2025-11-07 12:00:00,1.7153822399999998
2025-11-07 13:00:00,0.5959478976
2025-11-07 14:00:00,3.0606265536
2025-11-07 15:00:00,3.3057674496000007
2025-11-07 16:00:00,1.1535929856
2025-11-07 17:00:00,0.9153144
2025-11-07 18:00:00,0.5560632
2025-11-07 19:00:00,0.0375055296
2025-11-07 20:00:00,0.0
2025-11-07 21:00:00,0.0
2025-11-07 22:00:00,0.0
2025-11-07 23:00:00,0.0
2025-11-08 00:00:00,0.0
2025-11-08 01:00:00,0.0
2025-11-08 02:00:00,0.0
2025-11-08 03:00:00,0.0
2025-11-08 04:00:00,0.0
2025-11-08 05:00:00,0.0
2025-11-08 06:00:00,0.0388804416
2025-11-08 07:00:00,0.1717788864
2025-11-08 08:00:00,0.26505768960000003
2025-11-08 09:00:00,0.42940085759999996
2025-11-08 10:00:00,0.6417043776
2025-11-08 11:00:00,0.5981494463999999
2025-11-08 12:00:00,0.6311236800000002
2025-11-08 13:00:00,0.8366314176
2025-11-08 14:00:00,0.4633542144000001
2025-11-08 15:00:00,0.6160551936
2025-11-08 16:00:00,0.3815596224
2025-11-08 17:00:00,0.3207680256
2025-11-08 18:00:00,0.5015634623999999
2025-11-08 19:00:00,0.1777729536
2025-11-08 20:00:00,0.0
2025-11-08 21:00:00,0.0
2025-11-08 22:00:00,0.0
2025-11-08 23:00:00,0.0
2025-11-09 00:00:00,0.0
2025-11-09 01:00:00,0.0
2025-11-09 02:00:00,0.0
2025-11-09 03:00:00,0.0
2025-11-09 04:00:00,0.0
2025-11-09 05:00:00,0.0
2025-11-09 06:00:00,0.0780536064
2025-11-09 07:00:00,0.4139784
2025-11-09 08:00:00,1.4910905856
2025-11-09 09:00:00,1.3557874176000002
2025-11-09 10:00:00,2.1545962944
2025-11-09 11:00:00,3.6190784255999997
2025-11-09 12:00:00,4.32672768
2025-11-09 13:00:00,3.7809642816
2025-11-09 14:00:00,3.8199304704
2025-11-09 15:00:00,3.2681155584000003
2025-11-09 16:00:00,2.3005272575999998
2025-11-09 17:00:00,0.9324760896000001
2025-11-09 18:00:00,0.6040609344
2025-11-09 19:00:00,0.16543296
2025-11-09 20:00:00,0.0
2025-11-09 21:00:00,0.0
2025-11-09 22:00:00,0.0
2025-11-09 23:00:00,0.0
2025-11-10 00:00:00,0.0
2025-11-10 01:00:00,0.0
2025-11-10 02:00:00,0.0
2025-11-10 03:00:00,0.0
2025-11-10 04:00:00,0.0
2025-11-10 05:00:00,0.0
2025-11-10 06:00:00,0.2112819456
2025-11-10 07:00:00,1.0541481984
2025-11-10 08:00:00,2.0114385984
2025-11-10 09:00:00,2.6605100544
2025-11-10 10:00:00,2.6941713216000003
2025-11-10 11:00:00,2.0087046144
2025-11-10 12:00:00,2.2724925696
2025-11-10 13:00:00,1.7829926400000002
2025-11-10 14:00:00,1.9128791616
2025-11-10 15:00:00,1.47603456
2025-11-10 16:00:00,1.7039880000000003
2025-11-10 17:00:00,1.3758892224
2025-11-10 18:00:00,0.83689584
2025-11-10 19:00:00,0.1760833536
2025-11-10 20:00:00,0.0
2025-11-10 21:00:00,0.0
2025-11-10 22:00:00,0.0
2025-11-10 23:00:00,0.0
2025-11-11 00:00:00,0.0
2025-11-11 01:00:00,0.0
2025-11-11 02:00:00,0.0
2025-11-11 03:00:00,0.0
2025-11-11 04:00:00,0.0
2025-11-11 05:00:00,0.0
2025-11-11 06:00:00,0.0450548736
2025-11-11 07:00:00,0.17959772159999998
2025-11-11 08:00:00,0.4121001984
2025-11-11 09:00:00,1.9165519296000002
2025-11-11 10:00:00,3.1967975424
2025-11-11 11:00:00,3.8330198016
2025-11-11 12:00:00,4.4909667264
2025-11-11 13:00:00,3.9457982784000003
2025-11-11 14:00:00,4.04383056
2025-11-11 15:00:00,3.3971610816
2025-11-11 16:00:00,2.9518087104
2025-11-11 17:00:00,2.2413625344000003
2025-11-11 18:00:00,1.1860605504
2025-11-11 19:00:00,0.2779392
2025-11-11 20:00:00,0.0
2025-11-11 21:00:00,0.0
2025-11-11 22:00:00,0.0
2025-11-11 23:00:00,0.0
2025-11-12 00:00:00,0.0
2025-11-12 01:00:00,0.0
2025-11-12 02:00:00,0.0
2025-11-12 03:00:00,0.0
2025-11-12 04:00:00,0.0
2025-11-12 05:00:00,0.0
2025-11-12 06:00:00,0.2811072
2025-11-12 07:00:00,1.2754520064000001
2025-11-12 08:00:00,2.3863809024
2025-11-12 09:00:00,3.3654143424
2025-11-12 10:00:00,4.0999521024
2025-11-12 11:00:00,4.0852536384
2025-11-12 12:00:00,2.4064831296
2025-11-12 13:00:00,2.5624298304
2025-11-12 14:00:00,2.1741494016
2025-11-12 15:00:00,1.6522689216000002
2025-11-12 16:00:00,1.48704336
2025-11-12 17:00:00,1.3691943936000002
2025-11-12 18:00:00,0.9201164543999999
2025-11-12 19:00:00,0.3143982336
2025-11-12 20:00:00,0.0
2025-11-12 21:00:00,0.0
2025-11-12 22:00:00,0.0
2025-11-12 23:00:00,0.0
2025-11-13 00:00:00,0.0
2025-11-13 01:00:00,0.0
2025-11-13 02:00:00,0.0
2025-11-13 03:00:00,0.0
2025-11-13 04:00:00,0.0
2025-11-13 05:00:00,0.0
2025-11-13 06:00:00,0.2938431936
2025-11-13 07:00:00,1.2086712
2025-11-13 08:00:00,2.2953705984
2025-11-13 09:00:00,3.2485045824
2025-11-13 10:00:00,3.8431445184
2025-11-13 11:00:00,4.43620848
2025-11-13 12:00:00,4.6519689216
2025-11-13 13:00:00,4.4372501184
2025-11-13 14:00:00,4.2832559616
2025-11-13 15:00:00,3.8635118016
2025-11-13 16:00:00,3.0276939264
2025-11-13 17:00:00,1.6249463999999998
2025-11-13 18:00:00,1.2068468544000002
2025-11-13 19:00:00,0.3531528
2025-11-13 20:00:00,0.0
2025-11-13 21:00:00,0.0
2025-11-13 22:00:00,0.0
2025-11-13 23:00:00,0.0
2025-11-14 00:00:00,0.0
2025-11-14 01:00:00,0.0
2025-11-14 02:00:00,0.0
2025-11-14 03:00:00,0.0
2025-11-14 04:00:00,0.0
2025-11-14 05:00:00,0.0
2025-11-14 06:00:00,0.16091687040000002
2025-11-14 07:00:00,0.5599731455999999
2025-11-14 08:00:00,1.2810690815999999
2025-11-14 09:00:00,2.4163324416000003
2025-11-14 10:00:00,3.6496253376
2025-11-14 11:00:00,4.574784614400001
2025-11-14 12:00:00,4.9969920000000005
2025-11-14 13:00:00,4.998130790399999
2025-11-14 14:00:00,4.7588276736
2025-11-14 15:00:00,4.2214535616
2025-11-14 16:00:00,3.4721755199999995
2025-11-14 17:00:00,2.4868276224
2025-11-14 18:00:00,1.3423054656
2025-11-14 19:00:00,0.3493822464
2025-11-14 20:00:00,0.0
2025-11-14 21:00:00,0.0
2025-11-14 22:00:00,0.0
2025-11-14 23:00:00,0.0
2025-11-15 00:00:00,0.0
2025-11-15 01:00:00,0.0
2025-11-15 02:00:00,0.0
2025-11-15 03:00:00,0.0
2025-11-15 04:00:00,0.0
2025-11-15 05:00:00,0.0
2025-11-15 06:00:00,0.22116864
2025-11-15 07:00:00,0.9156273984
2025-11-15 08:00:00,1.7464491264000002
2025-11-15 09:00:00,2.5497126336
2025-11-15 10:00:00,3.52180224
2025-11-15 11:00:00,4.2535747584
2025-11-15 12:00:00,4.327199289600001
2025-11-15 13:00:00,4.15077696
2025-11-15 14:00:00,2.5953466176
2025-11-15 15:00:00,3.3673753344000006
2025-11-15 16:00:00,2.2166267903999994
2025-11-15 17:00:00,1.7415663936
2025-11-15 18:00:00,0.9008313600000002
2025-11-15 19:00:00,0.2492143104
2025-11-15 20:00:00,0.0
2025-11-15 21:00:00,0.0
2025-11-15 22:00:00,0.0
2025-11-15 23:00:00,0.0
2025-11-16 00:00:00,0.0
2025-11-16 01:00:00,0.0
2025-11-16 02:00:00,0.0
2025-11-16 03:00:00,0.0
2025-11-16 04:00:00,0.0
2025-11-16 05:00:00,0.0
2025-11-16 06:00:00,0.17642127359999998
2025-11-16 07:00:00,0.6536217599999999
2025-11-16 08:00:00,1.6319176896
2025-11-16 09:00:00,2.3919388416
2025-11-16 10:00:00,1.4954951615999996
2025-11-16 11:00:00,3.43523664
2025-11-16 12:00:00,1.2260582400000002
2025-11-16 13:00:00,4.3219116864
2025-11-16 14:00:00,3.84886128
2025-11-16 15:00:00,2.5640423424000005
2025-11-16 16:00:00,2.2080467904
2025-11-16 17:00:00,1.6101797184
2025-11-16 18:00:00,0.7747012416
2025-11-16 19:00:00,0.08823767040000001
2025-11-16 20:00:00,0.0
2025-11-16 21:00:00,0.0
2025-11-16 22:00:00,0.0
2025-11-16 23:00:00,0.0
2025-11-17 00:00:00,0.0
2025-11-17 01:00:00,0.0
2025-11-17 02:00:00,0.0
2025-11-17 03:00:00,0.0
2025-11-17 04:00:00,0.0
2025-11-17 05:00:00,0.0
2025-11-17 06:00:00,0.1331979264
2025-11-17 07:00:00,0.6736251456
2025-11-17 08:00:00,1.29203712
2025-11-17 09:00:00,1.3108913664
2025-11-17 10:00:00,1.2561778944000002
2025-11-17 11:00:00,1.1003678399999997
2025-11-17 12:00:00,1.0741632
2025-11-17 13:00:00,1.4250018816
2025-11-17 14:00:00,1.2104976576
2025-11-17 15:00:00,0.8112164543999999
2025-11-17 16:00:00,1.2273395904000002
2025-11-17 17:00:00,0.4705500096
2025-11-17 18:00:00,0.3688920576
2025-11-17 19:00:00,0.0876294144
2025-11-17 20:00:00,0.0
2025-11-17 21:00:00,0.0
2025-11-17 22:00:00,0.0
2025-11-17 23:00:00,0.0
2025-11-18 00:00:00,0.0
2025-11-18 01:00:00,0.0
2025-11-18 02:00:00,0.0
2025-11-18 03:00:00,0.0
2025-11-18 04:00:00,0.0
2025-11-18 05:00:00,0.0
2025-11-18 06:00:00,0.1816347456
2025-11-18 07:00:00,0.6075396096
2025-11-18 08:00:00,1.2292910784
2025-11-18 09:00:00,1.7170154496
2025-11-18 10:00:00,1.7264981184000001
2025-11-18 11:00:00,2.4156238655999998
2025-11-18 12:00:00,2.7270243264000005
2025-11-18 13:00:00,2.1083299776
2025-11-18 14:00:00,2.4113776895999997
2025-11-18 15:00:00,1.1655942144
2025-11-18 16:00:00,1.1485366464
2025-11-18 17:00:00,1.4464665600000002
2025-11-18 18:00:00,0.9896572224
2025-11-18 19:00:00,0.32642163839999994
2025-11-18 20:00:00,0.0
2025-11-18 21:00:00,0.0
2025-11-18 22:00:00,0.0
2025-11-18 23:00:00,0.0
2025-11-19 00:00:00,0.0
2025-11-19 01:00:00,0.0
2025-11-19 02:00:00,0.0
2025-11-19 03:00:00,0.0
2025-11-19 04:00:00,0.0
2025-11-19 05:00:00,0.0
2025-11-19 06:00:00,0.2688928704
2025-11-19 07:00:00,1.0050929856
2025-11-19 08:00:00,2.1220125696
2025-11-19 09:00:00,2.3354882495999996
2025-11-19 10:00:00,2.7403932864
2025-11-19 11:00:00,3.7467963456
2025-11-19 12:00:00,4.3059272256
2025-11-19 13:00:00,4.0759386624
2025-11-19 14:00:00,3.2922802176000006
2025-11-19 15:00:00,3.1222513344
2025-11-19 16:00:00,2.8451497536
2025-11-19 17:00:00,2.5040245824
2025-11-19 18:00:00,1.39892016
2025-11-19 19:00:00,0.4074839999999999
2025-11-19 20:00:00,0.0054969024
2025-11-19 21:00:00,0.0
2025-11-19 22:00:00,0.0
2025-11-19 23:00:00,0.0
2025-11-20 00:00:00,0.0
2025-11-20 01:00:00,0.0
2025-11-20 02:00:00,0.0
2025-11-20 03:00:00,0.0
2025-11-20 04:00:00,0.0
2025-11-20 05:00:00,0.0
2025-11-20 06:00:00,0.2883319296
2025-11-20 07:00:00,0.9266822400000002
2025-11-20 08:00:00,1.7468030976
2025-11-20 09:00:00,2.2554252864
2025-11-20 10:00:00,2.8231467264
2025-11-20 11:00:00,3.6648708095999996
2025-11-20 12:00:00,3.7619999999999996
2025-11-20 13:00:00,4.0008826176
2025-11-20 14:00:00,3.9454371264000003
2025-11-20 15:00:00,2.5573306176
2025-11-20 16:00:00,3.16491648
2025-11-20 17:00:00,2.6119425024000007
2025-11-20 18:00:00,1.59984
2025-11-20 19:00:00,0.5267902463999999
2025-11-20 20:00:00,0.0055708224
2025-11-20 21:00:00,0.0
2025-11-20 22:00:00,0.0
2025-11-20 23:00:00,0.0
2025-11-21 00:00:00,0.0
2025-11-21 01:00:00,0.0
2025-11-21 02:00:00,0.0
2025-11-21 03:00:00,0.0
2025-11-21 04:00:00,0.0
2025-11-21 05:00:00,0.0
2025-11-21 06:00:00,0.36152688000000005
2025-11-21 07:00:00,1.2560249856
2025-11-21 08:00:00,2.2934235456
2025-11-21 09:00:00,3.1465368000000002
2025-11-21 10:00:00,3.9723347136000005
2025-11-21 11:00:00,4.6616334336000005
2025-11-21 12:00:00,5.066914406400001
2025-11-21 13:00:00,4.8603261696
2025-11-21 14:00:00,4.63357488
2025-11-21 15:00:00,4.2543733056
2025-11-21 16:00:00,3.5313879744
2025-11-21 17:00:00,2.5378056
2025-11-21 18:00:00,1.5579115199999998
2025-11-21 19:00:00,0.5217214464
2025-11-21 20:00:00,0.0055137984000000004
2025-11-21 21:00:00,0.0
2025-11-21 22:00:00,0.0
2025-11-21 23:00:00,0.0
2025-11-22 00:00:00,0.0
2025-11-22 01:00:00,0.0
2025-11-22 02:00:00,0.0
2025-11-22 03:00:00,0.0
2025-11-22 04:00:00,0.0
2025-11-22 05:00:00,0.0
2025-11-22 06:00:00,0.1833771456
2025-11-22 07:00:00,0.9359133695999998
2025-11-22 08:00:00,2.0143816703999997
2025-11-22 09:00:00,2.66103552
2025-11-22 10:00:00,3.6561659904000003
2025-11-22 11:00:00,3.3673753344000006
2025-11-22 12:00:00,4.2653951999999995
2025-11-22 13:00:00,4.533696921600001
2025-11-22 14:00:00,3.1876441344
2025-11-22 15:00:00,2.4578966016
2025-11-22 16:00:00,2.3721850944
2025-11-22 17:00:00,0.9471553343999999
2025-11-22 18:00:00,0.47862144000000006
2025-11-22 19:00:00,0.16680301439999998
2025-11-22 20:00:00,0.0054335424
2025-11-22 21:00:00,0.0
2025-11-22 22:00:00,0.0
2025-11-22 23:00:00,0.0
2025-11-23 00:00:00,0.0
2025-11-23 01:00:00,0.0
2025-11-23 02:00:00,0.0
2025-11-23 03:00:00,0.0
2025-11-23 04:00:00,0.0
2025-11-23 05:00:00,0.0
2025-11-23 06:00:00,0.027492960000000007
2025-11-23 07:00:00,0.10973952000000001
2025-11-23 08:00:00,0.46737546239999994
2025-11-23 09:00:00,0.9344484864
2025-11-23 10:00:00,1.4159065536
2025-11-23 11:00:00,2.2237136064
2025-11-23 12:00:00,3.2065634303999997
2025-11-23 13:00:00,2.8065242304000004
2025-11-23 14:00:00,3.3716460096
2025-11-23 15:00:00,3.3127623936
2025-11-23 16:00:00,2.5949062656
2025-11-23 17:00:00,1.6337857536
2025-11-23 18:00:00,0.9740085696
2025-11-23 19:00:00,0.22773864960000004
2025-11-23 20:00:00,0.0054588864
2025-11-23 21:00:00,0.0
2025-11-23 22:00:00,0.0
2025-11-23 23:00:00,0.0
2025-11-24 00:00:00,0.0
2025-11-24 01:00:00,0.0
2025-11-24 02:00:00,0.0
2025-11-24 03:00:00,0.0
2025-11-24 04:00:00,0.0
2025-11-24 05:00:00,0.0
2025-11-24 06:00:00,0.19112016
2025-11-24 07:00:00,0.7987725504
2025-11-24 08:00:00,1.5858254016
2025-11-24 09:00:00,2.5174769664
2025-11-24 10:00:00,3.199678310400001
2025-11-24 11:00:00,4.354083782400001
2025-11-24 12:00:00,4.6508261184
2025-11-24 13:00:00,4.3955148864
2025-11-24 14:00:00,3.8261716416
2025-11-24 15:00:00,2.9522809536
2025-11-24 16:00:00,2.5886471424
2025-11-24 17:00:00,1.8965259455999999
2025-11-24 18:00:00,1.3393283904
2025-11-24 19:00:00,0.42240000000000005
2025-11-24 20:00:00,0.010743321600000001
2025-11-24 21:00:00,0.0
2025-11-24 22:00:00,0.0
2025-11-24 23:00:00,0.0
2025-11-25 00:00:00,0.0
2025-11-25 01:00:00,0.0
2025-11-25 02:00:00,0.0
2025-11-25 03:00:00,0.0
2025-11-25 04:00:00,0.0
2025-11-25 05:00:00,0.0
2025-11-25 06:00:00,0.37595712
2025-11-25 07:00:00,1.3736982336
2025-11-25 08:00:00,2.4401716416
2025-11-25 09:00:00,3.3882704063999993
2025-11-25 10:00:00,4.13148912
2025-11-25 11:00:00,4.4090382336
2025-11-25 12:00:00,4.0860289536
2025-11-25 13:00:00,4.6619553024
2025-11-25 14:00:00,4.5170427455999995
2025-11-25 15:00:00,4.0998095424
2025-11-25 16:00:00,3.3224615424
2025-11-25 17:00:00,2.56529328
2025-11-25 18:00:00,1.5671107584
2025-11-25 19:00:00,0.5598331200000001
2025-11-25 20:00:00,0.0163094976
2025-11-25 21:00:00,0.0
2025-11-25 22:00:00,0.0
2025-11-25 23:00:00,0.0
2025-11-26 00:00:00,0.0
2025-11-26 01:00:00,0.0
2025-11-26 02:00:00,0.0
2025-11-26 03:00:00,0.0
2025-11-26 04:00:00,0.0
2025-11-26 05:00:00,0.0
2025-11-26 06:00:00,0.3593804544
2025-11-26 07:00:00,1.2305458176
2025-11-26 08:00:00,2.0624372735999996
2025-11-26 09:00:00,2.6750186495999997
2025-11-26 10:00:00,3.0000565056
2025-11-26 11:00:00,2.4169489343999997
2025-11-26 12:00:00,3.9587767296000003
2025-11-26 13:00:00,3.2553252864
2025-11-26 14:00:00,3.73949136
2025-11-26 15:00:00,3.5175767615999995
2025-11-26 16:00:00,2.0427264
2025-11-26 17:00:00,1.6504012800000003
2025-11-26 18:00:00,0.81823632
2025-11-26 19:00:00,0.5083214400000001
2025-11-26 20:00:00,0.0163665216
2025-11-26 21:00:00,0.0
2025-11-26 22:00:00,0.0
2025-11-26 23:00:00,0.0
2025-11-27 00:00:00,0.0
2025-11-27 01:00:00,0.0
2025-11-27 02:00:00,0.0
2025-11-27 03:00:00,0.0
2025-11-27 04:00:00,0.0
2025-11-27 05:00:00,0.0
2025-11-27 06:00:00,0.1706658624
2025-11-27 07:00:00,0.7492167936000002
2025-11-27 08:00:00,1.3761893375999998
2025-11-27 09:00:00,1.5379372799999997
2025-11-27 10:00:00,1.6480787136
2025-11-27 11:00:00,2.6236007424
2025-11-27 12:00:00,2.4745611264
2025-11-27 13:00:00,2.3877433536
2025-11-27 14:00:00,2.4711719999999997
2025-11-27 15:00:00,2.1904403135999995
2025-11-27 16:00:00,1.5051902976
2025-11-27 17:00:00,1.4856044543999998
2025-11-27 18:00:00,0.9568627199999999
2025-11-27 19:00:00,0.2876867136
2025-11-27 20:00:00,0.0109798656
2025-11-27 21:00:00,0.0
2025-11-27 22:00:00,0.0
2025-11-27 23:00:00,0.0
2025-11-28 00:00:00,0.0
2025-11-28 01:00:00,0.0
2025-11-28 02:00:00,0.0
2025-11-28 03:00:00,0.0
2025-11-28 04:00:00,0.0
2025-11-28 05:00:00,0.0
2025-11-28 06:00:00,0.3818510784
2025-11-28 07:00:00,1.4133233664
2025-11-28 08:00:00,2.4952568256
2025-11-28 09:00:00,3.4414940736000004
2025-11-28 10:00:00,4.0868473536000005
2025-11-28 11:00:00,4.5823954176
2025-11-28 12:00:00,4.693566239999999
2025-11-28 13:00:00,4.7858918976
2025-11-28 14:00:00,4.130229734399999
2025-11-28 15:00:00,2.43224784
2025-11-28 16:00:00,1.01703888
2025-11-28 17:00:00,0.8907782400000003
2025-11-28 18:00:00,0.48388179839999995
2025-11-28 19:00:00,0.11905935360000001
2025-11-28 20:00:00,0.0054631104
2025-11-28 21:00:00,0.0
2025-11-28 22:00:00,0.0
2025-11-28 23:00:00,0.0
2025-11-29 00:00:00,0.0
2025-11-29 01:00:00,0.0
2025-11-29 02:00:00,0.0
2025-11-29 03:00:00,0.0
2025-11-29 04:00:00,0.0
2025-11-29 05:00:00,0.0
2025-11-29 06:00:00,0.0771369984
2025-11-29 07:00:00,0.32871168
2025-11-29 08:00:00,1.1104036415999998
2025-11-29 09:00:00,1.3636829183999999
2025-11-29 10:00:00,1.4758250495999998
2025-11-29 11:00:00,3.2875070976000003
2025-11-29 12:00:00,4.2145798464
2025-11-29 13:00:00,3.3525746496
2025-11-29 14:00:00,3.9492281664000006
2025-11-29 15:00:00,3.3996678144
2025-11-29 16:00:00,2.4980719103999998
2025-11-29 17:00:00,1.6929792000000001
2025-11-29 18:00:00,0.5821121856
2025-11-29 19:00:00,0.11561235840000002
2025-11-29 20:00:00,0.0110474496
2025-11-29 21:00:00,0.0
2025-11-29 22:00:00,0.0
2025-11-29 23:00:00,0.0
2025-11-30 00:00:00,0.0
2025-11-30 01:00:00,0.0
2025-11-30 02:00:00,0.0
2025-11-30 03:00:00,0.0
2025-11-30 04:00:00,0.0
2025-11-30 05:00:00,0.0
2025-11-30 06:00:00,0.2599624896
2025-11-30 07:00:00,1.1054697983999997
2025-11-30 08:00:00,1.9656969023999997
2025-11-30 09:00:00,2.5743959999999997
2025-11-30 10:00:00,3.40600128
2025-11-30 11:00:00,3.8599604736000006
2025-11-30 12:00:00,3.4467840000000005
2025-11-30 13:00:00,2.6750556096
2025-11-30 14:00:00,3.7253044224
2025-11-30 15:00:00,3.5476558656000003
2025-11-30 16:00:00,3.0782638656000003
2025-11-30 17:00:00,2.0401176576
2025-11-30 18:00:00,0.9264685055999998
2025-11-30 19:00:00,0.4963742784
2025-11-30 20:00:00,0.0222081024
2025-11-30 21:00:00,0.0
2025-11-30 22:00:00,0.0
2025-11-30 23:00:00,0.0
2025-12-01 00:00:00,0.0
2025-12-01 01:00:00,0.0
2025-12-01 02:00:00,0.0
2025-12-01 03:00:00,0.0
2025-12-01 04:00:00,0.0
2025-12-01 05:00:00,0.0
2025-12-01 06:00:00,0.3378876864
2025-12-01 07:00:00,1.4326819584000003
2025-12-01 08:00:00,2.0834820863999997
2025-12-01 09:00:00,3.01652208
2025-12-01 10:00:00,3.6771888384
2025-12-01 11:00:00,3.4274744064000005
2025-12-01 12:00:00,2.9697490944
2025-12-01 13:00:00,3.5470296575999996
2025-12-01 14:00:00,2.8650638016000003
2025-12-01 15:00:00,3.1722508223999997
2025-12-01 16:00:00,2.2129816896
2025-12-01 17:00:00,1.9655798975999998
2025-12-01 18:00:00,1.31248656
2025-12-01 19:00:00,0.4442226624
2025-12-01 20:00:00,0.022174310399999998
2025-12-01 21:00:00,0.0
2025-12-01 22:00:00,0.0
2025-12-01 23:00:00,0.0
2025-12-02 00:00:00,0.0
2025-12-02 01:00:00,0.0
2025-12-02 02:00:00,0.0
2025-12-02 03:00:00,0.0
2025-12-02 04:00:00,0.0
2025-12-02 05:00:00,0.0
2025-12-02 06:00:00,0.1778405376
2025-12-02 07:00:00,0.8788807103999999
2025-12-02 08:00:00,1.5386443776
2025-12-02 09:00:00,2.3868996096000004
2025-12-02 10:00:00,2.7123281856
2025-12-02 11:00:00,3.0454463424
2025-12-02 12:00:00,2.3928858624
2025-12-02 13:00:00,3.2981484096
2025-12-02 14:00:00,2.4999591935999996
2025-12-02 15:00:00,1.5047645183999998
2025-12-02 16:00:00,1.3808146176000002
2025-12-02 17:00:00,1.7851021056000003
2025-12-02 18:00:00,1.1826678336
2025-12-02 19:00:00,0.24468048
2025-12-02 20:00:00,0.027503520000000004
2025-12-02 21:00:00,0.0
2025-12-02 22:00:00,0.0
2025-12-02 23:00:00,0.0
2025-12-03 00:00:00,0.0
2025-12-03 01:00:00,0.0
2025-12-03 02:00:00,0.0
2025-12-03 03:00:00,0.0
2025-12-03 04:00:00,0.0
2025-12-03 05:00:00,0.0
2025-12-03 06:00:00,0.40241477760000005
2025-12-03 07:00:00,1.4055174143999998
2025-12-03 08:00:00,2.4603955199999996
2025-12-03 09:00:00,3.3873168384000003
2025-12-03 10:00:00,4.1157226175999995
2025-12-03 11:00:00,4.596684153599999
2025-12-03 12:00:00,4.8461789375999995
2025-12-03 13:00:00,4.8501421056
2025-12-03 14:00:00,4.6124660736
2025-12-03 15:00:00,4.1486867136
2025-12-03 16:00:00,3.4756070975999998
2025-12-03 17:00:00,2.6387592000000004
2025-12-03 18:00:00,1.6571782655999998
2025-12-03 19:00:00,0.6600523776
2025-12-03 20:00:00,0.0370620096
2025-12-03 21:00:00,0.0
2025-12-03 22:00:00,0.0
2025-12-03 23:00:00,0.0
2025-12-04 00:00:00,0.0
2025-12-04 01:00:00,0.0
2025-12-04 02:00:00,0.0
2025-12-04 03:00:00,0.0
2025-12-04 04:00:00,0.0
2025-12-04 05:00:00,0.0
2025-12-04 06:00:00,0.24561968639999998
2025-12-04 07:00:00,0.7962679295999999
2025-12-04 08:00:00,1.7544198143999998
2025-12-04 09:00:00,2.6790652416000005
2025-12-04 10:00:00,3.3401009663999996
2025-12-04 11:00:00,3.3625010496
2025-12-04 12:00:00,4.0619299776
2025-12-04 13:00:00,4.483090022400001
2025-12-04 14:00:00,4.1934376704
2025-12-04 15:00:00,2.9631174144
2025-12-04 16:00:00,1.9379948543999999
2025-12-04 17:00:00,2.4944181504
2025-12-04 18:00:00,1.5801967104
2025-12-04 19:00:00,0.5970564864
2025-12-04 20:00:00,0.0380525376
2025-12-04 21:00:00,0.0
2025-12-04 22:00:00,0.0
2025-12-04 23:00:00,0.0
2025-12-05 00:00:00,0.0
2025-12-05 01:00:00,0.0
2025-12-05 02:00:00,0.0
2025-12-05 03:00:00,0.0
2025-12-05 04:00:00,0.0
2025-12-05 05:00:00,0.0
2025-12-05 06:00:00,0.33428039039999996
2025-12-05 07:00:00,1.2767097023999998
2025-12-05 08:00:00,2.2746212544
2025-12-05 09:00:00,3.1168944575999995
2025-12-05 10:00:00,3.8796696576
2025-12-05 11:00:00,4.2743441664
2025-12-05 12:00:00,4.1265717504
2025-12-05 13:00:00,4.4726780736
2025-12-05 14:00:00,4.0628824896
2025-12-05 15:00:00,3.8701329215999998
2025-12-05 16:00:00,3.3723250176
2025-12-05 17:00:00,2.5215892416
2025-12-05 18:00:00,1.6424743104
2025-12-05 19:00:00,0.5401541376
2025-12-05 20:00:00,0.043297689599999994
2025-12-05 21:00:00,0.0
2025-12-05 22:00:00,0.0
2025-12-05 23:00:00,0.0
2025-12-06 00:00:00,0.0
2025-12-06 01:00:00,0.0
2025-12-06 02:00:00,0.0
2025-12-06 03:00:00,0.0
2025-12-06 04:00:00,0.0
2025-12-06 05:00:00,0.0
2025-12-06 06:00:00,0.2841586176
2025-12-06 07:00:00,0.9378599999999998
2025-12-06 08:00:00,1.7161315776000001
2025-12-06 09:00:00,2.1440924735999998
2025-12-06 10:00:00,2.2734176256
2025-12-06 11:00:00,1.962972
2025-12-06 12:00:00,2.7513199296
2025-12-06 13:00:00,2.1592084799999998
2025-12-06 14:00:00,1.7083359744000002
2025-12-06 15:00:00,1.7557714944
2025-12-06 16:00:00,0.8919531456000002
2025-12-06 17:00:00,1.3704191423999998
2025-12-06 18:00:00,0.9102734784
2025-12-06 19:00:00,0.17014208639999998
2025-12-06 20:00:00,0.0330891264
2025-12-06 21:00:00,0.0
2025-12-06 22:00:00,0.0
2025-12-06 23:00:00,0.0
2025-12-07 00:00:00,0.0
2025-12-07 01:00:00,0.0
2025-12-07 02:00:00,0.0
2025-12-07 03:00:00,0.0
2025-12-07 04:00:00,0.0
2025-12-07 05:00:00,0.0
2025-12-07 06:00:00,0.3950785343999999
2025-12-07 07:00:00,1.2627675456000003
2025-12-07 08:00:00,2.3994744576
2025-12-07 09:00:00,3.3439386815999996
2025-12-07 10:00:00,4.1425257984
2025-12-07 11:00:00,4.3087351296000005
2025-12-07 12:00:00,4.4463108096
2025-12-07 13:00:00,4.7295131136
2025-12-07 14:00:00,4.7024518464
2025-12-07 15:00:00,4.307704262400001
2025-12-07 16:00:00,3.6301003200000004
2025-12-07 17:00:00,2.6518669056
2025-12-07 18:00:00,1.7315037695999997
2025-12-07 19:00:00,0.7466314944
2025-12-07 20:00:00,0.0497686464
2025-12-07 21:00:00,0.0
2025-12-07 22:00:00,0.0
2025-12-07 23:00:00,0.0
2025-12-08 00:00:00,0.0
2025-12-08 01:00:00,0.0
2025-12-08 02:00:00,0.0
2025-12-08 03:00:00,0.0
2025-12-08 04:00:00,0.0
2025-12-08 05:00:00,0.0
2025-12-08 06:00:00,0.35617296000000004
2025-12-08 07:00:00,1.2897198336
2025-12-08 08:00:00,2.1572491776000002
2025-12-08 09:00:00,3.0719023104
2025-12-08 10:00:00,3.7299879936
2025-12-08 11:00:00,4.17990144
2025-12-08 12:00:00,4.198395801599999
2025-12-08 13:00:00,4.4443517184
2025-12-08 14:00:00,3.5430489599999997
2025-12-08 15:00:00,3.3356150784
2025-12-08 16:00:00,2.93182032
2025-12-08 17:00:00,2.3465992704
2025-12-08 18:00:00,1.5307909056
2025-12-08 19:00:00,0.5628496896
2025-12-08 20:00:00,0.0426556416
2025-12-08 21:00:00,0.0
2025-12-08 22:00:00,0.0
2025-12-08 23:00:00,0.0
2025-12-09 00:00:00,0.0
2025-12-09 01:00:00,0.0
2025-12-09 02:00:00,0.0
2025-12-09 03:00:00,0.0
2025-12-09 04:00:00,0.0
2025-12-09 05:00:00,0.0
2025-12-09 06:00:00,0.32516352
2025-12-09 07:00:00,1.0432418304000002
2025-12-09 08:00:00,1.5921506304
2025-12-09 09:00:00,1.9059032256
2025-12-09 10:00:00,2.0475569663999997
2025-12-09 11:00:00,3.1013742144000003
2025-12-09 12:00:00,4.5715828224
2025-12-09 13:00:00,4.778519961600001
2025-12-09 14:00:00,4.8315058176
2025-12-09 15:00:00,4.4042144256
2025-12-09 16:00:00,3.7226654783999993
2025-12-09 17:00:00,2.848956
2025-12-09 18:00:00,1.8014498304
2025-12-09 19:00:00,0.7683589056
2025-12-09 20:00:00,0.060396230399999994
2025-12-09 21:00:00,0.0
2025-12-09 22:00:00,0.0
2025-12-09 23:00:00,0.0
2025-12-10 00:00:00,0.0
2025-12-10 01:00:00,0.0
2025-12-10 02:00:00,0.0
2025-12-10 03:00:00,0.0
2025-12-10 04:00:00,0.0
2025-12-10 05:00:00,0.0
2025-12-10 06:00:00,0.3969478656
2025-12-10 07:00:00,1.3723336704
2025-12-10 08:00:00,2.3101294656
2025-12-10 09:00:00,1.5916031999999998
2025-12-10 10:00:00,1.7129112000000002
2025-12-10 11:00:00,1.9167546816
2025-12-10 12:00:00,1.9071258624
2025-12-10 13:00:00,2.6060215103999997
2025-12-10 14:00:00,2.6621386176
2025-12-10 15:00:00,1.9859205696000002
2025-12-10 16:00:00,2.4900021696000003
2025-12-10 17:00:00,2.0549914176
2025-12-10 18:00:00,1.2300558336
2025-12-10 19:00:00,0.6107445696000001
2025-12-10 20:00:00,0.055038720000000006
2025-12-10 21:00:00,0.0
2025-12-10 22:00:00,0.0
2025-12-10 23:00:00,0.0
2025-12-11 00:00:00,0.0
2025-12-11 01:00:00,0.0
2025-12-11 02:00:00,0.0
2025-12-11 03:00:00,0.0
2025-12-11 04:00:00,0.0
2025-12-11 05:00:00,0.0
2025-12-11 06:00:00,0.29878295039999997
2025-12-11 07:00:00,1.00161072
2025-12-11 08:00:00,1.6644190464
2025-12-11 09:00:00,2.8239799104000003
2025-12-11 10:00:00,4.0738553856
2025-12-11 11:00:00,4.700488953599999
2025-12-11 12:00:00,5.01476976
2025-12-11 13:00:00,5.0115675456
2025-12-11 14:00:00,4.8245243904
2025-12-11 15:00:00,4.2668736
2025-12-11 16:00:00,3.5932856256
2025-12-11 17:00:00,2.7996762816000005
2025-12-11 18:00:00,1.7791217663999996
2025-12-11 19:00:00,0.7404665664000001
2025-12-11 20:00:00,0.07072940159999999
2025-12-11 21:00:00,0.0
2025-12-11 22:00:00,0.0
2025-12-11 23:00:00,0.0
2025-12-12 00:00:00,0.0
2025-12-12 01:00:00,0.0
2025-12-12 02:00:00,0.0
2025-12-12 03:00:00,0.0
2025-12-12 04:00:00,0.0
2025-12-12 05:00:00,0.0
2025-12-12 06:00:00,0.38187072
2025-12-12 07:00:00,1.34020656
2025-12-12 08:00:00,2.3571679296
2025-12-12 09:00:00,3.2614617024000006
2025-12-12 10:00:00,3.9805556736
2025-12-12 11:00:00,4.47013248
2025-12-12 12:00:00,4.700330342400001
2025-12-12 13:00:00,4.6878283584
2025-12-12 14:00:00,4.0861512384
2025-12-12 15:00:00,3.7591523903999997
2025-12-12 16:00:00,3.0472586496
2025-12-12 17:00:00,2.10057408
2025-12-12 18:00:00,1.1951149055999999
2025-12-12 19:00:00,0.3726176256
2025-12-12 20:00:00,0.05288448000000001
2025-12-12 21:00:00,0.0
2025-12-12 22:00:00,0.0
2025-12-12 23:00:00,0.0
2025-12-13 00:00:00,0.0
2025-12-13 01:00:00,0.0
2025-12-13 02:00:00,0.0
2025-12-13 03:00:00,0.0
2025-12-13 04:00:00,0.0
2025-12-13 05:00:00,0.0
2025-12-13 06:00:00,0.2550214656
2025-12-13 07:00:00,1.0844461055999999
2025-12-13 08:00:00,1.6670252544000002
2025-12-13 09:00:00,2.54415744
2025-12-13 10:00:00,2.5552099584
2025-12-13 11:00:00,2.5147989504000003
2025-12-13 12:00:00,3.1282071744
2025-12-13 13:00:00,3.6290798016
2025-12-13 14:00:00,3.7101911615999996
2025-12-13 15:00:00,2.9417091264
2025-12-13 16:00:00,3.2870223936000005
2025-12-13 17:00:00,2.2078651584
2025-12-13 18:00:00,1.6325743104
2025-12-13 19:00:00,0.7480704000000001
2025-12-13 20:00:00,0.0490843584
2025-12-13 21:00:00,0.0
2025-12-13 22:00:00,0.0
2025-12-13 23:00:00,0.0
2025-12-14 00:00:00,0.0
2025-12-14 01:00:00,0.0
2025-12-14 02:00:00,0.0
2025-12-14 03:00:00,0.0
2025-12-14 04:00:00,0.0
2025-12-14 05:00:00,0.0
2025-12-14 06:00:00,0.3717643776
2025-12-14 07:00:00,1.2601357824000001
2025-12-14 08:00:00,2.0616991296
2025-12-14 09:00:00,2.9018087999999995
2025-12-14 10:00:00,2.1125294784
2025-12-14 11:00:00,2.202288
2025-12-14 12:00:00,3.1565451455999995
2025-12-14 13:00:00,2.4643390463999997
2025-12-14 14:00:00,2.5333076736
2025-12-14 15:00:00,1.8772613376
2025-12-14 16:00:00,2.2296326975999996
2025-12-14 17:00:00,1.7901043776
2025-12-14 18:00:00,1.4778086400000001
2025-12-14 19:00:00,0.4076424
2025-12-14 20:00:00,0.055059840000000006
2025-12-14 21:00:00,0.0
2025-12-14 22:00:00,0.0
2025-12-14 23:00:00,0.0
2025-12-15 00:00:00,0.0
2025-12-15 01:00:00,0.0
2025-12-15 02:00:00,0.0
2025-12-15 03:00:00,0.0
2025-12-15 04:00:00,0.0
2025-12-15 05:00:00,0.0
2025-12-15 06:00:00,0.23270607360000004
2025-12-15 07:00:00,0.8811576576
2025-12-15 08:00:00,1.9621172736
2025-12-15 09:00:00,2.6755255296000002
2025-12-15 10:00:00,2.3997447936
2025-12-15 11:00:00,2.8895015423999997
2025-12-15 12:00:00,3.1540466496
2025-12-15 13:00:00,3.2258723903999997
2025-12-15 14:00:00,3.3525746496
2025-12-15 15:00:00,3.5160033215999995
2025-12-15 16:00:00,2.7000849216000002
2025-12-15 17:00:00,2.3439837696000003
2025-12-15 18:00:00,1.4769993216000001
2025-12-15 19:00:00,0.5341222656000001
2025-12-15 20:00:00,0.0607214784
2025-12-15 21:00:00,0.0
2025-12-15 22:00:00,0.0
2025-12-15 23:00:00,0.0
2025-12-16 00:00:00,0.0
2025-12-16 01:00:00,0.0
2025-12-16 02:00:00,0.0
2025-12-16 03:00:00,0.0
2025-12-16 04:00:00,0.0
2025-12-16 05:00:00,0.0
2025-12-16 06:00:00,0.24724656
2025-12-16 07:00:00,0.7693737215999998
2025-12-16 08:00:00,1.5455145023999999
2025-12-16 09:00:00,2.51112048
2025-12-16 10:00:00,3.6599625216000002
2025-12-16 11:00:00,4.3498692864
2025-12-16 12:00:00,5.04850896
2025-12-16 13:00:00,5.0951317824
2025-12-16 14:00:00,4.8853195776
2025-12-16 15:00:00,4.4586432
2025-12-16 16:00:00,3.7993257984000004
2025-12-16 17:00:00,2.9306076095999996
2025-12-16 18:00:00,1.9127047104000001
2025-12-16 19:00:00,0.8559513600000002
2025-12-16 20:00:00,0.0876294144
2025-12-16 21:00:00,0.0
2025-12-16 22:00:00,0.0
2025-12-16 23:00:00,0.0
2025-12-17 00:00:00,0.0
2025-12-17 01:00:00,0.0
2025-12-17 02:00:00,0.0
2025-12-17 03:00:00,0.0
2025-12-17 04:00:00,0.0
2025-12-17 05:00:00,0.0
2025-12-17 06:00:00,0.37492392960000004
2025-12-17 07:00:00,1.3295040000000002
2025-12-17 08:00:00,2.4050119103999994
2025-12-17 09:00:00,3.3097219584
2025-12-17 10:00:00,4.0015098816
2025-12-17 11:00:00,4.4913792
2025-12-17 12:00:00,4.7378174976
2025-12-17 13:00:00,4.761299558400001
2025-12-17 14:00:00,4.5585355199999995
2025-12-17 15:00:00,4.115956838400001
2025-12-17 16:00:00,3.5136129599999997
2025-12-17 17:00:00,2.7548663999999996
2025-12-17 18:00:00,1.7914864704
2025-12-17 19:00:00,0.8020007424
2025-12-17 20:00:00,0.08512880639999999
2025-12-17 21:00:00,0.0
2025-12-17 22:00:00,0.0
2025-12-17 23:00:00,0.0
2025-12-18 00:00:00,0.0
2025-12-18 01:00:00,0.0
2025-12-18 02:00:00,0.0
2025-12-18 03:00:00,0.0
2025-12-18 04:00:00,0.0
2025-12-18 05:00:00,0.0
2025-12-18 06:00:00,0.3665942016
2025-12-18 07:00:00,1.3286809536
2025-12-18 08:00:00,2.3393424384
2025-12-18 09:00:00,3.2226315264000003
2025-12-18 10:00:00,3.9079567295999995
2025-12-18 11:00:00,4.377464889600001
2025-12-18 12:00:00,4.6526859456
2025-12-18 13:00:00,4.7115788544
2025-12-18 14:00:00,4.570611513599999
2025-12-18 15:00:00,4.2072195264
2025-12-18 16:00:00,3.5965410624
2025-12-18 17:00:00,2.7826311743999996
2025-12-18 18:00:00,1.8317095104
2025-12-18 19:00:00,0.8334782016000001
2025-12-18 20:00:00,0.0947206656
2025-12-18 21:00:00,0.0
2025-12-18 22:00:00,0.0
2025-12-18 23:00:00,0.0
2025-12-19 00:00:00,0.0
2025-12-19 01:00:00,0.0
2025-12-19 02:00:00,0.0
2025-12-19 03:00:00,0.0
2025-12-19 04:00:00,0.0
2025-12-19 05:00:00,0.0
2025-12-19 06:00:00,0.19153981439999998
2025-12-19 07:00:00,0.7936997376
2025-12-19 08:00:00,1.1563227456
2025-12-19 09:00:00,1.1426184
2025-12-19 10:00:00,1.0954082304
2025-12-19 11:00:00,2.0044639296
2025-12-19 12:00:00,2.5487778624
2025-12-19 13:00:00,2.8130515776
2025-12-19 14:00:00,2.3505140736
2025-12-19 15:00:00,2.5911705600000006
2025-12-19 16:00:00,2.0776814783999997
2025-12-19 17:00:00,1.06710912
2025-12-19 18:00:00,0.8094130176
2025-12-19 19:00:00,0.2544045504
2025-12-19 20:00:00,0.026236320000000004
2025-12-19 21:00:00,0.0
2025-12-19 22:00:00,0.0
2025-12-19 23:00:00,0.0
2025-12-20 00:00:00,0.0
2025-12-20 01:00:00,0.0
2025-12-20 02:00:00,0.0
2025-12-20 03:00:00,0.0
2025-12-20 04:00:00,0.0
2025-12-20 05:00:00,0.0
2025-12-20 06:00:00,0.0982561536
2025-12-20 07:00:00,0.37427322240000005
2025-12-20 08:00:00,0.7174364736000002
2025-12-20 09:00:00,1.1707971264
2025-12-20 10:00:00,1.76561616
2025-12-20 11:00:00,2.0452540416000002
2025-12-20 12:00:00,2.6742889536
2025-12-20 13:00:00,3.9732563904
2025-12-20 14:00:00,4.1745743424
2025-12-20 15:00:00,4.392251001600001
2025-12-20 16:00:00,3.7648835136
2025-12-20 17:00:00,2.9192300544000003
2025-12-20 18:00:00,1.9246155455999998
2025-12-20 19:00:00,0.87973776
2025-12-20 20:00:00,0.1038231744
2025-12-20 21:00:00,0.0
2025-12-20 22:00:00,0.0
2025-12-20 23:00:00,0.0
2025-12-21 00:00:00,0.0
2025-12-21 01:00:00,0.0
2025-12-21 02:00:00,0.0
2025-12-21 03:00:00,0.0
2025-12-21 04:00:00,0.0
2025-12-21 05:00:00,0.0
2025-12-21 06:00:00,0.20363544959999996
2025-12-21 07:00:00,0.7435851456
2025-12-21 08:00:00,1.2110360064
2025-12-21 09:00:00,2.47965696
2025-12-21 10:00:00,2.05681872
2025-12-21 11:00:00,2.3947359744000005
2025-12-21 12:00:00,2.6584392384
2025-12-21 13:00:00,0.7572364800000001
2025-12-21 14:00:00,0.6439777344000001
2025-12-21 15:00:00,0.5956684800000001
2025-12-21 16:00:00,1.1859646656
2025-12-21 17:00:00,0.42149352959999997
2025-12-21 18:00:00,0.45894288000000005
2025-12-21 19:00:00,0.34897674240000004
2025-12-21 20:00:00,0.032962406400000005
2025-12-21 21:00:00,0.0
2025-12-21 22:00:00,0.0
2025-12-21 23:00:00,0.0
2025-12-22 00:00:00,0.0
2025-12-22 01:00:00,0.0
2025-12-22 02:00:00,0.0
2025-12-22 03:00:00,0.0
2025-12-22 04:00:00,0.0
2025-12-22 05:00:00,0.0
2025-12-22 06:00:00,0.2763552
2025-12-22 07:00:00,1.0971782976000002
2025-12-22 08:00:00,2.1094037184000003
2025-12-22 09:00:00,2.3366762496
2025-12-22 10:00:00,2.4409017600000005
2025-12-22 11:00:00,2.8669132800000003
2025-12-22 12:00:00,2.74062096
2025-12-22 13:00:00,3.6835216704000002
2025-12-22 14:00:00,3.5373945024
2025-12-22 15:00:00,3.0264976896
2025-12-22 16:00:00,3.0373922304
2025-12-22 17:00:00,1.5580703424
2025-12-22 18:00:00,1.5037826495999997
2025-12-22 19:00:00,0.8126401535999999
2025-12-22 20:00:00,0.08752803840000001
2025-12-22 21:00:00,0.0
2025-12-22 22:00:00,0.0
2025-12-22 23:00:00,0.0
2025-12-23 00:00:00,0.0
2025-12-23 01:00:00,0.0
2025-12-23 02:00:00,0.0
2025-12-23 03:00:00,0.0
2025-12-23 04:00:00,0.0
2025-12-23 05:00:00,0.0
2025-12-23 06:00:00,0.08820387839999999
2025-12-23 07:00:00,0.5442624
2025-12-23 08:00:00,1.5487904255999998
2025-12-23 09:00:00,2.9191658495999997
2025-12-23 10:00:00,3.5645347584000002
2025-12-23 11:00:00,4.1494542143999995
2025-12-23 12:00:00,4.4678701056
2025-12-23 13:00:00,4.46453568
2025-12-23 14:00:00,4.712726937599999
2025-12-23 15:00:00,4.475943014400001
2025-12-23 16:00:00,3.7647456
2025-12-23 17:00:00,2.9683511616000002
2025-12-23 18:00:00,1.9500155136
2025-12-23 19:00:00,0.8947040256000001
2025-12-23 20:00:00,0.11454791040000001
2025-12-23 21:00:00,0.0
2025-12-23 22:00:00,0.0
2025-12-23 23:00:00,0.0
2025-12-24 00:00:00,0.0
2025-12-24 01:00:00,0.0
2025-12-24 02:00:00,0.0
2025-12-24 03:00:00,0.0
2025-12-24 04:00:00,0.0
2025-12-24 05:00:00,0.0
2025-12-24 06:00:00,0.29149253759999993
2025-12-24 07:00:00,1.2077208
2025-12-24 08:00:00,2.0776299456000005
2025-12-24 09:00:00,2.9251164095999997
2025-12-24 10:00:00,3.2616129216
2025-12-24 11:00:00,3.7336622399999997
2025-12-24 12:00:00,3.82681728
2025-12-24 13:00:00,4.0439832576
2025-12-24 14:00:00,3.6457107456
2025-12-24 15:00:00,3.8986035264000005
2025-12-24 16:00:00,3.0053776896
2025-12-24 17:00:00,2.4497400575999997
2025-12-24 18:00:00,1.4562307584
2025-12-24 19:00:00,0.4557256704
2025-12-24 20:00:00,0.07136088959999999
2025-12-24 21:00:00,0.0
2025-12-24 22:00:00,0.0
2025-12-24 23:00:00,0.0
2025-12-25 00:00:00,0.0
2025-12-25 01:00:00,0.0
2025-12-25 02:00:00,0.0
2025-12-25 03:00:00,0.0
2025-12-25 04:00:00,0.0
2025-12-25 05:00:00,0.0
2025-12-25 06:00:00,0.1714515264
2025-12-25 07:00:00,0.9276911424000001
2025-12-25 08:00:00,1.62360528
2025-12-25 09:00:00,1.6606387775999998
2025-12-25 10:00:00,2.4252459264000006
2025-12-25 11:00:00,2.4613512
2025-12-25 12:00:00,2.9689710336000004
2025-12-25 13:00:00,2.8752531456000003
2025-12-25 14:00:00,2.8705053696
2025-12-25 15:00:00,3.1647000000000003
2025-12-25 16:00:00,2.0758864895999998
2025-12-25 17:00:00,2.1860376383999998
2025-12-25 18:00:00,1.0317643776
2025-12-25 19:00:00,0.6472449983999999
2025-12-25 20:00:00,0.09384946560000001
2025-12-25 21:00:00,0.0
2025-12-25 22:00:00,0.0
2025-12-25 23:00:00,0.0
2025-12-26 00:00:00,0.0
2025-12-26 01:00:00,0.0
2025-12-26 02:00:00,0.0
2025-12-26 03:00:00,0.0
2025-12-26 04:00:00,0.0
2025-12-26 05:00:00,0.0
2025-12-26 06:00:00,0.1716479424
2025-12-26 07:00:00,0.6556492799999999
2025-12-26 08:00:00,1.2671138304
2025-12-26 09:00:00,1.3374240000000002
2025-12-26 10:00:00,1.9465670399999997
2025-12-26 11:00:00,2.4163881984000004
2025-12-26 12:00:00,3.3808995264000004
2025-12-26 13:00:00,3.5674822656
2025-12-26 14:00:00,4.190552889599999
2025-12-26 15:00:00,3.7546738944
2025-12-26 16:00:00,3.4303997376000006
2025-12-26 17:00:00,2.5621248575999997
2025-12-26 18:00:00,1.5999177216
2025-12-26 19:00:00,0.6360209856000001
2025-12-26 20:00:00,0.0938853696
2025-12-26 21:00:00,0.0
2025-12-26 22:00:00,0.0
2025-12-26 23:00:00,0.0
2025-12-27 00:00:00,0.0
2025-12-27 01:00:00,0.0
2025-12-27 02:00:00,0.0
2025-12-27 03:00:00,0.0
2025-12-27 04:00:00,0.0
2025-12-27 05:00:00,0.0
2025-12-27 06:00:00,0.25387760639999996
2025-12-27 07:00:00,1.0880618495999999
2025-12-27 08:00:00,2.1463827263999997
2025-12-27 09:00:00,3.2046734016
2025-12-27 10:00:00,4.1281549056
2025-12-27 11:00:00,4.7025690624
2025-12-27 12:00:00,5.021054438399999
2025-12-27 13:00:00,5.0877345024
2025-12-27 14:00:00,4.9121385984
2025-12-27 15:00:00,4.4912932416
2025-12-27 16:00:00,3.8452016064000003
2025-12-27 17:00:00,3.0002727744
2025-12-27 18:00:00,1.9958670336000002
2025-12-27 19:00:00,0.9382608575999999
2025-12-27 20:00:00,0.1250394816
2025-12-27 21:00:00,0.0
2025-12-27 22:00:00,0.0
2025-12-27 23:00:00,0.0
2025-12-28 00:00:00,0.0
2025-12-28 01:00:00,0.0
2025-12-28 02:00:00,0.0
2025-12-28 03:00:00,0.0
2025-12-28 04:00:00,0.0
2025-12-28 05:00:00,0.0
2025-12-28 06:00:00,0.3088318464
2025-12-28 07:00:00,1.2865790783999997
2025-12-28 08:00:00,2.3627381184
2025-12-28 09:00:00,3.3281740799999997
2025-12-28 10:00:00,4.096208793600001
2025-12-28 11:00:00,4.6188926784
2025-12-28 12:00:00,4.9100192063999994
2025-12-28 13:00:00,4.9617824256
2025-12-28 14:00:00,4.7872528704
2025-12-28 15:00:00,4.373957702399999
2025-12-28 16:00:00,3.7501438656
2025-12-28 17:00:00,2.9362139135999996
2025-12-28 18:00:00,1.9636556544
2025-12-28 19:00:00,0.9333935423999999
2025-12-28 20:00:00,0.12797706239999998
2025-12-28 21:00:00,0.0
2025-12-28 22:00:00,0.0
2025-12-28 23:00:00,0.0
2025-12-29 00:00:00,0.0
2025-12-29 01:00:00,0.0
2025-12-29 02:00:00,0.0
2025-12-29 03:00:00,0.0
2025-12-29 04:00:00,0.0
2025-12-29 05:00:00,0.0
2025-12-29 06:00:00,0.30068016000000003
2025-12-29 07:00:00,1.2478061376
2025-12-29 08:00:00,2.2828878336000002
2025-12-29 09:00:00,3.2015759424000003
2025-12-29 10:00:00,3.8926603583999997
2025-12-29 11:00:00,4.40123376
2025-12-29 12:00:00,4.644522854400001
2025-12-29 13:00:00,4.649362502399999
2025-12-29 14:00:00,4.5688103999999985
2025-12-29 15:00:00,4.236523526399999
2025-12-29 16:00:00,3.6306124799999995
2025-12-29 17:00:00,2.8421412096000003
2025-12-29 18:00:00,1.8888002496
2025-12-29 19:00:00,0.8425426944
2025-12-29 20:00:00,0.12042476159999999
2025-12-29 21:00:00,0.0
2025-12-29 22:00:00,0.0
2025-12-29 23:00:00,0.0
2025-12-30 00:00:00,0.0
2025-12-30 01:00:00,0.0
2025-12-30 02:00:00,0.0
2025-12-30 03:00:00,0.0
2025-12-30 04:00:00,0.0
2025-12-30 05:00:00,0.0
2025-12-30 06:00:00,0.21508608
2025-12-30 07:00:00,1.1066907456000001
2025-12-30 08:00:00,2.1622075200000004
2025-12-30 09:00:00,3.0129048576
2025-12-30 10:00:00,3.5533487615999997
2025-12-30 11:00:00,3.6532262976000003
2025-12-30 12:00:00,3.94648848
2025-12-30 13:00:00,3.3870143999999995
2025-12-30 14:00:00,3.0348031296
2025-12-30 15:00:00,3.1433734464000005
2025-12-30 16:00:00,2.0327921856
2025-12-30 17:00:00,1.5827321664
2025-12-30 18:00:00,1.0977736703999998
2025-12-30 19:00:00,0.3205291584
2025-12-30 20:00:00,0.0491984064
2025-12-30 21:00:00,0.0
2025-12-30 22:00:00,0.0
2025-12-30 23:00:00,0.0
2025-12-31 00:00:00,0.0
2025-12-31 01:00:00,0.0
2025-12-31 02:00:00,0.0
2025-12-31 03:00:00,0.0
2025-12-31 04:00:00,0.0
2025-12-31 05:00:00,0.0
2025-12-31 06:00:00,0.1543213056
2025-12-31 07:00:00,0.6684296256
2025-12-31 08:00:00,1.6114120703999997
2025-12-31 09:00:00,2.4379238400000003
2025-12-31 10:00:00,3.3296222784000005
2025-12-31 11:00:00,3.8635358784000005
2025-12-31 12:00:00,4.7063875583999994
2025-12-31 13:00:00,4.8131398656
2025-12-31 14:00:00,4.790175033600001
2025-12-31 15:00:00,4.1448264
2025-12-31 16:00:00,3.458321222399999
2025-12-31 17:00:00,2.7181116864
2025-12-31 18:00:00,1.5585345599999998
2025-12-31 19:00:00,0.49924469759999995
2025-12-31 20:00:00,0.0493694784
2025-12-31 21:00:00,0.0
2025-12-31 22:00:00,0.0
2025-12-31 23:00:00,0.0
2026-01-01 00:00:00,0.0
2026-01-01 01:00:00,0.0
2026-01-01 02:00:00,0.0
2026-01-01 03:00:00,0.0
2026-01-01 04:00:00,0.0
2026-01-01 05:00:00,0.0
2026-01-01 06:00:00,0.20324472959999998
2026-01-01 07:00:00,0.8933785343999999
2026-01-01 08:00:00,1.8852656063999997
2026-01-01 09:00:00,2.6760888000000005
2026-01-01 10:00:00,3.8212770816000003
2026-01-01 11:00:00,4.5094139904
2026-01-01 12:00:00,4.9176300096
2026-01-01 13:00:00,5.00780544
2026-01-01 14:00:00,4.8970802496
2026-01-01 15:00:00,4.4889223104
2026-01-01 16:00:00,3.8629426176
2026-01-01 17:00:00,2.9910465023999997
2026-01-01 18:00:00,1.9966662144000002
2026-01-01 19:00:00,0.9434943936
2026-01-01 20:00:00,0.1309676544
2026-01-01 21:00:00,0.0
2026-01-01 22:00:00,0.0
2026-01-01 23:00:00,0.0
2026-01-02 00:00:00,0.0
2026-01-02 01:00:00,0.0
2026-01-02 02:00:00,0.0
2026-01-02 03:00:00,0.0
2026-01-02 04:00:00,0.0
2026-01-02 05:00:00,0.0
2026-01-02 06:00:00,0.19800253439999999
2026-01-02 07:00:00,0.8388599999999999
2026-01-02 08:00:00,1.6899309504
2026-01-02 09:00:00,2.8503503424000005
2026-01-02 10:00:00,3.8901375744
2026-01-02 11:00:00,4.5144
2026-01-02 12:00:00,4.7995132416
2026-01-02 13:00:00,4.832761190399999
2026-01-02 14:00:00,4.701859430400001
2026-01-02 15:00:00,4.3120214016
2026-01-02 16:00:00,3.6832547136
2026-01-02 17:00:00,2.9137306176
2026-01-02 18:00:00,1.9276800576
2026-01-02 19:00:00,0.9097704
2026-01-02 20:00:00,0.1286866944
2026-01-02 21:00:00,0.0
2026-01-02 22:00:00,0.0
2026-01-02 23:00:00,0.0
2026-01-03 00:00:00,0.0
2026-01-03 01:00:00,0.0
2026-01-03 02:00:00,0.0
2026-01-03 03:00:00,0.0
2026-01-03 04:00:00,0.0
2026-01-03 05:00:00,0.0
2026-01-03 06:00:00,0.2396427264
2026-01-03 07:00:00,1.1043648
2026-01-03 08:00:00,2.0224512
2026-01-03 09:00:00,2.9032255296000002
2026-01-03 10:00:00,3.5516093183999997
2026-01-03 11:00:00,3.8734010303999997
2026-01-03 12:00:00,3.8729839103999995
2026-01-03 13:00:00,3.32261424
2026-01-03 14:00:00,3.1869049344000002
2026-01-03 15:00:00,1.8583809024
2026-01-03 16:00:00,2.1466754496
2026-01-03 17:00:00,1.5484913664
2026-01-03 18:00:00,0.9584230655999999
2026-01-03 19:00:00,0.536448
2026-01-03 20:00:00,0.08152848
2026-01-03 21:00:00,0.0
2026-01-03 22:00:00,0.0
2026-01-03 23:00:00,0.0
2026-01-04 00:00:00,0.0
2026-01-04 01:00:00,0.0
2026-01-04 02:00:00,0.0
2026-01-04 03:00:00,0.0
2026-01-04 04:00:00,0.0
2026-01-04 05:00:00,0.0
2026-01-04 06:00:00,0.0871563264
2026-01-04 07:00:00,0.46908005760000004
2026-01-04 08:00:00,1.1067422784
2026-01-04 09:00:00,2.2095532799999997
2026-01-04 10:00:00,3.0412318463999997
2026-01-04 11:00:00,3.4279350336
2026-01-04 12:00:00,4.328553926400001
2026-01-04 13:00:00,4.761656697599999
2026-01-04 14:00:00,4.87569456
2026-01-04 15:00:00,4.5179445696
2026-01-04 16:00:00,3.8874882816000005
2026-01-04 17:00:00,3.0440779775999998
2026-01-04 18:00:00,2.04096816
2026-01-04 19:00:00,0.9703389695999999
2026-01-04 20:00:00,0.1365672
2026-01-04 21:00:00,0.0
2026-01-04 22:00:00,0.0
2026-01-04 23:00:00,0.0
2026-01-05 00:00:00,0.0
2026-01-05 01:00:00,0.0
2026-01-05 02:00:00,0.0
2026-01-05 03:00:00,0.0
2026-01-05 04:00:00,0.0
2026-01-05 05:00:00,0.0
2026-01-05 06:00:00,0.11556800640000002
2026-01-05 07:00:00,0.6226228800000001
2026-01-05 08:00:00,1.7168222016
2026-01-05 09:00:00,2.8987468223999997
2026-01-05 10:00:00,3.9871757375999994
2026-01-05 11:00:00,4.62582912
2026-01-05 12:00:00,4.9762156224
2026-01-05 13:00:00,5.080690560000001
2026-01-05 14:00:00,4.925799014400001
2026-01-05 15:00:00,4.5312924096
2026-01-05 16:00:00,3.9045733056
2026-01-05 17:00:00,3.0523325184
2026-01-05 18:00:00,2.0422634496
2026-01-05 19:00:00,0.9689841215999999
2026-01-05 20:00:00,0.1357752
2026-01-05 21:00:00,0.0
2026-01-05 22:00:00,0.0
2026-01-05 23:00:00,0.0
2026-01-06 00:00:00,0.0
2026-01-06 01:00:00,0.0
2026-01-06 02:00:00,0.0
2026-01-06 03:00:00,0.0
2026-01-06 04:00:00,0.0
2026-01-06 05:00:00,0.0
2026-01-06 06:00:00,0.1979265024
2026-01-06 07:00:00,0.9116025600000003
2026-01-06 08:00:00,1.7064628416
2026-01-06 09:00:00,3.08896896
2026-01-06 10:00:00,3.8849251584000006
2026-01-06 11:00:00,4.425863270399999
2026-01-06 12:00:00,4.726638470399999
2026-01-06 13:00:00,4.6648996416
2026-01-06 14:00:00,4.5338568
2026-01-06 15:00:00,4.1798102016
2026-01-06 16:00:00,3.6044272703999995
2026-01-06 17:00:00,2.8538002943999996
2026-01-06 18:00:00,1.90635984
2026-01-06 19:00:00,0.9126222335999999
2026-01-06 20:00:00,0.1271660544
2026-01-06 21:00:00,0.0
2026-01-06 22:00:00,0.0
2026-01-06 23:00:00,0.0
2026-01-07 00:00:00,0.0
2026-01-07 01:00:00,0.0
2026-01-07 02:00:00,0.0
2026-01-07 03:00:00,0.0
2026-01-07 04:00:00,0.0
2026-01-07 05:00:00,0.0
2026-01-07 06:00:00,0.2030155776
2026-01-07 07:00:00,1.0531751999999999
2026-01-07 08:00:00,2.03474832
2026-01-07 09:00:00,2.9313098496
2026-01-07 10:00:00,3.6532157376
2026-01-07 11:00:00,4.1606849856
2026-01-07 12:00:00,4.3613374464
2026-01-07 13:00:00,3.8247880704
2026-01-07 14:00:00,3.7788140544
2026-01-07 15:00:00,3.6919291199999993
2026-01-07 16:00:00,3.0283285824000004
2026-01-07 17:00:00,2.0385030335999996
2026-01-07 18:00:00,1.5344362176000002
2026-01-07 19:00:00,0.7228514304
2026-01-07 20:00:00,0.0936562176
2026-01-07 21:00:00,0.0
2026-01-07 22:00:00,0.0
2026-01-07 23:00:00,0.0
2026-01-08 00:00:00,0.0
2026-01-08 01:00:00,0.0
2026-01-08 02:00:00,0.0
2026-01-08 03:00:00,0.0
2026-01-08 04:00:00,0.0
2026-01-08 05:00:00,0.0
2026-01-08 06:00:00,0.17438636159999998
2026-01-08 07:00:00,0.92340864
2026-01-08 08:00:00,2.0301076223999996
2026-01-08 09:00:00,2.9006106624
2026-01-08 10:00:00,3.734016
2026-01-08 11:00:00,4.2365712576000005
2026-01-08 12:00:00,4.6057499136
2026-01-08 13:00:00,4.2187755456
2026-01-08 14:00:00,4.0545578304
2026-01-08 15:00:00,3.3415827456000002
2026-01-08 16:00:00,2.6201235456000003
2026-01-08 17:00:00,1.6230272255999998
2026-01-08 18:00:00,1.0712342784
2026-01-08 19:00:00,0.5121395136
2026-01-08 20:00:00,0.11264077440000002
2026-01-08 21:00:00,0.0
2026-01-08 22:00:00,0.0
2026-01-08 23:00:00,0.0
2026-01-09 00:00:00,0.0
2026-01-09 01:00:00,0.0
2026-01-09 02:00:00,0.0
2026-01-09 03:00:00,0.0
2026-01-09 04:00:00,0.0
2026-01-09 05:00:00,0.0
2026-01-09 06:00:00,0.1537508544
2026-01-09 07:00:00,0.9376779456
2026-01-09 08:00:00,1.7140569600000004
2026-01-09 09:00:00,2.7772183296
2026-01-09 10:00:00,3.4214452800000004
2026-01-09 11:00:00,3.9667482624
2026-01-09 12:00:00,4.2269044224000005
2026-01-09 13:00:00,4.1985214656
2026-01-09 14:00:00,3.9439335936000006
2026-01-09 15:00:00,3.2934914496
2026-01-09 16:00:00,2.3932694016
2026-01-09 17:00:00,1.6765055999999998
2026-01-09 18:00:00,0.5590499903999999
2026-01-09 19:00:00,0.43991376000000004
2026-01-09 20:00:00,0.0997301184
2026-01-09 21:00:00,0.0
2026-01-09 22:00:00,0.0
2026-01-09 23:00:00,0.0
2026-01-10 00:00:00,0.0
2026-01-10 01:00:00,0.0
2026-01-10 02:00:00,0.0
2026-01-10 03:00:00,0.0
2026-01-10 04:00:00,0.0
2026-01-10 05:00:00,0.0
2026-01-10 06:00:00,0.09169522560000001
2026-01-10 07:00:00,0.4824230400000001
2026-01-10 08:00:00,0.9074666304000001
2026-01-10 09:00:00,1.2988911935999998
2026-01-10 10:00:00,2.2189246463999996
2026-01-10 11:00:00,4.31680656
2026-01-10 12:00:00,4.7868190656
2026-01-10 13:00:00,4.8622396416
2026-01-10 14:00:00,4.8023559936
2026-01-10 15:00:00,4.2578578944
2026-01-10 16:00:00,3.2426957376
2026-01-10 17:00:00,2.2876514495999998
2026-01-10 18:00:00,1.6305974784000001
2026-01-10 19:00:00,0.8221618944000001
2026-01-10 20:00:00,0.12528236159999998
2026-01-10 21:00:00,0.0
2026-01-10 22:00:00,0.0
2026-01-10 23:00:00,0.0
2026-01-11 00:00:00,0.0
2026-01-11 01:00:00,0.0
2026-01-11 02:00:00,0.0
2026-01-11 03:00:00,0.0
2026-01-11 04:00:00,0.0
2026-01-11 05:00:00,0.0
2026-01-11 06:00:00,0.0770778624
2026-01-11 07:00:00,0.6922223616000001
2026-01-11 08:00:00,1.0309016256000003
2026-01-11 09:00:00,1.6157080896
2026-01-11 10:00:00,1.9500754944
2026-01-11 11:00:00,2.5171255296000004
2026-01-11 12:00:00,3.2056288704
2026-01-11 13:00:00,3.6899983296
2026-01-11 14:00:00,4.1101530624
2026-01-11 15:00:00,3.8273404224000003
2026-01-11 16:00:00,3.6004157375999997
2026-01-11 17:00:00,2.9606632704
2026-01-11 18:00:00,1.8956281343999999
2026-01-11 19:00:00,0.9408774144000001
2026-01-11 20:00:00,0.1314745344
2026-01-11 21:00:00,0.0
2026-01-11 22:00:00,0.0
2026-01-11 23:00:00,0.0
2026-01-12 00:00:00,0.0
2026-01-12 01:00:00,0.0
2026-01-12 02:00:00,0.0
2026-01-12 03:00:00,0.0
2026-01-12 04:00:00,0.0
2026-01-12 05:00:00,0.0
2026-01-12 06:00:00,0.16644671999999996
2026-01-12 07:00:00,1.05451632
2026-01-12 08:00:00,2.1158843903999998
2026-01-12 09:00:00,3.1119838464
2026-01-12 10:00:00,3.8991391296
2026-01-12 11:00:00,4.51957968
2026-01-12 12:00:00,4.853835360000001
2026-01-12 13:00:00,4.9371026496
2026-01-12 14:00:00,4.7911571136
2026-01-12 15:00:00,4.4095392
2026-01-12 16:00:00,3.2784559103999995
2026-01-12 17:00:00,2.8335504383999996
2026-01-12 18:00:00,1.8719095296
2026-01-12 19:00:00,0.9241588223999999
2026-01-12 20:00:00,0.12494232959999999
2026-01-12 21:00:00,0.0
2026-01-12 22:00:00,0.0
2026-01-12 23:00:00,0.0
2026-01-13 00:00:00,0.0
2026-01-13 01:00:00,0.0
2026-01-13 02:00:00,0.0
2026-01-13 03:00:00,0.0
2026-01-13 04:00:00,0.0
2026-01-13 05:00:00,0.0
2026-01-13 06:00:00,0.07089413759999999
2026-01-13 07:00:00,0.37847040000000004
2026-01-13 08:00:00,0.8894842176000002
2026-01-13 09:00:00,1.2246660096
2026-01-13 10:00:00,2.0597822784
2026-01-13 11:00:00,3.3677952000000007
2026-01-13 12:00:00,3.930310982400001
2026-01-13 13:00:00,4.011718022399999
2026-01-13 14:00:00,3.9511982399999996
2026-01-13 15:00:00,3.7834632000000004
2026-01-13 16:00:00,3.4519305216
2026-01-13 17:00:00,2.0636704704
2026-01-13 18:00:00,1.31472
2026-01-13 19:00:00,0.5532158016
2026-01-13 20:00:00,0.0924492096
2026-01-13 21:00:00,0.0
2026-01-13 22:00:00,0.0
2026-01-13 23:00:00,0.0
2026-01-14 00:00:00,0.0
2026-01-14 01:00:00,0.0
2026-01-14 02:00:00,0.0
2026-01-14 03:00:00,0.0
2026-01-14 04:00:00,0.0
2026-01-14 05:00:00,0.0
2026-01-14 06:00:00,0.0871563264
2026-01-14 07:00:00,0.46337955839999995
2026-01-14 08:00:00,0.8880734016000001
2026-01-14 09:00:00,1.3781418816000002
2026-01-14 10:00:00,2.0689557504
2026-01-14 11:00:00,3.0465268415999995
2026-01-14 12:00:00,3.9938570495999994
2026-01-14 13:00:00,4.5838493184
2026-01-14 14:00:00,4.3072736256
2026-01-14 15:00:00,4.196574201600001
2026-01-14 16:00:00,3.7079006976000004
2026-01-14 17:00:00,2.7371748096000004
2026-01-14 18:00:00,1.94051088
2026-01-14 19:00:00,0.9108791999999999
2026-01-14 20:00:00,0.11219725440000002
2026-01-14 21:00:00,0.0
2026-01-14 22:00:00,0.0
2026-01-14 23:00:00,0.0
2026-01-15 00:00:00,0.0
2026-01-15 01:00:00,0.0
2026-01-15 02:00:00,0.0
2026-01-15 03:00:00,0.0
2026-01-15 04:00:00,0.0
2026-01-15 05:00:00,0.0
2026-01-15 06:00:00,0.08654807040000001
2026-01-15 07:00:00,0.2901153024
2026-01-15 08:00:00,0.9201164543999999
2026-01-15 09:00:00,1.3793313600000001
2026-01-15 10:00:00,2.3171759424
2026-01-15 11:00:00,2.9700133056
2026-01-15 12:00:00,3.2852951999999997
2026-01-15 13:00:00,3.3738302399999998
2026-01-15 14:00:00,3.3620013503999995
2026-01-15 15:00:00,2.1784209216
2026-01-15 16:00:00,2.1822603264
2026-01-15 17:00:00,0.7876169664
2026-01-15 18:00:00,0.48680924159999994
2026-01-15 19:00:00,0.18223434240000003
2026-01-15 20:00:00,0.0216336384
2026-01-15 21:00:00,0.0
2026-01-15 22:00:00,0.0
2026-01-15 23:00:00,0.0
2026-01-16 00:00:00,0.0
2026-01-16 01:00:00,0.0
2026-01-16 02:00:00,0.0
2026-01-16 03:00:00,0.0
2026-01-16 04:00:00,0.0
2026-01-16 05:00:00,0.0
2026-01-16 06:00:00,0.07607255040000001
2026-01-16 07:00:00,0.5944492224
2026-01-16 08:00:00,1.3190639616000002
2026-01-16 09:00:00,1.6395483456000002
2026-01-16 10:00:00,1.7618521536000002
2026-01-16 11:00:00,2.33685936
2026-01-16 12:00:00,2.3938626623999997
2026-01-16 13:00:00,3.3474074303999997
2026-01-16 14:00:00,2.9824413695999996
2026-01-16 15:00:00,3.2810184
2026-01-16 16:00:00,2.7527284224
2026-01-16 17:00:00,2.5811518656
2026-01-16 18:00:00,1.82079216
2026-01-16 19:00:00,0.7678967999999998
2026-01-16 20:00:00,0.10788096000000003
2026-01-16 21:00:00,0.0
2026-01-16 22:00:00,0.0
2026-01-16 23:00:00,0.0
2026-01-17 00:00:00,0.0
2026-01-17 01:00:00,0.0
2026-01-17 02:00:00,0.0
2026-01-17 03:00:00,0.0
2026-01-17 04:00:00,0.0
2026-01-17 05:00:00,0.0
2026-01-17 06:00:00,0.08159184
2026-01-17 07:00:00,0.8087878655999999
2026-01-17 08:00:00,1.6708944384000002
2026-01-17 09:00:00,2.1633855935999997
2026-01-17 10:00:00,2.9232641856000003
2026-01-17 11:00:00,2.8826470464
2026-01-17 12:00:00,3.9616036416
2026-01-17 13:00:00,3.5258572799999994
2026-01-17 14:00:00,3.5698622783999996
2026-01-17 15:00:00,3.6338843904000004
2026-01-17 16:00:00,2.85590448
2026-01-17 17:00:00,2.6067419136
2026-01-17 18:00:00,1.3393283904
2026-01-17 19:00:00,0.8213004096000001
2026-01-17 20:00:00,0.11250771840000001
2026-01-17 21:00:00,0.0
2026-01-17 22:00:00,0.0
2026-01-17 23:00:00,0.0
2026-01-18 00:00:00,0.0
2026-01-18 01:00:00,0.0
2026-01-18 02:00:00,0.0
2026-01-18 03:00:00,0.0
2026-01-18 04:00:00,0.0
2026-01-18 05:00:00,0.0
2026-01-18 06:00:00,0.12022095360000001
2026-01-18 07:00:00,0.9263637504000001
2026-01-18 08:00:00,1.9811768064000004
2026-01-18 09:00:00,2.9766527999999997
2026-01-18 10:00:00,3.7931534784
2026-01-18 11:00:00,4.3731477504
2026-01-18 12:00:00,4.7209466304
2026-01-18 13:00:00,4.7911412736
2026-01-18 14:00:00,4.534390713600001
2026-01-18 15:00:00,4.27008384
2026-01-18 16:00:00,3.4899110399999995
2026-01-18 17:00:00,2.2916836800000002
2026-01-18 18:00:00,1.3359272256
2026-01-18 19:00:00,0.8901421055999998
2026-01-18 20:00:00,0.10627584000000001
2026-01-18 21:00:00,0.0
2026-01-18 22:00:00,0.0
2026-01-18 23:00:00,0.0
2026-01-19 00:00:00,0.0
2026-01-19 01:00:00,0.0
2026-01-19 02:00:00,0.0
2026-01-19 03:00:00,0.0
2026-01-19 04:00:00,0.0
2026-01-19 05:00:00,0.0
2026-01-19 06:00:00,0.10273971839999999
2026-01-19 07:00:00,0.8774922816000001
2026-01-19 08:00:00,1.8778003199999997
2026-01-19 09:00:00,2.8422656064
2026-01-19 10:00:00,3.5836686336
2026-01-19 11:00:00,4.0587385344
2026-01-19 12:00:00,4.3000801536
2026-01-19 13:00:00,4.2205939776
2026-01-19 14:00:00,3.7138945536000003
2026-01-19 15:00:00,2.2323740736
2026-01-19 16:00:00,1.9540029695999999
2026-01-19 17:00:00,1.35089856
2026-01-19 18:00:00,1.2537102336
2026-01-19 19:00:00,0.7074171456
2026-01-19 20:00:00,0.08979231359999999
2026-01-19 21:00:00,0.0
2026-01-19 22:00:00,0.0
2026-01-19 23:00:00,0.0
2026-01-20 00:00:00,0.0
2026-01-20 01:00:00,0.0
2026-01-20 02:00:00,0.0
2026-01-20 03:00:00,0.0
2026-01-20 04:00:00,0.0
2026-01-20 05:00:00,0.0
2026-01-20 06:00:00,0.0867170304
2026-01-20 07:00:00,0.8068617215999999
2026-01-20 08:00:00,1.8151398144
2026-01-20 09:00:00,2.5918464
2026-01-20 10:00:00,3.5779694016
2026-01-20 11:00:00,4.24417488
2026-01-20 12:00:00,4.5685728
2026-01-20 13:00:00,4.65500112
2026-01-20 14:00:00,4.583819961600001
2026-01-20 15:00:00,3.2187477696
2026-01-20 16:00:00,3.315312
2026-01-20 17:00:00,2.7923191296
2026-01-20 18:00:00,1.8765612096
2026-01-20 19:00:00,0.8995922496000001
2026-01-20 20:00:00,0.10690944000000001
2026-01-20 21:00:00,0.0
2026-01-20 22:00:00,0.0
2026-01-20 23:00:00,0.0
2026-01-21 00:00:00,0.0
2026-01-21 01:00:00,0.0
2026-01-21 02:00:00,0.0
2026-01-21 03:00:00,0.0
2026-01-21 04:00:00,0.0
2026-01-21 05:00:00,0.0
2026-01-21 06:00:00,0.0654990336
2026-01-21 07:00:00,0.4799386944
2026-01-21 08:00:00,1.2190457664
2026-01-21 09:00:00,2.253504
2026-01-21 10:00:00,3.3981167615999994
2026-01-21 11:00:00,4.16915136
2026-01-21 12:00:00,4.7457586176
2026-01-21 13:00:00,4.930155014399999
2026-01-21 14:00:00,4.8283114176
2026-01-21 15:00:00,4.4614190015999995
2026-01-21 16:00:00,3.8424830400000003
2026-01-21 17:00:00,2.4091848000000002
2026-01-21 18:00:00,1.2983695296
2026-01-21 19:00:00,0.5852577983999999
2026-01-21 20:00:00,0.027292320000000005
2026-01-21 21:00:00,0.0
2026-01-21 22:00:00,0.0
2026-01-21 23:00:00,0.0
2026-01-22 00:00:00,0.0
2026-01-22 01:00:00,0.0
2026-01-22 02:00:00,0.0
2026-01-22 03:00:00,0.0
2026-01-22 04:00:00,0.0
2026-01-22 05:00:00,0.0
2026-01-22 06:00:00,0.07169036159999999
2026-01-22 07:00:00,0.7525028544
2026-01-22 08:00:00,1.3268640000000003
2026-01-22 09:00:00,2.1406034496
2026-01-22 10:00:00,3.0544852799999997
2026-01-22 11:00:00,3.2498794944
2026-01-22 12:00:00,4.2974483904
2026-01-22 13:00:00,4.5550228416000005
2026-01-22 14:00:00,4.6941846336
2026-01-22 15:00:00,4.4372934144
2026-01-22 16:00:00,3.8350863936
2026-01-22 17:00:00,3.0112889664
2026-01-22 18:00:00,2.0089783296000006
2026-01-22 19:00:00,0.9184766975999998
2026-01-22 20:00:00,0.10931712
2026-01-22 21:00:00,0.0
2026-01-22 22:00:00,0.0
2026-01-22 23:00:00,0.0
2026-01-23 00:00:00,0.0
2026-01-23 01:00:00,0.0
2026-01-23 02:00:00,0.0
2026-01-23 03:00:00,0.0
2026-01-23 04:00:00,0.0
2026-01-23 05:00:00,0.0
2026-01-23 06:00:00,0.0894541824
2026-01-23 07:00:00,0.8791047936
2026-01-23 08:00:00,1.9713710016000001
2026-01-23 09:00:00,3.0102811199999997
2026-01-23 10:00:00,3.8516062464000003
2026-01-23 11:00:00,4.4421326400000005
2026-01-23 12:00:00,4.7926638144
2026-01-23 13:00:00,4.8927580416
2026-01-23 14:00:00,4.748810880000001
2026-01-23 15:00:00,4.369310457599999
2026-01-23 16:00:00,3.76075392
2026-01-23 17:00:00,2.9323007999999997
2026-01-23 18:00:00,1.9453065984000004
2026-01-23 19:00:00,0.8952278015999998
2026-01-23 20:00:00,0.10169639039999999
2026-01-23 21:00:00,0.0
2026-01-23 22:00:00,0.0
2026-01-23 23:00:00,0.0
2026-01-24 00:00:00,0.0
2026-01-24 01:00:00,0.0
2026-01-24 02:00:00,0.0
2026-01-24 03:00:00,0.0
2026-01-24 04:00:00,0.0
2026-01-24 05:00:00,0.0
2026-01-24 06:00:00,0.08257392
2026-01-24 07:00:00,0.8515584000000002
2026-01-24 08:00:00,1.9107922944
2026-01-24 09:00:00,2.8856917056
2026-01-24 10:00:00,3.6822829824
2026-01-24 11:00:00,4.2584566464
2026-01-24 12:00:00,4.5984761856
2026-01-24 13:00:00,4.6943102976
2026-01-24 14:00:00,4.5362279424
2026-01-24 15:00:00,4.1361644544
2026-01-24 16:00:00,3.4251807743999994
2026-01-24 17:00:00,2.7546925823999997
2026-01-24 18:00:00,1.8194035200000003
2026-01-24 19:00:00,0.8305826496000001
2026-01-24 20:00:00,0.0920215296
2026-01-24 21:00:00,0.0
2026-01-24 22:00:00,0.0
2026-01-24 23:00:00,0.0
2026-01-25 00:00:00,0.0
2026-01-25 01:00:00,0.0
2026-01-25 02:00:00,0.0
2026-01-25 03:00:00,0.0
2026-01-25 04:00:00,0.0
2026-01-25 05:00:00,0.0
2026-01-25 06:00:00,0.0593972544
2026-01-25 07:00:00,0.7488575423999998
2026-01-25 08:00:00,1.8229100735999997
2026-01-25 09:00:00,2.6483688000000005
2026-01-25 10:00:00,3.3984861503999992
2026-01-25 11:00:00,3.81581376
2026-01-25 12:00:00,4.3352204544
2026-01-25 13:00:00,4.7160869184
2026-01-25 14:00:00,4.5986586624
2026-01-25 15:00:00,4.283054265600001
2026-01-25 16:00:00,3.6535048703999995
2026-01-25 17:00:00,2.7621950400000004
2026-01-25 18:00:00,1.9234980864
2026-01-25 19:00:00,0.8776018943999999
2026-01-25 20:00:00,0.0975718656
2026-01-25 21:00:00,0.0
2026-01-25 22:00:00,0.0
2026-01-25 23:00:00,0.0
2026-01-26 00:00:00,0.0
2026-01-26 01:00:00,0.0
2026-01-26 02:00:00,0.0
2026-01-26 03:00:00,0.0
2026-01-26 04:00:00,0.0
2026-01-26 05:00:00,0.0
2026-01-26 06:00:00,0.0382447296
2026-01-26 07:00:00,0.4639244543999999
2026-01-26 08:00:00,1.3541918015999999
2026-01-26 09:00:00,2.4936546624
2026-01-26 10:00:00,3.5614656
2026-01-26 11:00:00,4.3543731264000005
2026-01-26 12:00:00,4.692203999999999
2026-01-26 13:00:00,4.782538886399999
2026-01-26 14:00:00,4.6345069055999994
2026-01-26 15:00:00,4.2505848
2026-01-26 16:00:00,3.6490477056
2026-01-26 17:00:00,2.8437167615999996
2026-01-26 18:00:00,1.8846203904
2026-01-26 19:00:00,0.8549646336000001
2026-01-26 20:00:00,0.0892896576
2026-01-26 21:00:00,0.0
2026-01-26 22:00:00,0.0
2026-01-26 23:00:00,0.0
2026-01-27 00:00:00,0.0
2026-01-27 01:00:00,0.0
2026-01-27 02:00:00,0.0
2026-01-27 03:00:00,0.0
2026-01-27 04:00:00,0.0
2026-01-27 05:00:00,0.0
2026-01-27 06:00:00,0.060140678399999994
2026-01-27 07:00:00,0.793584
2026-01-27 08:00:00,1.8385177536000001
2026-01-27 09:00:00,2.7941829695999996
2026-01-27 10:00:00,3.5684865216
2026-01-27 11:00:00,4.1074370304
2026-01-27 12:00:00,4.416607641600001
2026-01-27 13:00:00,4.4932478976
2026-01-27 14:00:00,4.3443738624
2026-01-27 15:00:00,3.97453056
2026-01-27 16:00:00,3.3939918144
2026-01-27 17:00:00,2.3427427584
2026-01-27 18:00:00,1.7024044224
2026-01-27 19:00:00,0.7825333824
2026-01-27 20:00:00,0.0810061824
2026-01-27 21:00:00,0.0
2026-01-27 22:00:00,0.0
2026-01-27 23:00:00,0.0
2026-01-28 00:00:00,0.0
2026-01-28 01:00:00,0.0
2026-01-28 02:00:00,0.0
2026-01-28 03:00:00,0.0
2026-01-28 04:00:00,0.0
2026-01-28 05:00:00,0.0
2026-01-28 06:00:00,0.048324038400000005
2026-01-28 07:00:00,0.6915969984000001
2026-01-28 08:00:00,1.4400097536
2026-01-28 09:00:00,2.5686245376
2026-01-28 10:00:00,3.1941142464000007
2026-01-28 11:00:00,3.78254448
2026-01-28 12:00:00,4.2756358656
2026-01-28 13:00:00,4.3692264
2026-01-28 14:00:00,4.3875127296
2026-01-28 15:00:00,3.7040357376
2026-01-28 16:00:00,2.7853056
2026-01-28 17:00:00,2.49285168
2026-01-28 18:00:00,1.4541542400000003
2026-01-28 19:00:00,0.6326679744
2026-01-28 20:00:00,0.0648654336
2026-01-28 21:00:00,0.0
2026-01-28 22:00:00,0.0
2026-01-28 23:00:00,0.0
2026-01-29 00:00:00,0.0
2026-01-29 01:00:00,0.0
2026-01-29 02:00:00,0.0
2026-01-29 03:00:00,0.0
2026-01-29 04:00:00,0.0
2026-01-29 05:00:00,0.0
2026-01-29 06:00:00,0.0436356096
2026-01-29 07:00:00,0.5810973695999999
2026-01-29 08:00:00,1.4159454144000003
2026-01-29 09:00:00,1.5700607999999998
2026-01-29 10:00:00,1.8992050176
2026-01-29 11:00:00,2.1425895744
2026-01-29 12:00:00,2.9257958399999997
2026-01-29 13:00:00,4.7297547264
2026-01-29 14:00:00,4.64313168
2026-01-29 15:00:00,4.192009113600001
2026-01-29 16:00:00,3.5990121024000006
2026-01-29 17:00:00,1.2769813056000001
2026-01-29 18:00:00,1.2851367936
2026-01-29 19:00:00,0.6018718464
2026-01-29 20:00:00,0.05362368000000001
2026-01-29 21:00:00,0.0
2026-01-29 22:00:00,0.0
2026-01-29 23:00:00,0.0
2026-01-30 00:00:00,0.0
2026-01-30 01:00:00,0.0
2026-01-30 02:00:00,0.0
2026-01-30 03:00:00,0.0
2026-01-30 04:00:00,0.0
2026-01-30 05:00:00,0.0
2026-01-30 06:00:00,0.026986080000000003
2026-01-30 07:00:00,0.40947096960000007
2026-01-30 08:00:00,0.8904192000000002
2026-01-30 09:00:00,2.3252680704
2026-01-30 10:00:00,3.3634799616
2026-01-30 11:00:00,3.6607032000000004
2026-01-30 12:00:00,4.302026361599999
2026-01-30 13:00:00,4.49957376
2026-01-30 14:00:00,4.389139814399999
2026-01-30 15:00:00,4.0612887743999995
2026-01-30 16:00:00,3.4867852799999994
2026-01-30 17:00:00,2.7136048896000005
2026-01-30 18:00:00,1.7685480383999999
2026-01-30 19:00:00,0.7345635263999999
2026-01-30 20:00:00,0.06924677759999999
2026-01-30 21:00:00,0.0
2026-01-30 22:00:00,0.0
2026-01-30 23:00:00,0.0
2026-01-31 00:00:00,0.0
2026-01-31 01:00:00,0.0
2026-01-31 02:00:00,0.0
2026-01-31 03:00:00,0.0
2026-01-31 04:00:00,0.0
2026-01-31 05:00:00,0.0
2026-01-31 06:00:00,0.0324301824
2026-01-31 07:00:00,0.3963151104
2026-01-31 08:00:00,1.1137184256
2026-01-31 09:00:00,2.1452570304
2026-01-31 10:00:00,3.2668855296
2026-01-31 11:00:00,3.94240704
2026-01-31 12:00:00,4.468654079999999
2026-01-31 13:00:00,4.6247959296
2026-01-31 14:00:00,4.5170427455999995
2026-01-31 15:00:00,4.1634648
2026-01-31 16:00:00,3.5113611456
2026-01-31 17:00:00,2.4385749696000003
2026-01-31 18:00:00,1.0577715455999999
2026-01-31 19:00:00,0.6021529536
2026-01-31 20:00:00,0.037875129599999995
2026-01-31 21:00:00,0.0
2026-01-31 22:00:00,0.0
2026-01-31 23:00:00,0.0
2026-02-01 00:00:00,0.0
2026-02-01 01:00:00,0.0
2026-02-01 02:00:00,0.0
2026-02-01 03:00:00,0.0
2026-02-01 04:00:00,0.0
2026-02-01 05:00:00,0.0
2026-02-01 06:00:00,0.0163982016
2026-02-01 07:00:00,0.34143500160000007
2026-02-01 08:00:00,0.8132822016
2026-02-01 09:00:00,1.4838379776
2026-02-01 10:00:00,2.2043383296
2026-02-01 11:00:00,2.37319632
2026-02-01 12:00:00,3.0133135296
2026-02-01 13:00:00,3.2228986944000004
2026-02-01 14:00:00,3.2356896
2026-02-01 15:00:00,2.2405684224
2026-02-01 16:00:00,2.1148611264
2026-02-01 17:00:00,1.1016599615999998
2026-02-01 18:00:00,1.173216
2026-02-01 19:00:00,0.4349030400000001
2026-02-01 20:00:00,0.0605123904
2026-02-01 21:00:00,0.0
2026-02-01 22:00:00,0.0
2026-02-01 23:00:00,0.0
2026-02-02 00:00:00,0.0
2026-02-02 01:00:00,0.0
2026-02-02 02:00:00,0.0
2026-02-02 03:00:00,0.0
2026-02-02 04:00:00,0.0
2026-02-02 05:00:00,0.0
2026-02-02 06:00:00,0.02780976
2026-02-02 07:00:00,0.6423791616
2026-02-02 08:00:00,1.4786000064000002
2026-02-02 09:00:00,2.3295585984
2026-02-02 10:00:00,3.0977193984
2026-02-02 11:00:00,3.860994297600001
2026-02-02 12:00:00,4.6735216704
2026-02-02 13:00:00,4.8497207616
2026-02-02 14:00:00,4.7801438784
2026-02-02 15:00:00,4.407437337600001
2026-02-02 16:00:00,3.7834632000000004
2026-02-02 17:00:00,2.93621328
2026-02-02 18:00:00,1.9004774975999998
2026-02-02 19:00:00,0.8119981056
2026-02-02 20:00:00,0.0655243776
2026-02-02 21:00:00,0.0
2026-02-02 22:00:00,0.0
2026-02-02 23:00:00,0.0
2026-02-03 00:00:00,0.0
2026-02-03 01:00:00,0.0
2026-02-03 02:00:00,0.0
2026-02-03 03:00:00,0.0
2026-02-03 04:00:00,0.0
2026-02-03 05:00:00,0.0
2026-02-03 06:00:00,0.028052640000000004
2026-02-03 07:00:00,0.6914546496000001
2026-02-03 08:00:00,1.7665078464000001
2026-02-03 09:00:00,2.7972145344000006
2026-02-03 10:00:00,3.6562591296
2026-02-03 11:00:00,4.2710317056
2026-02-03 12:00:00,4.636754073600001
2026-02-03 13:00:00,4.7528864064
2026-02-03 14:00:00,4.612655942399999
2026-02-03 15:00:00,4.2345076224
2026-02-03 16:00:00,3.6241007616000003
2026-02-03 17:00:00,2.8084345344
2026-02-03 18:00:00,1.8238150655999998
2026-02-03 19:00:00,0.7821428735999999
2026-02-03 20:00:00,0.058073030399999996
2026-02-03 21:00:00,0.0
2026-02-03 22:00:00,0.0
2026-02-03 23:00:00,0.0
2026-02-04 00:00:00,0.0
2026-02-04 01:00:00,0.0
2026-02-04 02:00:00,0.0
2026-02-04 03:00:00,0.0
2026-02-04 04:00:00,0.0
2026-02-04 05:00:00,0.0
2026-02-04 06:00:00,0.027091680000000003
2026-02-04 07:00:00,0.6551913984
2026-02-04 08:00:00,1.70123184
2026-02-04 09:00:00,2.6447731200000004
2026-02-04 10:00:00,3.4297407936
2026-02-04 11:00:00,3.5811547200000002
2026-02-04 12:00:00,3.5895452736
2026-02-04 13:00:00,2.7670103999999998
2026-02-04 14:00:00,2.7349793856
2026-02-04 15:00:00,2.6344217856000003
2026-02-04 16:00:00,2.4138886464000002
2026-02-04 17:00:00,2.3146829376
2026-02-04 18:00:00,1.6887482304
2026-02-04 19:00:00,0.7447815935999998
2026-02-04 20:00:00,0.0321640704
2026-02-04 21:00:00,0.0
2026-02-04 22:00:00,0.0
2026-02-04 23:00:00,0.0
2026-02-05 00:00:00,0.0
2026-02-05 01:00:00,0.0
2026-02-05 02:00:00,0.0
2026-02-05 03:00:00,0.0
2026-02-05 04:00:00,0.0
2026-02-05 05:00:00,0.0
2026-02-05 06:00:00,0.0164425536
2026-02-05 07:00:00,0.45359677440000007
2026-02-05 08:00:00,1.2585380544
2026-02-05 09:00:00,1.6675585344
2026-02-05 10:00:00,3.0581069376
2026-02-05 11:00:00,3.8821670976
2026-02-05 12:00:00,4.4672322816
2026-02-05 13:00:00,4.844379513599999
2026-02-05 14:00:00,4.7295553536
2026-02-05 15:00:00,4.353516921600001
2026-02-05 16:00:00,3.7202558976
2026-02-05 17:00:00,2.8328334144
2026-02-05 18:00:00,1.8245409600000002
2026-02-05 19:00:00,0.7546784255999998
2026-02-05 20:00:00,0.0489703104
2026-02-05 21:00:00,0.0
2026-02-05 22:00:00,0.0
2026-02-05 23:00:00,0.0
2026-02-06 00:00:00,0.0
2026-02-06 01:00:00,0.0
2026-02-06 02:00:00,0.0
2026-02-06 03:00:00,0.0
2026-02-06 04:00:00,0.0
2026-02-06 05:00:00,0.0
2026-02-06 06:00:00,0.0221405184
2026-02-06 07:00:00,0.6411330816
2026-02-06 08:00:00,1.7397804864000002
2026-02-06 09:00:00,2.7983782464
2026-02-06 10:00:00,3.6755068416000003
2026-02-06 11:00:00,4.3084109376
2026-02-06 12:00:00,4.6942477824
2026-02-06 13:00:00,4.815101702400001
2026-02-06 14:00:00,4.6763329536
2026-02-06 15:00:00,4.282588569600001
2026-02-06 16:00:00,3.6554639615999998
2026-02-06 17:00:00,2.8030227455999994
2026-02-06 18:00:00,1.8020350655999997
2026-02-06 19:00:00,0.7455818303999998
2026-02-06 20:00:00,0.0433483776
2026-02-06 21:00:00,0.0
2026-02-06 22:00:00,0.0
2026-02-06 23:00:00,0.0
2026-02-07 00:00:00,0.0
2026-02-07 01:00:00,0.0
2026-02-07 02:00:00,0.0
2026-02-07 03:00:00,0.0
2026-02-07 04:00:00,0.0
2026-02-07 05:00:00,0.0
2026-02-07 06:00:00,0.016600953600000003
2026-02-07 07:00:00,0.5593068096
2026-02-07 08:00:00,1.4182096896
2026-02-07 09:00:00,2.7250274304
2026-02-07 10:00:00,3.5816831424
2026-02-07 11:00:00,4.19476992
2026-02-07 12:00:00,4.5559117824
2026-02-07 13:00:00,4.66513344
2026-02-07 14:00:00,4.5246341184
2026-02-07 15:00:00,4.11485184
2026-02-07 16:00:00,3.5254165055999995
2026-02-07 17:00:00,2.2543101504
2026-02-07 18:00:00,1.4455197504000001
2026-02-07 19:00:00,0.4871978496
2026-02-07 20:00:00,0.037668153600000004
2026-02-07 21:00:00,0.0
2026-02-07 22:00:00,0.0
2026-02-07 23:00:00,0.0
2026-02-08 00:00:00,0.0
2026-02-08 01:00:00,0.0
2026-02-08 02:00:00,0.0
2026-02-08 03:00:00,0.0
2026-02-08 04:00:00,0.0
2026-02-08 05:00:00,0.0
2026-02-08 06:00:00,0.0107010816
2026-02-08 07:00:00,0.5405987136
2026-02-08 08:00:00,1.4576500224
2026-02-08 09:00:00,2.2642251455999998
2026-02-08 10:00:00,3.0310156799999994
2026-02-08 11:00:00,3.6764376
2026-02-08 12:00:00,4.1370599424000005
2026-02-08 13:00:00,4.4353055999999995
2026-02-08 14:00:00,2.73798096
2026-02-08 15:00:00,3.03138
2026-02-08 16:00:00,2.8415253504
2026-02-08 17:00:00,1.4990982335999996
2026-02-08 18:00:00,0.9692996543999999
2026-02-08 19:00:00,0.4451198400000001
2026-02-08 20:00:00,0.026669280000000004
2026-02-08 21:00:00,0.0
2026-02-08 22:00:00,0.0
2026-02-08 23:00:00,0.0
2026-02-09 00:00:00,0.0
2026-02-09 01:00:00,0.0
2026-02-09 02:00:00,0.0
2026-02-09 03:00:00,0.0
2026-02-09 04:00:00,0.0
2026-02-09 05:00:00,0.0
2026-02-09 06:00:00,0.0108573696
2026-02-09 07:00:00,0.44579525759999994
2026-02-09 08:00:00,1.1434226496
2026-02-09 09:00:00,1.71173376
2026-02-09 10:00:00,1.9369979903999999
2026-02-09 11:00:00,2.0769686784
2026-02-09 12:00:00,2.1856595904000002
2026-02-09 13:00:00,3.2429945856
2026-02-09 14:00:00,3.8191507199999997
2026-02-09 15:00:00,2.65736064
2026-02-09 16:00:00,2.7658008576000004
2026-02-09 17:00:00,2.1228539904
2026-02-09 18:00:00,1.48282992
2026-02-09 19:00:00,0.5180805696
2026-02-09 20:00:00,0.027102240000000003
2026-02-09 21:00:00,0.0
2026-02-09 22:00:00,0.0
2026-02-09 23:00:00,0.0
2026-02-10 00:00:00,0.0
2026-02-10 01:00:00,0.0
2026-02-10 02:00:00,0.0
2026-02-10 03:00:00,0.0
2026-02-10 04:00:00,0.0
2026-02-10 05:00:00,0.0
2026-02-10 06:00:00,0.0054441024
2026-02-10 07:00:00,0.19496125439999998
2026-02-10 08:00:00,0.5629377600000001
2026-02-10 09:00:00,1.1246849856
2026-02-10 10:00:00,1.4787596735999997
2026-02-10 11:00:00,2.0446138944000003
2026-02-10 12:00:00,2.5148929343999997
2026-02-10 13:00:00,2.5361723904000004
2026-02-10 14:00:00,3.9691477056000006
2026-02-10 15:00:00,3.8142291264000003
2026-02-10 16:00:00,3.4875439104
2026-02-10 17:00:00,2.7157546944
2026-02-10 18:00:00,1.7325658944000002
2026-02-10 19:00:00,0.6768425664
2026-02-10 20:00:00,0.0322781184
2026-02-10 21:00:00,0.0
2026-02-10 22:00:00,0.0
2026-02-10 23:00:00,0.0
2026-02-11 00:00:00,0.0
2026-02-11 01:00:00,0.0
2026-02-11 02:00:00,0.0
2026-02-11 03:00:00,0.0
2026-02-11 04:00:00,0.0
2026-02-11 05:00:00,0.0
2026-02-11 06:00:00,0.0053828543999999996
2026-02-11 07:00:00,0.4647515136
2026-02-11 08:00:00,1.279344
2026-02-11 09:00:00,2.3626135104
2026-02-11 10:00:00,3.2570208
2026-02-11 11:00:00,3.7609475903999994
2026-02-11 12:00:00,3.731488358399999
2026-02-11 13:00:00,3.4616634624000007
2026-02-11 14:00:00,2.3647056576
2026-02-11 15:00:00,1.7607085056
2026-02-11 16:00:00,1.3742555904000002
2026-02-11 17:00:00,0.7620839424000001
2026-02-11 18:00:00,0.23722659840000002
2026-02-11 19:00:00,0.05434176
2026-02-11 20:00:00,0.0
2026-02-11 21:00:00,0.0
2026-02-11 22:00:00,0.0
2026-02-11 23:00:00,0.0
2026-02-12 00:00:00,0.0
2026-02-12 01:00:00,0.0
2026-02-12 02:00:00,0.0
2026-02-12 03:00:00,0.0
2026-02-12 04:00:00,0.0
2026-02-12 05:00:00,0.0
2026-02-12 06:00:00,0.0055602624
2026-02-12 07:00:00,0.4167212544
2026-02-12 08:00:00,1.2621295104
2026-02-12 09:00:00,1.9911513600000004
2026-02-12 10:00:00,2.6372402496
2026-02-12 11:00:00,2.9977827263999997
2026-02-12 12:00:00,3.1295615999999997
2026-02-12 13:00:00,4.0956860736000005
2026-02-12 14:00:00,3.4116472896000003
2026-02-12 15:00:00,2.67498
2026-02-12 16:00:00,2.3656512000000003
2026-02-12 17:00:00,1.2892475904
2026-02-12 18:00:00,0.7668488256
2026-02-12 19:00:00,0.34776023040000004
2026-02-12 20:00:00,0.0164678976
2026-02-12 21:00:00,0.0
2026-02-12 22:00:00,0.0
2026-02-12 23:00:00,0.0
2026-02-13 00:00:00,0.0
2026-02-13 01:00:00,0.0
2026-02-13 02:00:00,0.0
2026-02-13 03:00:00,0.0
2026-02-13 04:00:00,0.0
2026-02-13 05:00:00,0.0
2026-02-13 06:00:00,0.0055539264
2026-02-13 07:00:00,0.24168714239999997
2026-02-13 08:00:00,1.1590049856
2026-02-13 09:00:00,1.7916028416000003
2026-02-13 10:00:00,2.3539872576
2026-02-13 11:00:00,3.2681879999999994
2026-02-13 12:00:00,3.77450304
2026-02-13 13:00:00,4.0153139136
2026-02-13 14:00:00,4.122094521599999
2026-02-13 15:00:00,3.7367007744000005
2026-02-13 16:00:00,3.4445596415999997
2026-02-13 17:00:00,2.4287985216
2026-02-13 18:00:00,1.6278552576
2026-02-13 19:00:00,0.6122248704000001
2026-02-13 20:00:00,0.0218279424
2026-02-13 21:00:00,0.0
2026-02-13 22:00:00,0.0
2026-02-13 23:00:00,0.0
2026-02-14 00:00:00,0.0
2026-02-14 01:00:00,0.0
2026-02-14 02:00:00,0.0
2026-02-14 03:00:00,0.0
2026-02-14 04:00:00,0.0
2026-02-14 05:00:00,0.0
2026-02-14 06:00:00,0.0055074624
2026-02-14 07:00:00,0.3110602176
2026-02-14 08:00:00,1.0651358783999998
2026-02-14 09:00:00,1.9964362176000001
2026-02-14 10:00:00,3.34939968
2026-02-14 11:00:00,4.0220985023999996
2026-02-14 12:00:00,4.4612637695999995
2026-02-14 13:00:00,4.55207808
2026-02-14 14:00:00,4.4316585984
2026-02-14 15:00:00,4.0980639744
2026-02-14 16:00:00,3.4794032064
2026-02-14 17:00:00,2.6115623424
2026-02-14 18:00:00,1.6146814464
2026-02-14 19:00:00,0.58405248
2026-02-14 20:00:00,0.0162271296
2026-02-14 21:00:00,0.0
2026-02-14 22:00:00,0.0
2026-02-14 23:00:00,0.0
2026-02-15 00:00:00,0.0
2026-02-15 01:00:00,0.0
2026-02-15 02:00:00,0.0
2026-02-15 03:00:00,0.0
2026-02-15 04:00:00,0.0
2026-02-15 05:00:00,0.0
2026-02-15 06:00:00,0.0
2026-02-15 07:00:00,0.29847312
2026-02-15 08:00:00,1.1381515199999999
2026-02-15 09:00:00,2.2530568896000003
2026-02-15 10:00:00,3.3427451904000005
2026-02-15 11:00:00,3.9681075456
2026-02-15 12:00:00,4.337836800000001
2026-02-15 13:00:00,4.20131712
2026-02-15 14:00:00,4.023993600000001
2026-02-15 15:00:00,3.7407744
2026-02-15 16:00:00,3.1721462784
2026-02-15 17:00:00,2.5359812544000007
2026-02-15 18:00:00,1.5189140736
2026-02-15 19:00:00,0.57081024
2026-02-15 20:00:00,0.015891321599999998
2026-02-15 21:00:00,0.0
2026-02-15 22:00:00,0.0
2026-02-15 23:00:00,0.0
2026-02-16 00:00:00,0.0
2026-02-16 01:00:00,0.0
2026-02-16 02:00:00,0.0
2026-02-16 03:00:00,0.0
2026-02-16 04:00:00,0.0
2026-02-16 05:00:00,0.0
2026-02-16 06:00:00,0.0
2026-02-16 07:00:00,0.4361465856
2026-02-16 08:00:00,1.4233048896
2026-02-16 09:00:00,2.4314351424000002
2026-02-16 10:00:00,3.2833430784000006
2026-02-16 11:00:00,3.8982085824
2026-02-16 12:00:00,4.2545317056
2026-02-16 13:00:00,4.3788887999999995
2026-02-16 14:00:00,4.2638340096
2026-02-16 15:00:00,3.4206264576
2026-02-16 16:00:00,2.9565043199999996
2026-02-16 17:00:00,2.1504833856
2026-02-16 18:00:00,1.5295646783999999
2026-02-16 19:00:00,0.5525853695999999
2026-02-16 20:00:00,0.0104814336
2026-02-16 21:00:00,0.0
2026-02-16 22:00:00,0.0
2026-02-16 23:00:00,0.0
2026-02-17 00:00:00,0.0
2026-02-17 01:00:00,0.0
2026-02-17 02:00:00,0.0
2026-02-17 03:00:00,0.0
2026-02-17 04:00:00,0.0
2026-02-17 05:00:00,0.0
2026-02-17 06:00:00,0.0
2026-02-17 07:00:00,0.43199016960000003
2026-02-17 08:00:00,1.4478165503999996
2026-02-17 09:00:00,2.4527135423999997
2026-02-17 10:00:00,3.27888
2026-02-17 11:00:00,3.8378159424
2026-02-17 12:00:00,4.224940473599999
2026-02-17 13:00:00,4.3164183743999995
2026-02-17 14:00:00,3.5953604544
2026-02-17 15:00:00,3.1782805823999998
2026-02-17 16:00:00,2.0604408
2026-02-17 17:00:00,0.9172939775999999
2026-02-17 18:00:00,0.18652170240000002
2026-02-17 19:00:00,0.2500360896
2026-02-17 20:00:00,0.0
2026-02-17 21:00:00,0.0
2026-02-17 22:00:00,0.0
2026-02-17 23:00:00,0.0
2026-02-18 00:00:00,0.0
2026-02-18 01:00:00,0.0
2026-02-18 02:00:00,0.0
2026-02-18 03:00:00,0.0
2026-02-18 04:00:00,0.0
2026-02-18 05:00:00,0.0
2026-02-18 06:00:00,0.0
2026-02-18 07:00:00,0.35521199999999997
2026-02-18 08:00:00,1.2809801663999998
2026-02-18 09:00:00,2.1200439744
2026-02-18 10:00:00,2.9111708735999993
2026-02-18 11:00:00,3.6263690496
2026-02-18 12:00:00,3.6521343936
2026-02-18 13:00:00,3.8718212544000004
2026-02-18 14:00:00,3.9638801664
2026-02-18 15:00:00,3.2179800575999997
2026-02-18 16:00:00,2.7906683903999996
2026-02-18 17:00:00,2.56094256
2026-02-18 18:00:00,1.5660463104000002
2026-02-18 19:00:00,0.5309568
2026-02-18 20:00:00,0.0054081984000000005
2026-02-18 21:00:00,0.0
2026-02-18 22:00:00,0.0
2026-02-18 23:00:00,0.0
2026-02-19 00:00:00,0.0
2026-02-19 01:00:00,0.0
2026-02-19 02:00:00,0.0
2026-02-19 03:00:00,0.0
2026-02-19 04:00:00,0.0
2026-02-19 05:00:00,0.0
2026-02-19 06:00:00,0.0
2026-02-19 07:00:00,0.35397648000000004
2026-02-19 08:00:00,1.2065366016
2026-02-19 09:00:00,1.9506691776000002
2026-02-19 10:00:00,2.538624
2026-02-19 11:00:00,3.3924331584
2026-02-19 12:00:00,3.9485951999999993
2026-02-19 13:00:00,4.0607424
2026-02-19 14:00:00,4.2248644416
2026-02-19 15:00:00,3.8755670975999994
2026-02-19 16:00:00,3.1776672576000005
2026-02-19 17:00:00,2.5380298943999997
2026-02-19 18:00:00,1.5439537344
2026-02-19 19:00:00,0.5143930176
2026-02-19 20:00:00,0.0054039744
2026-02-19 21:00:00,0.0
2026-02-19 22:00:00,0.0
2026-02-19 23:00:00,0.0
2026-02-20 00:00:00,0.0
2026-02-20 01:00:00,0.0
2026-02-20 02:00:00,0.0
2026-02-20 03:00:00,0.0
2026-02-20 04:00:00,0.0
2026-02-20 05:00:00,0.0
2026-02-20 06:00:00,0.0
2026-02-20 07:00:00,0.2140991424
2026-02-20 08:00:00,0.7686609216
2026-02-20 09:00:00,1.5378196416
2026-02-20 10:00:00,2.4421478399999996
2026-02-20 11:00:00,3.6008755199999993
2026-02-20 12:00:00,4.4380233216
2026-02-20 13:00:00,4.576335033600001
2026-02-20 14:00:00,4.42976688
2026-02-20 15:00:00,4.02583104
2026-02-20 16:00:00,3.3855503616
2026-02-20 17:00:00,2.5475433984
2026-02-20 18:00:00,1.5324401664000002
2026-02-20 19:00:00,0.5014462464
2026-02-20 20:00:00,0.0053448384
2026-02-20 21:00:00,0.0
2026-02-20 22:00:00,0.0
2026-02-20 23:00:00,0.0
2026-02-21 00:00:00,0.0
2026-02-21 01:00:00,0.0
2026-02-21 02:00:00,0.0
2026-02-21 03:00:00,0.0
2026-02-21 04:00:00,0.0
2026-02-21 05:00:00,0.0
2026-02-21 06:00:00,0.0
2026-02-21 07:00:00,0.3608210496
2026-02-21 08:00:00,1.2468050496
2026-02-21 09:00:00,2.0464663296
2026-02-21 10:00:00,3.3342065856000005
2026-02-21 11:00:00,3.9849813696000003
2026-02-21 12:00:00,4.3972784064
2026-02-21 13:00:00,4.5028361664
2026-02-21 14:00:00,4.355704320000001
2026-02-21 15:00:00,3.9597997824
2026-02-21 16:00:00,3.3238554624
2026-02-21 17:00:00,2.3733278976
2026-02-21 18:00:00,1.4363232575999998
2026-02-21 19:00:00,0.4671568703999999
2026-02-21 20:00:00,0.0053469504
2026-02-21 21:00:00,0.0
2026-02-21 22:00:00,0.0
2026-02-21 23:00:00,0.0
2026-02-22 00:00:00,0.0
2026-02-22 01:00:00,0.0
2026-02-22 02:00:00,0.0
2026-02-22 03:00:00,0.0
2026-02-22 04:00:00,0.0
2026-02-22 05:00:00,0.0
2026-02-22 06:00:00,0.0
2026-02-22 07:00:00,0.0740323584
2026-02-22 08:00:00,0.4093030656
2026-02-22 09:00:00,0.41566842239999996
2026-02-22 10:00:00,0.9877859904
2026-02-22 11:00:00,1.1504553984
2026-02-22 12:00:00,1.4412186623999996
2026-02-22 13:00:00,0.7872792576
2026-02-22 14:00:00,1.1013556224
2026-02-22 15:00:00,0.9112487999999999
2026-02-22 16:00:00,0.6347145024
2026-02-22 17:00:00,0.3128034624
2026-02-22 18:00:00,0.1119311424
2026-02-22 19:00:00,0.032100710399999996
2026-02-22 20:00:00,0.0
2026-02-22 21:00:00,0.0
2026-02-22 22:00:00,0.0
2026-02-22 23:00:00,0.0
2026-02-23 00:00:00,0.0
2026-02-23 01:00:00,0.0
2026-02-23 02:00:00,0.0
2026-02-23 03:00:00,0.0
2026-02-23 04:00:00,0.0
2026-02-23 05:00:00,0.0
2026-02-23 06:00:00,0.0
2026-02-23 07:00:00,0.29026124159999994
2026-02-23 08:00:00,1.3344984576000003
2026-02-23 09:00:00,2.4322584
2026-02-23 10:00:00,3.33807936
2026-02-23 11:00:00,4.0671981504
2026-02-23 12:00:00,4.4515475136
2026-02-23 13:00:00,4.6382578176
2026-02-23 14:00:00,4.5005807616
2026-02-23 15:00:00,4.0976227776
2026-02-23 16:00:00,3.43875312
2026-02-23 17:00:00,2.5205765376
2026-02-23 18:00:00,1.4780145599999999
2026-02-23 19:00:00,0.4443928896
2026-02-23 20:00:00,0.0
2026-02-23 21:00:00,0.0
2026-02-23 22:00:00,0.0
2026-02-23 23:00:00,0.0
2026-02-24 00:00:00,0.0
2026-02-24 01:00:00,0.0
2026-02-24 02:00:00,0.0
2026-02-24 03:00:00,0.0
2026-02-24 04:00:00,0.0
2026-02-24 05:00:00,0.0
2026-02-24 06:00:00,0.0
2026-02-24 07:00:00,0.1520150016
2026-02-24 08:00:00,0.76881552
2026-02-24 09:00:00,1.8881252543999998
2026-02-24 10:00:00,2.6790768576
2026-02-24 11:00:00,3.0514190784000004
2026-02-24 12:00:00,2.9355378624
2026-02-24 13:00:00,3.1327521984
2026-02-24 14:00:00,1.3402262016
2026-02-24 15:00:00,2.6436562944000004
2026-02-24 16:00:00,1.1736367104
2026-02-24 17:00:00,1.0312372224000002
2026-02-24 18:00:00,0.7902759744000001
2026-02-24 19:00:00,0.3012624384
2026-02-24 20:00:00,0.0
2026-02-24 21:00:00,0.0
2026-02-24 22:00:00,0.0
2026-02-24 23:00:00,0.0
2026-02-25 00:00:00,0.0
2026-02-25 01:00:00,0.0
2026-02-25 02:00:00,0.0
2026-02-25 03:00:00,0.0
2026-02-25 04:00:00,0.0
2026-02-25 05:00:00,0.0
2026-02-25 06:00:00,0.0
2026-02-25 07:00:00,0.08152848
2026-02-25 08:00:00,0.5158416384
2026-02-25 09:00:00,1.4892033023999998
2026-02-25 10:00:00,1.9358575104
2026-02-25 11:00:00,2.1240305856
2026-02-25 12:00:00,2.49199104
2026-02-25 13:00:00,2.8337101056000003
2026-02-25 14:00:00,3.4968992256
2026-02-25 15:00:00,3.2644491264
2026-02-25 16:00:00,2.7961807104000003
2026-02-25 17:00:00,2.2620717504000005
2026-02-25 18:00:00,1.1938527744000003
2026-02-25 19:00:00,0.32465663999999994
2026-02-25 20:00:00,0.0
2026-02-25 21:00:00,0.0
2026-02-25 22:00:00,0.0
2026-02-25 23:00:00,0.0
2026-02-26 00:00:00,0.0
2026-02-26 01:00:00,0.0
2026-02-26 02:00:00,0.0
2026-02-26 03:00:00,0.0
2026-02-26 04:00:00,0.0
2026-02-26 05:00:00,0.0
2026-02-26 06:00:00,0.0
2026-02-26 07:00:00,0.19134192000000003
2026-02-26 08:00:00,0.8888208384
2026-02-26 09:00:00,1.4114174976
2026-02-26 10:00:00,2.4000381503999995
2026-02-26 11:00:00,3.3213381696
2026-02-26 12:00:00,3.7374771456
2026-02-26 13:00:00,3.8202506496000006
2026-02-26 14:00:00,3.6366595584000003
2026-02-26 15:00:00,2.3367047615999996
2026-02-26 16:00:00,1.5925307904
2026-02-26 17:00:00,1.7936525375999999
2026-02-26 18:00:00,1.3519908864
2026-02-26 19:00:00,0.37033920000000004
2026-02-26 20:00:00,0.0
2026-02-26 21:00:00,0.0
2026-02-26 22:00:00,0.0
2026-02-26 23:00:00,0.0
2026-02-27 00:00:00,0.0
2026-02-27 01:00:00,0.0
2026-02-27 02:00:00,0.0
2026-02-27 03:00:00,0.0
2026-02-27 04:00:00,0.0
2026-02-27 05:00:00,0.0
2026-02-27 06:00:00,0.0
2026-02-27 07:00:00,0.1680469824
2026-02-27 08:00:00,0.5174659776
2026-02-27 09:00:00,1.7316019776000002
2026-02-27 10:00:00,2.47194288
2026-02-27 11:00:00,2.9052359423999996
2026-02-27 12:00:00,2.8574859455999997
2026-02-27 13:00:00,3.6668222976000004
2026-02-27 14:00:00,3.3090526655999994
2026-02-27 15:00:00,3.4524088896
2026-02-27 16:00:00,2.2206799295999997
2026-02-27 17:00:00,1.8497312064
2026-02-27 18:00:00,0.7498286399999999
2026-02-27 19:00:00,0.23717232
2026-02-27 20:00:00,0.0
2026-02-27 21:00:00,0.0
2026-02-27 22:00:00,0.0
2026-02-27 23:00:00,0.0
2026-02-28 00:00:00,0.0
2026-02-28 01:00:00,0.0
2026-02-28 02:00:00,0.0
2026-02-28 03:00:00,0.0
2026-02-28 04:00:00,0.0
2026-02-28 05:00:00,0.0
2026-02-28 06:00:00,0.0
2026-02-28 07:00:00,0.2614417344
2026-02-28 08:00:00,1.0822496255999998
2026-02-28 09:00:00,1.5998216256
2026-02-28 10:00:00,2.1627150336
2026-02-28 11:00:00,2.9452414464
2026-02-28 12:00:00,3.14921904
2026-02-28 13:00:00,3.5156411136
2026-02-28 14:00:00,3.5109398016
2026-02-28 15:00:00,3.0861547199999997
2026-02-28 16:00:00,2.07389952
2026-02-28 17:00:00,1.2017560896
2026-02-28 18:00:00,0.43089509759999994
2026-02-28 19:00:00,0.1732712256
2026-02-28 20:00:00,0.0
2026-02-28 21:00:00,0.0
2026-02-28 22:00:00,0.0
2026-02-28 23:00:00,0.0
2026-03-01 00:00:00,0.0
2026-03-01 01:00:00,0.0
2026-03-01 02:00:00,0.0
2026-03-01 03:00:00,0.0
2026-03-01 04:00:00,0.0
2026-03-01 05:00:00,0.0
2026-03-01 06:00:00,0.0
2026-03-01 07:00:00,0.07975439999999999
2026-03-01 08:00:00,0.4250625984
2026-03-01 09:00:00,0.7732828224
2026-03-01 10:00:00,1.1290752
2026-03-01 11:00:00,1.6318900224
2026-03-01 12:00:00,1.5808598784
2026-03-01 13:00:00,1.6001922815999998
2026-03-01 14:00:00,1.32228096
2026-03-01 15:00:00,0.9060744
2026-03-01 16:00:00,0.8459168256
2026-03-01 17:00:00,1.2896351424
2026-03-01 18:00:00,0.22850213759999996
2026-03-01 19:00:00,0.10686720000000001
2026-03-01 20:00:00,0.0
2026-03-01 21:00:00,0.0
2026-03-01 22:00:00,0.0
2026-03-01 23:00:00,0.0
2026-03-02 00:00:00,0.0
2026-03-02 01:00:00,0.0
2026-03-02 02:00:00,0.0
2026-03-02 03:00:00,0.0
2026-03-02 04:00:00,0.0
2026-03-02 05:00:00,0.0
2026-03-02 06:00:00,0.0
2026-03-02 07:00:00,0.0215069184
2026-03-02 08:00:00,0.55628496
2026-03-02 09:00:00,0.3989304
2026-03-02 10:00:00,0.5095563263999999
2026-03-02 11:00:00,1.1061067776
2026-03-02 12:00:00,0.8033484096000001
2026-03-02 13:00:00,0.49204172160000004
2026-03-02 14:00:00,1.2343220736
2026-03-02 15:00:00,0.7158395904
2026-03-02 16:00:00,0.4998537984
2026-03-02 17:00:00,0.36931847040000004
2026-03-02 18:00:00,0.18860688
2026-03-02 19:00:00,0.0325188864
2026-03-02 20:00:00,0.0
2026-03-02 21:00:00,0.0
2026-03-02 22:00:00,0.0
2026-03-02 23:00:00,0.0
2026-03-03 00:00:00,0.0
2026-03-03 01:00:00,0.0
2026-03-03 02:00:00,0.0
2026-03-03 03:00:00,0.0
2026-03-03 04:00:00,0.0
2026-03-03 05:00:00,0.0
2026-03-03 06:00:00,0.0
2026-03-03 07:00:00,0.038229945599999995
2026-03-03 08:00:00,0.3411688896000001
2026-03-03 09:00:00,0.7709036544
2026-03-03 10:00:00,1.4459016
2026-03-03 11:00:00,1.96466688
2026-03-03 12:00:00,2.67750912
2026-03-03 13:00:00,3.6597090816
2026-03-03 14:00:00,3.5161488383999995
2026-03-03 15:00:00,3.5398192895999996
2026-03-03 16:00:00,2.9612199935999994
2026-03-03 17:00:00,1.6832116224
2026-03-03 18:00:00,0.7721841599999999
2026-03-03 19:00:00,0.16264511999999998
2026-03-03 20:00:00,0.0
2026-03-03 21:00:00,0.0
2026-03-03 22:00:00,0.0
2026-03-03 23:00:00,0.0
2026-03-04 00:00:00,0.0
2026-03-04 01:00:00,0.0
2026-03-04 02:00:00,0.0
2026-03-04 03:00:00,0.0
2026-03-04 04:00:00,0.0
2026-03-04 05:00:00,0.0
2026-03-04 06:00:00,0.0
2026-03-04 07:00:00,0.0977619456
2026-03-04 08:00:00,0.5638247999999999
2026-03-04 09:00:00,0.9772713983999999
2026-03-04 10:00:00,2.0433752064
2026-03-04 11:00:00,2.1130576896
2026-03-04 12:00:00,3.1282960896
2026-03-04 13:00:00,2.6331250176
2026-03-04 14:00:00,2.8217487936
2026-03-04 15:00:00,2.1382515263999995
2026-03-04 16:00:00,1.7853732864
2026-03-04 17:00:00,1.1602054464
2026-03-04 18:00:00,0.6389222399999999
2026-03-04 19:00:00,0.15669075840000002
2026-03-04 20:00:00,0.0
2026-03-04 21:00:00,0.0
2026-03-04 22:00:00,0.0
2026-03-04 23:00:00,0.0
2026-03-05 00:00:00,0.0
2026-03-05 01:00:00,0.0
2026-03-05 02:00:00,0.0
2026-03-05 03:00:00,0.0
2026-03-05 04:00:00,0.0
2026-03-05 05:00:00,0.0
2026-03-05 06:00:00,0.0
2026-03-05 07:00:00,0.19163760000000002
2026-03-05 08:00:00,0.7539840000000001
2026-03-05 09:00:00,1.4835019584
2026-03-05 10:00:00,2.5044096000000002
2026-03-05 11:00:00,3.7186526784000002
2026-03-05 12:00:00,4.2298234176
2026-03-05 13:00:00,4.3884916416
2026-03-05 14:00:00,4.2378469056
2026-03-05 15:00:00,3.8126337216
2026-03-05 16:00:00,3.1386311616
2026-03-05 17:00:00,2.2410890304
2026-03-05 18:00:00,1.2157753344
2026-03-05 19:00:00,0.2561366016
2026-03-05 20:00:00,0.0
2026-03-05 21:00:00,0.0
2026-03-05 22:00:00,0.0
2026-03-05 23:00:00,0.0
2026-03-06 00:00:00,0.0
2026-03-06 01:00:00,0.0
2026-03-06 02:00:00,0.0
2026-03-06 03:00:00,0.0
2026-03-06 04:00:00,0.0
2026-03-06 05:00:00,0.0
2026-03-06 06:00:00,0.0
2026-03-06 07:00:00,0.1362504
2026-03-06 08:00:00,0.5321916863999999
2026-03-06 09:00:00,1.1555337024
2026-03-06 10:00:00,1.5423750143999997
2026-03-06 11:00:00,2.3640720575999996
2026-03-06 12:00:00,3.3526462464000004
2026-03-06 13:00:00,4.1510329344
2026-03-06 14:00:00,4.1483211264
2026-03-06 15:00:00,3.7655456255999997
2026-03-06 16:00:00,3.1044777983999996
2026-03-06 17:00:00,2.2211794175999997
2026-03-06 18:00:00,1.1879845824000002
2026-03-06 19:00:00,0.23518218239999997
2026-03-06 20:00:00,0.0
2026-03-06 21:00:00,0.0
2026-03-06 22:00:00,0.0
2026-03-06 23:00:00,0.0
2026-03-07 00:00:00,0.0
2026-03-07 01:00:00,0.0
2026-03-07 02:00:00,0.0
2026-03-07 03:00:00,0.0
2026-03-07 04:00:00,0.0
2026-03-07 05:00:00,0.0
2026-03-07 06:00:00,0.0
2026-03-07 07:00:00,0.16850528639999998
2026-03-07 08:00:00,0.95648256
2026-03-07 09:00:00,1.2217261056000002
2026-03-07 10:00:00,2.1440069376
2026-03-07 11:00:00,2.4435687936
2026-03-07 12:00:00,3.1482792000000006
2026-03-07 13:00:00,3.5983132416
2026-03-07 14:00:00,2.8942947263999996
2026-03-07 15:00:00,3.2607119424
2026-03-07 16:00:00,2.9373816383999998
2026-03-07 17:00:00,1.6813368000000002
2026-03-07 18:00:00,0.9980397503999998
2026-03-07 19:00:00,0.17835903360000002
2026-03-07 20:00:00,0.0
2026-03-07 21:00:00,0.0
2026-03-07 22:00:00,0.0
2026-03-07 23:00:00,0.0
2026-03-08 00:00:00,0.0
2026-03-08 01:00:00,0.0
2026-03-08 02:00:00,0.0
2026-03-08 03:00:00,0.0
2026-03-08 04:00:00,0.0
2026-03-08 05:00:00,0.0
2026-03-08 06:00:00,0.0
2026-03-08 07:00:00,0.1744613376
2026-03-08 08:00:00,1.0428278784
2026-03-08 09:00:00,1.8646609344
2026-03-08 10:00:00,2.1409033535999997
2026-03-08 11:00:00,2.6923444416
2026-03-08 12:00:00,3.2574203903999996
2026-03-08 13:00:00,3.2031700799999996
2026-03-08 14:00:00,3.0897003456
2026-03-08 15:00:00,3.0387861504
2026-03-08 16:00:00,2.0734397375999998
2026-03-08 17:00:00,2.0669510399999997
2026-03-08 18:00:00,1.1020770815999998
2026-03-08 19:00:00,0.2085804864
2026-03-08 20:00:00,0.0
2026-03-08 21:00:00,0.0
2026-03-08 22:00:00,0.0
2026-03-08 23:00:00,0.0
2026-03-09 00:00:00,0.0
2026-03-09 01:00:00,0.0
2026-03-09 02:00:00,0.0
2026-03-09 03:00:00,0.0
2026-03-09 04:00:00,0.0
2026-03-09 05:00:00,0.0
2026-03-09 06:00:00,0.0
2026-03-09 07:00:00,0.15779322240000002
2026-03-09 08:00:00,1.0543104
2026-03-09 09:00:00,2.0504717376
2026-03-09 10:00:00,2.8764305855999996
2026-03-09 11:00:00,3.5974990655999997
2026-03-09 12:00:00,3.6933811200000006
2026-03-09 13:00:00,3.9136084416
2026-03-09 14:00:00,2.5767090624
2026-03-09 15:00:00,2.3692737023999997
2026-03-09 16:00:00,1.9370602944000002
2026-03-09 17:00:00,1.7759413055999997
2026-03-09 18:00:00,0.9054169344
2026-03-09 19:00:00,0.1500635136
2026-03-09 20:00:00,0.0
2026-03-09 21:00:00,0.0
2026-03-09 22:00:00,0.0
2026-03-09 23:00:00,0.0
2026-03-10 00:00:00,0.0
2026-03-10 01:00:00,0.0
2026-03-10 02:00:00,0.0
2026-03-10 03:00:00,0.0
2026-03-10 04:00:00,0.0
2026-03-10 05:00:00,0.0
2026-03-10 06:00:00,0.0
2026-03-10 07:00:00,0.1143261504
2026-03-10 08:00:00,0.8231376384
2026-03-10 09:00:00,2.0408661504
2026-03-10 10:00:00,2.8402108415999994
2026-03-10 11:00:00,3.5683838784
2026-03-10 12:00:00,4.0068864
2026-03-10 13:00:00,4.1104172735999995
2026-03-10 14:00:00,3.8828063999999998
2026-03-10 15:00:00,3.2919505343999993
2026-03-10 16:00:00,2.3006370816
2026-03-10 17:00:00,2.0122344
2026-03-10 18:00:00,1.0560067584
2026-03-10 19:00:00,0.1747348416
2026-03-10 20:00:00,0.0
2026-03-10 21:00:00,0.0
2026-03-10 22:00:00,0.0
2026-03-10 23:00:00,0.0
2026-03-11 00:00:00,0.0
2026-03-11 01:00:00,0.0
2026-03-11 02:00:00,0.0
2026-03-11 03:00:00,0.0
2026-03-11 04:00:00,0.0
2026-03-11 05:00:00,0.0
2026-03-11 06:00:00,0.0
2026-03-11 07:00:00,0.1381695744
2026-03-11 08:00:00,0.8316211200000001
2026-03-11 09:00:00,1.2605370624
2026-03-11 10:00:00,2.1584285183999996
2026-03-11 11:00:00,2.6596052736
2026-03-11 12:00:00,2.1639281664
2026-03-11 13:00:00,1.4550142463999998
2026-03-11 14:00:00,1.1870172864000001
2026-03-11 15:00:00,0.8126712
2026-03-11 16:00:00,1.5018784704
2026-03-11 17:00:00,0.8765501184
2026-03-11 18:00:00,0.6998971584
2026-03-11 19:00:00,0.1468310976
2026-03-11 20:00:00,0.0
2026-03-11 21:00:00,0.0
2026-03-11 22:00:00,0.0
2026-03-11 23:00:00,0.0
2026-03-12 00:00:00,0.0
2026-03-12 01:00:00,0.0
2026-03-12 02:00:00,0.0
2026-03-12 03:00:00,0.0
2026-03-12 04:00:00,0.0
2026-03-12 05:00:00,0.0
2026-03-12 06:00:00,0.0
2026-03-12 07:00:00,0.12133608959999999
2026-03-12 08:00:00,0.7681741055999998
2026-03-12 09:00:00,1.4175982656000001
2026-03-12 10:00:00,1.5483395136
2026-03-12 11:00:00,1.6183016256
2026-03-12 12:00:00,2.6316417600000004
2026-03-12 13:00:00,2.3656463424
2026-03-12 14:00:00,1.2918242304
2026-03-12 15:00:00,1.1728077503999998
2026-03-12 16:00:00,1.4844335615999997
2026-03-12 17:00:00,1.1034086976
2026-03-12 18:00:00,0.7115682816000001
2026-03-12 19:00:00,0.0766343424
2026-03-12 20:00:00,0.0
2026-03-12 21:00:00,0.0
2026-03-12 22:00:00,0.0
2026-03-12 23:00:00,0.0
2026-03-13 00:00:00,0.0
2026-03-13 01:00:00,0.0
2026-03-13 02:00:00,0.0
2026-03-13 03:00:00,0.0
2026-03-13 04:00:00,0.0
2026-03-13 05:00:00,0.0
2026-03-13 06:00:00,0.0
2026-03-13 07:00:00,0.09331090560000001
2026-03-13 08:00:00,0.5947392
2026-03-13 09:00:00,1.6201253376000002
2026-03-13 10:00:00,1.7147503296000002
2026-03-13 11:00:00,2.3598220800000003
2026-03-13 12:00:00,3.2924390399999997
2026-03-13 13:00:00,3.1842947136000004
2026-03-13 14:00:00,3.9201862656000004
2026-03-13 15:00:00,3.4713564864000004
2026-03-13 16:00:00,2.9249715264
2026-03-13 17:00:00,1.6986968064
2026-03-13 18:00:00,0.7334581056
2026-03-13 19:00:00,0.1200815616
2026-03-13 20:00:00,0.0
2026-03-13 21:00:00,0.0
2026-03-13 22:00:00,0.0
2026-03-13 23:00:00,0.0
2026-03-14 00:00:00,0.0
2026-03-14 01:00:00,0.0
2026-03-14 02:00:00,0.0
2026-03-14 03:00:00,0.0
2026-03-14 04:00:00,0.0
2026-03-14 05:00:00,0.0
2026-03-14 06:00:00,0.0
2026-03-14 07:00:00,0.1498533696
2026-03-14 08:00:00,0.9516570624000001
2026-03-14 09:00:00,1.6865433024
2026-03-14 10:00:00,2.3763436224000003
2026-03-14 11:00:00,3.6551133696
2026-03-14 12:00:00,4.0795121664
2026-03-14 13:00:00,4.1895454656
2026-03-14 14:00:00,4.012267142400001
2026-03-14 15:00:00,3.5805580799999994
2026-03-14 16:00:00,2.9104137216
2026-03-14 17:00:00,2.0182846463999997
2026-03-14 18:00:00,0.9837660096
2026-03-14 19:00:00,0.11901288959999999
2026-03-14 20:00:00,0.0
2026-03-14 21:00:00,0.0
2026-03-14 22:00:00,0.0
2026-03-14 23:00:00,0.0
2026-03-15 00:00:00,0.0
2026-03-15 01:00:00,0.0
2026-03-15 02:00:00,0.0
2026-03-15 03:00:00,0.0
2026-03-15 04:00:00,0.0
2026-03-15 05:00:00,0.0
2026-03-15 06:00:00,0.0
2026-03-15 07:00:00,0.11079552000000001
2026-03-15 08:00:00,0.7238778624000001
2026-03-15 09:00:00,1.7116190784
2026-03-15 10:00:00,2.6749350144000004
2026-03-15 11:00:00,3.45581808
2026-03-15 12:00:00,3.8049859584
2026-03-15 13:00:00,3.9740209343999995
2026-03-15 14:00:00,3.7056324095999997
2026-03-15 15:00:00,3.0976372416
2026-03-15 16:00:00,1.9786911936000002
2026-03-15 17:00:00,1.2257281344
2026-03-15 18:00:00,0.4163358144
2026-03-15 19:00:00,0.032138726400000005
2026-03-15 20:00:00,0.0
2026-03-15 21:00:00,0.0
2026-03-15 22:00:00,0.0
2026-03-15 23:00:00,0.0
2026-03-16 00:00:00,0.0
2026-03-16 01:00:00,0.0
2026-03-16 02:00:00,0.0
2026-03-16 03:00:00,0.0
2026-03-16 04:00:00,0.0
2026-03-16 05:00:00,0.0
2026-03-16 06:00:00,0.0
2026-03-16 07:00:00,0.07072940159999999
2026-03-16 08:00:00,0.5430283584
2026-03-16 09:00:00,0.5963246783999999
2026-03-16 10:00:00,1.2764311296
2026-03-16 11:00:00,1.6077659136
2026-03-16 12:00:00,1.8303654335999997
2026-03-16 13:00:00,1.5404664
2026-03-16 14:00:00,1.48884912
2026-03-16 15:00:00,1.1988320256
2026-03-16 16:00:00,0.7503465023999998
2026-03-16 17:00:00,0.3068467776
2026-03-16 18:00:00,0.0596992704
2026-03-16 19:00:00,0.0054356544
2026-03-16 20:00:00,0.0
2026-03-16 21:00:00,0.0
2026-03-16 22:00:00,0.0
2026-03-16 23:00:00,0.0
2026-03-17 00:00:00,0.0
2026-03-17 01:00:00,0.0
2026-03-17 02:00:00,0.0
2026-03-17 03:00:00,0.0
2026-03-17 04:00:00,0.0
2026-03-17 05:00:00,0.0
2026-03-17 06:00:00,0.0
2026-03-17 07:00:00,0.0163538496
2026-03-17 08:00:00,0.11952399360000002
2026-03-17 09:00:00,0.21669120000000003
2026-03-17 10:00:00,0.6006798336
2026-03-17 11:00:00,1.00560768
2026-03-17 12:00:00,1.4327157503999999
2026-03-17 13:00:00,1.7259587135999999
2026-03-17 14:00:00,2.2210056000000002
2026-03-17 15:00:00,1.9010147904
2026-03-17 16:00:00,1.23261072
2026-03-17 17:00:00,0.7540786175999998
2026-03-17 18:00:00,0.8495308800000001
2026-03-17 19:00:00,0.08137008
2026-03-17 20:00:00,0.0
2026-03-17 21:00:00,0.0
2026-03-17 22:00:00,0.0
2026-03-17 23:00:00,0.0
2026-03-18 00:00:00,0.0
2026-03-18 01:00:00,0.0
2026-03-18 02:00:00,0.0
2026-03-18 03:00:00,0.0
2026-03-18 04:00:00,0.0
2026-03-18 05:00:00,0.0
2026-03-18 06:00:00,0.0
2026-03-18 07:00:00,0.0659805696
2026-03-18 08:00:00,0.5153438400000001
2026-03-18 09:00:00,1.0734634943999999
2026-03-18 10:00:00,2.0806087104
2026-03-18 11:00:00,2.63907072
2026-03-18 12:00:00,3.0751951296
2026-03-18 13:00:00,3.00720816
2026-03-18 14:00:00,2.2053873600000005
2026-03-18 15:00:00,1.8211843583999998
2026-03-18 16:00:00,1.4943639744
2026-03-18 17:00:00,0.9656131584
2026-03-18 18:00:00,0.4005144
2026-03-18 19:00:00,0.0701528256
2026-03-18 20:00:00,0.0
2026-03-18 21:00:00,0.0
2026-03-18 22:00:00,0.0
2026-03-18 23:00:00,0.0
2026-03-19 00:00:00,0.0
2026-03-19 01:00:00,0.0
2026-03-19 02:00:00,0.0
2026-03-19 03:00:00,0.0
2026-03-19 04:00:00,0.0
2026-03-19 05:00:00,0.0
2026-03-19 06:00:00,0.0
2026-03-19 07:00:00,0.04348354559999999
2026-03-19 08:00:00,0.4201756416
2026-03-19 09:00:00,0.7647347135999999
2026-03-19 10:00:00,1.2713093183999997
2026-03-19 11:00:00,1.3967272704000002
2026-03-19 12:00:00,1.7714562624
2026-03-19 13:00:00,1.9917748224000005
2026-03-19 14:00:00,1.7899041599999999
2026-03-19 15:00:00,1.9712960256
2026-03-19 16:00:00,1.7956038144
2026-03-19 17:00:00,0.9178610496
2026-03-19 18:00:00,0.4941927936
2026-03-19 19:00:00,0.0435342336
2026-03-19 20:00:00,0.0
2026-03-19 21:00:00,0.0
2026-03-19 22:00:00,0.0
2026-03-19 23:00:00,0.0
2026-03-20 00:00:00,0.0
2026-03-20 01:00:00,0.0
2026-03-20 02:00:00,0.0
2026-03-20 03:00:00,0.0
2026-03-20 04:00:00,0.0
2026-03-20 05:00:00,0.0
2026-03-20 06:00:00,0.0
2026-03-20 07:00:00,0.0659552256
2026-03-20 08:00:00,0.4976902655999999
2026-03-20 09:00:00,1.1746747584
2026-03-20 10:00:00,1.6175233536
2026-03-20 11:00:00,2.5433479103999996
2026-03-20 12:00:00,3.09944448
2026-03-20 13:00:00,3.5756937215999995
2026-03-20 14:00:00,3.8321158655999996
2026-03-20 15:00:00,3.4685316863999995
2026-03-20 16:00:00,2.7879565824
2026-03-20 17:00:00,1.8172256256
2026-03-20 18:00:00,0.7666458623999999
2026-03-20 19:00:00,0.0652709376
2026-03-20 20:00:00,0.0
2026-03-20 21:00:00,0.0
2026-03-20 22:00:00,0.0
2026-03-20 23:00:00,0.0
2026-03-21 00:00:00,0.0
2026-03-21 01:00:00,0.0
2026-03-21 02:00:00,0.0
2026-03-21 03:00:00,0.0
2026-03-21 04:00:00,0.0
2026-03-21 05:00:00,0.0
2026-03-21 06:00:00,0.0
2026-03-21 07:00:00,0.032886374399999994
2026-03-21 08:00:00,0.37412749440000004
2026-03-21 09:00:00,0.6611558976
2026-03-21 10:00:00,1.2261359616
2026-03-21 11:00:00,1.7713783296000003
2026-03-21 12:00:00,2.5338608064
2026-03-21 13:00:00,2.7250274304000004
2026-03-21 14:00:00,2.7425369664000003
2026-03-21 15:00:00,2.7854084544
2026-03-21 16:00:00,2.1582792
2026-03-21 17:00:00,1.6949427264
2026-03-21 18:00:00,0.7047961536000001
2026-03-21 19:00:00,0.054130560000000015
2026-03-21 20:00:00,0.0
2026-03-21 21:00:00,0.0
2026-03-21 22:00:00,0.0
2026-03-21 23:00:00,0.0
2026-03-22 00:00:00,0.0
2026-03-22 01:00:00,0.0
2026-03-22 02:00:00,0.0
2026-03-22 03:00:00,0.0
2026-03-22 04:00:00,0.0
2026-03-22 05:00:00,0.0
2026-03-22 06:00:00,0.0
2026-03-22 07:00:00,0.043990425599999994
2026-03-22 08:00:00,0.36435864960000003
2026-03-22 09:00:00,1.0247873856000003
2026-03-22 10:00:00,2.3029611264
2026-03-22 11:00:00,3.2945510400000004
2026-03-22 12:00:00,3.6610438656000004
2026-03-22 13:00:00,3.7442617343999998
2026-03-22 14:00:00,3.3850865664
2026-03-22 15:00:00,2.8847653824
2026-03-22 16:00:00,2.3133141504
2026-03-22 17:00:00,1.5750503999999996
2026-03-22 18:00:00,0.7110360576000001
2026-03-22 19:00:00,0.0475827264
2026-03-22 20:00:00,0.0
2026-03-22 21:00:00,0.0
2026-03-22 22:00:00,0.0
2026-03-22 23:00:00,0.0
2026-03-23 00:00:00,0.0
2026-03-23 01:00:00,0.0
2026-03-23 02:00:00,0.0
2026-03-23 03:00:00,0.0
2026-03-23 04:00:00,0.0
2026-03-23 05:00:00,0.0
2026-03-23 06:00:00,0.0
2026-03-23 07:00:00,0.0764865024
2026-03-23 08:00:00,0.8156275776000002
2026-03-23 09:00:00,1.8110399999999998
2026-03-23 10:00:00,2.7040780800000004
2026-03-23 11:00:00,3.0999023616
2026-03-23 12:00:00,3.5461747199999993
2026-03-23 13:00:00,3.7070229504
2026-03-23 14:00:00,3.0526704384000003
2026-03-23 15:00:00,2.8554888384
2026-03-23 16:00:00,2.2116921024
2026-03-23 17:00:00,1.12164096
2026-03-23 18:00:00,0.62447616
2026-03-23 19:00:00,0.0320753664
2026-03-23 20:00:00,0.0
2026-03-23 21:00:00,0.0
2026-03-23 22:00:00,0.0
2026-03-23 23:00:00,0.0
2026-03-24 00:00:00,0.0
2026-03-24 01:00:00,0.0
2026-03-24 02:00:00,0.0
2026-03-24 03:00:00,0.0
2026-03-24 04:00:00,0.0
2026-03-24 05:00:00,0.0
2026-03-24 06:00:00,0.0
2026-03-24 07:00:00,0.0594901824
2026-03-24 08:00:00,0.6817466303999999
2026-03-24 09:00:00,1.5081164736000001
2026-03-24 10:00:00,1.8203767295999997
2026-03-24 11:00:00,2.0509393344
2026-03-24 12:00:00,2.0712029184
2026-03-24 13:00:00,2.3952874176
2026-03-24 14:00:00,2.6733427776
2026-03-24 15:00:00,2.6973169344000003
2026-03-24 16:00:00,1.7817195264
2026-03-24 17:00:00,0.2258758656
2026-03-24 18:00:00,0.1564457664
2026-03-24 19:00:00,0.021675878399999998
2026-03-24 20:00:00,0.0
2026-03-24 21:00:00,0.0
2026-03-24 22:00:00,0.0
2026-03-24 23:00:00,0.0
2026-03-25 00:00:00,0.0
2026-03-25 01:00:00,0.0
2026-03-25 02:00:00,0.0
2026-03-25 03:00:00,0.0
2026-03-25 04:00:00,0.0
2026-03-25 05:00:00,0.0
2026-03-25 06:00:00,0.0
2026-03-25 07:00:00,0.054299520000000004
2026-03-25 08:00:00,0.6491586815999999
2026-03-25 09:00:00,1.1398058495999999
2026-03-25 10:00:00,1.6507873536
2026-03-25 11:00:00,2.3687161344
2026-03-25 12:00:00,2.52153792
2026-03-25 13:00:00,3.2275514304
2026-03-25 14:00:00,2.6905560000000004
2026-03-25 15:00:00,1.4118829824
2026-03-25 16:00:00,1.6138873344
2026-03-25 17:00:00,1.5062471424
2026-03-25 18:00:00,0.5299008000000001
2026-03-25 19:00:00,0.0215829504
2026-03-25 20:00:00,0.0
2026-03-25 21:00:00,0.0
2026-03-25 22:00:00,0.0
2026-03-25 23:00:00,0.0
2026-03-26 00:00:00,0.0
2026-03-26 01:00:00,0.0
2026-03-26 02:00:00,0.0
2026-03-26 03:00:00,0.0
2026-03-26 04:00:00,0.0
2026-03-26 05:00:00,0.0
2026-03-26 06:00:00,0.0
2026-03-26 07:00:00,0.027461280000000005
2026-03-26 08:00:00,0.29422103039999997
2026-03-26 09:00:00,1.24750032
2026-03-26 10:00:00,2.1183163584
2026-03-26 11:00:00,2.51372352
2026-03-26 12:00:00,2.4444566784
2026-03-26 13:00:00,2.0051809536
2026-03-26 14:00:00,1.1353366463999999
2026-03-26 15:00:00,0.6274804800000001
2026-03-26 16:00:00,0.35850672
2026-03-26 17:00:00,0.17204077439999999
2026-03-26 18:00:00,0.0666902016
2026-03-26 19:00:00,0.0055708224
2026-03-26 20:00:00,0.0
2026-03-26 21:00:00,0.0
2026-03-26 22:00:00,0.0
2026-03-26 23:00:00,0.0
2026-03-27 00:00:00,0.0
2026-03-27 01:00:00,0.0
2026-03-27 02:00:00,0.0
2026-03-27 03:00:00,0.0
2026-03-27 04:00:00,0.0
2026-03-27 05:00:00,0.0
2026-03-27 06:00:00,0.0
2026-03-27 07:00:00,0.038643897600000005
2026-03-27 08:00:00,0.6949257216
2026-03-27 09:00:00,1.1339997504
2026-03-27 10:00:00,2.1863821056
2026-03-27 11:00:00,2.3438462784
2026-03-27 12:00:00,1.9919539200000003
2026-03-27 13:00:00,2.2484791295999997
2026-03-27 14:00:00,2.2323603456
2026-03-27 15:00:00,2.2740417216
2026-03-27 16:00:00,1.3998046656
2026-03-27 17:00:00,0.9746789183999999
2026-03-27 18:00:00,0.37718778240000006
2026-03-27 19:00:00,0.0055159104
2026-03-27 20:00:00,0.0
2026-03-27 21:00:00,0.0
2026-03-27 22:00:00,0.0
2026-03-27 23:00:00,0.0
2026-03-28 00:00:00,0.0
2026-03-28 01:00:00,0.0
2026-03-28 02:00:00,0.0
2026-03-28 03:00:00,0.0
2026-03-28 04:00:00,0.0
2026-03-28 05:00:00,0.0
2026-03-28 06:00:00,0.0
2026-03-28 07:00:00,0.0110643456
2026-03-28 08:00:00,0.20887426559999997
2026-03-28 09:00:00,0.5760674304
2026-03-28 10:00:00,0.9716207424
2026-03-28 11:00:00,2.0369750016
2026-03-28 12:00:00,2.0558298816000002
2026-03-28 13:00:00,1.9158220224
2026-03-28 14:00:00,1.59397392
2026-03-28 15:00:00,2.0972990015999997
2026-03-28 16:00:00,1.4164761600000002
2026-03-28 17:00:00,0.6165508800000001
2026-03-28 18:00:00,0.2656847424
2026-03-28 19:00:00,0.0054652224
2026-03-28 20:00:00,0.0
2026-03-28 21:00:00,0.0
2026-03-28 22:00:00,0.0
2026-03-28 23:00:00,0.0
2026-03-29 00:00:00,0.0
2026-03-29 01:00:00,0.0
2026-03-29 02:00:00,0.0
2026-03-29 03:00:00,0.0
2026-03-29 04:00:00,0.0
2026-03-29 05:00:00,0.0
2026-03-29 06:00:00,0.0
2026-03-29 07:00:00,0.027524640000000003
2026-03-29 08:00:00,0.5803043136
2026-03-29 09:00:00,1.3211884224000001
2026-03-29 10:00:00,1.3949236224000001
2026-03-29 11:00:00,2.3433702336
2026-03-29 12:00:00,3.6328180415999993
2026-03-29 13:00:00,3.8619075264000005
2026-03-29 14:00:00,3.7334736384
2026-03-29 15:00:00,3.2931131904
2026-03-29 16:00:00,2.5670109696
2026-03-29 17:00:00,1.6062640703999997
2026-03-29 18:00:00,0.5896281600000001
2026-03-29 19:00:00,0.0164172096
2026-03-29 20:00:00,0.0
2026-03-29 21:00:00,0.0
2026-03-29 22:00:00,0.0
2026-03-29 23:00:00,0.0
2026-03-30 00:00:00,0.0
2026-03-30 01:00:00,0.0
2026-03-30 02:00:00,0.0
2026-03-30 03:00:00,0.0
2026-03-30 04:00:00,0.0
2026-03-30 05:00:00,0.0
2026-03-30 06:00:00,0.0
2026-03-30 07:00:00,0.027820320000000006
2026-03-30 08:00:00,0.4816644096
2026-03-30 09:00:00,1.1560817663999998
2026-03-30 10:00:00,2.3723764416
2026-03-30 11:00:00,3.0868200000000003
2026-03-30 12:00:00,3.6233742336
2026-03-30 13:00:00,3.7467623424000003
2026-03-30 14:00:00,3.5681716224000004
2026-03-30 15:00:00,3.1146692544
2026-03-30 16:00:00,2.3859785664
2026-03-30 17:00:00,1.4840553024
2026-03-30 18:00:00,0.5269440000000001
2026-03-30 19:00:00,0.0107475456
2026-03-30 20:00:00,0.0
2026-03-30 21:00:00,0.0
2026-03-30 22:00:00,0.0
2026-03-30 23:00:00,0.0
2026-03-31 00:00:00,0.0
2026-03-31 01:00:00,0.0
2026-03-31 02:00:00,0.0
2026-03-31 03:00:00,0.0
2026-03-31 04:00:00,0.0
2026-03-31 05:00:00,0.0
2026-03-31 06:00:00,0.0
2026-03-31 07:00:00,0.038525625599999995
2026-03-31 08:00:00,0.6066874176
2026-03-31 09:00:00,1.5204220416
2026-03-31 10:00:00,2.3285154816
2026-03-31 11:00:00,2.9934151104
2026-03-31 12:00:00,3.3269505984
2026-03-31 13:00:00,3.5680820736000003
2026-03-31 14:00:00,3.4868123135999998
2026-03-31 15:00:00,3.0994596864000004
2026-03-31 16:00:00,2.406096
2026-03-31 17:00:00,1.5124031999999998
2026-03-31 18:00:00,0.5360304576
2026-03-31 19:00:00,0.0106588416
2026-03-31 20:00:00,0.0
2026-03-31 21:00:00,0.0
2026-03-31 22:00:00,0.0
2026-03-31 23:00:00,0.0
2026-04-01 00:00:00,0.0
2026-04-01 01:00:00,0.0
2026-04-01 02:00:00,0.0
2026-04-01 03:00:00,0.0
2026-04-01 04:00:00,0.0
2026-04-01 05:00:00,0.0
2026-04-01 06:00:00,0.0
2026-04-01 07:00:00,0.0324808704
2026-04-01 08:00:00,0.5639783423999999
2026-04-01 09:00:00,1.1831704896000002
2026-04-01 10:00:00,1.7223493056000003
2026-04-01 11:00:00,2.8356161855999997
2026-04-01 12:00:00,3.2583243264
2026-04-01 13:00:00,3.2117042496
2026-04-01 14:00:00,2.7995675135999996
2026-04-01 15:00:00,2.1331463999999998
2026-04-01 16:00:00,1.22119536
2026-04-01 17:00:00,0.42696192
2026-04-01 18:00:00,0.268752
2026-04-01 19:00:00,0.0054208704000000005
2026-04-01 20:00:00,0.0
2026-04-01 21:00:00,0.0
2026-04-01 22:00:00,0.0
2026-04-01 23:00:00,0.0
2026-04-02 00:00:00,0.0
2026-04-02 01:00:00,0.0
2026-04-02 02:00:00,0.0
2026-04-02 03:00:00,0.0
2026-04-02 04:00:00,0.0
2026-04-02 05:00:00,0.0
2026-04-02 06:00:00,0.0
2026-04-02 07:00:00,0.0331778304
2026-04-02 08:00:00,0.7081973184
2026-04-02 09:00:00,1.7119878336
2026-04-02 10:00:00,2.5984668864000002
2026-04-02 11:00:00,3.2387503104
2026-04-02 12:00:00,3.6175028736
2026-04-02 13:00:00,3.6979751424000002
2026-04-02 14:00:00,3.4239135744
2026-04-02 15:00:00,2.9432139264
2026-04-02 16:00:00,2.36546112
2026-04-02 17:00:00,1.07092656
2026-04-02 18:00:00,0.3155448384
2026-04-02 19:00:00,0.005425094399999999
2026-04-02 20:00:00,0.0
2026-04-02 21:00:00,0.0
2026-04-02 22:00:00,0.0
2026-04-02 23:00:00,0.0
2026-04-03 00:00:00,0.0
2026-04-03 01:00:00,0.0
2026-04-03 02:00:00,0.0
2026-04-03 03:00:00,0.0
2026-04-03 04:00:00,0.0
2026-04-03 05:00:00,0.0
2026-04-03 06:00:00,0.0
2026-04-03 07:00:00,0.0055095744
2026-04-03 08:00:00,0.1806590016
2026-04-03 09:00:00,0.6911410176
2026-04-03 10:00:00,1.2349556736
2026-04-03 11:00:00,1.6511556864
2026-04-03 12:00:00,2.1005259264
2026-04-03 13:00:00,2.6886292224000004
2026-04-03 14:00:00,2.39676624
2026-04-03 15:00:00,2.5016200704
2026-04-03 16:00:00,1.7383823424000002
2026-04-03 17:00:00,0.8339496
2026-04-03 18:00:00,0.24620112
2026-04-03 19:00:00,0.0
2026-04-03 20:00:00,0.0
2026-04-03 21:00:00,0.0
2026-04-03 22:00:00,0.0
2026-04-03 23:00:00,0.0
2026-04-04 00:00:00,0.0
2026-04-04 01:00:00,0.0
2026-04-04 02:00:00,0.0
2026-04-04 03:00:00,0.0
2026-04-04 04:00:00,0.0
2026-04-04 05:00:00,0.0
2026-04-04 06:00:00,0.0
2026-04-04 07:00:00,0.027873120000000005
2026-04-04 08:00:00,0.6612919104
2026-04-04 09:00:00,1.6926068544000001
2026-04-04 10:00:00,2.5791801023999996
2026-04-04 11:00:00,3.3064739136
2026-04-04 12:00:00,3.5283004416
2026-04-04 13:00:00,3.8201397695999995
2026-04-04 14:00:00,3.54038256
2026-04-04 15:00:00,3.0941450496
2026-04-04 16:00:00,2.1843095999999997
2026-04-04 17:00:00,1.4492358144000002
2026-04-04 18:00:00,0.45948144000000013
2026-04-04 19:00:00,0.0
2026-04-04 20:00:00,0.0
2026-04-04 21:00:00,0.0
2026-04-04 22:00:00,0.0
2026-04-04 23:00:00,0.0
2026-04-05 00:00:00,0.0
2026-04-05 01:00:00,0.0
2026-04-05 02:00:00,0.0
2026-04-05 03:00:00,0.0
2026-04-05 04:00:00,0.0
2026-04-05 05:00:00,0.0
2026-04-05 06:00:00,0.0
2026-04-05 07:00:00,0.028116000000000002
2026-04-05 08:00:00,0.6355582464
2026-04-05 09:00:00,1.6285817856000002
2026-04-05 10:00:00,2.45735424
2026-04-05 11:00:00,3.0679993344
2026-04-05 12:00:00,3.380973446399999
2026-04-05 13:00:00,3.5427230784
2026-04-05 14:00:00,3.3311545344000004
2026-04-05 15:00:00,2.9379138624000003
2026-04-05 16:00:00,2.2420586496
2026-04-05 17:00:00,1.3420845503999999
2026-04-05 18:00:00,0.4257792000000001
2026-04-05 19:00:00,0.0
2026-04-05 20:00:00,0.0
2026-04-05 21:00:00,0.0
2026-04-05 22:00:00,0.0
2026-04-05 23:00:00,0.0
2026-04-06 00:00:00,0.0
2026-04-06 01:00:00,0.0
2026-04-06 02:00:00,0.0
2026-04-06 03:00:00,0.0
2026-04-06 04:00:00,0.0
2026-04-06 05:00:00,0.0
2026-04-06 06:00:00,0.0
2026-04-06 07:00:00,0.0054863424
2026-04-06 08:00:00,0.1476294336
2026-04-06 09:00:00,0.3151332096
2026-04-06 10:00:00,0.4430739456
2026-04-06 11:00:00,0.37817472
2026-04-06 12:00:00,0.6215937024
2026-04-06 13:00:00,0.8038814784
2026-04-06 14:00:00,0.4608367103999999
2026-04-06 15:00:00,0.8917132224
2026-04-06 16:00:00,1.299936
2026-04-06 17:00:00,0.5401541376
2026-04-06 18:00:00,0.1502409216
2026-04-06 19:00:00,0.0
2026-04-06 20:00:00,0.0
2026-04-06 21:00:00,0.0
2026-04-06 22:00:00,0.0
2026-04-06 23:00:00,0.0
2026-04-07 00:00:00,0.0
2026-04-07 01:00:00,0.0
2026-04-07 02:00:00,0.0
2026-04-07 03:00:00,0.0
2026-04-07 04:00:00,0.0
2026-04-07 05:00:00,0.0
2026-04-07 06:00:00,0.0
2026-04-07 07:00:00,0.010891161600000001
2026-04-07 08:00:00,0.34999536000000003
2026-04-07 09:00:00,0.8091088895999999
2026-04-07 10:00:00,1.3956036864
2026-04-07 11:00:00,1.6952542464
2026-04-07 12:00:00,1.5737669376
2026-04-07 13:00:00,2.0952999935999994
2026-04-07 14:00:00,2.3134833215999997
2026-04-07 15:00:00,1.2846096383999999
2026-04-07 16:00:00,1.0670958144
2026-04-07 17:00:00,0.2389922304
2026-04-07 18:00:00,0.0493124544
2026-04-07 19:00:00,0.0
2026-04-07 20:00:00,0.0
2026-04-07 21:00:00,0.0
2026-04-07 22:00:00,0.0
2026-04-07 23:00:00,0.0
2026-04-08 00:00:00,0.0
2026-04-08 01:00:00,0.0
2026-04-08 02:00:00,0.0
2026-04-08 03:00:00,0.0
2026-04-08 04:00:00,0.0
2026-04-08 05:00:00,0.0
2026-04-08 06:00:00,0.0
2026-04-08 07:00:00,0.011191065600000001
2026-04-08 08:00:00,0.46122531840000003
2026-04-08 09:00:00,0.8982868223999999
2026-04-08 10:00:00,2.1563040576
2026-04-08 11:00:00,2.8323615936000004
2026-04-08 12:00:00,3.3253456896
2026-04-08 13:00:00,3.2806382399999996
2026-04-08 14:00:00,3.1158540863999997
2026-04-08 15:00:00,2.8360174656
2026-04-08 16:00:00,2.1404756736
2026-04-08 17:00:00,0.8478412800000001
2026-04-08 18:00:00,0.21652224000000006
2026-04-08 19:00:00,0.0
2026-04-08 20:00:00,0.0
2026-04-08 21:00:00,0.0
2026-04-08 22:00:00,0.0
2026-04-08 23:00:00,0.0
2026-04-09 00:00:00,0.0
2026-04-09 01:00:00,0.0
2026-04-09 02:00:00,0.0
2026-04-09 03:00:00,0.0
2026-04-09 04:00:00,0.0
2026-04-09 05:00:00,0.0
2026-04-09 06:00:00,0.0
2026-04-09 07:00:00,0.005452550400000001
2026-04-09 08:00:00,0.44649644159999996
2026-04-09 09:00:00,1.4662912704000002
2026-04-09 10:00:00,2.2040268095999997
2026-04-09 11:00:00,2.8237549823999992
2026-04-09 12:00:00,3.09621312
2026-04-09 13:00:00,2.9207593536
2026-04-09 14:00:00,1.8343326143999998
2026-04-09 15:00:00,1.7372399616
2026-04-09 16:00:00,1.15044864
2026-04-09 17:00:00,0.2616487104
2026-04-09 18:00:00,0.0857708544
2026-04-09 19:00:00,0.0
2026-04-09 20:00:00,0.0
2026-04-09 21:00:00,0.0
2026-04-09 22:00:00,0.0
2026-04-09 23:00:00,0.0
2026-04-10 00:00:00,0.0
2026-04-10 01:00:00,0.0
2026-04-10 02:00:00,0.0
2026-04-10 03:00:00,0.0
2026-04-10 04:00:00,0.0
2026-04-10 05:00:00,0.0
2026-04-10 06:00:00,0.0
2026-04-10 07:00:00,0.0055011263999999995
2026-04-10 08:00:00,0.47257119359999994
2026-04-10 09:00:00,0.9854321663999999
2026-04-10 10:00:00,2.12929728
2026-04-10 11:00:00,2.2702310399999996
2026-04-10 12:00:00,1.9450977215999998
2026-04-10 13:00:00,1.9343548224
2026-04-10 14:00:00,1.9957284864
2026-04-10 15:00:00,1.8445306175999996
2026-04-10 16:00:00,1.32264
2026-04-10 17:00:00,0.7380876096
2026-04-10 18:00:00,0.1971661824
2026-04-10 19:00:00,0.0
2026-04-10 20:00:00,0.0
2026-04-10 21:00:00,0.0
2026-04-10 22:00:00,0.0
2026-04-10 23:00:00,0.0
2026-04-11 00:00:00,0.0
2026-04-11 01:00:00,0.0
2026-04-11 02:00:00,0.0
2026-04-11 03:00:00,0.0
2026-04-11 04:00:00,0.0
2026-04-11 05:00:00,0.0
2026-04-11 06:00:00,0.0
2026-04-11 07:00:00,0.0112670976
2026-04-11 08:00:00,0.5804568
2026-04-11 09:00:00,1.5730921536
2026-04-11 10:00:00,2.3461380096
2026-04-11 11:00:00,2.5270297536000004
2026-04-11 12:00:00,1.8132685823999997
2026-04-11 13:00:00,1.7011120896
2026-04-11 14:00:00,2.4911764416
2026-04-11 15:00:00,2.0950062144
2026-04-11 16:00:00,1.5871187904
2026-04-11 17:00:00,0.37704205440000005
2026-04-11 18:00:00,0.20394802559999997
2026-04-11 19:00:00,0.0
2026-04-11 20:00:00,0.0
2026-04-11 21:00:00,0.0
2026-04-11 22:00:00,0.0
2026-04-11 23:00:00,0.0
2026-04-12 00:00:00,0.0
2026-04-12 01:00:00,0.0
2026-04-12 02:00:00,0.0
2026-04-12 03:00:00,0.0
2026-04-12 04:00:00,0.0
2026-04-12 05:00:00,0.0
2026-04-12 06:00:00,0.0
2026-04-12 07:00:00,0.0055877184
2026-04-12 08:00:00,0.2769888
2026-04-12 09:00:00,0.8778606144000001
2026-04-12 10:00:00,1.55202432
2026-04-12 11:00:00,1.7201631743999999
2026-04-12 12:00:00,2.4995579136
2026-04-12 13:00:00,1.86952656
2026-04-12 14:00:00,1.6553503296
2026-04-12 15:00:00,1.3481831616
2026-04-12 16:00:00,0.9626236223999999
2026-04-12 17:00:00,0.5390915904
2026-04-12 18:00:00,0.1543213056
2026-04-12 19:00:00,0.0
2026-04-12 20:00:00,0.0
2026-04-12 21:00:00,0.0
2026-04-12 22:00:00,0.0
2026-04-12 23:00:00,0.0
2026-04-13 00:00:00,0.0
2026-04-13 01:00:00,0.0
2026-04-13 02:00:00,0.0
2026-04-13 03:00:00,0.0
2026-04-13 04:00:00,0.0
2026-04-13 05:00:00,0.0
2026-04-13 06:00:00,0.0
2026-04-13 07:00:00,0.0055370304
2026-04-13 08:00:00,0.18156504960000003
2026-04-13 09:00:00,0.7619603903999999
2026-04-13 10:00:00,1.30317264
2026-04-13 11:00:00,1.5038971199999998
2026-04-13 12:00:00,1.4685827904000002
2026-04-13 13:00:00,1.6237056
2026-04-13 14:00:00,1.4778821375999998
2026-04-13 15:00:00,1.0426147775999999
2026-04-13 16:00:00,0.9390085056
2026-04-13 17:00:00,0.8476801343999999
2026-04-13 18:00:00,0.1307142144
2026-04-13 19:00:00,0.0
2026-04-13 20:00:00,0.0
2026-04-13 21:00:00,0.0
2026-04-13 22:00:00,0.0
2026-04-13 23:00:00,0.0
2026-04-14 00:00:00,0.0
2026-04-14 01:00:00,0.0
2026-04-14 02:00:00,0.0
2026-04-14 03:00:00,0.0
2026-04-14 04:00:00,0.0
2026-04-14 05:00:00,0.0
2026-04-14 06:00:00,0.0
2026-04-14 07:00:00,0.0055475904
2026-04-14 08:00:00,0.1867582464
2026-04-14 09:00:00,0.6019510464
2026-04-14 10:00:00,1.4819481600000002
2026-04-14 11:00:00,1.29955056
2026-04-14 12:00:00,1.5327561216
2026-04-14 13:00:00,1.0908125184
2026-04-14 14:00:00,1.0326887999999999
2026-04-14 15:00:00,0.8498688000000001
2026-04-14 16:00:00,0.5561048063999999
2026-04-14 17:00:00,0.37669632
2026-04-14 18:00:00,0.10354227839999998
2026-04-14 19:00:00,0.0
2026-04-14 20:00:00,0.0
2026-04-14 21:00:00,0.0
2026-04-14 22:00:00,0.0
2026-04-14 23:00:00,0.0
2026-04-15 00:00:00,0.0
2026-04-15 01:00:00,0.0
2026-04-15 02:00:00,0.0
2026-04-15 03:00:00,0.0
2026-04-15 04:00:00,0.0
2026-04-15 05:00:00,0.0
2026-04-15 06:00:00,0.0
2026-04-15 07:00:00,0.0055454784000000005
2026-04-15 08:00:00,0.3940586496
2026-04-15 09:00:00,1.2072175104
2026-04-15 10:00:00,1.6207758336
2026-04-15 11:00:00,2.5480325376
2026-04-15 12:00:00,2.7233177664
2026-04-15 13:00:00,1.7295193344000002
2026-04-15 14:00:00,1.4639173824
2026-04-15 15:00:00,1.5242056896
2026-04-15 16:00:00,1.0996797504
2026-04-15 17:00:00,0.32224896000000003
2026-04-15 18:00:00,0.1138826304
2026-04-15 19:00:00,0.0
2026-04-15 20:00:00,0.0
2026-04-15 21:00:00,0.0
2026-04-15 22:00:00,0.0
2026-04-15 23:00:00,0.0
2026-04-16 00:00:00,0.0
2026-04-16 01:00:00,0.0
2026-04-16 02:00:00,0.0
2026-04-16 03:00:00,0.0
2026-04-16 04:00:00,0.0
2026-04-16 05:00:00,0.0
2026-04-16 06:00:00,0.0
2026-04-16 07:00:00,0.005534918400000001
2026-04-16 08:00:00,0.48407399039999993
2026-04-16 09:00:00,1.3709661504000001
2026-04-16 10:00:00,2.1128447999999995
2026-04-16 11:00:00,2.7342188544000003
2026-04-16 12:00:00,3.2138878464
2026-04-16 13:00:00,3.3057674496000007
2026-04-16 14:00:00,2.9389478976
2026-04-16 15:00:00,2.4563326656
2026-04-16 16:00:00,1.7432084736000002
2026-04-16 17:00:00,0.7356518400000001
2026-04-16 18:00:00,0.15041832959999998
2026-04-16 19:00:00,0.0
2026-04-16 20:00:00,0.0
2026-04-16 21:00:00,0.0
2026-04-16 22:00:00,0.0
2026-04-16 23:00:00,0.0
2026-04-17 00:00:00,0.0
2026-04-17 01:00:00,0.0
2026-04-17 02:00:00,0.0
2026-04-17 03:00:00,0.0
2026-04-17 04:00:00,0.0
2026-04-17 05:00:00,0.0
2026-04-17 06:00:00,0.0
2026-04-17 07:00:00,0.0
2026-04-17 08:00:00,0.3681792576
2026-04-17 09:00:00,1.1524280063999999
2026-04-17 10:00:00,2.0233027584
2026-04-17 11:00:00,1.7500665599999998
2026-04-17 12:00:00,2.6158182336
2026-04-17 13:00:00,2.3527094976
2026-04-17 14:00:00,2.54930544
2026-04-17 15:00:00,2.3772792384
2026-04-17 16:00:00,1.8031438656
2026-04-17 17:00:00,0.9064129536000001
2026-04-17 18:00:00,0.14327639039999998
2026-04-17 19:00:00,0.0
2026-04-17 20:00:00,0.0
2026-04-17 21:00:00,0.0
2026-04-17 22:00:00,0.0
2026-04-17 23:00:00,0.0
2026-04-18 00:00:00,0.0
2026-04-18 01:00:00,0.0
2026-04-18 02:00:00,0.0
2026-04-18 03:00:00,0.0
2026-04-18 04:00:00,0.0
2026-04-18 05:00:00,0.0
2026-04-18 06:00:00,0.0
2026-04-18 07:00:00,0.0
2026-04-18 08:00:00,0.193116
2026-04-18 09:00:00,0.5569572096
2026-04-18 10:00:00,1.0722807744
2026-04-18 11:00:00,1.6408522943999997
2026-04-18 12:00:00,1.8644845823999998
2026-04-18 13:00:00,1.7011120896
2026-04-18 14:00:00,2.3860531200000006
2026-04-18 15:00:00,1.9761483456
2026-04-18 16:00:00,1.7511369215999997
2026-04-18 17:00:00,1.0390539456000003
2026-04-18 18:00:00,0.19363344000000005
2026-04-18 19:00:00,0.0
2026-04-18 20:00:00,0.0
2026-04-18 21:00:00,0.0
2026-04-18 22:00:00,0.0
2026-04-18 23:00:00,0.0
2026-04-19 00:00:00,0.0
2026-04-19 01:00:00,0.0
2026-04-19 02:00:00,0.0
2026-04-19 03:00:00,0.0
2026-04-19 04:00:00,0.0
2026-04-19 05:00:00,0.0
2026-04-19 06:00:00,0.0
2026-04-19 07:00:00,0.0
2026-04-19 08:00:00,0.3209317056
2026-04-19 09:00:00,1.07304912
2026-04-19 10:00:00,2.1094915776
2026-04-19 11:00:00,2.9229875136
2026-04-19 12:00:00,3.2120123904
2026-04-19 13:00:00,3.2737368576000003
2026-04-19 14:00:00,2.6027838144
2026-04-19 15:00:00,1.5901089600000002
2026-04-19 16:00:00,1.3024214016
2026-04-19 17:00:00,1.0231569216000003
2026-04-19 18:00:00,0.1813559616
2026-04-19 19:00:00,0.0
2026-04-19 20:00:00,0.0
2026-04-19 21:00:00,0.0
2026-04-19 22:00:00,0.0
2026-04-19 23:00:00,0.0
2026-04-20 00:00:00,0.0
2026-04-20 01:00:00,0.0
2026-04-20 02:00:00,0.0
2026-04-20 03:00:00,0.0
2026-04-20 04:00:00,0.0
2026-04-20 05:00:00,0.0
2026-04-20 06:00:00,0.0
2026-04-20 07:00:00,0.0
2026-04-20 08:00:00,0.39573135360000006
2026-04-20 09:00:00,1.1977641984
2026-04-20 10:00:00,2.1616632576
2026-04-20 11:00:00,2.7053858304
2026-04-20 12:00:00,3.0843789504
2026-04-20 13:00:00,3.2083208256
2026-04-20 14:00:00,2.9977341504
2026-04-20 15:00:00,2.3976422975999996
2026-04-20 16:00:00,1.6664288256000002
2026-04-20 17:00:00,0.9312129024000001
2026-04-20 18:00:00,0.1251366336
2026-04-20 19:00:00,0.0
2026-04-20 20:00:00,0.0
2026-04-20 21:00:00,0.0
2026-04-20 22:00:00,0.0
2026-04-20 23:00:00,0.0
2026-04-21 00:00:00,0.0
2026-04-21 01:00:00,0.0
2026-04-21 02:00:00,0.0
2026-04-21 03:00:00,0.0
2026-04-21 04:00:00,0.0
2026-04-21 05:00:00,0.0
2026-04-21 06:00:00,0.0
2026-04-21 07:00:00,0.0
2026-04-21 08:00:00,0.30977802239999996
2026-04-21 09:00:00,0.9675382463999999
2026-04-21 10:00:00,1.9840797503999998
2026-04-21 11:00:00,2.764608
2026-04-21 12:00:00,3.0813368255999998
2026-04-21 13:00:00,3.1536622656
2026-04-21 14:00:00,2.9515943424
2026-04-21 15:00:00,2.4927243264000003
2026-04-21 16:00:00,1.7978763263999997
2026-04-21 17:00:00,0.93443328
2026-04-21 18:00:00,0.1500043776
2026-04-21 19:00:00,0.0
2026-04-21 20:00:00,0.0
2026-04-21 21:00:00,0.0
2026-04-21 22:00:00,0.0
2026-04-21 23:00:00,0.0
2026-04-22 00:00:00,0.0
2026-04-22 01:00:00,0.0
2026-04-22 02:00:00,0.0
2026-04-22 03:00:00,0.0
2026-04-22 04:00:00,0.0
2026-04-22 05:00:00,0.0
2026-04-22 06:00:00,0.0
2026-04-22 07:00:00,0.0
2026-04-22 08:00:00,0.37412749440000004
2026-04-22 09:00:00,1.2185578944
2026-04-22 10:00:00,1.9966567104000001
2026-04-22 11:00:00,2.4786786816
2026-04-22 12:00:00,2.7482702016
2026-04-22 13:00:00,2.7826715136000004
2026-04-22 14:00:00,2.5494803135999997
2026-04-22 15:00:00,2.0652191999999996
2026-04-22 16:00:00,1.4623646399999999
2026-04-22 17:00:00,0.6833798400000001
2026-04-22 18:00:00,0.10745856000000002
2026-04-22 19:00:00,0.0
2026-04-22 20:00:00,0.0
2026-04-22 21:00:00,0.0
2026-04-22 22:00:00,0.0
2026-04-22 23:00:00,0.0
2026-04-23 00:00:00,0.0
2026-04-23 01:00:00,0.0
2026-04-23 02:00:00,0.0
2026-04-23 03:00:00,0.0
2026-04-23 04:00:00,0.0
2026-04-23 05:00:00,0.0
2026-04-23 06:00:00,0.0
2026-04-23 07:00:00,0.0
2026-04-23 08:00:00,0.38305344
2026-04-23 09:00:00,1.2830754815999998
2026-04-23 10:00:00,2.1010401984000002
2026-04-23 11:00:00,2.7016887744
2026-04-23 12:00:00,3.0315715584000005
2026-04-23 13:00:00,3.10268112
2026-04-23 14:00:00,2.9012054015999995
2026-04-23 15:00:00,2.4402318336
2026-04-23 16:00:00,1.69698672
2026-04-23 17:00:00,0.8904924864000001
2026-04-23 18:00:00,0.1292442624
2026-04-23 19:00:00,0.0
2026-04-23 20:00:00,0.0
2026-04-23 21:00:00,0.0
2026-04-23 22:00:00,0.0
2026-04-23 23:00:00,0.0
2026-04-24 00:00:00,0.0
2026-04-24 01:00:00,0.0
2026-04-24 02:00:00,0.0
2026-04-24 03:00:00,0.0
2026-04-24 04:00:00,0.0
2026-04-24 05:00:00,0.0
2026-04-24 06:00:00,0.0
2026-04-24 07:00:00,0.0
2026-04-24 08:00:00,0.3883306943999999
2026-04-24 09:00:00,1.3082811456
2026-04-24 10:00:00,2.13379056
2026-04-24 11:00:00,2.7587697984000004
2026-04-24 12:00:00,3.1121798399999996
2026-04-24 13:00:00,3.1872608064000008
2026-04-24 14:00:00,2.9849174784
2026-04-24 15:00:00,2.5057334016
2026-04-24 16:00:00,1.7502614976000002
2026-04-24 17:00:00,0.8599624704000001
2026-04-24 18:00:00,0.0915516096
2026-04-24 19:00:00,0.0
2026-04-24 20:00:00,0.0
2026-04-24 21:00:00,0.0
2026-04-24 22:00:00,0.0
2026-04-24 23:00:00,0.0
2026-04-25 00:00:00,0.0
2026-04-25 01:00:00,0.0
2026-04-25 02:00:00,0.0
2026-04-25 03:00:00,0.0
2026-04-25 04:00:00,0.0
2026-04-25 05:00:00,0.0
2026-04-25 06:00:00,0.0
2026-04-25 07:00:00,0.0
2026-04-25 08:00:00,0.3716207616
2026-04-25 09:00:00,1.2892475904
2026-04-25 10:00:00,2.12590224
2026-04-25 11:00:00,2.7378886656
2026-04-25 12:00:00,3.0741748224
2026-04-25 13:00:00,3.1371527616000003
2026-04-25 14:00:00,2.9258102016
2026-04-25 15:00:00,2.4588140544
2026-04-25 16:00:00,1.7510279424000001
2026-04-25 17:00:00,0.8639288063999999
2026-04-25 18:00:00,0.10695168000000001
2026-04-25 19:00:00,0.0
2026-04-25 20:00:00,0.0
2026-04-25 21:00:00,0.0
2026-04-25 22:00:00,0.0
2026-04-25 23:00:00,0.0
2026-04-26 00:00:00,0.0
2026-04-26 01:00:00,0.0
2026-04-26 02:00:00,0.0
2026-04-26 03:00:00,0.0
2026-04-26 04:00:00,0.0
2026-04-26 05:00:00,0.0
2026-04-26 06:00:00,0.0
2026-04-26 07:00:00,0.0
2026-04-26 08:00:00,0.2707584
2026-04-26 09:00:00,1.00480512
2026-04-26 10:00:00,1.5748153343999998
2026-04-26 11:00:00,2.3276620224
2026-04-26 12:00:00,2.5655883264
2026-04-26 13:00:00,2.8447113024
2026-04-26 14:00:00,2.8690785024
2026-04-26 15:00:00,2.40561552
2026-04-26 16:00:00,1.7018394624000002
2026-04-26 17:00:00,0.83398656
2026-04-26 18:00:00,0.0966214656
2026-04-26 19:00:00,0.0
2026-04-26 20:00:00,0.0
2026-04-26 21:00:00,0.0
2026-04-26 22:00:00,0.0
2026-04-26 23:00:00,0.0
2026-04-27 00:00:00,0.0
2026-04-27 01:00:00,0.0
2026-04-27 02:00:00,0.0
2026-04-27 03:00:00,0.0
2026-04-27 04:00:00,0.0
2026-04-27 05:00:00,0.0
2026-04-27 06:00:00,0.0
2026-04-27 07:00:00,0.0
2026-04-27 08:00:00,0.09316728960000001
2026-04-27 09:00:00,0.4718362176
2026-04-27 10:00:00,1.2127965695999998
2026-04-27 11:00:00,1.3857947136000002
2026-04-27 12:00:00,2.2481992896
2026-04-27 13:00:00,2.2863058944
2026-04-27 14:00:00,2.25257472
2026-04-27 15:00:00,2.0138589504
2026-04-27 16:00:00,1.4231771136
2026-04-27 17:00:00,0.7934228544
2026-04-27 18:00:00,0.0930236736
2026-04-27 19:00:00,0.0
2026-04-27 20:00:00,0.0
2026-04-27 21:00:00,0.0
2026-04-27 22:00:00,0.0
2026-04-27 23:00:00,0.0
2026-04-28 00:00:00,0.0
2026-04-28 01:00:00,0.0
2026-04-28 02:00:00,0.0
2026-04-28 03:00:00,0.0
2026-04-28 04:00:00,0.0
2026-04-28 05:00:00,0.0
2026-04-28 06:00:00,0.0
2026-04-28 07:00:00,0.0
2026-04-28 08:00:00,0.2255461824
2026-04-28 09:00:00,0.9648460800000002
2026-04-28 10:00:00,1.8417854400000002
2026-04-28 11:00:00,2.5609915584
2026-04-28 12:00:00,2.8788931775999997
2026-04-28 13:00:00,2.8268131584
2026-04-28 14:00:00,2.5753728
2026-04-28 15:00:00,1.9580430144
2026-04-28 16:00:00,1.0780507584
2026-04-28 17:00:00,0.5425565376
2026-04-28 18:00:00,0.05935079039999999
2026-04-28 19:00:00,0.0
2026-04-28 20:00:00,0.0
2026-04-28 21:00:00,0.0
2026-04-28 22:00:00,0.0
2026-04-28 23:00:00,0.0
2026-04-29 00:00:00,0.0
2026-04-29 01:00:00,0.0
2026-04-29 02:00:00,0.0
2026-04-29 03:00:00,0.0
2026-04-29 04:00:00,0.0
2026-04-29 05:00:00,0.0
2026-04-29 06:00:00,0.0
2026-04-29 07:00:00,0.0
2026-04-29 08:00:00,0.1870454784
2026-04-29 09:00:00,0.8306183424000001
2026-04-29 10:00:00,1.4477616384
2026-04-29 11:00:00,2.4793665600000003
2026-04-29 12:00:00,2.8498077695999995
2026-04-29 13:00:00,2.5805193215999997
2026-04-29 14:00:00,2.7902071296
2026-04-29 15:00:00,2.3200841663999996
2026-04-29 16:00:00,1.6130427455999998
2026-04-29 17:00:00,0.7556742335999999
2026-04-29 18:00:00,0.07607255040000001
2026-04-29 19:00:00,0.0
2026-04-29 20:00:00,0.0
2026-04-29 21:00:00,0.0
2026-04-29 22:00:00,0.0
2026-04-29 23:00:00,0.0
2026-04-30 00:00:00,0.0
2026-04-30 01:00:00,0.0
2026-04-30 02:00:00,0.0
2026-04-30 03:00:00,0.0
2026-04-30 04:00:00,0.0
2026-04-30 05:00:00,0.0
2026-04-30 06:00:00,0.0
2026-04-30 07:00:00,0.0
2026-04-30 08:00:00,0.2606985216
2026-04-30 09:00:00,1.0680105216
2026-04-30 10:00:00,1.8108028224
2026-04-30 11:00:00,2.2570257600000003
2026-04-30 12:00:00,2.6626564800000003
2026-04-30 13:00:00,2.7755498496
2026-04-30 14:00:00,2.482656
2026-04-30 15:00:00,2.1105801024
2026-04-30 16:00:00,1.4520152063999996
2026-04-30 17:00:00,0.6502155264
2026-04-30 18:00:00,0.05900231040000001
2026-04-30 19:00:00,0.0
2026-04-30 20:00:00,0.0
2026-04-30 21:00:00,0.0
2026-04-30 22:00:00,0.0
2026-04-30 23:00:00,0.0
2026-05-01 00:00:00,0.0
2026-05-01 01:00:00,0.0
2026-05-01 02:00:00,0.0
2026-05-01 03:00:00,0.0
2026-05-01 04:00:00,0.0
2026-05-01 05:00:00,0.0
2026-05-01 06:00:00,0.0
2026-05-01 07:00:00,0.0
2026-05-01 08:00:00,0.28053442559999997
2026-05-01 09:00:00,1.1197365696000001
2026-05-01 10:00:00,1.9113709824
2026-05-01 11:00:00,2.496384
2026-05-01 12:00:00,2.8249841664
2026-05-01 13:00:00,2.8894489536
2026-05-01 14:00:00,2.6629853184
2026-05-01 15:00:00,2.1894231744000003
2026-05-01 16:00:00,1.5777755135999998
2026-05-01 17:00:00,0.7234396224
2026-05-01 18:00:00,0.0639530496
2026-05-01 19:00:00,0.0
2026-05-01 20:00:00,0.0
2026-05-01 21:00:00,0.0
2026-05-01 22:00:00,0.0
2026-05-01 23:00:00,0.0
2026-05-02 00:00:00,0.0
2026-05-02 01:00:00,0.0
2026-05-02 02:00:00,0.0
2026-05-02 03:00:00,0.0
2026-05-02 04:00:00,0.0
2026-05-02 05:00:00,0.0
2026-05-02 06:00:00,0.0
2026-05-02 07:00:00,0.0
2026-05-02 08:00:00,0.12954839040000002
2026-05-02 09:00:00,0.5699090496000001
2026-05-02 10:00:00,0.9219672
2026-05-02 11:00:00,0.8537861376
2026-05-02 12:00:00,1.3943565504000004
2026-05-02 13:00:00,1.8433318464
2026-05-02 14:00:00,1.7307094464000001
2026-05-02 15:00:00,1.4133768
2026-05-02 16:00:00,0.9512053055999999
2026-05-02 17:00:00,0.5046902784
2026-05-02 18:00:00,0.0372246336
2026-05-02 19:00:00,0.0
2026-05-02 20:00:00,0.0
2026-05-02 21:00:00,0.0
2026-05-02 22:00:00,0.0
2026-05-02 23:00:00,0.0
2026-05-03 00:00:00,0.0
2026-05-03 01:00:00,0.0
2026-05-03 02:00:00,0.0
2026-05-03 03:00:00,0.0
2026-05-03 04:00:00,0.0
2026-05-03 05:00:00,0.0
2026-05-03 06:00:00,0.0
2026-05-03 07:00:00,0.0
2026-05-03 08:00:00,0.16182143999999998
2026-05-03 09:00:00,0.7737168383999999
2026-05-03 10:00:00,1.4757711935999998
2026-05-03 11:00:00,1.7031607296
2026-05-03 12:00:00,1.6995566016
2026-05-03 13:00:00,2.1316399103999997
2026-05-03 14:00:00,1.5587126016
2026-05-03 15:00:00,1.5088398336
2026-05-03 16:00:00,1.4012450496
2026-05-03 17:00:00,0.23222559359999995
2026-05-03 18:00:00,0.038185593600000005
2026-05-03 19:00:00,0.0
2026-05-03 20:00:00,0.0
2026-05-03 21:00:00,0.0
2026-05-03 22:00:00,0.0
2026-05-03 23:00:00,0.0
2026-05-04 00:00:00,0.0
2026-05-04 01:00:00,0.0
2026-05-04 02:00:00,0.0
2026-05-04 03:00:00,0.0
2026-05-04 04:00:00,0.0
2026-05-04 05:00:00,0.0
2026-05-04 06:00:00,0.0
2026-05-04 07:00:00,0.0
2026-05-04 08:00:00,0.23084328960000003
2026-05-04 09:00:00,1.0422660864000002
2026-05-04 10:00:00,1.9314085824
2026-05-04 11:00:00,2.5323414336
2026-05-04 12:00:00,2.84207616
2026-05-04 13:00:00,2.9077069824
2026-05-04 14:00:00,2.5029875904
2026-05-04 15:00:00,1.7379842304000002
2026-05-04 16:00:00,0.8950588416
2026-05-04 17:00:00,0.4967187455999999
2026-05-04 18:00:00,0.027366240000000003
2026-05-04 19:00:00,0.0
2026-05-04 20:00:00,0.0
2026-05-04 21:00:00,0.0
2026-05-04 22:00:00,0.0
2026-05-04 23:00:00,0.0
2026-05-05 00:00:00,0.0
2026-05-05 01:00:00,0.0
2026-05-05 02:00:00,0.0
2026-05-05 03:00:00,0.0
2026-05-05 04:00:00,0.0
2026-05-05 05:00:00,0.0
2026-05-05 06:00:00,0.0
2026-05-05 07:00:00,0.0
2026-05-05 08:00:00,0.1545578496
2026-05-05 09:00:00,0.7596019200000002
2026-05-05 10:00:00,1.3451429376000004
2026-05-05 11:00:00,1.61458704
2026-05-05 12:00:00,1.8210937535999998
2026-05-05 13:00:00,0.9603553343999998
2026-05-05 14:00:00,1.3325425344
2026-05-05 15:00:00,1.3360951296
2026-05-05 16:00:00,0.8533888704
2026-05-05 17:00:00,0.32643071999999995
2026-05-05 18:00:00,0.0220137984
2026-05-05 19:00:00,0.0
2026-05-05 20:00:00,0.0
2026-05-05 21:00:00,0.0
2026-05-05 22:00:00,0.0
2026-05-05 23:00:00,0.0
2026-05-06 00:00:00,0.0
2026-05-06 01:00:00,0.0
2026-05-06 02:00:00,0.0
2026-05-06 03:00:00,0.0
2026-05-06 04:00:00,0.0
2026-05-06 05:00:00,0.0
2026-05-06 06:00:00,0.0
2026-05-06 07:00:00,0.0
2026-05-06 08:00:00,0.22074624
2026-05-06 09:00:00,0.97206912
2026-05-06 10:00:00,1.7771535936000002
2026-05-06 11:00:00,2.0286452736000005
2026-05-06 12:00:00,2.3831571456000002
2026-05-06 13:00:00,2.1803882496
2026-05-06 14:00:00,1.7536660416000003
2026-05-06 15:00:00,1.1718786815999997
2026-05-06 16:00:00,0.6419635199999999
2026-05-06 17:00:00,0.2873509056
2026-05-06 18:00:00,0.0109756416
2026-05-06 19:00:00,0.0
2026-05-06 20:00:00,0.0
2026-05-06 21:00:00,0.0
2026-05-06 22:00:00,0.0
2026-05-06 23:00:00,0.0
2026-05-07 00:00:00,0.0
2026-05-07 01:00:00,0.0
2026-05-07 02:00:00,0.0
2026-05-07 03:00:00,0.0
2026-05-07 04:00:00,0.0
2026-05-07 05:00:00,0.0
2026-05-07 06:00:00,0.0
2026-05-07 07:00:00,0.0
2026-05-07 08:00:00,0.1464063744
2026-05-07 09:00:00,0.7988834304000001
2026-05-07 10:00:00,1.4729299200000001
2026-05-07 11:00:00,1.7353537343999998
2026-05-07 12:00:00,2.2418854656
2026-05-07 13:00:00,2.0569933824000004
2026-05-07 14:00:00,2.0122857216
2026-05-07 15:00:00,1.7293843776000004
2026-05-07 16:00:00,0.8088216575999999
2026-05-07 17:00:00,0.2268450624
2026-05-07 18:00:00,0.011127705600000001
2026-05-07 19:00:00,0.0
2026-05-07 20:00:00,0.0
2026-05-07 21:00:00,0.0
2026-05-07 22:00:00,0.0
2026-05-07 23:00:00,0.0
2026-05-08 00:00:00,0.0
2026-05-08 01:00:00,0.0
2026-05-08 02:00:00,0.0
2026-05-08 03:00:00,0.0
2026-05-08 04:00:00,0.0
2026-05-08 05:00:00,0.0
2026-05-08 06:00:00,0.0
2026-05-08 07:00:00,0.0
2026-05-08 08:00:00,0.11045760000000002
2026-05-08 09:00:00,0.5776345344
2026-05-08 10:00:00,1.2314016
2026-05-08 11:00:00,1.2304300800000003
2026-05-08 12:00:00,1.6158092544000004
2026-05-08 13:00:00,1.1788755264
2026-05-08 14:00:00,1.2974928384
2026-05-08 15:00:00,1.2871643136
2026-05-08 16:00:00,0.7073673024000001
2026-05-08 17:00:00,0.2951334144
2026-05-08 18:00:00,0.0110221056
2026-05-08 19:00:00,0.0
2026-05-08 20:00:00,0.0
2026-05-08 21:00:00,0.0
2026-05-08 22:00:00,0.0
2026-05-08 23:00:00,0.0
2026-05-09 00:00:00,0.0
2026-05-09 01:00:00,0.0
2026-05-09 02:00:00,0.0
2026-05-09 03:00:00,0.0
2026-05-09 04:00:00,0.0
2026-05-09 05:00:00,0.0
2026-05-09 06:00:00,0.0
2026-05-09 07:00:00,0.0
2026-05-09 08:00:00,0.07199237759999999
2026-05-09 09:00:00,0.3297254399999999
2026-05-09 10:00:00,0.8508113856
2026-05-09 11:00:00,0.9969220799999998
2026-05-09 12:00:00,1.3408851456000002
2026-05-09 13:00:00,1.1798090304
2026-05-09 14:00:00,1.2716620224
2026-05-09 15:00:00,1.0377590784000001
2026-05-09 16:00:00,0.6642732096
2026-05-09 17:00:00,0.2673405504
2026-05-09 18:00:00,0.0110009856
2026-05-09 19:00:00,0.0
2026-05-09 20:00:00,0.0
2026-05-09 21:00:00,0.0
2026-05-09 22:00:00,0.0
2026-05-09 23:00:00,0.0
2026-05-10 00:00:00,0.0
2026-05-10 01:00:00,0.0
2026-05-10 02:00:00,0.0
2026-05-10 03:00:00,0.0
2026-05-10 04:00:00,0.0
2026-05-10 05:00:00,0.0
2026-05-10 06:00:00,0.0
2026-05-10 07:00:00,0.0
2026-05-10 08:00:00,0.08276399999999999
2026-05-10 09:00:00,0.4047546623999999
2026-05-10 10:00:00,0.8275836096000001
2026-05-10 11:00:00,1.2010758144
2026-05-10 12:00:00,1.5494071296
2026-05-10 13:00:00,1.9961498303999998
2026-05-10 14:00:00,2.1148776000000002
2026-05-10 15:00:00,1.8197186304
2026-05-10 16:00:00,1.0672373184
2026-05-10 17:00:00,0.47906242559999995
2026-05-10 18:00:00,0.0221827584
2026-05-10 19:00:00,0.0
2026-05-10 20:00:00,0.0
2026-05-10 21:00:00,0.0
2026-05-10 22:00:00,0.0
2026-05-10 23:00:00,0.0
2026-05-11 00:00:00,0.0
2026-05-11 01:00:00,0.0
2026-05-11 02:00:00,0.0
2026-05-11 03:00:00,0.0
2026-05-11 04:00:00,0.0
2026-05-11 05:00:00,0.0
2026-05-11 06:00:00,0.0
2026-05-11 07:00:00,0.0
2026-05-11 08:00:00,0.1903486464
2026-05-11 09:00:00,0.9888229824
2026-05-11 10:00:00,1.7956589376000003
2026-05-11 11:00:00,2.3967398400000004
2026-05-11 12:00:00,2.7242968895999997
2026-05-11 13:00:00,2.7842785344000007
2026-05-11 14:00:00,2.5703698944
2026-05-11 15:00:00,2.0961616895999997
2026-05-11 16:00:00,1.3989894336000002
2026-05-11 17:00:00,0.5706945023999999
2026-05-11 18:00:00,0.0220137984
2026-05-11 19:00:00,0.0
2026-05-11 20:00:00,0.0
2026-05-11 21:00:00,0.0
2026-05-11 22:00:00,0.0
2026-05-11 23:00:00,0.0
2026-05-12 00:00:00,0.0
2026-05-12 01:00:00,0.0
2026-05-12 02:00:00,0.0
2026-05-12 03:00:00,0.0
2026-05-12 04:00:00,0.0
2026-05-12 05:00:00,0.0
2026-05-12 06:00:00,0.0
2026-05-12 07:00:00,0.0
2026-05-12 08:00:00,0.09514200960000001
2026-05-12 09:00:00,0.4642412544000001
2026-05-12 10:00:00,0.9451056384000001
2026-05-12 11:00:00,1.6548719615999998
2026-05-12 12:00:00,2.4112423104
2026-05-12 13:00:00,2.5571489856
2026-05-12 14:00:00,2.4826771200000004
2026-05-12 15:00:00,2.0185761024
2026-05-12 16:00:00,1.2453805056
2026-05-12 17:00:00,0.4890709823999999
2026-05-12 18:00:00,0.0219462144
2026-05-12 19:00:00,0.0
2026-05-12 20:00:00,0.0
2026-05-12 21:00:00,0.0
2026-05-12 22:00:00,0.0
2026-05-12 23:00:00,0.0
2026-05-13 00:00:00,0.0
2026-05-13 01:00:00,0.0
2026-05-13 02:00:00,0.0
2026-05-13 03:00:00,0.0
2026-05-13 04:00:00,0.0
2026-05-13 05:00:00,0.0
2026-05-13 06:00:00,0.0
2026-05-13 07:00:00,0.0
2026-05-13 08:00:00,0.08384111999999999
2026-05-13 09:00:00,0.57646512
2026-05-13 10:00:00,1.2532126464
2026-05-13 11:00:00,2.2855911935999997
2026-05-13 12:00:00,2.4615936576
2026-05-13 13:00:00,2.5844368704
2026-05-13 14:00:00,2.4081816
2026-05-13 15:00:00,1.5891243456
2026-05-13 16:00:00,0.9182790143999999
2026-05-13 17:00:00,0.4514678784
2026-05-13 18:00:00,0.0164425536
2026-05-13 19:00:00,0.0
2026-05-13 20:00:00,0.0
2026-05-13 21:00:00,0.0
2026-05-13 22:00:00,0.0
2026-05-13 23:00:00,0.0
2026-05-14 00:00:00,0.0
2026-05-14 01:00:00,0.0
2026-05-14 02:00:00,0.0
2026-05-14 03:00:00,0.0
2026-05-14 04:00:00,0.0
2026-05-14 05:00:00,0.0
2026-05-14 06:00:00,0.0
2026-05-14 07:00:00,0.0
2026-05-14 08:00:00,0.1619580864
2026-05-14 09:00:00,0.84442512
2026-05-14 10:00:00,1.6152312
2026-05-14 11:00:00,2.2342051776
2026-05-14 12:00:00,2.6113595903999998
2026-05-14 13:00:00,2.6616199104000002
2026-05-14 14:00:00,2.4865279296
2026-05-14 15:00:00,2.0199573504
2026-05-14 16:00:00,1.3368227136
2026-05-14 17:00:00,0.5205389376
2026-05-14 18:00:00,0.016455225599999998
2026-05-14 19:00:00,0.0
2026-05-14 20:00:00,0.0
2026-05-14 21:00:00,0.0
2026-05-14 22:00:00,0.0
2026-05-14 23:00:00,0.0
2026-05-15 00:00:00,0.0
2026-05-15 01:00:00,0.0
2026-05-15 02:00:00,0.0
2026-05-15 03:00:00,0.0
2026-05-15 04:00:00,0.0
2026-05-15 05:00:00,0.0
2026-05-15 06:00:00,0.0
2026-05-15 07:00:00,0.0
2026-05-15 08:00:00,0.15538575359999998
2026-05-15 09:00:00,0.9166291200000003
2026-05-15 10:00:00,1.6939112256000004
2026-05-15 11:00:00,2.2756783104
2026-05-15 12:00:00,2.6026412544
2026-05-15 13:00:00,2.6642810304
2026-05-15 14:00:00,2.4603632064000003
2026-05-15 15:00:00,1.9980635136
2026-05-15 16:00:00,1.3155886656000002
2026-05-15 17:00:00,0.48618810239999993
2026-05-15 18:00:00,0.0163348416
2026-05-15 19:00:00,0.0
2026-05-15 20:00:00,0.0
2026-05-15 21:00:00,0.0
2026-05-15 22:00:00,0.0
2026-05-15 23:00:00,0.0
2026-05-16 00:00:00,0.0
2026-05-16 01:00:00,0.0
2026-05-16 02:00:00,0.0
2026-05-16 03:00:00,0.0
2026-05-16 04:00:00,0.0
2026-05-16 05:00:00,0.0
2026-05-16 06:00:00,0.0
2026-05-16 07:00:00,0.0
2026-05-16 08:00:00,0.09821813759999999
2026-05-16 09:00:00,0.6540542976
2026-05-16 10:00:00,1.4400936
2026-05-16 11:00:00,2.0537088000000003
2026-05-16 12:00:00,2.49807888
2026-05-16 13:00:00,2.4540031296
2026-05-16 14:00:00,2.2142140416
2026-05-16 15:00:00,1.31920272
2026-05-16 16:00:00,0.8537893056000001
2026-05-16 17:00:00,0.40420131839999995
2026-05-16 18:00:00,0.010777113599999999
2026-05-16 19:00:00,0.0
2026-05-16 20:00:00,0.0
2026-05-16 21:00:00,0.0
2026-05-16 22:00:00,0.0
2026-05-16 23:00:00,0.0
2026-05-17 00:00:00,0.0
2026-05-17 01:00:00,0.0
2026-05-17 02:00:00,0.0
2026-05-17 03:00:00,0.0
2026-05-17 04:00:00,0.0
2026-05-17 05:00:00,0.0
2026-05-17 06:00:00,0.0
2026-05-17 07:00:00,0.0
2026-05-17 08:00:00,0.0329497344
2026-05-17 09:00:00,0.2240741184
2026-05-17 10:00:00,0.2945631744
2026-05-17 11:00:00,0.2780800704
2026-05-17 12:00:00,0.5200994304000001
2026-05-17 13:00:00,0.5087875584
2026-05-17 14:00:00,0.5353280063999999
2026-05-17 15:00:00,0.5198966784
2026-05-17 16:00:00,0.23440517759999996
2026-05-17 17:00:00,0.08209871999999999
2026-05-17 18:00:00,0.0054905664
2026-05-17 19:00:00,0.0
2026-05-17 20:00:00,0.0
2026-05-17 21:00:00,0.0
2026-05-17 22:00:00,0.0
2026-05-17 23:00:00,0.0
2026-05-18 00:00:00,0.0
2026-05-18 01:00:00,0.0
2026-05-18 02:00:00,0.0
2026-05-18 03:00:00,0.0
2026-05-18 04:00:00,0.0
2026-05-18 05:00:00,0.0
2026-05-18 06:00:00,0.0
2026-05-18 07:00:00,0.0
2026-05-18 08:00:00,0.0384960576
2026-05-18 09:00:00,0.2297788416
2026-05-18 10:00:00,0.6924926976
2026-05-18 11:00:00,1.1996423999999999
2026-05-18 12:00:00,2.0171232575999998
2026-05-18 13:00:00,1.5222214656
2026-05-18 14:00:00,1.4557752
2026-05-18 15:00:00,1.0128089664
2026-05-18 16:00:00,1.0808092416
2026-05-18 17:00:00,0.0602103744
2026-05-18 18:00:00,0.0054926784
2026-05-18 19:00:00,0.0
2026-05-18 20:00:00,0.0
2026-05-18 21:00:00,0.0
2026-05-18 22:00:00,0.0
2026-05-18 23:00:00,0.0
2026-05-19 00:00:00,0.0
2026-05-19 01:00:00,0.0
2026-05-19 02:00:00,0.0
2026-05-19 03:00:00,0.0
2026-05-19 04:00:00,0.0
2026-05-19 05:00:00,0.0
2026-05-19 06:00:00,0.0
2026-05-19 07:00:00,0.0
2026-05-19 08:00:00,0.07796490240000001
2026-05-19 09:00:00,0.42956559359999996
2026-05-19 10:00:00,1.0777445183999999
2026-05-19 11:00:00,1.6799591424
2026-05-19 12:00:00,1.8328195775999996
2026-05-19 13:00:00,1.3347840000000002
2026-05-19 14:00:00,1.9075167936000001
2026-05-19 15:00:00,1.3992492096000002
2026-05-19 16:00:00,0.8633856000000001
2026-05-19 17:00:00,0.3503284224
2026-05-19 18:00:00,0.0055328064
2026-05-19 19:00:00,0.0
2026-05-19 20:00:00,0.0
2026-05-19 21:00:00,0.0
2026-05-19 22:00:00,0.0
2026-05-19 23:00:00,0.0
2026-05-20 00:00:00,0.0
2026-05-20 01:00:00,0.0
2026-05-20 02:00:00,0.0
2026-05-20 03:00:00,0.0
2026-05-20 04:00:00,0.0
2026-05-20 05:00:00,0.0
2026-05-20 06:00:00,0.0
2026-05-20 07:00:00,0.0
2026-05-20 08:00:00,0.0721296576
2026-05-20 09:00:00,0.6331083264
2026-05-20 10:00:00,0.9980942399999999
2026-05-20 11:00:00,1.5723823103999999
2026-05-20 12:00:00,1.4689367616
2026-05-20 13:00:00,1.7526839615999998
2026-05-20 14:00:00,1.4330131200000003
2026-05-20 15:00:00,1.0148048064
2026-05-20 16:00:00,0.8478271296000002
2026-05-20 17:00:00,0.2688928704
2026-05-20 18:00:00,0.0055391424
2026-05-20 19:00:00,0.0
2026-05-20 20:00:00,0.0
2026-05-20 21:00:00,0.0
2026-05-20 22:00:00,0.0
2026-05-20 23:00:00,0.0
2026-05-21 00:00:00,0.0
2026-05-21 01:00:00,0.0
2026-05-21 02:00:00,0.0
2026-05-21 03:00:00,0.0
2026-05-21 04:00:00,0.0
2026-05-21 05:00:00,0.0
2026-05-21 06:00:00,0.0
2026-05-21 07:00:00,0.0
2026-05-21 08:00:00,0.08911626240000001
2026-05-21 09:00:00,0.5658328896
2026-05-21 10:00:00,1.2930508799999998
2026-05-21 11:00:00,1.8212542656000004
2026-05-21 12:00:00,1.7187945984000002
2026-05-21 13:00:00,1.8689704703999999
2026-05-21 14:00:00,1.1497161984
2026-05-21 15:00:00,0.8806412736
2026-05-21 16:00:00,0.6628148736
2026-05-21 17:00:00,0.2087137536
2026-05-21 18:00:00,0.0055391424
2026-05-21 19:00:00,0.0
2026-05-21 20:00:00,0.0
2026-05-21 21:00:00,0.0
2026-05-21 22:00:00,0.0
2026-05-21 23:00:00,0.0
2026-05-22 00:00:00,0.0
2026-05-22 01:00:00,0.0
2026-05-22 02:00:00,0.0
2026-05-22 03:00:00,0.0
2026-05-22 04:00:00,0.0
2026-05-22 05:00:00,0.0
2026-05-22 06:00:00,0.0
2026-05-22 07:00:00,0.0
2026-05-22 08:00:00,0.0679574016
2026-05-22 09:00:00,0.4636754496
2026-05-22 10:00:00,1.0379565504
2026-05-22 11:00:00,1.2941381376
2026-05-22 12:00:00,2.01121536
2026-05-22 13:00:00,2.5015938816
2026-05-22 14:00:00,2.4241191744
2026-05-22 15:00:00,1.9550519999999998
2026-05-22 16:00:00,1.2624708096
2026-05-22 17:00:00,0.45385887359999993
2026-05-22 18:00:00,0.0055813824
2026-05-22 19:00:00,0.0
2026-05-22 20:00:00,0.0
2026-05-22 21:00:00,0.0
2026-05-22 22:00:00,0.0
2026-05-22 23:00:00,0.0
2026-05-23 00:00:00,0.0
2026-05-23 01:00:00,0.0
2026-05-23 02:00:00,0.0
2026-05-23 03:00:00,0.0
2026-05-23 04:00:00,0.0
2026-05-23 05:00:00,0.0
2026-05-23 06:00:00,0.0
2026-05-23 07:00:00,0.0
2026-05-23 08:00:00,0.08412623999999999
2026-05-23 09:00:00,0.6602112
2026-05-23 10:00:00,1.0145716416000001
2026-05-23 11:00:00,1.0463633664
2026-05-23 12:00:00,1.3913281536000002
2026-05-23 13:00:00,1.8317375999999999
2026-05-23 14:00:00,1.8879649535999998
2026-05-23 15:00:00,1.1798493695999996
2026-05-23 16:00:00,0.64677888
2026-05-23 17:00:00,0.23485925759999998
2026-05-23 18:00:00,0.0
2026-05-23 19:00:00,0.0
2026-05-23 20:00:00,0.0
2026-05-23 21:00:00,0.0
2026-05-23 22:00:00,0.0
2026-05-23 23:00:00,0.0
2026-05-24 00:00:00,0.0
2026-05-24 01:00:00,0.0
2026-05-24 02:00:00,0.0
2026-05-24 03:00:00,0.0
2026-05-24 04:00:00,0.0
2026-05-24 05:00:00,0.0
2026-05-24 06:00:00,0.0
2026-05-24 07:00:00,0.0
2026-05-24 08:00:00,0.061488134400000005
2026-05-24 09:00:00,0.3649561344
2026-05-24 10:00:00,0.7204893696
2026-05-24 11:00:00,1.1431290816000002
2026-05-24 12:00:00,1.1996423999999999
2026-05-24 13:00:00,1.0917086399999998
2026-05-24 14:00:00,0.9651221183999998
2026-05-24 15:00:00,0.5068022784
2026-05-24 16:00:00,0.29789232
2026-05-24 17:00:00,0.10354227839999998
2026-05-24 18:00:00,0.0
2026-05-24 19:00:00,0.0
2026-05-24 20:00:00,0.0
2026-05-24 21:00:00,0.0
2026-05-24 22:00:00,0.0
2026-05-24 23:00:00,0.0
2026-05-25 00:00:00,0.0
2026-05-25 01:00:00,0.0
2026-05-25 02:00:00,0.0
2026-05-25 03:00:00,0.0
2026-05-25 04:00:00,0.0
2026-05-25 05:00:00,0.0
2026-05-25 06:00:00,0.0
2026-05-25 07:00:00,0.0
2026-05-25 08:00:00,0.060860870399999996
2026-05-25 09:00:00,0.5776345344
2026-05-25 10:00:00,1.0555127616
2026-05-25 11:00:00,1.6414681536
2026-05-25 12:00:00,1.7679129600000003
2026-05-25 13:00:00,1.5057985536
2026-05-25 14:00:00,1.71243072
2026-05-25 15:00:00,1.2514123776000001
2026-05-25 16:00:00,0.8205356544000001
2026-05-25 17:00:00,0.2493114624
2026-05-25 18:00:00,0.0
2026-05-25 19:00:00,0.0
2026-05-25 20:00:00,0.0
2026-05-25 21:00:00,0.0
2026-05-25 22:00:00,0.0
2026-05-25 23:00:00,0.0
2026-05-26 00:00:00,0.0
2026-05-26 01:00:00,0.0
2026-05-26 02:00:00,0.0
2026-05-26 03:00:00,0.0
2026-05-26 04:00:00,0.0
2026-05-26 05:00:00,0.0
2026-05-26 06:00:00,0.0
2026-05-26 07:00:00,0.0
2026-05-26 08:00:00,0.0387178176
2026-05-26 09:00:00,0.33415155839999994
2026-05-26 10:00:00,0.7882093824
2026-05-26 11:00:00,1.1916140544
2026-05-26 12:00:00,1.9686796800000002
2026-05-26 13:00:00,1.98848496
2026-05-26 14:00:00,1.9925900544000004
2026-05-26 15:00:00,1.6943784000000004
2026-05-26 16:00:00,0.8689365696000001
2026-05-26 17:00:00,0.2387134464
2026-05-26 18:00:00,0.0
2026-05-26 19:00:00,0.0
2026-05-26 20:00:00,0.0
2026-05-26 21:00:00,0.0
2026-05-26 22:00:00,0.0
2026-05-26 23:00:00,0.0
2026-05-27 00:00:00,0.0
2026-05-27 01:00:00,0.0
2026-05-27 02:00:00,0.0
2026-05-27 03:00:00,0.0
2026-05-27 04:00:00,0.0
2026-05-27 05:00:00,0.0
2026-05-27 06:00:00,0.0
2026-05-27 07:00:00,0.0
2026-05-27 08:00:00,0.021971558399999997
2026-05-27 09:00:00,0.1479145536
2026-05-27 10:00:00,0.3487064064
2026-05-27 11:00:00,0.5367916224
2026-05-27 12:00:00,0.43439616000000003
2026-05-27 13:00:00,0.6264935424
2026-05-27 14:00:00,0.4392615744
2026-05-27 15:00:00,0.33736412159999996
2026-05-27 16:00:00,0.19119408000000002
2026-05-27 17:00:00,0.1695528384
2026-05-27 18:00:00,0.0
2026-05-27 19:00:00,0.0
2026-05-27 20:00:00,0.0
2026-05-27 21:00:00,0.0
2026-05-27 22:00:00,0.0
2026-05-27 23:00:00,0.0
2026-05-28 00:00:00,0.0
2026-05-28 01:00:00,0.0
2026-05-28 02:00:00,0.0
2026-05-28 03:00:00,0.0
2026-05-28 04:00:00,0.0
2026-05-28 05:00:00,0.0
2026-05-28 06:00:00,0.0
2026-05-28 07:00:00,0.0
2026-05-28 08:00:00,0.027852000000000002
2026-05-28 09:00:00,0.30942320640000004
2026-05-28 10:00:00,1.05657552
2026-05-28 11:00:00,1.1734162175999998
2026-05-28 12:00:00,1.3145704704
2026-05-28 13:00:00,1.12565376
2026-05-28 14:00:00,0.9780266496
2026-05-28 15:00:00,0.7398236736000001
2026-05-28 16:00:00,0.47831900159999996
2026-05-28 17:00:00,0.15907943040000003
2026-05-28 18:00:00,0.0
2026-05-28 19:00:00,0.0
2026-05-28 20:00:00,0.0
2026-05-28 21:00:00,0.0
2026-05-28 22:00:00,0.0
2026-05-28 23:00:00,0.0
2026-05-29 00:00:00,0.0
2026-05-29 01:00:00,0.0
2026-05-29 02:00:00,0.0
2026-05-29 03:00:00,0.0
2026-05-29 04:00:00,0.0
2026-05-29 05:00:00,0.0
2026-05-29 06:00:00,0.0
2026-05-29 07:00:00,0.0
2026-05-29 08:00:00,0.011119257599999998
2026-05-29 09:00:00,0.1165437504
2026-05-29 10:00:00,0.4677393600000001
2026-05-29 11:00:00,0.9131544576
2026-05-29 12:00:00,1.2842812224
2026-05-29 13:00:00,1.9174833216
2026-05-29 14:00:00,2.1583051776
2026-05-29 15:00:00,1.8255646464
2026-05-29 16:00:00,1.0434952704000002
2026-05-29 17:00:00,0.1156567104
2026-05-29 18:00:00,0.0
2026-05-29 19:00:00,0.0
2026-05-29 20:00:00,0.0
2026-05-29 21:00:00,0.0
2026-05-29 22:00:00,0.0
2026-05-29 23:00:00,0.0
2026-05-30 00:00:00,0.0
2026-05-30 01:00:00,0.0
2026-05-30 02:00:00,0.0
2026-05-30 03:00:00,0.0
2026-05-30 04:00:00,0.0
2026-05-30 05:00:00,0.0
2026-05-30 06:00:00,0.0
2026-05-30 07:00:00,0.0
2026-05-30 08:00:00,0.0444128256
2026-05-30 09:00:00,0.5467968000000001
2026-05-30 10:00:00,1.12742784
2026-05-30 11:00:00,1.3707403776
2026-05-30 12:00:00,1.4108314176000003
2026-05-30 13:00:00,1.9907739456
2026-05-30 14:00:00,1.7908805376
2026-05-30 15:00:00,1.3412367936000003
2026-05-30 16:00:00,0.88531344
2026-05-30 17:00:00,0.2899254336
2026-05-30 18:00:00,0.0
2026-05-30 19:00:00,0.0
2026-05-30 20:00:00,0.0
2026-05-30 21:00:00,0.0
2026-05-30 22:00:00,0.0
2026-05-30 23:00:00,0.0
2026-05-31 00:00:00,0.0
2026-05-31 01:00:00,0.0
2026-05-31 02:00:00,0.0
2026-05-31 03:00:00,0.0
2026-05-31 04:00:00,0.0
2026-05-31 05:00:00,0.0
2026-05-31 06:00:00,0.0
2026-05-31 07:00:00,0.0
2026-05-31 08:00:00,0.0615345984
2026-05-31 09:00:00,0.6115627584
2026-05-31 10:00:00,1.3375143935999998
2026-05-31 11:00:00,1.7403034176
2026-05-31 12:00:00,1.9124303615999998
2026-05-31 13:00:00,2.1782052864
2026-05-31 14:00:00,1.6286757696
2026-05-31 15:00:00,0.9124150464
2026-05-31 16:00:00,0.45909642240000004
2026-05-31 17:00:00,0.2150051904
2026-05-31 18:00:00,0.0
2026-05-31 19:00:00,0.0
2026-05-31 20:00:00,0.0
2026-05-31 21:00:00,0.0
2026-05-31 22:00:00,0.0
2026-05-31 23:00:00,0.0
2026-06-01 00:00:00,0.0
2026-06-01 01:00:00,0.0
2026-06-01 02:00:00,0.0
2026-06-01 03:00:00,0.0
2026-06-01 04:00:00,0.0
2026-06-01 05:00:00,0.0
2026-06-01 06:00:00,0.0
2026-06-01 07:00:00,0.0
2026-06-01 08:00:00,0.05632704000000001
2026-06-01 09:00:00,0.6205495296000001
2026-06-01 10:00:00,1.2026798784
2026-06-01 11:00:00,1.6481272896
2026-06-01 12:00:00,1.6119749184
2026-06-01 13:00:00,1.4581811904000002
2026-06-01 14:00:00,1.5355701504
2026-06-01 15:00:00,1.0851456000000002
2026-06-01 16:00:00,0.31527365760000003
2026-06-01 17:00:00,0.15520834560000002
2026-06-01 18:00:00,0.0
2026-06-01 19:00:00,0.0
2026-06-01 20:00:00,0.0
2026-06-01 21:00:00,0.0
2026-06-01 22:00:00,0.0
2026-06-01 23:00:00,0.0
2026-06-02 00:00:00,0.0
2026-06-02 01:00:00,0.0
2026-06-02 02:00:00,0.0
2026-06-02 03:00:00,0.0
2026-06-02 04:00:00,0.0
2026-06-02 05:00:00,0.0
2026-06-02 06:00:00,0.0
2026-06-02 07:00:00,0.0
2026-06-02 08:00:00,0.033279206400000004
2026-06-02 09:00:00,0.4501744896
2026-06-02 10:00:00,1.0008292799999998
2026-06-02 11:00:00,1.4012883456000003
2026-06-02 12:00:00,1.3420845504
2026-06-02 13:00:00,1.0269150144
2026-06-02 14:00:00,0.7663746815999999
2026-06-02 15:00:00,0.3857815103999999
2026-06-02 16:00:00,0.6042279936
2026-06-02 17:00:00,0.2727648
2026-06-02 18:00:00,0.0
2026-06-02 19:00:00,0.0
2026-06-02 20:00:00,0.0
2026-06-02 21:00:00,0.0
2026-06-02 22:00:00,0.0
2026-06-02 23:00:00,0.0
2026-06-03 00:00:00,0.0
2026-06-03 01:00:00,0.0
2026-06-03 02:00:00,0.0
2026-06-03 03:00:00,0.0
2026-06-03 04:00:00,0.0
2026-06-03 05:00:00,0.0
2026-06-03 06:00:00,0.0
2026-06-03 07:00:00,0.0
2026-06-03 08:00:00,0.0221320704
2026-06-03 09:00:00,0.35685936
2026-06-03 10:00:00,0.4540341696
2026-06-03 11:00:00,0.7593062400000001
2026-06-03 12:00:00,0.7539706944
2026-06-03 13:00:00,1.0281251904
2026-06-03 14:00:00,0.7906761983999999
2026-06-03 15:00:00,0.7791151104
2026-06-03 16:00:00,0.7593062400000001
2026-06-03 17:00:00,0.1983066624
2026-06-03 18:00:00,0.0
2026-06-03 19:00:00,0.0
2026-06-03 20:00:00,0.0
2026-06-03 21:00:00,0.0
2026-06-03 22:00:00,0.0
2026-06-03 23:00:00,0.0
2026-06-04 00:00:00,0.0
2026-06-04 01:00:00,0.0
2026-06-04 02:00:00,0.0
2026-06-04 03:00:00,0.0
2026-06-04 04:00:00,0.0
2026-06-04 05:00:00,0.0
2026-06-04 06:00:00,0.0
2026-06-04 07:00:00,0.0
2026-06-04 08:00:00,0.022317926400000004
2026-06-04 09:00:00,0.2824962624
2026-06-04 10:00:00,0.5401245696000001
2026-06-04 11:00:00,0.6705447936000001
2026-06-04 12:00:00,0.7335001344000001
2026-06-04 13:00:00,0.38010234240000007
2026-06-04 14:00:00,0.5855019456
2026-06-04 15:00:00,0.4713713663999999
2026-06-04 16:00:00,0.3358263744
2026-06-04 17:00:00,0.1327417344
2026-06-04 18:00:00,0.0
2026-06-04 19:00:00,0.0
2026-06-04 20:00:00,0.0
2026-06-04 21:00:00,0.0
2026-06-04 22:00:00,0.0
2026-06-04 23:00:00,0.0
2026-06-05 00:00:00,0.0
2026-06-05 01:00:00,0.0
2026-06-05 02:00:00,0.0
2026-06-05 03:00:00,0.0
2026-06-05 04:00:00,0.0
2026-06-05 05:00:00,0.0
2026-06-05 06:00:00,0.0
2026-06-05 07:00:00,0.0
2026-06-05 08:00:00,0.039235257600000004
2026-06-05 09:00:00,0.48742594559999997
2026-06-05 10:00:00,0.8869741056000001
2026-06-05 11:00:00,1.5996220416
2026-06-05 12:00:00,1.8445454016
2026-06-05 13:00:00,2.1678767616
2026-06-05 14:00:00,1.4806372416
2026-06-05 15:00:00,0.9042977856000001
2026-06-05 16:00:00,0.4112856
2026-06-05 17:00:00,0.16612992
2026-06-05 18:00:00,0.0
2026-06-05 19:00:00,0.0
2026-06-05 20:00:00,0.0
2026-06-05 21:00:00,0.0
2026-06-05 22:00:00,0.0
2026-06-05 23:00:00,0.0
2026-06-06 00:00:00,0.0
2026-06-06 01:00:00,0.0
2026-06-06 02:00:00,0.0
2026-06-06 03:00:00,0.0
2026-06-06 04:00:00,0.0
2026-06-06 05:00:00,0.0
2026-06-06 06:00:00,0.0
2026-06-06 07:00:00,0.0
2026-06-06 08:00:00,0.022224998399999998
2026-06-06 09:00:00,0.2098373376
2026-06-06 10:00:00,0.5522007743999999
2026-06-06 11:00:00,0.9149135424
2026-06-06 12:00:00,1.4490279936000001
2026-06-06 13:00:00,1.3280249664
2026-06-06 14:00:00,0.7932044735999999
2026-06-06 15:00:00,0.9595992383999998
2026-06-06 16:00:00,0.49924469759999995
2026-06-06 17:00:00,0.1870454784
2026-06-06 18:00:00,0.0
2026-06-06 19:00:00,0.0
2026-06-06 20:00:00,0.0
2026-06-06 21:00:00,0.0
2026-06-06 22:00:00,0.0
2026-06-06 23:00:00,0.0
2026-06-07 00:00:00,0.0
2026-06-07 01:00:00,0.0
2026-06-07 02:00:00,0.0
2026-06-07 03:00:00,0.0
2026-06-07 04:00:00,0.0
2026-06-07 05:00:00,0.0
2026-06-07 06:00:00,0.0
2026-06-07 07:00:00,0.0
2026-06-07 08:00:00,0.039205689599999996
2026-06-07 09:00:00,0.5773521600000001
2026-06-07 10:00:00,1.2984086016
2026-06-07 11:00:00,1.7966629824
2026-06-07 12:00:00,1.8983169216
2026-06-07 13:00:00,2.05264752
2026-06-07 14:00:00,1.7822591424
2026-06-07 15:00:00,0.9655043904
2026-06-07 16:00:00,0.6568886016
2026-06-07 17:00:00,0.23395109759999996
2026-06-07 18:00:00,0.0
2026-06-07 19:00:00,0.0
2026-06-07 20:00:00,0.0
2026-06-07 21:00:00,0.0
2026-06-07 22:00:00,0.0
2026-06-07 23:00:00,0.0
2026-06-08 00:00:00,0.0
2026-06-08 01:00:00,0.0
2026-06-08 02:00:00,0.0
2026-06-08 03:00:00,0.0
2026-06-08 04:00:00,0.0
2026-06-08 05:00:00,0.0
2026-06-08 06:00:00,0.0
2026-06-08 07:00:00,0.0
2026-06-08 08:00:00,0.0337480704
2026-06-08 09:00:00,0.35008364160000005
2026-06-08 10:00:00,0.8217791999999999
2026-06-08 11:00:00,1.1569476864
2026-06-08 12:00:00,1.8740251200000002
2026-06-08 13:00:00,2.1968278464
2026-06-08 14:00:00,2.0269313855999997
2026-06-08 15:00:00,1.5252627455999999
2026-06-08 16:00:00,1.0829423616
2026-06-08 17:00:00,0.3080039424
2026-06-08 18:00:00,0.0
2026-06-08 19:00:00,0.0
2026-06-08 20:00:00,0.0
2026-06-08 21:00:00,0.0
2026-06-08 22:00:00,0.0
2026-06-08 23:00:00,0.0
2026-06-09 00:00:00,0.0
2026-06-09 01:00:00,0.0
2026-06-09 02:00:00,0.0
2026-06-09 03:00:00,0.0
2026-06-09 04:00:00,0.0
2026-06-09 05:00:00,0.0
2026-06-09 06:00:00,0.0
2026-06-09 07:00:00,0.0
2026-06-09 08:00:00,0.0388952256
2026-06-09 09:00:00,0.5803209984
2026-06-09 10:00:00,1.3561982016
2026-06-09 11:00:00,1.9264506624
2026-06-09 12:00:00,2.2783299264
2026-06-09 13:00:00,2.3636845056
2026-06-09 14:00:00,2.1374217216
2026-06-09 15:00:00,1.6757636544
2026-06-09 16:00:00,1.0678272000000002
2026-06-09 17:00:00,0.24029322239999998
2026-06-09 18:00:00,0.0
2026-06-09 19:00:00,0.0
2026-06-09 20:00:00,0.0
2026-06-09 21:00:00,0.0
2026-06-09 22:00:00,0.0
2026-06-09 23:00:00,0.0
2026-06-10 00:00:00,0.0
2026-06-10 01:00:00,0.0
2026-06-10 02:00:00,0.0
2026-06-10 03:00:00,0.0
2026-06-10 04:00:00,0.0
2026-06-10 05:00:00,0.0
2026-06-10 06:00:00,0.0
2026-06-10 07:00:00,0.0
2026-06-10 08:00:00,0.0109502976
2026-06-10 09:00:00,0.1255252416
2026-06-10 10:00:00,0.2396427264
2026-06-10 11:00:00,0.35840471040000005
2026-06-10 12:00:00,0.5336553024
2026-06-10 13:00:00,1.3638550464
2026-06-10 14:00:00,1.1578463424
2026-06-10 15:00:00,0.8054760384
2026-06-10 16:00:00,0.1952653824
2026-06-10 17:00:00,0.19587363840000002
2026-06-10 18:00:00,0.0
2026-06-10 19:00:00,0.0
2026-06-10 20:00:00,0.0
2026-06-10 21:00:00,0.0
2026-06-10 22:00:00,0.0
2026-06-10 23:00:00,0.0
2026-06-11 00:00:00,0.0
2026-06-11 01:00:00,0.0
2026-06-11 02:00:00,0.0
2026-06-11 03:00:00,0.0
2026-06-11 04:00:00,0.0
2026-06-11 05:00:00,0.0
2026-06-11 06:00:00,0.0
2026-06-11 07:00:00,0.0
2026-06-11 08:00:00,0.028158240000000005
2026-06-11 09:00:00,0.41603759999999995
2026-06-11 10:00:00,0.8949456384
2026-06-11 11:00:00,1.4915634624000003
2026-06-11 12:00:00,1.7539416575999998
2026-06-11 13:00:00,1.9871385600000002
2026-06-11 14:00:00,1.8245139263999999
2026-06-11 15:00:00,1.5155306496
2026-06-11 16:00:00,1.0392782400000002
2026-06-11 17:00:00,0.2961598464
2026-06-11 18:00:00,0.0
2026-06-11 19:00:00,0.0
2026-06-11 20:00:00,0.0
2026-06-11 21:00:00,0.0
2026-06-11 22:00:00,0.0
2026-06-11 23:00:00,0.0
2026-06-12 00:00:00,0.0
2026-06-12 01:00:00,0.0
2026-06-12 02:00:00,0.0
2026-06-12 03:00:00,0.0
2026-06-12 04:00:00,0.0
2026-06-12 05:00:00,0.0
2026-06-12 06:00:00,0.0
2026-06-12 07:00:00,0.0
2026-06-12 08:00:00,0.027545760000000006
2026-06-12 09:00:00,0.43524096000000007
2026-06-12 10:00:00,0.9442228224000001
2026-06-12 11:00:00,1.4278809600000002
2026-06-12 12:00:00,1.7736576000000004
2026-06-12 13:00:00,1.9176537599999999
2026-06-12 14:00:00,1.6385554944
2026-06-12 15:00:00,1.4716325184
2026-06-12 16:00:00,0.8731244544
2026-06-12 17:00:00,0.2922822144
2026-06-12 18:00:00,0.0
2026-06-12 19:00:00,0.0
2026-06-12 20:00:00,0.0
2026-06-12 21:00:00,0.0
2026-06-12 22:00:00,0.0
2026-06-12 23:00:00,0.0
2026-06-13 00:00:00,0.0
2026-06-13 01:00:00,0.0
2026-06-13 02:00:00,0.0
2026-06-13 03:00:00,0.0
2026-06-13 04:00:00,0.0
2026-06-13 05:00:00,0.0
2026-06-13 06:00:00,0.0
2026-06-13 07:00:00,0.0
2026-06-13 08:00:00,0.0054884543999999995
2026-06-13 09:00:00,0.1204997376
2026-06-13 10:00:00,0.3378878976
2026-06-13 11:00:00,0.37500186240000005
2026-06-13 12:00:00,0.36435864960000003
2026-06-13 13:00:00,0.2721312
2026-06-13 14:00:00,0.5186801664
2026-06-13 15:00:00,0.6884376576
2026-06-13 16:00:00,0.41142435839999997
2026-06-13 17:00:00,0.08213039999999999
2026-06-13 18:00:00,0.0
2026-06-13 19:00:00,0.0
2026-06-13 20:00:00,0.0
2026-06-13 21:00:00,0.0
2026-06-13 22:00:00,0.0
2026-06-13 23:00:00,0.0
2026-06-14 00:00:00,0.0
2026-06-14 01:00:00,0.0
2026-06-14 02:00:00,0.0
2026-06-14 03:00:00,0.0
2026-06-14 04:00:00,0.0
2026-06-14 05:00:00,0.0
2026-06-14 06:00:00,0.0
2026-06-14 07:00:00,0.0
2026-06-14 08:00:00,0.0338747904
2026-06-14 09:00:00,0.5651433215999999
2026-06-14 10:00:00,1.2828442176000001
2026-06-14 11:00:00,1.8605663999999997
2026-06-14 12:00:00,2.1893420735999998
2026-06-14 13:00:00,1.9225350144
2026-06-14 14:00:00,1.87477488
2026-06-14 15:00:00,1.2086712
2026-06-14 16:00:00,0.7399670784000001
2026-06-14 17:00:00,0.16574976
2026-06-14 18:00:00,0.0
2026-06-14 19:00:00,0.0
2026-06-14 20:00:00,0.0
2026-06-14 21:00:00,0.0
2026-06-14 22:00:00,0.0
2026-06-14 23:00:00,0.0
2026-06-15 00:00:00,0.0
2026-06-15 01:00:00,0.0
2026-06-15 02:00:00,0.0
2026-06-15 03:00:00,0.0
2026-06-15 04:00:00,0.0
2026-06-15 05:00:00,0.0
2026-06-15 06:00:00,0.0
2026-06-15 07:00:00,0.0
2026-06-15 08:00:00,0.028380000000000002
2026-06-15 09:00:00,0.4681442304
2026-06-15 10:00:00,1.2263099904
2026-06-15 11:00:00,1.7463614784
2026-06-15 12:00:00,1.6088438784
2026-06-15 13:00:00,1.4187757056
2026-06-15 14:00:00,1.16949888
2026-06-15 15:00:00,0.7304884224
2026-06-15 16:00:00,0.7466314944
2026-06-15 17:00:00,0.1199886336
2026-06-15 18:00:00,0.0
2026-06-15 19:00:00,0.0
2026-06-15 20:00:00,0.0
2026-06-15 21:00:00,0.0
2026-06-15 22:00:00,0.0
2026-06-15 23:00:00,0.0
2026-06-16 00:00:00,0.0
2026-06-16 01:00:00,0.0
2026-06-16 02:00:00,0.0
2026-06-16 03:00:00,0.0
2026-06-16 04:00:00,0.0
2026-06-16 05:00:00,0.0
2026-06-16 06:00:00,0.0
2026-06-16 07:00:00,0.0
2026-06-16 08:00:00,0.0109587456
2026-06-16 09:00:00,0.2126165184
2026-06-16 10:00:00,0.7577913023999998
2026-06-16 11:00:00,1.0288635456000004
2026-06-16 12:00:00,0.9755545536000001
2026-06-16 13:00:00,1.2060550656000002
2026-06-16 14:00:00,1.1419398144
2026-06-16 15:00:00,0.6054941376
2026-06-16 16:00:00,0.1517784576
2026-06-16 17:00:00,0.0489322944
2026-06-16 18:00:00,0.0
2026-06-16 19:00:00,0.0
2026-06-16 20:00:00,0.0
2026-06-16 21:00:00,0.0
2026-06-16 22:00:00,0.0
2026-06-16 23:00:00,0.0
2026-06-17 00:00:00,0.0
2026-06-17 01:00:00,0.0
2026-06-17 02:00:00,0.0
2026-06-17 03:00:00,0.0
2026-06-17 04:00:00,0.0
2026-06-17 05:00:00,0.0
2026-06-17 06:00:00,0.0
2026-06-17 07:00:00,0.0
2026-06-17 08:00:00,0.0219039744
2026-06-17 09:00:00,0.37965312
2026-06-17 10:00:00,0.6139102464
2026-06-17 11:00:00,0.9691858175999998
2026-06-17 12:00:00,1.1840446464
2026-06-17 13:00:00,1.2036473856
2026-06-17 14:00:00,0.6251484096000001
2026-06-17 15:00:00,0.40837463039999994
2026-06-17 16:00:00,0.3658761216
2026-06-17 17:00:00,0.25380812160000005
2026-06-17 18:00:00,0.0
2026-06-17 19:00:00,0.0
2026-06-17 20:00:00,0.0
2026-06-17 21:00:00,0.0
2026-06-17 22:00:00,0.0
2026-06-17 23:00:00,0.0
2026-06-18 00:00:00,0.0
2026-06-18 01:00:00,0.0
2026-06-18 02:00:00,0.0
2026-06-18 03:00:00,0.0
2026-06-18 04:00:00,0.0
2026-06-18 05:00:00,0.0
2026-06-18 06:00:00,0.0
2026-06-18 07:00:00,0.0
2026-06-18 08:00:00,0.021802598399999998
2026-06-18 09:00:00,0.3891926016
2026-06-18 10:00:00,0.5545210176
2026-06-18 11:00:00,0.8608590144000001
2026-06-18 12:00:00,1.0012164096
2026-06-18 13:00:00,0.9326856
2026-06-18 14:00:00,0.43720871040000003
2026-06-18 15:00:00,0.1577319744
2026-06-18 16:00:00,0.1523106816
2026-06-18 17:00:00,0.0382151616
2026-06-18 18:00:00,0.0
2026-06-18 19:00:00,0.0
2026-06-18 20:00:00,0.0
2026-06-18 21:00:00,0.0
2026-06-18 22:00:00,0.0
2026-06-18 23:00:00,0.0
2026-06-19 00:00:00,0.0
2026-06-19 01:00:00,0.0
2026-06-19 02:00:00,0.0
2026-06-19 03:00:00,0.0
2026-06-19 04:00:00,0.0
2026-06-19 05:00:00,0.0
2026-06-19 06:00:00,0.0
2026-06-19 07:00:00,0.0
2026-06-19 08:00:00,0.022267238399999997
2026-06-19 09:00:00,0.2595654336
2026-06-19 10:00:00,0.40631754239999995
2026-06-19 11:00:00,0.6978994176
2026-06-19 12:00:00,0.5573880576
2026-06-19 13:00:00,0.6753567744
2026-06-19 14:00:00,0.4861416384
2026-06-19 15:00:00,0.46468752000000013
2026-06-19 16:00:00,0.3997937856
2026-06-19 17:00:00,0.1544395776
2026-06-19 18:00:00,0.0
2026-06-19 19:00:00,0.0
2026-06-19 20:00:00,0.0
2026-06-19 21:00:00,0.0
2026-06-19 22:00:00,0.0
2026-06-19 23:00:00,0.0
2026-06-20 00:00:00,0.0
2026-06-20 01:00:00,0.0
2026-06-20 02:00:00,0.0
2026-06-20 03:00:00,0.0
2026-06-20 04:00:00,0.0
2026-06-20 05:00:00,0.0
2026-06-20 06:00:00,0.0
2026-06-20 07:00:00,0.0
2026-06-20 08:00:00,0.011127705600000001
2026-06-20 09:00:00,0.23767455359999995
2026-06-20 10:00:00,0.3411614976
2026-06-20 11:00:00,0.6866221824000002
2026-06-20 12:00:00,0.9830236416
2026-06-20 13:00:00,1.2666153984000001
2026-06-20 14:00:00,1.77552144
2026-06-20 15:00:00,0.8088425664
2026-06-20 16:00:00,0.4064738303999999
2026-06-20 17:00:00,0.0996627456
2026-06-20 18:00:00,0.0
2026-06-20 19:00:00,0.0
2026-06-20 20:00:00,0.0
2026-06-20 21:00:00,0.0
2026-06-20 22:00:00,0.0
2026-06-20 23:00:00,0.0
2026-06-21 00:00:00,0.0
2026-06-21 01:00:00,0.0
2026-06-21 02:00:00,0.0
2026-06-21 03:00:00,0.0
2026-06-21 04:00:00,0.0
2026-06-21 05:00:00,0.0
2026-06-21 06:00:00,0.0
2026-06-21 07:00:00,0.0
2026-06-21 08:00:00,0.0112164096
2026-06-21 09:00:00,0.36029136
2026-06-21 10:00:00,0.9747211583999998
2026-06-21 11:00:00,1.4743608000000001
2026-06-21 12:00:00,1.8161833536
2026-06-21 13:00:00,2.0801746943999997
2026-06-21 14:00:00,1.8378809856
2026-06-21 15:00:00,1.5492020544000003
2026-06-21 16:00:00,0.89402544
2026-06-21 17:00:00,0.19914301439999998
2026-06-21 18:00:00,0.0
2026-06-21 19:00:00,0.0
2026-06-21 20:00:00,0.0
2026-06-21 21:00:00,0.0
2026-06-21 22:00:00,0.0
2026-06-21 23:00:00,0.0
2026-06-22 00:00:00,0.0
2026-06-22 01:00:00,0.0
2026-06-22 02:00:00,0.0
2026-06-22 03:00:00,0.0
2026-06-22 04:00:00,0.0
2026-06-22 05:00:00,0.0
2026-06-22 06:00:00,0.0
2026-06-22 07:00:00,0.0
2026-06-22 08:00:00,0.0112544256
2026-06-22 09:00:00,0.2676934656
2026-06-22 10:00:00,0.6839990784000001
2026-06-22 11:00:00,1.3831471104
2026-06-22 12:00:00,1.7379419904
2026-06-22 13:00:00,2.1411377856
2026-06-22 14:00:00,1.7995084800000003
2026-06-22 15:00:00,1.1768099904
2026-06-22 16:00:00,0.7019077824000001
2026-06-22 17:00:00,0.2164878144
2026-06-22 18:00:00,0.0
2026-06-22 19:00:00,0.0
2026-06-22 20:00:00,0.0
2026-06-22 21:00:00,0.0
2026-06-22 22:00:00,0.0
2026-06-22 23:00:00,0.0
2026-06-23 00:00:00,0.0
2026-06-23 01:00:00,0.0
2026-06-23 02:00:00,0.0
2026-06-23 03:00:00,0.0
2026-06-23 04:00:00,0.0
2026-06-23 05:00:00,0.0
2026-06-23 06:00:00,0.0
2026-06-23 07:00:00,0.0
2026-06-23 08:00:00,0.022613606400000003
2026-06-23 09:00:00,0.4241048064
2026-06-23 10:00:00,1.0709766144000001
2026-06-23 11:00:00,1.6565148863999999
2026-06-23 12:00:00,1.6326123264000003
2026-06-23 13:00:00,1.9089009983999996
2026-06-23 14:00:00,1.3800036096
2026-06-23 15:00:00,1.0924622016
2026-06-23 16:00:00,0.6106146816
2026-06-23 17:00:00,0.0941366976
2026-06-23 18:00:00,0.0
2026-06-23 19:00:00,0.0
2026-06-23 20:00:00,0.0
2026-06-23 21:00:00,0.0
2026-06-23 22:00:00,0.0
2026-06-23 23:00:00,0.0
2026-06-24 00:00:00,0.0
2026-06-24 01:00:00,0.0
2026-06-24 02:00:00,0.0
2026-06-24 03:00:00,0.0
2026-06-24 04:00:00,0.0
2026-06-24 05:00:00,0.0
2026-06-24 06:00:00,0.0
2026-06-24 07:00:00,0.0
2026-06-24 08:00:00,0.0111699456
2026-06-24 09:00:00,0.33225984
2026-06-24 10:00:00,0.7873265664
2026-06-24 11:00:00,0.9716967743999998
2026-06-24 12:00:00,1.0994379263999998
2026-06-24 13:00:00,1.0535906304000002
2026-06-24 14:00:00,0.8990072256000001
2026-06-24 15:00:00,0.7454278656000001
2026-06-24 16:00:00,0.3057567744
2026-06-24 17:00:00,0.1372008
2026-06-24 18:00:00,0.0
2026-06-24 19:00:00,0.0
2026-06-24 20:00:00,0.0
2026-06-24 21:00:00,0.0
2026-06-24 22:00:00,0.0
2026-06-24 23:00:00,0.0
2026-06-25 00:00:00,0.0
2026-06-25 01:00:00,0.0
2026-06-25 02:00:00,0.0
2026-06-25 03:00:00,0.0
2026-06-25 04:00:00,0.0
2026-06-25 05:00:00,0.0
2026-06-25 06:00:00,0.0
2026-06-25 07:00:00,0.0
2026-06-25 08:00:00,0.016974777599999998
2026-06-25 09:00:00,0.4281727296000001
2026-06-25 10:00:00,1.0212856896
2026-06-25 11:00:00,1.53158544
2026-06-25 12:00:00,1.9540090944000001
2026-06-25 13:00:00,1.6415917056
2026-06-25 14:00:00,1.41627024
2026-06-25 15:00:00,0.8285530176000002
2026-06-25 16:00:00,0.49192704
2026-06-25 17:00:00,0.11079552000000001
2026-06-25 18:00:00,0.0
2026-06-25 19:00:00,0.0
2026-06-25 20:00:00,0.0
2026-06-25 21:00:00,0.0
2026-06-25 22:00:00,0.0
2026-06-25 23:00:00,0.0
2026-06-26 00:00:00,0.0
2026-06-26 01:00:00,0.0
2026-06-26 02:00:00,0.0
2026-06-26 03:00:00,0.0
2026-06-26 04:00:00,0.0
2026-06-26 05:00:00,0.0
2026-06-26 06:00:00,0.0
2026-06-26 07:00:00,0.0
2026-06-26 08:00:00,0.011262873599999999
2026-06-26 09:00:00,0.2293562304
2026-06-26 10:00:00,0.7288528896
2026-06-26 11:00:00,1.0508230656
2026-06-26 12:00:00,1.1031806016
2026-06-26 13:00:00,1.3917524544
2026-06-26 14:00:00,1.3192464384
2026-06-26 15:00:00,1.0139222015999998
2026-06-26 16:00:00,0.6208925184
2026-06-26 17:00:00,0.25426621439999997
2026-06-26 18:00:00,0.0
2026-06-26 19:00:00,0.0
2026-06-26 20:00:00,0.0
2026-06-26 21:00:00,0.0
2026-06-26 22:00:00,0.0
2026-06-26 23:00:00,0.0
2026-06-27 00:00:00,0.0
2026-06-27 01:00:00,0.0
2026-06-27 02:00:00,0.0
2026-06-27 03:00:00,0.0
2026-06-27 04:00:00,0.0
2026-06-27 05:00:00,0.0
2026-06-27 06:00:00,0.0
2026-06-27 07:00:00,0.0
2026-06-27 08:00:00,0.0113220096
2026-06-27 09:00:00,0.309276
2026-06-27 10:00:00,0.697092
2026-06-27 11:00:00,1.3861210176
2026-06-27 12:00:00,1.9180598976
2026-06-27 13:00:00,2.4288000000000003
2026-06-27 14:00:00,2.2544698175999995
2026-06-27 15:00:00,1.8014870015999997
2026-06-27 16:00:00,1.1323439424
2026-06-27 17:00:00,0.3566813184
2026-06-27 18:00:00,0.0
2026-06-27 19:00:00,0.0
2026-06-27 20:00:00,0.0
2026-06-27 21:00:00,0.0
2026-06-27 22:00:00,0.0
2026-06-27 23:00:00,0.0
2026-06-28 00:00:00,0.0
2026-06-28 01:00:00,0.0
2026-06-28 02:00:00,0.0
2026-06-28 03:00:00,0.0
2026-06-28 04:00:00,0.0
2026-06-28 05:00:00,0.0
2026-06-28 06:00:00,0.0
2026-06-28 07:00:00,0.0
2026-06-28 08:00:00,0.011436057599999999
2026-06-28 09:00:00,0.2611640064
2026-06-28 10:00:00,0.9020284416
2026-06-28 11:00:00,1.7008932864
2026-06-28 12:00:00,2.1052992576
2026-06-28 13:00:00,2.2996547904
2026-06-28 14:00:00,2.1414201599999996
2026-06-28 15:00:00,1.6906089024
2026-06-28 16:00:00,0.6165586944
2026-06-28 17:00:00,0.2696172864
2026-06-28 18:00:00,0.0
2026-06-28 19:00:00,0.0
2026-06-28 20:00:00,0.0
2026-06-28 21:00:00,0.0
2026-06-28 22:00:00,0.0
2026-06-28 23:00:00,0.0
2026-06-29 00:00:00,0.0
2026-06-29 01:00:00,0.0
2026-06-29 02:00:00,0.0
2026-06-29 03:00:00,0.0
2026-06-29 04:00:00,0.0
2026-06-29 05:00:00,0.0
2026-06-29 06:00:00,0.0
2026-06-29 07:00:00,0.0
2026-06-29 08:00:00,0.0166579776
2026-06-29 09:00:00,0.37363138560000003
2026-06-29 10:00:00,0.7506740736
2026-06-29 11:00:00,1.3197659904
2026-06-29 12:00:00,1.4334921216
2026-06-29 13:00:00,1.2405121344
2026-06-29 14:00:00,1.8682228224
2026-06-29 15:00:00,1.4226734016000002
2026-06-29 16:00:00,0.5283237696
2026-06-29 17:00:00,0.0879673344
2026-06-29 18:00:00,0.0
2026-06-29 19:00:00,0.0
2026-06-29 20:00:00,0.0
2026-06-29 21:00:00,0.0
2026-06-29 22:00:00,0.0
2026-06-29 23:00:00,0.0
2026-06-30 00:00:00,0.0
2026-06-30 01:00:00,0.0
2026-06-30 02:00:00,0.0
2026-06-30 03:00:00,0.0
2026-06-30 04:00:00,0.0
2026-06-30 05:00:00,0.0
2026-06-30 06:00:00,0.0
2026-06-30 07:00:00,0.0
2026-06-30 08:00:00,0.0055137984000000004
2026-06-30 09:00:00,0.0440411136
2026-06-30 10:00:00,0.1536116736
2026-06-30 11:00:00,0.3275712
2026-06-30 12:00:00,0.4408012224
2026-06-30 13:00:00,0.4562578944000001
2026-06-30 14:00:00,0.4938757823999999
2026-06-30 15:00:00,0.2402002944
2026-06-30 16:00:00,0.1586506944
2026-06-30 17:00:00,0.0384221376
2026-06-30 18:00:00,0.0
2026-06-30 19:00:00,0.0
2026-06-30 20:00:00,0.0
2026-06-30 21:00:00,0.0
2026-06-30 22:00:00,0.0
2026-06-30 23:00:00,0.0
2026-07-01 00:00:00,0.0
2026-07-01 01:00:00,0.0
2026-07-01 02:00:00,0.0
2026-07-01 03:00:00,0.0
2026-07-01 04:00:00,0.0
2026-07-01 05:00:00,0.0
2026-07-01 06:00:00,0.0
2026-07-01 07:00:00,0.0
2026-07-01 08:00:00,0.0166199616
2026-07-01 09:00:00,0.34609196160000005
2026-07-01 10:00:00,0.7862711999999998
2026-07-01 11:00:00,1.1574503424
2026-07-01 12:00:00,1.2487647744000003
2026-07-01 13:00:00,1.6540282175999999
2026-07-01 14:00:00,1.2927864576
2026-07-01 15:00:00,0.7625559744
2026-07-01 16:00:00,0.34897674240000004
2026-07-01 17:00:00,0.14217815039999998
2026-07-01 18:00:00,0.0
2026-07-01 19:00:00,0.0
2026-07-01 20:00:00,0.0
2026-07-01 21:00:00,0.0
2026-07-01 22:00:00,0.0
2026-07-01 23:00:00,0.0
2026-07-02 00:00:00,0.0
2026-07-02 01:00:00,0.0
2026-07-02 02:00:00,0.0
2026-07-02 03:00:00,0.0
2026-07-02 04:00:00,0.0
2026-07-02 05:00:00,0.0
2026-07-02 06:00:00,0.0
2026-07-02 07:00:00,0.0
2026-07-02 08:00:00,0.011102361600000001
2026-07-02 09:00:00,0.1605493824
2026-07-02 10:00:00,0.2648549376
2026-07-02 11:00:00,0.34689029760000006
2026-07-02 12:00:00,0.40087301760000005
2026-07-02 13:00:00,0.5361920256
2026-07-02 14:00:00,0.2916044736
2026-07-02 15:00:00,0.4554365375999999
2026-07-02 16:00:00,0.23235125760000003
2026-07-02 17:00:00,0.0333805824
2026-07-02 18:00:00,0.0
2026-07-02 19:00:00,0.0
2026-07-02 20:00:00,0.0
2026-07-02 21:00:00,0.0
2026-07-02 22:00:00,0.0
2026-07-02 23:00:00,0.0
2026-07-03 00:00:00,0.0
2026-07-03 01:00:00,0.0
2026-07-03 02:00:00,0.0
2026-07-03 03:00:00,0.0
2026-07-03 04:00:00,0.0
2026-07-03 05:00:00,0.0
2026-07-03 06:00:00,0.0
2026-07-03 07:00:00,0.0
2026-07-03 08:00:00,0.011182617599999998
2026-07-03 09:00:00,0.32113551360000003
2026-07-03 10:00:00,1.0541481984
2026-07-03 11:00:00,1.4079284736000002
2026-07-03 12:00:00,1.0809216000000001
2026-07-03 13:00:00,0.5951567423999998
2026-07-03 14:00:00,1.4852192256
2026-07-03 15:00:00,0.6379978176000001
2026-07-03 16:00:00,0.6925275456
2026-07-03 17:00:00,0.11079552000000001
2026-07-03 18:00:00,0.0
2026-07-03 19:00:00,0.0
2026-07-03 20:00:00,0.0
2026-07-03 21:00:00,0.0
2026-07-03 22:00:00,0.0
2026-07-03 23:00:00,0.0
2026-07-04 00:00:00,0.0
2026-07-04 01:00:00,0.0
2026-07-04 02:00:00,0.0
2026-07-04 03:00:00,0.0
2026-07-04 04:00:00,0.0
2026-07-04 05:00:00,0.0
2026-07-04 06:00:00,0.0
2026-07-04 07:00:00,0.0
2026-07-04 08:00:00,0.0168290496
2026-07-04 09:00:00,0.3941788223999999
2026-07-04 10:00:00,0.7795704575999999
2026-07-04 11:00:00,1.4720561855999998
2026-07-04 12:00:00,1.5154039296
2026-07-04 13:00:00,1.5349661183999999
2026-07-04 14:00:00,1.03088832
2026-07-04 15:00:00,1.1376288
2026-07-04 16:00:00,0.68442
2026-07-04 17:00:00,0.17236813439999998
2026-07-04 18:00:00,0.0
2026-07-04 19:00:00,0.0
2026-07-04 20:00:00,0.0
2026-07-04 21:00:00,0.0
2026-07-04 22:00:00,0.0
2026-07-04 23:00:00,0.0
2026-07-05 00:00:00,0.0
2026-07-05 01:00:00,0.0
2026-07-05 02:00:00,0.0
2026-07-05 03:00:00,0.0
2026-07-05 04:00:00,0.0
2026-07-05 05:00:00,0.0
2026-07-05 06:00:00,0.0
2026-07-05 07:00:00,0.0
2026-07-05 08:00:00,0.0168797376
2026-07-05 09:00:00,0.4724068800000001
2026-07-05 10:00:00,1.2359071296000002
2026-07-05 11:00:00,1.6979787264
2026-07-05 12:00:00,2.2302990336
2026-07-05 13:00:00,2.2140518399999998
2026-07-05 14:00:00,2.0053623743999998
2026-07-05 15:00:00,1.4524576704
2026-07-05 16:00:00,0.7043598144
2026-07-05 17:00:00,0.3480878016000001
2026-07-05 18:00:00,0.0055856064
2026-07-05 19:00:00,0.0
2026-07-05 20:00:00,0.0
2026-07-05 21:00:00,0.0
2026-07-05 22:00:00,0.0
2026-07-05 23:00:00,0.0
2026-07-06 00:00:00,0.0
2026-07-06 01:00:00,0.0
2026-07-06 02:00:00,0.0
2026-07-06 03:00:00,0.0
2026-07-06 04:00:00,0.0
2026-07-06 05:00:00,0.0
2026-07-06 06:00:00,0.0
2026-07-06 07:00:00,0.0
2026-07-06 08:00:00,0.028834080000000005
2026-07-06 09:00:00,0.5701189824
2026-07-06 10:00:00,1.3648371264
2026-07-06 11:00:00,1.9911868416
2026-07-06 12:00:00,2.3544012096
2026-07-06 13:00:00,2.4676371456000004
2026-07-06 14:00:00,2.2956189696
2026-07-06 15:00:00,1.8597294143999996
2026-07-06 16:00:00,1.1560437504
2026-07-06 17:00:00,0.4275222336000001
2026-07-06 18:00:00,0.005640518400000001
2026-07-06 19:00:00,0.0
2026-07-06 20:00:00,0.0
2026-07-06 21:00:00,0.0
2026-07-06 22:00:00,0.0
2026-07-06 23:00:00,0.0
2026-07-07 00:00:00,0.0
2026-07-07 01:00:00,0.0
2026-07-07 02:00:00,0.0
2026-07-07 03:00:00,0.0
2026-07-07 04:00:00,0.0
2026-07-07 05:00:00,0.0
2026-07-07 06:00:00,0.0
2026-07-07 07:00:00,0.0
2026-07-07 08:00:00,0.011355801600000002
2026-07-07 09:00:00,0.24230616959999995
2026-07-07 10:00:00,0.6418104
2026-07-07 11:00:00,0.9844260095999998
2026-07-07 12:00:00,1.5180796224000004
2026-07-07 13:00:00,1.4314656576
2026-07-07 14:00:00,1.5663873984
2026-07-07 15:00:00,1.2971540736
2026-07-07 16:00:00,0.9561302784000001
2026-07-07 17:00:00,0.2844350784
2026-07-07 18:00:00,0.005648966399999999
2026-07-07 19:00:00,0.0
2026-07-07 20:00:00,0.0
2026-07-07 21:00:00,0.0
2026-07-07 22:00:00,0.0
2026-07-07 23:00:00,0.0
2026-07-08 00:00:00,0.0
2026-07-08 01:00:00,0.0
2026-07-08 02:00:00,0.0
2026-07-08 03:00:00,0.0
2026-07-08 04:00:00,0.0
2026-07-08 05:00:00,0.0
2026-07-08 06:00:00,0.0
2026-07-08 07:00:00,0.0
2026-07-08 08:00:00,0.0170064576
2026-07-08 09:00:00,0.3885545664
2026-07-08 10:00:00,0.8746854336000001
2026-07-08 11:00:00,1.6114929599999999
2026-07-08 12:00:00,2.0581761024
2026-07-08 13:00:00,2.1652061376
2026-07-08 14:00:00,2.1649619904
2026-07-08 15:00:00,1.8365371199999998
2026-07-08 16:00:00,1.2215368704
2026-07-08 17:00:00,0.43902714239999996
2026-07-08 18:00:00,0.005672198399999999
2026-07-08 19:00:00,0.0
2026-07-08 20:00:00,0.0
2026-07-08 21:00:00,0.0
2026-07-08 22:00:00,0.0
2026-07-08 23:00:00,0.0
2026-07-09 00:00:00,0.0
2026-07-09 01:00:00,0.0
2026-07-09 02:00:00,0.0
2026-07-09 03:00:00,0.0
2026-07-09 04:00:00,0.0
2026-07-09 05:00:00,0.0
2026-07-09 06:00:00,0.0
2026-07-09 07:00:00,0.0
2026-07-09 08:00:00,0.0229684224
2026-07-09 09:00:00,0.3861259776
2026-07-09 10:00:00,0.8602159104
2026-07-09 11:00:00,1.3866553536000001
2026-07-09 12:00:00,2.0183482176000003
2026-07-09 13:00:00,2.09686224
2026-07-09 14:00:00,2.1488740415999996
2026-07-09 15:00:00,1.7869953024
2026-07-09 16:00:00,1.1924113343999998
2026-07-09 17:00:00,0.44402688
2026-07-09 18:00:00,0.0056553024
2026-07-09 19:00:00,0.0
2026-07-09 20:00:00,0.0
2026-07-09 21:00:00,0.0
2026-07-09 22:00:00,0.0
2026-07-09 23:00:00,0.0
2026-07-10 00:00:00,0.0
2026-07-10 01:00:00,0.0
2026-07-10 02:00:00,0.0
2026-07-10 03:00:00,0.0
2026-07-10 04:00:00,0.0
2026-07-10 05:00:00,0.0
2026-07-10 06:00:00,0.0
2026-07-10 07:00:00,0.0
2026-07-10 08:00:00,0.028686240000000005
2026-07-10 09:00:00,0.5244503616
2026-07-10 10:00:00,1.2322996224
2026-07-10 11:00:00,1.8827100863999997
2026-07-10 12:00:00,2.3020943616
2026-07-10 13:00:00,2.1834768384
2026-07-10 14:00:00,2.1565648896
2026-07-10 15:00:00,1.7089190976000004
2026-07-10 16:00:00,1.10383152
2026-07-10 17:00:00,0.4016438976
2026-07-10 18:00:00,0.0055940543999999995
2026-07-10 19:00:00,0.0
2026-07-10 20:00:00,0.0
2026-07-10 21:00:00,0.0
2026-07-10 22:00:00,0.0
2026-07-10 23:00:00,0.0
2026-07-11 00:00:00,0.0
2026-07-11 01:00:00,0.0
2026-07-11 02:00:00,0.0
2026-07-11 03:00:00,0.0
2026-07-11 04:00:00,0.0
2026-07-11 05:00:00,0.0
2026-07-11 06:00:00,0.0
2026-07-11 07:00:00,0.0
2026-07-11 08:00:00,0.02807376
2026-07-11 09:00:00,0.5206992384
2026-07-11 10:00:00,0.9613215744000001
2026-07-11 11:00:00,1.7824249344000003
2026-07-11 12:00:00,1.7760762624000002
2026-07-11 13:00:00,1.6049820864
2026-07-11 14:00:00,1.8691333055999997
2026-07-11 15:00:00,1.3468555584000002
2026-07-11 16:00:00,0.9202195200000003
2026-07-11 17:00:00,0.3017256
2026-07-11 18:00:00,0.0055285824
2026-07-11 19:00:00,0.0
2026-07-11 20:00:00,0.0
2026-07-11 21:00:00,0.0
2026-07-11 22:00:00,0.0
2026-07-11 23:00:00,0.0
2026-07-12 00:00:00,0.0
2026-07-12 01:00:00,0.0
2026-07-12 02:00:00,0.0
2026-07-12 03:00:00,0.0
2026-07-12 04:00:00,0.0
2026-07-12 05:00:00,0.0
2026-07-12 06:00:00,0.0
2026-07-12 07:00:00,0.0
2026-07-12 08:00:00,0.0168100416
2026-07-12 09:00:00,0.3221154816
2026-07-12 10:00:00,0.4473019584
2026-07-12 11:00:00,0.8624706816000001
2026-07-12 12:00:00,0.47826725760000005
2026-07-12 13:00:00,0.6674528256
2026-07-12 14:00:00,0.41271119999999994
2026-07-12 15:00:00,0.6890171904000001
2026-07-12 16:00:00,0.41271119999999994
2026-07-12 17:00:00,0.09417260160000002
2026-07-12 18:00:00,0.0055687104
2026-07-12 19:00:00,0.0
2026-07-12 20:00:00,0.0
2026-07-12 21:00:00,0.0
2026-07-12 22:00:00,0.0
2026-07-12 23:00:00,0.0
2026-07-13 00:00:00,0.0
2026-07-13 01:00:00,0.0
2026-07-13 02:00:00,0.0
2026-07-13 03:00:00,0.0
2026-07-13 04:00:00,0.0
2026-07-13 05:00:00,0.0
2026-07-13 06:00:00,0.0
2026-07-13 07:00:00,0.0
2026-07-13 08:00:00,0.0222418944
2026-07-13 09:00:00,0.3141902016
2026-07-13 10:00:00,0.5147433984
2026-07-13 11:00:00,0.5625698496
2026-07-13 12:00:00,0.9092514816
2026-07-13 13:00:00,0.6477476544
2026-07-13 14:00:00,0.3996396096
2026-07-13 15:00:00,0.4963742784
2026-07-13 16:00:00,0.41479511039999994
2026-07-13 17:00:00,0.0880349184
2026-07-13 18:00:00,0.0055201344
2026-07-13 19:00:00,0.0
2026-07-13 20:00:00,0.0
2026-07-13 21:00:00,0.0
2026-07-13 22:00:00,0.0
2026-07-13 23:00:00,0.0
2026-07-14 00:00:00,0.0
2026-07-14 01:00:00,0.0
2026-07-14 02:00:00,0.0
2026-07-14 03:00:00,0.0
2026-07-14 04:00:00,0.0
2026-07-14 05:00:00,0.0
2026-07-14 06:00:00,0.0
2026-07-14 07:00:00,0.0
2026-07-14 08:00:00,0.0167023296
2026-07-14 09:00:00,0.3744930816
2026-07-14 10:00:00,0.9811775424
2026-07-14 11:00:00,0.7789294655999999
2026-07-14 12:00:00,1.3457953344
2026-07-14 13:00:00,1.7225208000000003
2026-07-14 14:00:00,1.9214184
2026-07-14 15:00:00,1.1526820800000002
2026-07-14 16:00:00,0.8166379584000001
2026-07-14 17:00:00,0.4650465600000001
2026-07-14 18:00:00,0.011102361600000001
2026-07-14 19:00:00,0.0
2026-07-14 20:00:00,0.0
2026-07-14 21:00:00,0.0
2026-07-14 22:00:00,0.0
2026-07-14 23:00:00,0.0
2026-07-15 00:00:00,0.0
2026-07-15 01:00:00,0.0
2026-07-15 02:00:00,0.0
2026-07-15 03:00:00,0.0
2026-07-15 04:00:00,0.0
2026-07-15 05:00:00,0.0
2026-07-15 06:00:00,0.0
2026-07-15 07:00:00,0.0
2026-07-15 08:00:00,0.0339128064
2026-07-15 09:00:00,0.5281848
2026-07-15 10:00:00,1.1238779904
2026-07-15 11:00:00,1.7352175104000003
2026-07-15 12:00:00,1.8299787263999996
2026-07-15 13:00:00,1.7491408704
2026-07-15 14:00:00,1.2937049663999998
2026-07-15 15:00:00,0.9516570624000001
2026-07-15 16:00:00,0.4435383744
2026-07-15 17:00:00,0.1545578496
2026-07-15 18:00:00,0.0055539264
2026-07-15 19:00:00,0.0
2026-07-15 20:00:00,0.0
2026-07-15 21:00:00,0.0
2026-07-15 22:00:00,0.0
2026-07-15 23:00:00,0.0
2026-07-16 00:00:00,0.0
2026-07-16 01:00:00,0.0
2026-07-16 02:00:00,0.0
2026-07-16 03:00:00,0.0
2026-07-16 04:00:00,0.0
2026-07-16 05:00:00,0.0
2026-07-16 06:00:00,0.0
2026-07-16 07:00:00,0.0
2026-07-16 08:00:00,0.027936480000000003
2026-07-16 09:00:00,0.3534372864
2026-07-16 10:00:00,0.9145737216000001
2026-07-16 11:00:00,1.3348955135999998
2026-07-16 12:00:00,1.3769887296
2026-07-16 13:00:00,1.7500665599999998
2026-07-16 14:00:00,1.4197607424000003
2026-07-16 15:00:00,1.2792335423999999
2026-07-16 16:00:00,0.7963091135999999
2026-07-16 17:00:00,0.49420800000000004
2026-07-16 18:00:00,0.0166833216
2026-07-16 19:00:00,0.0
2026-07-16 20:00:00,0.0
2026-07-16 21:00:00,0.0
2026-07-16 22:00:00,0.0
2026-07-16 23:00:00,0.0
2026-07-17 00:00:00,0.0
2026-07-17 01:00:00,0.0
2026-07-17 02:00:00,0.0
2026-07-17 03:00:00,0.0
2026-07-17 04:00:00,0.0
2026-07-17 05:00:00,0.0
2026-07-17 06:00:00,0.0
2026-07-17 07:00:00,0.0
2026-07-17 08:00:00,0.0397231296
2026-07-17 09:00:00,0.6331716864
2026-07-17 10:00:00,1.3938150336000001
2026-07-17 11:00:00,2.0850831936
2026-07-17 12:00:00,2.4439574016000005
2026-07-17 13:00:00,2.5095381696000003
2026-07-17 14:00:00,2.4134616
2026-07-17 15:00:00,1.9853511743999999
2026-07-17 16:00:00,1.3218011135999999
2026-07-17 17:00:00,0.5249654784
2026-07-17 18:00:00,0.016721337599999997
2026-07-17 19:00:00,0.0
2026-07-17 20:00:00,0.0
2026-07-17 21:00:00,0.0
2026-07-17 22:00:00,0.0
2026-07-17 23:00:00,0.0
2026-07-18 00:00:00,0.0
2026-07-18 01:00:00,0.0
2026-07-18 02:00:00,0.0
2026-07-18 03:00:00,0.0
2026-07-18 04:00:00,0.0
2026-07-18 05:00:00,0.0
2026-07-18 06:00:00,0.0
2026-07-18 07:00:00,0.0
2026-07-18 08:00:00,0.022867046399999997
2026-07-18 09:00:00,0.2942624256
2026-07-18 10:00:00,0.7138492416000001
2026-07-18 11:00:00,1.1093930496
2026-07-18 12:00:00,1.8577369535999997
2026-07-18 13:00:00,2.4004417536000004
2026-07-18 14:00:00,2.4487809983999997
2026-07-18 15:00:00,2.0360919744
2026-07-18 16:00:00,1.3522781184
2026-07-18 17:00:00,0.5384687616
2026-07-18 18:00:00,0.016816377599999998
2026-07-18 19:00:00,0.0
2026-07-18 20:00:00,0.0
2026-07-18 21:00:00,0.0
2026-07-18 22:00:00,0.0
2026-07-18 23:00:00,0.0
2026-07-19 00:00:00,0.0
2026-07-19 01:00:00,0.0
2026-07-19 02:00:00,0.0
2026-07-19 03:00:00,0.0
2026-07-19 04:00:00,0.0
2026-07-19 05:00:00,0.0
2026-07-19 06:00:00,0.0
2026-07-19 07:00:00,0.0
2026-07-19 08:00:00,0.0456631296
2026-07-19 09:00:00,0.6039069696
2026-07-19 10:00:00,1.3029576384000001
2026-07-19 11:00:00,1.78896432
2026-07-19 12:00:00,2.2111949375999997
2026-07-19 13:00:00,2.1708472895999997
2026-07-19 14:00:00,1.8695229695999998
2026-07-19 15:00:00,1.5167471616
2026-07-19 16:00:00,0.9528473855999999
2026-07-19 17:00:00,0.4923072
2026-07-19 18:00:00,0.0222925824
2026-07-19 19:00:00,0.0
2026-07-19 20:00:00,0.0
2026-07-19 21:00:00,0.0
2026-07-19 22:00:00,0.0
2026-07-19 23:00:00,0.0
2026-07-20 00:00:00,0.0
2026-07-20 01:00:00,0.0
2026-07-20 02:00:00,0.0
2026-07-20 03:00:00,0.0
2026-07-20 04:00:00,0.0
2026-07-20 05:00:00,0.0
2026-07-20 06:00:00,0.0
2026-07-20 07:00:00,0.0
2026-07-20 08:00:00,0.04527452159999999
2026-07-20 09:00:00,0.5956712256
2026-07-20 10:00:00,1.3938150336000001
2026-07-20 11:00:00,2.0918567999999995
2026-07-20 12:00:00,2.5136185535999997
2026-07-20 13:00:00,2.3307996096
2026-07-20 14:00:00,2.2103015615999997
2026-07-20 15:00:00,1.6528951296
2026-07-20 16:00:00,1.0823782463999998
2026-07-20 17:00:00,0.4223182656
2026-07-20 18:00:00,0.0166833216
2026-07-20 19:00:00,0.0
2026-07-20 20:00:00,0.0
2026-07-20 21:00:00,0.0
2026-07-20 22:00:00,0.0
2026-07-20 23:00:00,0.0
2026-07-21 00:00:00,0.0
2026-07-21 01:00:00,0.0
2026-07-21 02:00:00,0.0
2026-07-21 03:00:00,0.0
2026-07-21 04:00:00,0.0
2026-07-21 05:00:00,0.0
2026-07-21 06:00:00,0.0
2026-07-21 07:00:00,0.0
2026-07-21 08:00:00,0.039442233599999994
2026-07-21 09:00:00,0.4452096000000001
2026-07-21 10:00:00,1.0635768
2026-07-21 11:00:00,1.7649470783999999
2026-07-21 12:00:00,2.1617857536
2026-07-21 13:00:00,2.2039410624
2026-07-21 14:00:00,2.0050012224
2026-07-21 15:00:00,1.3483362816000002
2026-07-21 16:00:00,0.70754112
2026-07-21 17:00:00,0.2587713216
2026-07-21 18:00:00,0.0111108096
2026-07-21 19:00:00,0.0
2026-07-21 20:00:00,0.0
2026-07-21 21:00:00,0.0
2026-07-21 22:00:00,0.0
2026-07-21 23:00:00,0.0
2026-07-22 00:00:00,0.0
2026-07-22 01:00:00,0.0
2026-07-22 02:00:00,0.0
2026-07-22 03:00:00,0.0
2026-07-22 04:00:00,0.0
2026-07-22 05:00:00,0.0
2026-07-22 06:00:00,0.0
2026-07-22 07:00:00,0.0
2026-07-22 08:00:00,0.0223686144
2026-07-22 09:00:00,0.5518656
2026-07-22 10:00:00,1.3815250944000002
2026-07-22 11:00:00,1.9793013504000003
2026-07-22 12:00:00,1.9264506624
2026-07-22 13:00:00,2.1711765504
2026-07-22 14:00:00,1.6234886976
2026-07-22 15:00:00,1.4839032384000002
2026-07-22 16:00:00,1.0248691200000002
2026-07-22 17:00:00,0.4392960000000001
2026-07-22 18:00:00,0.016689657599999998
2026-07-22 19:00:00,0.0
2026-07-22 20:00:00,0.0
2026-07-22 21:00:00,0.0
2026-07-22 22:00:00,0.0
2026-07-22 23:00:00,0.0
2026-07-23 00:00:00,0.0
2026-07-23 01:00:00,0.0
2026-07-23 02:00:00,0.0
2026-07-23 03:00:00,0.0
2026-07-23 04:00:00,0.0
2026-07-23 05:00:00,0.0
2026-07-23 06:00:00,0.0
2026-07-23 07:00:00,0.0
2026-07-23 08:00:00,0.050871110399999996
2026-07-23 09:00:00,0.5961231936000001
2026-07-23 10:00:00,1.4542520256000002
2026-07-23 11:00:00,2.0124386303999997
2026-07-23 12:00:00,2.0663402496
2026-07-23 13:00:00,2.6153462016
2026-07-23 14:00:00,2.22558336
2026-07-23 15:00:00,1.8496794624000001
2026-07-23 16:00:00,1.2901168896
2026-07-23 17:00:00,0.5146295616000001
2026-07-23 18:00:00,0.028042080000000004
2026-07-23 19:00:00,0.0
2026-07-23 20:00:00,0.0
2026-07-23 21:00:00,0.0
2026-07-23 22:00:00,0.0
2026-07-23 23:00:00,0.0
2026-07-24 00:00:00,0.0
2026-07-24 01:00:00,0.0
2026-07-24 02:00:00,0.0
2026-07-24 03:00:00,0.0
2026-07-24 04:00:00,0.0
2026-07-24 05:00:00,0.0
2026-07-24 06:00:00,0.0
2026-07-24 07:00:00,0.0
2026-07-24 08:00:00,0.0452238336
2026-07-24 09:00:00,0.6000293376
2026-07-24 10:00:00,1.2696568896000002
2026-07-24 11:00:00,2.0612598336
2026-07-24 12:00:00,2.3683967999999997
2026-07-24 13:00:00,2.0590958784000004
2026-07-24 14:00:00,1.4281876224
2026-07-24 15:00:00,0.8170272
2026-07-24 16:00:00,0.6884849664000001
2026-07-24 17:00:00,0.1770971136
2026-07-24 18:00:00,0.011119257599999998
2026-07-24 19:00:00,0.0
2026-07-24 20:00:00,0.0
2026-07-24 21:00:00,0.0
2026-07-24 22:00:00,0.0
2026-07-24 23:00:00,0.0
2026-07-25 00:00:00,0.0
2026-07-25 01:00:00,0.0
2026-07-25 02:00:00,0.0
2026-07-25 03:00:00,0.0
2026-07-25 04:00:00,0.0
2026-07-25 05:00:00,0.0
2026-07-25 06:00:00,0.0
2026-07-25 07:00:00,0.0
2026-07-25 08:00:00,0.022191206400000003
2026-07-25 09:00:00,0.24252349439999998
2026-07-25 10:00:00,0.7140074304000001
2026-07-25 11:00:00,0.9864830975999999
2026-07-25 12:00:00,1.2676122624000001
2026-07-25 13:00:00,1.56912624
2026-07-25 14:00:00,1.3467396096000002
2026-07-25 15:00:00,1.12787136
2026-07-25 16:00:00,0.4477499136
2026-07-25 17:00:00,0.16530624
2026-07-25 18:00:00,0.011098137599999999
2026-07-25 19:00:00,0.0
2026-07-25 20:00:00,0.0
2026-07-25 21:00:00,0.0
2026-07-25 22:00:00,0.0
2026-07-25 23:00:00,0.0
2026-07-26 00:00:00,0.0
2026-07-26 01:00:00,0.0
2026-07-26 02:00:00,0.0
2026-07-26 03:00:00,0.0
2026-07-26 04:00:00,0.0
2026-07-26 05:00:00,0.0
2026-07-26 06:00:00,0.0
2026-07-26 07:00:00,0.0
2026-07-26 08:00:00,0.0391761216
2026-07-26 09:00:00,0.4361907264
2026-07-26 10:00:00,0.8078839296
2026-07-26 11:00:00,1.5811344383999997
2026-07-26 12:00:00,1.4995257024000002
2026-07-26 13:00:00,1.5582405696
2026-07-26 14:00:00,1.3642235904
2026-07-26 15:00:00,0.8673196224000002
2026-07-26 16:00:00,0.6449830464
2026-07-26 17:00:00,0.2903731775999999
2026-07-26 18:00:00,0.0166643136
2026-07-26 19:00:00,0.0
2026-07-26 20:00:00,0.0
2026-07-26 21:00:00,0.0
2026-07-26 22:00:00,0.0
2026-07-26 23:00:00,0.0
2026-07-27 00:00:00,0.0
2026-07-27 01:00:00,0.0
2026-07-27 02:00:00,0.0
2026-07-27 03:00:00,0.0
2026-07-27 04:00:00,0.0
2026-07-27 05:00:00,0.0
2026-07-27 06:00:00,0.0
2026-07-27 07:00:00,0.0
2026-07-27 08:00:00,0.05601024
2026-07-27 09:00:00,0.6718331136
2026-07-27 10:00:00,1.4436804096000002
2026-07-27 11:00:00,1.9360651199999999
2026-07-27 12:00:00,2.2608425664
2026-07-27 13:00:00,2.1344193024000004
2026-07-27 14:00:00,1.7259528000000002
2026-07-27 15:00:00,1.5058745856
2026-07-27 16:00:00,0.8737802304
2026-07-27 17:00:00,0.1713205824
2026-07-27 18:00:00,0.0222165504
2026-07-27 19:00:00,0.0
2026-07-27 20:00:00,0.0
2026-07-27 21:00:00,0.0
2026-07-27 22:00:00,0.0
2026-07-27 23:00:00,0.0
2026-07-28 00:00:00,0.0
2026-07-28 01:00:00,0.0
2026-07-28 02:00:00,0.0
2026-07-28 03:00:00,0.0
2026-07-28 04:00:00,0.0
2026-07-28 05:00:00,0.0
2026-07-28 06:00:00,0.0
2026-07-28 07:00:00,0.0
2026-07-28 08:00:00,0.0727611456
2026-07-28 09:00:00,0.7203708864
2026-07-28 10:00:00,1.3595129856000001
2026-07-28 11:00:00,1.5805092863999997
2026-07-28 12:00:00,1.6834726655999999
2026-07-28 13:00:00,1.5820668863999998
2026-07-28 14:00:00,1.6862208000000003
2026-07-28 15:00:00,1.0751615424
2026-07-28 16:00:00,0.9768734975999999
2026-07-28 17:00:00,0.4416565824
2026-07-28 18:00:00,0.027619680000000004
2026-07-28 19:00:00,0.0
2026-07-28 20:00:00,0.0
2026-07-28 21:00:00,0.0
2026-07-28 22:00:00,0.0
2026-07-28 23:00:00,0.0
2026-07-29 00:00:00,0.0
2026-07-29 01:00:00,0.0
2026-07-29 02:00:00,0.0
2026-07-29 03:00:00,0.0
2026-07-29 04:00:00,0.0
2026-07-29 05:00:00,0.0
2026-07-29 06:00:00,0.0
2026-07-29 07:00:00,0.0
2026-07-29 08:00:00,0.061766918399999995
2026-07-29 09:00:00,0.5655741696
2026-07-29 10:00:00,1.1890703615999998
2026-07-29 11:00:00,1.5700981824
2026-07-29 12:00:00,2.0173690944
2026-07-29 13:00:00,2.1128454336
2026-07-29 14:00:00,1.9958889984000001
2026-07-29 15:00:00,1.8240302784
2026-07-29 16:00:00,1.1526721536
2026-07-29 17:00:00,0.4598189375999999
2026-07-29 18:00:00,0.0336720384
2026-07-29 19:00:00,0.0
2026-07-29 20:00:00,0.0
2026-07-29 21:00:00,0.0
2026-07-29 22:00:00,0.0
2026-07-29 23:00:00,0.0
2026-07-30 00:00:00,0.0
2026-07-30 01:00:00,0.0
2026-07-30 02:00:00,0.0
2026-07-30 03:00:00,0.0
2026-07-30 04:00:00,0.0
2026-07-30 05:00:00,0.0
2026-07-30 06:00:00,0.0
2026-07-30 07:00:00,0.0
2026-07-30 08:00:00,0.0679574016
2026-07-30 09:00:00,0.5743167936
2026-07-30 10:00:00,1.4214619584
2026-07-30 11:00:00,2.0551608
2026-07-30 12:00:00,1.76818752
2026-07-30 13:00:00,2.09352528
2026-07-30 14:00:00,1.6519466304
2026-07-30 15:00:00,1.1635799999999998
2026-07-30 16:00:00,1.0582228800000002
2026-07-30 17:00:00,0.5118797376
2026-07-30 18:00:00,0.044750745599999996
2026-07-30 19:00:00,0.0
2026-07-30 20:00:00,0.0
2026-07-30 21:00:00,0.0
2026-07-30 22:00:00,0.0
2026-07-30 23:00:00,0.0
2026-07-31 00:00:00,0.0
2026-07-31 01:00:00,0.0
2026-07-31 02:00:00,0.0
2026-07-31 03:00:00,0.0
2026-07-31 04:00:00,0.0
2026-07-31 05:00:00,0.0
2026-07-31 06:00:00,0.0
2026-07-31 07:00:00,0.0
2026-07-31 08:00:00,0.0797685504
2026-07-31 09:00:00,0.6266996736
2026-07-31 10:00:00,1.3988265984000001
2026-07-31 11:00:00,1.9907705664000002
2026-07-31 12:00:00,2.1819720383999996
2026-07-31 13:00:00,1.9124280383999999
2026-07-31 14:00:00,1.0206721536
2026-07-31 15:00:00,0.8551219776000001
2026-07-31 16:00:00,0.7643328000000001
2026-07-31 17:00:00,0.44183040000000007
2026-07-31 18:00:00,0.0503769024
2026-07-31 19:00:00,0.0
2026-07-31 20:00:00,0.0
2026-07-31 21:00:00,0.0
2026-07-31 22:00:00,0.0
2026-07-31 23:00:00,0.0
2026-08-01 00:00:00,0.0
2026-08-01 01:00:00,0.0
2026-08-01 02:00:00,0.0
2026-08-01 03:00:00,0.0
2026-08-01 04:00:00,0.0
2026-08-01 05:00:00,0.0
2026-08-01 06:00:00,0.0
2026-08-01 07:00:00,0.0
2026-08-01 08:00:00,0.051612422399999996
2026-08-01 09:00:00,0.4579084224
2026-08-01 10:00:00,0.9758183423999999
2026-08-01 11:00:00,1.64937168
2026-08-01 12:00:00,2.5012263936
2026-08-01 13:00:00,2.8402718784000003
2026-08-01 14:00:00,2.6759772863999998
2026-08-01 15:00:00,2.2296485376
2026-08-01 16:00:00,1.5430561344000002
2026-08-01 17:00:00,0.7109640384
2026-08-01 18:00:00,0.06111642240000001
2026-08-01 19:00:00,0.0
2026-08-01 20:00:00,0.0
2026-08-01 21:00:00,0.0
2026-08-01 22:00:00,0.0
2026-08-01 23:00:00,0.0
2026-08-02 00:00:00,0.0
2026-08-02 01:00:00,0.0
2026-08-02 02:00:00,0.0
2026-08-02 03:00:00,0.0
2026-08-02 04:00:00,0.0
2026-08-02 05:00:00,0.0
2026-08-02 06:00:00,0.0
2026-08-02 07:00:00,0.0
2026-08-02 08:00:00,0.1067123904
2026-08-02 09:00:00,0.8395396416
2026-08-02 10:00:00,1.6751820096
2026-08-02 11:00:00,2.3263156223999997
2026-08-02 12:00:00,2.7108474624000003
2026-08-02 13:00:00,2.8288577856000003
2026-08-02 14:00:00,2.6606314944
2026-08-02 15:00:00,2.22862464
2026-08-02 16:00:00,1.5560424
2026-08-02 17:00:00,0.7182791616
2026-08-02 18:00:00,0.0661326336
2026-08-02 19:00:00,0.0
2026-08-02 20:00:00,0.0
2026-08-02 21:00:00,0.0
2026-08-02 22:00:00,0.0
2026-08-02 23:00:00,0.0
2026-08-03 00:00:00,0.0
2026-08-03 01:00:00,0.0
2026-08-03 02:00:00,0.0
2026-08-03 03:00:00,0.0
2026-08-03 04:00:00,0.0
2026-08-03 05:00:00,0.0
2026-08-03 06:00:00,0.0
2026-08-03 07:00:00,0.0
2026-08-03 08:00:00,0.11240064000000001
2026-08-03 09:00:00,0.8192272704
2026-08-03 10:00:00,1.3721266944000001
2026-08-03 11:00:00,1.9656969023999997
2026-08-03 12:00:00,1.9830564864
2026-08-03 13:00:00,1.6697243904
2026-08-03 14:00:00,1.0735416383999998
2026-08-03 15:00:00,1.4018416896
2026-08-03 16:00:00,1.05286896
2026-08-03 17:00:00,0.4773485376
2026-08-03 18:00:00,0.0389691456
2026-08-03 19:00:00,0.0
2026-08-03 20:00:00,0.0
2026-08-03 21:00:00,0.0
2026-08-03 22:00:00,0.0
2026-08-03 23:00:00,0.0
2026-08-04 00:00:00,0.0
2026-08-04 01:00:00,0.0
2026-08-04 02:00:00,0.0
2026-08-04 03:00:00,0.0
2026-08-04 04:00:00,0.0
2026-08-04 05:00:00,0.0
2026-08-04 06:00:00,0.0
2026-08-04 07:00:00,0.0
2026-08-04 08:00:00,0.1070735424
2026-08-04 09:00:00,0.5110972415999999
2026-08-04 10:00:00,0.8947557696
2026-08-04 11:00:00,1.2958908864
2026-08-04 12:00:00,1.349568
2026-08-04 13:00:00,1.7956589376000003
2026-08-04 14:00:00,1.2100644864
2026-08-04 15:00:00,1.0410909696000001
2026-08-04 16:00:00,0.7278296256000001
2026-08-04 17:00:00,0.5177213184
2026-08-04 18:00:00,0.0502058304
2026-08-04 19:00:00,0.0
2026-08-04 20:00:00,0.0
2026-08-04 21:00:00,0.0
2026-08-04 22:00:00,0.0
2026-08-04 23:00:00,0.0
2026-08-05 00:00:00,0.0
2026-08-05 01:00:00,0.0
2026-08-05 02:00:00,0.0
2026-08-05 03:00:00,0.0
2026-08-05 04:00:00,0.0
2026-08-05 05:00:00,0.0
2026-08-05 06:00:00,0.0
2026-08-05 07:00:00,0.0
2026-08-05 08:00:00,0.08415792
2026-08-05 09:00:00,0.48267711359999993
2026-08-05 10:00:00,0.9788796863999998
2026-08-05 11:00:00,1.4459444736000002
2026-08-05 12:00:00,1.6731988415999999
2026-08-05 13:00:00,2.0809331136
2026-08-05 14:00:00,1.8102796800000003
2026-08-05 15:00:00,2.0423192064000006
2026-08-05 16:00:00,1.1033155583999998
2026-08-05 17:00:00,0.5215636800000001
2026-08-05 18:00:00,0.05571456
2026-08-05 19:00:00,0.0
2026-08-05 20:00:00,0.0
2026-08-05 21:00:00,0.0
2026-08-05 22:00:00,0.0
2026-08-05 23:00:00,0.0
2026-08-06 00:00:00,0.0
2026-08-06 01:00:00,0.0
2026-08-06 02:00:00,0.0
2026-08-06 03:00:00,0.0
2026-08-06 04:00:00,0.0
2026-08-06 05:00:00,0.0
2026-08-06 06:00:00,0.0
2026-08-06 07:00:00,0.0
2026-08-06 08:00:00,0.1014494976
2026-08-06 09:00:00,0.6488703936000001
2026-08-06 10:00:00,1.1876891135999998
2026-08-06 11:00:00,1.8233842176000001
2026-08-06 12:00:00,2.5586896896000004
2026-08-06 13:00:00,2.2733726400000003
2026-08-06 14:00:00,1.6375892543999997
2026-08-06 15:00:00,1.4318529984000001
2026-08-06 16:00:00,1.1735722944
2026-08-06 17:00:00,0.4428540864
2026-08-06 18:00:00,0.05531328000000001
2026-08-06 19:00:00,0.0
2026-08-06 20:00:00,0.0
2026-08-06 21:00:00,0.0
2026-08-06 22:00:00,0.0
2026-08-06 23:00:00,0.0
2026-08-07 00:00:00,0.0
2026-08-07 01:00:00,0.0
2026-08-07 02:00:00,0.0
2026-08-07 03:00:00,0.0
2026-08-07 04:00:00,0.0
2026-08-07 05:00:00,0.0
2026-08-07 06:00:00,0.0
2026-08-07 07:00:00,0.0
2026-08-07 08:00:00,0.0616507584
2026-08-07 09:00:00,0.34968447360000005
2026-08-07 10:00:00,0.7459989504000001
2026-08-07 11:00:00,1.27182
2026-08-07 12:00:00,1.32024816
2026-08-07 13:00:00,1.4213073600000001
2026-08-07 14:00:00,1.4925926400000002
2026-08-07 15:00:00,1.7742219264000003
2026-08-07 16:00:00,1.2912531455999998
2026-08-07 17:00:00,0.6218555904
2026-08-07 18:00:00,0.07237676159999999
2026-08-07 19:00:00,0.0
2026-08-07 20:00:00,0.0
2026-08-07 21:00:00,0.0
2026-08-07 22:00:00,0.0
2026-08-07 23:00:00,0.0
2026-08-08 00:00:00,0.0
2026-08-08 01:00:00,0.0
2026-08-08 02:00:00,0.0
2026-08-08 03:00:00,0.0
2026-08-08 04:00:00,0.0
2026-08-08 05:00:00,0.0
2026-08-08 06:00:00,0.0
2026-08-08 07:00:00,0.0
2026-08-08 08:00:00,0.11743079040000001
2026-08-08 09:00:00,0.7939271999999998
2026-08-08 10:00:00,1.3568518656000002
2026-08-08 11:00:00,1.9838505983999999
2026-08-08 12:00:00,2.0377351104000003
2026-08-08 13:00:00,1.9144804800000002
2026-08-08 14:00:00,1.5156370943999997
2026-08-08 15:00:00,1.6838483904000001
2026-08-08 16:00:00,1.3894905024000002
2026-08-08 17:00:00,0.6304134144
2026-08-08 18:00:00,0.04963559039999999
2026-08-08 19:00:00,0.0
2026-08-08 20:00:00,0.0
2026-08-08 21:00:00,0.0
2026-08-08 22:00:00,0.0
2026-08-08 23:00:00,0.0
2026-08-09 00:00:00,0.0
2026-08-09 01:00:00,0.0
2026-08-09 02:00:00,0.0
2026-08-09 03:00:00,0.0
2026-08-09 04:00:00,0.0
2026-08-09 05:00:00,0.0
2026-08-09 06:00:00,0.0
2026-08-09 07:00:00,0.0
2026-08-09 08:00:00,0.0501488064
2026-08-09 09:00:00,0.12795404159999998
2026-08-09 10:00:00,0.3541131264
2026-08-09 11:00:00,0.39755612160000003
2026-08-09 12:00:00,0.32089052160000003
2026-08-09 13:00:00,0.3372435264
2026-08-09 14:00:00,0.4459333824
2026-08-09 15:00:00,0.28120371839999997
2026-08-09 16:00:00,0.23694802559999995
2026-08-09 17:00:00,0.0994726656
2026-08-09 18:00:00,0.016600953600000003
2026-08-09 19:00:00,0.0
2026-08-09 20:00:00,0.0
2026-08-09 21:00:00,0.0
2026-08-09 22:00:00,0.0
2026-08-09 23:00:00,0.0
2026-08-10 00:00:00,0.0
2026-08-10 01:00:00,0.0
2026-08-10 02:00:00,0.0
2026-08-10 03:00:00,0.0
2026-08-10 04:00:00,0.0
2026-08-10 05:00:00,0.0
2026-08-10 06:00:00,0.0
2026-08-10 07:00:00,0.0
2026-08-10 08:00:00,0.027989280000000005
2026-08-10 09:00:00,0.1229158656
2026-08-10 10:00:00,0.30602352
2026-08-10 11:00:00,0.4325308416
2026-08-10 12:00:00,0.4479862464
2026-08-10 13:00:00,0.5132546496
2026-08-10 14:00:00,0.34782168960000004
2026-08-10 15:00:00,0.6164723136
2026-08-10 16:00:00,0.51855408
2026-08-10 17:00:00,0.1267882176
2026-08-10 18:00:00,0.027672480000000003
2026-08-10 19:00:00,0.0
2026-08-10 20:00:00,0.0
2026-08-10 21:00:00,0.0
2026-08-10 22:00:00,0.0
2026-08-10 23:00:00,0.0
2026-08-11 00:00:00,0.0
2026-08-11 01:00:00,0.0
2026-08-11 02:00:00,0.0
2026-08-11 03:00:00,0.0
2026-08-11 04:00:00,0.0
2026-08-11 05:00:00,0.0
2026-08-11 06:00:00,0.0
2026-08-11 07:00:00,0.0
2026-08-11 08:00:00,0.10072719359999999
2026-08-11 09:00:00,0.6723484416
2026-08-11 10:00:00,1.16721264
2026-08-11 11:00:00,1.8292228416000003
2026-08-11 12:00:00,2.38750512
2026-08-11 13:00:00,1.9056041663999999
2026-08-11 14:00:00,1.6557868800000002
2026-08-11 15:00:00,1.2191503104
2026-08-11 16:00:00,0.6242632704000001
2026-08-11 17:00:00,0.3149125056
2026-08-11 18:00:00,0.055693440000000004
2026-08-11 19:00:00,0.0
2026-08-11 20:00:00,0.0
2026-08-11 21:00:00,0.0
2026-08-11 22:00:00,0.0
2026-08-11 23:00:00,0.0
2026-08-12 00:00:00,0.0
2026-08-12 01:00:00,0.0
2026-08-12 02:00:00,0.0
2026-08-12 03:00:00,0.0
2026-08-12 04:00:00,0.0
2026-08-12 05:00:00,0.0
2026-08-12 06:00:00,0.0
2026-08-12 07:00:00,0.0
2026-08-12 08:00:00,0.1337554944
2026-08-12 09:00:00,0.27189402240000005
2026-08-12 10:00:00,0.2330608896
2026-08-12 11:00:00,0.6247448064
2026-08-12 12:00:00,1.4674370304000002
2026-08-12 13:00:00,1.2115224
2026-08-12 14:00:00,1.3810934016
2026-08-12 15:00:00,1.9833143616000002
2026-08-12 16:00:00,1.4232373056
2026-08-12 17:00:00,0.2796957504
2026-08-12 18:00:00,0.0166136256
2026-08-12 19:00:00,0.0
2026-08-12 20:00:00,0.0
2026-08-12 21:00:00,0.0
2026-08-12 22:00:00,0.0
2026-08-12 23:00:00,0.0
2026-08-13 00:00:00,0.0
2026-08-13 01:00:00,0.0
2026-08-13 02:00:00,0.0
2026-08-13 03:00:00,0.0
2026-08-13 04:00:00,0.0
2026-08-13 05:00:00,0.0
2026-08-13 06:00:00,0.0
2026-08-13 07:00:00,0.0
2026-08-13 08:00:00,0.05573568000000001
2026-08-13 09:00:00,0.31527365760000003
2026-08-13 10:00:00,0.9667570175999999
2026-08-13 11:00:00,1.6113985535999997
2026-08-13 12:00:00,1.4266207296000002
2026-08-13 13:00:00,1.4088628224000002
2026-08-13 14:00:00,1.1735722944
2026-08-13 15:00:00,0.8050663104
2026-08-13 16:00:00,0.6082492415999999
2026-08-13 17:00:00,0.24122250239999998
2026-08-13 18:00:00,0.038688249599999995
2026-08-13 19:00:00,0.0
2026-08-13 20:00:00,0.0
2026-08-13 21:00:00,0.0
2026-08-13 22:00:00,0.0
2026-08-13 23:00:00,0.0
2026-08-14 00:00:00,0.0
2026-08-14 01:00:00,0.0
2026-08-14 02:00:00,0.0
2026-08-14 03:00:00,0.0
2026-08-14 04:00:00,0.0
2026-08-14 05:00:00,0.0
2026-08-14 06:00:00,0.0
2026-08-14 07:00:00,0.0
2026-08-14 08:00:00,0.1220330496
2026-08-14 09:00:00,0.5591114495999999
2026-08-14 10:00:00,1.4587949376000002
2026-08-14 11:00:00,2.2296662784000003
2026-08-14 12:00:00,2.1778929216
2026-08-14 13:00:00,1.27936512
2026-08-14 14:00:00,1.4523911424
2026-08-14 15:00:00,0.9498494015999999
2026-08-14 16:00:00,0.6810338304000001
2026-08-14 17:00:00,0.2681684544
2026-08-14 18:00:00,0.044260761600000004
2026-08-14 19:00:00,0.0
2026-08-14 20:00:00,0.0
2026-08-14 21:00:00,0.0
2026-08-14 22:00:00,0.0
2026-08-14 23:00:00,0.0
2026-08-15 00:00:00,0.0
2026-08-15 01:00:00,0.0
2026-08-15 02:00:00,0.0
2026-08-15 03:00:00,0.0
2026-08-15 04:00:00,0.0
2026-08-15 05:00:00,0.0
2026-08-15 06:00:00,0.0
2026-08-15 07:00:00,0.0
2026-08-15 08:00:00,0.16752384
2026-08-15 09:00:00,0.7095363264
2026-08-15 10:00:00,1.7119027200000003
2026-08-15 11:00:00,2.2058040576
2026-08-15 12:00:00,2.30833152
2026-08-15 13:00:00,2.4478918463999997
2026-08-15 14:00:00,2.1544089599999996
2026-08-15 15:00:00,1.7965785024
2026-08-15 16:00:00,1.1432695296
2026-08-15 17:00:00,0.41720279039999997
2026-08-15 18:00:00,0.0611396544
2026-08-15 19:00:00,0.0
2026-08-15 20:00:00,0.0
2026-08-15 21:00:00,0.0
2026-08-15 22:00:00,0.0
2026-08-15 23:00:00,0.0
2026-08-16 00:00:00,0.0
2026-08-16 01:00:00,0.0
2026-08-16 02:00:00,0.0
2026-08-16 03:00:00,0.0
2026-08-16 04:00:00,0.0
2026-08-16 05:00:00,0.0
2026-08-16 06:00:00,0.0
2026-08-16 07:00:00,0.0
2026-08-16 08:00:00,0.14662602239999997
2026-08-16 09:00:00,0.6300757056000001
2026-08-16 10:00:00,1.2264686016
2026-08-16 11:00:00,1.8368486400000006
2026-08-16 12:00:00,2.7546230976
2026-08-16 13:00:00,3.0105022463999997
2026-08-16 14:00:00,2.98032768
2026-08-16 15:00:00,2.4663672
2026-08-16 16:00:00,1.2172095936
2026-08-16 17:00:00,0.5789777664
2026-08-16 18:00:00,0.0944598336
2026-08-16 19:00:00,0.0
2026-08-16 20:00:00,0.0
2026-08-16 21:00:00,0.0
2026-08-16 22:00:00,0.0
2026-08-16 23:00:00,0.0
2026-08-17 00:00:00,0.0
2026-08-17 01:00:00,0.0
2026-08-17 02:00:00,0.0
2026-08-17 03:00:00,0.0
2026-08-17 04:00:00,0.0
2026-08-17 05:00:00,0.0
2026-08-17 06:00:00,0.0
2026-08-17 07:00:00,0.0
2026-08-17 08:00:00,0.1355295744
2026-08-17 09:00:00,0.584892
2026-08-17 10:00:00,1.2769346304000002
2026-08-17 11:00:00,2.0884032576
2026-08-17 12:00:00,2.4921405695999996
2026-08-17 13:00:00,2.99057616
2026-08-17 14:00:00,2.8479080256000002
2026-08-17 15:00:00,1.9290705984
2026-08-17 16:00:00,1.3634191296
2026-08-17 17:00:00,0.6658318656
2026-08-17 18:00:00,0.11583411840000002
2026-08-17 19:00:00,0.0
2026-08-17 20:00:00,0.0
2026-08-17 21:00:00,0.0
2026-08-17 22:00:00,0.0
2026-08-17 23:00:00,0.0
2026-08-18 00:00:00,0.0
2026-08-18 01:00:00,0.0
2026-08-18 02:00:00,0.0
2026-08-18 03:00:00,0.0
2026-08-18 04:00:00,0.0
2026-08-18 05:00:00,0.0
2026-08-18 06:00:00,0.0
2026-08-18 07:00:00,0.0
2026-08-18 08:00:00,0.2677948416
2026-08-18 09:00:00,1.1424667584
2026-08-18 10:00:00,1.9983744
2026-08-18 11:00:00,2.5309863744000003
2026-08-18 12:00:00,2.9364249023999998
2026-08-18 13:00:00,2.9924775935999994
2026-08-18 14:00:00,2.8137700800000003
2026-08-18 15:00:00,2.4639284736
2026-08-18 16:00:00,1.54731984
2026-08-18 17:00:00,0.6558579455999999
2026-08-18 18:00:00,0.0872577024
2026-08-18 19:00:00,0.0
2026-08-18 20:00:00,0.0
2026-08-18 21:00:00,0.0
2026-08-18 22:00:00,0.0
2026-08-18 23:00:00,0.0
2026-08-19 00:00:00,0.0
2026-08-19 01:00:00,0.0
2026-08-19 02:00:00,0.0
2026-08-19 03:00:00,0.0
2026-08-19 04:00:00,0.0
2026-08-19 05:00:00,0.0
2026-08-19 06:00:00,0.0
2026-08-19 07:00:00,0.0
2026-08-19 08:00:00,0.1261567296
2026-08-19 09:00:00,0.48444992639999995
2026-08-19 10:00:00,1.1483602944
2026-08-19 11:00:00,1.7238936
2026-08-19 12:00:00,0.8038204415999999
2026-08-19 13:00:00,1.0836517824
2026-08-19 14:00:00,1.6797185856
2026-08-19 15:00:00,1.5180532223999998
2026-08-19 16:00:00,0.8306183424000001
2026-08-19 17:00:00,0.40811759999999997
2026-08-19 18:00:00,0.06580316159999999
2026-08-19 19:00:00,0.0
2026-08-19 20:00:00,0.0
2026-08-19 21:00:00,0.0
2026-08-19 22:00:00,0.0
2026-08-19 23:00:00,0.0
2026-08-20 00:00:00,0.0
2026-08-20 01:00:00,0.0
2026-08-20 02:00:00,0.0
2026-08-20 03:00:00,0.0
2026-08-20 04:00:00,0.0
2026-08-20 05:00:00,0.0
2026-08-20 06:00:00,0.0
2026-08-20 07:00:00,0.0
2026-08-20 08:00:00,0.1942248
2026-08-20 09:00:00,0.6787613184
2026-08-20 10:00:00,1.1814352704
2026-08-20 11:00:00,1.7194788864000001
2026-08-20 12:00:00,2.0626727616
2026-08-20 13:00:00,2.5614741504
2026-08-20 14:00:00,2.2457419776
2026-08-20 15:00:00,1.9913217983999996
2026-08-20 16:00:00,1.4147787456
2026-08-20 17:00:00,0.5419392000000001
2026-08-20 18:00:00,0.0878321664
2026-08-20 19:00:00,0.0
2026-08-20 20:00:00,0.0
2026-08-20 21:00:00,0.0
2026-08-20 22:00:00,0.0
2026-08-20 23:00:00,0.0
2026-08-21 00:00:00,0.0
2026-08-21 01:00:00,0.0
2026-08-21 02:00:00,0.0
2026-08-21 03:00:00,0.0
2026-08-21 04:00:00,0.0
2026-08-21 05:00:00,0.0
2026-08-21 06:00:00,0.0
2026-08-21 07:00:00,0.0
2026-08-21 08:00:00,0.23403663360000004
2026-08-21 09:00:00,0.8966774784
2026-08-21 10:00:00,1.8014870015999997
2026-08-21 11:00:00,1.9819799999999996
2026-08-21 12:00:00,1.6568487935999998
2026-08-21 13:00:00,1.6126961664
2026-08-21 14:00:00,1.02045504
2026-08-21 15:00:00,0.6388901376
2026-08-21 16:00:00,0.5800783295999999
2026-08-21 17:00:00,0.3059933184
2026-08-21 18:00:00,0.0386143296
2026-08-21 19:00:00,0.0
2026-08-21 20:00:00,0.0
2026-08-21 21:00:00,0.0
2026-08-21 22:00:00,0.0
2026-08-21 23:00:00,0.0
2026-08-22 00:00:00,0.0
2026-08-22 01:00:00,0.0
2026-08-22 02:00:00,0.0
2026-08-22 03:00:00,0.0
2026-08-22 04:00:00,0.0
2026-08-22 05:00:00,0.0
2026-08-22 06:00:00,0.0
2026-08-22 07:00:00,0.0
2026-08-22 08:00:00,0.30393264
2026-08-22 09:00:00,0.84344304
2026-08-22 10:00:00,1.4346241536000002
2026-08-22 11:00:00,1.8531743999999997
2026-08-22 12:00:00,2.0534969664
2026-08-22 13:00:00,2.0151926784
2026-08-22 14:00:00,1.7251096896000002
2026-08-22 15:00:00,1.1147575295999999
2026-08-22 16:00:00,1.1622131135999998
2026-08-22 17:00:00,0.5017706496000001
2026-08-22 18:00:00,0.09970076159999999
2026-08-22 19:00:00,0.0
2026-08-22 20:00:00,0.0
2026-08-22 21:00:00,0.0
2026-08-22 22:00:00,0.0
2026-08-22 23:00:00,0.0
2026-08-23 00:00:00,0.0
2026-08-23 01:00:00,0.0
2026-08-23 02:00:00,0.0
2026-08-23 03:00:00,0.0
2026-08-23 04:00:00,0.0
2026-08-23 05:00:00,0.0
2026-08-23 06:00:00,0.0
2026-08-23 07:00:00,0.0
2026-08-23 08:00:00,0.35407532160000005
2026-08-23 09:00:00,1.2479569344
2026-08-23 10:00:00,2.1724236864
2026-08-23 11:00:00,2.7230674944000004
2026-08-23 12:00:00,2.8179036864
2026-08-23 13:00:00,2.7775097856000004
2026-08-23 14:00:00,2.8432024896000003
2026-08-23 15:00:00,2.3060868864
2026-08-23 16:00:00,1.9956273216000002
2026-08-23 17:00:00,0.7960060415999999
2026-08-23 18:00:00,0.1592019264
2026-08-23 19:00:00,0.0
2026-08-23 20:00:00,0.0
2026-08-23 21:00:00,0.0
2026-08-23 22:00:00,0.0
2026-08-23 23:00:00,0.0
2026-08-24 00:00:00,0.0
2026-08-24 01:00:00,0.0
2026-08-24 02:00:00,0.0
2026-08-24 03:00:00,0.0
2026-08-24 04:00:00,0.0
2026-08-24 05:00:00,0.0
2026-08-24 06:00:00,0.0
2026-08-24 07:00:00,0.0
2026-08-24 08:00:00,0.24447498239999998
2026-08-24 09:00:00,0.7810435776
2026-08-24 10:00:00,1.7864062656000002
2026-08-24 11:00:00,2.3103742463999994
2026-08-24 12:00:00,2.6952946944000002
2026-08-24 13:00:00,2.1005259264
2026-08-24 14:00:00,1.3857947136000002
2026-08-24 15:00:00,1.0969035264
2026-08-24 16:00:00,0.9726452735999999
2026-08-24 17:00:00,0.4174395456
2026-08-24 18:00:00,0.08216208
2026-08-24 19:00:00,0.0
2026-08-24 20:00:00,0.0
2026-08-24 21:00:00,0.0
2026-08-24 22:00:00,0.0
2026-08-24 23:00:00,0.0
2026-08-25 00:00:00,0.0
2026-08-25 01:00:00,0.0
2026-08-25 02:00:00,0.0
2026-08-25 03:00:00,0.0
2026-08-25 04:00:00,0.0
2026-08-25 05:00:00,0.0
2026-08-25 06:00:00,0.0
2026-08-25 07:00:00,0.0
2026-08-25 08:00:00,0.05544000000000001
2026-08-25 09:00:00,0.4824078336
2026-08-25 10:00:00,1.5921706944
2026-08-25 11:00:00,1.6548719615999998
2026-08-25 12:00:00,1.7691537599999998
2026-08-25 13:00:00,1.1304346943999999
2026-08-25 14:00:00,1.4912170944
2026-08-25 15:00:00,0.9468248064
2026-08-25 16:00:00,0.7194027456000001
2026-08-25 17:00:00,0.2737152
2026-08-25 18:00:00,0.07710743040000001
2026-08-25 19:00:00,0.0
2026-08-25 20:00:00,0.0
2026-08-25 21:00:00,0.0
2026-08-25 22:00:00,0.0
2026-08-25 23:00:00,0.0
2026-08-26 00:00:00,0.0
2026-08-26 01:00:00,0.0
2026-08-26 02:00:00,0.0
2026-08-26 03:00:00,0.0
2026-08-26 04:00:00,0.0
2026-08-26 05:00:00,0.0
2026-08-26 06:00:00,0.0
2026-08-26 07:00:00,0.0
2026-08-26 08:00:00,0.3114338304
2026-08-26 09:00:00,1.1195272703999999
2026-08-26 10:00:00,1.9731165696
2026-08-26 11:00:00,2.1613363199999993
2026-08-26 12:00:00,2.4999321599999997
2026-08-26 13:00:00,2.80911312
2026-08-26 14:00:00,2.3129363136000003
2026-08-26 15:00:00,2.05013952
2026-08-26 16:00:00,1.7544609984000004
2026-08-26 17:00:00,0.8524693056
2026-08-26 18:00:00,0.17190983040000002
2026-08-26 19:00:00,0.0
2026-08-26 20:00:00,0.0
2026-08-26 21:00:00,0.0
2026-08-26 22:00:00,0.0
2026-08-26 23:00:00,0.0
2026-08-27 00:00:00,0.0
2026-08-27 01:00:00,0.0
2026-08-27 02:00:00,0.0
2026-08-27 03:00:00,0.0
2026-08-27 04:00:00,0.0
2026-08-27 05:00:00,0.0
2026-08-27 06:00:00,0.0
2026-08-27 07:00:00,0.0
2026-08-27 08:00:00,0.3199686336
2026-08-27 09:00:00,0.9406926144000001
2026-08-27 10:00:00,1.7901844224000003
2026-08-27 11:00:00,2.4934536
2026-08-27 12:00:00,2.9109279935999997
2026-08-27 13:00:00,3.1646267135999997
2026-08-27 14:00:00,3.0880886783999997
2026-08-27 15:00:00,2.7736473600000005
2026-08-27 16:00:00,2.0585182464
2026-08-27 17:00:00,1.0733184
2026-08-27 18:00:00,0.23812863359999997
2026-08-27 19:00:00,0.0
2026-08-27 20:00:00,0.0
2026-08-27 21:00:00,0.0
2026-08-27 22:00:00,0.0
2026-08-27 23:00:00,0.0
2026-08-28 00:00:00,0.0
2026-08-28 01:00:00,0.0
2026-08-28 02:00:00,0.0
2026-08-28 03:00:00,0.0
2026-08-28 04:00:00,0.0
2026-08-28 05:00:00,0.0
2026-08-28 06:00:00,0.0
2026-08-28 07:00:00,0.0056447424000000005
2026-08-28 08:00:00,0.4546772736
2026-08-28 09:00:00,1.1103259199999997
2026-08-28 10:00:00,1.6517354303999998
2026-08-28 11:00:00,1.8103880256000002
2026-08-28 12:00:00,2.0311036416
2026-08-28 13:00:00,2.0635110144
2026-08-28 14:00:00,1.0811047104
2026-08-28 15:00:00,0.7753052735999999
2026-08-28 16:00:00,0.9667821503999999
2026-08-28 17:00:00,0.1760833536
2026-08-28 18:00:00,0.0777283584
2026-08-28 19:00:00,0.0
2026-08-28 20:00:00,0.0
2026-08-28 21:00:00,0.0
2026-08-28 22:00:00,0.0
2026-08-28 23:00:00,0.0
2026-08-29 00:00:00,0.0
2026-08-29 01:00:00,0.0
2026-08-29 02:00:00,0.0
2026-08-29 03:00:00,0.0
2026-08-29 04:00:00,0.0
2026-08-29 05:00:00,0.0
2026-08-29 06:00:00,0.0
2026-08-29 07:00:00,0.0056236224
2026-08-29 08:00:00,0.3278810304
2026-08-29 09:00:00,1.3001471999999998
2026-08-29 10:00:00,1.9539596735999998
2026-08-29 11:00:00,2.3972788224
2026-08-29 12:00:00,2.6832858623999996
2026-08-29 13:00:00,2.7845089536000005
2026-08-29 14:00:00,2.7666091200000005
2026-08-29 15:00:00,2.3632335936
2026-08-29 16:00:00,1.7384902656
2026-08-29 17:00:00,1.0467730944
2026-08-29 18:00:00,0.23722047359999995
2026-08-29 19:00:00,0.0
2026-08-29 20:00:00,0.0
2026-08-29 21:00:00,0.0
2026-08-29 22:00:00,0.0
2026-08-29 23:00:00,0.0
2026-08-30 00:00:00,0.0
2026-08-30 01:00:00,0.0
2026-08-30 02:00:00,0.0
2026-08-30 03:00:00,0.0
2026-08-30 04:00:00,0.0
2026-08-30 05:00:00,0.0
2026-08-30 06:00:00,0.0
2026-08-30 07:00:00,0.0056257343999999996
2026-08-30 08:00:00,0.2779392
2026-08-30 09:00:00,0.7269014015999999
2026-08-30 10:00:00,1.3237745663999998
2026-08-30 11:00:00,1.6338837503999997
2026-08-30 12:00:00,2.6729942976000003
2026-08-30 13:00:00,3.0234226176
2026-08-30 14:00:00,3.0811689216
2026-08-30 15:00:00,2.7297720384
2026-08-30 16:00:00,1.9229601600000001
2026-08-30 17:00:00,1.0293353664
2026-08-30 18:00:00,0.25436336639999996
2026-08-30 19:00:00,0.0
2026-08-30 20:00:00,0.0
2026-08-30 21:00:00,0.0
2026-08-30 22:00:00,0.0
2026-08-30 23:00:00,0.0
2026-08-31 00:00:00,0.0
2026-08-31 01:00:00,0.0
2026-08-31 02:00:00,0.0
2026-08-31 03:00:00,0.0
2026-08-31 04:00:00,0.0
2026-08-31 05:00:00,0.0
2026-08-31 06:00:00,0.0
2026-08-31 07:00:00,0.0056151744
2026-08-31 08:00:00,0.2614514496
2026-08-31 09:00:00,0.6829515264
2026-08-31 10:00:00,1.3327547904000001
2026-08-31 11:00:00,2.0082940415999997
2026-08-31 12:00:00,2.6329507776
2026-08-31 13:00:00,3.39185088
2026-08-31 14:00:00,3.3702571584000003
2026-08-31 15:00:00,2.8775476223999994
2026-08-31 16:00:00,2.14430832
2026-08-31 17:00:00,1.2131342784
2026-08-31 18:00:00,0.29070898559999997
2026-08-31 19:00:00,0.0
2026-08-31 20:00:00,0.0
2026-08-31 21:00:00,0.0
2026-08-31 22:00:00,0.0
2026-08-31 23:00:00,0.0
2026-09-01 00:00:00,0.0
2026-09-01 01:00:00,0.0
2026-09-01 02:00:00,0.0
2026-09-01 03:00:00,0.0
2026-09-01 04:00:00,0.0
2026-09-01 05:00:00,0.0
2026-09-01 06:00:00,0.0
2026-09-01 07:00:00,0.011136153599999999
2026-09-01 08:00:00,0.5675265023999999
2026-09-01 09:00:00,1.5494071296
2026-09-01 10:00:00,2.4133165056
2026-09-01 11:00:00,3.04554096
2026-09-01 12:00:00,3.4098951743999995
2026-09-01 13:00:00,3.4551069695999996
2026-09-01 14:00:00,3.0994089984
2026-09-01 15:00:00,2.5059538943999997
2026-09-01 16:00:00,1.7450923776
2026-09-01 17:00:00,0.6957470783999999
2026-09-01 18:00:00,0.1239708096
2026-09-01 19:00:00,0.0
2026-09-01 20:00:00,0.0
2026-09-01 21:00:00,0.0
2026-09-01 22:00:00,0.0
2026-09-01 23:00:00,0.0
2026-09-02 00:00:00,0.0
2026-09-02 01:00:00,0.0
2026-09-02 02:00:00,0.0
2026-09-02 03:00:00,0.0
2026-09-02 04:00:00,0.0
2026-09-02 05:00:00,0.0
2026-09-02 06:00:00,0.0
2026-09-02 07:00:00,0.0055497024
2026-09-02 08:00:00,0.27013472639999997
2026-09-02 09:00:00,0.9383221056
2026-09-02 10:00:00,1.3827280895999998
2026-09-02 11:00:00,2.41935408
2026-09-02 12:00:00,2.4280812864
2026-09-02 13:00:00,2.6477580096000004
2026-09-02 14:00:00,2.4672483264
2026-09-02 15:00:00,2.1362421696
2026-09-02 16:00:00,1.6414681536
2026-09-02 17:00:00,0.9318760704000001
2026-09-02 18:00:00,0.2632329216
2026-09-02 19:00:00,0.0
2026-09-02 20:00:00,0.0
2026-09-02 21:00:00,0.0
2026-09-02 22:00:00,0.0
2026-09-02 23:00:00,0.0
2026-09-03 00:00:00,0.0
2026-09-03 01:00:00,0.0
2026-09-03 02:00:00,0.0
2026-09-03 03:00:00,0.0
2026-09-03 04:00:00,0.0
2026-09-03 05:00:00,0.0
2026-09-03 06:00:00,0.0
2026-09-03 07:00:00,0.0167530176
2026-09-03 08:00:00,0.6085151423999999
2026-09-03 09:00:00,1.4869806336
2026-09-03 10:00:00,1.7262372864000002
2026-09-03 11:00:00,0.9848304575999999
2026-09-03 12:00:00,1.8371460095999999
2026-09-03 13:00:00,1.4746507776
2026-09-03 14:00:00,2.49575568
2026-09-03 15:00:00,1.7124670464
2026-09-03 16:00:00,1.3052185344
2026-09-03 17:00:00,0.8081567999999999
2026-09-03 18:00:00,0.20895452159999997
2026-09-03 19:00:00,0.0
2026-09-03 20:00:00,0.0
2026-09-03 21:00:00,0.0
2026-09-03 22:00:00,0.0
2026-09-03 23:00:00,0.0
2026-09-04 00:00:00,0.0
2026-09-04 01:00:00,0.0
2026-09-04 02:00:00,0.0
2026-09-04 03:00:00,0.0
2026-09-04 04:00:00,0.0
2026-09-04 05:00:00,0.0
2026-09-04 06:00:00,0.0
2026-09-04 07:00:00,0.022698086399999998
2026-09-04 08:00:00,0.6217322496000001
2026-09-04 09:00:00,1.6694698944
2026-09-04 10:00:00,2.5719076416
2026-09-04 11:00:00,3.1641259584
2026-09-04 12:00:00,3.3611956224
2026-09-04 13:00:00,3.2990312256000003
2026-09-04 14:00:00,2.8669329215999997
2026-09-04 15:00:00,2.1704914176
2026-09-04 16:00:00,1.3243437504000002
2026-09-04 17:00:00,0.48369805439999997
2026-09-04 18:00:00,0.10986624000000002
2026-09-04 19:00:00,0.0
2026-09-04 20:00:00,0.0
2026-09-04 21:00:00,0.0
2026-09-04 22:00:00,0.0
2026-09-04 23:00:00,0.0
2026-09-05 00:00:00,0.0
2026-09-05 01:00:00,0.0
2026-09-05 02:00:00,0.0
2026-09-05 03:00:00,0.0
2026-09-05 04:00:00,0.0
2026-09-05 05:00:00,0.0
2026-09-05 06:00:00,0.0
2026-09-05 07:00:00,0.0055180224
2026-09-05 08:00:00,0.0879673344
2026-09-05 09:00:00,0.4085928
2026-09-05 10:00:00,0.86034432
2026-09-05 11:00:00,2.05264752
2026-09-05 12:00:00,2.5078705344000003
2026-09-05 13:00:00,3.1614105599999998
2026-09-05 14:00:00,2.8231847424
2026-09-05 15:00:00,2.4941163456000006
2026-09-05 16:00:00,1.6138704384000002
2026-09-05 17:00:00,0.9215515584000001
2026-09-05 18:00:00,0.2091150336
2026-09-05 19:00:00,0.0
2026-09-05 20:00:00,0.0
2026-09-05 21:00:00,0.0
2026-09-05 22:00:00,0.0
2026-09-05 23:00:00,0.0
2026-09-06 00:00:00,0.0
2026-09-06 01:00:00,0.0
2026-09-06 02:00:00,0.0
2026-09-06 03:00:00,0.0
2026-09-06 04:00:00,0.0
2026-09-06 05:00:00,0.0
2026-09-06 06:00:00,0.0
2026-09-06 07:00:00,0.0222587904
2026-09-06 08:00:00,0.33073919999999996
2026-09-06 09:00:00,1.1072951999999998
2026-09-06 10:00:00,1.5007126464
2026-09-06 11:00:00,2.2634690496
2026-09-06 12:00:00,2.535456
2026-09-06 13:00:00,2.7126798336
2026-09-06 14:00:00,2.3811955200000003
2026-09-06 15:00:00,2.0344896
2026-09-06 16:00:00,1.4096484864
2026-09-06 17:00:00,0.6061203456
2026-09-06 18:00:00,0.12644818559999998
2026-09-06 19:00:00,0.0
2026-09-06 20:00:00,0.0
2026-09-06 21:00:00,0.0
2026-09-06 22:00:00,0.0
2026-09-06 23:00:00,0.0
2026-09-07 00:00:00,0.0
2026-09-07 01:00:00,0.0
2026-09-07 02:00:00,0.0
2026-09-07 03:00:00,0.0
2026-09-07 04:00:00,0.0
2026-09-07 05:00:00,0.0
2026-09-07 06:00:00,0.0
2026-09-07 07:00:00,0.0167846976
2026-09-07 08:00:00,0.6094528703999998
2026-09-07 09:00:00,1.0467986496000001
2026-09-07 10:00:00,1.3260006144
2026-09-07 11:00:00,1.6839634944
2026-09-07 12:00:00,2.4193135296
2026-09-07 13:00:00,2.3531904
2026-09-07 14:00:00,1.9803959999999998
2026-09-07 15:00:00,2.1470017535999997
2026-09-07 16:00:00,0.9970904063999998
2026-09-07 17:00:00,0.9355501055999998
2026-09-07 18:00:00,0.29317157759999996
2026-09-07 19:00:00,0.0
2026-09-07 20:00:00,0.0
2026-09-07 21:00:00,0.0
2026-09-07 22:00:00,0.0
2026-09-07 23:00:00,0.0
2026-09-08 00:00:00,0.0
2026-09-08 01:00:00,0.0
2026-09-08 02:00:00,0.0
2026-09-08 03:00:00,0.0
2026-09-08 04:00:00,0.0
2026-09-08 05:00:00,0.0
2026-09-08 06:00:00,0.0
2026-09-08 07:00:00,0.0454265856
2026-09-08 08:00:00,0.7511691264
2026-09-08 09:00:00,1.7541158976
2026-09-08 10:00:00,2.6773281216
2026-09-08 11:00:00,3.3094391616
2026-09-08 12:00:00,3.7105364736
2026-09-08 13:00:00,3.7692553535999997
2026-09-08 14:00:00,3.5398877183999997
2026-09-08 15:00:00,2.9026299455999998
2026-09-08 16:00:00,2.1539544576000003
2026-09-08 17:00:00,1.3270388735999998
2026-09-08 18:00:00,0.33750119039999993
2026-09-08 19:00:00,0.0
2026-09-08 20:00:00,0.0
2026-09-08 21:00:00,0.0
2026-09-08 22:00:00,0.0
2026-09-08 23:00:00,0.0
2026-09-09 00:00:00,0.0
2026-09-09 01:00:00,0.0
2026-09-09 02:00:00,0.0
2026-09-09 03:00:00,0.0
2026-09-09 04:00:00,0.0
2026-09-09 05:00:00,0.0
2026-09-09 06:00:00,0.0
2026-09-09 07:00:00,0.0336340224
2026-09-09 08:00:00,0.6986966976000001
2026-09-09 09:00:00,1.5235868736
2026-09-09 10:00:00,2.0539037376
2026-09-09 11:00:00,2.1271447296
2026-09-09 12:00:00,2.8710637824
2026-09-09 13:00:00,2.7416733696
2026-09-09 14:00:00,2.1713573376
2026-09-09 15:00:00,2.38270032
2026-09-09 16:00:00,1.1880844799999999
2026-09-09 17:00:00,1.1116247999999997
2026-09-09 18:00:00,0.3100145664
2026-09-09 19:00:00,0.0
2026-09-09 20:00:00,0.0
2026-09-09 21:00:00,0.0
2026-09-09 22:00:00,0.0
2026-09-09 23:00:00,0.0
2026-09-10 00:00:00,0.0
2026-09-10 01:00:00,0.0
2026-09-10 02:00:00,0.0
2026-09-10 03:00:00,0.0
2026-09-10 04:00:00,0.0
2026-09-10 05:00:00,0.0
2026-09-10 06:00:00,0.0
2026-09-10 07:00:00,0.0338621184
2026-09-10 08:00:00,0.47609379839999993
2026-09-10 09:00:00,1.3658162496000001
2026-09-10 10:00:00,1.5130215935999998
2026-09-10 11:00:00,1.8219786816000003
2026-09-10 12:00:00,1.9131949056000002
2026-09-10 13:00:00,1.9512556799999998
2026-09-10 14:00:00,2.07433776
2026-09-10 15:00:00,2.2278668544
2026-09-10 16:00:00,1.8646600895999996
2026-09-10 17:00:00,0.9459911999999999
2026-09-10 18:00:00,0.34702335360000003
2026-09-10 19:00:00,0.0
2026-09-10 20:00:00,0.0
2026-09-10 21:00:00,0.0
2026-09-10 22:00:00,0.0
2026-09-10 23:00:00,0.0
2026-09-11 00:00:00,0.0
2026-09-11 01:00:00,0.0
2026-09-11 02:00:00,0.0
2026-09-11 03:00:00,0.0
2026-09-11 04:00:00,0.0
2026-09-11 05:00:00,0.0
2026-09-11 06:00:00,0.0
2026-09-11 07:00:00,0.0337734144
2026-09-11 08:00:00,0.32223797760000006
2026-09-11 09:00:00,0.84802608
2026-09-11 10:00:00,1.3233527999999999
2026-09-11 11:00:00,2.3070721344
2026-09-11 12:00:00,3.1803621696
2026-09-11 13:00:00,3.6328072704
2026-09-11 14:00:00,3.4531016256000004
2026-09-11 15:00:00,3.0074812416
2026-09-11 16:00:00,2.32848
2026-09-11 17:00:00,1.38048768
2026-09-11 18:00:00,0.41096879999999997
2026-09-11 19:00:00,0.0
2026-09-11 20:00:00,0.0
2026-09-11 21:00:00,0.0
2026-09-11 22:00:00,0.0
2026-09-11 23:00:00,0.0
2026-09-12 00:00:00,0.0
2026-09-12 01:00:00,0.0
2026-09-12 02:00:00,0.0
2026-09-12 03:00:00,0.0
2026-09-12 04:00:00,0.0
2026-09-12 05:00:00,0.0
2026-09-12 06:00:00,0.0
2026-09-12 07:00:00,0.07369464959999998
2026-09-12 08:00:00,0.7873859135999999
2026-09-12 09:00:00,1.6210427903999998
2026-09-12 10:00:00,2.2617475583999997
2026-09-12 11:00:00,2.8090512384
2026-09-12 12:00:00,3.41440704
2026-09-12 13:00:00,3.6050386944
2026-09-12 14:00:00,3.4015044096000002
2026-09-12 15:00:00,2.9253159936
2026-09-12 16:00:00,2.2819104
2026-09-12 17:00:00,1.2682080575999999
2026-09-12 18:00:00,0.37580928
2026-09-12 19:00:00,0.0
2026-09-12 20:00:00,0.0
2026-09-12 21:00:00,0.0
2026-09-12 22:00:00,0.0
2026-09-12 23:00:00,0.0
2026-09-13 00:00:00,0.0
2026-09-13 01:00:00,0.0
2026-09-13 02:00:00,0.0
2026-09-13 03:00:00,0.0
2026-09-13 04:00:00,0.0
2026-09-13 05:00:00,0.0
2026-09-13 06:00:00,0.0
2026-09-13 07:00:00,0.0659552256
2026-09-13 08:00:00,0.5826940416
2026-09-13 09:00:00,1.3915782144
2026-09-13 10:00:00,2.4550578624
2026-09-13 11:00:00,3.1950521856
2026-09-13 12:00:00,3.6382646784
2026-09-13 13:00:00,3.690869529599999
2026-09-13 14:00:00,3.3766588416
2026-09-13 15:00:00,2.5682367744
2026-09-13 16:00:00,1.8440942783999998
2026-09-13 17:00:00,0.9770519616
2026-09-13 18:00:00,0.26092429440000003
2026-09-13 19:00:00,0.0
2026-09-13 20:00:00,0.0
2026-09-13 21:00:00,0.0
2026-09-13 22:00:00,0.0
2026-09-13 23:00:00,0.0
2026-09-14 00:00:00,0.0
2026-09-14 01:00:00,0.0
2026-09-14 02:00:00,0.0
2026-09-14 03:00:00,0.0
2026-09-14 04:00:00,0.0
2026-09-14 05:00:00,0.0
2026-09-14 06:00:00,0.0
2026-09-14 07:00:00,0.021878630399999998
2026-09-14 08:00:00,0.20654684159999998
2026-09-14 09:00:00,0.30339133440000005
2026-09-14 10:00:00,0.9270987264
2026-09-14 11:00:00,1.0658222784
2026-09-14 12:00:00,1.2927492864
2026-09-14 13:00:00,1.6789033536000002
2026-09-14 14:00:00,2.4810185664000004
2026-09-14 15:00:00,2.0462992704
2026-09-14 16:00:00,1.5906046464000003
2026-09-14 17:00:00,0.8446578623999998
2026-09-14 18:00:00,0.3140307456
2026-09-14 19:00:00,0.0
2026-09-14 20:00:00,0.0
2026-09-14 21:00:00,0.0
2026-09-14 22:00:00,0.0
2026-09-14 23:00:00,0.0
2026-09-15 00:00:00,0.0
2026-09-15 01:00:00,0.0
2026-09-15 02:00:00,0.0
2026-09-15 03:00:00,0.0
2026-09-15 04:00:00,0.0
2026-09-15 05:00:00,0.0
2026-09-15 06:00:00,0.0
2026-09-15 07:00:00,0.0446493696
2026-09-15 08:00:00,0.8040707135999999
2026-09-15 09:00:00,1.6718767296
2026-09-15 10:00:00,2.6096353536
2026-09-15 11:00:00,3.2299971264000003
2026-09-15 12:00:00,2.9554265664
2026-09-15 13:00:00,2.9590319615999996
2026-09-15 14:00:00,3.0678303743999997
2026-09-15 15:00:00,2.8515288384000006
2026-09-15 16:00:00,1.8343378943999995
2026-09-15 17:00:00,1.3842284544
2026-09-15 18:00:00,0.4053441216
2026-09-15 19:00:00,0.0
2026-09-15 20:00:00,0.0
2026-09-15 21:00:00,0.0
2026-09-15 22:00:00,0.0
2026-09-15 23:00:00,0.0
2026-09-16 00:00:00,0.0
2026-09-16 01:00:00,0.0
2026-09-16 02:00:00,0.0
2026-09-16 03:00:00,0.0
2026-09-16 04:00:00,0.0
2026-09-16 05:00:00,0.0
2026-09-16 06:00:00,0.0
2026-09-16 07:00:00,0.0955728576
2026-09-16 08:00:00,0.7654198464
2026-09-16 09:00:00,1.7128186944000001
2026-09-16 10:00:00,2.3951928000000002
2026-09-16 11:00:00,1.9641403584
2026-09-16 12:00:00,2.1815994815999997
2026-09-16 13:00:00,2.3714691263999996
2026-09-16 14:00:00,1.8073180224
2026-09-16 15:00:00,1.7098752000000002
2026-09-16 16:00:00,1.4928519936
2026-09-16 17:00:00,1.1508811775999999
2026-09-16 18:00:00,0.3377588544
2026-09-16 19:00:00,0.0
2026-09-16 20:00:00,0.0
2026-09-16 21:00:00,0.0
2026-09-16 22:00:00,0.0
2026-09-16 23:00:00,0.0
2026-09-17 00:00:00,0.0
2026-09-17 01:00:00,0.0
2026-09-17 02:00:00,0.0
2026-09-17 03:00:00,0.0
2026-09-17 04:00:00,0.0
2026-09-17 05:00:00,0.0
2026-09-17 06:00:00,0.0
2026-09-17 07:00:00,0.061441670399999995
2026-09-17 08:00:00,0.4919686464
2026-09-17 09:00:00,1.4057472
2026-09-17 10:00:00,2.0884032576
2026-09-17 11:00:00,2.5646727744
2026-09-17 12:00:00,3.2461171776
2026-09-17 13:00:00,3.2299971264000003
2026-09-17 14:00:00,2.9014155456
2026-09-17 15:00:00,2.8402718784000003
2026-09-17 16:00:00,2.2147684416
2026-09-17 17:00:00,1.3592519424
2026-09-17 18:00:00,0.47918597760000003
2026-09-17 19:00:00,0.0056025024
2026-09-17 20:00:00,0.0
2026-09-17 21:00:00,0.0
2026-09-17 22:00:00,0.0
2026-09-17 23:00:00,0.0
2026-09-18 00:00:00,0.0
2026-09-18 01:00:00,0.0
2026-09-18 02:00:00,0.0
2026-09-18 03:00:00,0.0
2026-09-18 04:00:00,0.0
2026-09-18 05:00:00,0.0
2026-09-18 06:00:00,0.0
2026-09-18 07:00:00,0.1586382336
2026-09-18 08:00:00,1.0582118976000001
2026-09-18 09:00:00,2.1412790784
2026-09-18 10:00:00,2.9726585856
2026-09-18 11:00:00,3.5403977664000004
2026-09-18 12:00:00,3.8548090944
2026-09-18 13:00:00,3.8304516096
2026-09-18 14:00:00,3.58508304
2026-09-18 15:00:00,3.1652222976
2026-09-18 16:00:00,2.4766004736
2026-09-18 17:00:00,1.4641837055999998
2026-09-18 18:00:00,0.4763673023999999
2026-09-18 19:00:00,0.0054441024
2026-09-18 20:00:00,0.0
2026-09-18 21:00:00,0.0
2026-09-18 22:00:00,0.0
2026-09-18 23:00:00,0.0
2026-09-19 00:00:00,0.0
2026-09-19 01:00:00,0.0
2026-09-19 02:00:00,0.0
2026-09-19 03:00:00,0.0
2026-09-19 04:00:00,0.0
2026-09-19 05:00:00,0.0
2026-09-19 06:00:00,0.0
2026-09-19 07:00:00,0.1154793024
2026-09-19 08:00:00,0.9014455296000001
2026-09-19 09:00:00,1.6048226304000004
2026-09-19 10:00:00,2.4766310976000003
2026-09-19 11:00:00,2.9373816383999998
2026-09-19 12:00:00,3.7186674624
2026-09-19 13:00:00,3.7593336
2026-09-19 14:00:00,3.5638464576
2026-09-19 15:00:00,3.06427968
2026-09-19 16:00:00,2.3450228736
2026-09-19 17:00:00,1.4372111424
2026-09-19 18:00:00,0.4813833024
2026-09-19 19:00:00,0.0053849664
2026-09-19 20:00:00,0.0
2026-09-19 21:00:00,0.0
2026-09-19 22:00:00,0.0
2026-09-19 23:00:00,0.0
2026-09-20 00:00:00,0.0
2026-09-20 01:00:00,0.0
2026-09-20 02:00:00,0.0
2026-09-20 03:00:00,0.0
2026-09-20 04:00:00,0.0
2026-09-20 05:00:00,0.0
2026-09-20 06:00:00,0.0
2026-09-20 07:00:00,0.1810771776
2026-09-20 08:00:00,1.1115977664
2026-09-20 09:00:00,2.1404258304
2026-09-20 10:00:00,2.9847221184
2026-09-20 11:00:00,3.5830086336
2026-09-20 12:00:00,3.880718265599999
2026-09-20 13:00:00,3.9100790784
2026-09-20 14:00:00,3.6586192896000003
2026-09-20 15:00:00,3.1544941824
2026-09-20 16:00:00,2.3244369983999995
2026-09-20 17:00:00,1.3118916096
2026-09-20 18:00:00,0.49191267839999997
2026-09-20 19:00:00,0.0053448384
2026-09-20 20:00:00,0.0
2026-09-20 21:00:00,0.0
2026-09-20 22:00:00,0.0
2026-09-20 23:00:00,0.0
2026-09-21 00:00:00,0.0
2026-09-21 01:00:00,0.0
2026-09-21 02:00:00,0.0
2026-09-21 03:00:00,0.0
2026-09-21 04:00:00,0.0
2026-09-21 05:00:00,0.0
2026-09-21 06:00:00,0.0
2026-09-21 07:00:00,0.1393656
2026-09-21 08:00:00,0.8695076543999999
2026-09-21 09:00:00,1.6661857344
2026-09-21 10:00:00,1.9450024704
2026-09-21 11:00:00,3.1357708800000004
2026-09-21 12:00:00,2.5502140224000005
2026-09-21 13:00:00,3.0402212544
2026-09-21 14:00:00,2.8134948864
2026-09-21 15:00:00,2.8989920256000006
2026-09-21 16:00:00,2.4469226496000003
2026-09-21 17:00:00,1.5395451455999998
2026-09-21 18:00:00,0.5677907136
2026-09-21 19:00:00,0.0112079616
2026-09-21 20:00:00,0.0
2026-09-21 21:00:00,0.0
2026-09-21 22:00:00,0.0
2026-09-21 23:00:00,0.0
2026-09-22 00:00:00,0.0
2026-09-22 01:00:00,0.0
2026-09-22 02:00:00,0.0
2026-09-22 03:00:00,0.0
2026-09-22 04:00:00,0.0
2026-09-22 05:00:00,0.0
2026-09-22 06:00:00,0.0
2026-09-22 07:00:00,0.2152144896
2026-09-22 08:00:00,1.1834532863999998
2026-09-22 09:00:00,2.2726401984
2026-09-22 10:00:00,3.1495573824
2026-09-22 11:00:00,3.7521523776
2026-09-22 12:00:00,3.8302877184
2026-09-22 13:00:00,4.0902840000000005
2026-09-22 14:00:00,3.7221617664
2026-09-22 15:00:00,2.7713664000000002
2026-09-22 16:00:00,2.3517527616
2026-09-22 17:00:00,1.1735722944
2026-09-22 18:00:00,0.5307821376
2026-09-22 19:00:00,0.0111403776
2026-09-22 20:00:00,0.0
2026-09-22 21:00:00,0.0
2026-09-22 22:00:00,0.0
2026-09-22 23:00:00,0.0
2026-09-23 00:00:00,0.0
2026-09-23 01:00:00,0.0
2026-09-23 02:00:00,0.0
2026-09-23 03:00:00,0.0
2026-09-23 04:00:00,0.0
2026-09-23 05:00:00,0.0
2026-09-23 06:00:00,0.0
2026-09-23 07:00:00,0.18714072960000003
2026-09-23 08:00:00,0.9637319999999998
2026-09-23 09:00:00,1.8702133824
2026-09-23 10:00:00,3.0046173696
2026-09-23 11:00:00,3.7180915199999998
2026-09-23 12:00:00,4.0227416063999994
2026-09-23 13:00:00,4.0589909184
2026-09-23 14:00:00,3.8212770816000003
2026-09-23 15:00:00,3.3128054784
2026-09-23 16:00:00,2.5608489984
2026-09-23 17:00:00,1.6033887936
2026-09-23 18:00:00,0.5724854784
2026-09-23 19:00:00,0.011072793599999999
2026-09-23 20:00:00,0.0
2026-09-23 21:00:00,0.0
2026-09-23 22:00:00,0.0
2026-09-23 23:00:00,0.0
2026-09-24 00:00:00,0.0
2026-09-24 01:00:00,0.0
2026-09-24 02:00:00,0.0
2026-09-24 03:00:00,0.0
2026-09-24 04:00:00,0.0
2026-09-24 05:00:00,0.0
2026-09-24 06:00:00,0.0
2026-09-24 07:00:00,0.1506517056
2026-09-24 08:00:00,0.7956881856
2026-09-24 09:00:00,1.7306925504000001
2026-09-24 10:00:00,2.8031175744000003
2026-09-24 11:00:00,3.1561728000000002
2026-09-24 12:00:00,2.5685563200000003
2026-09-24 13:00:00,2.4849259776
2026-09-24 14:00:00,2.5912313856
2026-09-24 15:00:00,2.7570738624000004
2026-09-24 16:00:00,2.2703602944
2026-09-24 17:00:00,1.1616264
2026-09-24 18:00:00,0.4016331264
2026-09-24 19:00:00,0.010713753599999999
2026-09-24 20:00:00,0.0
2026-09-24 21:00:00,0.0
2026-09-24 22:00:00,0.0
2026-09-24 23:00:00,0.0
