timestamp,price_actual_mwh,price_forecast_mwh,price_baseline_mwh
2025-10-01 00:00:00,5.950833333333333,82.05131919192252,83.73416666666667
2025-10-01 01:00:00,8.121666666666666,54.21993060239691,36.17333333333333
2025-10-01 02:00:00,1.0616666666666663,41.53701835042308,19.843333333333334
2025-10-01 03:00:00,-9.033333333333331,35.15081670540464,14.5375
2025-10-01 04:00:00,-10.0,32.5952864166517,6.585833333333333
2025-10-01 05:00:00,-10.0,29.60069656430381,14.455
2025-10-01 06:00:00,-10.0,35.82996234163254,48.27333333333333
2025-10-01 07:00:00,-10.0,26.071288551306253,95.38916666666664
2025-10-01 08:00:00,-14.82,1.069750245360197,41.1625
2025-10-01 09:00:00,-14.6625,-12.082162710668555,25.16
2025-10-01 10:00:00,-13.896666666666668,-4.77510615467223,4.405
2025-10-01 11:00:00,-14.0,-1.12744121589688,2.9166666666666665
2025-10-01 12:00:00,-15.500833333333333,-9.84988101056456,1.0791666666666668
2025-10-01 13:00:00,-14.5625,-13.878600813691094,10.139166666666666
2025-10-01 14:00:00,-11.64,-26.61517422913539,35.70666666666667
2025-10-01 15:00:00,-15.905,-30.84803658425785,40.486666666666665
2025-10-01 16:00:00,-14.466666666666669,-17.401081690315237,71.83666666666666
2025-10-01 17:00:00,-9.918333333333331,0.5618521323915076,78.55583333333333
2025-10-01 18:00:00,-0.2541666666666667,41.82493675257312,159.04166666666666
2025-10-01 19:00:00,19.309166666666663,80.75795420102986,174.59833333333333
2025-10-01 20:00:00,36.73333333333333,81.81015410567103,224.7825
2025-10-01 21:00:00,11.769166666666663,59.236082684098,182.7925
2025-10-01 22:00:00,-4.4675,39.612928280527015,125.8575
2025-10-01 23:00:00,-5.409166666666667,27.425496960404168,92.1125
2025-10-02 00:00:00,0.4174999999999998,26.86172410950369,79.4825
2025-10-02 01:00:00,-2.015,-0.599004553356508,10.635
2025-10-02 02:00:00,-9.6575,-5.705975404748372,4.306666666666666
2025-10-02 03:00:00,-10.0,-5.572864770225948,8.791666666666666
2025-10-02 04:00:00,-10.0,-10.495954553404488,2.955833333333333
2025-10-02 05:00:00,-10.399166666666666,-8.523360567495374,12.216666666666669
2025-10-02 06:00:00,-10.0,5.54128740686248,14.765
2025-10-02 07:00:00,-9.683333333333334,13.593553493655676,21.69
2025-10-02 08:00:00,-10.030833333333334,7.538649022230828,5.445833333333333
2025-10-02 09:00:00,-12.014166666666666,-4.05289516081811,20.24
2025-10-02 10:00:00,-16.144166666666667,1.91661952717044,-7.176666666666667
2025-10-02 11:00:00,-15.500833333333333,5.803055810769777,-10.0
2025-10-02 12:00:00,-11.1475,8.154862977639638,-10.0
2025-10-02 13:00:00,-11.516666666666666,17.800494617554477,-10.1025
2025-10-02 14:00:00,-9.705833333333333,5.3767108230174046,-10.0
2025-10-02 15:00:00,-8.620833333333334,4.6275576138299215,4.65
2025-10-02 16:00:00,-10.0,0.4769180698280308,-3.4483333333333337
2025-10-02 17:00:00,-7.828333333333333,27.15375721936502,31.15083333333333
2025-10-02 18:00:00,25.92,61.98210075190424,94.7625
2025-10-02 19:00:00,77.1675,87.81631780433858,115.97333333333334
2025-10-02 20:00:00,76.68166666666666,89.8026049497683,121.73583333333332
2025-10-02 21:00:00,74.9675,89.91334931837183,137.15
2025-10-02 22:00:00,60.67083333333333,75.75690978207393,105.46833333333332
2025-10-02 23:00:00,43.4825,66.72996631739272,80.1825
2025-10-03 00:00:00,32.42666666666667,59.22594663637937,74.37833333333333
2025-10-03 01:00:00,10.305,42.0336766067641,7.693333333333334
2025-10-03 02:00:00,5.574166666666666,28.887001002825336,1.5891666666666664
2025-10-03 03:00:00,8.596666666666666,21.558887286567185,17.8275
2025-10-03 04:00:00,7.376666666666666,17.990939316548506,14.38
2025-10-03 05:00:00,10.895,19.836108637035963,-4.553333333333334
2025-10-03 06:00:00,15.945833333333333,29.129422661731034,-4.591666666666667
2025-10-03 07:00:00,10.361666666666666,25.255189181305504,41.72583333333333
2025-10-03 08:00:00,12.591666666666669,25.641931750875425,-9.3675
2025-10-03 09:00:00,-4.535833333333334,-2.471259435027804,-11.630833333333332
2025-10-03 10:00:00,-10.140833333333331,-12.070209060876536,-13.2075
2025-10-03 11:00:00,-13.660833333333334,-13.052332396728318,-19.55333333333333
2025-10-03 12:00:00,-13.390833333333331,-15.794598203178182,-31.308333333333334
2025-10-03 13:00:00,-13.730833333333331,-22.623477126578777,-31.331666666666667
2025-10-03 14:00:00,-14.281666666666666,-13.86688826278352,-24.72833333333333
2025-10-03 15:00:00,-13.735833333333332,-15.17941777439998,-23.124166666666667
2025-10-03 16:00:00,-9.414166666666668,-12.219948893217406,-27.061666666666667
2025-10-03 17:00:00,1.9908333333333328,24.928440045581823,-12.721666666666666
2025-10-03 18:00:00,103.0425,75.18438710213002,25.04583333333333
2025-10-03 19:00:00,140.17999999999998,121.56539281004586,61.278333333333336
2025-10-03 20:00:00,169.02916666666667,146.8852632878686,62.12916666666666
2025-10-03 21:00:00,187.5458333333333,148.44766068557442,67.43166666666666
2025-10-03 22:00:00,242.28083333333333,142.96591855517988,66.44166666666666
2025-10-03 23:00:00,167.10166666666666,120.46438853431144,43.51416666666666
2025-10-04 00:00:00,121.09666666666668,109.56822894026593,24.20083333333333
2025-10-04 01:00:00,103.76333333333334,110.83888776609602,55.96666666666667
2025-10-04 02:00:00,102.66083333333334,101.10822718437711,53.77666666666667
2025-10-04 03:00:00,101.92416666666666,95.34501497166129,43.54166666666666
2025-10-04 04:00:00,106.8675,93.33188438799418,43.649166666666666
2025-10-04 05:00:00,101.91083333333334,91.76712194054024,60.906666666666666
2025-10-04 06:00:00,112.2725,87.48768050101077,69.08083333333333
2025-10-04 07:00:00,40.8075,66.46622267900105,36.9875
2025-10-04 08:00:00,-12.8275,14.802973863650848,-7.726666666666667
2025-10-04 09:00:00,-13.485,-11.20605225161384,-9.044166666666667
2025-10-04 10:00:00,-25.249166666666667,-40.5286524256176,-12.847499999999998
2025-10-04 11:00:00,-49.36166666666667,-69.93280911573581,-20.33333333333333
2025-10-04 12:00:00,-45.7425,-78.18689547696167,-24.25
2025-10-04 13:00:00,-40.61833333333333,-77.28746847857715,-41.505
2025-10-04 14:00:00,-49.365833333333335,-74.16599798074972,-47.3325
2025-10-04 15:00:00,-56.1575,-60.63224379454133,-48.22166666666666
2025-10-04 16:00:00,-24.3925,-28.221355534923678,-40.90166666666666
2025-10-04 17:00:00,17.1375,17.562672225758106,-17.3975
2025-10-04 18:00:00,93.75333333333332,59.25164547056289,20.106666666666666
2025-10-04 19:00:00,121.24583333333334,73.88010182088735,74.035
2025-10-04 20:00:00,89.885,68.16621832069409,13.7925
2025-10-04 21:00:00,38.266666666666666,51.0632983226035,45.78833333333333
2025-10-04 22:00:00,1.2308333333333332,35.19172228676994,61.55583333333333
2025-10-04 23:00:00,-5.616666666666667,27.732555215019342,60.153333333333336
2025-10-05 00:00:00,-6.5,26.06981626980573,60.38
2025-10-05 01:00:00,-6.5,16.272397917126327,67.38166666666667
2025-10-05 02:00:00,-9.901666666666666,6.374653254178526,52.09166666666667
2025-10-05 03:00:00,-16.098333333333333,0.0650582102199166,48.24416666666667
2025-10-05 04:00:00,-11.326666666666668,-1.7371696030201915,68.27583333333332
2025-10-05 05:00:00,-12.101666666666668,-0.4795958532937874,71.26416666666667
2025-10-05 06:00:00,-12.2875,3.006221045481908,76.80166666666666
2025-10-05 07:00:00,-12.1475,-0.0051603171531837,58.44916666666666
2025-10-05 08:00:00,-21.435,-8.368874331494922,7.316666666666666
2025-10-05 09:00:00,-30.58666666666667,-7.35565367986878,-0.4558333333333333
2025-10-05 10:00:00,-30.555,-5.13487829178311,-11.855
2025-10-05 11:00:00,-31.00333333333333,-3.5101921285378523,-14.3425
2025-10-05 12:00:00,-31.1975,-21.035011502010164,-13.8625
2025-10-05 13:00:00,-36.775,-42.95316636178487,-14.094166666666666
2025-10-05 14:00:00,-32.877500000000005,-43.75089637189143,-10.96
2025-10-05 15:00:00,-19.176666666666662,-34.62257929251892,-11.075
2025-10-05 16:00:00,-9.031666666666666,2.441575141934166,2.8775
2025-10-05 17:00:00,-6.0575,37.6466218485311,37.439166666666665
2025-10-05 18:00:00,6.246666666666666,62.246741883557775,156.20166666666668
2025-10-05 19:00:00,-6.3125,70.45972729530229,182.7075
2025-10-05 20:00:00,-6.8075,36.49237675773935,161.1225
2025-10-05 21:00:00,-10.07,29.115218678440847,168.70333333333335
2025-10-05 22:00:00,-6.5,31.695704352444142,144.70166666666668
2025-10-05 23:00:00,-6.5,32.672904516340026,129.40583333333333
2025-10-06 00:00:00,-6.5,28.33365460334928,108.37416666666668
2025-10-06 01:00:00,-6.5,-3.9801967776673592,86.63916666666667
2025-10-06 02:00:00,-6.5,-5.531460271004065,80.53166666666667
2025-10-06 03:00:00,-6.5,9.32895388785306,80.50583333333333
2025-10-06 04:00:00,-6.5,24.16196734436234,89.92333333333333
2025-10-06 05:00:00,-1.2166666666666666,45.28177964450263,36.29
2025-10-06 06:00:00,23.6375,77.02324144861919,17.961666666666666
2025-10-06 07:00:00,28.88083333333333,93.5867234869246,7.435833333333334
2025-10-06 08:00:00,53.56166666666667,67.6379230845412,-8.914166666666667
2025-10-06 09:00:00,55.064166666666665,47.41884403885143,-13.5725
2025-10-06 10:00:00,4.610833333333333,25.172120373707024,-23.23583333333333
2025-10-06 11:00:00,-4.754166666666666,11.909318798858903,-29.945833333333336
2025-10-06 12:00:00,-2.265,12.157627263724038,-33.6525
2025-10-06 13:00:00,-9.845833333333331,13.843464162270765,-18.933333333333334
2025-10-06 14:00:00,-9.62,14.311762748024565,-21.015
2025-10-06 15:00:00,43.62083333333334,17.237651377045964,-11.914166666666668
2025-10-06 16:00:00,47.740833333333335,36.71716211462018,13.4575
2025-10-06 17:00:00,77.57416666666667,78.39312349143174,86.7575
2025-10-06 18:00:00,101.19666666666669,140.77137578631368,198.47333333333336
2025-10-06 19:00:00,120.56583333333332,178.5165764441404,172.51166666666666
2025-10-06 20:00:00,116.42083333333332,196.96964542959145,130.95833333333334
2025-10-06 21:00:00,123.56583333333332,189.26107785818573,136.17916666666665
2025-10-06 22:00:00,137.15333333333334,157.73290527182562,120.59250000000002
2025-10-06 23:00:00,141.98166666666663,136.25195215207418,165.08166666666668
2025-10-07 00:00:00,145.42666666666665,138.46432640560045,106.40833333333336
2025-10-07 01:00:00,148.94583333333333,113.04822218045942,87.235
2025-10-07 02:00:00,135.1175,108.8364391322312,73.62916666666666
2025-10-07 03:00:00,113.92666666666668,104.34412892034766,83.50916666666667
2025-10-07 04:00:00,123.97666666666667,106.65506113739109,74.46166666666667
2025-10-07 05:00:00,150.72583333333333,117.22108250853825,66.3925
2025-10-07 06:00:00,195.26416666666668,135.36054448031038,79.935
2025-10-07 07:00:00,189.2975,116.7528374025217,5.069999999999999
2025-10-07 08:00:00,99.3925,76.19193937087887,9.851666666666668
2025-10-07 09:00:00,31.406666666666663,13.662641844243636,9.5325
2025-10-07 10:00:00,-18.5925,-10.752657518307217,-1.8791666666666669
2025-10-07 11:00:00,-33.51833333333334,-27.645276603595093,-3.751666666666667
2025-10-07 12:00:00,-40.98,-40.65208355418432,-1.3591666666666669
2025-10-07 13:00:00,-43.99,-56.33747528260693,-2.6725
2025-10-07 14:00:00,-55.20583333333334,-50.887414777600895,-6.974166666666666
2025-10-07 15:00:00,-52.80583333333333,-38.00030872331024,-7.509166666666666
2025-10-07 16:00:00,-33.347500000000004,-10.701027792900376,-8.174999999999999
2025-10-07 17:00:00,-17.395833333333332,24.34817063482383,-0.4000000000000003
2025-10-07 18:00:00,58.70916666666667,88.81564459892125,100.31333333333332
2025-10-07 19:00:00,114.6925,131.3458890343698,126.9875
2025-10-07 20:00:00,121.49416666666669,153.10751933216932,113.6475
2025-10-07 21:00:00,116.68416666666668,127.6149693457307,85.36416666666666
2025-10-07 22:00:00,137.99,102.02564921784946,79.37
2025-10-07 23:00:00,119.38333333333333,85.92878105157757,46.11083333333334
2025-10-08 00:00:00,98.3425,87.61069625720408,5.950833333333333
2025-10-08 01:00:00,84.625,62.07361385093069,8.121666666666666
2025-10-08 02:00:00,77.97833333333334,47.89150924878429,1.0616666666666663
2025-10-08 03:00:00,60.69583333333333,40.285488507360455,-9.033333333333331
2025-10-08 04:00:00,19.0,36.412002592556085,-10.0
2025-10-08 05:00:00,49.70583333333334,40.16172769309685,-10.0
2025-10-08 06:00:00,100.6225,52.447839704971365,-10.0
2025-10-08 07:00:00,88.8125,52.00712282958331,-10.0
2025-10-08 08:00:00,13.314166666666669,34.63909918200036,-14.82
2025-10-08 09:00:00,-2.395833333333333,12.03418773396352,-14.6625
2025-10-08 10:00:00,-8.899166666666668,-13.23513819890863,-13.896666666666668
2025-10-08 11:00:00,-14.488333333333337,-44.28678220657119,-14.0
2025-10-08 12:00:00,-16.5775,-63.06867657794877,-15.500833333333333
2025-10-08 13:00:00,-13.380833333333332,-58.58026001243783,-14.5625
2025-10-08 14:00:00,-18.4275,-52.40643171142759,-11.64
2025-10-08 15:00:00,-22.48333333333333,-49.77714448136447,-15.905
2025-10-08 16:00:00,-14.441666666666668,-12.127793301151796,-14.466666666666669
2025-10-08 17:00:00,-16.495833333333334,24.281453940767967,-9.918333333333331
2025-10-08 18:00:00,-6.843333333333334,79.49484864050616,-0.2541666666666667
2025-10-08 19:00:00,63.0525,121.50822743828743,19.309166666666663
2025-10-08 20:00:00,78.71499999999999,125.82959173838258,36.73333333333333
2025-10-08 21:00:00,71.0925,118.3683785809358,11.769166666666663
2025-10-08 22:00:00,49.73333333333333,107.92473373691618,-4.4675
2025-10-08 23:00:00,45.0025,92.70396770965456,-5.409166666666667
2025-10-09 00:00:00,38.16583333333333,90.38450978783278,0.4174999999999998
2025-10-09 01:00:00,25.67083333333333,61.635721907534034,-2.015
2025-10-09 02:00:00,8.284166666666666,36.25876137225424,-9.6575
2025-10-09 03:00:00,9.658333333333331,21.06413437524769,-10.0
2025-10-09 04:00:00,1.5741666666666667,17.675768915427255,-10.0
2025-10-09 05:00:00,-3.8475,27.187392067217843,-10.399166666666666
2025-10-09 06:00:00,32.55416666666667,44.05724995125277,-10.0
2025-10-09 07:00:00,15.8425,33.48774030558502,-9.683333333333334
2025-10-09 08:00:00,-8.219166666666666,10.403043443873043,-10.030833333333334
2025-10-09 09:00:00,-18.56583333333333,-16.051056661967934,-12.014166666666666
2025-10-09 10:00:00,-28.695000000000004,-28.346177213192988,-16.144166666666667
2025-10-09 11:00:00,-26.5775,-41.22000211772732,-15.500833333333333
2025-10-09 12:00:00,-23.561666666666667,-46.07816736723154,-11.1475
2025-10-09 13:00:00,-43.72916666666666,-50.68203758421561,-11.516666666666666
2025-10-09 14:00:00,-45.028333333333336,-53.42622388911991,-9.705833333333333
2025-10-09 15:00:00,-43.85916666666666,-42.096400295451474,-8.620833333333334
2025-10-09 16:00:00,-46.00083333333333,-33.12687468000206,-10.0
2025-10-09 17:00:00,-16.88,-5.615276539874628,-7.828333333333333
2025-10-09 18:00:00,-8.184166666666666,32.63991123619755,25.92
2025-10-09 19:00:00,63.245000000000005,73.2192628308445,77.1675
2025-10-09 20:00:00,64.40166666666667,83.93918105010962,76.68166666666666
2025-10-09 21:00:00,40.87,63.70159745112701,74.9675
2025-10-09 22:00:00,24.359166666666667,48.3670003445845,60.67083333333333
2025-10-09 23:00:00,-0.6383333333333333,37.450613080364704,43.4825
2025-10-10 00:00:00,0.5533333333333331,35.80695868866095,32.42666666666667
2025-10-10 01:00:00,-6.278333333333333,7.096988865725407,10.305
2025-10-10 02:00:00,-6.5,-3.9678574654856495,5.574166666666666
2025-10-10 03:00:00,-6.5,-10.179003900005668,8.596666666666666
2025-10-10 04:00:00,-6.5,-7.119247552210041,7.376666666666666
2025-10-10 05:00:00,-7.6191666666666675,0.134955058563051,10.895
2025-10-10 06:00:00,-3.675,12.637835385740344,15.945833333333333
2025-10-10 07:00:00,-9.220833333333331,13.80827007446922,10.361666666666666
2025-10-10 08:00:00,-43.98666666666667,-2.9391240707458195,12.591666666666669
2025-10-10 09:00:00,-48.53083333333333,-15.94236707705177,-4.535833333333334
2025-10-10 10:00:00,-47.17250000000001,-15.27516784759692,-10.140833333333331
2025-10-10 11:00:00,-46.335,-11.70288091774286,-13.660833333333334
2025-10-10 12:00:00,-52.806666666666665,-15.388504590103524,-13.390833333333331
2025-10-10 13:00:00,-64.2275,-20.241132758935905,-13.730833333333331
2025-10-10 14:00:00,-67.37166666666667,-26.473881673717088,-14.281666666666666
2025-10-10 15:00:00,-61.17,-34.00763277512519,-13.735833333333332
2025-10-10 16:00:00,-34.611666666666665,-33.01029221504787,-9.414166666666668
2025-10-10 17:00:00,-21.865,-18.73070079105166,1.9908333333333328
2025-10-10 18:00:00,-31.846666666666664,17.350226355519737,103.0425
2025-10-10 19:00:00,-11.550833333333332,50.28227532466221,140.17999999999998
2025-10-10 20:00:00,-6.5,52.84195642336703,169.02916666666667
2025-10-10 21:00:00,-5.2425,53.477719411318894,187.5458333333333
2025-10-10 22:00:00,-6.5,45.17499031543539,242.28083333333333
2025-10-10 23:00:00,-6.5,38.281816586729455,167.10166666666666
2025-10-11 00:00:00,-0.9333333333333332,43.31176721775151,121.09666666666668
2025-10-11 01:00:00,-3.45,48.3801134788768,103.76333333333334
2025-10-11 02:00:00,-5.398333333333333,39.48944193530437,102.66083333333334
2025-10-11 03:00:00,-5.616666666666667,37.45750650523178,101.92416666666666
2025-10-11 04:00:00,0.7958333333333334,34.79979980816903,106.8675
2025-10-11 05:00:00,2.958333333333333,36.20247676682778,101.91083333333334
2025-10-11 06:00:00,32.339166666666664,37.45775686574343,112.2725
2025-10-11 07:00:00,-0.389166666666667,17.76845785581625,40.8075
2025-10-11 08:00:00,-9.314166666666669,-11.959187575146018,-12.8275
2025-10-11 09:00:00,-11.305833333333332,-30.146276399989915,-13.485
2025-10-11 10:00:00,-22.934166666666663,-32.23821823397057,-25.249166666666667
2025-10-11 11:00:00,-26.35,-40.99668140367288,-49.36166666666667
2025-10-11 12:00:00,-31.47666666666667,-37.14402008625848,-45.7425
2025-10-11 13:00:00,-36.46416666666666,-22.510852487344494,-40.61833333333333
2025-10-11 14:00:00,-30.558333333333334,-26.10325568345054,-49.365833333333335
2025-10-11 15:00:00,-20.28833333333333,-25.49242116188057,-56.1575
2025-10-11 16:00:00,-15.889166666666666,-35.66552954586474,-24.3925
2025-10-11 17:00:00,-10.2375,-23.062862054835733,17.1375
2025-10-11 18:00:00,0.3724999999999999,16.263591825346253,93.75333333333332
2025-10-11 19:00:00,8.031666666666666,76.38606097653388,121.24583333333334
2025-10-11 20:00:00,63.965,84.46892356438984,89.885
2025-10-11 21:00:00,59.86833333333333,89.84679761160007,38.266666666666666
2025-10-11 22:00:00,71.3925,89.98699440951863,1.2308333333333332
2025-10-11 23:00:00,82.13833333333334,84.82639146398097,-5.616666666666667
2025-10-12 00:00:00,77.04083333333334,85.92259083973316,-6.5
2025-10-12 01:00:00,39.41166666666667,84.8663567818766,-6.5
2025-10-12 02:00:00,9.723333333333333,73.12606307952474,-9.901666666666666
2025-10-12 03:00:00,35.04416666666666,61.27148913912265,-16.098333333333333
2025-10-12 04:00:00,20.764166666666664,53.949839154983245,-11.326666666666668
2025-10-12 05:00:00,36.48833333333334,47.2815875385637,-12.101666666666668
2025-10-12 06:00:00,69.92583333333333,47.74646048300036,-12.2875
2025-10-12 07:00:00,22.180833333333336,24.68353491870741,-12.1475
2025-10-12 08:00:00,78.66166666666668,8.160335753368273,-21.435
2025-10-12 09:00:00,8.106666666666667,-4.066595172067252,-30.58666666666667
2025-10-12 10:00:00,-8.8125,-4.805730179859296,-30.555
2025-10-12 11:00:00,-10.243333333333334,-16.990229185617764,-31.00333333333333
2025-10-12 12:00:00,-14.128333333333332,-20.62077995895052,-31.1975
2025-10-12 13:00:00,-18.688333333333333,-26.51332499181917,-36.775
2025-10-12 14:00:00,-24.3325,-44.828794205658994,-32.877500000000005
2025-10-12 15:00:00,-30.495,-57.15404556223396,-19.176666666666662
2025-10-12 16:00:00,-26.21083333333333,-38.93830005453967,-9.031666666666666
2025-10-12 17:00:00,-18.336666666666662,-1.800723458303409,-6.0575
2025-10-12 18:00:00,33.3925,29.399842915875645,6.246666666666666
2025-10-12 19:00:00,95.06916666666666,47.7431164816209,-6.3125
2025-10-12 20:00:00,96.605,38.98437272491553,-6.8075
2025-10-12 21:00:00,97.59,31.83601217042516,-10.07
2025-10-12 22:00:00,77.96249999999999,34.72295721651205,-6.5
2025-10-12 23:00:00,88.8625,29.20601022189808,-6.5
2025-10-13 00:00:00,95.3325,37.51455426487151,-6.5
2025-10-13 01:00:00,96.4125,66.7129464651042,-6.5
2025-10-13 02:00:00,104.84499999999998,73.80895106412966,-6.5
2025-10-13 03:00:00,107.4275,80.64003937882983,-6.5
2025-10-13 04:00:00,126.63583333333334,89.48944362758878,-6.5
2025-10-13 05:00:00,174.63083333333336,107.81737345495202,-1.2166666666666666
2025-10-13 06:00:00,232.775,138.8913929008267,23.6375
2025-10-13 07:00:00,167.95833333333334,138.2808177430494,28.88083333333333
2025-10-13 08:00:00,113.50583333333331,101.386392706235,53.56166666666667
2025-10-13 09:00:00,65.24083333333333,57.63016249558963,55.064166666666665
2025-10-13 10:00:00,31.62833333333333,43.42299883802794,4.610833333333333
2025-10-13 11:00:00,26.94583333333333,41.42341739308382,-4.754166666666666
2025-10-13 12:00:00,-5.355,28.62406983987225,-2.265
2025-10-13 13:00:00,-12.6975,23.84327149612524,-9.845833333333331
2025-10-13 14:00:00,-17.155,22.01352584089369,-9.62
2025-10-13 15:00:00,-13.856666666666667,29.810080253635302,43.62083333333334
2025-10-13 16:00:00,-11.020833333333334,53.34656005650776,47.740833333333335
2025-10-13 17:00:00,-8.362499999999999,98.185745045568,77.57416666666667
2025-10-13 18:00:00,148.17666666666665,146.49135137093808,101.19666666666669
2025-10-13 19:00:00,161.57,178.46560060624302,120.56583333333332
2025-10-13 20:00:00,157.1858333333333,185.12699326657145,116.42083333333332
2025-10-13 21:00:00,140.8975,184.9640747962221,123.56583333333332
2025-10-13 22:00:00,116.77416666666666,168.925807175627,137.15333333333334
2025-10-13 23:00:00,111.95083333333334,145.3513340102969,141.98166666666663
2025-10-14 00:00:00,99.0675,133.10638100641597,145.42666666666665
2025-10-14 01:00:00,78.04583333333333,106.34557157047664,148.94583333333333
2025-10-14 02:00:00,59.645833333333336,92.24089273921471,135.1175
2025-10-14 03:00:00,49.49166666666667,79.25944852665633,113.92666666666668
2025-10-14 04:00:00,55.056666666666665,80.54678789501978,123.97666666666667
2025-10-14 05:00:00,77.03916666666667,86.49226424964051,150.72583333333333
2025-10-14 06:00:00,104.20666666666666,103.64249064681128,195.26416666666668
2025-10-14 07:00:00,114.33416666666666,92.84422326275372,189.2975
2025-10-14 08:00:00,35.4975,69.83080988449959,99.3925
2025-10-14 09:00:00,-1.4400000000000002,22.104866211296923,31.406666666666663
2025-10-14 10:00:00,-11.770833333333334,-1.034543475542307,-18.5925
2025-10-14 11:00:00,-17.235833333333332,-13.412056496099863,-33.51833333333334
2025-10-14 12:00:00,-20.660833333333333,-31.99467411380313,-40.98
2025-10-14 13:00:00,-24.941666666666663,-45.73784762944402,-43.99
2025-10-14 14:00:00,-22.71333333333333,-45.04525696089877,-55.20583333333334
2025-10-14 15:00:00,-14.474166666666669,-26.04780871805204,-52.80583333333333
2025-10-14 16:00:00,-13.541666666666666,3.938282886170356,-33.347500000000004
2025-10-14 17:00:00,-4.190833333333333,47.24685160273588,-17.395833333333332
2025-10-14 18:00:00,106.00583333333331,100.82497951664732,58.70916666666667
2025-10-14 19:00:00,151.93333333333334,132.78875208150026,114.6925
2025-10-14 20:00:00,145.1858333333333,158.37697928805224,121.49416666666669
2025-10-14 21:00:00,144.3141666666667,153.6039738391058,116.68416666666668
2025-10-14 22:00:00,153.53166666666667,140.00261383594625,137.99
2025-10-14 23:00:00,149.91666666666666,120.97044405135324,119.38333333333333
2025-10-15 00:00:00,176.17416666666668,117.74626319894418,98.3425
2025-10-15 01:00:00,163.9275,101.02728560106758,84.625
2025-10-15 02:00:00,158.61083333333332,103.20236178467913,77.97833333333334
2025-10-15 03:00:00,144.58583333333334,106.5746942719562,60.69583333333333
2025-10-15 04:00:00,136.26833333333337,112.30271862819409,19.0
2025-10-15 05:00:00,184.77166666666668,124.41098954643664,49.70583333333334
2025-10-15 06:00:00,225.2508333333333,150.40518173157233,100.6225
2025-10-15 07:00:00,144.87166666666667,121.1471349173286,88.8125
2025-10-15 08:00:00,6.9558333333333335,61.25869157703932,13.314166666666669
2025-10-15 09:00:00,-5.05,12.484369197502616,-2.395833333333333
2025-10-15 10:00:00,-9.525,-16.43844093761318,-8.899166666666668
2025-10-15 11:00:00,-10.326666666666666,-33.25215229024292,-14.488333333333337
2025-10-15 12:00:00,-12.463333333333331,-35.90975023604308,-16.5775
2025-10-15 13:00:00,-10.578333333333331,-36.15740916335065,-13.380833333333332
2025-10-15 14:00:00,-11.071666666666667,-40.38552972242081,-18.4275
2025-10-15 15:00:00,-10.4225,-33.042697810668216,-22.48333333333333
2025-10-15 16:00:00,15.938333333333333,-9.02255781030854,-14.441666666666668
2025-10-15 17:00:00,91.87416666666668,23.319453527004143,-16.495833333333334
2025-10-15 18:00:00,222.2725,63.30453841670375,-6.843333333333334
2025-10-15 19:00:00,233.00583333333336,111.60976512714224,63.0525
2025-10-15 20:00:00,205.04666666666665,135.95759380866434,78.71499999999999
2025-10-15 21:00:00,187.7458333333333,134.53400977577084,71.0925
2025-10-15 22:00:00,140.64916666666667,124.65999717428662,49.73333333333333
2025-10-15 23:00:00,116.66833333333334,112.5962986867857,45.0025
2025-10-16 00:00:00,92.30666666666669,106.94480009957272,38.16583333333333
2025-10-16 01:00:00,57.403333333333336,86.40446676495823,25.67083333333333
2025-10-16 02:00:00,1.7433333333333332,58.2551461805408,8.284166666666666
2025-10-16 03:00:00,-6.5,25.18455099977368,9.658333333333331
2025-10-16 04:00:00,-6.5,7.722883229729717,1.5741666666666667
2025-10-16 05:00:00,-4.413333333333333,8.160207044332864,-3.8475
2025-10-16 06:00:00,15.5075,19.579697838650432,32.55416666666667
2025-10-16 07:00:00,2.1283333333333334,15.652799900321185,15.8425
2025-10-16 08:00:00,-13.263333333333334,-1.6712156419134203,-8.219166666666666
2025-10-16 09:00:00,-14.023333333333332,-13.58905118265659,-18.56583333333333
2025-10-16 10:00:00,-20.299166666666665,-24.193940210733476,-28.695000000000004
2025-10-16 11:00:00,-20.44083333333333,-31.27563667203601,-26.5775
2025-10-16 12:00:00,-20.371666666666663,-32.7984720613603,-23.561666666666667
2025-10-16 13:00:00,-17.162499999999998,-50.55713049095834,-43.72916666666666
2025-10-16 14:00:00,-9.944166666666666,-39.960394828827646,-45.028333333333336
2025-10-16 15:00:00,-1.6316666666666666,-2.521664445904179,-43.85916666666666
2025-10-16 16:00:00,37.59333333333333,15.254650591227415,-46.00083333333333
2025-10-16 17:00:00,3.893333333333333,37.93532214964093,-16.88
2025-10-16 18:00:00,94.10833333333332,84.12385240732743,-8.184166666666666
2025-10-16 19:00:00,115.31833333333331,111.38002023596896,63.245000000000005
2025-10-16 20:00:00,147.23416666666665,81.83968983139256,64.40166666666667
2025-10-16 21:00:00,148.3675,81.43820401760625,40.87
2025-10-16 22:00:00,105.6125,84.50076785984919,24.359166666666667
2025-10-16 23:00:00,103.46416666666666,78.66173468376446,-0.6383333333333333
2025-10-17 00:00:00,134.74083333333334,77.03801123352446,0.5533333333333331
2025-10-17 01:00:00,90.3675,59.61113516041948,-6.278333333333333
2025-10-17 02:00:00,65.66166666666666,53.15275547144665,-6.5
2025-10-17 03:00:00,54.0925,40.66044256383846,-6.5
2025-10-17 04:00:00,55.72166666666666,43.49789320654258,-6.5
2025-10-17 05:00:00,60.45,62.35020049834816,-7.6191666666666675
2025-10-17 06:00:00,70.70666666666666,85.56924305287393,-3.675
2025-10-17 07:00:00,89.38333333333333,68.56381663195063,-9.220833333333331
2025-10-17 08:00:00,30.489166666666662,5.066095630507704,-43.98666666666667
2025-10-17 09:00:00,-15.0725,-14.21630107100414,-48.53083333333333
2025-10-17 10:00:00,-9.288333333333332,-25.83393663030934,-47.17250000000001
2025-10-17 11:00:00,-2.0283333333333333,-43.48891176721537,-46.335
2025-10-17 12:00:00,-21.201666666666664,-53.61595970260808,-52.806666666666665
2025-10-17 13:00:00,-27.883333333333336,-66.53135084816228,-64.2275
2025-10-17 14:00:00,-25.304166666666664,-61.25407215812288,-67.37166666666667
2025-10-17 15:00:00,-33.75666666666667,-50.12561016794567,-61.17
2025-10-17 16:00:00,-7.258333333333333,-13.548898655873783,-34.611666666666665
2025-10-17 17:00:00,6.45,3.512429526263816,-21.865
2025-10-17 18:00:00,73.42416666666666,56.21970262881605,-31.846666666666664
2025-10-17 19:00:00,106.91166666666668,91.69376907847436,-11.550833333333332
2025-10-17 20:00:00,107.5475,120.24327795956371,-6.5
2025-10-17 21:00:00,112.6925,115.47836406467708,-5.2425
2025-10-17 22:00:00,109.81166666666668,112.48310314845531,-6.5
2025-10-17 23:00:00,114.33666666666666,86.72626365954969,-6.5
2025-10-18 00:00:00,110.66833333333334,71.63132138012017,-0.9333333333333332
2025-10-18 01:00:00,98.0125,82.9128088987272,-3.45
2025-10-18 02:00:00,78.095,75.82962771145651,-5.398333333333333
2025-10-18 03:00:00,72.07083333333334,73.24556707094601,-5.616666666666667
2025-10-18 04:00:00,78.98416666666667,73.090647488034,0.7958333333333334
2025-10-18 05:00:00,79.62416666666667,77.29447867234198,2.958333333333333
2025-10-18 06:00:00,79.06833333333333,81.64716458482924,32.339166666666664
2025-10-18 07:00:00,51.255,54.63002762910558,-0.389166666666667
2025-10-18 08:00:00,21.7175,4.813952036483741,-9.314166666666669
2025-10-18 09:00:00,22.605833333333333,-8.639070185403824,-11.305833333333332
2025-10-18 10:00:00,12.418333333333337,-25.403897901500585,-22.934166666666663
2025-10-18 11:00:00,-15.785000000000002,-54.471669217429934,-26.35
2025-10-18 12:00:00,-20.76083333333333,-64.46295840952035,-31.47666666666667
2025-10-18 13:00:00,-25.45,-62.99028871050018,-36.46416666666666
2025-10-18 14:00:00,-25.058333333333337,-38.98083593118528,-30.558333333333334
2025-10-18 15:00:00,-31.92333333333333,-17.824258606127188,-20.28833333333333
2025-10-18 16:00:00,-0.8475000000000003,1.982012068078632,-15.889166666666666
2025-10-18 17:00:00,37.41583333333333,38.29076797040689,-10.2375
2025-10-18 18:00:00,133.6891666666667,88.39519341664138,0.3724999999999999
2025-10-18 19:00:00,129.375,116.4616050285637,8.031666666666666
2025-10-18 20:00:00,98.03083333333332,112.21969761930328,63.965
2025-10-18 21:00:00,69.86833333333334,93.87292914991484,59.86833333333333
2025-10-18 22:00:00,48.44,68.7361787804222,71.3925
2025-10-18 23:00:00,2.4875,52.15438039391507,82.13833333333334
2025-10-19 00:00:00,-3.7258333333333336,46.259859021182194,77.04083333333334
2025-10-19 01:00:00,-6.5,27.547907364327926,39.41166666666667
2025-10-19 02:00:00,-8.238333333333333,11.094689164677362,9.723333333333333
2025-10-19 03:00:00,-13.003333333333332,3.2662646944094007,35.04416666666666
2025-10-19 04:00:00,-12.875833333333333,2.8617451304736647,20.764166666666664
2025-10-19 05:00:00,-12.745,4.295754202513493,36.48833333333334
2025-10-19 06:00:00,-12.569166666666668,9.240563384145233,69.92583333333333
2025-10-19 07:00:00,-15.4075,-0.5500222153612668,22.180833333333336
2025-10-19 08:00:00,-23.106666666666666,3.727678925139245,78.66166666666668
2025-10-19 09:00:00,-41.87166666666666,-10.276465845732048,8.106666666666667
2025-10-19 10:00:00,-25.0425,-6.050982886639332,-8.8125
2025-10-19 11:00:00,-28.58083333333333,-20.63840853778464,-10.243333333333334
2025-10-19 12:00:00,-30.054166666666664,-17.3617860889412,-14.128333333333332
2025-10-19 13:00:00,-28.929166666666664,-21.64335015956924,-18.688333333333333
2025-10-19 14:00:00,-17.570833333333333,-16.088825335973965,-24.3325
2025-10-19 15:00:00,-13.193333333333332,-23.905080067418226,-30.495
2025-10-19 16:00:00,14.40333333333333,5.3409441172634615,-26.21083333333333
2025-10-19 17:00:00,90.375,52.40797914515284,-18.336666666666662
2025-10-19 18:00:00,107.11416666666666,105.26367909125965,33.3925
2025-10-19 19:00:00,128.47416666666666,110.45354709525732,95.06916666666666
2025-10-19 20:00:00,109.1575,119.48795507929565,96.605
2025-10-19 21:00:00,79.73916666666666,95.7027793039981,97.59
2025-10-19 22:00:00,96.085,43.50272894492754,77.96249999999999
2025-10-19 23:00:00,104.06833333333331,62.95258294814301,88.8625
2025-10-20 00:00:00,103.0125,83.45915134162246,95.3325
2025-10-20 01:00:00,95.13333333333333,97.42643718281164,96.4125
2025-10-20 02:00:00,87.29,93.5265274690916,104.84499999999998
2025-10-20 03:00:00,87.0625,90.6305560474663,107.4275
2025-10-20 04:00:00,96.43,94.3653850702034,126.63583333333334
2025-10-20 05:00:00,123.24916666666668,101.71491803552924,174.63083333333336
2025-10-20 06:00:00,105.47916666666669,118.64434584636976,232.775
2025-10-20 07:00:00,142.33083333333337,107.08702266815878,167.95833333333334
2025-10-20 08:00:00,66.14333333333333,110.52682134591387,113.50583333333331
2025-10-20 09:00:00,106.55583333333334,73.32172753176756,65.24083333333333
2025-10-20 10:00:00,97.77583333333332,64.73618322644161,31.62833333333333
2025-10-20 11:00:00,203.2983333333333,75.6338731185704,26.94583333333333
2025-10-20 12:00:00,119.2225,82.54752025550802,-5.355
2025-10-20 13:00:00,271.3258333333333,91.13541165272126,-12.6975
2025-10-20 14:00:00,162.225,70.30301877171593,-17.155
2025-10-20 15:00:00,95.90916666666668,59.58969479265458,-13.856666666666667
2025-10-20 16:00:00,77.68333333333334,67.34253139438087,-11.020833333333334
2025-10-20 17:00:00,94.14916666666666,83.97754793039455,-8.362499999999999
2025-10-20 18:00:00,182.63,140.22077173738063,148.17666666666665
2025-10-20 19:00:00,142.08666666666667,146.9627406403982,161.57
2025-10-20 20:00:00,140.8033333333333,122.73108060710904,157.1858333333333
2025-10-20 21:00:00,143.75416666666666,126.62421573689036,140.8975
2025-10-20 22:00:00,129.86666666666667,126.5796665559335,116.77416666666666
2025-10-20 23:00:00,136.0725,112.37045337312048,111.95083333333334
2025-10-21 00:00:00,185.94416666666663,116.86586541818497,99.0675
2025-10-21 01:00:00,212.4233333333333,96.95557504408634,78.04583333333333
2025-10-21 02:00:00,223.25666666666663,105.73847194159153,59.645833333333336
2025-10-21 03:00:00,226.03416666666664,113.67549200204768,49.49166666666667
2025-10-21 04:00:00,214.69833333333327,121.21788729818871,55.056666666666665
2025-10-21 05:00:00,227.425,134.04734392649144,77.03916666666667
2025-10-21 06:00:00,220.02916666666667,164.0886291267775,104.20666666666666
2025-10-21 07:00:00,268.7708333333333,142.53631774629588,114.33416666666666
2025-10-21 08:00:00,187.05916666666667,77.05162765802201,35.4975
2025-10-21 09:00:00,116.40916666666664,32.56920561488127,-1.4400000000000002
2025-10-21 10:00:00,68.86583333333333,26.94223053504478,-11.770833333333334
2025-10-21 11:00:00,56.189166666666665,21.49659414441029,-17.235833333333332
2025-10-21 12:00:00,71.97083333333333,25.857773288332854,-20.660833333333333
2025-10-21 13:00:00,109.68,45.42045458714839,-24.941666666666663
2025-10-21 14:00:00,106.08416666666666,40.64044827829193,-22.71333333333333
2025-10-21 15:00:00,171.455,58.901074992250514,-14.474166666666669
2025-10-21 16:00:00,181.21833333333333,76.95807680342088,-13.541666666666666
2025-10-21 17:00:00,167.92166666666665,125.05087602690016,-4.190833333333333
2025-10-21 18:00:00,190.03916666666663,139.54980349488147,106.00583333333331
2025-10-21 19:00:00,201.12583333333336,111.60605475153156,151.93333333333334
2025-10-21 20:00:00,138.3075,94.20900066340636,145.1858333333333
2025-10-21 21:00:00,83.15666666666667,71.81522572430593,144.3141666666667
2025-10-21 22:00:00,26.050833333333333,46.78427461212173,153.53166666666667
2025-10-21 23:00:00,-6.5,38.6513330792213,149.91666666666666
2025-10-22 00:00:00,-6.5,37.49180816700116,176.17416666666668
2025-10-22 01:00:00,-5.62,5.048366023819099,163.9275
2025-10-22 02:00:00,-5.616666666666667,4.029865280194727,158.61083333333332
2025-10-22 03:00:00,-4.733333333333333,-8.468129730169693,144.58583333333334
2025-10-22 04:00:00,-5.296666666666667,-15.474731614941035,136.26833333333337
2025-10-22 05:00:00,-3.975,-11.634561280335376,184.77166666666668
2025-10-22 06:00:00,15.5375,1.462982034133816,225.2508333333333
2025-10-22 07:00:00,7.335,8.774625205871686,144.87166666666667
2025-10-22 08:00:00,4.911666666666666,32.24858507145584,6.9558333333333335
2025-10-22 09:00:00,-0.0441666666666666,24.93859351844069,-5.05
2025-10-22 10:00:00,-6.031666666666666,21.57969777685413,-9.525
2025-10-22 11:00:00,-3.9025,8.331441987229525,-10.326666666666666
2025-10-22 12:00:00,-13.485833333333332,-11.179737268433913,-12.463333333333331
2025-10-22 13:00:00,-22.466666666666665,-37.87199010118145,-10.578333333333331
2025-10-22 14:00:00,-51.12916666666666,3.5840852841358526,-11.071666666666667
2025-10-22 15:00:00,-16.62,41.8041178498228,-10.4225
2025-10-22 16:00:00,-12.000833333333333,21.67637514566853,15.938333333333333
2025-10-22 17:00:00,-9.035,8.968284464604935,91.87416666666668
2025-10-22 18:00:00,-20.27583333333333,24.734648054543733,222.2725
2025-10-22 19:00:00,44.10666666666666,34.183549384717566,233.00583333333336
2025-10-22 20:00:00,64.545,33.02365238593624,205.04666666666665
2025-10-22 21:00:00,64.69916666666667,29.24376135249004,187.7458333333333
2025-10-22 22:00:00,57.48666666666667,23.72286833546066,140.64916666666667
2025-10-22 23:00:00,78.79083333333334,26.48092210660021,116.66833333333334
2025-10-23 00:00:00,94.0475,45.22024348624375,92.30666666666669
2025-10-23 01:00:00,133.685,37.82266595021459,57.403333333333336
2025-10-23 02:00:00,138.21333333333334,45.55783931999228,1.7433333333333332
2025-10-23 03:00:00,154.315,48.64669872021087,-6.5
2025-10-23 04:00:00,146.59416666666667,65.29536258121453,-6.5
2025-10-23 05:00:00,163.385,86.12853492926298,-4.413333333333333
2025-10-23 06:00:00,162.32500000000002,111.18890347892848,15.5075
2025-10-23 07:00:00,125.60083333333334,75.56561855058611,2.1283333333333334
2025-10-23 08:00:00,89.33166666666666,55.38866022515073,-13.263333333333334
2025-10-23 09:00:00,95.4625,33.97910670830899,-14.023333333333332
2025-10-23 10:00:00,33.00083333333333,29.681563635720288,-20.299166666666665
2025-10-23 11:00:00,15.6125,26.4843411812624,-20.44083333333333
2025-10-23 12:00:00,19.87666666666667,21.30466181451672,-20.371666666666663
2025-10-23 13:00:00,11.539166666666668,14.08531229546871,-17.162499999999998
2025-10-23 14:00:00,3.495833333333333,-3.963448123260932,-9.944166666666666
2025-10-23 15:00:00,9.299166666666666,8.326418348581925,-1.6316666666666666
2025-10-23 16:00:00,93.99833333333332,23.36650290528783,37.59333333333333
2025-10-23 17:00:00,140.20333333333335,53.990291886546686,3.893333333333333
2025-10-23 18:00:00,168.85916666666665,96.00607179859884,94.10833333333332
2025-10-23 19:00:00,145.82083333333333,131.10540958359616,115.31833333333331
2025-10-23 20:00:00,148.00333333333333,148.05585637888402,147.23416666666665
2025-10-23 21:00:00,131.2775,128.79147978906633,148.3675
2025-10-23 22:00:00,108.5,112.23421984022008,105.6125
2025-10-23 23:00:00,115.73583333333332,95.528342293849,103.46416666666666
2025-10-24 00:00:00,136.465,90.90894047248617,134.74083333333334
2025-10-24 01:00:00,138.36,86.75119184372974,90.3675
2025-10-24 02:00:00,128.8675,87.75426025083418,65.66166666666666
2025-10-24 03:00:00,137.54583333333332,89.05247344949169,54.0925
2025-10-24 04:00:00,138.44833333333335,94.90509252986566,55.72166666666666
2025-10-24 05:00:00,175.11416666666665,111.052153095136,60.45
2025-10-24 06:00:00,187.8983333333333,130.48403612989662,70.70666666666666
2025-10-24 07:00:00,156.5425,104.55597581241706,89.38333333333333
2025-10-24 08:00:00,67.45583333333333,48.84975144931689,30.489166666666662
2025-10-24 09:00:00,69.5575,17.540483338261666,-15.0725
2025-10-24 10:00:00,14.348333333333333,10.242664335588271,-9.288333333333332
2025-10-24 11:00:00,3.570833333333333,6.122648993598929,-2.0283333333333333
2025-10-24 12:00:00,-7.370833333333334,5.56977850960476,-21.201666666666664
2025-10-24 13:00:00,-10.869166666666668,5.737480858439412,-27.883333333333336
2025-10-24 14:00:00,-11.034999999999998,8.0072642983571,-25.304166666666664
2025-10-24 15:00:00,-9.626666666666669,14.125106261145431,-33.75666666666667
2025-10-24 16:00:00,0.8208333333333332,27.696759050570783,-7.258333333333333
2025-10-24 17:00:00,39.4075,60.628097105805736,6.45
2025-10-24 18:00:00,119.81416666666668,103.20322597429848,73.42416666666666
2025-10-24 19:00:00,132.63083333333333,132.36745620481182,106.91166666666668
2025-10-24 20:00:00,142.26916666666668,134.51296453531157,107.5475
2025-10-24 21:00:00,147.71583333333334,110.54304831567887,112.6925
2025-10-24 22:00:00,157.705,94.8642159127001,109.81166666666668
2025-10-24 23:00:00,155.76166666666666,83.78301856788967,114.33666666666666
2025-10-25 00:00:00,160.715,91.19952420430336,110.66833333333334
2025-10-25 01:00:00,156.2775,103.44875106422342,98.0125
2025-10-25 02:00:00,193.8166666666667,97.51893775428778,78.095
2025-10-25 03:00:00,203.60083333333333,93.53223247585846,72.07083333333334
2025-10-25 04:00:00,180.72333333333333,89.96222140055302,78.98416666666667
2025-10-25 05:00:00,145.36833333333334,91.7900895289908,79.62416666666667
2025-10-25 06:00:00,124.41666666666669,92.2116098922903,79.06833333333333
2025-10-25 07:00:00,70.42666666666666,55.57888532023449,51.255
2025-10-25 08:00:00,38.126666666666665,19.486038679622595,21.7175
2025-10-25 09:00:00,18.864166666666662,0.8862038419297846,22.605833333333333
2025-10-25 10:00:00,20.849166666666665,20.601246257615387,12.418333333333337
2025-10-25 11:00:00,30.76083333333333,12.920668319507314,-15.785000000000002
2025-10-25 12:00:00,40.47166666666666,15.706312257863985,-20.76083333333333
2025-10-25 13:00:00,31.88,6.189048773560472,-25.45
2025-10-25 14:00:00,44.080000000000005,18.31831690249095,-25.058333333333337
2025-10-25 15:00:00,56.19,37.81726234284329,-31.92333333333333
2025-10-25 16:00:00,74.95416666666667,62.73411036914334,-0.8475000000000003
2025-10-25 17:00:00,100.49916666666668,90.81198106914674,37.41583333333333
2025-10-25 18:00:00,112.71166666666666,95.66494896164085,133.6891666666667
2025-10-25 19:00:00,109.41583333333334,110.40959679392807,129.375
2025-10-25 20:00:00,116.665,107.57500541500946,98.03083333333332
2025-10-25 21:00:00,122.23333333333332,106.06310341800037,69.86833333333334
2025-10-25 22:00:00,119.3325,105.25948991599904,48.44
2025-10-25 23:00:00,85.17,93.87827650885448,2.4875
2025-10-26 00:00:00,105.86666666666667,88.56650102670751,-3.7258333333333336
2025-10-26 01:00:00,66.67416666666666,90.3230283912198,-6.5
2025-10-26 02:00:00,32.975833333333334,80.3216855492808,-8.238333333333333
2025-10-26 03:00:00,24.285,66.17951643635593,-13.003333333333332
2025-10-26 04:00:00,22.616666666666664,64.78896384638512,-12.875833333333333
2025-10-26 05:00:00,18.4125,56.96986064713901,-12.745
2025-10-26 06:00:00,44.43416666666667,51.28350062673328,-12.569166666666668
2025-10-26 07:00:00,19.03833333333333,25.363219005959174,-15.4075
2025-10-26 08:00:00,4.665,-1.0998163036176862,-23.106666666666666
2025-10-26 09:00:00,15.083333333333334,11.98341543154973,-41.87166666666666
2025-10-26 10:00:00,16.968333333333334,23.881398400539737,-25.0425
2025-10-26 11:00:00,4.404166666666667,37.47230712480297,-28.58083333333333
2025-10-26 12:00:00,61.935,51.33870653783714,-30.054166666666664
2025-10-26 13:00:00,6.084166666666666,47.897583522037685,-28.929166666666664
2025-10-26 14:00:00,-23.549166666666668,19.099782849803432,-17.570833333333333
2025-10-26 15:00:00,-44.17,-26.43262508663065,-13.193333333333332
2025-10-26 16:00:00,-33.32583333333333,17.499737312082488,14.40333333333333
2025-10-26 17:00:00,-27.586666666666662,29.172932929969704,90.375
2025-10-26 18:00:00,-6.531666666666666,48.41757447376388,107.11416666666666
2025-10-26 19:00:00,32.305,91.81432156795952,128.47416666666666
2025-10-26 20:00:00,14.23,89.09523523587846,109.1575
2025-10-26 21:00:00,13.764166666666666,41.19703144903338,79.73916666666666
2025-10-26 22:00:00,13.215833333333334,33.58173373299349,96.085
2025-10-26 23:00:00,25.07166666666667,39.43367771941379,104.06833333333331
2025-10-27 00:00:00,8.034999999999998,45.61056600024402,103.0125
2025-10-27 01:00:00,0.08,38.10743110485181,95.13333333333333
2025-10-27 02:00:00,-1.46,13.307179525558752,87.29
2025-10-27 03:00:00,-3.228333333333333,-2.6937675917868376,87.0625
2025-10-27 04:00:00,-6.7525,-7.7081201895175155,96.43
2025-10-27 05:00:00,-3.648333333333333,1.277836730194096,123.24916666666668
2025-10-27 06:00:00,62.656666666666666,15.621345312872975,105.47916666666669
2025-10-27 07:00:00,14.8675,15.608933069311618,142.33083333333337
2025-10-27 08:00:00,25.809166666666663,13.83089136745876,66.14333333333333
2025-10-27 09:00:00,-3.8941666666666666,12.947775682126789,106.55583333333334
2025-10-27 10:00:00,-8.446666666666667,6.736762479004966,97.77583333333332
2025-10-27 11:00:00,-10.126666666666669,5.031320235910613,203.2983333333333
2025-10-27 12:00:00,-11.761666666666663,13.69571554876086,119.2225
2025-10-27 13:00:00,-11.665,-14.969071764157746,271.3258333333333
2025-10-27 14:00:00,-13.041666666666666,-26.38935750295828,162.225
2025-10-27 15:00:00,-18.965,-27.410070653075,95.90916666666668
2025-10-27 16:00:00,-19.734166666666667,-18.4640386954316,77.68333333333334
2025-10-27 17:00:00,-11.145833333333334,10.745562167034876,94.14916666666666
2025-10-27 18:00:00,49.91,70.26972325743654,182.63
2025-10-27 19:00:00,20.104166666666668,118.10080040161566,142.08666666666667
2025-10-27 20:00:00,39.490833333333335,129.0323099396348,140.8033333333333
2025-10-27 21:00:00,15.369166666666668,117.18238641497824,143.75416666666666
2025-10-27 22:00:00,17.2925,99.3011010784078,129.86666666666667
2025-10-27 23:00:00,16.986666666666668,70.38589429601713,136.0725
2025-10-28 00:00:00,21.953333333333333,66.07397029579377,185.94416666666663
2025-10-28 01:00:00,33.21416666666667,48.90543686289759,212.4233333333333
2025-10-28 02:00:00,89.96499999999999,47.2481203459526,223.25666666666663
2025-10-28 03:00:00,35.62416666666667,42.15155333609187,226.03416666666664
2025-10-28 04:00:00,33.218333333333334,50.95613157534073,214.69833333333327
2025-10-28 05:00:00,80.4525,74.28470948981412,227.425
2025-10-28 06:00:00,122.75,109.77067293552378,220.02916666666667
2025-10-28 07:00:00,122.60333333333334,99.65923473929236,268.7708333333333
2025-10-28 08:00:00,64.825,56.46259858327096,187.05916666666667
2025-10-28 09:00:00,-8.801666666666668,28.981172660334792,116.40916666666664
2025-10-28 10:00:00,-15.245,12.277814302495171,68.86583333333333
2025-10-28 11:00:00,-15.728333333333332,2.795031757240011,56.189166666666665
2025-10-28 12:00:00,-17.313333333333333,-0.8098905152381661,71.97083333333333
2025-10-28 13:00:00,-20.171666666666667,-10.983922418050454,109.68
2025-10-28 14:00:00,-41.903333333333336,-22.435336811466925,106.08416666666666
2025-10-28 15:00:00,-23.314166666666665,-23.007890557861103,171.455
2025-10-28 16:00:00,-28.679166666666664,-14.01826294034413,181.21833333333333
2025-10-28 17:00:00,-29.066666666666663,10.500604416832305,167.92166666666665
2025-10-28 18:00:00,71.98833333333333,53.54163780848708,190.03916666666663
2025-10-28 19:00:00,142.22166666666666,93.74915957562376,201.12583333333336
2025-10-28 20:00:00,148.38583333333335,122.36115871087524,138.3075
2025-10-28 21:00:00,145.2725,145.4773605270791,83.15666666666667
2025-10-28 22:00:00,147.86666666666667,138.3359796946425,26.050833333333333
2025-10-28 23:00:00,147.1025,129.5330201440215,-6.5
2025-10-29 00:00:00,155.29166666666666,139.54728750139697,-6.5
2025-10-29 01:00:00,152.49333333333334,126.04235074798056,-5.62
2025-10-29 02:00:00,153.45416666666668,123.25099099644493,-5.616666666666667
2025-10-29 03:00:00,158.5175,129.1493055442935,-4.733333333333333
2025-10-29 04:00:00,163.34416666666667,142.54911748097328,-5.296666666666667
2025-10-29 05:00:00,168.6,164.0780932547612,-3.975
2025-10-29 06:00:00,236.07083333333333,197.4011899720032,15.5375
2025-10-29 07:00:00,210.1241666666667,180.8536003420479,7.335
2025-10-29 08:00:00,112.33166666666666,97.10370839198744,4.911666666666666
2025-10-29 09:00:00,38.5,48.75533474005663,-0.0441666666666666
2025-10-29 10:00:00,-5.9925,11.755002657440414,-6.031666666666666
2025-10-29 11:00:00,3.8766666666666665,-0.7212548100093983,-3.9025
2025-10-29 12:00:00,12.233333333333333,-0.1213252284453005,-13.485833333333332
2025-10-29 13:00:00,0.643333333333333,-5.9409327731977015,-22.466666666666665
2025-10-29 14:00:00,5.4558333333333335,-1.2134091417143793,-51.12916666666666
2025-10-29 15:00:00,5.7625,-20.198435171058563,-16.62
2025-10-29 16:00:00,29.6575,-7.699134531499112,-12.000833333333333
2025-10-29 17:00:00,46.36333333333334,31.9346163851364,-9.035
2025-10-29 18:00:00,200.92,76.03716822977478,-20.27583333333333
2025-10-29 19:00:00,253.5041666666667,100.89042825584228,44.10666666666666
2025-10-29 20:00:00,220.69,118.46872010635984,64.545
2025-10-29 21:00:00,229.3258333333333,95.38678520167124,64.69916666666667
2025-10-29 22:00:00,181.1708333333333,86.90375286598281,57.48666666666667
2025-10-29 23:00:00,164.50666666666666,96.54914127750048,78.79083333333334
2025-10-30 00:00:00,168.16583333333332,113.94706509561172,94.0475
2025-10-30 01:00:00,156.35333333333332,118.39309973093113,133.685
2025-10-30 02:00:00,155.3975,115.94599248395714,138.21333333333334
2025-10-30 03:00:00,147.04833333333332,114.8969314980915,154.315
2025-10-30 04:00:00,158.90666666666667,120.51411569146528,146.59416666666667
2025-10-30 05:00:00,179.78083333333333,133.26437768484914,163.385
2025-10-30 06:00:00,220.18,154.43750936363182,162.32500000000002
2025-10-30 07:00:00,89.77666666666666,120.228990407024,125.60083333333334
2025-10-30 08:00:00,3.583333333333333,55.07122219076783,89.33166666666666
2025-10-30 09:00:00,-0.8775000000000001,5.153645807192277,95.4625
2025-10-30 10:00:00,-8.166666666666666,-23.241377091130417,33.00083333333333
2025-10-30 11:00:00,-9.543333333333331,-35.908649377231015,15.6125
2025-10-30 12:00:00,-13.724166666666669,-40.87011316817957,19.87666666666667
2025-10-30 13:00:00,-0.9641666666666668,-3.088128960719814,11.539166666666668
2025-10-30 14:00:00,1.7625,-7.345364084123219,3.495833333333333
2025-10-30 15:00:00,18.55666666666667,-0.2324013325939802,9.299166666666666
2025-10-30 16:00:00,46.66083333333333,7.344688582944173,93.99833333333332
2025-10-30 17:00:00,119.21333333333332,37.53389843517639,140.20333333333335
2025-10-30 18:00:00,243.22166666666664,62.78101409115381,168.85916666666665
2025-10-30 19:00:00,247.47416666666663,81.17162644391807,145.82083333333333
2025-10-30 20:00:00,205.97583333333333,82.88407639534753,148.00333333333333
2025-10-30 21:00:00,142.47833333333332,65.03661832556209,131.2775
2025-10-30 22:00:00,138.6,48.62001093740859,108.5
2025-10-30 23:00:00,85.57583333333334,45.96468454195664,115.73583333333332
2025-10-31 00:00:00,91.50333333333332,53.62842849292323,136.465
2025-10-31 01:00:00,75.7275,45.922903275614615,138.36
2025-10-31 02:00:00,53.34916666666667,43.15352137401549,128.8675
2025-10-31 03:00:00,61.560833333333335,24.051491194340954,137.54583333333332
2025-10-31 04:00:00,95.62666666666668,7.664144089397084,138.44833333333335
2025-10-31 05:00:00,142.4625,10.530566610130307,175.11416666666665
2025-10-31 06:00:00,198.7033333333333,14.985957280896857,187.8983333333333
2025-10-31 07:00:00,126.59,5.518792815421207,156.5425
2025-10-31 08:00:00,78.25833333333334,2.456771625122883,67.45583333333333
2025-10-31 09:00:00,51.10583333333333,8.375522241179794,69.5575
2025-10-31 10:00:00,39.193333333333335,16.091622096042926,14.348333333333333
2025-10-31 11:00:00,24.909166666666664,54.83552557933486,3.570833333333333
2025-10-31 12:00:00,11.950833333333334,63.665915698217226,-7.370833333333334
2025-10-31 13:00:00,47.053333333333335,56.769438585677634,-10.869166666666668
2025-10-31 14:00:00,21.364166666666662,48.70402903224256,-11.034999999999998
2025-10-31 15:00:00,73.2225,50.22008008228132,-9.626666666666669
2025-10-31 16:00:00,152.54416666666663,56.9295957281209,0.8208333333333332
2025-10-31 17:00:00,176.13750000000002,74.3091671400793,39.4075
2025-10-31 18:00:00,174.67499999999998,99.95706427664943,119.81416666666668
2025-10-31 19:00:00,166.58666666666667,114.85494366952835,132.63083333333333
2025-10-31 20:00:00,137.74,105.06056310297431,142.26916666666668
2025-10-31 21:00:00,125.485,88.39705274009299,147.71583333333334
2025-10-31 22:00:00,115.0375,66.77855776531082,157.705
2025-10-31 23:00:00,126.50666666666666,66.65508191531919,155.76166666666666
2025-11-01 00:00:00,126.58333333333331,79.47701421746655,160.715
2025-11-01 01:00:00,121.105,95.95982576216258,156.2775
2025-11-01 02:00:00,102.8,89.793015286916,193.8166666666667
2025-11-01 03:00:00,103.22,89.048018502189,203.60083333333333
2025-11-01 04:00:00,90.88,92.6575414128966,180.72333333333333
2025-11-01 05:00:00,86.99166666666667,94.93618891995544,145.36833333333334
2025-11-01 06:00:00,94.94916666666666,93.38688851078784,124.41666666666669
2025-11-01 07:00:00,31.390833333333333,57.31568393411767,70.42666666666666
2025-11-01 08:00:00,7.843333333333333,24.58350756396448,38.126666666666665
2025-11-01 09:00:00,-0.2274999999999999,-2.244308967996972,18.864166666666662
2025-11-01 10:00:00,-6.475833333333333,-25.79211774244979,20.849166666666665
2025-11-01 11:00:00,-17.933333333333334,-45.18581737409232,30.76083333333333
2025-11-01 12:00:00,-30.964166666666667,-61.103714685171184,40.47166666666666
2025-11-01 13:00:00,-43.29916666666667,-56.81191118939847,31.88
2025-11-01 14:00:00,-53.21,-59.91775210284945,44.080000000000005
2025-11-01 15:00:00,-40.625,-52.52077303054355,56.19
2025-11-01 16:00:00,-18.735833333333336,-28.531045214276304,74.95416666666667
2025-11-01 17:00:00,21.836666666666662,8.826704042143547,100.49916666666668
2025-11-01 18:00:00,95.89916666666666,72.96127943480141,112.71166666666666
2025-11-01 19:00:00,123.35583333333334,114.65414424463506,109.41583333333334
2025-11-01 20:00:00,108.72333333333334,122.02732995562604,116.665
2025-11-01 21:00:00,91.54083333333334,124.21561092785188,122.23333333333332
2025-11-01 22:00:00,96.5025,118.44198966789276,119.3325
2025-11-01 23:00:00,89.64083333333333,112.74121067838068,85.17
2025-11-02 00:00:00,71.7325,111.50575464811826,105.86666666666667
2025-11-02 01:00:00,63.255,109.27755546170935,66.67416666666666
2025-11-02 02:00:00,22.015,102.44606683329046,32.975833333333334
2025-11-02 03:00:00,49.76416666666666,92.9538625941304,24.285
2025-11-02 04:00:00,70.88250000000001,88.09623645856448,22.616666666666664
2025-11-02 05:00:00,38.473333333333336,78.60811010424422,18.4125
2025-11-02 06:00:00,-5.901666666666666,51.95366112970365,44.43416666666667
2025-11-02 07:00:00,-19.70083333333333,-2.897094221002817,19.03833333333333
2025-11-02 08:00:00,-32.87833333333334,-26.194014056719052,4.665
2025-11-02 09:00:00,-43.5025,-34.150039776937106,15.083333333333334
2025-11-02 10:00:00,-49.34583333333333,-55.5815829961206,16.968333333333334
2025-11-02 11:00:00,-53.26916666666667,-42.90641914046225,4.404166666666667
2025-11-02 12:00:00,-49.29916666666667,-35.371026030414114,61.935
2025-11-02 13:00:00,-51.18,-58.52592951487253,6.084166666666666
2025-11-02 14:00:00,-42.29666666666667,-41.522139441394586,-23.549166666666668
2025-11-02 15:00:00,-17.9575,-30.89821573658257,-44.17
2025-11-02 16:00:00,-10.844166666666666,0.6890303983595913,-33.32583333333333
2025-11-02 17:00:00,36.74333333333333,55.29222389204324,-27.586666666666662
2025-11-02 18:00:00,55.025,113.76743933761412,-6.531666666666666
2025-11-02 19:00:00,6.454999999999999,124.57418641411957,32.305
2025-11-02 20:00:00,12.028333333333334,144.21624559980484,14.23
2025-11-02 21:00:00,70.50750000000001,66.34596996187724,13.764166666666666
2025-11-02 22:00:00,71.58916666666667,58.87046394407629,13.215833333333334
2025-11-02 23:00:00,103.5325,72.09118931763072,25.07166666666667
2025-11-03 00:00:00,99.16,86.20224642761076,8.034999999999998
2025-11-03 01:00:00,87.52749999999999,88.26629033323954,0.08
2025-11-03 02:00:00,91.06,94.2919362431538,-1.46
2025-11-03 03:00:00,81.65833333333333,88.04488816789127,-3.228333333333333
2025-11-03 04:00:00,79.8,77.08040320228788,-6.7525
2025-11-03 05:00:00,58.48166666666666,73.70790762035097,-3.648333333333333
2025-11-03 06:00:00,67.3125,81.90827166534154,62.656666666666666
2025-11-03 07:00:00,58.23416666666666,102.24509830897178,14.8675
2025-11-03 08:00:00,69.99249999999999,57.63848009083175,25.809166666666663
2025-11-03 09:00:00,46.70166666666666,67.4134911458566,-3.8941666666666666
2025-11-03 10:00:00,19.24333333333333,50.33153107182566,-8.446666666666667
2025-11-03 11:00:00,38.1675,115.01836327419956,-10.126666666666669
2025-11-03 12:00:00,27.1975,122.42563963569118,-11.761666666666663
2025-11-03 13:00:00,22.488333333333333,128.0245298186181,-11.665
2025-11-03 14:00:00,23.3425,133.32692908308888,-13.041666666666666
2025-11-03 15:00:00,20.4275,120.40580487433569,-18.965
2025-11-03 16:00:00,77.73916666666666,115.63073985570657,-19.734166666666667
2025-11-03 17:00:00,82.165,171.91021179615632,-11.145833333333334
2025-11-03 18:00:00,62.99583333333334,195.7582172371305,49.91
2025-11-03 19:00:00,78.655,200.58122432428752,20.104166666666668
2025-11-03 20:00:00,87.54,189.3806494290182,39.490833333333335
2025-11-03 21:00:00,169.89083333333335,161.84733927549385,15.369166666666668
2025-11-03 22:00:00,141.72916666666666,165.24185938894271,17.2925
2025-11-03 23:00:00,123.095,142.29184933325308,16.986666666666668
2025-11-04 00:00:00,122.17666666666666,142.746921177542,21.953333333333333
2025-11-04 01:00:00,117.93,125.66108908433822,33.21416666666667
2025-11-04 02:00:00,118.81333333333332,114.52281912658526,89.96499999999999
2025-11-04 03:00:00,95.54166666666669,111.82874206055904,35.62416666666667
2025-11-04 04:00:00,108.7675,107.24700797559706,33.218333333333334
2025-11-04 05:00:00,133.8775,114.19712215195494,80.4525
2025-11-04 06:00:00,195.8325,115.95281644709988,122.75
2025-11-04 07:00:00,87.995,98.70485669746812,122.60333333333334
2025-11-04 08:00:00,-3.125,42.579844466593805,64.825
2025-11-04 09:00:00,-11.899166666666666,18.388462940364235,-8.801666666666668
2025-11-04 10:00:00,-7.6675,20.479872197029763,-15.245
2025-11-04 11:00:00,-12.875833333333333,-10.132112031802649,-15.728333333333332
2025-11-04 12:00:00,-17.074166666666667,-10.87225565622346,-17.313333333333333
2025-11-04 13:00:00,-14.53,-1.7689470470933628,-20.171666666666667
2025-11-04 14:00:00,-8.7125,-4.682941837561117,-41.903333333333336
2025-11-04 15:00:00,-8.844166666666666,-16.624974702100488,-23.314166666666665
2025-11-04 16:00:00,-11.954166666666666,5.386832924478739,-28.679166666666664
2025-11-04 17:00:00,-9.1225,11.969526197399375,-29.066666666666663
2025-11-04 18:00:00,-7.095,30.840171880010004,71.98833333333333
2025-11-04 19:00:00,-8.833333333333334,54.54965104694391,142.22166666666666
2025-11-04 20:00:00,-6.609166666666667,75.6186360425834,148.38583333333335
2025-11-04 21:00:00,-6.5,55.86704043686927,145.2725
2025-11-04 22:00:00,-6.5,22.56338672811637,147.86666666666667
2025-11-04 23:00:00,-6.5,15.475391598458245,147.1025
2025-11-05 00:00:00,-5.2700000000000005,18.96813858332675,155.29166666666666
2025-11-05 01:00:00,-6.255,-1.3700453829577557,152.49333333333334
2025-11-05 02:00:00,-6.5,2.5442815832652883,153.45416666666668
2025-11-05 03:00:00,-6.5,9.000374075922124,158.5175
2025-11-05 04:00:00,-6.5,12.550126091533514,163.34416666666667
2025-11-05 05:00:00,8.67,17.09896510298644,168.6
2025-11-05 06:00:00,35.07,37.18743222472137,236.07083333333333
2025-11-05 07:00:00,5.090833333333333,39.87243875883328,210.1241666666667
2025-11-05 08:00:00,-6.390000000000001,-15.394070577699807,112.33166666666666
2025-11-05 09:00:00,-9.720833333333331,-10.292263159581791,38.5
2025-11-05 10:00:00,-17.044166666666666,-10.923407283994436,-5.9925
2025-11-05 11:00:00,-27.555833333333336,-21.144954377419083,3.8766666666666665
2025-11-05 12:00:00,-29.08833333333333,-26.78277830063544,12.233333333333333
2025-11-05 13:00:00,-28.500833333333333,-25.74993931905701,0.643333333333333
2025-11-05 14:00:00,-26.809166666666663,-33.59655909191649,5.4558333333333335
2025-11-05 15:00:00,-21.94083333333333,-27.418740216352745,5.7625
2025-11-05 16:00:00,-19.916666666666668,-24.592907099283664,29.6575
2025-11-05 17:00:00,-14.591666666666669,9.687198435645698,46.36333333333334
2025-11-05 18:00:00,34.47666666666667,47.1376370434855,200.92
2025-11-05 19:00:00,117.495,98.70304766040024,253.5041666666667
2025-11-05 20:00:00,135.775,139.68702753620826,220.69
2025-11-05 21:00:00,132.71083333333334,135.37779373607657,229.3258333333333
2025-11-05 22:00:00,140.58833333333334,124.50728656390989,181.1708333333333
2025-11-05 23:00:00,125.47,124.97633542892122,164.50666666666666
2025-11-06 00:00:00,114.84083333333332,129.92384648177642,168.16583333333332
2025-11-06 01:00:00,125.2225,130.19444291747297,156.35333333333332
2025-11-06 02:00:00,123.66583333333334,126.79679372342824,155.3975
2025-11-06 03:00:00,105.055,123.39123813192272,147.04833333333332
2025-11-06 04:00:00,115.00916666666669,124.5992185876262,158.90666666666667
2025-11-06 05:00:00,146.1575,132.4278861751034,179.78083333333333
2025-11-06 06:00:00,147.4391666666667,112.53648048775082,220.18
2025-11-06 07:00:00,23.814166666666665,68.205383441656,89.77666666666666
2025-11-06 08:00:00,-1.1900000000000002,4.033439578240888,3.583333333333333
2025-11-06 09:00:00,-9.680833333333334,-25.504172553660723,-0.8775000000000001
2025-11-06 10:00:00,-13.0075,-42.74853051272514,-8.166666666666666
2025-11-06 11:00:00,-13.114166666666668,-55.85540832243064,-9.543333333333331
2025-11-06 12:00:00,-12.9425,-58.42377308362285,-13.724166666666669
2025-11-06 13:00:00,-12.095,-60.08175845124492,-0.9641666666666668
2025-11-06 14:00:00,-11.2175,-47.48739800278801,1.7625
2025-11-06 15:00:00,-6.8475,-29.99825401438052,18.55666666666667
2025-11-06 16:00:00,-7.344166666666666,21.05367150426114,46.66083333333333
2025-11-06 17:00:00,62.59333333333333,74.05987140769582,119.21333333333332
2025-11-06 18:00:00,100.68666666666668,128.40464537824082,243.22166666666664
2025-11-06 19:00:00,123.93666666666668,156.94258518277218,247.47416666666663
2025-11-06 20:00:00,149.98833333333332,141.66779843655428,205.97583333333333
2025-11-06 21:00:00,155.09083333333334,144.67152272232644,142.47833333333332
2025-11-06 22:00:00,130.0641666666667,129.9207218155911,138.6
2025-11-06 23:00:00,95.60666666666668,117.76153947567678,85.57583333333334
2025-11-07 00:00:00,92.41583333333334,120.2049323799929,91.50333333333332
2025-11-07 01:00:00,112.14916666666666,106.46420042085296,75.7275
2025-11-07 02:00:00,99.2,100.83164627387632,53.34916666666667
2025-11-07 03:00:00,73.70416666666667,72.23192220356968,61.560833333333335
2025-11-07 04:00:00,7.598333333333333,74.300864625648,95.62666666666668
2025-11-07 05:00:00,5.6625000000000005,61.71478335775289,142.4625
2025-11-07 06:00:00,-1.419166666666667,79.47348593229957,198.7033333333333
2025-11-07 07:00:00,7.168333333333333,41.94578240319244,126.59
2025-11-07 08:00:00,7.394166666666667,-2.7900405822186087,78.25833333333334
2025-11-07 09:00:00,-5.035833333333334,-10.18881982289372,51.10583333333333
2025-11-07 10:00:00,-10.146666666666668,-16.463339766430693,39.193333333333335
2025-11-07 11:00:00,-4.9,-13.489294448375247,24.909166666666664
2025-11-07 12:00:00,-6.576666666666667,-17.86028693254623,11.950833333333334
2025-11-07 13:00:00,-15.048333333333334,-9.043503778801297,47.053333333333335
2025-11-07 14:00:00,-3.235,14.52411121510653,21.364166666666662
2025-11-07 15:00:00,10.998333333333337,37.48627919769645,73.2225
2025-11-07 16:00:00,38.641666666666666,88.15582114282277,152.54416666666663
2025-11-07 17:00:00,30.289166666666663,71.61779531858092,176.13750000000002
2025-11-07 18:00:00,12.588333333333331,59.59236722467716,174.67499999999998
2025-11-07 19:00:00,9.065,108.9687875317188,166.58666666666667
2025-11-07 20:00:00,12.968333333333334,121.517972783256,137.74
2025-11-07 21:00:00,4.415833333333333,61.024204850722654,125.485
2025-11-07 22:00:00,-0.2041666666666667,25.76474322146972,115.0375
2025-11-07 23:00:00,-9.753333333333332,10.288336951695015,126.50666666666666
2025-11-08 00:00:00,-5.275,8.685362828681122,126.58333333333331
2025-11-08 01:00:00,-5.7625,1.405493203288103,121.105
2025-11-08 02:00:00,-11.471666666666666,-2.0554822344965515,102.8
2025-11-08 03:00:00,-13.673333333333334,-4.694275929164903,103.22
2025-11-08 04:00:00,-12.453333333333331,-3.630548038395247,90.88
2025-11-08 05:00:00,-8.5375,-3.2347416510981475,86.99166666666667
2025-11-08 06:00:00,-6.0375000000000005,-5.231393862890954,94.94916666666666
2025-11-08 07:00:00,-7.890000000000001,-6.49251901495515,31.390833333333333
2025-11-08 08:00:00,-7.804166666666667,-6.513197974508614,7.843333333333333
2025-11-08 09:00:00,-10.0225,-12.69565772533484,-0.2274999999999999
2025-11-08 10:00:00,-16.576666666666668,-12.428021053827806,-6.475833333333333
2025-11-08 11:00:00,-14.089166666666666,-7.222687460342215,-17.933333333333334
2025-11-08 12:00:00,-13.318333333333332,-8.350157710867819,-30.964166666666667
2025-11-08 13:00:00,-14.596666666666666,-6.269569878862086,-43.29916666666667
2025-11-08 14:00:00,-16.495833333333334,-9.763557788214555,-53.21
2025-11-08 15:00:00,-27.813333333333333,-11.812909505730616,-40.625
2025-11-08 16:00:00,-30.284166666666668,3.639673022866873,-18.735833333333336
2025-11-08 17:00:00,-10.49,15.67044582820604,21.836666666666662
2025-11-08 18:00:00,13.130833333333332,25.544766038881583,95.89916666666666
2025-11-08 19:00:00,16.357499999999998,43.55443989332085,123.35583333333334
2025-11-08 20:00:00,9.7625,71.23551075570381,108.72333333333334
2025-11-08 21:00:00,64.3525,64.99818192906666,91.54083333333334
2025-11-08 22:00:00,54.11416666666667,62.63786908390278,96.5025
2025-11-08 23:00:00,15.695,50.14888146051218,89.64083333333333
2025-11-09 00:00:00,28.27083333333333,47.155226330048265,71.7325
2025-11-09 01:00:00,19.51,43.08791714135164,63.255
2025-11-09 02:00:00,16.141666666666666,43.96026484933766,22.015
2025-11-09 03:00:00,15.563333333333333,41.4311033479057,49.76416666666666
2025-11-09 04:00:00,7.893333333333333,40.28612966339182,70.88250000000001
2025-11-09 05:00:00,19.5025,40.181452470700144,38.473333333333336
2025-11-09 06:00:00,54.89000000000001,28.23382300747212,-5.901666666666666
2025-11-09 07:00:00,6.988333333333333,9.107210419590729,-19.70083333333333
2025-11-09 08:00:00,-5.831666666666667,-14.1940305695056,-32.87833333333334
2025-11-09 09:00:00,-12.2025,-14.655878784110485,-43.5025
2025-11-09 10:00:00,-12.456666666666663,-22.782603627570964,-49.34583333333333
2025-11-09 11:00:00,-13.7875,-36.00057812925502,-53.26916666666667
2025-11-09 12:00:00,-16.91583333333333,-49.54362566404731,-49.29916666666667
2025-11-09 13:00:00,-18.031666666666663,-51.64279044028268,-51.18
2025-11-09 14:00:00,-20.876666666666665,-50.42534148948752,-42.29666666666667
2025-11-09 15:00:00,-16.954166666666666,-40.17211856879717,-17.9575
2025-11-09 16:00:00,-13.045833333333334,-25.54245302673165,-10.844166666666666
2025-11-09 17:00:00,-11.800833333333337,7.511498320399625,36.74333333333333
2025-11-09 18:00:00,46.428333333333335,50.95069341300886,55.025
2025-11-09 19:00:00,108.145,102.3716830168958,6.454999999999999
2025-11-09 20:00:00,118.8525,110.38520452055629,12.028333333333334
2025-11-09 21:00:00,132.73166666666663,99.28258296275612,70.50750000000001
2025-11-09 22:00:00,110.6025,86.37266598023226,71.58916666666667
2025-11-09 23:00:00,114.74,73.76843796129353,103.5325
2025-11-10 00:00:00,120.40333333333332,69.41317431862267,99.16
2025-11-10 01:00:00,113.68833333333332,71.37145705482047,87.52749999999999
2025-11-10 02:00:00,118.30333333333334,65.23030681176952,91.06
2025-11-10 03:00:00,119.66833333333334,64.81222523075351,81.65833333333333
2025-11-10 04:00:00,120.43916666666668,72.52504382458429,79.8
2025-11-10 05:00:00,137.8975,85.92539089020622,58.48166666666666
2025-11-10 06:00:00,132.41166666666666,98.30072105583092,67.3125
2025-11-10 07:00:00,71.82166666666667,73.63734914297272,58.23416666666666
2025-11-10 08:00:00,22.601666666666663,40.93474238684156,69.99249999999999
2025-11-10 09:00:00,-9.9125,17.06782628631474,46.70166666666666
2025-11-10 10:00:00,-10.491666666666667,22.113470661883618,19.24333333333333
2025-11-10 11:00:00,-7.6191666666666675,35.88582599013983,38.1675
2025-11-10 12:00:00,-4.555833333333333,47.7425350321637,27.1975
2025-11-10 13:00:00,-6.635000000000001,49.52195383661012,22.488333333333333
2025-11-10 14:00:00,-5.900833333333334,51.67691124471349,23.3425
2025-11-10 15:00:00,-1.1250000000000002,52.69704084217385,20.4275
2025-11-10 16:00:00,21.044166666666666,47.26849334611829,77.73916666666666
2025-11-10 17:00:00,44.5525,91.16656152452217,82.165
2025-11-10 18:00:00,90.01833333333333,156.6206824558186,62.99583333333334
2025-11-10 19:00:00,134.8575,173.38912844623565,78.655
2025-11-10 20:00:00,151.56583333333333,164.51135405049,87.54
2025-11-10 21:00:00,160.6675,162.42879722894716,169.89083333333335
2025-11-10 22:00:00,120.40666666666668,148.28629014383733,141.72916666666666
2025-11-10 23:00:00,127.88416666666666,135.3376262448848,123.095
2025-11-11 00:00:00,145.86916666666664,129.66654298625602,122.17666666666666
2025-11-11 01:00:00,87.52499999999999,104.69529426678774,117.93
2025-11-11 02:00:00,76.87166666666667,73.21129048869247,118.81333333333332
2025-11-11 03:00:00,54.17416666666667,26.62288959967125,95.54166666666669
2025-11-11 04:00:00,66.96083333333333,12.493087160018888,108.7675
2025-11-11 05:00:00,69.37,39.99633796632571,133.8775
2025-11-11 06:00:00,81.02833333333334,77.2222962662087,195.8325
2025-11-11 07:00:00,119.53916666666667,96.7991362119522,87.995
2025-11-11 08:00:00,27.250833333333333,115.90094132715518,-3.125
2025-11-11 09:00:00,-7.015000000000001,60.2398685622416,-11.899166666666666
2025-11-11 10:00:00,-4.444999999999999,42.08715649518238,-7.6675
2025-11-11 11:00:00,-16.503333333333334,39.17981272617777,-12.875833333333333
2025-11-11 12:00:00,-17.904166666666665,20.742605224901908,-17.074166666666667
2025-11-11 13:00:00,-15.336666666666666,20.33572342523138,-14.53
2025-11-11 14:00:00,-17.62,-9.454954238819226,-8.7125
2025-11-11 15:00:00,-17.881666666666668,0.3288389008267387,-8.844166666666666
2025-11-11 16:00:00,-16.734166666666667,3.760437942484941,-11.954166666666666
2025-11-11 17:00:00,-12.446666666666667,24.266939328149974,-9.1225
2025-11-11 18:00:00,6.298333333333332,56.705002571930535,-7.095
2025-11-11 19:00:00,91.89916666666666,120.09858028313504,-8.833333333333334
2025-11-11 20:00:00,109.385,146.60004549555495,-6.609166666666667
2025-11-11 21:00:00,114.55166666666668,147.28447344703562,-6.5
2025-11-11 22:00:00,91.66416666666667,133.21110509985738,-6.5
2025-11-11 23:00:00,60.240833333333335,107.1682713836944,-6.5
2025-11-12 00:00:00,23.684166666666663,95.3845043912235,-5.2700000000000005
2025-11-12 01:00:00,9.533333333333331,70.34938478423331,-6.255
2025-11-12 02:00:00,8.347499999999998,65.05917170655917,-6.5
2025-11-12 03:00:00,8.204166666666666,64.33055039903672,-6.5
2025-11-12 04:00:00,12.220833333333331,64.56755741713988,-6.5
2025-11-12 05:00:00,2.1733333333333333,76.11752169798993,8.67
2025-11-12 06:00:00,60.4025,88.53173678636477,35.07
2025-11-12 07:00:00,1.1,79.48881155800294,5.090833333333333
2025-11-12 08:00:00,-7.281666666666666,39.58896378993397,-6.390000000000001
2025-11-12 09:00:00,-13.305833333333332,17.757578314152383,-9.720833333333331
2025-11-12 10:00:00,-16.831666666666667,13.3803959433575,-17.044166666666666
2025-11-12 11:00:00,-19.71583333333333,7.506708477427637,-27.555833333333336
2025-11-12 12:00:00,-21.945,10.318941798432007,-29.08833333333333
2025-11-12 13:00:00,-25.10333333333333,12.792475633438698,-28.500833333333333
2025-11-12 14:00:00,-30.40333333333333,1.623519401749789,-26.809166666666663
2025-11-12 15:00:00,-24.294166666666666,7.955333624681771,-21.94083333333333
2025-11-12 16:00:00,-18.356666666666666,13.168161433418732,-19.916666666666668
2025-11-12 17:00:00,-9.080833333333333,35.950389740843654,-14.591666666666669
2025-11-12 18:00:00,29.54833333333333,85.18428485605534,34.47666666666667
2025-11-12 19:00:00,100.005,140.65444485555037,117.495
2025-11-12 20:00:00,124.71666666666664,164.37843433078132,135.775
2025-11-12 21:00:00,141.74583333333334,112.65778029080776,132.71083333333334
2025-11-12 22:00:00,121.13833333333334,64.4735704306414,140.58833333333334
2025-11-12 23:00:00,97.4225,50.12560451442152,125.47
2025-11-13 00:00:00,144.87083333333334,60.49005011323367,114.84083333333332
2025-11-13 01:00:00,89.1925,42.63935123750988,125.2225
2025-11-13 02:00:00,6.451666666666665,19.86337026134697,123.66583333333334
2025-11-13 03:00:00,-1.245,8.680718490694545,105.055
2025-11-13 04:00:00,-4.968333333333333,3.76355340803886,115.00916666666669
2025-11-13 05:00:00,1.596666666666667,17.68540641148236,146.1575
2025-11-13 06:00:00,17.843333333333334,23.61473667615065,147.4391666666667
2025-11-13 07:00:00,-3.2466666666666666,6.597911792282616,23.814166666666665
2025-11-13 08:00:00,-5.675833333333333,-8.715735376636445,-1.1900000000000002
2025-11-13 09:00:00,-13.165833333333332,-26.78261659197504,-9.680833333333334
2025-11-13 10:00:00,-19.53333333333333,-45.22254174527643,-13.0075
2025-11-13 11:00:00,-26.001666666666665,-54.41390293114918,-13.114166666666668
2025-11-13 12:00:00,-30.5,-68.16512284259585,-12.9425
2025-11-13 13:00:00,-28.66,-74.95939702961346,-12.095
2025-11-13 14:00:00,-27.386666666666667,-75.04606166926834,-11.2175
2025-11-13 15:00:00,-15.870833333333332,-61.315302313516895,-6.8475
2025-11-13 16:00:00,-8.470833333333333,-55.7255756941135,-7.344166666666666
2025-11-13 17:00:00,1.3174999999999997,-24.19740076146799,62.59333333333333
2025-11-13 18:00:00,56.93666666666667,26.00458268721178,100.68666666666668
2025-11-13 19:00:00,78.96916666666667,50.16883545860263,123.93666666666668
2025-11-13 20:00:00,82.70916666666666,79.28285012324174,149.98833333333332
2025-11-13 21:00:00,92.505,93.00614638628056,155.09083333333334
2025-11-13 22:00:00,89.59666666666668,101.80548540731,130.0641666666667
2025-11-13 23:00:00,112.30333333333331,97.86446383454444,95.60666666666668
2025-11-14 00:00:00,112.98916666666666,105.726684264172,92.41583333333334
2025-11-14 01:00:00,99.64,90.28769409499348,112.14916666666666
2025-11-14 02:00:00,94.20083333333334,76.0197970790987,99.2
2025-11-14 03:00:00,86.23583333333333,72.60055007131265,73.70416666666667
2025-11-14 04:00:00,97.83,79.07267687851271,7.598333333333333
2025-11-14 05:00:00,122.29583333333332,91.26548011379788,5.6625000000000005
2025-11-14 06:00:00,122.6725,105.18212382746586,-1.419166666666667
2025-11-14 07:00:00,102.55083333333332,94.50470210155888,7.168333333333333
2025-11-14 08:00:00,15.939166666666669,40.81100905796226,7.394166666666667
2025-11-14 09:00:00,-9.665833333333332,-2.991180779494812,-5.035833333333334
2025-11-14 10:00:00,-12.070833333333333,-9.551903428731094,-10.146666666666668
2025-11-14 11:00:00,-19.6475,-33.57338303004937,-4.9
2025-11-14 12:00:00,-11.211666666666666,-38.32084845333098,-6.576666666666667
2025-11-14 13:00:00,-11.52,-45.654941088153976,-15.048333333333334
2025-11-14 14:00:00,-4.6425,-44.36098921495028,-3.235
2025-11-14 15:00:00,1.7891666666666666,-38.8965842456421,10.998333333333337
2025-11-14 16:00:00,-1.8633333333333333,-21.738968155220636,38.641666666666666
2025-11-14 17:00:00,9.174166666666666,0.5056471371960782,30.289166666666663
2025-11-14 18:00:00,68.92583333333333,37.31279750347923,12.588333333333331
2025-11-14 19:00:00,118.76083333333332,78.1202637860493,9.065
2025-11-14 20:00:00,105.655,87.97184411477873,12.968333333333334
2025-11-14 21:00:00,105.78583333333334,91.9328247162032,4.415833333333333
2025-11-14 22:00:00,100.63666666666666,97.89631434719674,-0.2041666666666667
2025-11-14 23:00:00,98.0925,95.19897210647792,-9.753333333333332
2025-11-15 00:00:00,112.22583333333334,109.28206697888795,-5.275
2025-11-15 01:00:00,110.78583333333334,112.66886617127918,-5.7625
2025-11-15 02:00:00,102.685,107.86232128071045,-11.471666666666666
2025-11-15 03:00:00,102.99166666666667,99.99406169217616,-13.673333333333334
2025-11-15 04:00:00,100.565,89.46405810916757,-12.453333333333331
2025-11-15 05:00:00,120.42833333333331,85.54380953533784,-8.5375
2025-11-15 06:00:00,143.9358333333333,86.04094021040557,-6.0375000000000005
2025-11-15 07:00:00,38.65833333333333,49.74037181521154,-7.890000000000001
2025-11-15 08:00:00,15.575,3.082250345504164,-7.804166666666667
2025-11-15 09:00:00,2.1425,-21.38221886788668,-10.0225
2025-11-15 10:00:00,-12.016666666666666,-31.485613015713582,-16.576666666666668
2025-11-15 11:00:00,-14.155,-54.11522123181422,-14.089166666666666
2025-11-15 12:00:00,-17.315833333333334,-58.99298801967876,-13.318333333333332
2025-11-15 13:00:00,-11.488333333333337,-62.49344479215429,-14.596666666666666
2025-11-15 14:00:00,-6.271666666666666,-41.82237651493958,-16.495833333333334
2025-11-15 15:00:00,-4.2316666666666665,-38.5781732731504,-27.813333333333333
2025-11-15 16:00:00,-5.325,-3.6958156993523934,-30.284166666666668
2025-11-15 17:00:00,13.114166666666668,16.92367351864607,-10.49
2025-11-15 18:00:00,68.54416666666667,44.04268468107309,13.130833333333332
2025-11-15 19:00:00,75.8975,78.84239951352855,16.357499999999998
2025-11-15 20:00:00,74.91166666666668,111.26796289017042,9.7625
2025-11-15 21:00:00,75.66,116.60882710022068,64.3525
2025-11-15 22:00:00,80.10916666666667,109.23703685700602,54.11416666666667
2025-11-15 23:00:00,92.0725,104.56896883561184,15.695
2025-11-16 00:00:00,87.20666666666666,110.36397896887556,28.27083333333333
2025-11-16 01:00:00,79.235,101.12082473016756,19.51
2025-11-16 02:00:00,74.5725,93.1160881076742,16.141666666666666
2025-11-16 03:00:00,63.48500000000001,92.69591001118282,15.563333333333333
2025-11-16 04:00:00,60.25749999999999,90.873109015348,7.893333333333333
2025-11-16 05:00:00,22.97666666666667,85.08362846249764,19.5025
2025-11-16 06:00:00,-1.6541666666666668,63.29227713320855,54.89000000000001
2025-11-16 07:00:00,-24.044166666666666,29.76708401113144,6.988333333333333
2025-11-16 08:00:00,-24.335,3.776853808209836,-5.831666666666667
2025-11-16 09:00:00,-38.619166666666665,-18.425981564235883,-12.2025
2025-11-16 10:00:00,-33.975,-18.03668666894511,-12.456666666666663
2025-11-16 11:00:00,-37.3425,-31.20661011147577,-13.7875
2025-11-16 12:00:00,-32.090833333333336,-28.88632352215859,-16.91583333333333
2025-11-16 13:00:00,-24.27916666666667,-58.7280769687527,-18.031666666666663
2025-11-16 14:00:00,-21.1925,-45.95740762130609,-20.876666666666665
2025-11-16 15:00:00,-16.405833333333334,-22.89594164964575,-16.954166666666666
2025-11-16 16:00:00,-17.996666666666666,-23.07415604042656,-13.045833333333334
2025-11-16 17:00:00,-9.411666666666669,-13.125004512994934,-11.800833333333337
2025-11-16 18:00:00,-2.926666666666667,12.850359429765303,46.428333333333335
2025-11-16 19:00:00,-6.683333333333334,25.944854130193093,108.145
2025-11-16 20:00:00,-6.5,45.47969497345351,118.8525
2025-11-16 21:00:00,-7.12,38.526204147522776,132.73166666666663
2025-11-16 22:00:00,-6.579166666666667,32.95620108001948,110.6025
2025-11-16 23:00:00,-6.5,30.6845187309782,114.74
2025-11-17 00:00:00,-4.753333333333333,32.56346310133412,120.40333333333332
2025-11-17 01:00:00,-6.0075,33.05862553189204,113.68833333333332
2025-11-17 02:00:00,-6.866666666666667,32.087156733415966,118.30333333333334
2025-11-17 03:00:00,-9.13,30.72973234229401,119.66833333333334
2025-11-17 04:00:00,-7.783333333333332,34.032762132600475,120.43916666666668
2025-11-17 05:00:00,-6.5,42.00564788852446,137.8975
2025-11-17 06:00:00,5.974166666666666,51.191729102652026,132.41166666666666
2025-11-17 07:00:00,-3.5850000000000004,35.820969978287444,71.82166666666667
2025-11-17 08:00:00,-10.9375,27.652541350448324,22.601666666666663
2025-11-17 09:00:00,-11.251666666666669,21.33530094328829,-9.9125
2025-11-17 10:00:00,-11.591666666666669,17.057778954614946,-10.491666666666667
2025-11-17 11:00:00,-11.284166666666666,12.335717643631554,-7.6191666666666675
2025-11-17 12:00:00,-11.2425,9.723360136151896,-4.555833333333333
2025-11-17 13:00:00,-10.715000000000002,10.418029422730172,-6.635000000000001
2025-11-17 14:00:00,-14.783333333333331,5.271212176618263,-5.900833333333334
2025-11-17 15:00:00,-11.936666666666667,18.89090405294472,-1.1250000000000002
2025-11-17 16:00:00,-8.2475,41.28751409615096,21.044166666666666
2025-11-17 17:00:00,-6.355,78.00629440383608,44.5525
2025-11-17 18:00:00,-11.688333333333333,104.1016184722664,90.01833333333333
2025-11-17 19:00:00,-10.525,109.9560427643728,134.8575
2025-11-17 20:00:00,-5.52,112.57865591216162,151.56583333333333
2025-11-17 21:00:00,3.1366666666666667,98.04005599896334,160.6675
2025-11-17 22:00:00,2.6325,87.89707246163502,120.40666666666668
2025-11-17 23:00:00,1.399166666666667,82.13179171705013,127.88416666666666
2025-11-18 00:00:00,8.756666666666666,87.96656640106505,145.86916666666664
2025-11-18 01:00:00,6.324999999999999,56.913059954107325,87.52499999999999
2025-11-18 02:00:00,8.95,55.81330461155723,76.87166666666667
2025-11-18 03:00:00,8.95,57.856571991990776,54.17416666666667
2025-11-18 04:00:00,11.610833333333334,60.29774689922319,66.96083333333333
2025-11-18 05:00:00,43.675,73.90407622794402,69.37
2025-11-18 06:00:00,77.4475,88.02438639419083,81.02833333333334
2025-11-18 07:00:00,13.79,82.48548352740372,119.53916666666667
2025-11-18 08:00:00,-1.9308333333333327,30.48091967253439,27.250833333333333
2025-11-18 09:00:00,-2.2566666666666664,-2.908052698694576,-7.015000000000001
2025-11-18 10:00:00,-9.495833333333334,-2.070490370599302,-4.444999999999999
2025-11-18 11:00:00,-11.961666666666666,7.439037086474073,-16.503333333333334
2025-11-18 12:00:00,-11.989166666666668,12.430112681997857,-17.904166666666665
2025-11-18 13:00:00,-13.396666666666668,6.333701261236683,-15.336666666666666
2025-11-18 14:00:00,-18.480833333333333,2.457446487674403,-17.62
2025-11-18 15:00:00,-18.493333333333336,7.628240001459346,-17.881666666666668
2025-11-18 16:00:00,-21.11,3.214379867722542,-16.734166666666667
2025-11-18 17:00:00,-14.970833333333331,24.778729055657784,-12.446666666666667
2025-11-18 18:00:00,-17.591666666666665,60.69093687448506,6.298333333333332
2025-11-18 19:00:00,-6.6675,87.04132009516427,91.89916666666666
2025-11-18 20:00:00,40.57083333333333,106.37922009388234,109.385
2025-11-18 21:00:00,71.43916666666667,96.44074098788332,114.55166666666668
2025-11-18 22:00:00,76.55,102.38289985818584,91.66416666666667
2025-11-18 23:00:00,82.63333333333334,111.200202510811,60.240833333333335
2025-11-19 00:00:00,97.57583333333334,121.89111001045184,23.684166666666663
2025-11-19 01:00:00,88.78916666666667,110.36260222987612,9.533333333333331
2025-11-19 02:00:00,80.9075,107.78498625513954,8.347499999999998
2025-11-19 03:00:00,57.653333333333336,106.57405829233976,8.204166666666666
2025-11-19 04:00:00,57.25666666666667,108.65106851759056,12.220833333333331
2025-11-19 05:00:00,79.2725,117.95050891491,2.1733333333333333
2025-11-19 06:00:00,84.05416666666666,110.23360160129954,60.4025
2025-11-19 07:00:00,23.686666666666667,74.35271035293708,1.1
2025-11-19 08:00:00,2.0883333333333334,18.7791562767906,-7.281666666666666
2025-11-19 09:00:00,-8.293333333333333,5.364248421163865,-13.305833333333332
2025-11-19 10:00:00,-13.4075,-8.398794011982247,-16.831666666666667
2025-11-19 11:00:00,-15.9425,-37.51020644645763,-19.71583333333333
2025-11-19 12:00:00,-14.935833333333331,-45.66344387506248,-21.945
2025-11-19 13:00:00,-14.201666666666666,-45.42864503883325,-25.10333333333333
2025-11-19 14:00:00,-18.686666666666667,-38.54408090601633,-30.40333333333333
2025-11-19 15:00:00,-29.059166666666663,-42.158480036044494,-24.294166666666666
2025-11-19 16:00:00,-35.73,-33.55650927659116,-18.356666666666666
2025-11-19 17:00:00,-38.79333333333333,-4.664750230503913,-9.080833333333333
2025-11-19 18:00:00,-21.535833333333333,28.701662172118347,29.54833333333333
2025-11-19 19:00:00,5.539166666666667,68.05019217011288,100.005
2025-11-19 20:00:00,18.0125,122.367996977549,124.71666666666664
2025-11-19 21:00:00,48.626666666666665,119.53675027300504,141.74583333333334
2025-11-19 22:00:00,104.03833333333334,103.45251489227216,121.13833333333334
2025-11-19 23:00:00,73.2225,96.2008997081975,97.4225
2025-11-20 00:00:00,78.40583333333333,94.96998744222248,144.87083333333334
2025-11-20 01:00:00,74.765,83.28237070071057,89.1925
2025-11-20 02:00:00,77.70166666666667,77.785781753599,6.451666666666665
2025-11-20 03:00:00,71.67833333333333,69.35898719359643,-1.245
2025-11-20 04:00:00,76.86166666666666,69.19910789604609,-4.968333333333333
2025-11-20 05:00:00,78.5825,78.1878489416177,1.596666666666667
2025-11-20 06:00:00,82.56666666666666,83.79604564947702,17.843333333333334
2025-11-20 07:00:00,33.07083333333333,50.54231154602868,-3.2466666666666666
2025-11-20 08:00:00,-8.740833333333333,28.98382681854873,-5.675833333333333
2025-11-20 09:00:00,-9.343333333333334,4.702667366964391,-13.165833333333332
2025-11-20 10:00:00,-10.468333333333334,-9.431562889541723,-19.53333333333333
2025-11-20 11:00:00,-11.351666666666668,-16.300333702507174,-26.001666666666665
2025-11-20 12:00:00,-12.805833333333334,-22.028589588743344,-30.5
2025-11-20 13:00:00,-12.661666666666669,-32.61836284385642,-28.66
2025-11-20 14:00:00,-15.6175,-36.027418824951496,-27.386666666666667
2025-11-20 15:00:00,-29.175833333333333,-38.9613987098944,-15.870833333333332
2025-11-20 16:00:00,-56.560833333333335,-34.356978258970955,-8.470833333333333
2025-11-20 17:00:00,-23.871666666666663,-15.503646355955524,1.3174999999999997
2025-11-20 18:00:00,-9.746666666666668,5.137424877852737,56.93666666666667
2025-11-20 19:00:00,25.4125,44.87410491313543,78.96916666666667
2025-11-20 20:00:00,58.44166666666666,71.94231988661627,82.70916666666666
2025-11-20 21:00:00,55.149166666666666,73.27430054680168,92.505
2025-11-20 22:00:00,42.54166666666666,65.21518795820508,89.59666666666668
2025-11-20 23:00:00,27.309166666666663,59.39318726028781,112.30333333333331
2025-11-21 00:00:00,42.47416666666667,64.40847405823126,112.98916666666666
2025-11-21 01:00:00,14.2825,56.449960531221166,99.64
2025-11-21 02:00:00,9.206666666666663,48.47401292274775,94.20083333333334
2025-11-21 03:00:00,5.058333333333333,39.10953464203046,86.23583333333333
2025-11-21 04:00:00,-2.105833333333333,38.36371508566248,97.83
2025-11-21 05:00:00,3.3666666666666667,44.87742436694385,122.29583333333332
2025-11-21 06:00:00,7.535,46.27450813576851,122.6725
2025-11-21 07:00:00,-9.1975,13.488939380606496,102.55083333333332
2025-11-21 08:00:00,-14.280833333333334,-4.435470486336641,15.939166666666669
2025-11-21 09:00:00,-16.204166666666666,-16.64349586946811,-9.665833333333332
2025-11-21 10:00:00,-38.7025,-29.4540985687823,-12.070833333333333
2025-11-21 11:00:00,-47.8125,-46.10614017175757,-19.6475
2025-11-21 12:00:00,-59.7525,-51.72844719469416,-11.211666666666666
2025-11-21 13:00:00,-68.45166666666667,-68.34058015442415,-11.52
2025-11-21 14:00:00,-80.79666666666667,-70.5657356891482,-4.6425
2025-11-21 15:00:00,-61.06166666666667,-64.14278573618802,1.7891666666666666
2025-11-21 16:00:00,-43.695,-48.52761086782184,-1.8633333333333333
2025-11-21 17:00:00,-8.5275,-39.27592802256197,9.174166666666666
2025-11-21 18:00:00,15.208333333333334,-26.147616876564555,68.92583333333333
2025-11-21 19:00:00,50.18,3.387705629875015,118.76083333333332
2025-11-21 20:00:00,58.94833333333333,36.62185780009509,105.655
2025-11-21 21:00:00,52.0225,46.39129187456502,105.78583333333334
2025-11-21 22:00:00,44.4025,56.64391579005037,100.63666666666666
2025-11-21 23:00:00,37.46583333333333,57.77361276993722,98.0925
2025-11-22 00:00:00,49.9875,76.55937939653788,112.22583333333334
2025-11-22 01:00:00,43.445,96.29086070643282,110.78583333333334
2025-11-22 02:00:00,43.75416666666666,93.74197337087054,102.685
2025-11-22 03:00:00,54.96333333333333,88.64300375359774,102.99166666666667
2025-11-22 04:00:00,55.45166666666666,95.18207101584451,100.565
2025-11-22 05:00:00,59.58833333333334,92.41032145833591,120.42833333333331
2025-11-22 06:00:00,109.27833333333332,78.39818687755881,143.9358333333333
2025-11-22 07:00:00,60.115,42.24273375065651,38.65833333333333
2025-11-22 08:00:00,43.22416666666667,10.403665872144655,15.575
2025-11-22 09:00:00,23.05,-11.14015142919358,2.1425
2025-11-22 10:00:00,1.935,-40.30901750470335,-12.016666666666666
2025-11-22 11:00:00,5.205,-19.344291224698157,-14.155
2025-11-22 12:00:00,3.608333333333333,-50.58384127657695,-17.315833333333334
2025-11-22 13:00:00,4.066666666666666,-39.05876669356788,-11.488333333333337
2025-11-22 14:00:00,9.28,-26.48690975626792,-6.271666666666666
2025-11-22 15:00:00,26.703333333333333,-5.064717855048514,-4.2316666666666665
2025-11-22 16:00:00,88.63416666666667,6.713877392684367,-5.325
2025-11-22 17:00:00,130.66083333333333,27.54264978361581,13.114166666666668
2025-11-22 18:00:00,131.92666666666665,38.53295231414941,68.54416666666667
2025-11-22 19:00:00,132.06833333333333,79.89720688046387,75.8975
2025-11-22 20:00:00,150.5975,95.75098457742678,74.91166666666668
2025-11-22 21:00:00,171.51999999999998,77.68022557784506,75.66
2025-11-22 22:00:00,175.34416666666667,73.33464030918341,80.10916666666667
2025-11-22 23:00:00,112.35,73.93299021131254,92.0725
2025-11-23 00:00:00,169.35083333333333,85.1004335866219,87.20666666666666
2025-11-23 01:00:00,167.35,79.11254534436743,79.235
2025-11-23 02:00:00,179.4675,69.81377080027504,74.5725
2025-11-23 03:00:00,173.3216666666667,44.07685128123203,63.48500000000001
2025-11-23 04:00:00,150.20583333333337,36.35317949448173,60.25749999999999
2025-11-23 05:00:00,216.955,41.31257737648008,22.97666666666667
2025-11-23 06:00:00,159.63833333333335,49.930363898031935,-1.6541666666666668
2025-11-23 07:00:00,81.48916666666666,49.901077487512126,-24.044166666666666
2025-11-23 08:00:00,29.77333333333333,26.740806465279853,-24.335
2025-11-23 09:00:00,4.65,9.777296406551883,-38.619166666666665
2025-11-23 10:00:00,6.642499999999999,0.9804133259468556,-33.975
2025-11-23 11:00:00,4.395833333333333,10.049323568572731,-37.3425
2025-11-23 12:00:00,-6.014166666666667,-5.877442955017017,-32.090833333333336
2025-11-23 13:00:00,-5.896666666666666,-17.931937306116538,-24.27916666666667
2025-11-23 14:00:00,-10.8,-21.335342937934783,-21.1925
2025-11-23 15:00:00,-12.575833333333334,-20.2263085426376,-16.405833333333334
2025-11-23 16:00:00,-10.499166666666666,-18.28185118230417,-17.996666666666666
2025-11-23 17:00:00,-10.913333333333334,7.636417690583741,-9.411666666666669
2025-11-23 18:00:00,26.085,35.69630985430197,-2.926666666666667
2025-11-23 19:00:00,74.43333333333334,69.21196163837575,-6.683333333333334
2025-11-23 20:00:00,91.46666666666664,104.3929851394756,-6.5
2025-11-23 21:00:00,115.03833333333334,90.53590061552713,-7.12
2025-11-23 22:00:00,109.63833333333334,80.61465943276507,-6.579166666666667
2025-11-23 23:00:00,104.515,76.03284617331923,-6.5
2025-11-24 00:00:00,121.70666666666666,81.14572661940504,-4.753333333333333
2025-11-24 01:00:00,108.86166666666666,69.84590320000595,-6.0075
2025-11-24 02:00:00,100.13333333333333,63.73725549364031,-6.866666666666667
2025-11-24 03:00:00,85.49833333333333,83.9007605018462,-9.13
2025-11-24 04:00:00,80.3225,84.7149056440994,-7.783333333333332
2025-11-24 05:00:00,102.19666666666666,98.89043779496184,-6.5
2025-11-24 06:00:00,119.84166666666664,104.71639492241496,5.974166666666666
2025-11-24 07:00:00,51.98833333333334,94.67676900976058,-3.5850000000000004
2025-11-24 08:00:00,4.0425,61.95308443124489,-10.9375
2025-11-24 09:00:00,0.5658333333333333,37.730887006112326,-11.251666666666669
2025-11-24 10:00:00,-3.780833333333333,17.42166733088409,-11.591666666666669
2025-11-24 11:00:00,-6.44,-2.1862695251780053,-11.284166666666666
2025-11-24 12:00:00,-9.324166666666668,2.0607726332862057,-11.2425
2025-11-24 13:00:00,-10.9875,-11.191141561381798,-10.715000000000002
2025-11-24 14:00:00,-9.8675,-11.096778207709916,-14.783333333333331
2025-11-24 15:00:00,-5.391666666666667,16.998470579560774,-11.936666666666667
2025-11-24 16:00:00,-4.774166666666667,20.73460544619773,-8.2475
2025-11-24 17:00:00,9.675,32.807345436885456,-6.355
2025-11-24 18:00:00,12.333333333333334,58.65485615170965,-11.688333333333333
2025-11-24 19:00:00,26.7875,96.9626260339189,-10.525
2025-11-24 20:00:00,21.88583333333333,112.91224016373444,-5.52
2025-11-24 21:00:00,7.644166666666666,118.05261959916292,3.1366666666666667
2025-11-24 22:00:00,12.021666666666668,112.70740736857272,2.6325
2025-11-24 23:00:00,10.731666666666667,87.85965468621879,1.399166666666667
2025-11-25 00:00:00,4.310833333333333,80.36423282229411,8.756666666666666
2025-11-25 01:00:00,1.4966666666666668,23.391915324180367,6.324999999999999
2025-11-25 02:00:00,10.680833333333332,11.162472562326656,8.95
2025-11-25 03:00:00,14.126666666666663,10.365371638111212,8.95
2025-11-25 04:00:00,29.1525,25.390976901432097,11.610833333333334
2025-11-25 05:00:00,24.815,48.45257804283529,43.675
2025-11-25 06:00:00,16.355,50.03671880229064,77.4475
2025-11-25 07:00:00,-4.890833333333333,37.2988882281109,13.79
2025-11-25 08:00:00,-11.683333333333332,1.4557326537527049,-1.9308333333333327
2025-11-25 09:00:00,-19.115,-17.548979353910127,-2.2566666666666664
2025-11-25 10:00:00,-18.099166666666665,-29.28789217327902,-9.495833333333334
2025-11-25 11:00:00,-40.00666666666667,-48.66465834235848,-11.961666666666666
2025-11-25 12:00:00,-54.82083333333333,-51.39917556652219,-11.989166666666668
2025-11-25 13:00:00,-45.61000000000001,-49.4890055249553,-13.396666666666668
2025-11-25 14:00:00,-55.33166666666667,-46.4318298748606,-18.480833333333333
2025-11-25 15:00:00,-79.63333333333334,-33.11189400225521,-18.493333333333336
2025-11-25 16:00:00,-29.75333333333333,-7.8415131865015155,-21.11
2025-11-25 17:00:00,-2.813333333333333,31.27590998884669,-14.970833333333331
2025-11-25 18:00:00,9.976666666666668,71.8570598350985,-17.591666666666665
2025-11-25 19:00:00,91.83666666666666,125.90869888351952,-6.6675
2025-11-25 20:00:00,120.17666666666666,147.6140440697145,40.57083333333333
2025-11-25 21:00:00,127.64083333333332,145.9746494292303,71.43916666666667
2025-11-25 22:00:00,125.4675,125.7215217283986,76.55
2025-11-25 23:00:00,125.11833333333334,110.23896027602171,82.63333333333334
2025-11-26 00:00:00,127.49583333333334,113.27162442869914,97.57583333333334
2025-11-26 01:00:00,81.95333333333333,94.07199602450702,88.78916666666667
2025-11-26 02:00:00,57.91916666666666,102.34583225855992,80.9075
2025-11-26 03:00:00,9.6775,75.85228387108646,57.653333333333336
2025-11-26 04:00:00,11.6825,36.72760573940506,57.25666666666667
2025-11-26 05:00:00,1.6,29.583374838893825,79.2725
2025-11-26 06:00:00,-3.6625,13.08532348214912,84.05416666666666
2025-11-26 07:00:00,-5.038333333333333,-0.9199396327049384,23.686666666666667
2025-11-26 08:00:00,-12.64,-12.409468909166236,2.0883333333333334
2025-11-26 09:00:00,-7.655,-9.229371291553932,-8.293333333333333
2025-11-26 10:00:00,-9.518333333333333,-7.286014215916168,-13.4075
2025-11-26 11:00:00,-30.977500000000003,-29.54563635952857,-15.9425
2025-11-26 12:00:00,-29.2875,-24.345389264597745,-14.935833333333331
2025-11-26 13:00:00,-42.094166666666666,-35.72097466914475,-14.201666666666666
2025-11-26 14:00:00,-50.43083333333333,-46.13604533812527,-18.686666666666667
2025-11-26 15:00:00,-51.84,-48.64014862399078,-29.059166666666663
2025-11-26 16:00:00,-42.134166666666665,-42.46569449773148,-35.73
2025-11-26 17:00:00,-35.70583333333333,-16.5765223674874,-38.79333333333333
2025-11-26 18:00:00,-18.890833333333333,32.530378505491,-21.535833333333333
2025-11-26 19:00:00,-13.703333333333331,79.18788236581403,5.539166666666667
2025-11-26 20:00:00,-3.7000000000000006,92.68214590501672,18.0125
2025-11-26 21:00:00,-4.724166666666666,90.09491771755202,48.626666666666665
2025-11-26 22:00:00,-3.478333333333333,76.82946134426425,104.03833333333334
2025-11-26 23:00:00,3.5866666666666664,68.7646421040643,73.2225
2025-11-27 00:00:00,13.699166666666663,68.08780818441986,78.40583333333333
2025-11-27 01:00:00,7.693333333333332,35.13348809635529,74.765
2025-11-27 02:00:00,18.67,33.0482415598212,77.70166666666667
2025-11-27 03:00:00,8.259166666666667,27.615055871549394,71.67833333333333
2025-11-27 04:00:00,35.781666666666666,35.2444672033121,76.86166666666666
2025-11-27 05:00:00,33.92666666666667,39.58456606966778,78.5825
2025-11-27 06:00:00,44.145,36.451749882499264,82.56666666666666
2025-11-27 07:00:00,10.660833333333334,6.162367145853537,33.07083333333333
2025-11-27 08:00:00,-2.668333333333333,-17.3989534783108,-8.740833333333333
2025-11-27 09:00:00,-10.9825,-19.282264139490422,-9.343333333333334
2025-11-27 10:00:00,-15.4675,-23.657707527162543,-10.468333333333334
2025-11-27 11:00:00,-22.39833333333333,-25.057865403983115,-11.351666666666668
2025-11-27 12:00:00,-25.403333333333336,-34.06224892526012,-12.805833333333334
2025-11-27 13:00:00,-29.60333333333333,-19.484267857218285,-12.661666666666669
2025-11-27 14:00:00,-30.68583333333333,-31.89581974303981,-15.6175
2025-11-27 15:00:00,-40.24583333333333,-28.33839764810912,-29.175833333333333
2025-11-27 16:00:00,-23.54833333333333,-25.919374607602364,-56.560833333333335
2025-11-27 17:00:00,-18.0225,-12.001634833536642,-23.871666666666663
2025-11-27 18:00:00,-8.748333333333333,26.083731115169822,-9.746666666666668
2025-11-27 19:00:00,119.77666666666666,77.13718154839887,25.4125
2025-11-27 20:00:00,148.07500000000002,99.93733925068346,58.44166666666666
2025-11-27 21:00:00,137.68833333333333,102.44716971698614,55.149166666666666
2025-11-27 22:00:00,125.01083333333334,105.39792044368208,42.54166666666666
2025-11-27 23:00:00,138.48166666666663,111.4954879181428,27.309166666666663
2025-11-28 00:00:00,148.12916666666666,118.7801840905682,42.47416666666667
2025-11-28 01:00:00,161.36916666666667,111.89884909717811,14.2825
2025-11-28 02:00:00,135.4,105.68526231633038,9.206666666666663
2025-11-28 03:00:00,124.91666666666669,98.33671261714132,5.058333333333333
2025-11-28 04:00:00,125.45,97.7159062033471,-2.105833333333333
2025-11-28 05:00:00,176.0675,95.94310189813612,3.3666666666666667
2025-11-28 06:00:00,107.06333333333332,80.0313843111342,7.535
2025-11-28 07:00:00,12.285000000000002,45.81120977308699,-9.1975
2025-11-28 08:00:00,-5.296666666666667,-3.3737318284454147,-14.280833333333334
2025-11-28 09:00:00,-13.005,-21.54460644408508,-16.204166666666666
2025-11-28 10:00:00,-11.731666666666667,-36.01002947904232,-38.7025
2025-11-28 11:00:00,-11.091666666666669,-40.23211240856634,-47.8125
2025-11-28 12:00:00,-10.2425,-50.36118023412989,-59.7525
2025-11-28 13:00:00,-9.405833333333334,-52.09352193430324,-68.45166666666667
2025-11-28 14:00:00,-5.713333333333334,-22.532317123531183,-80.79666666666667
2025-11-28 15:00:00,0.7083333333333334,16.618481696710063,-61.06166666666667
2025-11-28 16:00:00,34.8325,23.48141062284131,-43.695
2025-11-28 17:00:00,69.26416666666667,38.4134527135131,-8.5275
2025-11-28 18:00:00,107.17333333333332,70.37305347819888,15.208333333333334
2025-11-28 19:00:00,80.03416666666666,112.53051522068031,50.18
2025-11-28 20:00:00,102.76166666666668,115.57274061615304,58.94833333333333
2025-11-28 21:00:00,119.96583333333332,118.4485235557753,52.0225
2025-11-28 22:00:00,104.20666666666666,116.36572019974392,44.4025
2025-11-28 23:00:00,101.64166666666668,104.3955844548774,37.46583333333333
2025-11-29 00:00:00,114.57666666666668,98.25849884979912,49.9875
2025-11-29 01:00:00,104.40166666666666,100.94286925674092,43.445
2025-11-29 02:00:00,94.18,74.04213431530206,43.75416666666666
2025-11-29 03:00:00,59.34583333333333,47.037579478354,54.96333333333333
2025-11-29 04:00:00,55.13083333333333,43.83585184998414,55.45166666666666
2025-11-29 05:00:00,42.395,38.56923059118797,59.58833333333334
2025-11-29 06:00:00,38.27166666666667,53.66497659521271,109.27833333333332
2025-11-29 07:00:00,-2.401666666666667,39.26843715177508,60.115
2025-11-29 08:00:00,-0.3041666666666668,-3.9550996531231135,43.22416666666667
2025-11-29 09:00:00,-0.1566666666666666,-17.99217325893278,23.05
2025-11-29 10:00:00,-13.136666666666663,-25.020976067463607,1.935
2025-11-29 11:00:00,-16.819166666666664,-37.16076099288814,5.205
2025-11-29 12:00:00,-14.751666666666663,-44.07724640163213,3.608333333333333
2025-11-29 13:00:00,-24.91333333333333,-49.55966973966078,4.066666666666666
2025-11-29 14:00:00,-23.35,-50.95959708513986,9.28
2025-11-29 15:00:00,-16.219166666666666,-44.92713607046555,26.703333333333333
2025-11-29 16:00:00,-16.131666666666664,-31.24349684961645,88.63416666666667
2025-11-29 17:00:00,-13.380833333333332,-14.253396003101544,130.66083333333333
2025-11-29 18:00:00,-8.001666666666667,16.432670456497362,131.92666666666665
2025-11-29 19:00:00,54.26666666666667,51.775675759556975,132.06833333333333
2025-11-29 20:00:00,81.82333333333334,75.0730501835645,150.5975
2025-11-29 21:00:00,97.6925,73.5887164405769,171.51999999999998
2025-11-29 22:00:00,100.69333333333331,74.79652712472377,175.34416666666667
2025-11-29 23:00:00,109.57916666666668,82.0402617206424,112.35
2025-11-30 00:00:00,111.66166666666668,85.92592419587552,169.35083333333333
2025-11-30 01:00:00,85.245,69.41039336413233,167.35
2025-11-30 02:00:00,84.875,66.14823578202625,179.4675
2025-11-30 03:00:00,80.43833333333333,63.61880613532336,173.3216666666667
2025-11-30 04:00:00,47.307500000000005,58.98372569580621,150.20583333333337
2025-11-30 05:00:00,14.478333333333332,51.26393432213274,216.955
2025-11-30 06:00:00,8.314166666666667,26.692641472309376,159.63833333333335
2025-11-30 07:00:00,2.7983333333333333,-5.171369580972424,81.48916666666666
2025-11-30 08:00:00,-9.401666666666667,-23.826176189227283,29.77333333333333
2025-11-30 09:00:00,-19.20583333333333,-20.995677244739294,4.65
2025-11-30 10:00:00,-19.6775,-23.955260568509587,6.642499999999999
2025-11-30 11:00:00,-25.949166666666667,-30.89088273017282,4.395833333333333
2025-11-30 12:00:00,-21.959166666666665,-16.012874358681188,-6.014166666666667
2025-11-30 13:00:00,-26.9225,-29.88980783351606,-5.896666666666666
2025-11-30 14:00:00,-26.0325,-39.075408090446174,-10.8
2025-11-30 15:00:00,-15.148333333333332,-32.37951456198692,-12.575833333333334
2025-11-30 16:00:00,-17.935,-36.66812771978796,-10.499166666666666
2025-11-30 17:00:00,-7.983333333333333,-7.539089809724146,-10.913333333333334
2025-11-30 18:00:00,-5.93,42.202200199432745,26.085
2025-11-30 19:00:00,20.585833333333337,59.8551504214891,74.43333333333334
2025-11-30 20:00:00,33.806666666666665,69.8352328543471,91.46666666666664
2025-11-30 21:00:00,12.326666666666666,67.1905110811984,115.03833333333334
2025-11-30 22:00:00,6.788333333333333,54.145087489213566,109.63833333333334
2025-11-30 23:00:00,2.595,49.03344274280163,104.515
2025-12-01 00:00:00,-3.6625,45.362993397182414,121.70666666666666
2025-12-01 01:00:00,-3.7000000000000006,39.37022563183,108.86166666666666
2025-12-01 02:00:00,-4.954166666666667,28.681724652206427,100.13333333333333
2025-12-01 03:00:00,-4.253333333333334,23.95098425964184,85.49833333333333
2025-12-01 04:00:00,-3.755,26.495565618602384,80.3225
2025-12-01 05:00:00,-3.7000000000000006,39.437068464984215,102.19666666666666
2025-12-01 06:00:00,3.380833333333333,37.257676494435735,119.84166666666664
2025-12-01 07:00:00,-0.3541666666666667,9.17511075502432,51.98833333333334
2025-12-01 08:00:00,-6.1000000000000005,0.8681564409138502,4.0425
2025-12-01 09:00:00,-14.11,0.0346610632484498,0.5658333333333333
2025-12-01 10:00:00,-15.409999999999998,2.1756449347983,-3.780833333333333
2025-12-01 11:00:00,-14.835833333333332,-4.886637099253491,-6.44
2025-12-01 12:00:00,-11.426666666666668,-7.4197175816162115,-9.324166666666668
2025-12-01 13:00:00,-13.870833333333332,3.086229179840416,-10.9875
2025-12-01 14:00:00,-9.143333333333333,-6.230418056013207,-9.8675
2025-12-01 15:00:00,-24.379166666666663,-16.138729619825938,-5.391666666666667
2025-12-01 16:00:00,-18.035,-18.98821312968036,-4.774166666666667
2025-12-01 17:00:00,-15.809166666666668,-11.192096125417962,9.675
2025-12-01 18:00:00,-8.709999999999999,0.4102188009407825,12.333333333333334
2025-12-01 19:00:00,21.854166666666668,24.86607908885161,26.7875
2025-12-01 20:00:00,88.98166666666667,45.25515115149136,21.88583333333333
2025-12-01 21:00:00,93.82583333333334,52.59538974083386,7.644166666666666
2025-12-01 22:00:00,99.24166666666667,49.760869254384986,12.021666666666668
2025-12-01 23:00:00,87.91416666666667,53.29792385845825,10.731666666666667
2025-12-02 00:00:00,96.07083333333333,66.41110153948492,4.310833333333333
2025-12-02 01:00:00,85.05166666666666,60.12376849107953,1.4966666666666668
2025-12-02 02:00:00,84.21916666666667,64.05546942717888,10.680833333333332
2025-12-02 03:00:00,81.80666666666667,59.14630763063138,14.126666666666663
2025-12-02 04:00:00,71.48583333333333,53.62915221635099,29.1525
2025-12-02 05:00:00,99.99666666666668,63.19196056763235,24.815
2025-12-02 06:00:00,127.63416666666669,79.14804046701246,16.355
2025-12-02 07:00:00,110.33,42.775778127706126,-4.890833333333333
2025-12-02 08:00:00,45.556666666666665,21.76270838226003,-11.683333333333332
2025-12-02 09:00:00,-0.3858333333333334,-9.441099274385166,-19.115
2025-12-02 10:00:00,-2.4683333333333333,-2.484530387170864,-18.099166666666665
2025-12-02 11:00:00,-8.556666666666667,16.442862722972038,-40.00666666666667
2025-12-02 12:00:00,-9.13,20.1595129567842,-54.82083333333333
2025-12-02 13:00:00,-9.020833333333334,36.3521256983728,-45.61000000000001
2025-12-02 14:00:00,-9.07,25.89460780801341,-55.33166666666667
2025-12-02 15:00:00,-9.429166666666667,19.46742936679045,-79.63333333333334
2025-12-02 16:00:00,-14.784166666666666,31.49885216820685,-29.75333333333333
2025-12-02 17:00:00,2.200833333333333,52.4737887488084,-2.813333333333333
2025-12-02 18:00:00,22.58833333333333,82.80392424952448,9.976666666666668
2025-12-02 19:00:00,113.0525,128.06756718896742,91.83666666666666
2025-12-02 20:00:00,131.61083333333332,153.64500539772905,120.17666666666666
2025-12-02 21:00:00,127.44333333333331,153.64915661797048,127.64083333333332
2025-12-02 22:00:00,125.93583333333332,137.4541365913777,125.4675
2025-12-02 23:00:00,114.63083333333331,122.18104492273122,125.11833333333334
2025-12-03 00:00:00,126.0725,120.76978099768829,127.49583333333334
2025-12-03 01:00:00,119.77083333333331,99.4602257714634,81.95333333333333
2025-12-03 02:00:00,107.98416666666668,81.46285704082297,57.91916666666666
2025-12-03 03:00:00,83.50583333333334,60.0125194999981,9.6775
2025-12-03 04:00:00,77.5475,50.17874261824203,11.6825
2025-12-03 05:00:00,70.53416666666668,46.95796217493952,1.6
2025-12-03 06:00:00,27.714166666666667,32.047947531466704,-3.6625
2025-12-03 07:00:00,-7.163333333333334,9.026048438625123,-5.038333333333333
2025-12-03 08:00:00,-10.220833333333331,-16.137129158170723,-12.64
2025-12-03 09:00:00,-19.96,-27.91105651360488,-7.655
2025-12-03 10:00:00,-29.930833333333336,-37.619128470614456,-9.518333333333333
2025-12-03 11:00:00,-30.08833333333333,-44.08332243920579,-30.977500000000003
2025-12-03 12:00:00,-28.69,-46.3534986041295,-29.2875
2025-12-03 13:00:00,-27.64916666666667,-48.477163794011815,-42.094166666666666
2025-12-03 14:00:00,-37.90333333333333,-47.89345469118327,-50.43083333333333
2025-12-03 15:00:00,-25.125,-40.804280315779934,-51.84
2025-12-03 16:00:00,-13.521666666666668,-22.423145373954497,-42.134166666666665
2025-12-03 17:00:00,-6.947500000000001,7.651234630062788,-35.70583333333333
2025-12-03 18:00:00,40.52166666666667,43.07972563518319,-18.890833333333333
2025-12-03 19:00:00,96.6175,75.83961937940626,-13.703333333333331
2025-12-03 20:00:00,124.90500000000002,83.58396905642383,-3.7000000000000006
2025-12-03 21:00:00,137.54166666666666,72.51803519521353,-4.724166666666666
2025-12-03 22:00:00,147.79083333333332,56.51940748957964,-3.478333333333333
2025-12-03 23:00:00,124.91,48.31118145056203,3.5866666666666664
2025-12-04 00:00:00,112.8375,46.04608375092088,13.699166666666663
2025-12-04 01:00:00,19.63083333333333,11.353595510887658,7.693333333333332
2025-12-04 02:00:00,-2.466666666666667,3.486930330631381,18.67
2025-12-04 03:00:00,-5.811666666666667,2.1055262727107618,8.259166666666667
2025-12-04 04:00:00,-9.044166666666667,2.770255181727393,35.781666666666666
2025-12-04 05:00:00,-6.929166666666667,7.674160874646418,33.92666666666667
2025-12-04 06:00:00,-6.121666666666667,5.047625740409544,44.145
2025-12-04 07:00:00,-9.5425,-0.4144794888102296,10.660833333333334
2025-12-04 08:00:00,-8.94,-7.949656190731716,-2.668333333333333
2025-12-04 09:00:00,-11.38,-14.302219850568122,-10.9825
2025-12-04 10:00:00,-12.409999999999998,-13.451459281098366,-15.4675
2025-12-04 11:00:00,-13.2675,-19.10477682366177,-22.39833333333333
2025-12-04 12:00:00,-13.19,-24.786361941504538,-25.403333333333336
2025-12-04 13:00:00,-11.58,-23.52068025235252,-29.60333333333333
2025-12-04 14:00:00,-7.565833333333334,-17.77201558408305,-30.68583333333333
2025-12-04 15:00:00,-6.083333333333333,-22.022959959733285,-40.24583333333333
2025-12-04 16:00:00,7.154166666666666,5.909583261957238,-23.54833333333333
2025-12-04 17:00:00,8.854999999999999,45.31529968297785,-18.0225
2025-12-04 18:00:00,51.5525,98.4383771300216,-8.748333333333333
2025-12-04 19:00:00,120.56166666666668,41.96390402973964,119.77666666666666
2025-12-04 20:00:00,129.31166666666667,53.65828333406084,148.07500000000002
2025-12-04 21:00:00,124.64083333333332,69.49077991109787,137.68833333333333
2025-12-04 22:00:00,113.81083333333332,88.88399399076174,125.01083333333334
2025-12-04 23:00:00,107.33083333333332,96.80202775224969,138.48166666666663
2025-12-05 00:00:00,132.2575,100.12744843119992,148.12916666666666
2025-12-05 01:00:00,136.97166666666666,82.15845189400201,161.36916666666667
2025-12-05 02:00:00,131.03333333333333,84.22646096351957,135.4
2025-12-05 03:00:00,145.30583333333334,86.4499969981196,124.91666666666669
2025-12-05 04:00:00,139.8658333333333,90.6537911580864,125.45
2025-12-05 05:00:00,126.85,97.70742211886446,176.0675
2025-12-05 06:00:00,79.94166666666666,88.71597940287192,107.06333333333332
2025-12-05 07:00:00,44.649166666666666,53.70798970130874,12.285000000000002
2025-12-05 08:00:00,44.37833333333333,22.255801947450045,-5.296666666666667
2025-12-05 09:00:00,18.614166666666662,6.132740738559988,-13.005
2025-12-05 10:00:00,-0.6125000000000003,-2.090712994412584,-11.731666666666667
2025-12-05 11:00:00,-4.516666666666667,-12.965227595022796,-11.091666666666669
2025-12-05 12:00:00,2.73,-3.971262952203446,-10.2425
2025-12-05 13:00:00,6.194999999999999,-6.33466030938871,-9.405833333333334
2025-12-05 14:00:00,-1.741666666666667,-26.751248322733304,-5.713333333333334
2025-12-05 15:00:00,8.237499999999999,-26.72638104918829,0.7083333333333334
2025-12-05 16:00:00,28.63333333333333,-6.438429168807332,34.8325
2025-12-05 17:00:00,94.89166666666668,8.296481100181552,69.26416666666667
2025-12-05 18:00:00,109.57,36.22189965020048,107.17333333333332
2025-12-05 19:00:00,140.58166666666668,77.39791656659511,80.03416666666666
2025-12-05 20:00:00,108.6225,97.66321391483632,102.76166666666668
2025-12-05 21:00:00,96.92416666666666,86.30419797223192,119.96583333333332
2025-12-05 22:00:00,115.98333333333332,81.17276703332374,104.20666666666666
2025-12-05 23:00:00,140.70833333333334,97.20449126205877,101.64166666666668
2025-12-06 00:00:00,153.14583333333334,110.63856988397428,114.57666666666668
2025-12-06 01:00:00,91.44333333333331,105.13601459928128,104.40166666666666
2025-12-06 02:00:00,80.0,96.99618663575318,94.18
2025-12-06 03:00:00,75.55583333333333,94.55704315404908,59.34583333333333
2025-12-06 04:00:00,57.32916666666667,93.27812372962715,55.13083333333333
2025-12-06 05:00:00,68.55833333333334,94.75697362009502,42.395
2025-12-06 06:00:00,49.61833333333333,73.14324475108805,38.27166666666667
2025-12-06 07:00:00,-3.6033333333333335,36.79589790591598,-2.401666666666667
2025-12-06 08:00:00,92.0325,28.23613478988836,-0.3041666666666668
2025-12-06 09:00:00,34.718333333333334,31.75730669028236,-0.1566666666666666
2025-12-06 10:00:00,-3.6458333333333335,34.26435782988076,-13.136666666666663
2025-12-06 11:00:00,-8.694166666666666,35.579949923863666,-16.819166666666664
2025-12-06 12:00:00,-4.235,33.95824373773874,-14.751666666666663
2025-12-06 13:00:00,-3.660833333333333,21.084276134564703,-24.91333333333333
2025-12-06 14:00:00,-4.748333333333334,10.535738106533517,-23.35
2025-12-06 15:00:00,2.5125,-6.438343258144784,-16.219166666666666
2025-12-06 16:00:00,3.335833333333333,-11.532177969992873,-16.131666666666664
2025-12-06 17:00:00,10.095833333333331,-5.100797726769656,-13.380833333333332
2025-12-06 18:00:00,-0.0733333333333334,10.87727459866349,-8.001666666666667
2025-12-06 19:00:00,-3.889166666666666,57.96827315256145,54.26666666666667
2025-12-06 20:00:00,4.265,58.59630752887662,81.82333333333334
2025-12-06 21:00:00,6.09,29.836061837559903,97.6925
2025-12-06 22:00:00,8.730833333333333,17.6480476880622,100.69333333333331
2025-12-06 23:00:00,10.976666666666668,17.925938947737755,109.57916666666668
2025-12-07 00:00:00,16.1675,23.145201933699795,111.66166666666668
2025-12-07 01:00:00,11.676666666666668,17.532205575451002,85.245
2025-12-07 02:00:00,10.5775,13.94479590658429,84.875
2025-12-07 03:00:00,8.785833333333333,16.234124483747777,80.43833333333333
2025-12-07 04:00:00,8.739166666666668,20.524139772211768,47.307500000000005
2025-12-07 05:00:00,14.9625,27.02603742509173,14.478333333333332
2025-12-07 06:00:00,36.7475,22.73106136039461,8.314166666666667
2025-12-07 07:00:00,2.006666666666667,-8.389166346956827,2.7983333333333333
2025-12-07 08:00:00,-13.3375,-23.52242860760728,-9.401666666666667
2025-12-07 09:00:00,-27.953333333333333,-32.158651094715765,-19.20583333333333
2025-12-07 10:00:00,-39.335,-42.564039047222,-19.6775
2025-12-07 11:00:00,-51.13833333333333,-41.65428939795082,-25.949166666666667
2025-12-07 12:00:00,-56.520833333333336,-38.40687893714781,-21.959166666666665
2025-12-07 13:00:00,-54.28833333333333,-41.29873510075316,-26.9225
2025-12-07 14:00:00,-63.72416666666667,-41.292173174640936,-26.0325
2025-12-07 15:00:00,-65.7175,-36.9867475043942,-15.148333333333332
2025-12-07 16:00:00,-36.7475,-23.48950809475423,-17.935
2025-12-07 17:00:00,7.530833333333334,-4.416660451411801,-7.983333333333333
2025-12-07 18:00:00,37.95166666666666,29.97143520908662,-5.93
2025-12-07 19:00:00,85.06666666666666,68.71946194787283,20.585833333333337
2025-12-07 20:00:00,94.05583333333334,96.29355609907822,33.806666666666665
2025-12-07 21:00:00,86.32916666666667,105.35126854124226,12.326666666666666
2025-12-07 22:00:00,82.64083333333333,100.79143160869924,6.788333333333333
2025-12-07 23:00:00,81.00583333333334,93.2328589900265,2.595
2025-12-08 00:00:00,80.13166666666667,88.52044686136927,-3.6625
2025-12-08 01:00:00,81.58416666666666,85.78567681579909,-3.7000000000000006
2025-12-08 02:00:00,84.17583333333333,66.01704558728713,-4.954166666666667
2025-12-08 03:00:00,69.29166666666667,53.63247546228254,-4.253333333333334
2025-12-08 04:00:00,18.24416666666667,40.15688461563938,-3.755
2025-12-08 05:00:00,14.805833333333334,33.32029212829894,-3.7000000000000006
2025-12-08 06:00:00,16.655833333333334,19.814285941739804,3.380833333333333
2025-12-08 07:00:00,5.334166666666667,1.6337632129529285,-0.3541666666666667
2025-12-08 08:00:00,-0.6691666666666668,-12.346504471989846,-6.1000000000000005
2025-12-08 09:00:00,-13.410833333333334,-22.10144389467098,-14.11
2025-12-08 10:00:00,-12.873333333333331,-28.523134423748036,-15.409999999999998
2025-12-08 11:00:00,-12.829999999999998,-29.316858133272035,-14.835833333333332
2025-12-08 12:00:00,-17.588333333333335,-17.13000956244811,-11.426666666666668
2025-12-08 13:00:00,-21.26083333333333,-27.88997004011969,-13.870833333333332
2025-12-08 14:00:00,-14.9625,-8.058653171036426,-9.143333333333333
2025-12-08 15:00:00,-14.433333333333332,-1.6210304210973874,-24.379166666666663
2025-12-08 16:00:00,-13.251666666666663,3.690653042373995,-18.035
2025-12-08 17:00:00,-9.409166666666666,38.9550240819092,-15.809166666666668
2025-12-08 18:00:00,-5.433333333333334,74.34213719935134,-8.709999999999999
2025-12-08 19:00:00,61.77333333333333,104.38099877785422,21.854166666666668
2025-12-08 20:00:00,91.86,122.0165142570811,88.98166666666667
2025-12-08 21:00:00,82.06333333333333,115.85748465721149,93.82583333333334
2025-12-08 22:00:00,71.80416666666666,106.5471243541098,99.24166666666667
2025-12-08 23:00:00,57.844166666666666,103.90520611815252,87.91416666666667
2025-12-09 00:00:00,79.86749999999999,116.51376035589044,96.07083333333333
2025-12-09 01:00:00,81.3275,92.59518787811174,85.05166666666666
2025-12-09 02:00:00,83.92916666666666,89.11529122061916,84.21916666666667
2025-12-09 03:00:00,84.7475,86.54781485178539,81.80666666666667
2025-12-09 04:00:00,86.27916666666665,88.83670779214809,71.48583333333333
2025-12-09 05:00:00,96.13,95.77681527903454,99.99666666666668
2025-12-09 06:00:00,87.75666666666666,82.70705849910608,127.63416666666669
2025-12-09 07:00:00,22.804166666666664,40.61497844412981,110.33
2025-12-09 08:00:00,9.039166666666668,16.636378912973598,45.556666666666665
2025-12-09 09:00:00,4.041666666666667,14.658738637356834,-0.3858333333333334
2025-12-09 10:00:00,-0.5833333333333334,0.0473635661623745,-2.4683333333333333
2025-12-09 11:00:00,-6.621666666666666,1.5116535829149311,-8.556666666666667
2025-12-09 12:00:00,-9.4325,-37.1979209340185,-9.13
2025-12-09 13:00:00,-8.5675,-43.94438039584151,-9.020833333333334
2025-12-09 14:00:00,-8.2075,-41.6247352394205,-9.07
2025-12-09 15:00:00,-6.906666666666666,-36.04967217960531,-9.429166666666667
2025-12-09 16:00:00,-3.791666666666666,-24.1679314093108,-14.784166666666666
2025-12-09 17:00:00,1.8675,-4.339548466108326,2.200833333333333
2025-12-09 18:00:00,8.363333333333333,21.34194425449657,22.58833333333333
2025-12-09 19:00:00,72.48333333333333,58.064884748656056,113.0525
2025-12-09 20:00:00,96.33833333333332,81.41534000378266,131.61083333333332
2025-12-09 21:00:00,83.10833333333333,77.5299403236408,127.44333333333331
2025-12-09 22:00:00,87.35666666666667,76.73778110966305,125.93583333333332
2025-12-09 23:00:00,87.09583333333335,83.10335771389956,114.63083333333331
2025-12-10 00:00:00,85.0825,95.22393420353676,126.0725
2025-12-10 01:00:00,81.41333333333334,87.01222328451871,119.77083333333331
2025-12-10 02:00:00,81.04166666666667,82.45397555784581,107.98416666666668
2025-12-10 03:00:00,78.86916666666666,82.241701707501,83.50583333333334
2025-12-10 04:00:00,76.59416666666667,94.80784067153206,77.5475
2025-12-10 05:00:00,80.03083333333333,109.2478180513374,70.53416666666668
2025-12-10 06:00:00,97.975,101.4624095698384,27.714166666666667
2025-12-10 07:00:00,89.73,55.081867852935176,-7.163333333333334
2025-12-10 08:00:00,91.6325,18.92935469324892,-10.220833333333331
2025-12-10 09:00:00,115.51166666666668,26.194202679728186,-19.96
2025-12-10 10:00:00,72.94333333333333,19.131205064949384,-29.930833333333336
2025-12-10 11:00:00,40.861666666666665,18.488713928852377,-30.08833333333333
2025-12-10 12:00:00,37.09666666666666,12.515508544138273,-28.69
2025-12-10 13:00:00,31.0375,20.83167969184816,-27.64916666666667
2025-12-10 14:00:00,32.01333333333333,16.67158250958478,-37.90333333333333
2025-12-10 15:00:00,30.65333333333333,-1.1893094555219648,-25.125
2025-12-10 16:00:00,44.805,1.6939178880525674,-13.521666666666668
2025-12-10 17:00:00,22.59083333333333,6.015830186987799,-6.947500000000001
2025-12-10 18:00:00,34.1,12.962505252820534,40.52166666666667
2025-12-10 19:00:00,5.453333333333333,38.129554376520375,96.6175
2025-12-10 20:00:00,20.696666666666665,72.06155724617513,124.90500000000002
2025-12-10 21:00:00,38.2975,74.06168106881331,137.54166666666666
2025-12-10 22:00:00,23.117500000000003,68.4364124474995,147.79083333333332
2025-12-10 23:00:00,13.527500000000002,64.59038167697925,124.91
2025-12-11 00:00:00,35.42333333333333,66.65614834055913,112.8375
2025-12-11 01:00:00,45.54333333333333,49.74775170567435,19.63083333333333
2025-12-11 02:00:00,13.634166666666664,53.58171281332149,-2.466666666666667
2025-12-11 03:00:00,9.2625,54.57258924752878,-5.811666666666667
2025-12-11 04:00:00,7.94,49.22918905909117,-9.044166666666667
2025-12-11 05:00:00,9.2625,51.06914748195186,-6.929166666666667
2025-12-11 06:00:00,11.1125,44.8807530522501,-6.121666666666667
2025-12-11 07:00:00,7.744166666666666,11.502612557192007,-9.5425
2025-12-11 08:00:00,-1.1458333333333337,-3.781778460980462,-8.94
2025-12-11 09:00:00,-12.321666666666667,-21.33230957815292,-11.38
2025-12-11 10:00:00,-18.7275,-36.974480448886496,-12.409999999999998
2025-12-11 11:00:00,-18.98,-50.08640193854764,-13.2675
2025-12-11 12:00:00,-22.925833333333333,-54.90143467511196,-13.19
2025-12-11 13:00:00,-33.236666666666665,-61.16596880427956,-11.58
2025-12-11 14:00:00,-23.29,-59.241411288928376,-7.565833333333334
2025-12-11 15:00:00,-28.49,-59.16069224107015,-6.083333333333333
2025-12-11 16:00:00,-24.227500000000003,-46.90274074640023,7.154166666666666
2025-12-11 17:00:00,-12.234166666666669,-22.11404470901323,8.854999999999999
2025-12-11 18:00:00,0.3358333333333334,9.788113769768811,51.5525
2025-12-11 19:00:00,79.13833333333334,51.56953786986332,120.56166666666668
2025-12-11 20:00:00,84.59583333333333,87.55153964871356,129.31166666666667
2025-12-11 21:00:00,105.70333333333332,97.95873701415226,124.64083333333332
2025-12-11 22:00:00,104.73583333333332,99.5653301478523,113.81083333333332
2025-12-11 23:00:00,82.67416666666666,103.82933173426696,107.33083333333332
2025-12-12 00:00:00,87.15166666666666,117.87462358977729,132.2575
2025-12-12 01:00:00,81.92666666666666,99.8224932902315,136.97166666666666
2025-12-12 02:00:00,86.70416666666667,94.6622976295992,131.03333333333333
2025-12-12 03:00:00,50.23666666666667,84.99292339031884,145.30583333333334
2025-12-12 04:00:00,13.198333333333332,64.20832471637823,139.8658333333333
2025-12-12 05:00:00,10.798333333333332,50.27228876568127,126.85
2025-12-12 06:00:00,16.309166666666666,26.41609965732852,79.94166666666666
2025-12-12 07:00:00,7.170833333333333,0.4036156387006855,44.649166666666666
2025-12-12 08:00:00,2.7541666666666664,-12.961612273527606,44.37833333333333
2025-12-12 09:00:00,-1.519166666666667,-19.865460908195985,18.614166666666662
2025-12-12 10:00:00,-8.641666666666667,-28.890463364117096,-0.6125000000000003
2025-12-12 11:00:00,-5.480833333333333,-37.5775482901672,-4.516666666666667
2025-12-12 12:00:00,2.864166666666667,-42.33525496823343,2.73
2025-12-12 13:00:00,3.2916666666666665,-33.336917392666805,6.194999999999999
2025-12-12 14:00:00,23.86583333333333,-13.981263423234154,-1.741666666666667
2025-12-12 15:00:00,53.93,12.204734883331597,8.237499999999999
2025-12-12 16:00:00,110.98166666666668,48.696102606662215,28.63333333333333
2025-12-12 17:00:00,131.29083333333332,88.01863739308457,94.89166666666668
2025-12-12 18:00:00,115.6375,113.84874398795468,109.57
2025-12-12 19:00:00,133.98666666666665,135.37347087176516,140.58166666666668
2025-12-12 20:00:00,127.02916666666664,153.41109710116314,108.6225
2025-12-12 21:00:00,113.97,142.42128149936084,96.92416666666666
2025-12-12 22:00:00,118.43,122.45330286537668,115.98333333333332
2025-12-12 23:00:00,127.66666666666669,104.28084627710896,140.70833333333334
2025-12-13 00:00:00,116.8325,91.32000299327328,153.14583333333334
2025-12-13 01:00:00,94.70666666666666,63.97181792661806,91.44333333333331
2025-12-13 02:00:00,74.7175,35.78055034085343,80.0
2025-12-13 03:00:00,76.07833333333333,28.43240107528466,75.55583333333333
2025-12-13 04:00:00,80.34333333333333,26.24000476107941,57.32916666666667
2025-12-13 05:00:00,84.91416666666667,24.66479158696789,68.55833333333334
2025-12-13 06:00:00,88.60916666666667,22.037685720523054,49.61833333333333
2025-12-13 07:00:00,137.30083333333334,28.02576897632456,-3.6033333333333335
2025-12-13 08:00:00,69.29916666666666,6.631852281764921,92.0325
2025-12-13 09:00:00,79.655,8.055669098773066,34.718333333333334
2025-12-13 10:00:00,27.27333333333333,8.21542074672712,-3.6458333333333335
2025-12-13 11:00:00,20.136666666666667,0.0352273718725086,-8.694166666666666
2025-12-13 12:00:00,4.255833333333333,5.155479620975896,-4.235
2025-12-13 13:00:00,2.36,-24.758383115768822,-3.660833333333333
2025-12-13 14:00:00,23.189166666666665,-11.76940727854982,-4.748333333333334
2025-12-13 15:00:00,39.98,6.85699617336887,2.5125
2025-12-13 16:00:00,96.75833333333333,37.99973373410346,3.335833333333333
2025-12-13 17:00:00,11.728333333333332,47.18084669783856,10.095833333333331
2025-12-13 18:00:00,-4.155833333333334,60.235542073135534,-0.0733333333333334
2025-12-13 19:00:00,68.69,71.92136972243148,-3.889166666666666
2025-12-13 20:00:00,84.9175,91.50109679832518,4.265
2025-12-13 21:00:00,78.9675,106.00543657861724,6.09
2025-12-13 22:00:00,78.98333333333333,104.14022785573276,8.730833333333333
2025-12-13 23:00:00,75.31916666666667,101.86382421158592,10.976666666666668
2025-12-14 00:00:00,74.75333333333333,103.23552301418674,16.1675
2025-12-14 01:00:00,68.29916666666666,81.42864897723302,11.676666666666668
2025-12-14 02:00:00,61.77583333333333,65.87354666823008,10.5775
2025-12-14 03:00:00,4.875833333333333,49.09323057236135,8.785833333333333
2025-12-14 04:00:00,9.576666666666666,40.22927226782463,8.739166666666668
2025-12-14 05:00:00,9.321666666666664,32.995376964285256,14.9625
2025-12-14 06:00:00,8.948333333333332,18.126026292401363,36.7475
2025-12-14 07:00:00,-3.635,-7.239625201225181,2.006666666666667
2025-12-14 08:00:00,-9.174166666666666,-27.2991578680692,-13.3375
2025-12-14 09:00:00,-11.045833333333334,-26.23976521176712,-27.953333333333333
2025-12-14 10:00:00,-32.733333333333334,-3.118485884077572,-39.335
2025-12-14 11:00:00,-39.71416666666666,-5.274273833558652,-51.13833333333333
2025-12-14 12:00:00,-51.245,-28.56226047128702,-56.520833333333336
2025-12-14 13:00:00,-52.94583333333333,-2.9277425426486303,-54.28833333333333
2025-12-14 14:00:00,-62.20416666666667,-3.998991150195224,-63.72416666666667
2025-12-14 15:00:00,-80.71249999999999,-20.20075260134145,-65.7175
2025-12-14 16:00:00,-70.77583333333334,-32.22113507767418,-36.7475
2025-12-14 17:00:00,-42.285,-35.89940067828958,7.530833333333334
2025-12-14 18:00:00,-23.569166666666664,-24.915611000056916,37.95166666666666
2025-12-14 19:00:00,-5.545000000000001,-6.074157249536668,85.06666666666666
2025-12-14 20:00:00,22.964166666666667,22.6960161172102,94.05583333333334
2025-12-14 21:00:00,47.6325,33.10082863272824,86.32916666666667
2025-12-14 22:00:00,57.12916666666666,35.52171901223978,82.64083333333333
2025-12-14 23:00:00,66.06,33.43383479216325,81.00583333333334
2025-12-15 00:00:00,72.28750000000001,34.52173007205673,80.13166666666667
2025-12-15 01:00:00,70.83333333333333,29.59945192879797,81.58416666666666
2025-12-15 02:00:00,55.76333333333333,29.39624356651396,84.17583333333333
2025-12-15 03:00:00,32.50083333333333,24.231803537293786,69.29166666666667
2025-12-15 04:00:00,27.324166666666667,34.66201681852088,18.24416666666667
2025-12-15 05:00:00,32.23166666666667,45.70439859981127,14.805833333333334
2025-12-15 06:00:00,47.5225,48.43545259265324,16.655833333333334
2025-12-15 07:00:00,6.1675,17.72882551920491,5.334166666666667
2025-12-15 08:00:00,1.544166666666667,-1.7495804526712249,-0.6691666666666668
2025-12-15 09:00:00,-6.8825,-5.88715987143992,-13.410833333333334
2025-12-15 10:00:00,-8.08,-6.598444668761431,-12.873333333333331
2025-12-15 11:00:00,-11.840833333333334,1.8238563402140784,-12.829999999999998
2025-12-15 12:00:00,-20.3575,-6.19340102228476,-17.588333333333335
2025-12-15 13:00:00,-31.0625,-8.879636609575925,-21.26083333333333
2025-12-15 14:00:00,-35.475833333333334,-19.211039487191883,-14.9625
2025-12-15 15:00:00,-47.836666666666666,-30.93344562361311,-14.433333333333332
2025-12-15 16:00:00,-17.775833333333335,-20.52636315539354,-13.251666666666663
2025-12-15 17:00:00,-8.5975,-19.14051470735293,-9.409166666666666
2025-12-15 18:00:00,-7.066666666666666,-5.314836672573108,-5.433333333333334
2025-12-15 19:00:00,22.99083333333333,21.70037114442634,61.77333333333333
2025-12-15 20:00:00,74.25583333333334,48.90772094860692,91.86
2025-12-15 21:00:00,77.845,62.13750083835265,82.06333333333333
2025-12-15 22:00:00,72.08083333333333,59.3113039604807,71.80416666666666
2025-12-15 23:00:00,57.12916666666666,58.574733002053165,57.844166666666666
2025-12-16 00:00:00,59.13333333333333,63.12262046566201,79.86749999999999
2025-12-16 01:00:00,59.2275,43.371089285461714,81.3275
2025-12-16 02:00:00,62.32083333333333,47.2024429546928,83.92916666666666
2025-12-16 03:00:00,61.92,59.47141460718447,84.7475
2025-12-16 04:00:00,57.37916666666666,64.464909284373,86.27916666666665
2025-12-16 05:00:00,64.19916666666667,79.16816108775659,96.13
2025-12-16 06:00:00,66.30666666666666,67.30179726559918,87.75666666666666
2025-12-16 07:00:00,18.609166666666667,45.637944474227616,22.804166666666664
2025-12-16 08:00:00,11.100833333333334,24.696431793637814,9.039166666666668
2025-12-16 09:00:00,12.033333333333331,10.830348799679356,4.041666666666667
2025-12-16 10:00:00,-2.3233333333333337,-12.235734288408151,-0.5833333333333334
2025-12-16 11:00:00,-5.9125000000000005,-32.48700313333853,-6.621666666666666
2025-12-16 12:00:00,-13.455,-34.90626309210782,-9.4325
2025-12-16 13:00:00,-18.235,-40.46755928501904,-8.5675
2025-12-16 14:00:00,-10.82,-43.41694097425946,-8.2075
2025-12-16 15:00:00,-7.9941666666666675,-41.075862178081294,-6.906666666666666
2025-12-16 16:00:00,0.0933333333333332,-28.111352136847813,-3.791666666666666
2025-12-16 17:00:00,3.390833333333333,-8.389249806418547,1.8675
2025-12-16 18:00:00,16.778333333333332,15.87289340399191,8.363333333333333
2025-12-16 19:00:00,78.78666666666666,52.92665641864964,72.48333333333333
2025-12-16 20:00:00,87.76166666666666,86.47876625406523,96.33833333333332
2025-12-16 21:00:00,82.03,100.81789424451036,83.10833333333333
2025-12-16 22:00:00,80.14916666666666,101.1174427021536,87.35666666666667
2025-12-16 23:00:00,81.93333333333334,102.99154511596709,87.09583333333335
2025-12-17 00:00:00,83.30499999999999,118.1092667228017,85.0825
2025-12-17 01:00:00,79.86583333333333,111.13919125984803,81.41333333333334
2025-12-17 02:00:00,81.54666666666667,115.09360005822994,81.04166666666667
2025-12-17 03:00:00,75.38666666666667,116.66705534051523,78.86916666666666
2025-12-17 04:00:00,77.77416666666666,120.69727583863477,76.59416666666667
2025-12-17 05:00:00,93.89833333333333,126.65371167187234,80.03083333333333
2025-12-17 06:00:00,112.75666666666666,105.40175597352729,97.975
2025-12-17 07:00:00,49.7625,51.61633126781357,89.73
2025-12-17 08:00:00,40.380833333333335,1.9391969264134443,91.6325
2025-12-17 09:00:00,13.453333333333331,-22.166017807729304,115.51166666666668
2025-12-17 10:00:00,7.6116666666666655,-30.769699287597305,72.94333333333333
2025-12-17 11:00:00,8.095833333333333,-27.89854906709085,40.861666666666665
2025-12-17 12:00:00,10.205833333333333,-21.23666318470052,37.09666666666666
2025-12-17 13:00:00,12.533333333333331,-8.743247779722523,31.0375
2025-12-17 14:00:00,26.1975,6.964555288973415,32.01333333333333
2025-12-17 15:00:00,41.81666666666666,16.673554012548863,30.65333333333333
2025-12-17 16:00:00,55.333333333333336,33.346772960676525,44.805
2025-12-17 17:00:00,99.39416666666666,64.78419573889401,22.59083333333333
2025-12-17 18:00:00,131.7825,86.67469930395218,34.1
2025-12-17 19:00:00,183.64166666666665,117.20860137295332,5.453333333333333
2025-12-17 20:00:00,215.3516666666667,145.5419416459198,20.696666666666665
2025-12-17 21:00:00,186.78416666666664,146.39782954379368,38.2975
2025-12-17 22:00:00,144.56333333333333,133.63225385506064,23.117500000000003
2025-12-17 23:00:00,155.5075,124.85705733758007,13.527500000000002
2025-12-18 00:00:00,157.31666666666666,130.6440826183336,35.42333333333333
2025-12-18 01:00:00,143.98166666666663,114.34369334881842,45.54333333333333
2025-12-18 02:00:00,145.86666666666667,110.65788554468688,13.634166666666664
2025-12-18 03:00:00,126.5575,110.05007150203107,9.2625
2025-12-18 04:00:00,120.78833333333334,106.20877770031343,7.94
2025-12-18 05:00:00,127.95583333333332,96.61240963448066,9.2625
2025-12-18 06:00:00,112.0575,65.16637050710693,11.1125
2025-12-18 07:00:00,27.32333333333333,18.877005979151207,7.744166666666666
2025-12-18 08:00:00,16.913333333333334,2.964243130383238,-1.1458333333333337
2025-12-18 09:00:00,18.551666666666662,-0.9501121016344314,-12.321666666666667
2025-12-18 10:00:00,5.13,-1.5449569056149954,-18.7275
2025-12-18 11:00:00,-2.204166666666667,4.793250500956887,-18.98
2025-12-18 12:00:00,5.101666666666667,12.85171094376676,-22.925833333333333
2025-12-18 13:00:00,15.494166666666668,23.35829903953259,-33.236666666666665
2025-12-18 14:00:00,27.758333333333336,25.14861463662691,-23.29
2025-12-18 15:00:00,53.94333333333333,33.49206451269415,-28.49
2025-12-18 16:00:00,158.40916666666666,54.83898509182342,-24.227500000000003
2025-12-18 17:00:00,187.04916666666668,90.69278980689546,-12.234166666666669
2025-12-18 18:00:00,196.9658333333333,138.67815906599023,0.3358333333333334
2025-12-18 19:00:00,268.27833333333336,166.42480567167226,79.13833333333334
2025-12-18 20:00:00,228.135,179.92911146858907,84.59583333333333
2025-12-18 21:00:00,197.1025,165.65250755280408,105.70333333333332
2025-12-18 22:00:00,179.20833333333334,147.5442480437673,104.73583333333332
2025-12-18 23:00:00,156.92916666666667,133.23384008079935,82.67416666666666
2025-12-19 00:00:00,157.1266666666667,127.5741289863555,87.15166666666666
2025-12-19 01:00:00,151.79,87.631957509354,81.92666666666666
2025-12-19 02:00:00,117.71333333333332,75.62308118797547,86.70416666666667
2025-12-19 03:00:00,102.43416666666668,65.64991532764454,50.23666666666667
2025-12-19 04:00:00,85.57333333333334,59.854183543626704,13.198333333333332
2025-12-19 05:00:00,79.48166666666667,50.07078013584552,10.798333333333332
2025-12-19 06:00:00,74.88250000000001,37.78073003454049,16.309166666666666
2025-12-19 07:00:00,60.6875,30.47107322287583,7.170833333333333
2025-12-19 08:00:00,60.844166666666666,35.09455261832533,2.7541666666666664
2025-12-19 09:00:00,90.63083333333331,48.28022463076561,-1.519166666666667
2025-12-19 10:00:00,130.08333333333334,62.59232670060375,-8.641666666666667
2025-12-19 11:00:00,98.6825,83.19681456658695,-5.480833333333333
2025-12-19 12:00:00,175.3733333333333,89.25946228874051,2.864166666666667
2025-12-19 13:00:00,108.65,100.79992092987904,3.2916666666666665
2025-12-19 14:00:00,114.395,100.4694828326394,23.86583333333333
2025-12-19 15:00:00,98.19666666666666,87.30657347102633,53.93
2025-12-19 16:00:00,102.98333333333332,76.36706821664188,110.98166666666668
2025-12-19 17:00:00,60.274166666666666,58.076793514753234,131.29083333333332
2025-12-19 18:00:00,93.23416666666668,40.69448251508504,115.6375
2025-12-19 19:00:00,123.53416666666668,65.12627941222543,133.98666666666665
2025-12-19 20:00:00,126.44416666666666,97.83650947392796,127.02916666666664
2025-12-19 21:00:00,117.15083333333332,103.16060387056018,113.97
2025-12-19 22:00:00,108.06916666666666,76.40842124652333,118.43
2025-12-19 23:00:00,112.70166666666668,87.55223995865224,127.66666666666669
2025-12-20 00:00:00,114.87,107.83790189735598,116.8325
2025-12-20 01:00:00,112.78083333333336,104.17577796326684,94.70666666666666
2025-12-20 02:00:00,113.52416666666666,90.10397056503464,74.7175
2025-12-20 03:00:00,98.05166666666666,85.56727874761879,76.07833333333333
2025-12-20 04:00:00,92.01,74.8658548429806,80.34333333333333
2025-12-20 05:00:00,98.4075,66.14683494323691,84.91416666666667
2025-12-20 06:00:00,108.0,57.25238210267618,88.60916666666667
2025-12-20 07:00:00,46.78333333333333,38.769039981313725,137.30083333333334
2025-12-20 08:00:00,50.60666666666666,33.8756697656555,69.29916666666666
2025-12-20 09:00:00,57.16,16.926029343869317,79.655
2025-12-20 10:00:00,36.91916666666667,18.960103807998777,27.27333333333333
2025-12-20 11:00:00,10.004166666666668,10.633740457907876,20.136666666666667
2025-12-20 12:00:00,9.328333333333331,17.956332185471872,4.255833333333333
2025-12-20 13:00:00,1.9016666666666664,-7.65345112917538,2.36
2025-12-20 14:00:00,19.864166666666662,-35.01163523792101,23.189166666666665
2025-12-20 15:00:00,-0.5150000000000001,-39.10273798057205,39.98
2025-12-20 16:00:00,-3.498333333333333,-27.927504311943267,96.75833333333333
2025-12-20 17:00:00,6.093333333333334,-3.704360580207663,11.728333333333332
2025-12-20 18:00:00,48.535,28.14753885750025,-4.155833333333334
2025-12-20 19:00:00,120.40749999999998,63.69014515198455,68.69
2025-12-20 20:00:00,129.20000000000002,86.49351628785149,84.9175
2025-12-20 21:00:00,117.4,91.63148283550066,78.9675
2025-12-20 22:00:00,110.83,83.77456218897514,78.98333333333333
2025-12-20 23:00:00,112.25833333333333,83.51232065165557,75.31916666666667
2025-12-21 00:00:00,135.03333333333333,95.97610471433087,74.75333333333333
2025-12-21 01:00:00,133.20833333333334,84.22495871046475,68.29916666666666
2025-12-21 02:00:00,112.81,85.68310636895055,61.77583333333333
2025-12-21 03:00:00,103.2125,85.95812787091846,4.875833333333333
2025-12-21 04:00:00,101.18416666666668,85.39872831068331,9.576666666666666
2025-12-21 05:00:00,86.0,83.48603211192048,9.321666666666664
2025-12-21 06:00:00,49.89666666666667,65.11669695468657,8.948333333333332
2025-12-21 07:00:00,18.86083333333333,30.10519647365737,-3.635
2025-12-21 08:00:00,9.861666666666666,15.013014966951287,-9.174166666666666
2025-12-21 09:00:00,11.485833333333332,-1.6676070705363628,-11.045833333333334
2025-12-21 10:00:00,13.175,5.279453373820303,-32.733333333333334
2025-12-21 11:00:00,23.0675,21.23687485078635,-39.71416666666666
2025-12-21 12:00:00,15.663333333333334,42.67296210405482,-51.245
2025-12-21 13:00:00,15.87,33.6779589436992,-52.94583333333333
2025-12-21 14:00:00,74.205,28.07032304138704,-62.20416666666667
2025-12-21 15:00:00,22.82916666666667,23.741453798823784,-80.71249999999999
2025-12-21 16:00:00,20.106666666666666,0.4262211678608167,-70.77583333333334
2025-12-21 17:00:00,1.2341666666666664,59.53105879248049,-42.285
2025-12-21 18:00:00,-0.2966666666666668,65.28902851250109,-23.569166666666664
2025-12-21 19:00:00,-0.4475,43.08100352808204,-5.545000000000001
2025-12-21 20:00:00,8.490833333333333,86.25291421071373,22.964166666666667
2025-12-21 21:00:00,11.325833333333334,53.64609951569176,47.6325
2025-12-21 22:00:00,11.036666666666669,32.88881452107089,57.12916666666666
2025-12-21 23:00:00,47.53583333333333,26.909277444721496,66.06
2025-12-22 00:00:00,67.44,47.08267006927121,72.28750000000001
2025-12-22 01:00:00,66.9675,40.22015504300787,70.83333333333333
2025-12-22 02:00:00,69.08,39.42683795265726,55.76333333333333
2025-12-22 03:00:00,75.11,41.58619324766348,32.50083333333333
2025-12-22 04:00:00,81.36416666666666,42.90524099471979,27.324166666666667
2025-12-22 05:00:00,49.43833333333333,48.64487404579813,32.23166666666667
2025-12-22 06:00:00,24.685,41.6927919567036,47.5225
2025-12-22 07:00:00,-7.19,-8.02591205971332,6.1675
2025-12-22 08:00:00,-5.341666666666666,-15.50168987780215,1.544166666666667
2025-12-22 09:00:00,-8.790000000000001,-7.415294517261614,-6.8825
2025-12-22 10:00:00,-6.254166666666666,8.13993436524646,-8.08
2025-12-22 11:00:00,-35.0625,20.150983259393904,-11.840833333333334
2025-12-22 12:00:00,-7.261666666666667,22.563526677907007,-20.3575
2025-12-22 13:00:00,-11.346666666666666,27.09540551983232,-31.0625
2025-12-22 14:00:00,-14.043333333333337,31.2149789821937,-35.475833333333334
2025-12-22 15:00:00,-13.004166666666668,24.61661156974372,-47.836666666666666
2025-12-22 16:00:00,-20.849166666666665,24.943537963474064,-17.775833333333335
2025-12-22 17:00:00,-8.430833333333334,28.75740731681438,-8.5975
2025-12-22 18:00:00,-4.2725,36.775334633438646,-7.066666666666666
2025-12-22 19:00:00,73.35083333333334,74.38882405643426,22.99083333333333
2025-12-22 20:00:00,96.78916666666667,114.8887253365758,74.25583333333334
2025-12-22 21:00:00,86.4525,123.81977214842088,77.845
2025-12-22 22:00:00,71.83333333333333,120.49033010699594,72.08083333333333
2025-12-22 23:00:00,42.68666666666667,113.11763503701468,57.12916666666666
2025-12-23 00:00:00,22.57583333333333,109.24112115069354,59.13333333333333
2025-12-23 01:00:00,11.195833333333333,74.23241043343239,59.2275
2025-12-23 02:00:00,8.95,57.067390032812426,62.32083333333333
2025-12-23 03:00:00,8.086666666666666,38.36378589857222,61.92
2025-12-23 04:00:00,8.914166666666667,24.82653270558509,57.37916666666666
2025-12-23 05:00:00,26.83083333333333,21.73252716958641,64.19916666666667
2025-12-23 06:00:00,20.71333333333333,17.313543810671703,66.30666666666666
2025-12-23 07:00:00,-4.769166666666667,-0.0702473589958714,18.609166666666667
2025-12-23 08:00:00,-15.115833333333333,-22.356400631654623,11.100833333333334
2025-12-23 09:00:00,-46.28833333333333,-30.59021397326309,12.033333333333331
2025-12-23 10:00:00,-58.07916666666667,-30.97094949064765,-2.3233333333333337
2025-12-23 11:00:00,-62.215,-39.29977041739989,-5.9125000000000005
2025-12-23 12:00:00,-55.95666666666667,-40.45214315737449,-13.455
2025-12-23 13:00:00,-65.39583333333333,-44.69486071634904,-18.235
2025-12-23 14:00:00,-100.05416666666667,-55.06956895968183,-10.82
2025-12-23 15:00:00,-98.45083333333334,-47.16517383089847,-7.9941666666666675
2025-12-23 16:00:00,-63.54333333333333,-35.47426852070015,0.0933333333333332
2025-12-23 17:00:00,-33.9325,-9.988386180824008,3.390833333333333
2025-12-23 18:00:00,-8.52,19.934626911988424,16.778333333333332
2025-12-23 19:00:00,27.416666666666668,55.56979740691827,78.78666666666666
2025-12-23 20:00:00,6.545000000000001,87.5865538076309,87.76166666666666
2025-12-23 21:00:00,7.183333333333334,99.35774418211238,82.03
2025-12-23 22:00:00,10.040833333333332,97.07666770231896,80.14916666666666
2025-12-23 23:00:00,10.040833333333332,82.4126139209475,81.93333333333334
2025-12-24 00:00:00,10.823333333333332,82.26476037777068,83.30499999999999
2025-12-24 01:00:00,10.364166666666668,64.09946407194849,79.86583333333333
2025-12-24 02:00:00,9.105,55.66689538861053,81.54666666666667
2025-12-24 03:00:00,8.394166666666667,55.963542086735934,75.38666666666667
2025-12-24 04:00:00,15.3575,57.31969038784638,77.77416666666666
2025-12-24 05:00:00,13.1475,60.83714999580549,93.89833333333333
2025-12-24 06:00:00,9.02,44.92588883686212,112.75666666666666
2025-12-24 07:00:00,-5.224166666666666,7.548539144794304,49.7625
2025-12-24 08:00:00,-5.450833333333333,-17.571569363770863,40.380833333333335
2025-12-24 09:00:00,-8.741666666666667,-11.965580775561577,13.453333333333331
2025-12-24 10:00:00,-18.39333333333333,-15.275005795729356,7.6116666666666655
2025-12-24 11:00:00,-27.075,-24.068245113226112,8.095833333333333
2025-12-24 12:00:00,-49.14666666666667,-36.0756248337553,10.205833333333333
2025-12-24 13:00:00,-46.65083333333333,-33.65961461422512,12.533333333333331
2025-12-24 14:00:00,-49.21833333333333,-44.77652327762927,26.1975
2025-12-24 15:00:00,-51.28,-47.48142219072389,41.81666666666666
2025-12-24 16:00:00,-59.318333333333335,-44.92181363735591,55.333333333333336
2025-12-24 17:00:00,-56.67166666666666,-41.23916593290943,99.39416666666666
2025-12-24 18:00:00,-38.42166666666667,-28.23896548409607,131.7825
2025-12-24 19:00:00,-12.641666666666666,-8.192226612699955,183.64166666666665
2025-12-24 20:00:00,-2.015,8.243163863063373,215.3516666666667
2025-12-24 21:00:00,2.319166666666667,16.208001282442062,186.78416666666664
2025-12-24 22:00:00,2.2558333333333334,16.54116326716411,144.56333333333333
2025-12-24 23:00:00,-2.7000000000000006,18.148623632355203,155.5075
2025-12-25 00:00:00,-0.8583333333333334,26.78770107968865,157.31666666666666
2025-12-25 01:00:00,-2.654166666666667,1.3448942907568124,143.98166666666663
2025-12-25 02:00:00,-3.6658333333333335,-4.386091273697389,145.86666666666667
2025-12-25 03:00:00,-7.0625,-11.492304631685812,126.5575
2025-12-25 04:00:00,-7.918333333333333,-14.948075109876,120.78833333333334
2025-12-25 05:00:00,-7.219166666666666,-15.168198432402932,127.95583333333332
2025-12-25 06:00:00,-5.275833333333334,-21.563945186958332,112.0575
2025-12-25 07:00:00,-18.184166666666663,-34.54510182060859,27.32333333333333
2025-12-25 08:00:00,-28.85333333333333,-39.93075638894327,16.913333333333334
2025-12-25 09:00:00,-56.4575,-31.34292504050306,18.551666666666662
2025-12-25 10:00:00,-65.8875,-33.03812613632539,5.13
2025-12-25 11:00:00,-87.12416666666667,-33.080610487772816,-2.204166666666667
2025-12-25 12:00:00,-102.8925,-30.398347098244784,5.101666666666667
2025-12-25 13:00:00,-175.11166666666668,-28.96043243430546,15.494166666666668
2025-12-25 14:00:00,-219.6266666666667,-35.75900292580904,27.758333333333336
2025-12-25 15:00:00,-236.75833333333333,-41.87200895080777,53.94333333333333
2025-12-25 16:00:00,-151.4,-44.954800759468014,158.40916666666666
2025-12-25 17:00:00,-94.85083333333334,-53.0569585321643,187.04916666666668
2025-12-25 18:00:00,-58.3325,-43.562290967262456,196.9658333333333
2025-12-25 19:00:00,-19.354166666666668,-28.202028986174422,268.27833333333336
2025-12-25 20:00:00,-9.2525,-5.195412341316455,228.135
2025-12-25 21:00:00,-6.84,1.47049957099388,197.1025
2025-12-25 22:00:00,-7.714166666666667,2.6410372050138875,179.20833333333334
2025-12-25 23:00:00,-7.35,4.479348607928358,156.92916666666667
2025-12-26 00:00:00,-6.705000000000001,12.430651717551854,157.1266666666667
2025-12-26 01:00:00,-6.656666666666666,-6.095547656633798,151.79
2025-12-26 02:00:00,-7.410833333333334,-9.817029147359207,117.71333333333332
2025-12-26 03:00:00,-6.573333333333333,-10.099509402211568,102.43416666666668
2025-12-26 04:00:00,-7.458333333333333,-7.543406355677376,85.57333333333334
2025-12-26 05:00:00,-6.939166666666666,-7.160527287872156,79.48166666666667
2025-12-26 06:00:00,-7.345833333333334,-16.55962039621724,74.88250000000001
2025-12-26 07:00:00,-23.52916666666667,-31.23971822532013,60.6875
2025-12-26 08:00:00,-34.505,-35.94246831724257,60.844166666666666
2025-12-26 09:00:00,-54.439166666666665,-32.17598851004175,90.63083333333331
2025-12-26 10:00:00,-60.10999999999999,-30.203782015769704,130.08333333333334
2025-12-26 11:00:00,-67.10000000000001,-31.999397926906724,98.6825
2025-12-26 12:00:00,-92.81,-34.89065180083634,175.3733333333333
2025-12-26 13:00:00,-125.41666666666669,-38.74264595127727,108.65
2025-12-26 14:00:00,-134.4775,-44.77173600580373,114.395
2025-12-26 15:00:00,-134.5641666666667,-46.03107565440682,98.19666666666666
2025-12-26 16:00:00,-84.47250000000001,-48.88818373249157,102.98333333333332
2025-12-26 17:00:00,-75.44666666666667,-47.08242763248813,60.274166666666666
2025-12-26 18:00:00,-36.445,-35.45774792128263,93.23416666666668
2025-12-26 19:00:00,-0.3500000000000001,-11.220849594202193,123.53416666666668
2025-12-26 20:00:00,5.9925,23.40635579332353,126.44416666666666
2025-12-26 21:00:00,8.886666666666667,32.426081681147195,117.15083333333332
2025-12-26 22:00:00,-0.2241666666666667,26.47783354280592,108.06916666666666
2025-12-26 23:00:00,-1.799166666666667,25.40171882042992,112.70166666666668
2025-12-27 00:00:00,0.5483333333333332,37.77164139871422,114.87
2025-12-27 01:00:00,-2.0575,45.305558953931815,112.78083333333336
2025-12-27 02:00:00,-1.5750000000000002,43.85899437214091,113.52416666666666
2025-12-27 03:00:00,1.0125,41.937011323705576,98.05166666666666
2025-12-27 04:00:00,3.325833333333333,43.86042485483692,92.01
2025-12-27 05:00:00,0.8883333333333333,47.668073432115776,98.4075
2025-12-27 06:00:00,4.210833333333333,39.17392454772379,108.0
2025-12-27 07:00:00,-14.991666666666667,6.525180178445964,46.78333333333333
2025-12-27 08:00:00,-26.50916666666667,-18.612396957365505,50.60666666666666
2025-12-27 09:00:00,-60.39000000000001,-30.96939984235665,57.16
2025-12-27 10:00:00,-88.94749999999999,-41.02682939356579,36.91916666666667
2025-12-27 11:00:00,-100.71,-50.01005296130383,10.004166666666668
2025-12-27 12:00:00,-123.81333333333332,-54.3918813245301,9.328333333333331
2025-12-27 13:00:00,-153.19333333333333,-58.25849189563455,1.9016666666666664
2025-12-27 14:00:00,-107.43,-60.85252974656085,19.864166666666662
2025-12-27 15:00:00,-128.8141666666667,-59.803502741050536,-0.5150000000000001
2025-12-27 16:00:00,-75.2275,-51.47758320928081,-3.498333333333333
2025-12-27 17:00:00,-32.248333333333335,-36.081489594034224,6.093333333333334
2025-12-27 18:00:00,-7.006666666666667,-11.526227502779877,48.535
2025-12-27 19:00:00,25.65833333333333,22.289661214925992,120.40749999999998
2025-12-27 20:00:00,29.815,48.02085073093071,129.20000000000002
2025-12-27 21:00:00,28.8625,59.19920898222279,117.4
2025-12-27 22:00:00,29.299166666666668,63.79315121883881,110.83
2025-12-27 23:00:00,23.13416666666667,70.73274368147797,112.25833333333333
2025-12-28 00:00:00,28.5525,79.1614991095821,135.03333333333333
2025-12-28 01:00:00,27.62166666666667,65.68298891583069,133.20833333333334
2025-12-28 02:00:00,10.881666666666666,67.02135738370728,112.81
2025-12-28 03:00:00,8.95,69.787598423347,103.2125
2025-12-28 04:00:00,11.854166666666666,69.06110650301946,101.18416666666668
2025-12-28 05:00:00,8.95,67.9906617044655,86.0
2025-12-28 06:00:00,2.630833333333333,52.2110830081544,49.89666666666667
2025-12-28 07:00:00,-10.273333333333332,16.476051364442142,18.86083333333333
2025-12-28 08:00:00,-14.856666666666667,-10.21049127229024,9.861666666666666
2025-12-28 09:00:00,-37.5775,-17.494933329234684,11.485833333333332
2025-12-28 10:00:00,-50.8625,-16.87105825817075,13.175
2025-12-28 11:00:00,-51.21,-12.388186462528935,23.0675
2025-12-28 12:00:00,-55.43083333333333,-10.464738084011827,15.663333333333334
2025-12-28 13:00:00,-51.92583333333334,-16.112046167021248,15.87
2025-12-28 14:00:00,-45.04666666666666,-23.959297988502144,74.205
2025-12-28 15:00:00,-25.526666666666667,-25.94479554914355,22.82916666666667
2025-12-28 16:00:00,-9.0025,-15.443169855314054,20.106666666666666
2025-12-28 17:00:00,-3.3158333333333334,10.705480155130132,1.2341666666666664
2025-12-28 18:00:00,12.640833333333331,47.02020035943429,-0.2966666666666668
2025-12-28 19:00:00,49.15166666666666,80.02016320521089,-0.4475
2025-12-28 20:00:00,55.7875,95.40863919796332,8.490833333333333
2025-12-28 21:00:00,51.22666666666667,95.32605278557892,11.325833333333334
2025-12-28 22:00:00,47.64666666666667,95.3188297566234,11.036666666666669
2025-12-28 23:00:00,54.59666666666666,92.99111899281642,47.53583333333333
2025-12-29 00:00:00,35.013333333333335,94.3709477989733,67.44
2025-12-29 01:00:00,9.093333333333332,111.71378659977368,66.9675
2025-12-29 02:00:00,15.846666666666666,112.11099648065596,69.08
2025-12-29 03:00:00,11.585,110.95188232333096,75.11
2025-12-29 04:00:00,11.129166666666665,111.23560450022408,81.36416666666666
2025-12-29 05:00:00,29.199166666666667,118.08706780561008,49.43833333333333
2025-12-29 06:00:00,21.218333333333334,96.9511528964126,24.685
2025-12-29 07:00:00,-7.680833333333333,41.25657247462261,-7.19
2025-12-29 08:00:00,-6.956666666666667,-1.0163425380713562,-5.341666666666666
2025-12-29 09:00:00,-7.446666666666666,-13.472072843161214,-8.790000000000001
2025-12-29 10:00:00,-12.845833333333331,-14.130665359731085,-6.254166666666666
2025-12-29 11:00:00,-10.479166666666666,-3.875733761137028,-35.0625
2025-12-29 12:00:00,-7.268333333333333,15.553103587635135,-7.261666666666667
2025-12-29 13:00:00,-4.4775,11.704968065277768,-11.346666666666666
2025-12-29 14:00:00,11.155833333333334,7.942212901075067,-14.043333333333337
2025-12-29 15:00:00,10.566666666666668,16.912261945671474,-13.004166666666668
2025-12-29 16:00:00,46.27916666666667,35.84351110051448,-20.849166666666665
2025-12-29 17:00:00,99.64083333333332,66.22665864012403,-8.430833333333334
2025-12-29 18:00:00,59.5025,99.62514529440436,-4.2725
2025-12-29 19:00:00,87.88416666666666,121.5911506870406,73.35083333333334
2025-12-29 20:00:00,79.18333333333334,122.5573071819287,96.78916666666667
2025-12-29 21:00:00,60.77666666666666,117.1081052282033,86.4525
2025-12-29 22:00:00,50.40166666666666,111.77624404448348,71.83333333333333
2025-12-29 23:00:00,36.17083333333333,103.04083531943762,42.68666666666667
2025-12-30 00:00:00,42.39833333333333,107.20901461815544,22.57583333333333
2025-12-30 01:00:00,33.270833333333336,100.7189435474858,11.195833333333333
2025-12-30 02:00:00,59.685,91.31816943451712,8.95
2025-12-30 03:00:00,59.19583333333333,76.87116515442604,8.086666666666666
2025-12-30 04:00:00,57.590833333333336,62.31454625811151,8.914166666666667
2025-12-30 05:00:00,51.330000000000005,50.13949020364478,26.83083333333333
2025-12-30 06:00:00,40.8125,29.551406796134287,20.71333333333333
2025-12-30 07:00:00,-2.935833333333333,-1.0743873751399633,-4.769166666666667
2025-12-30 08:00:00,-7.524999999999999,-3.6686307689895594,-15.115833333333333
2025-12-30 09:00:00,-7.734166666666667,-3.131475876969233,-46.28833333333333
2025-12-30 10:00:00,-14.5575,2.430943884575669,-58.07916666666667
2025-12-30 11:00:00,-19.506666666666664,26.74551046486671,-62.215
2025-12-30 12:00:00,-12.155833333333334,20.889136911312903,-55.95666666666667
2025-12-30 13:00:00,-13.791666666666666,13.291221117571538,-65.39583333333333
2025-12-30 14:00:00,-12.815833333333332,-3.7565287012373143,-100.05416666666667
2025-12-30 15:00:00,-10.149166666666666,-3.216849290784822,-98.45083333333334
2025-12-30 16:00:00,-4.4991666666666665,-2.914846532122027,-63.54333333333333
2025-12-30 17:00:00,-6.254166666666666,1.09804919969838,-33.9325
2025-12-30 18:00:00,-0.8716666666666667,13.716528058292807,-8.52
2025-12-30 19:00:00,9.685,32.021254342605204,27.416666666666668
2025-12-30 20:00:00,18.399166666666662,38.19908579070847,6.545000000000001
2025-12-30 21:00:00,13.001666666666669,43.39277628685053,7.183333333333334
2025-12-30 22:00:00,17.73,39.29084009613991,10.040833333333332
2025-12-30 23:00:00,2.475,36.86762423744963,10.040833333333332
2025-12-31 00:00:00,5.9575,40.50228030787278,10.823333333333332
2025-12-31 01:00:00,-0.3741666666666667,7.159824105677771,10.364166666666668
2025-12-31 02:00:00,-5.998333333333334,3.5558582457998256,9.105
2025-12-31 03:00:00,-7.410833333333334,3.941241685327711,8.394166666666667
2025-12-31 04:00:00,-7.750833333333333,5.673097827197381,15.3575
2025-12-31 05:00:00,-7.4775,8.603600346336236,13.1475
2025-12-31 06:00:00,-7.601666666666667,2.209631520286294,9.02
2025-12-31 07:00:00,-13.545,-13.194797142502424,-5.224166666666666
2025-12-31 08:00:00,-39.58083333333333,-24.86760467171713,-5.450833333333333
2025-12-31 09:00:00,-53.08833333333333,-25.38046275662936,-8.741666666666667
2025-12-31 10:00:00,-60.46833333333333,-25.127884378745563,-18.39333333333333
2025-12-31 11:00:00,-62.660833333333336,-27.51175430697789,-27.075
2025-12-31 12:00:00,-60.415,-31.193205082640304,-49.14666666666667
2025-12-31 13:00:00,-61.29333333333333,-34.93385545759557,-46.65083333333333
2025-12-31 14:00:00,-59.82750000000001,-32.07939480884107,-49.21833333333333
2025-12-31 15:00:00,-62.33916666666667,-35.74440072203812,-51.28
2025-12-31 16:00:00,-54.35166666666667,-36.35897134204421,-59.318333333333335
2025-12-31 17:00:00,-47.93333333333334,-30.461949595659192,-56.67166666666666
2025-12-31 18:00:00,-17.788333333333334,-23.73291437109188,-38.42166666666667
2025-12-31 19:00:00,-6.453333333333333,-5.012309876719613,-12.641666666666666
2025-12-31 20:00:00,-4.784166666666667,21.71644498509002,-2.015
2025-12-31 21:00:00,-4.215000000000001,26.37576291243052,2.319166666666667
2025-12-31 22:00:00,-2.205,29.73695611908365,2.2558333333333334
2025-12-31 23:00:00,-0.0558333333333333,33.97058169941149,-2.7000000000000006
2026-01-01 00:00:00,10.085,43.61566361639386,-0.8583333333333334
2026-01-01 01:00:00,26.953333333333333,49.712521646278766,-2.654166666666667
2026-01-01 02:00:00,10.501666666666669,47.47247923910625,-3.6658333333333335
2026-01-01 03:00:00,9.551666666666666,43.58430055159411,-7.0625
2026-01-01 04:00:00,5.514166666666667,40.248049976882456,-7.918333333333333
2026-01-01 05:00:00,10.235,46.51770488416104,-7.219166666666666
2026-01-01 06:00:00,6.589166666666666,37.42208174603399,-5.275833333333334
2026-01-01 07:00:00,-10.95,-2.2228762401747417,-18.184166666666663
2026-01-01 08:00:00,-37.23833333333334,-35.72039244405674,-28.85333333333333
2026-01-01 09:00:00,-63.75583333333333,-55.733209660360885,-56.4575
2026-01-01 10:00:00,-91.23416666666668,-66.14280405474766,-65.8875
2026-01-01 11:00:00,-92.05416666666667,-77.1126524277419,-87.12416666666667
2026-01-01 12:00:00,-109.95083333333334,-72.36584175069702,-102.8925
2026-01-01 13:00:00,-111.95083333333334,-69.55345298194227,-175.11166666666668
2026-01-01 14:00:00,-106.25583333333331,-67.82352495009395,-219.6266666666667
2026-01-01 15:00:00,-87.485,-64.01829434845705,-236.75833333333333
2026-01-01 16:00:00,-74.17166666666667,-53.44247352719698,-151.4
2026-01-01 17:00:00,-46.0025,-34.49668053509686,-94.85083333333334
2026-01-01 18:00:00,-11.0325,-9.237239141797986,-58.3325
2026-01-01 19:00:00,13.858333333333334,30.915483593774425,-19.354166666666668
2026-01-01 20:00:00,30.53333333333333,64.44995024875494,-9.2525
2026-01-01 21:00:00,17.111666666666668,72.04836922933106,-6.84
2026-01-01 22:00:00,13.029166666666669,70.84331643671302,-7.714166666666667
2026-01-01 23:00:00,7.626666666666666,69.470996398154,-7.35
2026-01-02 00:00:00,19.364166666666662,77.42184014211426,-6.705000000000001
2026-01-02 01:00:00,15.1025,67.35837891086439,-6.656666666666666
2026-01-02 02:00:00,14.2925,68.22544198743793,-7.410833333333334
2026-01-02 03:00:00,19.530833333333334,71.71474471952004,-6.573333333333333
2026-01-02 04:00:00,21.418333333333333,79.10825681979028,-7.458333333333333
2026-01-02 05:00:00,25.21333333333333,88.02407112119852,-6.939166666666666
2026-01-02 06:00:00,20.96,81.24823335102452,-7.345833333333334
2026-01-02 07:00:00,-4.006666666666667,41.69756265165696,-23.52916666666667
2026-01-02 08:00:00,-9.840833333333334,1.4657609175491473,-34.505
2026-01-02 09:00:00,-10.645,-20.590013841601618,-54.439166666666665
2026-01-02 10:00:00,-21.47583333333333,-31.13102816559657,-60.10999999999999
2026-01-02 11:00:00,-40.89,-31.72882664275552,-67.10000000000001
2026-01-02 12:00:00,-48.23833333333334,-35.73111333777035,-92.81
2026-01-02 13:00:00,-24.301666666666662,-47.339988279044135,-125.41666666666669
2026-01-02 14:00:00,-50.51083333333333,-49.09866792635427,-134.4775
2026-01-02 15:00:00,-31.141666666666666,-37.70346629557415,-134.5641666666667
2026-01-02 16:00:00,-9.609166666666669,-12.155345149891929,-84.47250000000001
2026-01-02 17:00:00,-7.226666666666667,27.091724172197,-75.44666666666667
2026-01-02 18:00:00,11.118333333333332,69.9790867190399,-36.445
2026-01-02 19:00:00,53.72,108.36191193808558,-0.3500000000000001
2026-01-02 20:00:00,71.16916666666667,122.0186560323274,5.9925
2026-01-02 21:00:00,73.07916666666667,115.6849242859502,8.886666666666667
2026-01-02 22:00:00,71.2825,105.99779523693,-0.2241666666666667
2026-01-02 23:00:00,67.32666666666667,98.79150795375878,-1.799166666666667
2026-01-03 00:00:00,74.15583333333333,99.6450295626165,0.5483333333333332
2026-01-03 01:00:00,80.30749999999999,99.0220629738926,-2.0575
2026-01-03 02:00:00,78.98833333333333,92.59387128203338,-1.5750000000000002
2026-01-03 03:00:00,77.91833333333334,93.44422416425888,1.0125
2026-01-03 04:00:00,94.76666666666668,93.60019407127324,3.325833333333333
2026-01-03 05:00:00,104.0975,93.0251303706246,0.8883333333333333
2026-01-03 06:00:00,83.88416666666667,75.08486105388315,4.210833333333333
2026-01-03 07:00:00,11.343333333333334,17.38788245175099,-14.991666666666667
2026-01-03 08:00:00,-2.7816666666666667,-20.50594556244667,-26.50916666666667
2026-01-03 09:00:00,-7.759166666666666,-35.887513908123495,-60.39000000000001
2026-01-03 10:00:00,-7.939166666666666,-44.02229464761703,-88.94749999999999
2026-01-03 11:00:00,-9.474166666666669,-38.28596165994678,-100.71
2026-01-03 12:00:00,-10.426666666666668,-8.080080112453459,-123.81333333333332
2026-01-03 13:00:00,-8.987499999999999,-1.6365832156293436,-153.19333333333333
2026-01-03 14:00:00,-6.960833333333333,25.68032629680073,-107.43
2026-01-03 15:00:00,-0.3175,46.67182613186744,-128.8141666666667
2026-01-03 16:00:00,23.0,44.06435469018374,-75.2275
2026-01-03 17:00:00,40.97083333333333,28.68719477239437,-32.248333333333335
2026-01-03 18:00:00,14.981666666666667,33.67982037135099,-7.006666666666667
2026-01-03 19:00:00,34.325833333333335,60.99655613556041,25.65833333333333
2026-01-03 20:00:00,54.585,109.1983283786132,29.815
2026-01-03 21:00:00,54.45249999999999,108.35020493446449,28.8625
2026-01-03 22:00:00,54.0525,101.44052464949512,29.299166666666668
2026-01-03 23:00:00,54.5025,95.01708998925392,23.13416666666667
2026-01-04 00:00:00,65.68416666666667,95.77292066358604,28.5525
2026-01-04 01:00:00,70.19666666666667,87.96022011812558,27.62166666666667
2026-01-04 02:00:00,68.51833333333333,78.53688731947176,10.881666666666666
2026-01-04 03:00:00,67.22833333333334,71.61673843553969,8.95
2026-01-04 04:00:00,59.4275,68.4430872024974,11.854166666666666
2026-01-04 05:00:00,54.19416666666667,69.06562571448939,8.95
2026-01-04 06:00:00,31.21333333333333,63.88233901577527,2.630833333333333
2026-01-04 07:00:00,1.0691666666666666,36.19747666960933,-10.273333333333332
2026-01-04 08:00:00,-8.775833333333333,0.9280461250532568,-14.856666666666667
2026-01-04 09:00:00,-13.5925,-27.7850209307006,-37.5775
2026-01-04 10:00:00,-19.716666666666665,-37.18642401310022,-50.8625
2026-01-04 11:00:00,-15.2625,-31.933927387988163,-51.21
2026-01-04 12:00:00,-23.475,-48.019653736924354,-55.43083333333333
2026-01-04 13:00:00,-33.35166666666667,-53.50547404605989,-51.92583333333334
2026-01-04 14:00:00,-25.098333333333333,-45.29122331176016,-45.04666666666666
2026-01-04 15:00:00,-26.1375,-40.83506651920433,-25.526666666666667
2026-01-04 16:00:00,-16.704166666666666,-32.78980700549256,-9.0025
2026-01-04 17:00:00,-13.954166666666666,-17.53370228922134,-3.3158333333333334
2026-01-04 18:00:00,-6.072500000000001,4.663654752545668,12.640833333333331
2026-01-04 19:00:00,14.11,33.32652394817674,49.15166666666666
2026-01-04 20:00:00,53.82083333333333,68.62945177486071,55.7875
2026-01-04 21:00:00,24.403333333333336,76.85676253212365,51.22666666666667
2026-01-04 22:00:00,19.405833333333334,76.58341221503254,47.64666666666667
2026-01-04 23:00:00,41.560833333333335,76.75274006207319,54.59666666666666
2026-01-05 00:00:00,44.60333333333333,86.60110732475741,35.013333333333335
2026-01-05 01:00:00,54.34916666666666,64.82785285211715,9.093333333333332
2026-01-05 02:00:00,30.09,59.558791247897176,15.846666666666666
2026-01-05 03:00:00,26.86,61.90581284038253,11.585
2026-01-05 04:00:00,41.30916666666666,68.4530369387138,11.129166666666665
2026-01-05 05:00:00,46.39833333333333,80.19711082168313,29.199166666666667
2026-01-05 06:00:00,51.67,87.64880284928768,21.218333333333334
2026-01-05 07:00:00,26.554166666666664,62.38136371632315,-7.680833333333333
2026-01-05 08:00:00,0.0374999999999999,19.54653844468187,-6.956666666666667
2026-01-05 09:00:00,-3.675833333333333,-18.83233711998565,-7.446666666666666
2026-01-05 10:00:00,-9.781666666666666,-35.11610707656378,-12.845833333333331
2026-01-05 11:00:00,-11.831666666666663,-40.86578975441356,-10.479166666666666
2026-01-05 12:00:00,-14.280833333333334,-43.95035041531679,-7.268333333333333
2026-01-05 13:00:00,-16.648333333333333,-45.10478215511186,-4.4775
2026-01-05 14:00:00,-8.7825,-46.77365780884655,11.155833333333334
2026-01-05 15:00:00,-8.505,-44.33858045645512,10.566666666666668
2026-01-05 16:00:00,-5.697500000000001,-27.571734189531316,46.27916666666667
2026-01-05 17:00:00,-5.010000000000001,0.4332342139834821,99.64083333333332
2026-01-05 18:00:00,-2.1558333333333333,29.716962856572277,59.5025
2026-01-05 19:00:00,55.36083333333334,68.68950186498418,87.88416666666666
2026-01-05 20:00:00,71.0225,97.64682674243232,79.18333333333334
2026-01-05 21:00:00,68.76833333333333,101.1625312094883,60.77666666666666
2026-01-05 22:00:00,71.74249999999999,99.57430077184335,50.40166666666666
2026-01-05 23:00:00,69.15166666666666,99.7126051059296,36.17083333333333
2026-01-06 00:00:00,74.12833333333333,108.41000611381143,42.39833333333333
2026-01-06 01:00:00,74.91583333333334,108.82419821873604,33.270833333333336
2026-01-06 02:00:00,71.50833333333334,103.87174785890768,59.685
2026-01-06 03:00:00,63.84916666666667,103.79446068761484,59.19583333333333
2026-01-06 04:00:00,78.495,107.7501434125824,57.590833333333336
2026-01-06 05:00:00,77.29166666666667,119.13874541303764,51.330000000000005
2026-01-06 06:00:00,72.22,118.98394103183972,40.8125
2026-01-06 07:00:00,10.545833333333333,84.82366115533173,-2.935833333333333
2026-01-06 08:00:00,5.019166666666666,46.52284112516725,-7.524999999999999
2026-01-06 09:00:00,7.804166666666667,13.778973539061724,-7.734166666666667
2026-01-06 10:00:00,20.50916666666667,4.027909753482064,-14.5575
2026-01-06 11:00:00,12.335,3.455696038098949,-19.506666666666664
2026-01-06 12:00:00,7.989166666666667,-5.424484946226173,-12.155833333333334
2026-01-06 13:00:00,9.568333333333332,-15.108475866363731,-13.791666666666666
2026-01-06 14:00:00,20.206666666666667,-3.127130863444023,-12.815833333333332
2026-01-06 15:00:00,46.14666666666667,15.44601636313186,-10.149166666666666
2026-01-06 16:00:00,55.23083333333333,50.79605568934413,-4.4991666666666665
2026-01-06 17:00:00,81.37416666666667,91.75106234455622,-6.254166666666666
2026-01-06 18:00:00,119.18083333333334,131.30246028787573,-0.8716666666666667
2026-01-06 19:00:00,159.7675,157.9089657770088,9.685
2026-01-06 20:00:00,177.86166666666668,159.32135330412547,18.399166666666662
2026-01-06 21:00:00,150.33416666666668,155.8722136907009,13.001666666666669
2026-01-06 22:00:00,98.24666666666668,140.39380462778246,17.73
2026-01-06 23:00:00,80.4575,125.55324131000113,2.475
2026-01-07 00:00:00,86.63583333333334,124.12616220643838,5.9575
2026-01-07 01:00:00,76.57833333333333,117.82468572604824,-0.3741666666666667
2026-01-07 02:00:00,65.89416666666666,109.92080504053772,-5.998333333333334
2026-01-07 03:00:00,32.8525,102.81738235929096,-7.410833333333334
2026-01-07 04:00:00,8.274166666666666,91.55062390687478,-7.750833333333333
2026-01-07 05:00:00,8.866666666666665,86.42167899499262,-7.4775
2026-01-07 06:00:00,8.7525,80.14893578412838,-7.601666666666667
2026-01-07 07:00:00,-1.0275,60.372738136844845,-13.545
2026-01-07 08:00:00,2.125833333333333,46.62205205809808,-39.58083333333333
2026-01-07 09:00:00,6.150833333333334,36.799537246922974,-53.08833333333333
2026-01-07 10:00:00,-0.48,26.638967049846293,-60.46833333333333
2026-01-07 11:00:00,0.703333333333333,32.65438844562037,-62.660833333333336
2026-01-07 12:00:00,28.460000000000004,45.95145743299763,-60.415
2026-01-07 13:00:00,21.425,66.98525753976475,-61.29333333333333
2026-01-07 14:00:00,32.5675,87.96605384536772,-59.82750000000001
2026-01-07 15:00:00,161.4375,116.43378483442712,-62.33916666666667
2026-01-07 16:00:00,192.5641666666667,153.68813327390308,-54.35166666666667
2026-01-07 17:00:00,167.03666666666666,195.63705617797103,-47.93333333333334
2026-01-07 18:00:00,228.06833333333336,204.30023395679547,-17.788333333333334
2026-01-07 19:00:00,290.19083333333333,175.48573958390045,-6.453333333333333
2026-01-07 20:00:00,575.7841666666667,202.11435690557263,-4.784166666666667
2026-01-07 21:00:00,725.44,195.21379083429977,-4.215000000000001
2026-01-07 22:00:00,196.5133333333333,171.44580811838946,-2.205
2026-01-07 23:00:00,147.17333333333332,145.71046285058696,-0.0558333333333333
2026-01-08 00:00:00,158.18166666666667,135.493628473243,10.085
2026-01-08 01:00:00,160.555,136.0294697137454,26.953333333333333
2026-01-08 02:00:00,142.80416666666667,131.69814693117894,10.501666666666669
2026-01-08 03:00:00,144.45083333333335,129.21100729757296,9.551666666666666
2026-01-08 04:00:00,99.09583333333336,126.30303255743814,5.514166666666667
2026-01-08 05:00:00,74.88000000000001,130.07013931687362,10.235
2026-01-08 06:00:00,66.25583333333334,127.30752959341162,6.589166666666666
2026-01-08 07:00:00,47.14666666666667,107.92851506560744,-10.95
2026-01-08 08:00:00,40.06916666666667,91.59071145406593,-37.23833333333334
2026-01-08 09:00:00,55.2775,79.66177419103091,-63.75583333333333
2026-01-08 10:00:00,64.1125,53.22284679616313,-91.23416666666668
2026-01-08 11:00:00,85.43333333333334,38.53188064900067,-92.05416666666667
2026-01-08 12:00:00,58.13666666666666,21.678013821655213,-109.95083333333334
2026-01-08 13:00:00,51.81583333333333,25.0795105894436,-111.95083333333334
2026-01-08 14:00:00,124.44333333333331,38.798482187094166,-106.25583333333331
2026-01-08 15:00:00,72.55833333333334,46.60545550013326,-87.485
2026-01-08 16:00:00,74.53166666666667,77.8258890089102,-74.17166666666667
2026-01-08 17:00:00,124.24416666666669,111.02657148868416,-46.0025
2026-01-08 18:00:00,133.67583333333334,124.04494774710612,-11.0325
2026-01-08 19:00:00,145.75583333333333,135.99861179157767,13.858333333333334
2026-01-08 20:00:00,115.27,163.83201372878472,30.53333333333333
2026-01-08 21:00:00,98.5175,156.0470360007909,17.111666666666668
2026-01-08 22:00:00,92.8925,132.12594924526968,13.029166666666669
2026-01-08 23:00:00,74.27333333333333,124.27244354558336,7.626666666666666
2026-01-09 00:00:00,67.91916666666667,122.93258810779778,19.364166666666662
2026-01-09 01:00:00,45.82416666666666,123.5193929582809,15.1025
2026-01-09 02:00:00,48.75083333333333,76.77193411367989,14.2925
2026-01-09 03:00:00,51.45166666666668,72.52026235810516,19.530833333333334
2026-01-09 04:00:00,83.69916666666667,122.60312993186707,21.418333333333333
2026-01-09 05:00:00,124.55916666666668,130.65288225573647,25.21333333333333
2026-01-09 06:00:00,83.57666666666667,128.68147162995996,20.96
2026-01-09 07:00:00,21.705,103.55068500531348,-4.006666666666667
2026-01-09 08:00:00,15.874166666666667,71.10243983996112,-9.840833333333334
2026-01-09 09:00:00,16.22,54.64537998841016,-10.645
2026-01-09 10:00:00,5.536666666666666,32.81262565037434,-21.47583333333333
2026-01-09 11:00:00,29.799166666666665,49.76000972207308,-40.89
2026-01-09 12:00:00,29.21,71.5001317154169,-48.23833333333334
2026-01-09 13:00:00,81.64666666666666,86.18659543513985,-24.301666666666662
2026-01-09 14:00:00,147.8658333333333,101.5196135385726,-50.51083333333333
2026-01-09 15:00:00,245.06333333333336,116.94085454556948,-31.141666666666666
2026-01-09 16:00:00,587.9475,141.88198883359308,-9.609166666666669
2026-01-09 17:00:00,269.0208333333333,154.48786960185924,-7.226666666666667
2026-01-09 18:00:00,44.6675,162.65449183276945,11.118333333333332
2026-01-09 19:00:00,85.06833333333333,172.26539098782655,53.72
2026-01-09 20:00:00,90.59,175.8784713650192,71.16916666666667
2026-01-09 21:00:00,89.27166666666666,167.9513304952414,73.07916666666667
2026-01-09 22:00:00,72.45583333333333,146.75135109490176,71.2825
2026-01-09 23:00:00,71.22333333333333,129.96981427579468,67.32666666666667
2026-01-10 00:00:00,21.4625,118.60812940344849,74.15583333333333
2026-01-10 01:00:00,1.8591666666666669,115.9689049864107,80.30749999999999
2026-01-10 02:00:00,-1.5425000000000002,105.09365958226029,78.98833333333333
2026-01-10 03:00:00,-5.9191666666666665,88.805102332357,77.91833333333334
2026-01-10 04:00:00,-6.853333333333333,77.07869654212519,94.76666666666668
2026-01-10 05:00:00,-6.896666666666667,72.62359055416243,104.0975
2026-01-10 06:00:00,-11.796666666666669,66.76082720437138,83.88416666666667
2026-01-10 07:00:00,-9.025833333333331,32.92041575302377,11.343333333333334
2026-01-10 08:00:00,-10.814166666666669,3.424217528504869,-2.7816666666666667
2026-01-10 09:00:00,-23.31833333333333,-13.764530642762168,-7.759166666666666
2026-01-10 10:00:00,-35.24333333333333,-33.81009946967072,-7.939166666666666
2026-01-10 11:00:00,-49.43416666666667,-58.07945248169288,-9.474166666666669
2026-01-10 12:00:00,-54.5975,-51.95920830129755,-10.426666666666668
2026-01-10 13:00:00,-59.845,-50.68326242522439,-8.987499999999999
2026-01-10 14:00:00,-66.68166666666667,-49.983617844146366,-6.960833333333333
2026-01-10 15:00:00,-62.028333333333336,-47.1634299976308,-0.3175
2026-01-10 16:00:00,-61.825,-47.21522518223044,23.0
2026-01-10 17:00:00,-23.90333333333333,-41.39889302386301,40.97083333333333
2026-01-10 18:00:00,-9.314166666666669,-15.239903592033812,14.981666666666667
2026-01-10 19:00:00,-5.645,20.060698256423628,34.325833333333335
2026-01-10 20:00:00,1.2633333333333332,77.86197173239539,54.585
2026-01-10 21:00:00,14.455,93.89644502515398,54.45249999999999
2026-01-10 22:00:00,19.151666666666667,63.80486910663996,54.0525
2026-01-10 23:00:00,17.57,56.25627571805234,54.5025
2026-01-11 00:00:00,17.705833333333334,63.674710473919056,65.68416666666667
2026-01-11 01:00:00,11.433333333333332,66.34465784843852,70.19666666666667
2026-01-11 02:00:00,8.720833333333333,59.293088362251424,68.51833333333333
2026-01-11 03:00:00,9.880833333333332,51.45327155848732,67.22833333333334
2026-01-11 04:00:00,7.800833333333333,45.65564876136994,59.4275
2026-01-11 05:00:00,3.7466666666666666,38.649511477692094,54.19416666666667
2026-01-11 06:00:00,3.746666666666666,39.11707171999209,31.21333333333333
2026-01-11 07:00:00,-2.4,8.31528247439384,1.0691666666666666
2026-01-11 08:00:00,-10.606666666666667,-10.315352526469797,-8.775833333333333
2026-01-11 09:00:00,-8.155,-19.43114448503248,-13.5925
2026-01-11 10:00:00,-25.640833333333333,-19.47639601025935,-19.716666666666665
2026-01-11 11:00:00,-48.8525,-15.817423932277308,-15.2625
2026-01-11 12:00:00,-63.568333333333335,-16.570258541681028,-23.475
2026-01-11 13:00:00,-76.33,-22.460004256191056,-33.35166666666667
2026-01-11 14:00:00,-83.59583333333333,-33.92455456032232,-25.098333333333333
2026-01-11 15:00:00,-84.52166666666666,-46.686809849016896,-26.1375
2026-01-11 16:00:00,-63.47333333333333,-45.632248866478974,-16.704166666666666
2026-01-11 17:00:00,-36.865,-27.54688458939792,-13.954166666666666
2026-01-11 18:00:00,-9.074166666666668,-2.769201521642927,-6.072500000000001
2026-01-11 19:00:00,10.461666666666668,33.240175790578355,14.11
2026-01-11 20:00:00,15.803333333333333,71.63260383870056,53.82083333333333
2026-01-11 21:00:00,17.640833333333333,70.67554697136129,24.403333333333336
2026-01-11 22:00:00,10.5825,64.40789112680605,19.405833333333334
2026-01-11 23:00:00,13.619166666666668,58.6708004089613,41.560833333333335
2026-01-12 00:00:00,17.025833333333335,63.44751017941393,44.60333333333333
2026-01-12 01:00:00,12.363333333333332,44.18801038071997,54.34916666666666
2026-01-12 02:00:00,20.83833333333333,48.276931811979246,30.09
2026-01-12 03:00:00,26.311666666666667,55.32628180476469,26.86
2026-01-12 04:00:00,30.589166666666667,65.79012247349968,41.30916666666666
2026-01-12 05:00:00,32.67583333333334,87.2123676005671,46.39833333333333
2026-01-12 06:00:00,43.28666666666666,99.80241386100766,51.67
2026-01-12 07:00:00,41.26583333333333,76.47313911228257,26.554166666666664
2026-01-12 08:00:00,6.824166666666667,34.95549175224557,0.0374999999999999
2026-01-12 09:00:00,-2.7608333333333337,10.86413385246432,-3.675833333333333
2026-01-12 10:00:00,-4.756666666666667,4.014336264869485,-9.781666666666666
2026-01-12 11:00:00,-8.706666666666667,7.801063416766752,-11.831666666666663
2026-01-12 12:00:00,-11.063333333333333,3.9924435529761126,-14.280833333333334
2026-01-12 13:00:00,-9.168333333333331,-4.611804531835247,-16.648333333333333
2026-01-12 14:00:00,-1.6783333333333337,-8.199236657291678,-8.7825
2026-01-12 15:00:00,-0.2741666666666667,-1.4988742988261805,-8.505
2026-01-12 16:00:00,5.189166666666667,2.1368051365140417,-5.697500000000001
2026-01-12 17:00:00,0.0374999999999998,-0.917980582276968,-5.010000000000001
2026-01-12 18:00:00,3.7833333333333328,9.692563426249322,-2.1558333333333333
2026-01-12 19:00:00,34.54083333333333,48.62191222571765,55.36083333333334
2026-01-12 20:00:00,55.54,85.15664217274146,71.0225
2026-01-12 21:00:00,57.3075,76.75737015451472,68.76833333333333
2026-01-12 22:00:00,52.92,69.64359003037718,71.74249999999999
2026-01-12 23:00:00,53.56,69.99190346150289,69.15166666666666
2026-01-13 00:00:00,59.92,76.61467554504155,74.12833333333333
2026-01-13 01:00:00,62.28416666666666,73.51199718442152,74.91583333333334
2026-01-13 02:00:00,62.66833333333333,70.39662273960175,71.50833333333334
2026-01-13 03:00:00,58.1175,70.41382950905697,63.84916666666667
2026-01-13 04:00:00,63.13333333333333,73.25616452855124,78.495
2026-01-13 05:00:00,77.51083333333334,83.6889812553967,77.29166666666667
2026-01-13 06:00:00,80.52833333333334,100.22913682017938,72.22
2026-01-13 07:00:00,63.66833333333333,94.03439508144584,10.545833333333333
2026-01-13 08:00:00,45.69333333333333,74.51593066800756,5.019166666666666
2026-01-13 09:00:00,39.431666666666665,38.60761910739426,7.804166666666667
2026-01-13 10:00:00,25.5525,18.27326692451927,20.50916666666667
2026-01-13 11:00:00,19.77833333333333,16.63730514224499,12.335
2026-01-13 12:00:00,14.7575,5.469912603687732,7.989166666666667
2026-01-13 13:00:00,13.753333333333336,4.498770959779506,9.568333333333332
2026-01-13 14:00:00,8.420833333333333,-14.076576817711825,20.206666666666667
2026-01-13 15:00:00,8.380833333333333,-23.18252124742382,46.14666666666667
2026-01-13 16:00:00,10.619166666666668,-14.091501294570548,55.23083333333333
2026-01-13 17:00:00,28.836666666666662,-1.9537420355921145,81.37416666666667
2026-01-13 18:00:00,31.33833333333333,13.99250527612982,119.18083333333334
2026-01-13 19:00:00,67.34,36.50916167335752,159.7675
2026-01-13 20:00:00,70.83916666666667,57.83748600912081,177.86166666666668
2026-01-13 21:00:00,63.905,41.69194102692788,150.33416666666668
2026-01-13 22:00:00,53.68666666666667,35.742278326632366,98.24666666666668
2026-01-13 23:00:00,62.68083333333333,37.1099870946388,80.4575
2026-01-14 00:00:00,64.45,43.9005098459128,86.63583333333334
2026-01-14 01:00:00,60.3625,36.6095183270248,76.57833333333333
2026-01-14 02:00:00,57.645833333333336,31.072058243357567,65.89416666666666
2026-01-14 03:00:00,56.70250000000001,29.898571218638843,32.8525
2026-01-14 04:00:00,57.620000000000005,40.45993196018871,8.274166666666666
2026-01-14 05:00:00,56.41166666666666,54.88754305489972,8.866666666666665
2026-01-14 06:00:00,70.06500000000001,60.72001349001033,8.7525
2026-01-14 07:00:00,51.585,47.95321852199473,-1.0275
2026-01-14 08:00:00,10.529166666666669,45.33120843291263,2.125833333333333
2026-01-14 09:00:00,8.134166666666667,14.322917784315903,6.150833333333334
2026-01-14 10:00:00,8.52,3.896377853990913,-0.48
2026-01-14 11:00:00,9.085,5.403116314805743,0.703333333333333
2026-01-14 12:00:00,11.156666666666666,-13.158018469922167,28.460000000000004
2026-01-14 13:00:00,-1.5091666666666663,-37.43774429722548,21.425
2026-01-14 14:00:00,-7.161666666666666,-57.44583449847947,32.5675
2026-01-14 15:00:00,-8.565,-42.4945365914909,161.4375
2026-01-14 16:00:00,-9.025833333333331,-24.0994280986601,192.5641666666667
2026-01-14 17:00:00,3.1875,6.028463921202004,167.03666666666666
2026-01-14 18:00:00,22.92333333333333,41.39862935946315,228.06833333333336
2026-01-14 19:00:00,57.92583333333334,73.22231247141241,290.19083333333333
2026-01-14 20:00:00,67.29666666666667,75.34092941118206,575.7841666666667
2026-01-14 21:00:00,66.58083333333333,79.23271453183959,725.44
2026-01-14 22:00:00,72.805,78.43355566025917,196.5133333333333
2026-01-14 23:00:00,84.45666666666666,84.78707220997,147.17333333333332
2026-01-15 00:00:00,119.26916666666666,95.29495177217854,158.18166666666667
2026-01-15 01:00:00,75.3975,96.74623280898346,160.555
2026-01-15 02:00:00,67.31750000000001,90.09382375297484,142.80416666666667
2026-01-15 03:00:00,61.3575,82.71217613984558,144.45083333333335
2026-01-15 04:00:00,56.79666666666666,85.2877313610492,99.09583333333336
2026-01-15 05:00:00,56.689166666666665,99.03910464408128,74.88000000000001
2026-01-15 06:00:00,61.45,111.58279201894976,66.25583333333334
2026-01-15 07:00:00,48.68833333333333,104.0728399957724,47.14666666666667
2026-01-15 08:00:00,13.120833333333332,76.94661693378278,40.06916666666667
2026-01-15 09:00:00,5.650833333333334,50.05382174305691,55.2775
2026-01-15 10:00:00,22.813333333333333,25.525420770802494,64.1125
2026-01-15 11:00:00,4.975833333333333,4.899340213474318,85.43333333333334
2026-01-15 12:00:00,-2.7358333333333333,-5.181179299691436,58.13666666666666
2026-01-15 13:00:00,-7.906666666666666,-30.153517214618372,51.81583333333333
2026-01-15 14:00:00,-8.314166666666667,-36.50760112707762,124.44333333333331
2026-01-15 15:00:00,-9.2,-36.17818162635615,72.55833333333334
2026-01-15 16:00:00,-10.926666666666668,-45.176364658485824,74.53166666666667
2026-01-15 17:00:00,-8.529166666666667,-19.2542357984955,124.24416666666669
2026-01-15 18:00:00,-4.6925,12.858687857173509,133.67583333333334
2026-01-15 19:00:00,-8.35,31.358568999015677,145.75583333333333
2026-01-15 20:00:00,-4.694166666666667,49.92006854838496,115.27
2026-01-15 21:00:00,-4.6925,42.59196907239349,98.5175
2026-01-15 22:00:00,-6.185833333333334,37.1637872459132,92.8925
2026-01-15 23:00:00,-2.7000000000000006,34.188204405568264,74.27333333333333
2026-01-16 00:00:00,-2.7000000000000006,41.90949797799213,67.91916666666667
2026-01-16 01:00:00,-2.7000000000000006,36.68568730847491,45.82416666666666
2026-01-16 02:00:00,-2.7000000000000006,31.812228562206748,48.75083333333333
2026-01-16 03:00:00,-2.7000000000000006,29.445833820804356,51.45166666666668
2026-01-16 04:00:00,-2.7000000000000006,31.29340159443293,83.69916666666667
2026-01-16 05:00:00,-2.7000000000000006,38.81575158271618,124.55916666666668
2026-01-16 06:00:00,1.825833333333333,51.25970652722808,83.57666666666667
2026-01-16 07:00:00,-1.4975000000000005,23.42499234171664,21.705
2026-01-16 08:00:00,-8.916666666666666,10.795057837950608,15.874166666666667
2026-01-16 09:00:00,-11.676666666666668,-12.207728115307576,16.22
2026-01-16 10:00:00,-12.1925,-30.40567588215165,5.536666666666666
2026-01-16 11:00:00,-14.511666666666668,-45.25031316228562,29.799166666666665
2026-01-16 12:00:00,-18.24083333333333,-49.43176665258511,29.21
2026-01-16 13:00:00,-14.535000000000002,-58.78602673764711,81.64666666666666
2026-01-16 14:00:00,-13.363333333333337,-55.47817465844186,147.8658333333333
2026-01-16 15:00:00,-13.465833333333334,-53.52064788214041,245.06333333333336
2026-01-16 16:00:00,-16.065833333333334,-30.54008664151036,587.9475
2026-01-16 17:00:00,-11.7375,-33.373745274193936,269.0208333333333
2026-01-16 18:00:00,-6.625,-19.886279583498577,44.6675
2026-01-16 19:00:00,-1.384166666666667,13.89939434825584,85.06833333333333
2026-01-16 20:00:00,0.9058333333333334,46.5262380511484,90.59
2026-01-16 21:00:00,2.784166666666667,47.91027630933779,89.27166666666666
2026-01-16 22:00:00,-1.596666666666667,44.8131918130666,72.45583333333333
2026-01-16 23:00:00,-2.7000000000000006,46.31558680678637,71.22333333333333
2026-01-17 00:00:00,-2.7000000000000006,56.58992246031386,21.4625
2026-01-17 01:00:00,-2.7000000000000006,42.68528778852071,1.8591666666666669
2026-01-17 02:00:00,-3.205,33.99362218922025,-1.5425000000000002
2026-01-17 03:00:00,-5.705000000000001,26.93796481547232,-5.9191666666666665
2026-01-17 04:00:00,-5.490000000000001,27.675162412962894,-6.853333333333333
2026-01-17 05:00:00,-5.2825,31.95783658126596,-6.896666666666667
2026-01-17 06:00:00,-2.7000000000000006,34.04062437204017,-11.796666666666669
2026-01-17 07:00:00,-0.589166666666667,6.332423154012815,-9.025833333333331
2026-01-17 08:00:00,-11.5075,-22.34736605154312,-10.814166666666669
2026-01-17 09:00:00,-11.795,-38.38146413512031,-23.31833333333333
2026-01-17 10:00:00,-14.47,-51.91966500351445,-35.24333333333333
2026-01-17 11:00:00,-17.40833333333333,-55.093140896523,-49.43416666666667
2026-01-17 12:00:00,-27.05666666666667,-63.938007106440935,-54.5975
2026-01-17 13:00:00,-26.33083333333333,-58.95469614608452,-59.845
2026-01-17 14:00:00,-21.58583333333333,-53.61408035720457,-66.68166666666667
2026-01-17 15:00:00,-11.990833333333333,-53.48389522722003,-62.028333333333336
2026-01-17 16:00:00,-7.868333333333333,-48.815330060372574,-61.825
2026-01-17 17:00:00,-5.530833333333334,-38.45786576886296,-23.90333333333333
2026-01-17 18:00:00,-5.066666666666666,-7.723843342537464,-9.314166666666669
2026-01-17 19:00:00,-1.4391666666666667,27.5805376918222,-5.645
2026-01-17 20:00:00,17.993333333333336,79.8367656648687,1.2633333333333332
2026-01-17 21:00:00,12.463333333333331,73.13320888659513,14.455
2026-01-17 22:00:00,8.644166666666665,72.88984454194772,19.151666666666667
2026-01-17 23:00:00,7.354999999999999,75.27391040073842,17.57
2026-01-18 00:00:00,8.589166666666666,91.1854730327096,17.705833333333334
2026-01-18 01:00:00,2.245,85.56078589069016,11.433333333333332
2026-01-18 02:00:00,-0.4641666666666666,79.47506654313706,8.720833333333333
2026-01-18 03:00:00,5.97,74.08101053627078,9.880833333333332
2026-01-18 04:00:00,4.538333333333333,72.24810781242738,7.800833333333333
2026-01-18 05:00:00,7.968333333333334,71.15279128735679,3.7466666666666666
2026-01-18 06:00:00,9.1625,62.82596487467968,3.746666666666666
2026-01-18 07:00:00,-0.0375000000000001,24.145681991155307,-2.4
2026-01-18 08:00:00,-8.214166666666666,-11.799702846150794,-10.606666666666667
2026-01-18 09:00:00,-8.574166666666667,-23.16835652547444,-8.155
2026-01-18 10:00:00,-21.096666666666668,-20.958198354233843,-25.640833333333333
2026-01-18 11:00:00,-27.084166666666665,-15.078762754808864,-48.8525
2026-01-18 12:00:00,-25.535,-22.23673756522957,-63.568333333333335
2026-01-18 13:00:00,-28.59,-18.79242846752545,-76.33
2026-01-18 14:00:00,-23.493333333333336,-8.790136348162676,-83.59583333333333
2026-01-18 15:00:00,-7.716666666666666,-4.152465599995054,-84.52166666666666
2026-01-18 16:00:00,-2.9491666666666667,4.129701901465069,-63.47333333333333
2026-01-18 17:00:00,9.011666666666668,12.603562964559288,-36.865
2026-01-18 18:00:00,24.8,40.86499861193388,-9.074166666666668
2026-01-18 19:00:00,39.92583333333334,74.24925701877393,10.461666666666668
2026-01-18 20:00:00,55.54750000000001,105.97141793552836,15.803333333333333
2026-01-18 21:00:00,53.70583333333334,101.96116784637846,17.640833333333333
2026-01-18 22:00:00,40.4475,100.21805346725418,10.5825
2026-01-18 23:00:00,24.840833333333336,103.2254700181044,13.619166666666668
2026-01-19 00:00:00,35.0025,106.2816328897643,17.025833333333335
2026-01-19 01:00:00,11.143333333333333,96.96188116907204,12.363333333333332
2026-01-19 02:00:00,9.096666666666666,90.13879354387194,20.83833333333333
2026-01-19 03:00:00,5.744166666666666,81.19374310556347,26.311666666666667
2026-01-19 04:00:00,8.518333333333333,70.5226635464211,30.589166666666667
2026-01-19 05:00:00,9.263333333333334,73.59270618001337,32.67583333333334
2026-01-19 06:00:00,9.89,83.10269823689079,43.28666666666666
2026-01-19 07:00:00,0.7716666666666664,65.33793848571347,41.26583333333333
2026-01-19 08:00:00,-9.616666666666667,43.046875742264405,6.824166666666667
2026-01-19 09:00:00,-7.738333333333333,22.10381454742308,-2.7608333333333337
2026-01-19 10:00:00,-10.2675,5.555725882411451,-4.756666666666667
2026-01-19 11:00:00,-7.065,6.652820273404927,-8.706666666666667
2026-01-19 12:00:00,-4.4375,26.034760578801503,-11.063333333333333
2026-01-19 13:00:00,5.6000000000000005,63.23162953797637,-9.168333333333331
2026-01-19 14:00:00,27.88083333333333,111.72310089165296,-1.6783333333333337
2026-01-19 15:00:00,24.861666666666668,137.37391618320373,-0.2741666666666667
2026-01-19 16:00:00,33.583333333333336,141.06603026117938,5.189166666666667
2026-01-19 17:00:00,2.3975,109.3309728277381,0.0374999999999998
2026-01-19 18:00:00,-2.869166666666666,111.66371839989876,3.7833333333333328
2026-01-19 19:00:00,29.680833333333336,113.20965052273564,34.54083333333333
2026-01-19 20:00:00,41.693333333333335,104.57096849828712,55.54
2026-01-19 21:00:00,37.22916666666666,108.64652660397356,57.3075
2026-01-19 22:00:00,34.705,109.2905233056397,52.92
2026-01-19 23:00:00,32.4,108.47305452380624,53.56
2026-01-20 00:00:00,42.90083333333333,112.49423999631026,59.92
2026-01-20 01:00:00,48.78666666666667,108.18247640912732,62.28416666666666
2026-01-20 02:00:00,52.35833333333333,106.24335185781516,62.66833333333333
2026-01-20 03:00:00,57.68416666666667,108.59950412808676,58.1175
2026-01-20 04:00:00,64.05666666666667,111.53644994343512,63.13333333333333
2026-01-20 05:00:00,68.44666666666667,122.24157688856246,77.51083333333334
2026-01-20 06:00:00,72.65416666666667,132.43392971240633,80.52833333333334
2026-01-20 07:00:00,60.81916666666667,112.94938280454993,63.66833333333333
2026-01-20 08:00:00,41.50333333333333,76.39084654379255,45.69333333333333
2026-01-20 09:00:00,7.06,45.36804705469705,39.431666666666665
2026-01-20 10:00:00,2.6508333333333334,26.33036530758009,25.5525
2026-01-20 11:00:00,5.239166666666667,17.585274524237278,19.77833333333333
2026-01-20 12:00:00,5.229166666666667,1.8637977195492117,14.7575
2026-01-20 13:00:00,4.888333333333334,-6.798870732296066,13.753333333333336
2026-01-20 14:00:00,7.138333333333333,-4.682630355421964,8.420833333333333
2026-01-20 15:00:00,9.42,17.325790023911097,8.380833333333333
2026-01-20 16:00:00,27.44833333333333,46.95511483351846,10.619166666666668
2026-01-20 17:00:00,54.193333333333335,86.08315312337756,28.836666666666662
2026-01-20 18:00:00,61.78416666666666,113.54548759379156,31.33833333333333
2026-01-20 19:00:00,66.695,126.53868600765436,67.34
2026-01-20 20:00:00,69.86,131.84503572839935,70.83916666666667
2026-01-20 21:00:00,68.33833333333332,140.0080826033144,63.905
2026-01-20 22:00:00,66.37416666666667,124.58914793672628,53.68666666666667
2026-01-20 23:00:00,63.93333333333334,110.1862774452637,62.68083333333333
2026-01-21 00:00:00,63.35666666666666,102.98396197926463,64.45
2026-01-21 01:00:00,61.95916666666667,99.8548008488226,60.3625
2026-01-21 02:00:00,59.66583333333333,96.301013591225,57.645833333333336
2026-01-21 03:00:00,61.17250000000001,92.72756447065488,56.70250000000001
2026-01-21 04:00:00,69.24583333333334,86.96299026955298,57.620000000000005
2026-01-21 05:00:00,75.27666666666667,95.0225919589966,56.41166666666666
2026-01-21 06:00:00,89.96666666666665,108.38126567718686,70.06500000000001
2026-01-21 07:00:00,76.13000000000001,98.33250480179666,51.585
2026-01-21 08:00:00,40.865833333333335,68.32711970458571,10.529166666666669
2026-01-21 09:00:00,14.274166666666666,33.244438529864325,8.134166666666667
2026-01-21 10:00:00,0.2291666666666667,15.606978749879056,8.52
2026-01-21 11:00:00,-6.0225,-4.027652081349331,9.085
2026-01-21 12:00:00,-8.493333333333334,-25.03244527718938,11.156666666666666
2026-01-21 13:00:00,-10.034166666666666,-26.533467186275946,-1.5091666666666663
2026-01-21 14:00:00,-10.4425,-29.80031673490808,-7.161666666666666
2026-01-21 15:00:00,-10.2075,-24.86495096178868,-8.565
2026-01-21 16:00:00,-17.19333333333333,-11.01046116250602,-9.025833333333331
2026-01-21 17:00:00,-9.546666666666669,-1.2297007956341872,3.1875
2026-01-21 18:00:00,-6.339166666666667,14.98533796039986,22.92333333333333
2026-01-21 19:00:00,-2.8175000000000003,31.23608047403998,57.92583333333334
2026-01-21 20:00:00,-0.535,68.28518180592215,67.29666666666667
2026-01-21 21:00:00,4.230833333333334,69.52637737401369,66.58083333333333
2026-01-21 22:00:00,-1.4258333333333333,23.20911995656941,72.805
2026-01-21 23:00:00,0.1174999999999999,18.99642630092796,84.45666666666666
2026-01-22 00:00:00,9.15,33.52266237898591,119.26916666666666
2026-01-22 01:00:00,10.3375,22.35001074875416,75.3975
2026-01-22 02:00:00,10.985,19.009173412772636,67.31750000000001
2026-01-22 03:00:00,10.5175,14.615653538488736,61.3575
2026-01-22 04:00:00,12.3175,19.512231093089724,56.79666666666666
2026-01-22 05:00:00,11.7575,32.94152440364637,56.689166666666665
2026-01-22 06:00:00,10.261666666666663,46.78351971898273,61.45
2026-01-22 07:00:00,12.774166666666666,25.965396477880105,48.68833333333333
2026-01-22 08:00:00,-6.578333333333333,4.140399307810171,13.120833333333332
2026-01-22 09:00:00,-13.088333333333331,-15.642838717602244,5.650833333333334
2026-01-22 10:00:00,-20.04833333333333,-22.46965479351354,22.813333333333333
2026-01-22 11:00:00,-23.17,-45.60460703791115,4.975833333333333
2026-01-22 12:00:00,-24.930833333333336,-55.80113161389812,-2.7358333333333333
2026-01-22 13:00:00,-27.231666666666666,-65.86219574217847,-7.906666666666666
2026-01-22 14:00:00,-23.62833333333333,-63.0373440939226,-8.314166666666667
2026-01-22 15:00:00,-15.034166666666666,-56.56510479349672,-9.2
2026-01-22 16:00:00,-10.823333333333332,-52.17859250944994,-10.926666666666668
2026-01-22 17:00:00,-6.2875000000000005,-28.90528360814972,-8.529166666666667
2026-01-22 18:00:00,-3.240833333333333,-9.148252100743406,-4.6925
2026-01-22 19:00:00,6.491666666666667,22.351874978158264,-8.35
2026-01-22 20:00:00,24.605833333333333,62.55377410954342,-4.694166666666667
2026-01-22 21:00:00,19.08,68.36764307886072,-4.6925
2026-01-22 22:00:00,19.166666666666668,69.14094416197209,-6.185833333333334
2026-01-22 23:00:00,30.81583333333333,71.20931463741702,-2.7000000000000006
2026-01-23 00:00:00,29.29583333333333,81.54019162255783,-2.7000000000000006
2026-01-23 01:00:00,36.318333333333335,87.26726426740582,-2.7000000000000006
2026-01-23 02:00:00,24.618333333333336,85.22800360435762,-2.7000000000000006
2026-01-23 03:00:00,30.57083333333333,81.83217866768207,-2.7000000000000006
2026-01-23 04:00:00,35.94,82.86452578598679,-2.7000000000000006
2026-01-23 05:00:00,38.744166666666665,95.71920129530582,-2.7000000000000006
2026-01-23 06:00:00,48.9875,110.43363940575485,1.825833333333333
2026-01-23 07:00:00,28.096666666666664,84.00736494949297,-1.4975000000000005
2026-01-23 08:00:00,-1.7633333333333334,33.32552741132408,-8.916666666666666
2026-01-23 09:00:00,-6.13,4.120992859025762,-11.676666666666668
2026-01-23 10:00:00,-6.7425,-2.6935700010381822,-12.1925
2026-01-23 11:00:00,-7.945833333333333,2.3832314212693437,-14.511666666666668
2026-01-23 12:00:00,-7.673333333333333,-3.0969134415772004,-18.24083333333333
2026-01-23 13:00:00,-6.4375,-2.263423157916904,-14.535000000000002
2026-01-23 14:00:00,0.1541666666666664,-10.871618458991591,-13.363333333333337
2026-01-23 15:00:00,2.480833333333333,-14.188650306013171,-13.465833333333334
2026-01-23 16:00:00,0.4299999999999997,12.82069161084518,-16.065833333333334
2026-01-23 17:00:00,5.4558333333333335,24.248664998144847,-11.7375
2026-01-23 18:00:00,24.570833333333336,53.231627644182886,-6.625
2026-01-23 19:00:00,54.748333333333335,94.4296191352382,-1.384166666666667
2026-01-23 20:00:00,61.48166666666666,118.7082202121908,0.9058333333333334
2026-01-23 21:00:00,55.82583333333333,117.51292305414192,2.784166666666667
2026-01-23 22:00:00,46.6325,108.38032184836013,-1.596666666666667
2026-01-23 23:00:00,36.88833333333333,99.10886145092192,-2.7000000000000006
2026-01-24 00:00:00,17.794166666666666,98.18081387036676,-2.7000000000000006
2026-01-24 01:00:00,14.695833333333333,103.07548453071836,-2.7000000000000006
2026-01-24 02:00:00,23.296666666666667,97.0702693579818,-3.205
2026-01-24 03:00:00,19.18,92.63840310570664,-5.705000000000001
2026-01-24 04:00:00,19.1475,87.74773573598614,-5.490000000000001
2026-01-24 05:00:00,19.694166666666664,80.04526948750501,-5.2825
2026-01-24 06:00:00,14.24,68.09705464513375,-2.7000000000000006
2026-01-24 07:00:00,-0.4583333333333332,32.85819254191979,-0.589166666666667
2026-01-24 08:00:00,-7.665,-1.237815511459715,-11.5075
2026-01-24 09:00:00,-6.743333333333333,-17.81079121931468,-11.795
2026-01-24 10:00:00,-7.083333333333333,-29.880744865549783,-14.47
2026-01-24 11:00:00,-8.3725,-30.50074713275229,-17.40833333333333
2026-01-24 12:00:00,-8.919166666666667,-15.750992874932678,-27.05666666666667
2026-01-24 13:00:00,-10.0225,2.0334809575902995,-26.33083333333333
2026-01-24 14:00:00,-6.966666666666666,18.99201346983933,-21.58583333333333
2026-01-24 15:00:00,-2.1925000000000003,45.06882821010916,-11.990833333333333
2026-01-24 16:00:00,20.13416666666667,84.17364157944512,-7.868333333333333
2026-01-24 17:00:00,59.96333333333333,120.67831621152249,-5.530833333333334
2026-01-24 18:00:00,72.60166666666667,166.31547500601636,-5.066666666666666
2026-01-24 19:00:00,103.7925,181.86213681972947,-1.4391666666666667
2026-01-24 20:00:00,123.0825,178.70547865529514,17.993333333333336
2026-01-24 21:00:00,118.91416666666667,162.65280370331288,12.463333333333331
2026-01-24 22:00:00,118.825,139.46439228952835,8.644166666666665
2026-01-24 23:00:00,110.8025,127.6588299932957,7.354999999999999
2026-01-25 00:00:00,89.77083333333333,123.64748132247874,8.589166666666666
2026-01-25 01:00:00,82.225,113.81621416505382,2.245
2026-01-25 02:00:00,86.66250000000001,107.55080190047872,-0.4641666666666666
2026-01-25 03:00:00,85.60583333333334,99.30541264157,5.97
2026-01-25 04:00:00,77.03833333333333,91.22344006735236,4.538333333333333
2026-01-25 05:00:00,64.83083333333333,81.40224024740753,7.968333333333334
2026-01-25 06:00:00,64.29083333333334,71.83104314162294,9.1625
2026-01-25 07:00:00,34.31166666666667,41.05002077860321,-0.0375000000000001
2026-01-25 08:00:00,21.98,10.01439782263916,-8.214166666666666
2026-01-25 09:00:00,19.77833333333333,-3.38953946049854,-8.574166666666667
2026-01-25 10:00:00,0.5483333333333333,-15.730096494004854,-21.096666666666668
2026-01-25 11:00:00,-1.9358333333333333,-34.85571379781949,-27.084166666666665
2026-01-25 12:00:00,-4.333333333333333,-42.60954397440474,-25.535
2026-01-25 13:00:00,-5.275,-42.04327321741758,-28.59
2026-01-25 14:00:00,-6.1066666666666665,-36.02441443786337,-23.493333333333336
2026-01-25 15:00:00,-0.0141666666666664,-22.170410133651103,-7.716666666666666
2026-01-25 16:00:00,14.885833333333332,-4.063054558921508,-2.9491666666666667
2026-01-25 17:00:00,31.6075,24.71879103226841,9.011666666666668
2026-01-25 18:00:00,82.2725,53.006693111654776,24.8
2026-01-25 19:00:00,144.66,72.28590781153649,39.92583333333334
2026-01-25 20:00:00,127.25,80.49988321973852,55.54750000000001
2026-01-25 21:00:00,107.275,82.85295675483137,53.70583333333334
2026-01-25 22:00:00,81.14833333333333,76.08096904507197,40.4475
2026-01-25 23:00:00,67.845,73.53988413516696,24.840833333333336
2026-01-26 00:00:00,66.40333333333334,81.87997351906105,35.0025
2026-01-26 01:00:00,37.4975,90.05199223827584,11.143333333333333
2026-01-26 02:00:00,28.9575,88.51298339762006,9.096666666666666
2026-01-26 03:00:00,38.1375,87.82994045115315,5.744166666666666
2026-01-26 04:00:00,44.428333333333335,88.57730420445094,8.518333333333333
2026-01-26 05:00:00,49.10416666666666,94.53768498303424,9.263333333333334
2026-01-26 06:00:00,45.67666666666667,97.81234479214643,9.89
2026-01-26 07:00:00,16.6225,73.28378061546113,0.7716666666666664
2026-01-26 08:00:00,1.12,30.83356276627812,-9.616666666666667
2026-01-26 09:00:00,1.1125,4.552149901077897,-7.738333333333333
2026-01-26 10:00:00,-2.0391666666666666,-16.858735493422145,-10.2675
2026-01-26 11:00:00,-5.608333333333333,-14.410132963763786,-7.065
2026-01-26 12:00:00,-2.6508333333333334,-8.803652833107037,-4.4375
2026-01-26 13:00:00,-0.8658333333333333,-2.804657088649293,5.6000000000000005
2026-01-26 14:00:00,4.433333333333334,8.015823501409642,27.88083333333333
2026-01-26 15:00:00,30.5325,36.55223849185641,24.861666666666668
2026-01-26 16:00:00,29.3875,75.21522408730553,33.583333333333336
2026-01-26 17:00:00,96.06666666666666,115.49170452404076,2.3975
2026-01-26 18:00:00,110.34833333333334,150.23796020955837,-2.869166666666666
2026-01-26 19:00:00,151.92916666666667,171.82791488753503,29.680833333333336
2026-01-26 20:00:00,191.9375,166.23176388926083,41.693333333333335
2026-01-26 21:00:00,102.74583333333334,143.52127225552726,37.22916666666666
2026-01-26 22:00:00,129.19333333333333,132.60112963998122,34.705
2026-01-26 23:00:00,65.62083333333334,120.1863347470664,32.4
2026-01-27 00:00:00,61.6,120.21467207378254,42.90083333333333
2026-01-27 01:00:00,56.307500000000005,115.70356393766323,48.78666666666667
2026-01-27 02:00:00,54.45249999999999,108.46496575480973,52.35833333333333
2026-01-27 03:00:00,52.10416666666666,103.5855817925992,57.68416666666667
2026-01-27 04:00:00,49.70166666666666,108.79558859519784,64.05666666666667
2026-01-27 05:00:00,48.32083333333333,122.93006468425423,68.44666666666667
2026-01-27 06:00:00,47.7625,136.80353981714012,72.65416666666667
2026-01-27 07:00:00,19.171666666666667,104.40423538383112,60.81916666666667
2026-01-27 08:00:00,23.724166666666665,65.47956535294718,41.50333333333333
2026-01-27 09:00:00,34.5525,39.83712111015435,7.06
2026-01-27 10:00:00,34.30083333333334,26.45626957419305,2.6508333333333334
2026-01-27 11:00:00,22.02083333333333,33.72951660530663,5.239166666666667
2026-01-27 12:00:00,17.9925,52.05223856098789,5.229166666666667
2026-01-27 13:00:00,26.94333333333333,76.40445679898627,4.888333333333334
2026-01-27 14:00:00,64.47166666666666,105.68826256239012,7.138333333333333
2026-01-27 15:00:00,116.87833333333332,140.21372499018216,9.42
2026-01-27 16:00:00,283.72166666666664,175.30289098028084,27.44833333333333
2026-01-27 17:00:00,455.035,207.56629827369835,54.193333333333335
2026-01-27 18:00:00,1115.3233333333335,215.7242596064813,61.78416666666666
2026-01-27 19:00:00,502.7791666666666,206.9755922823074,66.695
2026-01-27 20:00:00,237.63583333333327,203.9385459213773,69.86
2026-01-27 21:00:00,115.38916666666668,180.14380974499926,68.33833333333332
2026-01-27 22:00:00,110.66083333333334,155.43686770094973,66.37416666666667
2026-01-27 23:00:00,141.0025,153.79089180607656,63.93333333333334
2026-01-28 00:00:00,95.94333333333331,149.0715530110716,63.35666666666666
2026-01-28 01:00:00,91.43333333333334,144.45270935027762,61.95916666666667
2026-01-28 02:00:00,89.0125,132.97490528582716,59.66583333333333
2026-01-28 03:00:00,97.73,127.75429695589428,61.17250000000001
2026-01-28 04:00:00,96.1625,119.10717119713564,69.24583333333334
2026-01-28 05:00:00,103.455,123.7730609346825,75.27666666666667
2026-01-28 06:00:00,136.11249999999998,144.52449403398714,89.96666666666665
2026-01-28 07:00:00,134.98999999999998,133.5997961327699,76.13000000000001
2026-01-28 08:00:00,52.82083333333333,97.28563071191138,40.865833333333335
2026-01-28 09:00:00,22.3475,56.204110039824414,14.274166666666666
2026-01-28 10:00:00,5.55,26.38094402850161,0.2291666666666667
2026-01-28 11:00:00,9.351666666666668,22.22320078852583,-6.0225
2026-01-28 12:00:00,9.155833333333334,20.8109138018086,-8.493333333333334
2026-01-28 13:00:00,8.470833333333333,33.355648597028626,-10.034166666666666
2026-01-28 14:00:00,12.4275,25.36670865992734,-10.4425
2026-01-28 15:00:00,33.00416666666667,36.551478814666574,-10.2075
2026-01-28 16:00:00,50.51583333333334,52.64232577880234,-17.19333333333333
2026-01-28 17:00:00,28.89833333333333,61.757217923081456,-9.546666666666669
2026-01-28 18:00:00,64.91666666666667,75.38054066123466,-6.339166666666667
2026-01-28 19:00:00,70.90666666666667,84.59722913029164,-2.8175000000000003
2026-01-28 20:00:00,67.61333333333333,109.50259646445431,-0.535
2026-01-28 21:00:00,62.3225,100.04508279937042,4.230833333333334
2026-01-28 22:00:00,45.51499999999999,80.03720234192245,-1.4258333333333333
2026-01-28 23:00:00,28.084166666666665,71.65385880270371,0.1174999999999999
2026-01-29 00:00:00,20.36,72.47515290872335,9.15
2026-01-29 01:00:00,17.065833333333334,66.59599740719774,10.3375
2026-01-29 02:00:00,18.63,67.82502225882136,10.985
2026-01-29 03:00:00,11.388333333333334,60.30076228302264,10.5175
2026-01-29 04:00:00,8.549166666666666,62.1574302362057,12.3175
2026-01-29 05:00:00,13.404166666666669,80.9648277971678,11.7575
2026-01-29 06:00:00,44.85,110.64667182799867,10.261666666666663
2026-01-29 07:00:00,39.75083333333333,105.17526239315096,12.774166666666666
2026-01-29 08:00:00,12.808333333333332,73.57873634982472,-6.578333333333333
2026-01-29 09:00:00,19.114166666666662,51.57466451163302,-13.088333333333331
2026-01-29 10:00:00,16.68,25.470134005415478,-20.04833333333333
2026-01-29 11:00:00,14.901666666666666,7.8707516106019,-23.17
2026-01-29 12:00:00,14.066666666666668,-2.3957512670617973,-24.930833333333336
2026-01-29 13:00:00,19.34,1.5181153467449209,-27.231666666666666
2026-01-29 14:00:00,29.771666666666665,30.361892630983668,-23.62833333333333
2026-01-29 15:00:00,55.925,68.27138193458853,-15.034166666666666
2026-01-29 16:00:00,33.4625,75.84667276961426,-10.823333333333332
2026-01-29 17:00:00,28.5825,79.68321613082796,-6.2875000000000005
2026-01-29 18:00:00,64.68416666666667,103.71016851791416,-3.240833333333333
2026-01-29 19:00:00,92.0325,120.48428673136776,6.491666666666667
2026-01-29 20:00:00,94.59666666666668,142.83341966271885,24.605833333333333
2026-01-29 21:00:00,96.49083333333334,138.75042135773634,19.08
2026-01-29 22:00:00,95.47166666666668,128.8500166839621,19.166666666666668
2026-01-29 23:00:00,84.83583333333333,115.38405943904137,30.81583333333333
2026-01-30 00:00:00,91.87166666666668,119.58632490619507,29.29583333333333
2026-01-30 01:00:00,75.90083333333332,121.91088280926348,36.318333333333335
2026-01-30 02:00:00,71.33083333333333,119.18849430566056,24.618333333333336
2026-01-30 03:00:00,77.23916666666666,115.52183747096512,30.57083333333333
2026-01-30 04:00:00,83.5,119.49584010352908,35.94
2026-01-30 05:00:00,100.80666666666669,124.4524188506574,38.744166666666665
2026-01-30 06:00:00,111.79833333333332,140.55264296334133,48.9875
2026-01-30 07:00:00,112.695,128.76361752234095,28.096666666666664
2026-01-30 08:00:00,92.81416666666668,96.69571825488836,-1.7633333333333334
2026-01-30 09:00:00,74.99416666666666,75.26511420890468,-6.13
2026-01-30 10:00:00,80.87166666666667,60.49246746549339,-6.7425
2026-01-30 11:00:00,91.2225,51.62096470477596,-7.945833333333333
2026-01-30 12:00:00,103.7125,47.19410506104347,-7.673333333333333
2026-01-30 13:00:00,104.5825,50.8377776559779,-6.4375
2026-01-30 14:00:00,84.48166666666667,57.83149385042667,0.1541666666666664
2026-01-30 15:00:00,56.5725,75.92448363858905,2.480833333333333
2026-01-30 16:00:00,94.03166666666668,115.89892369478014,0.4299999999999997
2026-01-30 17:00:00,106.885,152.97000434769774,5.4558333333333335
2026-01-30 18:00:00,120.7275,163.882795608994,24.570833333333336
2026-01-30 19:00:00,134.76583333333335,191.03159463202937,54.748333333333335
2026-01-30 20:00:00,123.79,192.04190479486613,61.48166666666666
2026-01-30 21:00:00,103.945,181.07965898693843,55.82583333333333
2026-01-30 22:00:00,100.36333333333334,160.99986805458735,46.6325
2026-01-30 23:00:00,93.49833333333332,145.05221222096918,36.88833333333333
2026-01-31 00:00:00,104.305,142.760024250429,17.794166666666666
2026-01-31 01:00:00,114.415,134.5941718446189,14.695833333333333
2026-01-31 02:00:00,116.18583333333332,130.70634641234005,23.296666666666667
2026-01-31 03:00:00,100.3075,124.4948196827956,19.18
2026-01-31 04:00:00,103.235,122.24095112912642,19.1475
2026-01-31 05:00:00,120.19083333333332,121.92982724613115,19.694166666666664
2026-01-31 06:00:00,142.95166666666668,125.68502697872088,14.24
2026-01-31 07:00:00,144.70833333333334,104.5257985660709,-0.4583333333333332
2026-01-31 08:00:00,193.9466666666667,67.01323026254325,-7.665
2026-01-31 09:00:00,153.57,43.10338723857936,-6.743333333333333
2026-01-31 10:00:00,32.204166666666666,25.08749309285227,-7.083333333333333
2026-01-31 11:00:00,31.710833333333337,12.01254386190356,-8.3725
2026-01-31 12:00:00,38.38583333333333,16.09382873832488,-8.919166666666667
2026-01-31 13:00:00,46.3825,27.630254716945508,-10.0225
2026-01-31 14:00:00,65.58833333333332,72.56289818942986,-6.966666666666666
2026-01-31 15:00:00,35.723333333333336,54.195061697776666,-2.1925000000000003
2026-01-31 16:00:00,15.4575,55.48019429277677,20.13416666666667
2026-01-31 17:00:00,11.445,59.031389329161314,59.96333333333333
2026-01-31 18:00:00,43.8775,81.71977769178739,72.60166666666667
2026-01-31 19:00:00,86.39,78.78103664051136,103.7925
2026-01-31 20:00:00,78.4525,89.00395482597538,123.0825
2026-01-31 21:00:00,66.1875,71.03348908480777,118.91416666666667
2026-01-31 22:00:00,34.7,55.02007578551446,118.825
2026-01-31 23:00:00,34.634166666666665,41.805784759615946,110.8025
2026-02-01 00:00:00,45.97166666666666,41.7361923936903,89.77083333333333
2026-02-01 01:00:00,31.992500000000003,46.53024885540773,82.225
2026-02-01 02:00:00,33.70583333333333,46.49721861192549,86.66250000000001
2026-02-01 03:00:00,28.4225,48.81130228764995,85.60583333333334
2026-02-01 04:00:00,33.865833333333335,51.007984916108704,77.03833333333333
2026-02-01 05:00:00,20.255,48.808271135044514,64.83083333333333
2026-02-01 06:00:00,14.346666666666666,41.446518231628886,64.29083333333334
2026-02-01 07:00:00,28.3775,11.235907173209782,34.31166666666667
2026-02-01 08:00:00,36.43833333333333,-9.732658559873911,21.98
2026-02-01 09:00:00,-6.05,-30.520785454313327,19.77833333333333
2026-02-01 10:00:00,-8.785833333333334,-38.477574732555226,0.5483333333333333
2026-02-01 11:00:00,-29.534166666666668,-39.42364535120173,-1.9358333333333333
2026-02-01 12:00:00,-44.9275,-50.69050326042294,-4.333333333333333
2026-02-01 13:00:00,-52.30833333333334,-53.37916365796384,-5.275
2026-02-01 14:00:00,-48.78916666666667,-45.47797999513992,-6.1066666666666665
2026-02-01 15:00:00,-28.469166666666663,-41.07403909170041,-0.0141666666666664
2026-02-01 16:00:00,-29.840833333333336,-40.15351312615167,14.885833333333332
2026-02-01 17:00:00,-17.008333333333333,-36.94654872342564,31.6075
2026-02-01 18:00:00,-10.394166666666669,-30.1836043069474,82.2725
2026-02-01 19:00:00,-7.495833333333334,-18.78107468261221,144.66
2026-02-01 20:00:00,-3.3375,-5.783802445658608,127.25
2026-02-01 21:00:00,2.6016666666666666,-4.32548714318682,107.275
2026-02-01 22:00:00,7.039166666666667,-8.485722140853952,81.14833333333333
2026-02-01 23:00:00,4.234166666666667,-7.147959214696911,67.845
2026-02-02 00:00:00,11.295833333333334,3.970753405329887,66.40333333333334
2026-02-02 01:00:00,10.123333333333331,10.047243016148002,37.4975
2026-02-02 02:00:00,10.155,14.026144612930407,28.9575
2026-02-02 03:00:00,9.006666666666666,20.6655114989899,38.1375
2026-02-02 04:00:00,13.319166666666666,31.22943425955505,44.428333333333335
2026-02-02 05:00:00,23.38166666666667,53.679133489719376,49.10416666666666
2026-02-02 06:00:00,42.134166666666665,81.97758224331093,45.67666666666667
2026-02-02 07:00:00,40.96333333333333,71.27483939195704,16.6225
2026-02-02 08:00:00,-2.770833333333333,28.8036262270503,1.12
2026-02-02 09:00:00,-12.0775,-8.019645795729957,1.1125
2026-02-02 10:00:00,-11.865833333333333,-26.929014920176144,-2.0391666666666666
2026-02-02 11:00:00,-13.4775,-37.0138035596366,-5.608333333333333
2026-02-02 12:00:00,-15.024166666666666,-42.662009287636735,-2.6508333333333334
2026-02-02 13:00:00,-17.108333333333334,-50.17130443365291,-0.8658333333333333
2026-02-02 14:00:00,-13.065833333333332,-46.87506523627728,4.433333333333334
2026-02-02 15:00:00,-10.61,-44.40516930631635,30.5325
2026-02-02 16:00:00,-8.701666666666666,-31.64928449655329,29.3875
2026-02-02 17:00:00,-7.006666666666667,-17.511022422523638,96.06666666666666
2026-02-02 18:00:00,2.3925,0.8621988033607124,110.34833333333334
2026-02-02 19:00:00,44.68083333333333,36.7884163950337,151.92916666666667
2026-02-02 20:00:00,61.4575,69.35070184620321,191.9375
2026-02-02 21:00:00,60.62833333333333,74.18764453853096,102.74583333333334
2026-02-02 22:00:00,29.94,66.26898357552216,129.19333333333333
2026-02-02 23:00:00,15.765,74.07284684508964,65.62083333333334
2026-02-03 00:00:00,47.96833333333333,94.50772663973692,61.6
2026-02-03 01:00:00,56.97666666666667,105.27415228853604,56.307500000000005
2026-02-03 02:00:00,55.34916666666666,108.4015179758304,54.45249999999999
2026-02-03 03:00:00,54.223333333333336,104.92741852254213,52.10416666666666
2026-02-03 04:00:00,58.895833333333336,104.96436590193704,49.70166666666666
2026-02-03 05:00:00,60.626666666666665,107.88085820577032,48.32083333333333
2026-02-03 06:00:00,51.5275,123.307467622363,47.7625
2026-02-03 07:00:00,30.6125,81.40325609656685,19.171666666666667
2026-02-03 08:00:00,2.8016666666666663,26.593875169969078,23.724166666666665
2026-02-03 09:00:00,-5.734166666666667,-13.00495525650166,34.5525
2026-02-03 10:00:00,-6.7375,-33.719984502838514,34.30083333333334
2026-02-03 11:00:00,-6.7941666666666665,-44.29835367145149,22.02083333333333
2026-02-03 12:00:00,-7.538333333333333,-48.30017564516445,17.9925
2026-02-03 13:00:00,-8.705,-47.59713612423504,26.94333333333333
2026-02-03 14:00:00,-6.65,-38.49632743637994,64.47166666666666
2026-02-03 15:00:00,-0.4166666666666667,-20.975144866417185,116.87833333333332
2026-02-03 16:00:00,36.29416666666666,24.379470204748053,283.72166666666664
2026-02-03 17:00:00,70.55333333333333,78.35817817023593,455.035
2026-02-03 18:00:00,87.03083333333332,126.55642812775002,1115.3233333333335
2026-02-03 19:00:00,100.36666666666667,147.66702714523922,502.7791666666666
2026-02-03 20:00:00,95.6225,148.38531967299917,237.63583333333327
2026-02-03 21:00:00,89.115,143.2108483084296,115.38916666666668
2026-02-03 22:00:00,80.17583333333333,126.15489809583534,110.66083333333334
2026-02-03 23:00:00,90.74833333333332,107.35376056826848,141.0025
2026-02-04 00:00:00,97.47916666666669,103.52815782937236,95.94333333333331
2026-02-04 01:00:00,89.11333333333333,81.15387012918598,91.43333333333334
2026-02-04 02:00:00,82.94333333333333,64.32930649205277,89.0125
2026-02-04 03:00:00,79.27166666666666,50.50133615680454,97.73
2026-02-04 04:00:00,74.8275,45.578656705493046,96.1625
2026-02-04 05:00:00,76.4725,50.07321308462362,103.455
2026-02-04 06:00:00,77.18833333333333,61.11010638618049,136.11249999999998
2026-02-04 07:00:00,53.70249999999999,52.13385148430864,134.98999999999998
2026-02-04 08:00:00,1.7141666666666666,27.89824340534397,52.82083333333333
2026-02-04 09:00:00,-1.5766666666666669,14.628767740540098,22.3475
2026-02-04 10:00:00,-0.6308333333333334,15.90103663206424,5.55
2026-02-04 11:00:00,23.329166666666666,35.523455038459616,9.351666666666668
2026-02-04 12:00:00,55.79749999999999,48.97910894674557,9.155833333333334
2026-02-04 13:00:00,40.365833333333335,64.11653010713852,8.470833333333333
2026-02-04 14:00:00,36.009166666666665,76.96374849181998,12.4275
2026-02-04 15:00:00,64.35416666666667,83.31140211763116,33.00416666666667
2026-02-04 16:00:00,83.05666666666666,83.19115790715276,50.51583333333334
2026-02-04 17:00:00,95.37666666666668,96.01337574999508,28.89833333333333
2026-02-04 18:00:00,136.04916666666665,108.51497319443293,64.91666666666667
2026-02-04 19:00:00,177.5275,138.06157240177026,70.90666666666667
2026-02-04 20:00:00,157.12416666666667,160.050864377332,67.61333333333333
2026-02-04 21:00:00,146.32500000000002,136.16259883698422,62.3225
2026-02-04 22:00:00,141.19833333333335,112.48639806590606,45.51499999999999
2026-02-04 23:00:00,108.29833333333332,106.0226219735942,28.084166666666665
2026-02-05 00:00:00,123.18,106.69131736155444,20.36
2026-02-05 01:00:00,123.07083333333333,83.75099102534924,17.065833333333334
2026-02-05 02:00:00,126.02083333333331,76.69131663157519,18.63
2026-02-05 03:00:00,128.0641666666667,83.913292902583,11.388333333333334
2026-02-05 04:00:00,137.5025,92.10694225031932,8.549166666666666
2026-02-05 05:00:00,151.31916666666666,96.90404873124142,13.404166666666669
2026-02-05 06:00:00,176.94083333333333,119.38884367092548,44.85
2026-02-05 07:00:00,148.80583333333334,113.733585156026,39.75083333333333
2026-02-05 08:00:00,55.458333333333336,77.95749928043152,12.808333333333332
2026-02-05 09:00:00,38.2625,34.5246217435348,19.114166666666662
2026-02-05 10:00:00,29.468333333333334,18.697965017534884,16.68
2026-02-05 11:00:00,16.536666666666665,-2.8168431226916795,14.901666666666666
2026-02-05 12:00:00,10.5825,-13.850710538284972,14.066666666666668
2026-02-05 13:00:00,11.8275,-13.733898229849729,19.34
2026-02-05 14:00:00,11.935,-18.2402781217462,29.771666666666665
2026-02-05 15:00:00,-60.37416666666667,-16.238558247150507,55.925
2026-02-05 16:00:00,-1.695833333333333,-5.214673954925473,33.4625
2026-02-05 17:00:00,10.902499999999998,19.733587545698946,28.5825
2026-02-05 18:00:00,30.655833333333334,49.299858327835,64.68416666666667
2026-02-05 19:00:00,128.4175,80.03238908085075,92.0325
2026-02-05 20:00:00,136.5975,104.16111952103486,94.59666666666668
2026-02-05 21:00:00,121.5875,100.54244969064416,96.49083333333334
2026-02-05 22:00:00,104.03416666666668,93.96493198807268,95.47166666666668
2026-02-05 23:00:00,100.7275,85.06170304465192,84.83583333333333
2026-02-06 00:00:00,106.17333333333332,88.44624657629984,91.87166666666668
2026-02-06 01:00:00,127.20333333333332,101.89871446276236,75.90083333333332
2026-02-06 02:00:00,130.13833333333332,104.36121292813536,71.33083333333333
2026-02-06 03:00:00,139.04666666666665,101.81929313508,77.23916666666666
2026-02-06 04:00:00,151.92833333333334,106.00961411067264,83.5
2026-02-06 05:00:00,157.95333333333335,116.38134666444265,100.80666666666669
2026-02-06 06:00:00,176.16,139.04895118981216,111.79833333333332
2026-02-06 07:00:00,123.775,126.29482211696546,112.695
2026-02-06 08:00:00,56.33583333333333,65.70512064057452,92.81416666666668
2026-02-06 09:00:00,47.88333333333333,28.783079728418173,74.99416666666666
2026-02-06 10:00:00,30.85,12.281939439487488,80.87166666666667
2026-02-06 11:00:00,6.344166666666666,-3.587941662310186,91.2225
2026-02-06 12:00:00,18.581666666666667,-17.45047276349655,103.7125
2026-02-06 13:00:00,-59.6075,-25.798515389809356,104.5825
2026-02-06 14:00:00,-16.8,-20.606137879138075,84.48166666666667
2026-02-06 15:00:00,8.1175,-13.951611453557987,56.5725
2026-02-06 16:00:00,86.30666666666667,12.076265150775292,94.03166666666668
2026-02-06 17:00:00,92.56666666666666,41.19535398079976,106.885
2026-02-06 18:00:00,89.32083333333333,71.90007064315213,120.7275
2026-02-06 19:00:00,115.52166666666666,97.86785203807274,134.76583333333335
2026-02-06 20:00:00,97.44916666666666,103.99574238138308,123.79
2026-02-06 21:00:00,84.375,97.87473459084148,103.945
2026-02-06 22:00:00,81.375,93.08441687343834,100.36333333333334
2026-02-06 23:00:00,76.09,92.3199373682154,93.49833333333332
2026-02-07 00:00:00,75.79583333333333,100.1080514071619,104.305
2026-02-07 01:00:00,69.17583333333333,99.7052426027126,114.415
2026-02-07 02:00:00,74.3325,96.77995691298734,116.18583333333332
2026-02-07 03:00:00,78.0175,94.8775508228298,100.3075
2026-02-07 04:00:00,68.69583333333334,94.69088309883404,103.235
2026-02-07 05:00:00,60.3225,96.53655430742542,120.19083333333332
2026-02-07 06:00:00,65.22500000000001,98.78893346542972,142.95166666666668
2026-02-07 07:00:00,52.54833333333334,71.41873941541085,144.70833333333334
2026-02-07 08:00:00,23.53333333333333,20.25740308439368,193.9466666666667
2026-02-07 09:00:00,16.25166666666667,-5.614266321445129,153.57
2026-02-07 10:00:00,9.4075,-21.037961830158565,32.204166666666666
2026-02-07 11:00:00,12.285000000000002,-27.98743766394593,31.710833333333337
2026-02-07 12:00:00,29.22,-36.47544928593783,38.38583333333333
2026-02-07 13:00:00,36.388333333333335,-35.76140899526372,46.3825
2026-02-07 14:00:00,49.875,-32.44536239383817,65.58833333333332
2026-02-07 15:00:00,32.16416666666667,-19.69206798875237,35.723333333333336
2026-02-07 16:00:00,53.1575,6.908015221031576,15.4575
2026-02-07 17:00:00,86.55416666666667,41.26890757995295,11.445
2026-02-07 18:00:00,74.99666666666667,78.64077203084177,43.8775
2026-02-07 19:00:00,77.4175,113.66632096976636,86.39
2026-02-07 20:00:00,85.7425,133.35587978234616,78.4525
2026-02-07 21:00:00,84.445,131.7163039406128,66.1875
2026-02-07 22:00:00,67.01,126.3682070835536,34.7
2026-02-07 23:00:00,52.20249999999999,115.50286118175528,34.634166666666665
2026-02-08 00:00:00,32.48500000000001,114.05787113725133,45.97166666666666
2026-02-08 01:00:00,43.24916666666667,105.68174560873544,31.992500000000003
2026-02-08 02:00:00,27.945833333333336,96.72576342776578,33.70583333333333
2026-02-08 03:00:00,12.783333333333331,75.08000048478505,28.4225
2026-02-08 04:00:00,3.806666666666666,58.584080159417965,33.865833333333335
2026-02-08 05:00:00,0.9216666666666664,45.42328957501985,20.255
2026-02-08 06:00:00,8.17,46.35651802770917,14.346666666666666
2026-02-08 07:00:00,8.95,27.21916155132086,28.3775
2026-02-08 08:00:00,5.246666666666666,2.1043342145035098,36.43833333333333
2026-02-08 09:00:00,-2.84,-8.934202936616984,-6.05
2026-02-08 10:00:00,-5.206666666666666,-17.93738451321211,-8.785833333333334
2026-02-08 11:00:00,21.6275,-0.3058372701475065,-29.534166666666668
2026-02-08 12:00:00,27.15,21.313123415323226,-44.9275
2026-02-08 13:00:00,33.3025,43.37165066584048,-52.30833333333334
2026-02-08 14:00:00,30.32166666666667,26.59373958365748,-48.78916666666667
2026-02-08 15:00:00,25.734166666666667,15.32829932868956,-28.469166666666663
2026-02-08 16:00:00,77.33666666666666,36.41059624901119,-29.840833333333336
2026-02-08 17:00:00,82.1425,107.82423215425872,-17.008333333333333
2026-02-08 18:00:00,100.82,157.88505315368076,-10.394166666666669
2026-02-08 19:00:00,94.7,163.9008818877162,-7.495833333333334
2026-02-08 20:00:00,80.725,156.0571350478836,-3.3375
2026-02-08 21:00:00,72.0675,120.78812754576109,2.6016666666666666
2026-02-08 22:00:00,75.01416666666667,89.07446447917292,7.039166666666667
2026-02-08 23:00:00,95.7925,102.81555477623635,4.234166666666667
2026-02-09 00:00:00,103.82916666666668,115.50507227856176,11.295833333333334
2026-02-09 01:00:00,105.87666666666668,112.9649638660096,10.123333333333331
2026-02-09 02:00:00,103.25583333333331,105.0225845366673,10.155
2026-02-09 03:00:00,94.37166666666668,104.5013149471652,9.006666666666666
2026-02-09 04:00:00,98.22166666666668,109.06123319554996,13.319166666666666
2026-02-09 05:00:00,114.15166666666666,121.58987716276792,23.38166666666667
2026-02-09 06:00:00,127.76083333333334,142.73635918226998,42.134166666666665
2026-02-09 07:00:00,124.18166666666669,142.0160694769923,40.96333333333333
2026-02-09 08:00:00,91.47583333333334,112.27011132786808,-2.770833333333333
2026-02-09 09:00:00,97.66083333333334,93.7509382798949,-12.0775
2026-02-09 10:00:00,100.82166666666666,83.50990663915587,-11.865833333333333
2026-02-09 11:00:00,90.45666666666666,82.41006886782041,-13.4775
2026-02-09 12:00:00,70.77583333333332,79.73144872167134,-15.024166666666666
2026-02-09 13:00:00,61.67083333333333,77.61021204553032,-17.108333333333334
2026-02-09 14:00:00,65.94833333333334,68.86318542781258,-13.065833333333332
2026-02-09 15:00:00,76.70333333333333,53.81938461952178,-10.61
2026-02-09 16:00:00,67.17583333333333,56.55517689699539,-8.701666666666666
2026-02-09 17:00:00,52.590833333333336,59.73794822790465,-7.006666666666667
2026-02-09 18:00:00,89.66333333333334,84.28668354558367,2.3925
2026-02-09 19:00:00,109.98833333333334,105.88416662346388,44.68083333333333
2026-02-09 20:00:00,98.67916666666667,123.3388926888616,61.4575
2026-02-09 21:00:00,96.13166666666666,116.91512238808636,60.62833333333333
2026-02-09 22:00:00,87.0,97.74988082412636,29.94
2026-02-09 23:00:00,88.92416666666666,87.05183948548205,15.765
2026-02-10 00:00:00,84.33333333333333,89.62186647988484,47.96833333333333
2026-02-10 01:00:00,95.635,76.41010017267196,56.97666666666667
2026-02-10 02:00:00,103.01333333333334,77.37759578392053,55.34916666666666
2026-02-10 03:00:00,100.73333333333332,76.8515718158482,54.223333333333336
2026-02-10 04:00:00,119.2125,84.32358308742087,58.895833333333336
2026-02-10 05:00:00,127.18083333333334,105.67803427803965,60.626666666666665
2026-02-10 06:00:00,137.2775,129.30433886409548,51.5275
2026-02-10 07:00:00,134.465,137.4128242844673,30.6125
2026-02-10 08:00:00,81.22083333333333,114.26932053598377,2.8016666666666663
2026-02-10 09:00:00,77.47583333333333,89.99138139438726,-5.734166666666667
2026-02-10 10:00:00,63.74,82.13358939712943,-6.7375
2026-02-10 11:00:00,67.78916666666667,76.26219781810912,-6.7941666666666665
2026-02-10 12:00:00,53.281666666666666,68.45075154111133,-7.538333333333333
2026-02-10 13:00:00,21.449166666666667,49.190677827387766,-8.705
2026-02-10 14:00:00,16.264166666666664,27.077263231797065,-6.65
2026-02-10 15:00:00,9.518333333333333,23.91957194890428,-0.4166666666666667
2026-02-10 16:00:00,21.63,52.81430347753656,36.29416666666666
2026-02-10 17:00:00,106.30083333333332,94.80029076581124,70.55333333333333
2026-02-10 18:00:00,126.74666666666668,140.25152706108906,87.03083333333332
2026-02-10 19:00:00,146.23749999999998,173.997995099025,100.36666666666667
2026-02-10 20:00:00,132.73333333333332,171.08160480758286,95.6225
2026-02-10 21:00:00,130.30666666666667,158.3194638833464,89.115
2026-02-10 22:00:00,122.29916666666666,142.66014068183034,80.17583333333333
2026-02-10 23:00:00,120.9425,128.0208956433038,90.74833333333332
2026-02-11 00:00:00,130.35333333333332,124.61152544458662,97.47916666666669
2026-02-11 01:00:00,122.0025,115.18412886444514,89.11333333333333
2026-02-11 02:00:00,109.39166666666668,95.79153291986236,82.94333333333333
2026-02-11 03:00:00,77.0225,72.43210648735477,79.27166666666666
2026-02-11 04:00:00,72.77583333333332,47.59493890725983,74.8275
2026-02-11 05:00:00,51.15416666666667,41.37857655857241,76.4725
2026-02-11 06:00:00,44.46,54.5569813507913,77.18833333333333
2026-02-11 07:00:00,50.63666666666666,53.43312956987251,53.70249999999999
2026-02-11 08:00:00,26.581666666666667,30.465053853257167,1.7141666666666666
2026-02-11 09:00:00,10.836666666666666,19.563195821018887,-1.5766666666666669
2026-02-11 10:00:00,1.5391666666666666,18.058151395841342,-0.6308333333333334
2026-02-11 11:00:00,1.3116666666666663,32.97219726309628,23.329166666666666
2026-02-11 12:00:00,47.9925,68.20387957478513,55.79749999999999
2026-02-11 13:00:00,88.13333333333333,97.62012618930532,40.365833333333335
2026-02-11 14:00:00,33.487500000000004,80.3376678768057,36.009166666666665
2026-02-11 15:00:00,38.244166666666665,43.272400193637694,64.35416666666667
2026-02-11 16:00:00,31.309166666666663,53.8792280965233,83.05666666666666
2026-02-11 17:00:00,71.14166666666667,102.09498589072724,95.37666666666668
2026-02-11 18:00:00,111.5,135.52982542200198,136.04916666666665
2026-02-11 19:00:00,90.13166666666666,128.67492425722733,177.5275
2026-02-11 20:00:00,114.54416666666668,79.76113772448171,157.12416666666667
2026-02-11 21:00:00,121.40916666666668,67.65333683579843,146.32500000000002
2026-02-11 22:00:00,96.62416666666668,48.89601514321785,141.19833333333335
2026-02-11 23:00:00,62.830000000000005,44.87389958745997,108.29833333333332
2026-02-12 00:00:00,65.74083333333333,52.2455241686311,123.18
2026-02-12 01:00:00,62.88083333333333,35.70477880550376,123.07083333333333
2026-02-12 02:00:00,46.678333333333335,25.411041845405883,126.02083333333331
2026-02-12 03:00:00,39.6375,21.369882081616296,128.0641666666667
2026-02-12 04:00:00,48.67,29.39536986942668,137.5025
2026-02-12 05:00:00,44.494166666666665,55.42349322498615,151.31916666666666
2026-02-12 06:00:00,20.1675,81.74228340575878,176.94083333333333
2026-02-12 07:00:00,8.553333333333333,70.88059153989396,148.80583333333334
2026-02-12 08:00:00,-6.115833333333334,6.7061795666725885,55.458333333333336
2026-02-12 09:00:00,-10.48,-16.42135077635828,38.2625
2026-02-12 10:00:00,-18.281666666666663,-26.3725176231854,29.468333333333334
2026-02-12 11:00:00,-13.605,-32.1063172187291,16.536666666666665
2026-02-12 12:00:00,-21.256666666666668,-50.79910537524961,10.5825
2026-02-12 13:00:00,-25.493333333333336,-49.478807058141285,11.8275
2026-02-12 14:00:00,-34.439166666666665,-68.21260460620698,11.935
2026-02-12 15:00:00,-30.256666666666664,-64.16234964550904,-60.37416666666667
2026-02-12 16:00:00,-22.625,-58.182411474153895,-1.695833333333333
2026-02-12 17:00:00,-10.646666666666668,-36.06897274286696,10.902499999999998
2026-02-12 18:00:00,8.144166666666665,-5.708690430880694,30.655833333333334
2026-02-12 19:00:00,62.28083333333333,36.511096892334045,128.4175
2026-02-12 20:00:00,63.16,61.6893765231568,136.5975
2026-02-12 21:00:00,47.88,67.9129885987244,121.5875
2026-02-12 22:00:00,9.097499999999998,62.33975773468043,104.03416666666668
2026-02-12 23:00:00,8.5,64.15710690920108,100.7275
2026-02-13 00:00:00,23.99083333333333,77.25959295281045,106.17333333333332
2026-02-13 01:00:00,20.17333333333333,79.02699412734486,127.20333333333332
2026-02-13 02:00:00,29.95833333333333,79.91043818193157,130.13833333333332
2026-02-13 03:00:00,28.23,81.68327197089509,139.04666666666665
2026-02-13 04:00:00,21.156666666666663,87.018718120427,151.92833333333334
2026-02-13 05:00:00,21.0075,99.85970190675664,157.95333333333335
2026-02-13 06:00:00,46.53,116.24451919412812,176.16
2026-02-13 07:00:00,23.2175,106.2361513849442,123.775
2026-02-13 08:00:00,-4.6075,63.77261381435292,56.33583333333333
2026-02-13 09:00:00,-6.849166666666666,15.398274105632892,47.88333333333333
2026-02-13 10:00:00,-7.780833333333334,-4.671618304238265,30.85
2026-02-13 11:00:00,-9.418333333333331,-18.760610426103867,6.344166666666666
2026-02-13 12:00:00,-9.61,-32.00328368426143,18.581666666666667
2026-02-13 13:00:00,-12.058333333333332,-45.35424441043807,-59.6075
2026-02-13 14:00:00,-12.166666666666666,-58.34707329224168,-16.8
2026-02-13 15:00:00,-22.387500000000003,-59.33911986747222,8.1175
2026-02-13 16:00:00,-12.6325,-43.4725750220732,86.30666666666667
2026-02-13 17:00:00,-7.458333333333333,-26.201808284568894,92.56666666666666
2026-02-13 18:00:00,-0.6875000000000001,7.395222265259434,89.32083333333333
2026-02-13 19:00:00,18.585,46.11595514491758,115.52166666666666
2026-02-13 20:00:00,8.119166666666667,76.18462028192688,97.44916666666666
2026-02-13 21:00:00,6.1925,70.59231536677741,84.375
2026-02-13 22:00:00,6.8308333333333335,61.01138498925425,81.375
2026-02-13 23:00:00,9.149166666666666,59.05134478002742,76.09
2026-02-14 00:00:00,13.108333333333334,70.61922166848915,75.79583333333333
2026-02-14 01:00:00,7.34,58.25411596945322,69.17583333333333
2026-02-14 02:00:00,9.145,52.66631043044296,74.3325
2026-02-14 03:00:00,8.949166666666665,49.41215209191644,78.0175
2026-02-14 04:00:00,8.861666666666666,54.68642489413105,68.69583333333334
2026-02-14 05:00:00,15.446666666666667,69.05947329217858,60.3225
2026-02-14 06:00:00,17.778333333333332,85.31156146220951,65.22500000000001
2026-02-14 07:00:00,16.546666666666667,74.57091797940987,52.54833333333334
2026-02-14 08:00:00,-7.093333333333334,36.040490705432426,23.53333333333333
2026-02-14 09:00:00,-6.161666666666666,0.7894478087066545,16.25166666666667
2026-02-14 10:00:00,-7.5225,-20.57884334117041,9.4075
2026-02-14 11:00:00,-17.413333333333334,-29.52781586576421,12.285000000000002
2026-02-14 12:00:00,-29.468333333333334,-30.155779222244405,29.22
2026-02-14 13:00:00,-33.100833333333334,-37.23624815846989,36.388333333333335
2026-02-14 14:00:00,-30.86583333333333,-41.38509701061405,49.875
2026-02-14 15:00:00,-20.320833333333333,-33.71750048160109,32.16416666666667
2026-02-14 16:00:00,-10.405833333333332,-18.087023306607875,53.1575
2026-02-14 17:00:00,-7.850833333333333,6.365523007373156,86.55416666666667
2026-02-14 18:00:00,-1.9941666666666664,34.5744293552777,74.99666666666667
2026-02-14 19:00:00,17.580833333333334,78.11526690406879,77.4175
2026-02-14 20:00:00,30.285833333333333,88.73569271799941,85.7425
2026-02-14 21:00:00,33.04833333333333,100.88735683848392,84.445
2026-02-14 22:00:00,24.686666666666667,99.30552325294256,67.01
2026-02-14 23:00:00,29.0175,97.88117126121476,52.20249999999999
2026-02-15 00:00:00,32.65,103.30972534150644,32.48500000000001
2026-02-15 01:00:00,31.82583333333333,95.87202423698614,43.24916666666667
2026-02-15 02:00:00,36.675,91.2699761998124,27.945833333333336
2026-02-15 03:00:00,36.675,87.74931103410297,12.783333333333331
2026-02-15 04:00:00,36.67166666666667,87.17153436656781,3.806666666666666
2026-02-15 05:00:00,33.189166666666665,85.55701984257502,0.9216666666666664
2026-02-15 06:00:00,36.02916666666667,84.10519252760417,8.17
2026-02-15 07:00:00,22.78,61.40865858918354,8.95
2026-02-15 08:00:00,-3.7783333333333338,10.893324391430616,5.246666666666666
2026-02-15 09:00:00,-4.552499999999999,-17.722506605939586,-2.84
2026-02-15 10:00:00,-6.023333333333333,-21.276025256678334,-5.206666666666666
2026-02-15 11:00:00,-6.954999999999999,-16.47796406261064,21.6275
2026-02-15 12:00:00,-8.858333333333333,-0.8779934984226685,27.15
2026-02-15 13:00:00,-5.459166666666667,-8.599013500548025,33.3025
2026-02-15 14:00:00,-3.5925,-10.540147023790055,30.32166666666667
2026-02-15 15:00:00,-5.553333333333334,1.0216067317316089,25.734166666666667
2026-02-15 16:00:00,-1.1758333333333335,24.28626261521733,77.33666666666666
2026-02-15 17:00:00,4.4925,56.01867523003632,82.1425
2026-02-15 18:00:00,37.67416666666667,109.8897905168824,100.82
2026-02-15 19:00:00,59.30083333333334,142.05066718015576,94.7
2026-02-15 20:00:00,57.26916666666667,142.20300799202775,80.725
2026-02-15 21:00:00,55.785,125.62533267241886,72.0675
2026-02-15 22:00:00,51.994166666666665,105.98666310785438,75.01416666666667
2026-02-15 23:00:00,38.95083333333333,95.81362481699688,95.7925
2026-02-16 00:00:00,20.595,98.00071648751356,103.82916666666668
2026-02-16 01:00:00,19.738333333333333,99.88203890068124,105.87666666666668
2026-02-16 02:00:00,18.65083333333333,92.72017089806266,103.25583333333331
2026-02-16 03:00:00,18.04833333333333,88.25650962508391,94.37166666666668
2026-02-16 04:00:00,18.996666666666663,80.71846155018262,98.22166666666668
2026-02-16 05:00:00,35.534166666666664,68.21225602955536,114.15166666666666
2026-02-16 06:00:00,49.49166666666667,77.62672902896945,127.76083333333334
2026-02-16 07:00:00,40.04,67.95191004287946,124.18166666666669
2026-02-16 08:00:00,0.8333333333333335,45.35690631194694,91.47583333333334
2026-02-16 09:00:00,-0.1341666666666666,19.838971525660646,97.66083333333334
2026-02-16 10:00:00,1.2475,16.661214330254467,100.82166666666666
2026-02-16 11:00:00,0.6675,13.790720469698307,90.45666666666666
2026-02-16 12:00:00,0.45,26.662501967840576,70.77583333333332
2026-02-16 13:00:00,17.149166666666666,57.49936965078338,61.67083333333333
2026-02-16 14:00:00,42.321666666666665,92.96411171932156,65.94833333333334
2026-02-16 15:00:00,75.79083333333334,133.34550313012446,76.70333333333333
2026-02-16 16:00:00,114.10583333333334,159.48152165752447,67.17583333333333
2026-02-16 17:00:00,162.2,192.18319180972492,52.590833333333336
2026-02-16 18:00:00,143.63166666666666,214.47637455148475,89.66333333333334
2026-02-16 19:00:00,136.65833333333333,221.71061805826872,109.98833333333334
2026-02-16 20:00:00,136.44083333333333,212.76392877483772,98.67916666666667
2026-02-16 21:00:00,107.09166666666664,189.75666774128723,96.13166666666666
2026-02-16 22:00:00,64.265,155.3619670403325,87.0
2026-02-16 23:00:00,24.33583333333333,128.5005843150688,88.92416666666666
2026-02-17 00:00:00,6.8,118.44976055070956,84.33333333333333
2026-02-17 01:00:00,5.797499999999999,91.9112674955767,95.635
2026-02-17 02:00:00,0.0141666666666666,73.32891057622503,103.01333333333334
2026-02-17 03:00:00,-0.4383333333333333,61.94788112804791,100.73333333333332
2026-02-17 04:00:00,-3.4716666666666662,54.91001617053513,119.2125
2026-02-17 05:00:00,-1.0275,50.56193062596019,127.18083333333334
2026-02-17 06:00:00,4.759166666666666,59.15742699418944,137.2775
2026-02-17 07:00:00,9.133333333333336,56.385903193164566,134.465
2026-02-17 08:00:00,-2.0933333333333333,39.5154683516156,81.22083333333333
2026-02-17 09:00:00,-3.6533333333333338,26.251251992578965,77.47583333333333
2026-02-17 10:00:00,-4.960833333333333,18.50613070867264,63.74
2026-02-17 11:00:00,-4.166666666666667,19.87677833544208,67.78916666666667
2026-02-17 12:00:00,-3.270833333333333,25.924115716861458,53.281666666666666
2026-02-17 13:00:00,71.8,51.21809394772797,21.449166666666667
2026-02-17 14:00:00,90.5275,78.59271629284976,16.264166666666664
2026-02-17 15:00:00,149.48333333333332,126.1097230492136,9.518333333333333
2026-02-17 16:00:00,74.77499999999999,147.7270746931311,21.63
2026-02-17 17:00:00,114.75333333333332,157.7564302377308,106.30083333333332
2026-02-17 18:00:00,53.8675,163.44580807638678,126.74666666666668
2026-02-17 19:00:00,65.35916666666667,184.4777857305467,146.23749999999998
2026-02-17 20:00:00,67.08833333333332,133.3417277069028,132.73333333333332
2026-02-17 21:00:00,60.42666666666667,80.37533106428623,130.30666666666667
2026-02-17 22:00:00,59.215833333333336,63.643291044885686,122.29916666666666
2026-02-17 23:00:00,55.60333333333333,76.3130730520093,120.9425
2026-02-18 00:00:00,47.95333333333334,79.51970323074673,130.35333333333332
2026-02-18 01:00:00,40.05166666666667,73.18334409683992,122.0025
2026-02-18 02:00:00,49.98500000000001,72.59111200078209,109.39166666666668
2026-02-18 03:00:00,51.195,75.3976768870241,77.0225
2026-02-18 04:00:00,49.83416666666667,78.14381395899983,72.77583333333332
2026-02-18 05:00:00,49.835,89.11808259642802,51.15416666666667
2026-02-18 06:00:00,57.85666666666666,106.67775330398638,44.46
2026-02-18 07:00:00,53.6625,106.32691803075475,50.63666666666666
2026-02-18 08:00:00,4.591666666666667,46.3691095756071,26.581666666666667
2026-02-18 09:00:00,-11.2325,10.159307317873363,10.836666666666666
2026-02-18 10:00:00,-7.7175,-7.448357780527644,1.5391666666666666
2026-02-18 11:00:00,-8.229999999999999,-7.645617923509889,1.3116666666666663
2026-02-18 12:00:00,-8.589166666666666,-8.793992827705495,47.9925
2026-02-18 13:00:00,-19.3,-12.159378851805728,88.13333333333333
2026-02-18 14:00:00,-30.5925,-13.34132029337205,33.487500000000004
2026-02-18 15:00:00,-28.73333333333333,-10.962709278903604,38.244166666666665
2026-02-18 16:00:00,-12.658333333333331,12.1271638089478,31.309166666666663
2026-02-18 17:00:00,-5.08,58.34689529340264,71.14166666666667
2026-02-18 18:00:00,3.04,101.47877127676328,111.5
2026-02-18 19:00:00,65.0575,138.69834288292094,90.13166666666666
2026-02-18 20:00:00,71.23166666666667,138.59796377460444,114.54416666666668
2026-02-18 21:00:00,67.05,125.90854875145384,121.40916666666668
2026-02-18 22:00:00,69.46249999999999,108.14634838625824,96.62416666666668
2026-02-18 23:00:00,73.62916666666666,100.73796633646994,62.830000000000005
2026-02-19 00:00:00,74.98,105.8150955283759,65.74083333333333
2026-02-19 01:00:00,73.89083333333333,101.20676170387304,62.88083333333333
2026-02-19 02:00:00,66.7275,91.29094696843543,46.678333333333335
2026-02-19 03:00:00,61.33916666666667,87.8457233434248,39.6375
2026-02-19 04:00:00,45.37916666666666,87.74370622579514,48.67
2026-02-19 05:00:00,58.75666666666666,98.91626519479634,44.494166666666665
2026-02-19 06:00:00,72.5275,125.1523099710005,20.1675
2026-02-19 07:00:00,62.14333333333334,127.31683321703116,8.553333333333333
2026-02-19 08:00:00,11.076666666666668,73.07038337522475,-6.115833333333334
2026-02-19 09:00:00,-1.3666666666666665,37.08046203790659,-10.48
2026-02-19 10:00:00,-4.450833333333333,18.08509592944703,-18.281666666666663
2026-02-19 11:00:00,-2.205,-1.9651533856846728,-13.605
2026-02-19 12:00:00,-4.003333333333333,-23.476616764858832,-21.256666666666668
2026-02-19 13:00:00,-4.382499999999999,-27.192844343599106,-25.493333333333336
2026-02-19 14:00:00,-3.4883333333333333,-16.504222352039037,-34.439166666666665
2026-02-19 15:00:00,-3.540833333333333,-2.346746764753973,-30.256666666666664
2026-02-19 16:00:00,-4.1225,27.71022048164577,-22.625
2026-02-19 17:00:00,13.339999999999998,59.97223938660558,-10.646666666666668
2026-02-19 18:00:00,69.23,85.0675733801898,8.144166666666665
2026-02-19 19:00:00,116.20666666666666,114.04281469911156,62.28083333333333
2026-02-19 20:00:00,114.70416666666668,122.2350382379474,63.16
2026-02-19 21:00:00,90.42083333333332,110.73702979043092,47.88
2026-02-19 22:00:00,79.02166666666666,95.63396735899416,9.097499999999998
2026-02-19 23:00:00,78.40833333333333,90.21574450553848,8.5
2026-02-20 00:00:00,76.77416666666666,97.70370229467952,23.99083333333333
2026-02-20 01:00:00,76.0525,99.69662363825728,20.17333333333333
2026-02-20 02:00:00,77.83833333333334,100.6719347680257,29.95833333333333
2026-02-20 03:00:00,81.22166666666666,99.60013842629928,28.23
2026-02-20 04:00:00,82.55916666666667,104.04721059407224,21.156666666666663
2026-02-20 05:00:00,94.53416666666668,113.9745175632412,21.0075
2026-02-20 06:00:00,112.7375,137.38565708411355,46.53
2026-02-20 07:00:00,118.3875,138.4308416690365,23.2175
2026-02-20 08:00:00,39.91,80.66745800116202,-4.6075
2026-02-20 09:00:00,25.34583333333333,35.04712546984146,-6.849166666666666
2026-02-20 10:00:00,18.139166666666668,20.520567695690417,-7.780833333333334
2026-02-20 11:00:00,14.511666666666663,11.979032817190458,-9.418333333333331
2026-02-20 12:00:00,17.8225,19.17707902034938,-9.61
2026-02-20 13:00:00,19.261666666666667,23.39567385223382,-12.058333333333332
2026-02-20 14:00:00,17.719166666666666,28.740110456403464,-12.166666666666666
2026-02-20 15:00:00,25.449166666666667,43.30563427930397,-22.387500000000003
2026-02-20 16:00:00,63.20250000000001,66.90735409538006,-12.6325
2026-02-20 17:00:00,77.81750000000001,103.87260637012308,-7.458333333333333
2026-02-20 18:00:00,114.255,137.52180980922097,-0.6875000000000001
2026-02-20 19:00:00,101.2425,156.5378768389641,18.585
2026-02-20 20:00:00,76.82666666666667,144.68828041821587,8.119166666666667
2026-02-20 21:00:00,75.595,133.7475644756173,6.1925
2026-02-20 22:00:00,75.69416666666667,102.21071761345884,6.8308333333333335
2026-02-20 23:00:00,81.76666666666667,63.15362997425148,9.149166666666666
2026-02-21 00:00:00,98.94166666666666,70.60625614040659,13.108333333333334
2026-02-21 01:00:00,84.69,72.99365770456286,7.34
2026-02-21 02:00:00,93.20083333333334,77.9285225338378,9.145
2026-02-21 03:00:00,74.01333333333334,80.73454920758637,8.949166666666665
2026-02-21 04:00:00,67.63916666666667,85.11252894595751,8.861666666666666
2026-02-21 05:00:00,74.13916666666667,89.79925848911651,15.446666666666667
2026-02-21 06:00:00,73.90583333333333,98.47390307597962,17.778333333333332
2026-02-21 07:00:00,56.265833333333326,85.49022167963203,16.546666666666667
2026-02-21 08:00:00,9.131666666666666,41.26923909486145,-7.093333333333334
2026-02-21 09:00:00,3.3725,14.168469234971695,-6.161666666666666
2026-02-21 10:00:00,7.796666666666666,-2.142025281193497,-7.5225
2026-02-21 11:00:00,8.304166666666665,-12.769925411056718,-17.413333333333334
2026-02-21 12:00:00,7.984999999999999,-16.16672080845734,-29.468333333333334
2026-02-21 13:00:00,6.787499999999999,-13.80616542121406,-33.100833333333334
2026-02-21 14:00:00,3.0116666666666667,-7.812598700542466,-30.86583333333333
2026-02-21 15:00:00,12.03,13.691572372941089,-20.320833333333333
2026-02-21 16:00:00,54.77583333333333,45.86947566269518,-10.405833333333332
2026-02-21 17:00:00,66.15249999999999,77.642166088999,-7.850833333333333
2026-02-21 18:00:00,91.53833333333334,106.05783020808884,-1.9941666666666664
2026-02-21 19:00:00,101.51,135.0285455522056,17.580833333333334
2026-02-21 20:00:00,90.24666666666668,137.73780720832838,30.285833333333333
2026-02-21 21:00:00,86.68,135.8614574033999,33.04833333333333
2026-02-21 22:00:00,98.95333333333332,124.6609237694289,24.686666666666667
2026-02-21 23:00:00,92.43916666666668,111.46063607715249,29.0175
2026-02-22 00:00:00,90.25666666666666,106.694013352217,32.65
2026-02-22 01:00:00,79.77499999999999,84.85440910595298,31.82583333333333
2026-02-22 02:00:00,72.23583333333333,63.3221142048014,36.675
2026-02-22 03:00:00,59.09,49.6814663163741,36.675
2026-02-22 04:00:00,42.96333333333333,42.916936131815866,36.67166666666667
2026-02-22 05:00:00,43.09,39.68548072136621,33.189166666666665
2026-02-22 06:00:00,63.805,49.63438577967239,36.02916666666667
2026-02-22 07:00:00,47.54416666666666,56.78745405330177,22.78
2026-02-22 08:00:00,36.82666666666667,53.11726760514766,-3.7783333333333338
2026-02-22 09:00:00,32.274166666666666,53.27305028859563,-4.552499999999999
2026-02-22 10:00:00,9.4625,34.06717136406242,-6.023333333333333
2026-02-22 11:00:00,-0.7149999999999999,26.257600252625032,-6.954999999999999
2026-02-22 12:00:00,-2.4425,21.21003204947702,-8.858333333333333
2026-02-22 13:00:00,-2.7525,27.417307793940424,-5.459166666666667
2026-02-22 14:00:00,-0.1958333333333333,19.5056159296018,-3.5925
2026-02-22 15:00:00,34.05583333333333,29.356591936715475,-5.553333333333334
2026-02-22 16:00:00,54.41,46.31416732214722,-1.1758333333333335
2026-02-22 17:00:00,54.03333333333333,60.495171095576815,4.4925
2026-02-22 18:00:00,19.5275,79.37823802452512,37.67416666666667
2026-02-22 19:00:00,3.418333333333333,59.73201253159426,59.30083333333334
2026-02-22 20:00:00,42.98666666666667,43.74495253606118,57.26916666666667
2026-02-22 21:00:00,57.66916666666666,48.44227522982516,55.785
2026-02-22 22:00:00,56.59166666666667,55.67676446180948,51.994166666666665
2026-02-22 23:00:00,52.22083333333333,57.68092790131972,38.95083333333333
2026-02-23 00:00:00,56.555,69.57360382295403,20.595
2026-02-23 01:00:00,65.27,66.34000779174623,19.738333333333333
2026-02-23 02:00:00,65.99666666666667,63.17865867230033,18.65083333333333
2026-02-23 03:00:00,64.67166666666667,55.69859636714794,18.04833333333333
2026-02-23 04:00:00,66.24499999999999,62.58326852106791,18.996666666666663
2026-02-23 05:00:00,69.09666666666666,73.58214057831202,35.534166666666664
2026-02-23 06:00:00,73.73833333333333,98.22991638130767,49.49166666666667
2026-02-23 07:00:00,70.80166666666666,108.6416049519596,40.04
2026-02-23 08:00:00,53.44416666666667,54.43378517606524,0.8333333333333335
2026-02-23 09:00:00,8.829166666666666,13.15767150449561,-0.1341666666666666
2026-02-23 10:00:00,-4.245833333333334,0.30335585653485,1.2475
2026-02-23 11:00:00,-3.9425,-10.342717458227,0.6675
2026-02-23 12:00:00,-3.3708333333333336,-22.549155453194743,0.45
2026-02-23 13:00:00,-2.5825,-26.36288823348293,17.149166666666666
2026-02-23 14:00:00,-5.059166666666667,-27.21017742277151,42.321666666666665
2026-02-23 15:00:00,-6.196666666666666,-13.345972089686583,75.79083333333334
2026-02-23 16:00:00,-5.944166666666667,7.885901676135845,114.10583333333334
2026-02-23 17:00:00,4.061666666666667,33.817757736242896,162.2
2026-02-23 18:00:00,40.8625,63.58410423260389,143.63166666666666
2026-02-23 19:00:00,85.45,94.41900097711763,136.65833333333333
2026-02-23 20:00:00,75.19916666666667,102.7303102225864,136.44083333333333
2026-02-23 21:00:00,65.4675,103.22642417325908,107.09166666666664
2026-02-23 22:00:00,63.656666666666666,97.98425136725328,64.265
2026-02-23 23:00:00,62.20416666666667,94.0547269819377,24.33583333333333
2026-02-24 00:00:00,87.50333333333333,102.22147217205138,6.8
2026-02-24 01:00:00,93.0425,93.65006038489838,5.797499999999999
2026-02-24 02:00:00,83.69333333333334,90.97766082635864,0.0141666666666666
2026-02-24 03:00:00,91.23666666666666,89.80794745325083,-0.4383333333333333
2026-02-24 04:00:00,96.31166666666668,94.928878164935,-3.4716666666666662
2026-02-24 05:00:00,90.92333333333332,108.53706221341407,-1.0275
2026-02-24 06:00:00,101.77583333333332,133.97635215254286,4.759166666666666
2026-02-24 07:00:00,96.78666666666668,147.22715953627534,9.133333333333336
2026-02-24 08:00:00,74.8425,104.27697298423696,-2.0933333333333333
2026-02-24 09:00:00,63.38333333333333,58.07696233690799,-3.6533333333333338
2026-02-24 10:00:00,57.1625,48.07176378087025,-4.960833333333333
2026-02-24 11:00:00,46.59833333333333,45.78181365720605,-4.166666666666667
2026-02-24 12:00:00,52.149166666666666,63.40007280903463,-3.270833333333333
2026-02-24 13:00:00,66.17583333333333,94.45417725135292,71.8
2026-02-24 14:00:00,77.39916666666666,83.72676430393554,90.5275
2026-02-24 15:00:00,64.66333333333334,74.74169769251573,149.48333333333332
2026-02-24 16:00:00,50.2175,62.779986626163975,74.77499999999999
2026-02-24 17:00:00,59.65833333333333,65.80173746485985,114.75333333333332
2026-02-24 18:00:00,84.58666666666666,104.79466513424362,53.8675
2026-02-24 19:00:00,81.00416666666666,118.394425399544,65.35916666666667
2026-02-24 20:00:00,71.98,135.83149170260216,67.08833333333332
2026-02-24 21:00:00,69.77333333333333,94.88800071238455,60.42666666666667
2026-02-24 22:00:00,75.7975,72.7259554310056,59.215833333333336
2026-02-24 23:00:00,64.3575,77.48536491678892,55.60333333333333
2026-02-25 00:00:00,68.69416666666666,78.75965295934985,47.95333333333334
2026-02-25 01:00:00,62.4375,60.03101397947253,40.05166666666667
2026-02-25 02:00:00,56.035,60.59758879380853,49.98500000000001
2026-02-25 03:00:00,29.3775,55.23401364839787,51.195
2026-02-25 04:00:00,32.87,40.36493902777672,49.83416666666667
2026-02-25 05:00:00,32.105,36.364617620049714,49.835
2026-02-25 06:00:00,66.2175,72.75662993883884,57.85666666666666
2026-02-25 07:00:00,64.88333333333334,91.74663999603597,53.6625
2026-02-25 08:00:00,26.995,57.93796676942918,4.591666666666667
2026-02-25 09:00:00,2.6333333333333333,17.40097101628138,-11.2325
2026-02-25 10:00:00,-6.034166666666667,-1.5128921987507482,-7.7175
2026-02-25 11:00:00,-3.977500000000001,-0.7025178294202163,-8.229999999999999
2026-02-25 12:00:00,-0.8666666666666667,-4.482309942670341,-8.589166666666666
2026-02-25 13:00:00,-3.9066666666666654,-9.120564548437528,-19.3
2026-02-25 14:00:00,-6.035833333333333,-11.690224156483538,-30.5925
2026-02-25 15:00:00,-3.686666666666667,-14.672583948004558,-28.73333333333333
2026-02-25 16:00:00,-6.3425,-17.97817053163061,-12.658333333333331
2026-02-25 17:00:00,-5.110833333333334,-8.397579979039307,-5.08
2026-02-25 18:00:00,1.919166666666667,15.855992038341697,3.04
2026-02-25 19:00:00,3.545,48.26076704506575,65.0575
2026-02-25 20:00:00,6.4175,69.4301330779543,71.23166666666667
2026-02-25 21:00:00,9.875833333333334,70.0574498049524,67.05
2026-02-25 22:00:00,8.804166666666667,66.04513135475702,69.46249999999999
2026-02-25 23:00:00,6.618333333333333,57.27430274029829,73.62916666666666
2026-02-26 00:00:00,10.311666666666666,67.62699565283582,74.98
2026-02-26 01:00:00,6.134166666666666,67.64552158028332,73.89083333333333
2026-02-26 02:00:00,0.6491666666666667,71.19583241666577,66.7275
2026-02-26 03:00:00,0.0583333333333333,75.84445356694646,61.33916666666667
2026-02-26 04:00:00,-0.0033333333333333,81.98768090982261,45.37916666666666
2026-02-26 05:00:00,10.910833333333334,96.41645934685629,58.75666666666666
2026-02-26 06:00:00,13.264166666666668,117.79621643276842,72.5275
2026-02-26 07:00:00,37.2875,130.70753227441674,62.14333333333334
2026-02-26 08:00:00,7.9875,91.69692706312114,11.076666666666668
2026-02-26 09:00:00,-5.304166666666666,56.83379329972293,-1.3666666666666665
2026-02-26 10:00:00,-7.819166666666667,35.51660869103798,-4.450833333333333
2026-02-26 11:00:00,-7.91,22.61218765562463,-2.205
2026-02-26 12:00:00,-12.6825,8.693953201566991,-4.003333333333333
2026-02-26 13:00:00,-19.9625,2.5640551773526,-4.382499999999999
2026-02-26 14:00:00,-21.664166666666663,1.0852793179624598,-3.4883333333333333
2026-02-26 15:00:00,-7.239166666666667,18.197327401088145,-3.540833333333333
2026-02-26 16:00:00,-1.6,25.167263659527983,-4.1225
2026-02-26 17:00:00,14.526666666666666,43.73264736240586,13.339999999999998
2026-02-26 18:00:00,32.905,81.7080624262625,69.23
2026-02-26 19:00:00,55.75333333333333,101.9818310664478,116.20666666666666
2026-02-26 20:00:00,62.07,104.98706634256855,114.70416666666668
2026-02-26 21:00:00,63.22083333333333,98.04976907591818,90.42083333333332
2026-02-26 22:00:00,64.2625,102.6845628796598,79.02166666666666
2026-02-26 23:00:00,56.6875,100.24270447036376,78.40833333333333
2026-02-27 00:00:00,62.080000000000005,108.49109250831444,76.77416666666666
2026-02-27 01:00:00,57.91666666666666,108.47613600325788,76.0525
2026-02-27 02:00:00,54.00333333333333,93.72048475227948,77.83833333333334
2026-02-27 03:00:00,58.65083333333334,101.81486119771942,81.22166666666666
2026-02-27 04:00:00,57.74916666666667,105.4629756932092,82.55916666666667
2026-02-27 05:00:00,66.56583333333333,113.06370621771416,94.53416666666668
2026-02-27 06:00:00,109.93,133.0091317107089,112.7375
2026-02-27 07:00:00,112.1925,140.7173796115463,118.3875
2026-02-27 08:00:00,50.71416666666667,108.27588689918116,39.91
2026-02-27 09:00:00,18.566666666666663,60.00129028059624,25.34583333333333
2026-02-27 10:00:00,10.370833333333334,38.94272785929828,18.139166666666668
2026-02-27 11:00:00,8.591666666666667,32.87171662288236,14.511666666666663
2026-02-27 12:00:00,9.709166666666668,28.55262943303564,17.8225
2026-02-27 13:00:00,35.42916666666667,39.64688913812184,19.261666666666667
2026-02-27 14:00:00,77.51416666666667,71.00860038704744,17.719166666666666
2026-02-27 15:00:00,145.4225,103.3316319118282,25.449166666666667
2026-02-27 16:00:00,109.955,146.45046968653526,63.20250000000001
2026-02-27 17:00:00,106.54166666666669,165.48355112450773,77.81750000000001
2026-02-27 18:00:00,90.5925,158.77995122513084,114.255
2026-02-27 19:00:00,66.8325,141.8653650419899,101.2425
2026-02-27 20:00:00,61.20166666666666,163.415075401854,76.82666666666667
2026-02-27 21:00:00,61.99333333333333,141.5762767410505,75.595
2026-02-27 22:00:00,74.45,119.44748103097464,75.69416666666667
2026-02-27 23:00:00,75.13166666666666,113.42397215932176,81.76666666666667
2026-02-28 00:00:00,114.32,112.9998674661451,98.94166666666666
2026-02-28 01:00:00,111.1,101.45382652130132,84.69
2026-02-28 02:00:00,55.26916666666667,94.99956271369702,93.20083333333334
2026-02-28 03:00:00,54.65583333333333,90.53271850129258,74.01333333333334
2026-02-28 04:00:00,51.49916666666667,86.305325323521,67.63916666666667
2026-02-28 05:00:00,22.51333333333333,85.64962318809465,74.13916666666667
2026-02-28 06:00:00,24.8925,91.6813990516914,73.90583333333333
2026-02-28 07:00:00,11.775,75.19578998065728,56.265833333333326
2026-02-28 08:00:00,2.681666666666666,39.40489493773309,9.131666666666666
2026-02-28 09:00:00,0.8641666666666666,19.71835790693779,3.3725
2026-02-28 10:00:00,0.6883333333333334,12.459803657451523,7.796666666666666
2026-02-28 11:00:00,3.0141666666666667,7.642251894062682,8.304166666666665
2026-02-28 12:00:00,9.7325,15.725964369914358,7.984999999999999
2026-02-28 13:00:00,12.624166666666667,36.89141322202112,6.787499999999999
2026-02-28 14:00:00,20.874166666666667,66.57426288575168,3.0116666666666667
2026-02-28 15:00:00,79.68833333333333,95.61486552218192,12.03
2026-02-28 16:00:00,77.06083333333333,115.31122868134024,54.77583333333333
2026-02-28 17:00:00,71.71916666666667,111.25926686738951,66.15249999999999
2026-02-28 18:00:00,74.46416666666667,129.42641298782237,91.53833333333334
2026-02-28 19:00:00,73.58166666666666,138.8662095529686,101.51
2026-02-28 20:00:00,62.47666666666667,133.45228032444643,90.24666666666668
2026-02-28 21:00:00,57.635,117.88006591351883,86.68
2026-02-28 22:00:00,50.855,105.78181970505209,98.95333333333332
2026-02-28 23:00:00,49.95250000000001,98.66395625278686,92.43916666666668
2026-03-01 00:00:00,51.895,102.2410633406779,90.25666666666666
2026-03-01 01:00:00,51.38,99.1147269172736,79.77499999999999
2026-03-01 02:00:00,33.8325,91.451484798606,72.23583333333333
2026-03-01 03:00:00,17.2925,83.93090539313896,59.09
2026-03-01 04:00:00,12.940833333333332,76.64580494862918,42.96333333333333
2026-03-01 05:00:00,15.825,64.44011808495328,43.09
2026-03-01 06:00:00,18.45,52.15617848314345,63.805
2026-03-01 07:00:00,15.54,40.27440070173756,47.54416666666666
2026-03-01 08:00:00,12.524166666666666,33.98274426936578,36.82666666666667
2026-03-01 09:00:00,9.3375,26.60194025575189,32.274166666666666
2026-03-01 10:00:00,1.9741666666666664,14.38740470214399,9.4625
2026-03-01 11:00:00,1.1816666666666666,-4.546550965734468,-0.7149999999999999
2026-03-01 12:00:00,-0.3633333333333333,-8.384510269132207,-2.4425
2026-03-01 13:00:00,-2.1633333333333336,4.410091906488688,-2.7525
2026-03-01 14:00:00,18.004166666666666,22.100235385456955,-0.1958333333333333
2026-03-01 15:00:00,38.017500000000005,43.95159066455604,34.05583333333333
2026-03-01 16:00:00,10.580833333333333,49.93009927403473,54.41
2026-03-01 17:00:00,27.4275,49.96072008690598,54.03333333333333
2026-03-01 18:00:00,37.8175,61.34761485090178,19.5275
2026-03-01 19:00:00,39.439166666666665,56.08816121167199,3.418333333333333
2026-03-01 20:00:00,49.1375,64.12525436115122,42.98666666666667
2026-03-01 21:00:00,11.77,52.02377565313287,57.66916666666666
2026-03-01 22:00:00,9.89,48.97456295037519,56.59166666666667
2026-03-01 23:00:00,7.194166666666667,40.3727755050493,52.22083333333333
2026-03-02 00:00:00,17.885833333333334,42.28981242968279,56.555
2026-03-02 01:00:00,16.061666666666667,20.588909373431747,65.27
2026-03-02 02:00:00,22.680833333333336,17.287536715979783,65.99666666666667
2026-03-02 03:00:00,45.93,16.381377734871577,64.67166666666667
2026-03-02 04:00:00,44.49,20.022660693858164,66.24499999999999
2026-03-02 05:00:00,48.431666666666665,29.06433996904787,69.09666666666666
2026-03-02 06:00:00,52.76916666666667,53.37899784867196,73.73833333333333
2026-03-02 07:00:00,58.7375,76.49137341560521,70.80166666666666
2026-03-02 08:00:00,68.37666666666667,64.65401463056358,53.44416666666667
2026-03-02 09:00:00,82.93166666666666,84.54870918397964,8.829166666666666
2026-03-02 10:00:00,90.60416666666669,88.35966703444103,-4.245833333333334
2026-03-02 11:00:00,92.2575,67.06186182436197,-3.9425
2026-03-02 12:00:00,63.69333333333333,68.62878653196213,-3.3708333333333336
2026-03-02 13:00:00,40.935833333333335,107.1485848869143,-2.5825
2026-03-02 14:00:00,37.1875,111.28610590425404,-5.059166666666667
2026-03-02 15:00:00,50.44083333333333,129.5647224269253,-6.196666666666666
2026-03-02 16:00:00,65.07166666666667,133.03973014204976,-5.944166666666667
2026-03-02 17:00:00,65.86916666666667,116.36340461343212,4.061666666666667
2026-03-02 18:00:00,69.98416666666667,102.19740425725544,40.8625
2026-03-02 19:00:00,74.28833333333334,99.70183098318874,85.45
2026-03-02 20:00:00,75.6075,96.5822748160592,75.19916666666667
2026-03-02 21:00:00,79.08666666666666,90.44317682808212,65.4675
2026-03-02 22:00:00,80.27583333333334,81.52610464525324,63.656666666666666
2026-03-02 23:00:00,68.405,73.38838530643457,62.20416666666667
2026-03-03 00:00:00,71.29166666666667,75.81941065894911,87.50333333333333
2026-03-03 01:00:00,68.3275,66.52682794111145,93.0425
2026-03-03 02:00:00,65.21083333333333,59.40674244327819,83.69333333333334
2026-03-03 03:00:00,65.11,58.4651268151385,91.23666666666666
2026-03-03 04:00:00,65.30333333333333,59.06303949651552,96.31166666666668
2026-03-03 05:00:00,75.52083333333333,71.96223552646097,90.92333333333332
2026-03-03 06:00:00,102.70416666666668,95.91698407228048,101.77583333333332
2026-03-03 07:00:00,125.32583333333334,113.19196574069493,96.78666666666668
2026-03-03 08:00:00,110.85333333333334,90.25665622940564,74.8425
2026-03-03 09:00:00,74.1925,47.26733654574255,63.38333333333333
2026-03-03 10:00:00,39.49583333333333,13.593982189301578,57.1625
2026-03-03 11:00:00,13.859166666666669,-4.502182152980396,46.59833333333333
2026-03-03 12:00:00,6.0183333333333335,-12.60268415905405,52.149166666666666
2026-03-03 13:00:00,6.211666666666666,-14.739529378808442,66.17583333333333
2026-03-03 14:00:00,-0.1275,-22.723041794441954,77.39916666666666
2026-03-03 15:00:00,3.5925,-11.950670090966751,64.66333333333334
2026-03-03 16:00:00,21.704166666666666,12.30834819536853,50.2175
2026-03-03 17:00:00,49.66083333333333,28.77747403303279,59.65833333333333
2026-03-03 18:00:00,63.17583333333334,52.499546398290725,84.58666666666666
2026-03-03 19:00:00,71.88250000000001,81.18805353649378,81.00416666666666
2026-03-03 20:00:00,73.10833333333333,97.0728781508623,71.98
2026-03-03 21:00:00,72.33416666666666,93.0996968668308,69.77333333333333
2026-03-03 22:00:00,67.28333333333333,85.63130423398425,75.7975
2026-03-03 23:00:00,59.9125,82.71344507357757,64.3575
2026-03-04 00:00:00,70.00416666666666,89.47525947395177,68.69416666666666
2026-03-04 01:00:00,70.6475,83.00366078134945,62.4375
2026-03-04 02:00:00,72.8625,77.22979232825901,56.035
2026-03-04 03:00:00,71.99666666666667,75.65809258933315,29.3775
2026-03-04 04:00:00,74.84583333333333,82.01533868683464,32.87
2026-03-04 05:00:00,84.75666666666667,85.59637576235515,32.105
2026-03-04 06:00:00,88.15583333333332,113.89008478726151,66.2175
2026-03-04 07:00:00,87.85666666666667,133.17155016805242,64.88333333333334
2026-03-04 08:00:00,91.21666666666664,105.78473164878427,26.995
2026-03-04 09:00:00,72.9975,66.37838364664847,2.6333333333333333
2026-03-04 10:00:00,37.178333333333335,47.081362478121534,-6.034166666666667
2026-03-04 11:00:00,25.72833333333333,40.94019483023051,-3.977500000000001
2026-03-04 12:00:00,9.753333333333332,32.94387994538068,-0.8666666666666667
2026-03-04 13:00:00,14.5225,31.30275400756525,-3.9066666666666654
2026-03-04 14:00:00,11.152500000000002,23.12047822445044,-6.035833333333333
2026-03-04 15:00:00,-3.205,16.997096092055607,-3.686666666666667
2026-03-04 16:00:00,-90.42916666666667,25.45187405704885,-6.3425
2026-03-04 17:00:00,3.035833333333334,65.97650767985307,-5.110833333333334
2026-03-04 18:00:00,61.67666666666667,80.73220489367066,1.919166666666667
2026-03-04 19:00:00,92.4675,110.051074448386,3.545
2026-03-04 20:00:00,89.91000000000001,112.98923805362784,6.4175
2026-03-04 21:00:00,85.92750000000001,103.49688389606855,9.875833333333334
2026-03-04 22:00:00,88.68583333333333,102.89459041793576,8.804166666666667
2026-03-04 23:00:00,85.44083333333333,102.08413709494208,6.618333333333333
2026-03-05 00:00:00,88.51416666666667,110.31632693473308,10.311666666666666
2026-03-05 01:00:00,97.00916666666666,110.90890062208024,6.134166666666666
2026-03-05 02:00:00,96.21,108.48081839170776,0.6491666666666667
2026-03-05 03:00:00,100.18083333333334,104.7785878596869,0.0583333333333333
2026-03-05 04:00:00,98.8325,104.78615957415582,-0.0033333333333333
2026-03-05 05:00:00,99.30833333333334,112.58854864506714,10.910833333333334
2026-03-05 06:00:00,114.91666666666669,140.03559083319232,13.264166666666668
2026-03-05 07:00:00,137.81166666666667,158.07000953341156,37.2875
2026-03-05 08:00:00,72.53666666666666,113.01037227016393,7.9875
2026-03-05 09:00:00,7.010000000000001,61.93920919966938,-5.304166666666666
2026-03-05 10:00:00,-7.212499999999999,30.42881722120976,-7.819166666666667
2026-03-05 11:00:00,-8.636666666666667,17.733158814970132,-7.91
2026-03-05 12:00:00,-4.8341666666666665,9.572511778444683,-12.6825
2026-03-05 13:00:00,-4.960833333333333,9.381024204469648,-19.9625
2026-03-05 14:00:00,-5.801666666666667,7.923712808522026,-21.664166666666663
2026-03-05 15:00:00,-19.124166666666664,14.387086172193284,-7.239166666666667
2026-03-05 16:00:00,-6.473333333333334,35.6510155076798,-1.6
2026-03-05 17:00:00,-2.705833333333333,64.1811628759029,14.526666666666666
2026-03-05 18:00:00,69.35833333333333,117.2764215900323,32.905
2026-03-05 19:00:00,111.5275,149.7351169576651,55.75333333333333
2026-03-05 20:00:00,99.21166666666666,131.28913728870074,62.07
2026-03-05 21:00:00,101.11083333333332,103.57285294650136,63.22083333333333
2026-03-05 22:00:00,78.36166666666666,91.83273672044106,64.2625
2026-03-05 23:00:00,69.68666666666667,88.7107829276365,56.6875
2026-03-06 00:00:00,70.7925,99.32754868845645,62.080000000000005
2026-03-06 01:00:00,65.76083333333334,100.04566674914396,57.91666666666666
2026-03-06 02:00:00,70.205,97.8334460435816,54.00333333333333
2026-03-06 03:00:00,73.71249999999999,97.3088222525018,58.65083333333334
2026-03-06 04:00:00,84.60166666666667,103.19468551165572,57.74916666666667
2026-03-06 05:00:00,91.925,115.9103039094115,66.56583333333333
2026-03-06 06:00:00,92.88583333333332,139.9820916370482,109.93
2026-03-06 07:00:00,106.99583333333334,151.30426134539704,112.1925
2026-03-06 08:00:00,50.79,116.03032615001894,50.71416666666667
2026-03-06 09:00:00,5.883333333333333,66.42030100448383,18.566666666666663
2026-03-06 10:00:00,28.174166666666665,35.66910747642921,10.370833333333334
2026-03-06 11:00:00,6.104166666666667,22.68025440570326,8.591666666666667
2026-03-06 12:00:00,1.98,5.860036624853777,9.709166666666668
2026-03-06 13:00:00,-4.125,2.047970657508259,35.42916666666667
2026-03-06 14:00:00,-6.153333333333333,12.394912905535383,77.51416666666667
2026-03-06 15:00:00,-7.325833333333333,26.83287512567468,145.4225
2026-03-06 16:00:00,-1.385,44.49631167012196,109.955
2026-03-06 17:00:00,10.118333333333334,63.70677258518775,106.54166666666669
2026-03-06 18:00:00,65.10000000000001,85.9872525729688,90.5925
2026-03-06 19:00:00,77.80333333333333,98.78840189901378,66.8325
2026-03-06 20:00:00,80.40166666666666,91.225249365001,61.20166666666666
2026-03-06 21:00:00,78.33,87.94896262468072,61.99333333333333
2026-03-06 22:00:00,74.84916666666666,86.43532574442392,74.45
2026-03-06 23:00:00,73.54416666666667,82.70828376650576,75.13166666666666
2026-03-07 00:00:00,74.97416666666668,88.9121978819362,114.32
2026-03-07 01:00:00,80.80499999999999,78.44172776730102,111.1
2026-03-07 02:00:00,77.57916666666667,73.98276147938,55.26916666666667
2026-03-07 03:00:00,62.711666666666666,72.07382385768106,54.65583333333333
2026-03-07 04:00:00,59.085,70.3498590592793,51.49916666666667
2026-03-07 05:00:00,66.72333333333333,72.25177208572681,22.51333333333333
2026-03-07 06:00:00,65.61333333333333,74.62035121682179,24.8925
2026-03-07 07:00:00,65.72500000000001,69.76239593533349,11.775
2026-03-07 08:00:00,8.033333333333333,41.84180344610628,2.681666666666666
2026-03-07 09:00:00,-4.278333333333333,13.183498123885188,0.8641666666666666
2026-03-07 10:00:00,-5.910833333333333,-13.059556560483742,0.6883333333333334
2026-03-07 11:00:00,-4.703333333333333,-18.604475382703896,3.0141666666666667
2026-03-07 12:00:00,-9.304166666666667,-26.10406530930732,9.7325
2026-03-07 13:00:00,-15.998333333333331,-36.040200940014216,12.624166666666667
2026-03-07 14:00:00,-33.54916666666667,-41.64663786899845,20.874166666666667
2026-03-07 15:00:00,-42.00416666666667,-40.9965189640011,79.68833333333333
2026-03-07 16:00:00,-32.18666666666667,-24.87999567650137,77.06083333333333
2026-03-07 17:00:00,-9.198333333333332,-6.485662220529434,71.71916666666667
2026-03-07 18:00:00,-0.1558333333333332,19.075516099332447,74.46416666666667
2026-03-07 19:00:00,8.720833333333333,38.191817595915445,73.58166666666666
2026-03-07 20:00:00,7.063333333333333,40.39702865163213,62.47666666666667
2026-03-07 21:00:00,0.5533333333333333,30.984869674684298,57.635
2026-03-07 22:00:00,-3.273333333333333,25.29546725235908,50.855
2026-03-07 23:00:00,-6.322500000000001,20.01104528897857,49.95250000000001
2026-03-08 00:00:00,-4.3125,25.463238091146582,51.895
2026-03-08 01:00:00,-4.791666666666667,23.503444213798524,51.38
2026-03-08 02:00:00,-8.149166666666668,18.593663581099285,33.8325
2026-03-08 03:00:00,-14.006666666666666,14.750057205858631,17.2925
2026-03-08 04:00:00,-14.179166666666667,11.422591483264164,12.940833333333332
2026-03-08 05:00:00,-14.120833333333332,10.939324429477251,15.825
2026-03-08 06:00:00,-7.225,16.921591061014936,18.45
2026-03-08 07:00:00,-5.4383333333333335,16.071407807216552,15.54
2026-03-08 08:00:00,-37.928333333333335,-8.23209224153544,12.524166666666666
2026-03-08 09:00:00,-49.08166666666667,-22.514174246994187,9.3375
2026-03-08 10:00:00,-48.48333333333333,-27.513874550403727,1.9741666666666664
2026-03-08 11:00:00,-48.20166666666666,-27.473097612389537,1.1816666666666666
2026-03-08 12:00:00,-48.04916666666667,-30.0195480978046,-0.3633333333333333
2026-03-08 13:00:00,-55.501666666666665,-26.259239642110245,-2.1633333333333336
2026-03-08 14:00:00,-64.4675,-31.16847656360221,18.004166666666666
2026-03-08 15:00:00,-65.71333333333332,-25.289635818946092,38.017500000000005
2026-03-08 16:00:00,-49.875,-9.436368514133092,10.580833333333333
2026-03-08 17:00:00,-12.533333333333331,9.737499118373435,27.4275
2026-03-08 18:00:00,20.844166666666663,35.653688301131005,37.8175
2026-03-08 19:00:00,57.5325,60.41750782546496,39.439166666666665
2026-03-08 20:00:00,57.9125,85.64230607847716,49.1375
2026-03-08 21:00:00,34.10666666666666,88.67450268178814,11.77
2026-03-08 22:00:00,28.6275,92.68164755869547,9.89
2026-03-08 23:00:00,24.0375,92.80526889742752,7.194166666666667
2026-03-09 00:00:00,58.97416666666666,99.73613728822455,17.885833333333334
2026-03-09 01:00:00,61.583333333333336,78.55164373267472,16.061666666666667
2026-03-09 02:00:00,66.79416666666667,83.83627201977284,22.680833333333336
2026-03-09 03:00:00,63.32916666666667,78.43997998186799,45.93
2026-03-09 04:00:00,69.72500000000001,79.12140049246003,44.49
2026-03-09 05:00:00,71.94083333333333,77.84993113730442,48.431666666666665
2026-03-09 06:00:00,72.085,72.90039223990662,52.76916666666667
2026-03-09 07:00:00,64.5825,60.98394623696311,58.7375
2026-03-09 08:00:00,7.460000000000001,30.85524529118195,68.37666666666667
2026-03-09 09:00:00,-17.20416666666667,-1.3220573157853863,82.93166666666666
2026-03-09 10:00:00,-12.915,-23.459089604956542,90.60416666666669
2026-03-09 11:00:00,-13.989166666666668,-31.025422321538542,92.2575
2026-03-09 12:00:00,-18.929166666666664,-36.31142584247704,63.69333333333333
2026-03-09 13:00:00,-27.0725,-24.923453858678045,40.935833333333335
2026-03-09 14:00:00,-17.486666666666668,5.2753149233752765,37.1875
2026-03-09 15:00:00,-0.5633333333333334,37.078723388455614,50.44083333333333
2026-03-09 16:00:00,-1.2758333333333334,69.16652087556835,65.07166666666667
2026-03-09 17:00:00,-1.2958333333333334,72.29994693367209,65.86916666666667
2026-03-09 18:00:00,15.1025,59.72479752474212,69.98416666666667
2026-03-09 19:00:00,81.53666666666666,83.54989866122862,74.28833333333334
2026-03-09 20:00:00,86.03333333333335,104.46550057011773,75.6075
2026-03-09 21:00:00,86.38083333333333,103.37575543716936,79.08666666666666
2026-03-09 22:00:00,78.2625,91.79973497888328,80.27583333333334
2026-03-09 23:00:00,89.07916666666667,88.58976391532836,68.405
2026-03-10 00:00:00,92.65,100.01483626714182,71.29166666666667
2026-03-10 01:00:00,81.765,96.10209920483,68.3275
2026-03-10 02:00:00,73.16083333333334,92.27110631176804,65.21083333333333
2026-03-10 03:00:00,70.645,89.92005427158989,65.11
2026-03-10 04:00:00,73.93833333333333,93.59997781009672,65.30333333333333
2026-03-10 05:00:00,84.98666666666666,104.99497383708456,75.52083333333333
2026-03-10 06:00:00,94.7325,132.0132486361593,102.70416666666668
2026-03-10 07:00:00,111.765,154.71086492459233,125.32583333333334
2026-03-10 08:00:00,33.625,113.03270232395596,110.85333333333334
2026-03-10 09:00:00,9.243333333333332,65.96674151413475,74.1925
2026-03-10 10:00:00,-0.6550000000000001,35.32613958904434,39.49583333333333
2026-03-10 11:00:00,-2.846666666666667,22.678303083145387,13.859166666666669
2026-03-10 12:00:00,-1.0291666666666668,16.233555064707396,6.0183333333333335
2026-03-10 13:00:00,30.465,25.242779912004835,6.211666666666666
2026-03-10 14:00:00,35.93833333333333,48.75981660599214,-0.1275
2026-03-10 15:00:00,39.21583333333333,69.24446740723258,3.5925
2026-03-10 16:00:00,57.905,102.10134993365752,21.704166666666666
2026-03-10 17:00:00,72.4075,148.0758157912882,49.66083333333333
2026-03-10 18:00:00,112.51083333333334,179.5741003372866,63.17583333333334
2026-03-10 19:00:00,114.76166666666666,176.52514059840755,71.88250000000001
2026-03-10 20:00:00,85.07833333333333,146.01001354508423,73.10833333333333
2026-03-10 21:00:00,63.0625,136.43751272259652,72.33416666666666
2026-03-10 22:00:00,56.245000000000005,122.9002798303735,67.28333333333333
2026-03-10 23:00:00,49.71666666666667,109.92832838597803,59.9125
2026-03-11 00:00:00,19.9625,112.11828468689222,70.00416666666666
2026-03-11 01:00:00,6.5491666666666655,90.85774347053388,70.6475
2026-03-11 02:00:00,-0.4416666666666666,57.26926721557294,72.8625
2026-03-11 03:00:00,-3.8083333333333336,30.393881065116844,71.99666666666667
2026-03-11 04:00:00,-6.095833333333334,21.344395249590814,74.84583333333333
2026-03-11 05:00:00,-7.009166666666666,29.070172400643408,84.75666666666667
2026-03-11 06:00:00,-5.605,41.90342556360632,88.15583333333332
2026-03-11 07:00:00,-1.115,49.93632160849825,87.85666666666667
2026-03-11 08:00:00,-5.120833333333334,41.87308378786075,91.21666666666664
2026-03-11 09:00:00,-5.9025,37.608160055438766,72.9975
2026-03-11 10:00:00,-4.4025,46.18235587292045,37.178333333333335
2026-03-11 11:00:00,2.0425000000000004,42.52887402997669,25.72833333333333
2026-03-11 12:00:00,28.325,64.31311874565031,9.753333333333332
2026-03-11 13:00:00,-2.16,70.22968400096207,14.5225
2026-03-11 14:00:00,-12.379166666666668,67.72046858845098,11.152500000000002
2026-03-11 15:00:00,-28.593333333333334,52.423141152958,-3.205
2026-03-11 16:00:00,-38.6775,2.559212418781456,-90.42916666666667
2026-03-11 17:00:00,-16.815833333333334,6.508916504287683,3.035833333333334
2026-03-11 18:00:00,-7.955000000000001,12.766987877029344,61.67666666666667
2026-03-11 19:00:00,-2.0325,25.44780295342304,92.4675
2026-03-11 20:00:00,11.785833333333334,34.40340633630273,89.91000000000001
2026-03-11 21:00:00,10.494166666666668,37.92041210554142,85.92750000000001
2026-03-11 22:00:00,10.7925,50.12437398818455,88.68583333333333
2026-03-11 23:00:00,10.980833333333337,49.69624424542163,85.44083333333333
2026-03-12 00:00:00,15.050833333333337,56.88298483057254,88.51416666666667
2026-03-12 01:00:00,8.631666666666666,45.16849016694434,97.00916666666666
2026-03-12 02:00:00,8.471666666666666,31.992486316855874,96.21
2026-03-12 03:00:00,9.151666666666667,28.498227254180428,100.18083333333334
2026-03-12 04:00:00,13.478333333333332,31.864068791506604,98.8325
2026-03-12 05:00:00,21.596666666666668,39.19088604656134,99.30833333333334
2026-03-12 06:00:00,21.665000000000003,65.1250630234448,114.91666666666669
2026-03-12 07:00:00,25.831666666666667,94.94715397066524,137.81166666666667
2026-03-12 08:00:00,8.61,51.24437204881149,72.53666666666666
2026-03-12 09:00:00,-5.738333333333333,3.8878979677785703,7.010000000000001
2026-03-12 10:00:00,-5.039166666666667,-10.516104345953678,-7.212499999999999
2026-03-12 11:00:00,-7.864999999999999,-14.44226124018556,-8.636666666666667
2026-03-12 12:00:00,-14.517499999999998,-13.578984468898328,-4.8341666666666665
2026-03-12 13:00:00,-20.0925,-24.23601684274381,-4.960833333333333
2026-03-12 14:00:00,-21.71083333333333,-24.470293833921104,-5.801666666666667
2026-03-12 15:00:00,-16.311666666666664,-23.93203108956874,-19.124166666666664
2026-03-12 16:00:00,-16.4625,-22.83186571124797,-6.473333333333334
2026-03-12 17:00:00,-4.6525,-0.0711097309549018,-2.705833333333333
2026-03-12 18:00:00,-4.134166666666666,16.807007473134647,69.35833333333333
2026-03-12 19:00:00,7.266666666666667,45.24272074618574,111.5275
2026-03-12 20:00:00,9.203333333333331,61.60465633487753,99.21166666666666
2026-03-12 21:00:00,13.465833333333334,61.04294073607643,101.11083333333332
2026-03-12 22:00:00,18.82166666666667,49.66002643729325,78.36166666666666
2026-03-12 23:00:00,13.281666666666666,41.79594042472789,69.68666666666667
2026-03-13 00:00:00,15.409999999999998,46.03270904260036,70.7925
2026-03-13 01:00:00,6.787499999999999,36.97277776637864,65.76083333333334
2026-03-13 02:00:00,0.7141666666666667,29.2711235252734,70.205
2026-03-13 03:00:00,0.4516666666666666,22.03734604605992,73.71249999999999
2026-03-13 04:00:00,5.514166666666667,25.652503317882243,84.60166666666667
2026-03-13 05:00:00,12.024166666666666,35.166055083746535,91.925
2026-03-13 06:00:00,17.738333333333333,55.66653122249856,92.88583333333332
2026-03-13 07:00:00,21.156666666666663,80.9812851202086,106.99583333333334
2026-03-13 08:00:00,-3.6341666666666654,49.74891523717887,50.79
2026-03-13 09:00:00,-13.791666666666666,4.227998494416482,5.883333333333333
2026-03-13 10:00:00,-28.39,-11.601565897827784,28.174166666666665
2026-03-13 11:00:00,-15.0075,-23.03726520051121,6.104166666666667
2026-03-13 12:00:00,-17.32,-32.77815916031548,1.98
2026-03-13 13:00:00,-34.12833333333333,-48.15702751171808,-4.125
2026-03-13 14:00:00,-32.44166666666666,-35.49482373959681,-6.153333333333333
2026-03-13 15:00:00,-33.99916666666666,-23.89561095772673,-7.325833333333333
2026-03-13 16:00:00,-22.079166666666666,-10.922054679550412,-1.385
2026-03-13 17:00:00,-4.888333333333333,7.140455416933094,10.118333333333334
2026-03-13 18:00:00,15.8125,46.8605438057273,65.10000000000001
2026-03-13 19:00:00,14.47,83.92234103693873,77.80333333333333
2026-03-13 20:00:00,9.99,92.75235034749372,80.40166666666666
2026-03-13 21:00:00,6.633333333333333,78.76439132757938,78.33
2026-03-13 22:00:00,8.374166666666666,71.0134091396182,74.84916666666666
2026-03-13 23:00:00,7.645,67.9061688179397,73.54416666666667
2026-03-14 00:00:00,6.02,70.6339703822027,74.97416666666668
2026-03-14 01:00:00,-0.4208333333333333,62.99582724631944,80.80499999999999
2026-03-14 02:00:00,-3.751666666666667,59.37299202874437,77.57916666666667
2026-03-14 03:00:00,-4.2125,57.92594971584117,62.711666666666666
2026-03-14 04:00:00,-1.595,64.31887514558574,59.085
2026-03-14 05:00:00,9.580833333333333,75.46852133804197,66.72333333333333
2026-03-14 06:00:00,12.515,88.40494715155053,65.61333333333333
2026-03-14 07:00:00,8.609166666666667,89.47442802864386,65.72500000000001
2026-03-14 08:00:00,-4.113333333333333,46.17349195360545,8.033333333333333
2026-03-14 09:00:00,-7.185,9.251568498754168,-4.278333333333333
2026-03-14 10:00:00,-30.27333333333333,-10.353689756195266,-5.910833333333333
2026-03-14 11:00:00,-39.02,-13.030847208183346,-4.703333333333333
2026-03-14 12:00:00,-40.056666666666665,-15.347291095710844,-9.304166666666667
2026-03-14 13:00:00,-36.01833333333333,-11.889464962105606,-15.998333333333331
2026-03-14 14:00:00,-34.89416666666667,-2.130852892803162,-33.54916666666667
2026-03-14 15:00:00,-30.274999999999995,-0.8403674920891433,-42.00416666666667
2026-03-14 16:00:00,-14.909999999999998,5.681256736877501,-32.18666666666667
2026-03-14 17:00:00,-3.3025,27.701889790113437,-9.198333333333332
2026-03-14 18:00:00,44.09583333333333,55.370712354227095,-0.1558333333333332
2026-03-14 19:00:00,56.767500000000005,87.43052461890261,8.720833333333333
2026-03-14 20:00:00,55.553333333333335,104.52622229052828,7.063333333333333
2026-03-14 21:00:00,55.17083333333333,102.37508290358724,0.5533333333333333
2026-03-14 22:00:00,50.285,101.25446592439202,-3.273333333333333
2026-03-14 23:00:00,48.70166666666666,97.37858855168083,-6.322500000000001
2026-03-15 00:00:00,52.9975,102.00105555144796,-4.3125
2026-03-15 01:00:00,47.33916666666667,79.65134242698852,-4.791666666666667
2026-03-15 02:00:00,49.48833333333334,77.35351668814391,-8.149166666666668
2026-03-15 03:00:00,48.34166666666667,74.86380055472522,-14.006666666666666
2026-03-15 04:00:00,47.52916666666667,74.2124474356078,-14.179166666666667
2026-03-15 05:00:00,45.24916666666667,75.4891764785366,-14.120833333333332
2026-03-15 06:00:00,48.6075,78.37156217374242,-7.225
2026-03-15 07:00:00,39.2075,74.9383596262632,-5.4383333333333335
2026-03-15 08:00:00,-3.26,29.36622901476803,-37.928333333333335
2026-03-15 09:00:00,-5.420833333333333,-9.24270530330334,-49.08166666666667
2026-03-15 10:00:00,-8.955,-19.862115588231333,-48.48333333333333
2026-03-15 11:00:00,-7.888333333333333,-18.1908229352906,-48.20166666666666
2026-03-15 12:00:00,-8.485,-20.944628060332903,-48.04916666666667
2026-03-15 13:00:00,-8.283333333333333,-15.803444313585343,-55.501666666666665
2026-03-15 14:00:00,-7.336666666666667,-6.826103630206148,-64.4675
2026-03-15 15:00:00,-6.986666666666667,15.07714892233507,-65.71333333333332
2026-03-15 16:00:00,27.25333333333333,46.50167637603997,-49.875
2026-03-15 17:00:00,60.04,66.46358573970646,-12.533333333333331
2026-03-15 18:00:00,85.43333333333334,81.41072808105201,20.844166666666663
2026-03-15 19:00:00,88.58666666666666,95.7511410105446,57.5325
2026-03-15 20:00:00,96.7625,96.97013382196836,57.9125
2026-03-15 21:00:00,105.21916666666664,92.83835794052573,34.10666666666666
2026-03-15 22:00:00,91.44666666666666,93.354341371988,28.6275
2026-03-15 23:00:00,83.46083333333333,85.35983892870635,24.0375
2026-03-16 00:00:00,73.71833333333333,89.90385790624781,58.97416666666666
2026-03-16 01:00:00,65.85166666666667,78.36241276926644,61.583333333333336
2026-03-16 02:00:00,58.7925,78.73375933178193,66.79416666666667
2026-03-16 03:00:00,59.5575,72.97622287952285,63.32916666666667
2026-03-16 04:00:00,59.335,75.87940455399024,69.72500000000001
2026-03-16 05:00:00,69.60000000000001,88.12368648433099,71.94083333333333
2026-03-16 06:00:00,82.02499999999999,99.0120124775704,72.085
2026-03-16 07:00:00,81.855,125.75715191243262,64.5825
2026-03-16 08:00:00,50.642500000000005,112.3621003787953,7.460000000000001
2026-03-16 09:00:00,95.65916666666668,115.48835428775448,-17.20416666666667
2026-03-16 10:00:00,105.22833333333334,82.01051206366184,-12.915
2026-03-16 11:00:00,119.36666666666667,66.59207939463448,-13.989166666666668
2026-03-16 12:00:00,140.80416666666667,70.17779037171422,-18.929166666666664
2026-03-16 13:00:00,118.02,80.99062536324035,-27.0725
2026-03-16 14:00:00,109.7425,92.11923981377409,-17.486666666666668
2026-03-16 15:00:00,124.03083333333332,115.38087075810812,-0.5633333333333334
2026-03-16 16:00:00,148.42749999999998,132.3527878835877,-1.2758333333333334
2026-03-16 17:00:00,144.13083333333333,154.01523152447388,-1.2958333333333334
2026-03-16 18:00:00,134.74666666666667,163.84362001706228,15.1025
2026-03-16 19:00:00,123.24666666666668,154.20126744069148,81.53666666666666
2026-03-16 20:00:00,107.325,133.47039975599353,86.03333333333335
2026-03-16 21:00:00,100.0875,118.30792239202086,86.38083333333333
2026-03-16 22:00:00,98.55666666666669,100.96889563272713,78.2625
2026-03-16 23:00:00,99.9825,89.85113324718532,89.07916666666667
2026-03-17 00:00:00,101.55833333333334,95.13604556978154,92.65
2026-03-17 01:00:00,98.54333333333334,87.0315148050727,81.765
2026-03-17 02:00:00,97.27666666666666,82.16568441422852,73.16083333333334
2026-03-17 03:00:00,97.03666666666668,81.26406333764075,70.645
2026-03-17 04:00:00,98.43166666666669,84.5023956160249,73.93833333333333
2026-03-17 05:00:00,98.46666666666664,94.7947876170062,84.98666666666666
2026-03-17 06:00:00,127.46416666666666,115.07517441554349,94.7325
2026-03-17 07:00:00,128.76250000000002,136.78494072182315,111.765
2026-03-17 08:00:00,132.70583333333337,139.88377762217368,33.625
2026-03-17 09:00:00,131.7175,124.21189067554792,9.243333333333332
2026-03-17 10:00:00,122.54416666666668,90.57192540874206,-0.6550000000000001
2026-03-17 11:00:00,87.01333333333334,66.15900961688631,-2.846666666666667
2026-03-17 12:00:00,81.06166666666667,48.84842594931544,-1.0291666666666668
2026-03-17 13:00:00,87.03666666666668,46.44871604814431,30.465
2026-03-17 14:00:00,85.70166666666667,36.15474483249687,35.93833333333333
2026-03-17 15:00:00,75.865,35.176811425842764,39.21583333333333
2026-03-17 16:00:00,92.81333333333332,44.872157944443614,57.905
2026-03-17 17:00:00,119.12,76.72316452952725,72.4075
2026-03-17 18:00:00,120.26666666666668,100.26582963927144,112.51083333333334
2026-03-17 19:00:00,113.69916666666666,112.73219803052204,114.76166666666666
2026-03-17 20:00:00,110.3575,109.7890927823358,85.07833333333333
2026-03-17 21:00:00,114.45583333333332,90.73433383678672,63.0625
2026-03-17 22:00:00,113.255,80.03347677197709,56.245000000000005
2026-03-17 23:00:00,95.32833333333332,76.43554818806574,49.71666666666667
2026-03-18 00:00:00,102.55166666666666,80.2254075615914,19.9625
2026-03-18 01:00:00,88.94,78.45762960879716,6.5491666666666655
2026-03-18 02:00:00,92.82583333333334,76.1044094310448,-0.4416666666666666
2026-03-18 03:00:00,88.55083333333333,72.60776145502966,-3.8083333333333336
2026-03-18 04:00:00,91.18083333333334,76.77920640106721,-6.095833333333334
2026-03-18 05:00:00,96.76833333333332,89.17458463387806,-7.009166666666666
2026-03-18 06:00:00,101.21083333333333,116.9432627426532,-5.605
2026-03-18 07:00:00,112.04916666666666,138.188663446267,-1.115
2026-03-18 08:00:00,92.605,101.45869911742142,-5.120833333333334
2026-03-18 09:00:00,73.2725,63.88647059683616,-5.9025
2026-03-18 10:00:00,72.575,37.97535001232443,-4.4025
2026-03-18 11:00:00,74.51333333333334,35.219270711803404,2.0425000000000004
2026-03-18 12:00:00,70.41333333333334,34.81194684759547,28.325
2026-03-18 13:00:00,75.15833333333333,31.98742454062872,-2.16
2026-03-18 14:00:00,81.17,13.020467409105828,-12.379166666666668
2026-03-18 15:00:00,82.78750000000001,-0.6088217797251474,-28.593333333333334
2026-03-18 16:00:00,112.00833333333333,2.940294438297002,-38.6775
2026-03-18 17:00:00,125.60416666666669,49.7341588092704,-16.815833333333334
2026-03-18 18:00:00,119.28083333333336,82.1247836035819,-7.955000000000001
2026-03-18 19:00:00,117.6825,102.29857775859384,-2.0325
2026-03-18 20:00:00,103.33916666666666,102.55709055950408,11.785833333333334
2026-03-18 21:00:00,100.5725,93.78099088048472,10.494166666666668
2026-03-18 22:00:00,118.3975,91.3169130003755,10.7925
2026-03-18 23:00:00,97.77166666666666,86.52075678989189,10.980833333333337
2026-03-19 00:00:00,91.26083333333334,93.8900715652166,15.050833333333337
2026-03-19 01:00:00,93.495,90.59717113749142,8.631666666666666
2026-03-19 02:00:00,93.49333333333334,85.55394819018171,8.471666666666666
2026-03-19 03:00:00,92.8375,82.21190722657688,9.151666666666667
2026-03-19 04:00:00,94.83916666666666,85.84881825615945,13.478333333333332
2026-03-19 05:00:00,110.69,97.67159999123956,21.596666666666668
2026-03-19 06:00:00,131.79166666666666,118.1045519942818,21.665000000000003
2026-03-19 07:00:00,132.04166666666666,140.11383761566674,25.831666666666667
2026-03-19 08:00:00,136.95416666666668,98.98853681328124,8.61
2026-03-19 09:00:00,147.11499999999998,73.02123742033469,-5.738333333333333
2026-03-19 10:00:00,135.36083333333332,52.20396711342675,-5.039166666666667
2026-03-19 11:00:00,119.80583333333334,40.70090655870561,-7.864999999999999
2026-03-19 12:00:00,105.16,41.53722849964465,-14.517499999999998
2026-03-19 13:00:00,97.52583333333332,35.330928156409314,-20.0925
2026-03-19 14:00:00,92.55333333333334,21.4036607328785,-21.71083333333333
2026-03-19 15:00:00,94.46083333333333,28.13890457075226,-16.311666666666664
2026-03-19 16:00:00,92.40333333333336,44.79423109586912,-16.4625
2026-03-19 17:00:00,94.39333333333332,66.42893282039202,-4.6525
2026-03-19 18:00:00,128.67083333333332,100.50519580863742,-4.134166666666666
2026-03-19 19:00:00,137.4333333333333,125.38023012176538,7.266666666666667
2026-03-19 20:00:00,127.405,122.9641212348142,9.203333333333331
2026-03-19 21:00:00,111.12166666666668,110.6574690557405,13.465833333333334
2026-03-19 22:00:00,97.9275,97.43657750762269,18.82166666666667
2026-03-19 23:00:00,98.37,90.03444426654107,13.281666666666666
2026-03-20 00:00:00,102.71,99.1356821743722,15.409999999999998
2026-03-20 01:00:00,93.79833333333332,94.3896435950077,6.787499999999999
2026-03-20 02:00:00,86.49000000000001,91.1458006114453,0.7141666666666667
2026-03-20 03:00:00,81.63833333333334,89.48452127047858,0.4516666666666666
2026-03-20 04:00:00,86.93666666666667,92.55243303679336,5.514166666666667
2026-03-20 05:00:00,105.56833333333331,103.73548469229442,12.024166666666666
2026-03-20 06:00:00,134.64083333333335,127.70375361097145,17.738333333333333
2026-03-20 07:00:00,142.0716666666667,148.1673641215693,21.156666666666663
2026-03-20 08:00:00,121.24416666666669,118.97649495192724,-3.6341666666666654
2026-03-20 09:00:00,106.20583333333332,73.13564897590226,-13.791666666666666
2026-03-20 10:00:00,66.61666666666666,51.73209163116209,-28.39
2026-03-20 11:00:00,32.903333333333336,35.47690351492303,-15.0075
2026-03-20 12:00:00,20.41,16.765188231790155,-17.32
2026-03-20 13:00:00,8.008333333333333,-0.4632827009584446,-34.12833333333333
2026-03-20 14:00:00,-11.005,-4.944672603814666,-32.44166666666666
2026-03-20 15:00:00,-7.561666666666666,0.4086905936850513,-33.99916666666666
2026-03-20 16:00:00,1.1733333333333331,20.40331721550138,-22.079166666666666
2026-03-20 17:00:00,53.09666666666666,44.45965413537656,-4.888333333333333
2026-03-20 18:00:00,91.5525,74.65130791651981,15.8125
2026-03-20 19:00:00,98.39666666666666,98.39965275348295,14.47
2026-03-20 20:00:00,93.08583333333333,98.95570209312368,9.99
2026-03-20 21:00:00,80.44583333333334,88.57341213515922,6.633333333333333
2026-03-20 22:00:00,83.0525,85.45728906638722,8.374166666666666
2026-03-20 23:00:00,85.88749999999999,85.07483090515115,7.645
2026-03-21 00:00:00,88.185,96.08307599245316,6.02
2026-03-21 01:00:00,84.58166666666666,92.23475796139768,-0.4208333333333333
2026-03-21 02:00:00,86.2275,86.18817195542341,-3.751666666666667
2026-03-21 03:00:00,97.19083333333332,82.99001786387467,-4.2125
2026-03-21 04:00:00,103.84166666666664,85.0922529131288,-1.595
2026-03-21 05:00:00,107.11333333333332,88.94608656668402,9.580833333333333
2026-03-21 06:00:00,111.9925,96.02488056635733,12.515
2026-03-21 07:00:00,141.92083333333332,103.07882402660609,8.609166666666667
2026-03-21 08:00:00,90.08916666666666,78.74293135507439,-4.113333333333333
2026-03-21 09:00:00,16.24,55.03834527173174,-7.185
2026-03-21 10:00:00,0.8975,25.18105000762479,-30.27333333333333
2026-03-21 11:00:00,-2.3675,6.718732794927512,-39.02
2026-03-21 12:00:00,-2.7716666666666665,-11.220133722593276,-40.056666666666665
2026-03-21 13:00:00,-4.3975,-21.25120528131785,-36.01833333333333
2026-03-21 14:00:00,-6.609166666666667,-25.344532584379465,-34.89416666666667
2026-03-21 15:00:00,-5.968333333333334,-17.5893382203287,-30.274999999999995
2026-03-21 16:00:00,-5.745833333333334,3.572850133609677,-14.909999999999998
2026-03-21 17:00:00,3.044166666666667,31.768897669704245,-3.3025
2026-03-21 18:00:00,75.17083333333333,73.33869858090235,44.09583333333333
2026-03-21 19:00:00,87.6225,96.5555307853713,56.767500000000005
2026-03-21 20:00:00,85.22833333333334,101.18573560313844,55.553333333333335
2026-03-21 21:00:00,68.4275,94.90435982011611,55.17083333333333
2026-03-21 22:00:00,61.98,95.19557354763138,50.285
2026-03-21 23:00:00,68.25833333333334,92.98389500724116,48.70166666666666
2026-03-22 00:00:00,76.05166666666666,95.34296918545188,52.9975
2026-03-22 01:00:00,85.56,87.30581511156991,47.33916666666667
2026-03-22 02:00:00,88.83083333333333,80.62399818914535,49.48833333333334
2026-03-22 03:00:00,92.3325,76.75825117150504,48.34166666666667
2026-03-22 04:00:00,92.88916666666668,76.4732065565203,47.52916666666667
2026-03-22 05:00:00,98.53333333333336,77.44364021974336,45.24916666666667
2026-03-22 06:00:00,97.8525,81.16280753826078,48.6075
2026-03-22 07:00:00,82.905,80.05777195201094,39.2075
2026-03-22 08:00:00,12.434166666666668,45.91226214928941,-3.26
2026-03-22 09:00:00,-4.075833333333333,9.701930721919418,-5.420833333333333
2026-03-22 10:00:00,-6.973333333333334,-15.680728817757071,-8.955
2026-03-22 11:00:00,-12.799166666666666,-17.159061001593642,-7.888333333333333
2026-03-22 12:00:00,-22.9575,-20.963620666467804,-8.485
2026-03-22 13:00:00,-24.585,-19.25743435420172,-8.283333333333333
2026-03-22 14:00:00,-24.55666666666667,-8.671547153488206,-7.336666666666667
2026-03-22 15:00:00,-8.839166666666667,8.258724674927272,-6.986666666666667
2026-03-22 16:00:00,2.661666666666666,36.90573689568488,27.25333333333333
2026-03-22 17:00:00,48.71083333333333,84.03135747604422,60.04
2026-03-22 18:00:00,98.43666666666668,117.58310630716542,85.43333333333334
2026-03-22 19:00:00,98.52,117.05604117290676,88.58666666666666
2026-03-22 20:00:00,89.87333333333333,109.29545600026162,96.7625
2026-03-22 21:00:00,95.6325,114.5478926016904,105.21916666666664
2026-03-22 22:00:00,98.66666666666669,96.06714450126364,91.44666666666666
2026-03-22 23:00:00,87.85916666666667,86.76517805898395,83.46083333333333
2026-03-23 00:00:00,101.85,94.73396864572688,73.71833333333333
2026-03-23 01:00:00,96.42416666666666,98.41797925375376,65.85166666666667
2026-03-23 02:00:00,84.41666666666667,94.92748757270832,58.7925
2026-03-23 03:00:00,85.18666666666667,93.47422225951232,59.5575
2026-03-23 04:00:00,87.57666666666667,95.62185413454826,59.335
2026-03-23 05:00:00,101.79166666666669,104.9210175030196,69.60000000000001
2026-03-23 06:00:00,108.42666666666666,126.59149065071946,82.02499999999999
2026-03-23 07:00:00,124.555,144.4036577276811,81.855
2026-03-23 08:00:00,54.51666666666667,101.2383812689275,50.642500000000005
2026-03-23 09:00:00,14.0175,61.07196344449624,95.65916666666668
2026-03-23 10:00:00,3.839166666666667,43.2872320260944,105.22833333333334
2026-03-23 11:00:00,5.1875,36.9394087146043,119.36666666666667
2026-03-23 12:00:00,7.952500000000001,32.48255767923925,140.80416666666667
2026-03-23 13:00:00,7.204999999999999,44.67639131495635,118.02
2026-03-23 14:00:00,13.335,52.79303648826297,109.7425
2026-03-23 15:00:00,28.390833333333333,67.40510900819211,124.03083333333332
2026-03-23 16:00:00,58.81,93.82653454145424,148.42749999999998
2026-03-23 17:00:00,117.0175,113.76901272942588,144.13083333333333
2026-03-23 18:00:00,78.65249999999999,134.64304638133456,134.74666666666667
2026-03-23 19:00:00,112.97166666666668,152.6372396789651,123.24666666666668
2026-03-23 20:00:00,98.38916666666668,157.25425028697674,107.325
2026-03-23 21:00:00,87.27499999999999,132.95778283697285,100.0875
2026-03-23 22:00:00,85.28666666666668,121.56925827567572,98.55666666666669
2026-03-23 23:00:00,66.04333333333334,113.29432259293792,99.9825
2026-03-24 00:00:00,58.9775,111.3808654518127,101.55833333333334
2026-03-24 01:00:00,31.069166666666664,99.5333269621966,98.54333333333334
2026-03-24 02:00:00,7.1433333333333335,84.76547179892292,97.27666666666666
2026-03-24 03:00:00,8.888333333333334,71.82377483468184,97.03666666666668
2026-03-24 04:00:00,16.84,62.324734608703245,98.43166666666669
2026-03-24 05:00:00,58.47583333333333,64.00386750347052,98.46666666666664
2026-03-24 06:00:00,96.53916666666667,75.25416724964794,127.46416666666666
2026-03-24 07:00:00,102.5925,86.27366654754638,128.76250000000002
2026-03-24 08:00:00,38.07,42.56914978604379,132.70583333333337
2026-03-24 09:00:00,36.35583333333333,16.767096622263225,131.7175
2026-03-24 10:00:00,15.935,14.786890887855575,122.54416666666668
2026-03-24 11:00:00,5.129166666666666,6.262558764218184,87.01333333333334
2026-03-24 12:00:00,10.033333333333331,10.866149767852072,81.06166666666667
2026-03-24 13:00:00,22.8925,64.34452237192363,87.03666666666668
2026-03-24 14:00:00,52.244166666666665,98.75996141085464,85.70166666666667
2026-03-24 15:00:00,72.09916666666668,58.1070874327591,75.865
2026-03-24 16:00:00,123.24,114.19678837022082,92.81333333333332
2026-03-24 17:00:00,117.59333333333332,148.61033124643586,119.12
2026-03-24 18:00:00,131.4391666666667,167.9906717910228,120.26666666666668
2026-03-24 19:00:00,130.75,168.01647241068116,113.69916666666666
2026-03-24 20:00:00,121.56416666666668,135.86581843602966,110.3575
2026-03-24 21:00:00,109.4375,112.28995818170168,114.45583333333332
2026-03-24 22:00:00,97.95583333333332,89.08111611575495,113.255
2026-03-24 23:00:00,90.92333333333332,74.81372889227573,95.32833333333332
2026-03-25 00:00:00,82.215,72.97186927168832,102.55166666666666
2026-03-25 01:00:00,67.44500000000001,64.06517659952792,88.94
2026-03-25 02:00:00,50.3325,54.571295387418566,92.82583333333334
2026-03-25 03:00:00,64.3925,51.436902194557625,88.55083333333333
2026-03-25 04:00:00,72.71249999999999,51.71413649773723,91.18083333333334
2026-03-25 05:00:00,87.83749999999999,61.25745864907137,96.76833333333332
2026-03-25 06:00:00,96.16916666666668,84.76965444602267,101.21083333333333
2026-03-25 07:00:00,119.23333333333332,101.6885869259257,112.04916666666666
2026-03-25 08:00:00,40.20333333333333,73.43930473337137,92.605
2026-03-25 09:00:00,13.019166666666663,55.02739226197652,73.2725
2026-03-25 10:00:00,10.4175,39.461154727926335,72.575
2026-03-25 11:00:00,1.3241666666666665,29.05498617536781,74.51333333333334
2026-03-25 12:00:00,4.869166666666667,43.93399000660391,70.41333333333334
2026-03-25 13:00:00,13.289166666666668,60.30926753317557,75.15833333333333
2026-03-25 14:00:00,41.34666666666666,69.2769281888921,81.17
2026-03-25 15:00:00,50.7225,72.994700953683,82.78750000000001
2026-03-25 16:00:00,89.85166666666667,72.94998636200695,112.00833333333333
2026-03-25 17:00:00,91.36333333333332,121.63321846873104,125.60416666666669
2026-03-25 18:00:00,97.6325,134.38929409093203,119.28083333333336
2026-03-25 19:00:00,101.3875,162.39108086569723,117.6825
2026-03-25 20:00:00,82.52,148.2916131399249,103.33916666666666
2026-03-25 21:00:00,81.05166666666666,123.72405119189555,100.5725
2026-03-25 22:00:00,76.595,89.89873572199714,118.3975
2026-03-25 23:00:00,90.98583333333332,85.62452430789067,97.77166666666666
2026-03-26 00:00:00,92.785,93.0025755554779,91.26083333333334
2026-03-26 01:00:00,78.74249999999999,89.2247907423453,93.495
2026-03-26 02:00:00,84.85333333333334,79.17935807650639,93.49333333333334
2026-03-26 03:00:00,85.5,80.44278143286404,92.8375
2026-03-26 04:00:00,87.46416666666666,85.9046033423836,94.83916666666666
2026-03-26 05:00:00,77.93833333333333,93.19752276246672,110.69
2026-03-26 06:00:00,102.60083333333334,108.80002946226624,131.79166666666666
2026-03-26 07:00:00,111.32833333333332,128.09784554326086,132.04166666666666
2026-03-26 08:00:00,72.46583333333334,111.008002478703,136.95416666666668
2026-03-26 09:00:00,74.76666666666667,57.42330872300533,147.11499999999998
2026-03-26 10:00:00,3.085833333333333,7.991412574561771,135.36083333333332
2026-03-26 11:00:00,-5.133333333333334,-15.451962600657197,119.80583333333334
2026-03-26 12:00:00,-0.1808333333333334,-9.58921427022264,105.16
2026-03-26 13:00:00,3.6441666666666666,-14.57403543163302,97.52583333333332
2026-03-26 14:00:00,-2.5666666666666664,-20.972512840354824,92.55333333333334
2026-03-26 15:00:00,-28.13416666666667,-13.082795848153625,94.46083333333333
2026-03-26 16:00:00,-22.281666666666663,1.1284290201019331,92.40333333333336
2026-03-26 17:00:00,-7.144166666666666,29.69430378953799,94.39333333333332
2026-03-26 18:00:00,28.411666666666665,63.20395961937349,128.67083333333332
2026-03-26 19:00:00,8.588333333333333,42.80560428207772,137.4333333333333
2026-03-26 20:00:00,-0.0833333333333333,43.80170497236122,127.405
2026-03-26 21:00:00,-2.740833333333333,22.226908086304725,111.12166666666668
2026-03-26 22:00:00,-6.822500000000001,1.0121297665066464,97.9275
2026-03-26 23:00:00,-8.095,-5.465930879675085,98.37
2026-03-27 00:00:00,-1.2441666666666666,-1.0128425945755597,102.71
2026-03-27 01:00:00,-3.3383333333333334,6.908053546031283,93.79833333333332
2026-03-27 02:00:00,-3.8508333333333336,-0.9599693705352196,86.49000000000001
2026-03-27 03:00:00,-4.464166666666666,-4.592621974760732,81.63833333333334
2026-03-27 04:00:00,-4.611666666666666,-5.0919353955212046,86.93666666666667
2026-03-27 05:00:00,-3.494166666666666,1.9959759939646349,105.56833333333331
2026-03-27 06:00:00,5.905,17.973947628554605,134.64083333333335
2026-03-27 07:00:00,22.370833333333334,40.48540863702194,142.0716666666667
2026-03-27 08:00:00,6.898333333333333,24.23233649360352,121.24416666666669
2026-03-27 09:00:00,-15.168333333333331,11.791328898162206,106.20583333333332
2026-03-27 10:00:00,-9.42,8.595627851301302,66.61666666666666
2026-03-27 11:00:00,-8.623333333333333,1.4920901857726108,32.903333333333336
2026-03-27 12:00:00,-12.689166666666669,-11.305484633381935,20.41
2026-03-27 13:00:00,-17.434166666666666,-21.372312181318375,8.008333333333333
2026-03-27 14:00:00,-20.468333333333334,-26.91005814798081,-11.005
2026-03-27 15:00:00,-14.839166666666666,-28.041695952972063,-7.561666666666666
2026-03-27 16:00:00,-18.69666666666667,-26.93050014540861,1.1733333333333331
2026-03-27 17:00:00,-5.285833333333334,-3.939713153405407,53.09666666666666
2026-03-27 18:00:00,22.245,30.88759990929213,91.5525
2026-03-27 19:00:00,11.32,55.56561858875436,98.39666666666666
2026-03-27 20:00:00,19.779166666666665,47.079455526402185,93.08583333333333
2026-03-27 21:00:00,24.53833333333333,37.704979835371375,80.44583333333334
2026-03-27 22:00:00,26.07333333333333,27.745669343700143,83.0525
2026-03-27 23:00:00,24.555,26.465526470170232,85.88749999999999
2026-03-28 00:00:00,45.469166666666666,29.925748029941985,88.185
2026-03-28 01:00:00,51.18666666666667,25.877567814683488,84.58166666666666
2026-03-28 02:00:00,43.49166666666667,23.688896552741696,86.2275
2026-03-28 03:00:00,29.921666666666667,22.484154577645405,97.19083333333332
2026-03-28 04:00:00,24.584166666666665,22.065213889700345,103.84166666666664
2026-03-28 05:00:00,34.53333333333334,21.546719964204804,107.11333333333332
2026-03-28 06:00:00,49.21416666666667,30.760585019280576,111.9925
2026-03-28 07:00:00,61.37833333333333,38.51717967715774,141.92083333333332
2026-03-28 08:00:00,14.76,69.64814062495607,90.08916666666666
2026-03-28 09:00:00,-0.2274999999999999,52.280836646056166,16.24
2026-03-28 10:00:00,-2.955,28.38893895558295,0.8975
2026-03-28 11:00:00,-5.230833333333333,-2.5468489253176188,-2.3675
2026-03-28 12:00:00,-6.145,-18.93076720496896,-2.7716666666666665
2026-03-28 13:00:00,-6.560833333333334,-30.65378978943407,-4.3975
2026-03-28 14:00:00,-7.525833333333334,-27.94266614117097,-6.609166666666667
2026-03-28 15:00:00,-5.7525,-21.81566506740413,-5.968333333333334
2026-03-28 16:00:00,-6.7941666666666665,-6.684532906084286,-5.745833333333334
2026-03-28 17:00:00,-4.76,16.152562932877082,3.044166666666667
2026-03-28 18:00:00,43.10583333333333,58.20964350914667,75.17083333333333
2026-03-28 19:00:00,64.84666666666666,85.05500748275591,87.6225
2026-03-28 20:00:00,69.46,91.35128755398624,85.22833333333334
2026-03-28 21:00:00,73.10416666666667,92.35780005386444,68.4275
2026-03-28 22:00:00,75.01166666666667,91.36858749152486,61.98
2026-03-28 23:00:00,68.00916666666667,87.74019623900399,68.25833333333334
2026-03-29 00:00:00,71.71333333333332,91.70600070520598,76.05166666666666
2026-03-29 01:00:00,70.505,83.01680991574943,85.56
2026-03-29 02:00:00,60.35666666666666,74.63224653187817,88.83083333333333
2026-03-29 03:00:00,58.09666666666666,69.93194395927475,92.3325
2026-03-29 04:00:00,57.88916666666666,75.67855852904427,92.88916666666668
2026-03-29 05:00:00,57.98333333333333,78.57278812713642,98.53333333333336
2026-03-29 06:00:00,54.21,85.87717573326586,97.8525
2026-03-29 07:00:00,60.1275,92.18427103195982,82.905
2026-03-29 08:00:00,5.275833333333334,58.91824281670738,12.434166666666668
2026-03-29 09:00:00,-4.117500000000001,22.36728671840894,-4.075833333333333
2026-03-29 10:00:00,-3.963333333333333,3.6224037895767225,-6.973333333333334
2026-03-29 11:00:00,-5.551666666666667,-9.883638871971272,-12.799166666666666
2026-03-29 12:00:00,-9.964166666666667,-18.918631916584616,-22.9575
2026-03-29 13:00:00,-18.50166666666667,-17.148995610960966,-24.585
2026-03-29 14:00:00,-26.4975,-15.563767539100766,-24.55666666666667
2026-03-29 15:00:00,-43.37833333333333,-10.246219228016583,-8.839166666666667
2026-03-29 16:00:00,-14.8,10.29278098736421,2.661666666666666
2026-03-29 17:00:00,9.596666666666666,38.46846729531351,48.71083333333333
2026-03-29 18:00:00,73.79333333333334,75.5579114876819,98.43666666666668
2026-03-29 19:00:00,74.85166666666667,93.52707686961492,98.52
2026-03-29 20:00:00,67.01666666666667,90.77057482132578,89.87333333333333
2026-03-29 21:00:00,60.75,88.55262444804393,95.6325
2026-03-29 22:00:00,60.8375,82.46507787553259,98.66666666666669
2026-03-29 23:00:00,56.05416666666667,78.21941608241788,87.85916666666667
2026-03-30 00:00:00,56.96,81.02068132536886,101.85
2026-03-30 01:00:00,59.15416666666667,86.4991698979657,96.42416666666666
2026-03-30 02:00:00,61.44833333333333,87.07216642322959,84.41666666666667
2026-03-30 03:00:00,64.0025,90.57469943614944,85.18666666666667
2026-03-30 04:00:00,67.38833333333334,91.16172987231846,87.57666666666667
2026-03-30 05:00:00,74.79166666666667,102.00638226904476,101.79166666666669
2026-03-30 06:00:00,88.56,127.47316456027062,108.42666666666666
2026-03-30 07:00:00,135.37166666666667,150.49173293243553,124.555
2026-03-30 08:00:00,36.1475,106.76112441556168,54.51666666666667
2026-03-30 09:00:00,4.0475,51.62960460043967,14.0175
2026-03-30 10:00:00,-0.2825,17.543768294564288,3.839166666666667
2026-03-30 11:00:00,-4.111666666666667,0.7627738350153948,5.1875
2026-03-30 12:00:00,-3.3349999999999995,-3.6958778863101287,7.952500000000001
2026-03-30 13:00:00,-2.1891666666666665,2.903149507468086,7.204999999999999
2026-03-30 14:00:00,-1.3925,12.45708053781729,13.335
2026-03-30 15:00:00,2.983333333333334,27.71327316984064,28.390833333333333
2026-03-30 16:00:00,15.995833333333332,54.83818197250417,58.81
2026-03-30 17:00:00,74.8775,90.47810469470714,117.0175
2026-03-30 18:00:00,112.65833333333336,118.44965015099932,78.65249999999999
2026-03-30 19:00:00,112.57,115.86539970869224,112.97166666666668
2026-03-30 20:00:00,94.1875,89.81344096047602,98.38916666666668
2026-03-30 21:00:00,95.78333333333336,72.0510470746976,87.27499999999999
2026-03-30 22:00:00,76.95583333333333,61.64132402213753,85.28666666666668
2026-03-30 23:00:00,65.10166666666667,58.30372443170428,66.04333333333334
2026-03-31 00:00:00,48.23916666666667,66.42778137116055,58.9775
2026-03-31 01:00:00,33.6525,59.935845190732,31.069166666666664
2026-03-31 02:00:00,12.410833333333334,55.69442477777172,7.1433333333333335
2026-03-31 03:00:00,8.827499999999999,53.29696171869009,8.888333333333334
2026-03-31 04:00:00,4.369166666666667,49.50845136757533,16.84
2026-03-31 05:00:00,0.7483333333333332,53.25991798623491,58.47583333333333
2026-03-31 06:00:00,11.035833333333334,76.57486358446704,96.53916666666667
2026-03-31 07:00:00,11.109166666666669,96.23512292587756,102.5925
2026-03-31 08:00:00,-1.9891666666666667,62.45781745734512,38.07
2026-03-31 09:00:00,-5.401666666666667,24.46973726850684,36.35583333333333
2026-03-31 10:00:00,-9.601666666666668,6.935580361010565,15.935
2026-03-31 11:00:00,-14.736666666666666,-14.030668261426172,5.129166666666666
2026-03-31 12:00:00,-13.888333333333334,-28.491544395218952,10.033333333333331
2026-03-31 13:00:00,-11.691666666666668,-31.069024059369998,22.8925
2026-03-31 14:00:00,-9.635833333333332,-27.73277896933031,52.244166666666665
2026-03-31 15:00:00,-7.6191666666666675,-11.459880754185434,72.09916666666668
2026-03-31 16:00:00,-2.8708333333333336,21.50578792202979,123.24
2026-03-31 17:00:00,15.7825,67.95329117597015,117.59333333333332
2026-03-31 18:00:00,50.219166666666666,104.59103734557384,131.4391666666667
2026-03-31 19:00:00,68.54916666666666,107.63673645558718,130.75
2026-03-31 20:00:00,54.09833333333333,90.69283937843034,121.56416666666668
2026-03-31 21:00:00,13.160833333333334,66.84095754532541,109.4375
2026-03-31 22:00:00,7.714166666666666,49.3336597731378,97.95583333333332
2026-03-31 23:00:00,0.0899999999999999,39.74023115511537,90.92333333333332
2026-04-01 00:00:00,0.0008333333333333,47.18132583760557,82.215
2026-04-01 01:00:00,-0.0666666666666666,26.61521727599468,67.44500000000001
2026-04-01 02:00:00,-3.426666666666667,18.09636523311341,50.3325
2026-04-01 03:00:00,-3.963333333333333,9.036453766402104,64.3925
2026-04-01 04:00:00,-1.7875,3.7102653583859535,72.71249999999999
2026-04-01 05:00:00,-0.0958333333333333,8.463432053121409,87.83749999999999
2026-04-01 06:00:00,11.4175,27.190092528787204,96.16916666666668
2026-04-01 07:00:00,13.071666666666667,48.85691125153355,119.23333333333332
2026-04-01 08:00:00,27.121666666666663,35.166639012368215,40.20333333333333
2026-04-01 09:00:00,32.51083333333333,9.019364513005328,13.019166666666663
2026-04-01 10:00:00,5.325,-11.228660911017371,10.4175
2026-04-01 11:00:00,4.8741666666666665,-9.167061139301737,1.3241666666666665
2026-04-01 12:00:00,2.5775,-0.51329667605998,4.869166666666667
2026-04-01 13:00:00,26.971666666666664,34.80890256480892,13.289166666666668
2026-04-01 14:00:00,64.17,46.10780426615256,41.34666666666666
2026-04-01 15:00:00,94.16416666666667,49.85068470177944,50.7225
2026-04-01 16:00:00,101.3525,79.23720501861249,89.85166666666667
2026-04-01 17:00:00,122.10166666666667,112.12016694473895,91.36333333333332
2026-04-01 18:00:00,123.89583333333331,111.0059638773171,97.6325
2026-04-01 19:00:00,126.37916666666666,118.04546508369832,101.3875
2026-04-01 20:00:00,127.7375,125.70520582237585,82.52
2026-04-01 21:00:00,122.77,119.04926049017932,81.05166666666666
2026-04-01 22:00:00,107.5875,113.89417630682962,76.595
2026-04-01 23:00:00,109.74583333333334,110.24451255647848,90.98583333333332
2026-04-02 00:00:00,100.92,118.4543694706894,92.785
2026-04-02 01:00:00,106.36333333333334,117.63487910474848,78.74249999999999
2026-04-02 02:00:00,99.60916666666668,113.90147082194598,84.85333333333334
2026-04-02 03:00:00,97.80583333333334,110.10847873229676,85.5
2026-04-02 04:00:00,102.81083333333332,112.66233623462512,87.46416666666666
2026-04-02 05:00:00,118.3475,124.92553919597084,77.93833333333333
2026-04-02 06:00:00,137.16916666666663,148.5654150790956,102.60083333333334
2026-04-02 07:00:00,170.9416666666667,180.20037669914285,111.32833333333332
2026-04-02 08:00:00,134.27833333333334,130.264675335048,72.46583333333334
2026-04-02 09:00:00,50.18,62.203157894705086,74.76666666666667
2026-04-02 10:00:00,22.484166666666667,26.61767241913106,3.085833333333333
2026-04-02 11:00:00,4.031666666666667,9.990626217711522,-5.133333333333334
2026-04-02 12:00:00,0.9241666666666668,-0.5050474242505487,-0.1808333333333334
2026-04-02 13:00:00,0.2308333333333333,-2.2616256799636005,3.6441666666666666
2026-04-02 14:00:00,-3.6766666666666654,1.4995536225302146,-2.5666666666666664
2026-04-02 15:00:00,-6.861666666666667,19.379992477797565,-28.13416666666667
2026-04-02 16:00:00,-5.091666666666667,57.788781250217895,-22.281666666666663
2026-04-02 17:00:00,17.0275,55.7428802364316,-7.144166666666666
2026-04-02 18:00:00,78.64166666666667,82.35050562430226,28.411666666666665
2026-04-02 19:00:00,79.51,100.99677448492024,8.588333333333333
2026-04-02 20:00:00,67.26083333333334,106.97750483860068,-0.0833333333333333
2026-04-02 21:00:00,59.02666666666667,100.6682624446822,-2.740833333333333
2026-04-02 22:00:00,40.90916666666666,95.824563195705,-6.822500000000001
2026-04-02 23:00:00,17.508333333333333,93.19631002622477,-8.095
2026-04-03 00:00:00,22.115,95.83037042435726,-1.2441666666666666
2026-04-03 01:00:00,14.031666666666666,85.33338511137444,-3.3383333333333334
2026-04-03 02:00:00,10.8,72.36887450627471,-3.8508333333333336
2026-04-03 03:00:00,11.3925,63.73874015971865,-4.464166666666666
2026-04-03 04:00:00,6.715833333333333,56.45266021296235,-4.611666666666666
2026-04-03 05:00:00,7.596666666666667,50.53599743812934,-3.494166666666666
2026-04-03 06:00:00,7.990833333333334,46.45082678992296,5.905
2026-04-03 07:00:00,9.051666666666666,46.30098684613213,22.370833333333334
2026-04-03 08:00:00,-1.9458333333333333,47.66970933957387,6.898333333333333
2026-04-03 09:00:00,-17.401666666666667,20.75139114864927,-15.168333333333331
2026-04-03 10:00:00,-34.13916666666667,-8.516886829176073,-9.42
2026-04-03 11:00:00,-12.804166666666667,-13.16576832962012,-8.623333333333333
2026-04-03 12:00:00,-13.150833333333331,-22.050856100486925,-12.689166666666669
2026-04-03 13:00:00,-18.6975,-44.48207289480203,-17.434166666666666
2026-04-03 14:00:00,-23.89583333333333,-46.92515238747728,-20.468333333333334
2026-04-03 15:00:00,-12.618333333333334,-38.52116745006498,-14.839166666666666
2026-04-03 16:00:00,-16.550833333333333,-19.84013193672405,-18.69666666666667
2026-04-03 17:00:00,-9.4,1.2765570779202875,-5.285833333333334
2026-04-03 18:00:00,10.831666666666669,36.855144058487134,22.245
2026-04-03 19:00:00,9.025,54.15567814918144,11.32
2026-04-03 20:00:00,2.865833333333333,45.36364356955934,19.779166666666665
2026-04-03 21:00:00,2.6741666666666664,37.84386612141888,24.53833333333333
2026-04-03 22:00:00,8.533333333333333,31.94773690580991,26.07333333333333
2026-04-03 23:00:00,8.034166666666666,29.8773554824232,24.555
2026-04-04 00:00:00,10.2675,38.26807896631705,45.469166666666666
2026-04-04 01:00:00,6.984166666666667,37.328360588540576,51.18666666666667
2026-04-04 02:00:00,3.628333333333333,28.82423920483196,43.49166666666667
2026-04-04 03:00:00,-0.0691666666666666,21.91086421424366,29.921666666666667
2026-04-04 04:00:00,-2.0791666666666666,23.717355066375163,24.584166666666665
2026-04-04 05:00:00,-2.7358333333333333,26.30325859547522,34.53333333333334
2026-04-04 06:00:00,-0.7008333333333333,29.418950784388883,49.21416666666667
2026-04-04 07:00:00,-0.0491666666666666,39.53452631404829,61.37833333333333
2026-04-04 08:00:00,-1.1541666666666666,23.665388680820985,14.76
2026-04-04 09:00:00,-19.1275,-13.409396217685751,-0.2274999999999999
2026-04-04 10:00:00,-50.90416666666667,-31.83916318655102,-2.955
2026-04-04 11:00:00,-60.35833333333333,-37.2782011012068,-5.230833333333333
2026-04-04 12:00:00,-65.34083333333334,-45.927802007570335,-6.145
2026-04-04 13:00:00,-79.81333333333333,-45.89917154458341,-6.560833333333334
2026-04-04 14:00:00,-72.12833333333333,-42.52680782029641,-7.525833333333334
2026-04-04 15:00:00,-58.85083333333333,-27.209943099462407,-5.7525
2026-04-04 16:00:00,-56.56166666666667,-9.949356044023943,-6.7941666666666665
2026-04-04 17:00:00,-19.076666666666664,20.61784672609207,-4.76
2026-04-04 18:00:00,26.8425,54.39696745349971,43.10583333333333
2026-04-04 19:00:00,19.426666666666662,71.9174333552305,64.84666666666666
2026-04-04 20:00:00,18.37,87.27008261179071,69.46
2026-04-04 21:00:00,14.608333333333333,91.45826223861098,73.10416666666667
2026-04-04 22:00:00,19.45,93.39531974397748,75.01166666666667
2026-04-04 23:00:00,17.410833333333333,92.21790327652288,68.00916666666667
2026-04-05 00:00:00,30.351666666666663,97.00166496987812,71.71333333333332
2026-04-05 01:00:00,29.15333333333333,83.8267926661925,70.505
2026-04-05 02:00:00,37.035833333333336,81.90814023737579,60.35666666666666
2026-04-05 03:00:00,44.16,83.3549202214298,58.09666666666666
2026-04-05 04:00:00,49.60666666666666,80.68995372674492,57.88916666666666
2026-04-05 05:00:00,52.373333333333335,81.21913838908836,57.98333333333333
2026-04-05 06:00:00,56.505,81.83232427260394,54.21
2026-04-05 07:00:00,63.95333333333334,86.07100344855459,60.1275
2026-04-05 08:00:00,15.566666666666668,41.17443392550217,5.275833333333334
2026-04-05 09:00:00,-9.4375,5.097666400867041,-4.117500000000001
2026-04-05 10:00:00,-31.016666666666666,-11.85594139543197,-3.963333333333333
2026-04-05 11:00:00,-37.431666666666665,-27.3706578300076,-5.551666666666667
2026-04-05 12:00:00,-37.77,-36.12052425573397,-9.964166666666667
2026-04-05 13:00:00,-43.08416666666667,-31.55320906216289,-18.50166666666667
2026-04-05 14:00:00,-36.8375,-24.588872942414028,-26.4975
2026-04-05 15:00:00,-21.92083333333333,-11.457349348665502,-43.37833333333333
2026-04-05 16:00:00,1.2608333333333333,12.047154736501083,-14.8
2026-04-05 17:00:00,54.39333333333334,45.470224519977336,9.596666666666666
2026-04-05 18:00:00,73.34333333333333,79.60479445763964,73.79333333333334
2026-04-05 19:00:00,71.87916666666666,83.32638355471278,74.85166666666667
2026-04-05 20:00:00,69.0525,85.96509706988805,67.01666666666667
2026-04-05 21:00:00,71.76333333333334,78.18680593874772,60.75
2026-04-05 22:00:00,72.35000000000001,76.07002764654507,60.8375
2026-04-05 23:00:00,71.06083333333333,75.09178873707434,56.05416666666667
2026-04-06 00:00:00,71.52166666666666,81.72055984690937,56.96
2026-04-06 01:00:00,74.41250000000001,78.14060370851182,59.15416666666667
2026-04-06 02:00:00,82.03750000000001,73.3027639879599,61.44833333333333
2026-04-06 03:00:00,80.2825,69.58550679168661,64.0025
2026-04-06 04:00:00,71.97,68.02549445141558,67.38833333333334
2026-04-06 05:00:00,57.01833333333334,66.87607728713814,74.79166666666667
2026-04-06 06:00:00,60.150000000000006,71.10962757288897,88.56
2026-04-06 07:00:00,43.18416666666667,79.62638743786161,135.37166666666667
2026-04-06 08:00:00,17.865833333333335,62.10835266693296,36.1475
2026-04-06 09:00:00,16.14916666666667,53.16166609780879,4.0475
2026-04-06 10:00:00,13.985,43.00879090375542,-0.2825
2026-04-06 11:00:00,8.834999999999999,44.82438172059625,-4.111666666666667
2026-04-06 12:00:00,0.7633333333333333,18.814261003554694,-3.3349999999999995
2026-04-06 13:00:00,-1.2333333333333334,7.092464149707389,-2.1891666666666665
2026-04-06 14:00:00,-9.2775,-0.5108655218593583,-1.3925
2026-04-06 15:00:00,-11.849166666666669,-16.601264457719154,2.983333333333334
2026-04-06 16:00:00,-11.364166666666668,1.7876413994372342,15.995833333333332
2026-04-06 17:00:00,1.5424999999999998,36.32707221496009,74.8775
2026-04-06 18:00:00,46.25333333333333,58.993221738135446,112.65833333333336
2026-04-06 19:00:00,50.85916666666666,58.36366345891825,112.57
2026-04-06 20:00:00,43.2275,45.58484410859165,94.1875
2026-04-06 21:00:00,68.49583333333334,38.24870168370138,95.78333333333336
2026-04-06 22:00:00,57.72416666666667,34.50695282651088,76.95583333333333
2026-04-06 23:00:00,17.205,33.7947953097301,65.10166666666667
2026-04-07 00:00:00,9.1575,38.60612422381415,48.23916666666667
2026-04-07 01:00:00,8.95,23.10127384697971,33.6525
2026-04-07 02:00:00,7.514166666666667,18.673043768064595,12.410833333333334
2026-04-07 03:00:00,6.956666666666666,24.377519425172373,8.827499999999999
2026-04-07 04:00:00,9.195,35.71946348908363,4.369166666666667
2026-04-07 05:00:00,7.648333333333333,47.6026214213046,0.7483333333333332
2026-04-07 06:00:00,9.161666666666669,62.00401295120369,11.035833333333334
2026-04-07 07:00:00,20.271666666666665,82.70530202411418,11.109166666666669
2026-04-07 08:00:00,20.2775,68.5489330682506,-1.9891666666666667
2026-04-07 09:00:00,2.045833333333333,43.15956275099679,-5.401666666666667
2026-04-07 10:00:00,0.0683333333333333,20.07892318806692,-9.601666666666668
2026-04-07 11:00:00,-0.89,-1.3070354760798608,-14.736666666666666
2026-04-07 12:00:00,-0.7091666666666666,0.9390655220824726,-13.888333333333334
2026-04-07 13:00:00,-4.225833333333333,0.0626549284557,-11.691666666666668
2026-04-07 14:00:00,-3.536666666666666,-0.0198569569929958,-9.635833333333332
2026-04-07 15:00:00,-4.089166666666666,9.831716045988877,-7.6191666666666675
2026-04-07 16:00:00,-3.758333333333333,31.862068094927224,-2.8708333333333336
2026-04-07 17:00:00,24.9075,56.7005624540076,15.7825
2026-04-07 18:00:00,117.69083333333332,93.13671091025608,50.219166666666666
2026-04-07 19:00:00,123.245,102.28464241682204,68.54916666666666
2026-04-07 20:00:00,120.86333333333332,113.73048140850364,54.09833333333333
2026-04-07 21:00:00,128.16416666666666,104.8960037008074,13.160833333333334
2026-04-07 22:00:00,132.47583333333333,92.06967298728554,7.714166666666666
2026-04-07 23:00:00,133.30666666666667,78.87302753806503,0.0899999999999999
2026-04-08 00:00:00,138.54999999999998,90.17276656391212,0.0008333333333333
2026-04-08 01:00:00,122.48583333333332,94.49788045916742,-0.0666666666666666
2026-04-08 02:00:00,111.4125,90.03846255485345,-3.426666666666667
2026-04-08 03:00:00,106.78333333333336,91.98410676569692,-3.963333333333333
2026-04-08 04:00:00,117.61583333333334,94.38885234413942,-1.7875
2026-04-08 05:00:00,124.2375,98.33662169668484,-0.0958333333333333
2026-04-08 06:00:00,138.1975,114.75118894129218,11.4175
2026-04-08 07:00:00,153.07500000000002,140.7646700572389,13.071666666666667
2026-04-08 08:00:00,67.16416666666667,124.22718996648194,27.121666666666663
2026-04-08 09:00:00,26.929166666666664,80.57447822508601,32.51083333333333
2026-04-08 10:00:00,30.8825,33.70712436933324,5.325
2026-04-08 11:00:00,21.975,27.06660803373048,4.8741666666666665
2026-04-08 12:00:00,20.3325,26.8231686129809,2.5775
2026-04-08 13:00:00,8.430833333333334,9.047561770713337,26.971666666666664
2026-04-08 14:00:00,11.915,11.719702639543344,64.17
2026-04-08 15:00:00,23.9725,29.36361646307204,94.16416666666667
2026-04-08 16:00:00,59.00416666666666,52.72379207042539,101.3525
2026-04-08 17:00:00,105.21916666666668,96.57991297766102,122.10166666666667
2026-04-08 18:00:00,131.3325,139.40395480874753,123.89583333333331
2026-04-08 19:00:00,108.8725,127.81406325947133,126.37916666666666
2026-04-08 20:00:00,89.74416666666667,83.22932554831173,127.7375
2026-04-08 21:00:00,76.7,62.92234988811792,122.77
2026-04-08 22:00:00,32.73583333333334,64.6469273011117,107.5875
2026-04-08 23:00:00,4.382499999999999,62.15372239780442,109.74583333333334
2026-04-09 00:00:00,-0.1674999999999999,61.09194256720784,100.92
2026-04-09 01:00:00,-2.375833333333333,35.99690770529975,106.36333333333334
2026-04-09 02:00:00,-4.695833333333334,16.133971270573227,99.60916666666668
2026-04-09 03:00:00,-9.2375,1.7496560758164463,97.80583333333334
2026-04-09 04:00:00,-11.490833333333336,-2.145447635845258,102.81083333333332
2026-04-09 05:00:00,-12.08,-4.705952035836631,118.3475
2026-04-09 06:00:00,-6.078333333333333,1.48252430750739,137.16916666666663
2026-04-09 07:00:00,-2.7583333333333333,12.634240682597962,170.9416666666667
2026-04-09 08:00:00,-5.098333333333334,6.373942168729165,134.27833333333334
2026-04-09 09:00:00,-9.061666666666666,-9.463260444350752,50.18
2026-04-09 10:00:00,-12.629166666666668,-13.761977243843075,22.484166666666667
2026-04-09 11:00:00,-8.583333333333334,-19.72394061793807,4.031666666666667
2026-04-09 12:00:00,-4.4725,-20.61192799102669,0.9241666666666668
2026-04-09 13:00:00,-4.980833333333334,-31.29664208290225,0.2308333333333333
2026-04-09 14:00:00,-5.210833333333333,-24.235985669641863,-3.6766666666666654
2026-04-09 15:00:00,-0.0208333333333333,1.7108392135129549,-6.861666666666667
2026-04-09 16:00:00,0.1066666666666665,4.578458923231111,-5.091666666666667
2026-04-09 17:00:00,-2.8608333333333333,20.10878577746292,17.0275
2026-04-09 18:00:00,2.335,36.33936887852668,78.64166666666667
2026-04-09 19:00:00,-0.3441666666666667,43.59751199948285,79.51
2026-04-09 20:00:00,-1.6516666666666666,50.58681235865398,67.26083333333334
2026-04-09 21:00:00,-1.7699999999999998,43.52709008337209,59.02666666666667
2026-04-09 22:00:00,-0.0916666666666666,44.80150775044808,40.90916666666666
2026-04-09 23:00:00,-0.1,39.40678887778877,17.508333333333333
2026-04-10 00:00:00,-0.0666666666666666,40.26889758108648,22.115
2026-04-10 01:00:00,0.7083333333333334,21.132370411204384,14.031666666666666
2026-04-10 02:00:00,-3.165833333333333,9.459646940044372,10.8
2026-04-10 03:00:00,-3.333333333333333,7.921066909620755,11.3925
2026-04-10 04:00:00,-4.700833333333333,14.004735044842342,6.715833333333333
2026-04-10 05:00:00,-3.065,17.016865123366365,7.596666666666667
2026-04-10 06:00:00,-3.3841666666666668,24.91020644191504,7.990833333333334
2026-04-10 07:00:00,-1.94,41.38188627093918,9.051666666666666
2026-04-10 08:00:00,-2.905,26.268396896990687,-1.9458333333333333
2026-04-10 09:00:00,-4.415,-4.664463109656182,-17.401666666666667
2026-04-10 10:00:00,-7.915833333333333,-8.712540936102073,-34.13916666666667
2026-04-10 11:00:00,-12.5375,-23.916767235527743,-12.804166666666667
2026-04-10 12:00:00,-9.216666666666669,-20.268101885730147,-13.150833333333331
2026-04-10 13:00:00,-13.910833333333334,-21.846915587506658,-18.6975
2026-04-10 14:00:00,-13.920833333333333,-29.968860569250158,-23.89583333333333
2026-04-10 15:00:00,-22.16416666666667,-31.786351405201813,-12.618333333333334
2026-04-10 16:00:00,-13.168333333333331,-23.94436742365197,-16.550833333333333
2026-04-10 17:00:00,-3.4333333333333336,4.8444218288324095,-9.4
2026-04-10 18:00:00,-3.1833333333333336,27.39574232541441,10.831666666666669
2026-04-10 19:00:00,-3.080833333333333,43.28904407180026,9.025
2026-04-10 20:00:00,-1.8625,31.49024873002077,2.865833333333333
2026-04-10 21:00:00,-0.2716666666666666,17.630995620773625,2.6741666666666664
2026-04-10 22:00:00,-0.8433333333333333,13.091412462645522,8.533333333333333
2026-04-10 23:00:00,-0.1875,12.715905704753467,8.034166666666666
2026-04-11 00:00:00,-0.05,23.606883987636834,10.2675
2026-04-11 01:00:00,-0.7133333333333334,35.2848996662711,6.984166666666667
2026-04-11 02:00:00,-2.8725,32.517952120770474,3.628333333333333
2026-04-11 03:00:00,-3.4758333333333336,34.15540151580541,-0.0691666666666666
2026-04-11 04:00:00,-6.498333333333334,35.76828343704132,-2.0791666666666666
2026-04-11 05:00:00,-4.5875,36.88885488633511,-2.7358333333333333
2026-04-11 06:00:00,-4.028333333333333,41.44957357304038,-0.7008333333333333
2026-04-11 07:00:00,0.92,45.4578596526256,-0.0491666666666666
2026-04-11 08:00:00,-3.71,18.194833007596536,-1.1541666666666666
2026-04-11 09:00:00,-9.320833333333333,-7.005942864326485,-19.1275
2026-04-11 10:00:00,-15.4925,-23.195990881733067,-50.90416666666667
2026-04-11 11:00:00,-7.776666666666666,-23.48644167438597,-60.35833333333333
2026-04-11 12:00:00,-7.609166666666667,-12.177768822174258,-65.34083333333334
2026-04-11 13:00:00,-8.606666666666667,-12.414077594284834,-79.81333333333333
2026-04-11 14:00:00,-15.675,-23.60187732037062,-72.12833333333333
2026-04-11 15:00:00,-18.471666666666668,-23.08344154516645,-58.85083333333333
2026-04-11 16:00:00,-14.851666666666668,-5.64524319295829,-56.56166666666667
2026-04-11 17:00:00,-5.314166666666667,37.269321069070095,-19.076666666666664
2026-04-11 18:00:00,-0.5691666666666667,76.03031153756254,26.8425
2026-04-11 19:00:00,4.1691666666666665,75.99802140740391,19.426666666666662
2026-04-11 20:00:00,3.895,68.72606498659594,18.37
2026-04-11 21:00:00,-0.05,63.233325211598014,14.608333333333333
2026-04-11 22:00:00,-0.0875,47.94799196182832,19.45
2026-04-11 23:00:00,-0.1825,36.68874645946276,17.410833333333333
2026-04-12 00:00:00,-0.9991666666666666,34.33232885757944,30.351666666666663
2026-04-12 01:00:00,-2.9966666666666666,26.67438885477486,29.15333333333333
2026-04-12 02:00:00,-4.0375,19.63393776173895,37.035833333333336
2026-04-12 03:00:00,-11.441666666666668,10.08801785940902,44.16
2026-04-12 04:00:00,-12.593333333333334,6.442216325137352,49.60666666666666
2026-04-12 05:00:00,-11.07,5.023923842272097,52.373333333333335
2026-04-12 06:00:00,-9.223333333333334,7.332064296848657,56.505
2026-04-12 07:00:00,-4.908333333333333,14.730015528540797,63.95333333333334
2026-04-12 08:00:00,-2.9450000000000003,20.75410480754236,15.566666666666668
2026-04-12 09:00:00,-3.454166666666667,3.689678051510626,-9.4375
2026-04-12 10:00:00,-4.616666666666666,-10.07082367269743,-31.016666666666666
2026-04-12 11:00:00,-6.136666666666667,-14.937488870009515,-37.431666666666665
2026-04-12 12:00:00,-6.848333333333334,-14.781524297603,-37.77
2026-04-12 13:00:00,-6.97,-15.350537092781169,-43.08416666666667
2026-04-12 14:00:00,-7.574166666666667,-18.19327005343699,-36.8375
2026-04-12 15:00:00,-6.715833333333333,-18.6607980210634,-21.92083333333333
2026-04-12 16:00:00,-3.5375,-11.217773023841971,1.2608333333333333
2026-04-12 17:00:00,-1.455833333333333,13.868410778772365,54.39333333333334
2026-04-12 18:00:00,4.233333333333333,56.83333148746857,73.34333333333333
2026-04-12 19:00:00,19.136666666666667,71.59795387000808,71.87916666666666
2026-04-12 20:00:00,26.8825,74.89908667149983,69.0525
2026-04-12 21:00:00,31.8375,68.4104834711499,71.76333333333334
2026-04-12 22:00:00,32.1325,57.388663054495424,72.35000000000001
2026-04-12 23:00:00,35.35333333333333,47.261058405139885,71.06083333333333
2026-04-13 00:00:00,44.33416666666667,53.351932860222405,71.52166666666666
2026-04-13 01:00:00,63.935833333333335,55.79171399391231,74.41250000000001
2026-04-13 02:00:00,30.314166666666665,43.87654529349777,82.03750000000001
2026-04-13 03:00:00,12.965833333333334,35.305508534259864,80.2825
2026-04-13 04:00:00,24.059166666666663,32.84893463742584,71.97
2026-04-13 05:00:00,31.41333333333333,36.71331477642471,57.01833333333334
2026-04-13 06:00:00,49.39333333333334,49.80529113548539,60.150000000000006
2026-04-13 07:00:00,56.17583333333334,73.76194427264542,43.18416666666667
2026-04-13 08:00:00,43.84,82.04993528180177,17.865833333333335
2026-04-13 09:00:00,35.83583333333333,32.740345303320986,16.14916666666667
2026-04-13 10:00:00,18.97583333333333,21.95510290767241,13.985
2026-04-13 11:00:00,14.763333333333334,10.691473461095349,8.834999999999999
2026-04-13 12:00:00,16.720000000000002,12.626105849400894,0.7633333333333333
2026-04-13 13:00:00,10.715833333333334,6.483673140043578,-1.2333333333333334
2026-04-13 14:00:00,2.4833333333333334,7.7079984106347155,-9.2775
2026-04-13 15:00:00,3.9466666666666654,2.5432053158497325,-11.849166666666669
2026-04-13 16:00:00,15.483333333333334,18.480036401210896,-11.364166666666668
2026-04-13 17:00:00,62.961666666666666,65.05765318866246,1.5424999999999998
2026-04-13 18:00:00,98.15333333333332,117.42363896088986,46.25333333333333
2026-04-13 19:00:00,110.2625,139.07187647758127,50.85916666666666
2026-04-13 20:00:00,104.00166666666668,118.60129758634189,43.2275
2026-04-13 21:00:00,106.0475,104.70880630645333,68.49583333333334
2026-04-13 22:00:00,112.3425,93.98269656795036,57.72416666666667
2026-04-13 23:00:00,105.22333333333334,88.17859285776869,17.205
2026-04-14 00:00:00,101.21666666666664,91.89227218445956,9.1575
2026-04-14 01:00:00,98.5,90.09000516855238,8.95
2026-04-14 02:00:00,89.37583333333333,83.78597740826802,7.514166666666667
2026-04-14 03:00:00,91.86416666666666,77.12435948741583,6.956666666666666
2026-04-14 04:00:00,83.27499999999999,75.27117448989105,9.195
2026-04-14 05:00:00,85.52916666666665,82.95640469308928,7.648333333333333
2026-04-14 06:00:00,95.88333333333333,95.05716979856966,9.161666666666669
2026-04-14 07:00:00,120.60166666666667,118.02236822879888,20.271666666666665
2026-04-14 08:00:00,160.98749999999998,117.8569949597446,20.2775
2026-04-14 09:00:00,124.545,84.1746176120008,2.045833333333333
2026-04-14 10:00:00,72.41583333333334,48.93563843872778,0.0683333333333333
2026-04-14 11:00:00,37.62916666666666,43.00523605520765,-0.89
2026-04-14 12:00:00,48.32083333333333,48.76811255427074,-0.7091666666666666
2026-04-14 13:00:00,69.52166666666666,58.25899777137047,-4.225833333333333
2026-04-14 14:00:00,74.22250000000001,60.40085432008728,-3.536666666666666
2026-04-14 15:00:00,61.7175,63.39065235603306,-4.089166666666666
2026-04-14 16:00:00,62.49916666666667,78.29854766837539,-3.758333333333333
2026-04-14 17:00:00,88.945,104.46039156915091,24.9075
2026-04-14 18:00:00,118.3125,140.0301273334304,117.69083333333332
2026-04-14 19:00:00,151.3375,151.46443056840664,123.245
2026-04-14 20:00:00,173.5925,141.510994619491,120.86333333333332
2026-04-14 21:00:00,192.1341666666667,126.253478839079,128.16416666666666
2026-04-14 22:00:00,149.97,108.32365313990611,132.47583333333333
2026-04-14 23:00:00,98.72833333333334,93.88700236151234,133.30666666666667
2026-04-15 00:00:00,79.2975,93.2958527682482,138.54999999999998
2026-04-15 01:00:00,74.68583333333333,83.95684358491295,122.48583333333332
2026-04-15 02:00:00,72.56333333333333,75.37184118910723,111.4125
2026-04-15 03:00:00,71.9225,68.53675295016411,106.78333333333336
2026-04-15 04:00:00,73.41416666666667,67.47233807945409,117.61583333333334
2026-04-15 05:00:00,72.3675,70.07461746209624,124.2375
2026-04-15 06:00:00,77.16166666666668,81.3508959788033,138.1975
2026-04-15 07:00:00,80.16333333333334,103.31155054110592,153.07500000000002
2026-04-15 08:00:00,73.16583333333334,94.67051539407316,67.16416666666667
2026-04-15 09:00:00,67.88666666666667,80.7075120817443,26.929166666666664
2026-04-15 10:00:00,19.774166666666662,62.40183507395566,30.8825
2026-04-15 11:00:00,10.636666666666668,53.12920598695101,21.975
2026-04-15 12:00:00,8.6025,54.763943303044016,20.3325
2026-04-15 13:00:00,7.774999999999999,59.02370096685132,8.430833333333334
2026-04-15 14:00:00,7.931666666666666,66.61530391317412,11.915
2026-04-15 15:00:00,13.2425,81.85554547821474,23.9725
2026-04-15 16:00:00,21.8725,98.4338988804534,59.00416666666666
2026-04-15 17:00:00,100.085,127.2356780723315,105.21916666666668
2026-04-15 18:00:00,160.12916666666666,165.41660437388344,131.3325
2026-04-15 19:00:00,158.52833333333334,171.48585517671893,108.8725
2026-04-15 20:00:00,166.09333333333333,166.63085419071842,89.74416666666667
2026-04-15 21:00:00,154.735,155.09002941060788,76.7
2026-04-15 22:00:00,151.29083333333332,130.1783797271772,32.73583333333334
2026-04-15 23:00:00,124.04583333333332,102.7152791470507,4.382499999999999
2026-04-16 00:00:00,117.9525,88.69832659844526,-0.1674999999999999
2026-04-16 01:00:00,101.215,64.50539527014384,-2.375833333333333
2026-04-16 02:00:00,79.37,39.89376990737964,-4.695833333333334
2026-04-16 03:00:00,56.31166666666667,21.38412909351031,-9.2375
2026-04-16 04:00:00,27.57333333333333,9.30456160803324,-11.490833333333336
2026-04-16 05:00:00,7.0825,5.077012092351509,-12.08
2026-04-16 06:00:00,4.8225,10.049483879418268,-6.078333333333333
2026-04-16 07:00:00,12.365833333333333,27.23685783162485,-2.7583333333333333
2026-04-16 08:00:00,3.985,18.291753085706027,-5.098333333333334
2026-04-16 09:00:00,-3.703333333333333,-0.0643505411599392,-9.061666666666666
2026-04-16 10:00:00,-8.3725,-12.40863002188368,-12.629166666666668
2026-04-16 11:00:00,-10.27,-22.463586421838087,-8.583333333333334
2026-04-16 12:00:00,-16.099166666666665,-24.599938473567462,-4.4725
2026-04-16 13:00:00,-20.079166666666666,-24.99286896388213,-4.980833333333334
2026-04-16 14:00:00,-14.465833333333334,-23.71675275520096,-5.210833333333333
2026-04-16 15:00:00,-7.358333333333333,-14.2315227965084,-0.0208333333333333
2026-04-16 16:00:00,-0.8041666666666667,16.27504042161052,0.1066666666666665
2026-04-16 17:00:00,5.369166666666666,51.872414011760505,-2.8608333333333333
2026-04-16 18:00:00,13.456666666666663,88.73396095949855,2.335
2026-04-16 19:00:00,31.800833333333333,90.03944531515728,-0.3441666666666667
2026-04-16 20:00:00,30.727500000000003,94.3626525587786,-1.6516666666666666
2026-04-16 21:00:00,20.8525,97.25654630898846,-1.7699999999999998
2026-04-16 22:00:00,15.5075,86.53629742614483,-0.0916666666666666
2026-04-16 23:00:00,7.227499999999999,85.73995029998451,-0.1
2026-04-17 00:00:00,26.951666666666664,87.81514402901853,-0.0666666666666666
2026-04-17 01:00:00,31.986666666666665,75.81553090836879,0.7083333333333334
2026-04-17 02:00:00,27.981666666666666,65.43841023171329,-3.165833333333333
2026-04-17 03:00:00,33.6375,51.966666748988175,-3.333333333333333
2026-04-17 04:00:00,32.4025,42.5536045985769,-4.700833333333333
2026-04-17 05:00:00,17.55333333333333,44.44623855924315,-3.065
2026-04-17 06:00:00,27.579166666666666,57.18187842444553,-3.3841666666666668
2026-04-17 07:00:00,40.36333333333334,79.79635149382932,-1.94
2026-04-17 08:00:00,30.355833333333333,84.80003848185662,-2.905
2026-04-17 09:00:00,13.825833333333334,38.923318910382704,-4.415
2026-04-17 10:00:00,5.283333333333333,8.523421131105692,-7.915833333333333
2026-04-17 11:00:00,2.5483333333333333,2.297236457495984,-12.5375
2026-04-17 12:00:00,-0.7741666666666666,-6.4837285239199645,-9.216666666666669
2026-04-17 13:00:00,-4.055,-13.34033727220924,-13.910833333333334
2026-04-17 14:00:00,-8.115,-20.80259743586167,-13.920833333333333
2026-04-17 15:00:00,-13.3825,-20.64058176744737,-22.16416666666667
2026-04-17 16:00:00,-27.07166666666667,-19.33305885758503,-13.168333333333331
2026-04-17 17:00:00,8.043333333333335,10.87723556475828,-3.4333333333333336
2026-04-17 18:00:00,74.575,60.78113405609157,-3.1833333333333336
2026-04-17 19:00:00,78.14,81.7682665115118,-3.080833333333333
2026-04-17 20:00:00,74.18083333333333,69.97174251617979,-1.8625
2026-04-17 21:00:00,77.71083333333333,74.30243889444243,-0.2716666666666666
2026-04-17 22:00:00,75.95166666666667,75.61236465094092,-0.8433333333333333
2026-04-17 23:00:00,78.3025,71.97010255026076,-0.1875
2026-04-18 00:00:00,84.20583333333333,78.98686658300029,-0.05
2026-04-18 01:00:00,82.61333333333333,77.46213858401991,-0.7133333333333334
2026-04-18 02:00:00,77.7225,65.93325222187416,-2.8725
2026-04-18 03:00:00,69.66083333333334,57.38859867648205,-3.4758333333333336
2026-04-18 04:00:00,62.98166666666666,54.98026576285865,-6.498333333333334
2026-04-18 05:00:00,67.77333333333333,50.89954891601965,-4.5875
2026-04-18 06:00:00,69.21083333333333,55.76389207393105,-4.028333333333333
2026-04-18 07:00:00,78.85583333333334,65.74228301133398,0.92
2026-04-18 08:00:00,46.20416666666667,71.30305469635559,-3.71
2026-04-18 09:00:00,5.610833333333333,43.1408078628474,-9.320833333333333
2026-04-18 10:00:00,13.079999999999998,21.062989287844463,-15.4925
2026-04-18 11:00:00,9.25,9.144772610908175,-7.776666666666666
2026-04-18 12:00:00,3.8866666666666654,4.518232899970329,-7.609166666666667
2026-04-18 13:00:00,1.4233333333333331,-2.399052413415802,-8.606666666666667
2026-04-18 14:00:00,-0.3341666666666666,-12.75125932343171,-15.675
2026-04-18 15:00:00,-2.1166666666666667,-9.139868436683628,-18.471666666666668
2026-04-18 16:00:00,6.209166666666667,9.030949363126098,-14.851666666666668
2026-04-18 17:00:00,66.115,53.72105532459616,-5.314166666666667
2026-04-18 18:00:00,119.35,113.62555433677122,-0.5691666666666667
2026-04-18 19:00:00,105.23666666666666,133.36493101205764,4.1691666666666665
2026-04-18 20:00:00,88.15166666666666,133.03064833269494,3.895
2026-04-18 21:00:00,86.22333333333334,124.95607015648648,-0.05
2026-04-18 22:00:00,88.96249999999999,118.71264671778845,-0.0875
2026-04-18 23:00:00,84.55666666666667,114.48275427110326,-0.1825
2026-04-19 00:00:00,84.645,114.39025470534035,-0.9991666666666666
2026-04-19 01:00:00,79.82416666666667,94.0802870902266,-2.9966666666666666
2026-04-19 02:00:00,77.065,85.51438977315041,-4.0375
2026-04-19 03:00:00,82.27833333333334,82.27066131961028,-11.441666666666668
2026-04-19 04:00:00,83.61749999999999,79.44717063183924,-12.593333333333334
2026-04-19 05:00:00,83.18333333333332,78.21506433932055,-11.07
2026-04-19 06:00:00,87.60333333333334,82.66178796534501,-9.223333333333334
2026-04-19 07:00:00,106.34416666666668,95.11663585399052,-4.908333333333333
2026-04-19 08:00:00,32.905,75.36986681142653,-2.9450000000000003
2026-04-19 09:00:00,2.214166666666667,34.095151303664395,-3.454166666666667
2026-04-19 10:00:00,0.2058333333333333,14.343196594807871,-4.616666666666666
2026-04-19 11:00:00,-2.1966666666666668,4.154303694264627,-6.136666666666667
2026-04-19 12:00:00,-2.898333333333333,-1.4741500357513075,-6.848333333333334
2026-04-19 13:00:00,-3.374166666666667,-3.489183157237889,-6.97
2026-04-19 14:00:00,-3.610833333333333,-5.76237355333916,-7.574166666666667
2026-04-19 15:00:00,-2.813333333333333,7.088567835336228,-6.715833333333333
2026-04-19 16:00:00,3.8675,28.99976740665874,-3.5375
2026-04-19 17:00:00,70.39916666666666,72.7928944667986,-1.455833333333333
2026-04-19 18:00:00,161.9925,117.05791795146924,4.233333333333333
2026-04-19 19:00:00,152.8725,127.1866955519924,19.136666666666667
2026-04-19 20:00:00,128.2925,128.85178610405657,26.8825
2026-04-19 21:00:00,124.00333333333332,120.07718242057034,31.8375
2026-04-19 22:00:00,108.71166666666666,106.32740883544996,32.1325
2026-04-19 23:00:00,85.41000000000001,92.94512384249188,35.35333333333333
2026-04-20 00:00:00,96.56,92.85606157653976,44.33416666666667
2026-04-20 01:00:00,89.17666666666666,109.46634897470392,63.935833333333335
2026-04-20 02:00:00,86.99916666666667,103.22330167002242,30.314166666666665
2026-04-20 03:00:00,80.25083333333333,102.359483990109,12.965833333333334
2026-04-20 04:00:00,83.65166666666667,103.73483353571216,24.059166666666663
2026-04-20 05:00:00,109.41916666666668,109.32475179439732,31.41333333333333
2026-04-20 06:00:00,135.06666666666666,128.64382780603768,49.39333333333334
2026-04-20 07:00:00,142.76083333333335,160.946054820828,56.17583333333334
2026-04-20 08:00:00,186.41,148.99206570029594,43.84
2026-04-20 09:00:00,139.53416666666666,103.55463098106512,35.83583333333333
2026-04-20 10:00:00,34.29416666666666,52.74163874317825,18.97583333333333
2026-04-20 11:00:00,20.81583333333333,31.20005916151949,14.763333333333334
2026-04-20 12:00:00,23.175,26.93980899608495,16.720000000000002
2026-04-20 13:00:00,24.9525,23.45450524308352,10.715833333333334
2026-04-20 14:00:00,22.7775,25.46264092909144,2.4833333333333334
2026-04-20 15:00:00,20.354166666666668,30.095137286295035,3.9466666666666654
2026-04-20 16:00:00,32.3775,42.91922473340739,15.483333333333334
2026-04-20 17:00:00,87.36583333333333,78.346702576955,62.961666666666666
2026-04-20 18:00:00,120.09499999999998,128.67422595424588,98.15333333333332
2026-04-20 19:00:00,113.97083333333336,148.3791152460962,110.2625
2026-04-20 20:00:00,97.5925,152.11272983061798,104.00166666666668
2026-04-20 21:00:00,86.52999999999999,152.0252073129569,106.0475
2026-04-20 22:00:00,80.10000000000001,141.23530834119674,112.3425
2026-04-20 23:00:00,73.3525,127.7823336092644,105.22333333333334
2026-04-21 00:00:00,67.71333333333334,126.3053868999773,101.21666666666664
2026-04-21 01:00:00,67.16000000000001,121.64508769835868,98.5
2026-04-21 02:00:00,57.24166666666667,112.02512511643306,89.37583333333333
2026-04-21 03:00:00,57.42583333333334,104.27218981189188,91.86416666666666
2026-04-21 04:00:00,53.46416666666666,102.52988807786718,83.27499999999999
2026-04-21 05:00:00,50.6525,105.04171387611856,85.52916666666665
2026-04-21 06:00:00,51.42083333333333,116.20277815841052,95.88333333333333
2026-04-21 07:00:00,70.2975,144.63539381448663,120.60166666666667
2026-04-21 08:00:00,44.33583333333333,140.48689158096244,160.98749999999998
2026-04-21 09:00:00,-0.795,74.70490830623001,124.545
2026-04-21 10:00:00,-1.0875,30.47643610129453,72.41583333333334
2026-04-21 11:00:00,-2.935,17.45256508384349,37.62916666666666
2026-04-21 12:00:00,-5.670833333333333,7.448439817215059,48.32083333333333
2026-04-21 13:00:00,-9.483333333333333,3.2002857657743107,69.52166666666666
2026-04-21 14:00:00,-6.343333333333334,7.504053428657805,74.22250000000001
2026-04-21 15:00:00,-7.138333333333333,19.31270541679044,61.7175
2026-04-21 16:00:00,10.025833333333331,44.09211839384332,62.49916666666667
2026-04-21 17:00:00,72.42666666666666,84.53823594771964,88.945
2026-04-21 18:00:00,100.83083333333332,130.9651245607247,118.3125
2026-04-21 19:00:00,86.67666666666666,135.39199387681828,151.3375
2026-04-21 20:00:00,69.57666666666667,122.81861034444944,173.5925
2026-04-21 21:00:00,26.52333333333333,103.93848794143344,192.1341666666667
2026-04-21 22:00:00,5.892499999999999,91.82562477901511,149.97
2026-04-21 23:00:00,0.1916666666666666,76.43159331397925,98.72833333333334
2026-04-22 00:00:00,-0.0625,72.74042789527923,79.2975
2026-04-22 01:00:00,-0.1,55.00079166105939,74.68583333333333
2026-04-22 02:00:00,-0.1,45.00822550216863,72.56333333333333
2026-04-22 03:00:00,-0.1,40.43735278876864,71.9225
2026-04-22 04:00:00,-0.0916666666666666,38.65822774307084,73.41416666666667
2026-04-22 05:00:00,-0.1,39.21476933030124,72.3675
2026-04-22 06:00:00,7.379166666666666,48.09889633673475,77.16166666666668
2026-04-22 07:00:00,15.471666666666666,68.29063059448649,80.16333333333334
2026-04-22 08:00:00,13.854166666666666,55.15077372761796,73.16583333333334
2026-04-22 09:00:00,-0.6041666666666666,17.950998937245203,67.88666666666667
2026-04-22 10:00:00,-1.8633333333333333,4.107380731291002,19.774166666666662
2026-04-22 11:00:00,-2.3,-8.15678610807862,10.636666666666668
2026-04-22 12:00:00,-2.2625,-9.189238792616166,8.6025
2026-04-22 13:00:00,-1.6466666666666665,-3.338226923978965,7.774999999999999
2026-04-22 14:00:00,-1.4400000000000002,10.630168028829075,7.931666666666666
2026-04-22 15:00:00,4.5825000000000005,29.31105802625269,13.2425
2026-04-22 16:00:00,33.12916666666667,59.30237753350998,21.8725
2026-04-22 17:00:00,78.16916666666667,86.34467367214155,100.085
2026-04-22 18:00:00,89.96,120.91829739604516,160.12916666666666
2026-04-22 19:00:00,77.17416666666666,121.246591617047,158.52833333333334
2026-04-22 20:00:00,68.74416666666666,100.39595352217952,166.09333333333333
2026-04-22 21:00:00,69.24083333333333,90.99384140983916,154.735
2026-04-22 22:00:00,65.235,83.58654499089502,151.29083333333332
2026-04-22 23:00:00,67.99083333333333,77.01958544853831,124.04583333333332
2026-04-23 00:00:00,73.99416666666666,84.0579514884615,117.9525
2026-04-23 01:00:00,75.64,84.55339980907878,101.215
2026-04-23 02:00:00,75.3575,84.57973954228687,79.37
2026-04-23 03:00:00,72.49249999999999,85.23682197236988,56.31166666666667
2026-04-23 04:00:00,60.485833333333325,88.31552365398748,27.57333333333333
2026-04-23 05:00:00,59.571666666666665,95.69801743984117,7.0825
2026-04-23 06:00:00,62.40833333333334,106.03841522996342,4.8225
2026-04-23 07:00:00,75.45666666666666,126.26954678241222,12.365833333333333
2026-04-23 08:00:00,60.305,121.00593716370136,3.985
2026-04-23 09:00:00,2.2808333333333337,68.21388570854901,-3.703333333333333
2026-04-23 10:00:00,2.6575,32.95797024720868,-8.3725
2026-04-23 11:00:00,3.6566666666666654,14.870587703019808,-10.27
2026-04-23 12:00:00,1.9633333333333327,9.874042010019911,-16.099166666666665
2026-04-23 13:00:00,3.721666666666666,10.837359269946042,-20.079166666666666
2026-04-23 14:00:00,5.716666666666666,23.1608819579653,-14.465833333333334
2026-04-23 15:00:00,9.44,41.5265690394274,-7.358333333333333
2026-04-23 16:00:00,28.394166666666667,69.40329437263871,-0.8041666666666667
2026-04-23 17:00:00,71.43916666666667,114.1730201139475,5.369166666666666
2026-04-23 18:00:00,96.26833333333332,155.22467701711764,13.456666666666663
2026-04-23 19:00:00,84.39999999999999,158.47006411130053,31.800833333333333
2026-04-23 20:00:00,71.63083333333334,136.08374029185472,30.727500000000003
2026-04-23 21:00:00,65.10666666666667,110.87219629716172,20.8525
2026-04-23 22:00:00,55.065,92.70736708317212,15.5075
2026-04-23 23:00:00,39.5325,74.31631256217474,7.227499999999999
2026-04-24 00:00:00,26.37333333333333,68.53075350399021,26.951666666666664
2026-04-24 01:00:00,7.392499999999999,59.94334971761035,31.986666666666665
2026-04-24 02:00:00,2.714166666666667,49.53531336890271,27.981666666666666
2026-04-24 03:00:00,0.0041666666666666,41.19642435070982,33.6375
2026-04-24 04:00:00,-0.0791666666666666,34.10605455015621,32.4025
2026-04-24 05:00:00,-0.1,31.06572712069937,17.55333333333333
2026-04-24 06:00:00,-0.0208333333333333,36.53260006723433,27.579166666666666
2026-04-24 07:00:00,8.319999999999999,56.2765869652898,40.36333333333334
2026-04-24 08:00:00,4.486666666666666,51.75878403458682,30.355833333333333
2026-04-24 09:00:00,-3.046666666666667,14.77939205521659,13.825833333333334
2026-04-24 10:00:00,-2.8716666666666666,-6.413233058623774,5.283333333333333
2026-04-24 11:00:00,-6.57,-17.35673569460255,2.5483333333333333
2026-04-24 12:00:00,-8.493333333333334,-21.22656060491469,-0.7741666666666666
2026-04-24 13:00:00,-4.7725,-25.101479986052297,-4.055
2026-04-24 14:00:00,-3.715833333333333,-18.9785420131668,-8.115
2026-04-24 15:00:00,-2.4933333333333336,-2.797393805201025,-13.3825
2026-04-24 16:00:00,0.2924999999999999,22.36589525389105,-27.07166666666667
2026-04-24 17:00:00,47.67,59.41052740941195,8.043333333333335
2026-04-24 18:00:00,68.31666666666666,83.29747362222392,74.575
2026-04-24 19:00:00,68.25,80.79296661892711,78.14
2026-04-24 20:00:00,64.7025,67.76874297585915,74.18083333333333
2026-04-24 21:00:00,63.2175,45.50831416774592,77.71083333333333
2026-04-24 22:00:00,7.598333333333333,21.924636634078038,75.95166666666667
2026-04-24 23:00:00,0.7091666666666666,17.215728602313497,78.3025
2026-04-25 00:00:00,-0.1833333333333333,22.59651831321031,84.20583333333333
2026-04-25 01:00:00,-0.2749999999999999,16.09551396577543,82.61333333333333
2026-04-25 02:00:00,-1.2308333333333332,1.4235126907465343,77.7225
2026-04-25 03:00:00,-3.968333333333333,-10.350282653029268,69.66083333333334
2026-04-25 04:00:00,-7.0425,-6.121956845417685,62.98166666666666
2026-04-25 05:00:00,-12.3975,-5.629681452671164,67.77333333333333
2026-04-25 06:00:00,-11.661666666666669,-7.751529495150194,69.21083333333333
2026-04-25 07:00:00,-7.850833333333333,-5.42792371455792,78.85583333333334
2026-04-25 08:00:00,-6.105833333333333,-5.003748193498922,46.20416666666667
2026-04-25 09:00:00,-19.075,-25.7267370903713,5.610833333333333
2026-04-25 10:00:00,-34.178333333333335,-27.385454894417123,13.079999999999998
2026-04-25 11:00:00,-47.42166666666666,-33.48644376954164,9.25
2026-04-25 12:00:00,-44.53916666666667,-38.49408687975465,3.8866666666666654
2026-04-25 13:00:00,-49.88,-41.3278344370289,1.4233333333333331
2026-04-25 14:00:00,-51.59,-38.01892548563636,-0.3341666666666666
2026-04-25 15:00:00,-51.42416666666667,-27.31255623022753,-2.1166666666666667
2026-04-25 16:00:00,-15.394999999999998,-5.143454383647693,6.209166666666667
2026-04-25 17:00:00,25.405,24.764821738061656,66.115
2026-04-25 18:00:00,65.89416666666666,48.41626758531442,119.35
2026-04-25 19:00:00,40.88583333333333,47.33750149658382,105.23666666666666
2026-04-25 20:00:00,4.4775,31.144689987927315,88.15166666666666
2026-04-25 21:00:00,0.7050000000000001,21.1630610708728,86.22333333333334
2026-04-25 22:00:00,1.6099999999999997,16.590573440476085,88.96249999999999
2026-04-25 23:00:00,0.6449999999999999,18.879379843064942,84.55666666666667
2026-04-26 00:00:00,0.65,27.98360585293249,84.645
2026-04-26 01:00:00,-0.0666666666666666,26.467482617362197,79.82416666666667
2026-04-26 02:00:00,-0.0833333333333333,16.610998141874,77.065
2026-04-26 03:00:00,-0.3999999999999999,9.34969442517712,82.27833333333334
2026-04-26 04:00:00,-0.1,2.903392665549063,83.61749999999999
2026-04-26 05:00:00,-0.0483333333333333,1.832547124345666,83.18333333333332
2026-04-26 06:00:00,-0.04,3.608456991989669,87.60333333333334
2026-04-26 07:00:00,2.495833333333333,6.73941530083335,106.34416666666668
2026-04-26 08:00:00,2.1325,-4.479227666552376,32.905
2026-04-26 09:00:00,-0.5633333333333334,-19.998686413483327,2.214166666666667
2026-04-26 10:00:00,-7.078333333333333,-25.004240451884783,0.2058333333333333
2026-04-26 11:00:00,-3.748333333333333,-29.07268304809948,-2.1966666666666668
2026-04-26 12:00:00,-4.164166666666667,-38.2504705932225,-2.898333333333333
2026-04-26 13:00:00,-2.714166666666667,-38.24611975289172,-3.374166666666667
2026-04-26 14:00:00,-1.7300000000000002,-23.07572791790737,-3.610833333333333
2026-04-26 15:00:00,2.874166666666666,-9.330486725573692,-2.813333333333333
2026-04-26 16:00:00,12.0525,7.497881678957974,3.8675
2026-04-26 17:00:00,40.7075,50.232668399741286,70.39916666666666
2026-04-26 18:00:00,79.86,124.12702016666726,161.9925
2026-04-26 19:00:00,82.335,98.39672584066425,152.8725
2026-04-26 20:00:00,81.24499999999999,90.9117718918523,128.2925
2026-04-26 21:00:00,80.59333333333333,104.1852486789754,124.00333333333332
2026-04-26 22:00:00,78.49,93.61129093087456,108.71166666666666
2026-04-26 23:00:00,77.71583333333334,71.59346014595602,85.41000000000001
2026-04-27 00:00:00,84.33,80.80210509220231,96.56
2026-04-27 01:00:00,83.48833333333333,92.70882374164457,89.17666666666666
2026-04-27 02:00:00,77.78333333333333,88.48487597032137,86.99916666666667
2026-04-27 03:00:00,74.00916666666667,76.48243816767145,80.25083333333333
2026-04-27 04:00:00,71.33416666666666,76.339962756868,83.65166666666667
2026-04-27 05:00:00,68.25916666666667,79.16407636222436,109.41916666666668
2026-04-27 06:00:00,73.44083333333333,93.38871144795152,135.06666666666666
2026-04-27 07:00:00,80.35166666666667,120.18482455310584,142.76083333333335
2026-04-27 08:00:00,79.88416666666666,138.91295060239386,186.41
2026-04-27 09:00:00,31.24833333333333,109.24075425984104,139.53416666666666
2026-04-27 10:00:00,11.21,77.38693534187014,34.29416666666666
2026-04-27 11:00:00,19.134166666666665,72.58753535412845,20.81583333333333
2026-04-27 12:00:00,22.37,60.78920841010923,23.175
2026-04-27 13:00:00,32.91833333333333,47.97473751038844,24.9525
2026-04-27 14:00:00,29.8075,40.63237850013968,22.7775
2026-04-27 15:00:00,31.4625,38.69428817062745,20.354166666666668
2026-04-27 16:00:00,33.17583333333334,59.27161812004063,32.3775
2026-04-27 17:00:00,100.06666666666666,106.7006309287768,87.36583333333333
2026-04-27 18:00:00,125.13583333333334,152.24820444905947,120.09499999999998
2026-04-27 19:00:00,112.57416666666668,154.54287875984795,113.97083333333336
2026-04-27 20:00:00,101.00416666666666,145.63830649475724,97.5925
2026-04-27 21:00:00,99.79333333333334,136.9884505985434,86.52999999999999
2026-04-27 22:00:00,95.07416666666666,130.57155509098564,80.10000000000001
2026-04-27 23:00:00,83.75666666666667,122.74515705394025,73.3525
2026-04-28 00:00:00,78.02666666666666,121.51035156161863,67.71333333333334
2026-04-28 01:00:00,82.95083333333334,116.51374142402068,67.16000000000001
2026-04-28 02:00:00,83.095,115.43112595752888,57.24166666666667
2026-04-28 03:00:00,74.54333333333334,104.47920585953268,57.42583333333334
2026-04-28 04:00:00,68.87916666666666,98.9827761124148,53.46416666666666
2026-04-28 05:00:00,69.955,98.32387716863376,50.6525
2026-04-28 06:00:00,71.45166666666667,105.68659788345391,51.42083333333333
2026-04-28 07:00:00,92.76333333333334,122.30927782769538,70.2975
2026-04-28 08:00:00,74.65583333333333,118.52487060691072,44.33583333333333
2026-04-28 09:00:00,8.100833333333332,72.35306634387406,-0.795
2026-04-28 10:00:00,5.385833333333333,34.5976806441288,-1.0875
2026-04-28 11:00:00,7.620833333333333,7.77885758842919,-2.935
2026-04-28 12:00:00,7.605833333333333,-0.1942649979340842,-5.670833333333333
2026-04-28 13:00:00,2.185833333333333,2.333799086742559,-9.483333333333333
2026-04-28 14:00:00,0.0166666666666666,23.594020619915284,-6.343333333333334
2026-04-28 15:00:00,6.573333333333333,44.22254335186892,-7.138333333333333
2026-04-28 16:00:00,46.175,63.51749133301056,10.025833333333331
2026-04-28 17:00:00,109.08416666666666,109.88993718087156,72.42666666666666
2026-04-28 18:00:00,100.975,150.4045947466098,100.83083333333332
2026-04-28 19:00:00,111.8325,139.60203203352648,86.67666666666666
2026-04-28 20:00:00,92.33416666666666,129.32589733948896,69.57666666666667
2026-04-28 21:00:00,83.63833333333334,127.31627867071532,26.52333333333333
2026-04-28 22:00:00,87.38583333333334,96.3751285783808,5.892499999999999
2026-04-28 23:00:00,91.8025,77.03883913857337,0.1916666666666666
2026-04-29 00:00:00,80.20416666666667,84.61712434738222,-0.0625
2026-04-29 01:00:00,83.74666666666667,90.7429126774567,-0.1
2026-04-29 02:00:00,80.29083333333334,91.20754232662314,-0.1
2026-04-29 03:00:00,73.59666666666666,93.67465964527804,-0.1
2026-04-29 04:00:00,73.5275,90.35150198688432,-0.0916666666666666
2026-04-29 05:00:00,78.97500000000001,92.29331199938387,-0.1
2026-04-29 06:00:00,77.535,108.059607771488,7.379166666666666
2026-04-29 07:00:00,93.90666666666668,140.83911409774882,15.471666666666666
2026-04-29 08:00:00,101.0425,142.0347632169423,13.854166666666666
2026-04-29 09:00:00,33.63833333333333,98.3736846203926,-0.6041666666666666
2026-04-29 10:00:00,15.206666666666663,47.49439521887402,-1.8633333333333333
2026-04-29 11:00:00,9.995,27.136562772058944,-2.3
2026-04-29 12:00:00,13.026666666666666,26.643418227537506,-2.2625
2026-04-29 13:00:00,13.113333333333337,31.65528818136226,-1.6466666666666665
2026-04-29 14:00:00,22.88833333333333,47.05464090812595,-1.4400000000000002
2026-04-29 15:00:00,24.396666666666665,54.82825179447799,4.5825000000000005
2026-04-29 16:00:00,40.583333333333336,74.11256222533117,33.12916666666667
2026-04-29 17:00:00,75.28083333333333,110.05927568882969,78.16916666666667
2026-04-29 18:00:00,79.375,150.56152222751376,89.96
2026-04-29 19:00:00,74.68083333333333,159.2466340844474,77.17416666666666
2026-04-29 20:00:00,72.52083333333333,165.63731707189578,68.74416666666666
2026-04-29 21:00:00,65.21333333333332,149.05592667245725,69.24083333333333
2026-04-29 22:00:00,54.93333333333334,131.80580715058153,65.235
2026-04-29 23:00:00,49.4575,113.38844432512644,67.99083333333333
2026-04-30 00:00:00,31.64583333333333,107.52787886820956,73.99416666666666
2026-04-30 01:00:00,8.9625,86.82616847634154,75.64
2026-04-30 02:00:00,7.846666666666667,63.35105967051487,75.3575
2026-04-30 03:00:00,0.3816666666666666,47.56394251358808,72.49249999999999
2026-04-30 04:00:00,-0.0625,37.61302164798849,60.485833333333325
2026-04-30 05:00:00,-0.0666666666666666,35.365092382236334,59.571666666666665
2026-04-30 06:00:00,-0.0033333333333333,37.1865428761587,62.40833333333334
2026-04-30 07:00:00,7.428333333333334,42.7693858209509,75.45666666666666
2026-04-30 08:00:00,5.205,42.45215599945485,60.305
2026-04-30 09:00:00,-0.6266666666666667,8.965026059568018,2.2808333333333337
2026-04-30 10:00:00,-1.8008333333333333,-3.512120992877257,2.6575
2026-04-30 11:00:00,-1.4800000000000002,-5.551656447049581,3.6566666666666654
2026-04-30 12:00:00,-3.490833333333333,-0.4721543717605527,1.9633333333333327
2026-04-30 13:00:00,-4.885000000000001,-1.698199065150476,3.721666666666666
2026-04-30 14:00:00,-7.489166666666667,-7.693979652471896,5.716666666666666
2026-04-30 15:00:00,-4.239166666666667,5.03214220637976,9.44
2026-04-30 16:00:00,5.614166666666667,29.91949377700883,28.394166666666667
2026-04-30 17:00:00,63.48916666666667,62.28254691130388,71.43916666666667
2026-04-30 18:00:00,73.69500000000001,92.12976667063096,96.26833333333332
2026-04-30 19:00:00,65.14583333333333,96.0247697763588,84.39999999999999
2026-04-30 20:00:00,42.36666666666667,98.12487606374164,71.63083333333334
2026-04-30 21:00:00,13.099166666666669,77.12043155966758,65.10666666666667
2026-04-30 22:00:00,7.854166666666667,59.86936463136119,55.065
2026-04-30 23:00:00,3.1675,50.48868619692855,39.5325
2026-05-01 00:00:00,7.484166666666667,47.283464900874456,26.37333333333333
2026-05-01 01:00:00,2.9758333333333336,30.772892809421258,7.392499999999999
2026-05-01 02:00:00,-0.0583333333333333,17.6803163509363,2.714166666666667
2026-05-01 03:00:00,-1.1808333333333334,10.151033886693275,0.0041666666666666
2026-05-01 04:00:00,-2.418333333333333,8.75393113140391,-0.0791666666666666
2026-05-01 05:00:00,-2.495,9.354392561726527,-0.1
2026-05-01 06:00:00,-2.045,16.13631994594232,-0.0208333333333333
2026-05-01 07:00:00,14.703333333333331,35.052795094560324,8.319999999999999
2026-05-01 08:00:00,10.806666666666668,47.42620928949714,4.486666666666666
2026-05-01 09:00:00,-1.8175,15.639075098727332,-3.046666666666667
2026-05-01 10:00:00,-2.874166666666667,6.951811550336799,-2.8716666666666666
2026-05-01 11:00:00,-4.9525,-3.1278540066621616,-6.57
2026-05-01 12:00:00,-4.663333333333333,-8.457317519548567,-8.493333333333334
2026-05-01 13:00:00,-5.482500000000001,-12.458486232547996,-4.7725
2026-05-01 14:00:00,-3.0516666666666663,-6.227039517894113,-3.715833333333333
2026-05-01 15:00:00,-2.7391666666666663,6.665759618406796,-2.4933333333333336
2026-05-01 16:00:00,-1.4233333333333331,29.748122408422148,0.2924999999999999
2026-05-01 17:00:00,13.588333333333331,66.01096120695517,47.67
2026-05-01 18:00:00,18.235833333333336,81.60582022288538,68.31666666666666
2026-05-01 19:00:00,10.508333333333333,72.63188907249003,68.25
2026-05-01 20:00:00,8.434166666666666,64.269373930354,64.7025
2026-05-01 21:00:00,4.105833333333333,56.21540173162463,63.2175
2026-05-01 22:00:00,-1.335,50.24266804412802,7.598333333333333
2026-05-01 23:00:00,-1.8433333333333333,45.02598043624317,0.7091666666666666
2026-05-02 00:00:00,-0.6633333333333333,48.87806477668967,-0.1833333333333333
2026-05-02 01:00:00,-0.545,37.01801280855258,-0.2749999999999999
2026-05-02 02:00:00,-2.115,28.71370923577088,-1.2308333333333332
2026-05-02 03:00:00,-2.5241666666666664,17.936241802427716,-3.968333333333333
2026-05-02 04:00:00,-2.8541666666666665,12.631029383771969,-7.0425
2026-05-02 05:00:00,-2.268333333333333,8.613144333909716,-12.3975
2026-05-02 06:00:00,-2.2775,6.944167814404743,-11.661666666666669
2026-05-02 07:00:00,-2.1366666666666667,10.244884195976953,-7.850833333333333
2026-05-02 08:00:00,-2.0716666666666668,11.551179925844645,-6.105833333333333
2026-05-02 09:00:00,-1.9216666666666664,-0.5544417070065748,-19.075
2026-05-02 10:00:00,-2.2491666666666665,-4.965080480546021,-34.178333333333335
2026-05-02 11:00:00,-2.5875,-1.4384878763243307,-47.42166666666666
2026-05-02 12:00:00,-2.151666666666667,-3.298408313088828,-44.53916666666667
2026-05-02 13:00:00,-2.8541666666666665,-15.143298868381706,-49.88
2026-05-02 14:00:00,-1.4083333333333332,-14.680345774576708,-51.59
2026-05-02 15:00:00,-0.1691666666666667,-17.679314225125196,-51.42416666666667
2026-05-02 16:00:00,-1.5066666666666666,-9.518586313955112,-15.394999999999998
2026-05-02 17:00:00,-1.0741666666666667,18.97488196679124,25.405
2026-05-02 18:00:00,-0.045,53.350886681803225,65.89416666666666
2026-05-02 19:00:00,-0.0916666666666666,56.82816131392302,40.88583333333333
2026-05-02 20:00:00,-0.1,42.208561293898,4.4775
2026-05-02 21:00:00,-3.3266666666666667,33.00591467742675,0.7050000000000001
2026-05-02 22:00:00,-1.6366666666666667,45.32337412597818,1.6099999999999997
2026-05-02 23:00:00,-4.005833333333333,53.00571098959129,0.6449999999999999
2026-05-03 00:00:00,-1.3724999999999998,50.1022407845841,0.65
2026-05-03 01:00:00,-0.0258333333333333,38.19805321162036,-0.0666666666666666
2026-05-03 02:00:00,-0.1,29.927646782992294,-0.0833333333333333
2026-05-03 03:00:00,-1.7208333333333332,16.37171427414787,-0.3999999999999999
2026-05-03 04:00:00,-2.585833333333333,11.81091096932156,-0.1
2026-05-03 05:00:00,-2.3433333333333333,8.901595515770119,-0.0483333333333333
2026-05-03 06:00:00,-2.4591666666666665,9.054900625960208,-0.04
2026-05-03 07:00:00,-1.9341666666666668,8.930503292825236,2.495833333333333
2026-05-03 08:00:00,-0.5308333333333334,2.3754499080073543,2.1325
2026-05-03 09:00:00,0.11,-10.99777216205635,-0.5633333333333334
2026-05-03 10:00:00,4.333333333333333,-5.571555268537168,-7.078333333333333
2026-05-03 11:00:00,1.6566666666666665,-0.2296300473046528,-3.748333333333333
2026-05-03 12:00:00,4.984999999999999,-1.0930639438978034,-4.164166666666667
2026-05-03 13:00:00,-1.6166666666666665,-19.69448878245494,-2.714166666666667
2026-05-03 14:00:00,-1.1883333333333332,-14.359059676243632,-1.7300000000000002
2026-05-03 15:00:00,-2.2383333333333333,-12.163486142478362,2.874166666666666
2026-05-03 16:00:00,-2.810833333333333,-9.4444926047658,12.0525
2026-05-03 17:00:00,-1.7108333333333334,13.959595854620034,40.7075
2026-05-03 18:00:00,5.71,54.616136290948205,79.86
2026-05-03 19:00:00,10.225833333333332,64.05035417927725,82.335
2026-05-03 20:00:00,4.38,51.34749559044873,81.24499999999999
2026-05-03 21:00:00,1.8958333333333333,47.395567437672,80.59333333333333
2026-05-03 22:00:00,-0.1716666666666666,40.85371945197271,78.49
2026-05-03 23:00:00,-1.1525,23.470378469926736,77.71583333333334
2026-05-04 00:00:00,-2.1141666666666663,21.829507189204868,84.33
2026-05-04 01:00:00,-1.5925,11.68403290286659,83.48833333333333
2026-05-04 02:00:00,-1.846666666666667,5.044084594813839,77.78333333333333
2026-05-04 03:00:00,-0.77,-3.570688771737636,74.00916666666667
2026-05-04 04:00:00,-1.9833333333333327,-8.856571038299506,71.33416666666666
2026-05-04 05:00:00,-2.4833333333333334,-9.998650466093936,68.25916666666667
2026-05-04 06:00:00,-1.795,-1.7155404505954408,73.44083333333333
2026-05-04 07:00:00,-1.155,18.181329580250328,80.35166666666667
2026-05-04 08:00:00,4.321666666666666,40.34864695337582,79.88416666666666
2026-05-04 09:00:00,-3.2016666666666667,11.110418801837476,31.24833333333333
2026-05-04 10:00:00,-6.9925,-10.689062636759814,11.21
2026-05-04 11:00:00,-9.785,-14.730331296141756,19.134166666666665
2026-05-04 12:00:00,-4.7225,-15.51180235619148,22.37
2026-05-04 13:00:00,-3.800833333333333,-16.6753972016282,32.91833333333333
2026-05-04 14:00:00,-3.8775,-18.469557197967248,29.8075
2026-05-04 15:00:00,-3.655,-22.475095739972215,31.4625
2026-05-04 16:00:00,-6.7575,-8.590843613170335,33.17583333333334
2026-05-04 17:00:00,-0.9391666666666666,9.916086600399735,100.06666666666666
2026-05-04 18:00:00,4.585,39.589385702917,125.13583333333334
2026-05-04 19:00:00,12.43,43.87482769632726,112.57416666666668
2026-05-04 20:00:00,6.7825,56.25739735845042,101.00416666666666
2026-05-04 21:00:00,6.4991666666666665,54.33567238272354,99.79333333333334
2026-05-04 22:00:00,8.464166666666666,46.973982782469314,95.07416666666666
2026-05-04 23:00:00,8.220833333333333,36.31056193158776,83.75666666666667
2026-05-05 00:00:00,8.595833333333333,36.38676155453754,78.02666666666666
2026-05-05 01:00:00,7.125,22.71869140250068,82.95083333333334
2026-05-05 02:00:00,8.5875,19.79966715278353,83.095
2026-05-05 03:00:00,9.4,17.908863178720765,74.54333333333334
2026-05-05 04:00:00,10.78,22.486262080766203,68.87916666666666
2026-05-05 05:00:00,9.5575,34.71936723975618,69.955
2026-05-05 06:00:00,62.3675,56.56252291978868,71.45166666666667
2026-05-05 07:00:00,73.73833333333333,93.00951078480507,92.76333333333334
2026-05-05 08:00:00,70.1375,98.2798333702002,74.65583333333333
2026-05-05 09:00:00,50.70916666666667,59.42145970011485,8.100833333333332
2026-05-05 10:00:00,54.32583333333333,31.039772510817784,5.385833333333333
2026-05-05 11:00:00,57.432500000000005,37.861091254497055,7.620833333333333
2026-05-05 12:00:00,72.09750000000001,43.35344477166748,7.605833333333333
2026-05-05 13:00:00,96.62166666666668,54.34206397659039,2.185833333333333
2026-05-05 14:00:00,112.56333333333332,73.49603381399604,0.0166666666666666
2026-05-05 15:00:00,103.74666666666668,87.4872549016695,6.573333333333333
2026-05-05 16:00:00,113.00333333333332,110.21497386840954,46.175
2026-05-05 17:00:00,132.59583333333333,155.00516035520977,109.08416666666666
2026-05-05 18:00:00,124.51416666666668,192.5306944452032,100.975
2026-05-05 19:00:00,121.91583333333334,201.95740775052755,111.8325
2026-05-05 20:00:00,117.18583333333332,188.22981092931096,92.33416666666666
2026-05-05 21:00:00,111.42416666666666,163.63348545898197,83.63833333333334
2026-05-05 22:00:00,117.08083333333332,147.23694411364258,87.38583333333334
2026-05-05 23:00:00,113.81416666666668,126.82181269435016,91.8025
2026-05-06 00:00:00,105.91833333333334,122.3900642466704,80.20416666666667
2026-05-06 01:00:00,99.22333333333334,117.49200924201432,83.74666666666667
2026-05-06 02:00:00,87.58916666666666,105.77009396788053,80.29083333333334
2026-05-06 03:00:00,84.22333333333333,94.9113347709402,73.59666666666666
2026-05-06 04:00:00,79.60333333333334,90.2869218715466,73.5275
2026-05-06 05:00:00,84.44083333333333,86.17188074530323,78.97500000000001
2026-05-06 06:00:00,86.19666666666667,93.10370668856494,77.535
2026-05-06 07:00:00,108.60833333333332,116.957163305026,93.90666666666668
2026-05-06 08:00:00,104.17833333333334,121.52945810193395,101.0425
2026-05-06 09:00:00,74.01333333333334,93.8703404114286,33.63833333333333
2026-05-06 10:00:00,43.15166666666667,52.23089276010899,15.206666666666663
2026-05-06 11:00:00,8.8075,35.692718172345835,9.995
2026-05-06 12:00:00,5.0025,37.870273504730505,13.026666666666666
2026-05-06 13:00:00,3.119166666666666,19.842246644977315,13.113333333333337
2026-05-06 14:00:00,-0.0333333333333333,7.10029957637316,22.88833333333333
2026-05-06 15:00:00,0.6683333333333333,13.54203798754358,24.396666666666665
2026-05-06 16:00:00,0.0133333333333333,6.907290510090704,40.583333333333336
2026-05-06 17:00:00,3.4225,33.330820960289415,75.28083333333333
2026-05-06 18:00:00,0.7575,69.7162253745915,79.375
2026-05-06 19:00:00,0.4691666666666668,82.35128173315606,74.68083333333333
2026-05-06 20:00:00,-0.1,31.09148955141124,72.52083333333333
2026-05-06 21:00:00,2.7275,25.391647800688503,65.21333333333332
2026-05-06 22:00:00,-0.0375,15.898636904490653,54.93333333333334
2026-05-06 23:00:00,3.4075,1.741455345539535,49.4575
2026-05-07 00:00:00,0.5208333333333333,7.3154251601136835,31.64583333333333
2026-05-07 01:00:00,2.4883333333333333,3.824763052502817,8.9625
2026-05-07 02:00:00,0.0058333333333333,-5.287418586580785,7.846666666666667
2026-05-07 03:00:00,4.104166666666667,-14.009629143271027,0.3816666666666666
2026-05-07 04:00:00,3.329166666666667,-17.041773017118302,-0.0625
2026-05-07 05:00:00,3.710833333333333,-18.19031284687658,-0.0666666666666666
2026-05-07 06:00:00,11.3425,-7.149066462947076,-0.0033333333333333
2026-05-07 07:00:00,12.691666666666665,23.92162462567076,7.428333333333334
2026-05-07 08:00:00,39.73833333333334,99.2608476428769,5.205
2026-05-07 09:00:00,22.98,65.9606254780497,-0.6266666666666667
2026-05-07 10:00:00,11.7925,43.6007880520002,-1.8008333333333333
2026-05-07 11:00:00,10.971666666666666,50.646430614050175,-1.4800000000000002
2026-05-07 12:00:00,5.6225,44.736156243403386,-3.490833333333333
2026-05-07 13:00:00,0.7041666666666666,32.29642039961887,-4.885000000000001
2026-05-07 14:00:00,0.075,26.898551708897244,-7.489166666666667
2026-05-07 15:00:00,0.8541666666666666,22.70384384245842,-4.239166666666667
2026-05-07 16:00:00,21.981666666666666,61.31815422934884,5.614166666666667
2026-05-07 17:00:00,52.1675,106.6573582041058,63.48916666666667
2026-05-07 18:00:00,56.29750000000001,137.4333102658265,73.69500000000001
2026-05-07 19:00:00,52.399166666666666,121.56359478247298,65.14583333333333
2026-05-07 20:00:00,48.37166666666667,91.18349124826796,42.36666666666667
2026-05-07 21:00:00,26.17083333333333,73.68348685120543,13.099166666666669
2026-05-07 22:00:00,11.054166666666667,41.7326526327403,7.854166666666667
2026-05-07 23:00:00,0.3825,17.13897901856967,3.1675
2026-05-08 00:00:00,6.685,11.282801293170545,7.484166666666667
2026-05-08 01:00:00,1.7366666666666666,7.269948369392694,2.9758333333333336
2026-05-08 02:00:00,0.5325,1.0362776213156335,-0.0583333333333333
2026-05-08 03:00:00,-0.0441666666666666,-2.7064003312136435,-1.1808333333333334
2026-05-08 04:00:00,-0.0791666666666666,-4.350365257508017,-2.418333333333333
2026-05-08 05:00:00,-0.0658333333333333,-3.1506112176509333,-2.495
2026-05-08 06:00:00,0.3708333333333333,8.01125665623568,-2.045
2026-05-08 07:00:00,11.846666666666666,32.686362772636755,14.703333333333331
2026-05-08 08:00:00,30.104166666666668,58.01287946405404,10.806666666666668
2026-05-08 09:00:00,10.268333333333333,38.43054515878221,-1.8175
2026-05-08 10:00:00,5.558333333333334,12.36811795031327,-2.874166666666667
2026-05-08 11:00:00,3.93,10.030963095787731,-4.9525
2026-05-08 12:00:00,0.425,6.922132852252346,-4.663333333333333
2026-05-08 13:00:00,0.3316666666666666,2.26989927535854,-5.482500000000001
2026-05-08 14:00:00,-0.6691666666666666,0.5913666442353929,-3.0516666666666663
2026-05-08 15:00:00,-2.8316666666666666,-0.8159819226529663,-2.7391666666666663
2026-05-08 16:00:00,3.4091666666666662,13.01368621259406,-1.4233333333333331
2026-05-08 17:00:00,50.119166666666665,51.35568702144219,13.588333333333331
2026-05-08 18:00:00,73.53333333333333,93.33575542284728,18.235833333333336
2026-05-08 19:00:00,80.555,103.00252643632732,10.508333333333333
2026-05-08 20:00:00,78.22333333333334,106.06180265116618,8.434166666666666
2026-05-08 21:00:00,78.35916666666667,94.2773596575838,4.105833333333333
2026-05-08 22:00:00,82.67833333333333,87.00820018522361,-1.335
2026-05-08 23:00:00,91.11083333333332,84.34212573458817,-1.8433333333333333
2026-05-09 00:00:00,93.82333333333334,91.78264112803257,-0.6633333333333333
2026-05-09 01:00:00,93.73833333333332,95.289283115422,-0.545
2026-05-09 02:00:00,97.62,86.49462240395823,-2.115
2026-05-09 03:00:00,89.60833333333333,77.9866152723151,-2.5241666666666664
2026-05-09 04:00:00,89.73416666666667,71.83733545845698,-2.8541666666666665
2026-05-09 05:00:00,95.96333333333332,71.6672718409041,-2.268333333333333
2026-05-09 06:00:00,97.625,77.41821270230707,-2.2775
2026-05-09 07:00:00,90.78249999999998,91.04748971247297,-2.1366666666666667
2026-05-09 08:00:00,93.48333333333332,104.11907321814654,-2.0716666666666668
2026-05-09 09:00:00,72.37,87.01187650690827,-1.9216666666666664
2026-05-09 10:00:00,53.17,58.67899380149044,-2.2491666666666665
2026-05-09 11:00:00,49.8475,47.01706392397568,-2.5875
2026-05-09 12:00:00,72.10083333333334,41.16159518481325,-2.151666666666667
2026-05-09 13:00:00,62.32083333333333,33.54782693115501,-2.8541666666666665
2026-05-09 14:00:00,45.31166666666667,28.91899399848757,-1.4083333333333332
2026-05-09 15:00:00,28.290000000000003,30.64392893713523,-0.1691666666666667
2026-05-09 16:00:00,41.58916666666666,52.73134144673061,-1.5066666666666666
2026-05-09 17:00:00,95.92666666666666,94.5286235768108,-1.0741666666666667
2026-05-09 18:00:00,98.34,125.71179985411018,-0.045
2026-05-09 19:00:00,92.975,129.54337646683646,-0.0916666666666666
2026-05-09 20:00:00,93.80666666666669,124.3709091025085,-0.1
2026-05-09 21:00:00,93.20166666666668,116.85498040631904,-3.3266666666666667
2026-05-09 22:00:00,103.13166666666666,105.39879093150826,-1.6366666666666667
2026-05-09 23:00:00,104.02083333333331,94.8559235122273,-4.005833333333333
2026-05-10 00:00:00,102.7925,92.69300406642624,-1.3724999999999998
2026-05-10 01:00:00,113.11833333333334,77.45593047488929,-0.0258333333333333
2026-05-10 02:00:00,92.27666666666666,69.0353839254078,-0.1
2026-05-10 03:00:00,86.53666666666668,63.48664696383162,-1.7208333333333332
2026-05-10 04:00:00,81.10333333333334,61.37617653152808,-2.585833333333333
2026-05-10 05:00:00,90.61666666666667,59.78053965293995,-2.3433333333333333
2026-05-10 06:00:00,99.81166666666668,61.328865044502976,-2.4591666666666665
2026-05-10 07:00:00,108.35,67.66446020630609,-1.9341666666666668
2026-05-10 08:00:00,93.25666666666666,73.86158942759069,-0.5308333333333334
2026-05-10 09:00:00,31.9975,57.556074423434296,0.11
2026-05-10 10:00:00,28.456666666666667,36.68972324623676,4.333333333333333
2026-05-10 11:00:00,24.95083333333333,24.24799597464501,1.6566666666666665
2026-05-10 12:00:00,30.1975,24.909735616070463,4.984999999999999
2026-05-10 13:00:00,35.556666666666665,20.6256099714954,-1.6166666666666665
2026-05-10 14:00:00,39.65833333333333,14.989677339239442,-1.1883333333333332
2026-05-10 15:00:00,5.465,17.22719039484152,-2.2383333333333333
2026-05-10 16:00:00,18.00166666666667,34.09604722011643,-2.810833333333333
2026-05-10 17:00:00,92.70333333333332,78.36491013052954,-1.7108333333333334
2026-05-10 18:00:00,118.29916666666668,115.07818750343418,5.71
2026-05-10 19:00:00,119.7575,121.4873067277892,10.225833333333332
2026-05-10 20:00:00,117.25416666666666,127.5154283708038,4.38
2026-05-10 21:00:00,124.30666666666669,117.98754136535948,1.8958333333333333
2026-05-10 22:00:00,126.56,108.42275041368596,-0.1716666666666666
2026-05-10 23:00:00,105.44166666666666,99.0304321674111,-1.1525
2026-05-11 00:00:00,95.72333333333334,100.05199342306256,-2.1141666666666663
2026-05-11 01:00:00,92.6775,124.43298615190967,-1.5925
2026-05-11 02:00:00,78.86166666666666,118.52168165608649,-1.846666666666667
2026-05-11 03:00:00,74.07083333333334,114.95875643087317,-0.77
2026-05-11 04:00:00,66.885,113.70395299636496,-1.9833333333333327
2026-05-11 05:00:00,79.67833333333333,120.23215418707927,-2.4833333333333334
2026-05-11 06:00:00,92.32833333333332,145.78197493344348,-1.795
2026-05-11 07:00:00,115.89916666666666,185.2994210684161,-1.155
2026-05-11 08:00:00,126.37583333333332,206.11651234980724,4.321666666666666
2026-05-11 09:00:00,109.3625,160.0736193562566,-3.2016666666666667
2026-05-11 10:00:00,63.16833333333333,112.02557522602024,-6.9925
2026-05-11 11:00:00,38.21416666666666,72.1116453537982,-9.785
2026-05-11 12:00:00,38.85666666666667,55.08477497777218,-4.7225
2026-05-11 13:00:00,49.49916666666667,50.37688514858071,-3.800833333333333
2026-05-11 14:00:00,51.79166666666666,53.089466153662656,-3.8775
2026-05-11 15:00:00,55.7625,59.24552639099338,-3.655
2026-05-11 16:00:00,70.4175,78.02071662258774,-6.7575
2026-05-11 17:00:00,104.3725,118.99072648598316,-0.9391666666666666
2026-05-11 18:00:00,111.7775,160.9342890943945,4.585
2026-05-11 19:00:00,96.46666666666664,179.54093853452844,12.43
2026-05-11 20:00:00,84.78583333333334,192.05168856248667,6.7825
2026-05-11 21:00:00,78.99416666666666,180.81870948143305,6.4991666666666665
2026-05-11 22:00:00,76.65249999999999,169.86056543946745,8.464166666666666
2026-05-11 23:00:00,73.51333333333334,153.0295826660008,8.220833333333333
2026-05-12 00:00:00,75.65916666666666,147.4421709650125,8.595833333333333
2026-05-12 01:00:00,74.84166666666667,137.85765790777475,7.125
2026-05-12 02:00:00,70.15833333333333,127.54678418839906,8.5875
2026-05-12 03:00:00,68.855,124.75150592853863,9.4
2026-05-12 04:00:00,65.52083333333333,124.91244939701131,10.78
2026-05-12 05:00:00,69.79916666666666,128.91873125487933,9.5575
2026-05-12 06:00:00,77.70666666666666,146.3156705403165,62.3675
2026-05-12 07:00:00,96.885,187.3663846616838,73.73833333333333
2026-05-12 08:00:00,114.38666666666668,204.8643934371465,70.1375
2026-05-12 09:00:00,53.88583333333333,153.98825353048306,50.70916666666667
2026-05-12 10:00:00,39.05416666666667,106.06715296823938,54.32583333333333
2026-05-12 11:00:00,41.9325,66.97448281304958,57.432500000000005
2026-05-12 12:00:00,45.255,48.91981472467052,72.09750000000001
2026-05-12 13:00:00,40.60083333333333,45.1163984056147,96.62166666666668
2026-05-12 14:00:00,35.288333333333334,46.34145290070207,112.56333333333332
2026-05-12 15:00:00,24.1775,56.637507039835306,103.74666666666668
2026-05-12 16:00:00,53.48333333333333,80.87138919032549,113.00333333333332
2026-05-12 17:00:00,86.29333333333334,129.78964403690088,132.59583333333333
2026-05-12 18:00:00,87.08583333333333,167.0360641313576,124.51416666666668
2026-05-12 19:00:00,87.85000000000001,180.14095868273864,121.91583333333334
2026-05-12 20:00:00,74.40916666666666,176.36239066464992,117.18583333333332
2026-05-12 21:00:00,73.21,166.1471191712377,111.42416666666666
2026-05-12 22:00:00,66.71916666666667,155.40582175427525,117.08083333333332
2026-05-12 23:00:00,67.0125,140.15587988495213,113.81416666666668
2026-05-13 00:00:00,69.6575,125.66672515637543,105.91833333333334
2026-05-13 01:00:00,68.4775,120.6838030703436,99.22333333333334
2026-05-13 02:00:00,67.51416666666667,115.25279797324882,87.58916666666666
2026-05-13 03:00:00,63.60916666666666,114.05569971803484,84.22333333333333
2026-05-13 04:00:00,60.17333333333334,111.22208540161276,79.60333333333334
2026-05-13 05:00:00,64.25416666666666,114.12416300641426,84.44083333333333
2026-05-13 06:00:00,72.395,126.85875083580513,86.19666666666667
2026-05-13 07:00:00,85.47083333333335,161.618446942442,108.60833333333332
2026-05-13 08:00:00,94.37583333333332,179.66265996844572,104.17833333333334
2026-05-13 09:00:00,37.19833333333333,126.38150360334843,74.01333333333334
2026-05-13 10:00:00,25.94833333333333,81.83746279166417,43.15166666666667
2026-05-13 11:00:00,19.9325,51.05449607918232,8.8075
2026-05-13 12:00:00,20.69083333333333,43.271211210882825,5.0025
2026-05-13 13:00:00,17.0475,38.42332367570316,3.119166666666666
2026-05-13 14:00:00,30.59583333333333,45.21290304986431,-0.0333333333333333
2026-05-13 15:00:00,37.93416666666667,53.90021082667832,0.6683333333333333
2026-05-13 16:00:00,62.24166666666667,76.8594623052535,0.0133333333333333
2026-05-13 17:00:00,92.63,122.57449796906688,3.4225
2026-05-13 18:00:00,93.18166666666669,156.71370481139738,0.7575
2026-05-13 19:00:00,92.05083333333332,163.64260867357473,0.4691666666666668
2026-05-13 20:00:00,85.9325,136.2888473209848,-0.1
2026-05-13 21:00:00,75.15666666666667,143.28407565082082,2.7275
2026-05-13 22:00:00,78.385,149.564403726693,-0.0375
2026-05-13 23:00:00,62.965833333333336,138.14216849226938,3.4075
2026-05-14 00:00:00,56.36333333333334,134.45571688989844,0.5208333333333333
2026-05-14 01:00:00,58.13666666666666,125.1850644607134,2.4883333333333333
2026-05-14 02:00:00,62.5825,120.80521880945123,0.0058333333333333
2026-05-14 03:00:00,61.274166666666666,109.93759283242424,4.104166666666667
2026-05-14 04:00:00,60.34,104.37269323399642,3.329166666666667
2026-05-14 05:00:00,63.96416666666666,107.83619484152648,3.710833333333333
2026-05-14 06:00:00,70.2025,123.85144086584616,11.3425
2026-05-14 07:00:00,88.69916666666667,160.6583267643474,12.691666666666665
2026-05-14 08:00:00,144.16666666666666,185.4940667365224,39.73833333333334
2026-05-14 09:00:00,29.339166666666667,131.98272443073972,22.98
2026-05-14 10:00:00,27.035,90.22548228598528,11.7925
2026-05-14 11:00:00,22.376666666666665,69.91788942859839,10.971666666666666
2026-05-14 12:00:00,37.6875,61.05455086037098,5.6225
2026-05-14 13:00:00,49.56916666666667,40.993830796867,0.7041666666666666
2026-05-14 14:00:00,63.69416666666667,39.177506278078,0.075
2026-05-14 15:00:00,73.33333333333333,51.753912088890615,0.8541666666666666
2026-05-14 16:00:00,91.1875,80.78331634833603,21.981666666666666
2026-05-14 17:00:00,111.12,135.35721760931284,52.1675
2026-05-14 18:00:00,128.56166666666667,176.98168896258863,56.29750000000001
2026-05-14 19:00:00,132.0025,181.3972200344425,52.399166666666666
2026-05-14 20:00:00,124.37583333333332,170.90805924798548,48.37166666666667
2026-05-14 21:00:00,107.37333333333332,148.73844142933524,26.17083333333333
2026-05-14 22:00:00,93.3175,134.10662331189252,11.054166666666667
2026-05-14 23:00:00,81.05499999999999,116.128973198164,0.3825
2026-05-15 00:00:00,62.59916666666666,105.5089399260662,6.685
2026-05-15 01:00:00,36.6175,93.02027583154718,1.7366666666666666
2026-05-15 02:00:00,33.079166666666666,76.40472311570682,0.5325
2026-05-15 03:00:00,30.95833333333333,66.59152226231862,-0.0441666666666666
2026-05-15 04:00:00,21.42333333333333,58.52566935076214,-0.0791666666666666
2026-05-15 05:00:00,27.343333333333334,55.96321243841888,-0.0658333333333333
2026-05-15 06:00:00,31.035833333333333,60.43989077415761,0.3708333333333333
2026-05-15 07:00:00,59.965,81.72594987550137,11.846666666666666
2026-05-15 08:00:00,65.29666666666667,102.75805287210248,30.104166666666668
2026-05-15 09:00:00,23.894166666666667,65.55352480764034,10.268333333333333
2026-05-15 10:00:00,8.5325,36.401952313318006,5.558333333333334
2026-05-15 11:00:00,-1.3433333333333335,18.828866196825707,3.93
2026-05-15 12:00:00,-0.3366666666666666,9.33235026849622,0.425
2026-05-15 13:00:00,-6.236666666666667,4.012873793547094,0.3316666666666666
2026-05-15 14:00:00,-5.054166666666666,7.985364262138319,-0.6691666666666666
2026-05-15 15:00:00,-0.5216666666666666,14.81473361070195,-2.8316666666666666
2026-05-15 16:00:00,22.166666666666668,41.43406237062149,3.4091666666666662
2026-05-15 17:00:00,74.36916666666667,75.12531368307312,50.119166666666665
2026-05-15 18:00:00,68.5075,91.6695778311809,73.53333333333333
2026-05-15 19:00:00,61.5725,82.39015042694551,80.555
2026-05-15 20:00:00,62.9975,77.09719730478861,78.22333333333334
2026-05-15 21:00:00,65.81583333333333,63.80321808766018,78.35916666666667
2026-05-15 22:00:00,66.22833333333334,55.20483680318653,82.67833333333333
2026-05-15 23:00:00,63.155,51.188126258549765,91.11083333333332
2026-05-16 00:00:00,52.08083333333334,52.64704088309377,93.82333333333334
2026-05-16 01:00:00,47.71416666666667,46.243288979600365,93.73833333333332
2026-05-16 02:00:00,14.441666666666665,33.8424364834837,97.62
2026-05-16 03:00:00,2.796666666666667,25.32761053023051,89.60833333333333
2026-05-16 04:00:00,5.033333333333333,18.70761556566244,89.73416666666667
2026-05-16 05:00:00,0.1491666666666666,13.189785127888122,95.96333333333332
2026-05-16 06:00:00,-0.0666666666666666,11.843760424718605,97.625
2026-05-16 07:00:00,-1.7683333333333335,17.898060042405923,90.78249999999998
2026-05-16 08:00:00,0.3058333333333333,20.687433289885853,93.48333333333332
2026-05-16 09:00:00,-0.3891666666666666,3.259357313307192,72.37
2026-05-16 10:00:00,-1.6366666666666667,-12.194522372917175,53.17
2026-05-16 11:00:00,-5.059166666666667,-25.57796718361614,49.8475
2026-05-16 12:00:00,-3.8716666666666666,-26.23107373161693,72.10083333333334
2026-05-16 13:00:00,-5.505833333333334,-31.135766007629428,62.32083333333333
2026-05-16 14:00:00,-5.639166666666667,-29.076848745690526,45.31166666666667
2026-05-16 15:00:00,-4.260833333333333,-22.82034652457673,28.290000000000003
2026-05-16 16:00:00,22.159166666666668,-1.1755776415970305,41.58916666666666
2026-05-16 17:00:00,89.03583333333334,27.35381665489965,95.92666666666666
2026-05-16 18:00:00,95.94416666666666,53.35065529903465,98.34
2026-05-16 19:00:00,100.68416666666668,53.96445739201818,92.975
2026-05-16 20:00:00,108.055,41.4502629866046,93.80666666666669
2026-05-16 21:00:00,121.10833333333332,29.26874683855809,93.20166666666668
2026-05-16 22:00:00,125.84833333333334,35.212723555625125,103.13166666666666
2026-05-16 23:00:00,123.0225,47.614902373710095,104.02083333333331
2026-05-17 00:00:00,139.27166666666668,68.31437487080294,102.7925
2026-05-17 01:00:00,142.19500000000002,77.1557597622061,113.11833333333334
2026-05-17 02:00:00,137.415,78.7523638291372,92.27666666666666
2026-05-17 03:00:00,132.2925,72.15410449081614,86.53666666666668
2026-05-17 04:00:00,120.12416666666668,58.5806056479618,81.10333333333334
2026-05-17 05:00:00,122.54833333333332,41.494456626146274,90.61666666666667
2026-05-17 06:00:00,123.94166666666666,31.689125785353923,99.81166666666668
2026-05-17 07:00:00,133.76583333333335,29.668582274753334,108.35
2026-05-17 08:00:00,108.30333333333334,48.9487146843002,93.25666666666666
2026-05-17 09:00:00,120.57166666666669,48.3784938103471,31.9975
2026-05-17 10:00:00,113.25333333333332,55.07991218583406,28.456666666666667
2026-05-17 11:00:00,114.78083333333332,59.70641857626139,24.95083333333333
2026-05-17 12:00:00,129.7325,69.22655772372639,30.1975
2026-05-17 13:00:00,134.415,80.57060015124085,35.556666666666665
2026-05-17 14:00:00,147.9908333333333,88.3410011986146,39.65833333333333
2026-05-17 15:00:00,131.685,100.21818165062447,5.465
2026-05-17 16:00:00,149.81,113.52086101370794,18.00166666666667
2026-05-17 17:00:00,158.42166666666665,134.03793452382786,92.70333333333332
2026-05-17 18:00:00,182.0583333333333,153.60094633934222,118.29916666666668
2026-05-17 19:00:00,170.105,152.38251461788946,119.7575
2026-05-17 20:00:00,165.84583333333333,132.967981849826,117.25416666666666
2026-05-17 21:00:00,142.8675,119.7572585543946,124.30666666666669
2026-05-17 22:00:00,142.20083333333332,107.76639018000228,126.56
2026-05-17 23:00:00,148.87833333333333,97.87720644441283,105.44166666666666
2026-05-18 00:00:00,145.73,96.81668351490232,95.72333333333334
2026-05-18 01:00:00,170.84166666666667,98.57464884505646,92.6775
2026-05-18 02:00:00,146.09833333333333,92.24727139834988,78.86166666666666
2026-05-18 03:00:00,138.9675,87.98524212044045,74.07083333333334
2026-05-18 04:00:00,131.5975,86.33008953819751,66.885
2026-05-18 05:00:00,136.53583333333333,87.89413405828368,79.67833333333333
2026-05-18 06:00:00,156.0375,99.25883881386292,92.32833333333332
2026-05-18 07:00:00,204.7383333333333,124.1386723148532,115.89916666666666
2026-05-18 08:00:00,208.53333333333333,153.91299539537323,126.37583333333332
2026-05-18 09:00:00,230.8558333333333,142.1632185997202,109.3625
2026-05-18 10:00:00,256.1791666666667,116.66155646800529,63.16833333333333
2026-05-18 11:00:00,251.0641666666667,107.62009640488644,38.21416666666666
2026-05-18 12:00:00,271.5466666666667,112.37287159633436,38.85666666666667
2026-05-18 13:00:00,262.1791666666667,121.7739947074232,49.49916666666667
2026-05-18 14:00:00,257.21,120.82897287742831,51.79166666666666
2026-05-18 15:00:00,190.0375,121.4442549111006,55.7625
2026-05-18 16:00:00,150.7775,131.91486547445874,70.4175
2026-05-18 17:00:00,150.75666666666666,152.89103857212396,104.3725
2026-05-18 18:00:00,138.475,178.11119988567887,111.7775
2026-05-18 19:00:00,120.86166666666666,182.79874035944363,96.46666666666664
2026-05-18 20:00:00,115.9625,175.6938524551249,84.78583333333334
2026-05-18 21:00:00,108.82416666666668,160.20212090011765,78.99416666666666
2026-05-18 22:00:00,108.58083333333332,141.73543662572806,76.65249999999999
2026-05-18 23:00:00,101.27583333333332,124.93562574507597,73.51333333333334
2026-05-19 00:00:00,101.01583333333332,118.09064908223374,75.65916666666666
2026-05-19 01:00:00,98.32583333333334,111.8354825936436,74.84166666666667
2026-05-19 02:00:00,93.01833333333332,101.76885718415696,70.15833333333333
2026-05-19 03:00:00,92.85,95.06315113540494,68.855
2026-05-19 04:00:00,89.57,94.96406539796637,65.52083333333333
2026-05-19 05:00:00,81.18916666666667,99.23477058024008,69.79916666666666
2026-05-19 06:00:00,78.0275,116.07649455009212,77.70666666666666
2026-05-19 07:00:00,84.86166666666666,151.76292681966083,96.885
2026-05-19 08:00:00,94.55833333333334,169.7062745688795,114.38666666666668
2026-05-19 09:00:00,73.18916666666667,120.66585394330092,53.88583333333333
2026-05-19 10:00:00,63.20416666666667,72.38658178949808,39.05416666666667
2026-05-19 11:00:00,34.236666666666665,41.79850396011254,41.9325
2026-05-19 12:00:00,41.16333333333333,58.568948508829294,45.255
2026-05-19 13:00:00,32.2475,55.988692591592496,40.60083333333333
2026-05-19 14:00:00,11.034999999999998,66.14188824886503,35.288333333333334
2026-05-19 15:00:00,0.1916666666666667,44.36164097309354,24.1775
2026-05-19 16:00:00,-2.615,71.60557255258938,53.48333333333333
2026-05-19 17:00:00,42.528333333333336,107.65309505284225,86.29333333333334
2026-05-19 18:00:00,77.26666666666667,136.90396817852144,87.08583333333333
2026-05-19 19:00:00,72.24,137.16581552044948,87.85000000000001
2026-05-19 20:00:00,67.05333333333333,98.26016236346832,74.40916666666666
2026-05-19 21:00:00,58.53416666666666,87.4726796435582,73.21
2026-05-19 22:00:00,60.53,78.31245526375706,66.71916666666667
2026-05-19 23:00:00,70.295,67.1954980314889,67.0125
2026-05-20 00:00:00,65.96833333333333,74.23049990154443,69.6575
2026-05-20 01:00:00,63.5825,78.18374696649714,68.4775
2026-05-20 02:00:00,65.99249999999999,71.78726209830958,67.51416666666667
2026-05-20 03:00:00,59.310833333333335,84.22008683037271,63.60916666666666
2026-05-20 04:00:00,51.04749999999999,89.48337639974852,60.17333333333334
2026-05-20 05:00:00,45.895833333333336,87.60126245455375,64.25416666666666
2026-05-20 06:00:00,51.85666666666666,89.49398265974975,72.395
2026-05-20 07:00:00,73.1775,111.7288130958157,85.47083333333335
2026-05-20 08:00:00,80.76,121.10572717960562,94.37583333333332
2026-05-20 09:00:00,38.85333333333333,104.5631415657407,37.19833333333333
2026-05-20 10:00:00,33.11,63.60534191233163,25.94833333333333
2026-05-20 11:00:00,17.221666666666668,34.245310665599256,19.9325
2026-05-20 12:00:00,19.30333333333333,36.547544660279215,20.69083333333333
2026-05-20 13:00:00,12.820833333333333,36.8314334579048,17.0475
2026-05-20 14:00:00,11.1975,48.54226426702645,30.59583333333333
2026-05-20 15:00:00,6.637499999999999,69.3426195147464,37.93416666666667
2026-05-20 16:00:00,36.62416666666667,90.91725067500217,62.24166666666667
2026-05-20 17:00:00,112.3275,136.3477184483308,92.63
2026-05-20 18:00:00,110.89333333333332,185.82667741870705,93.18166666666669
2026-05-20 19:00:00,112.78166666666668,198.15652457748,92.05083333333332
2026-05-20 20:00:00,115.47,193.57720888027552,85.9325
2026-05-20 21:00:00,124.26416666666668,172.7032452336531,75.15666666666667
2026-05-20 22:00:00,120.46666666666664,150.90889778417517,78.385
2026-05-20 23:00:00,115.74833333333332,135.087816205768,62.965833333333336
2026-05-21 00:00:00,114.56583333333332,130.49361596154307,56.36333333333334
2026-05-21 01:00:00,115.22166666666664,132.7657198334343,58.13666666666666
2026-05-21 02:00:00,112.51666666666668,120.148111081859,62.5825
2026-05-21 03:00:00,118.125,111.65305818916718,61.274166666666666
2026-05-21 04:00:00,111.825,112.36081113683238,60.34
2026-05-21 05:00:00,97.61333333333334,118.33864172941853,63.96416666666666
2026-05-21 06:00:00,110.09333333333332,136.37230135424147,70.2025
2026-05-21 07:00:00,129.16583333333332,169.9226597037465,88.69916666666667
2026-05-21 08:00:00,126.92583333333332,196.33097471509552,144.16666666666666
2026-05-21 09:00:00,112.88333333333334,182.2055831583244,29.339166666666667
2026-05-21 10:00:00,93.20916666666666,148.34932027839506,27.035
2026-05-21 11:00:00,77.46166666666666,126.12628265977354,22.376666666666665
2026-05-21 12:00:00,76.66666666666667,135.36960698458728,37.6875
2026-05-21 13:00:00,93.94666666666666,140.152642684727,49.56916666666667
2026-05-21 14:00:00,126.34916666666668,149.5102381375571,63.69416666666667
2026-05-21 15:00:00,124.68583333333332,157.3247372446874,73.33333333333333
2026-05-21 16:00:00,123.8725,180.44915518372224,91.1875
2026-05-21 17:00:00,156.55083333333332,213.8546633490256,111.12
2026-05-21 18:00:00,143.88250000000002,233.99346585873195,128.56166666666667
2026-05-21 19:00:00,122.825,231.85466182975563,132.0025
2026-05-21 20:00:00,112.86166666666666,224.3551827135019,124.37583333333332
2026-05-21 21:00:00,111.85333333333334,200.56224775509384,107.37333333333332
2026-05-21 22:00:00,106.27583333333332,180.6585517625204,93.3175
2026-05-21 23:00:00,103.63583333333334,159.0993100344374,81.05499999999999
2026-05-22 00:00:00,95.34250000000002,151.87424728033105,62.59916666666666
2026-05-22 01:00:00,92.20416666666668,150.133671888218,36.6175
2026-05-22 02:00:00,91.46083333333333,142.010722885363,33.079166666666666
2026-05-22 03:00:00,91.7975,133.90818195794367,30.95833333333333
2026-05-22 04:00:00,93.56083333333332,135.25474565470756,21.42333333333333
2026-05-22 05:00:00,90.395,141.46288200579733,27.343333333333334
2026-05-22 06:00:00,87.05583333333334,156.96479940032822,31.035833333333333
2026-05-22 07:00:00,118.0575,191.48558886487388,59.965
2026-05-22 08:00:00,100.2875,202.36901764516276,65.29666666666667
2026-05-22 09:00:00,67.36,184.52809553174225,23.894166666666667
2026-05-22 10:00:00,43.119166666666665,131.19300528489538,8.5325
2026-05-22 11:00:00,38.57333333333333,90.36392724614969,-1.3433333333333335
2026-05-22 12:00:00,44.70249999999999,71.86292901747794,-0.3366666666666666
2026-05-22 13:00:00,40.60416666666666,67.75023863099459,-6.236666666666667
2026-05-22 14:00:00,23.723333333333333,72.04387288699489,-5.054166666666666
2026-05-22 15:00:00,14.181666666666668,76.92276720861156,-0.5216666666666666
2026-05-22 16:00:00,67.125,101.54126982146204,22.166666666666668
2026-05-22 17:00:00,124.00083333333332,175.14082896132527,74.36916666666667
2026-05-22 18:00:00,135.9675,225.64559784042933,68.5075
2026-05-22 19:00:00,110.38583333333334,222.6155225531869,61.5725
2026-05-22 20:00:00,117.34333333333332,193.70160106184133,62.9975
2026-05-22 21:00:00,110.79666666666668,181.76097148010692,65.81583333333333
2026-05-22 22:00:00,87.11333333333333,157.94451311188988,66.22833333333334
2026-05-22 23:00:00,69.1475,134.00642414114998,63.155
2026-05-23 00:00:00,57.884166666666665,122.16551109465104,52.08083333333334
2026-05-23 01:00:00,57.580000000000005,108.02164320976335,47.71416666666667
2026-05-23 02:00:00,48.86083333333334,95.12371719480174,14.441666666666665
2026-05-23 03:00:00,38.975,89.21831453536849,2.796666666666667
2026-05-23 04:00:00,32.25416666666667,86.45282675300791,5.033333333333333
2026-05-23 05:00:00,26.695833333333336,87.1279269264001,0.1491666666666666
2026-05-23 06:00:00,34.1075,89.25073571930639,-0.0666666666666666
2026-05-23 07:00:00,25.8775,103.75260807505543,-1.7683333333333335
2026-05-23 08:00:00,22.675,106.1982468589865,0.3058333333333333
2026-05-23 09:00:00,29.945833333333336,72.38764144541426,-0.3891666666666666
2026-05-23 10:00:00,25.38083333333333,58.35949467869961,-1.6366666666666667
2026-05-23 11:00:00,28.08,61.097390073128935,-5.059166666666667
2026-05-23 12:00:00,25.429166666666664,57.9005606297546,-3.8716666666666666
2026-05-23 13:00:00,16.18583333333333,45.23291745804401,-5.505833333333334
2026-05-23 14:00:00,19.98583333333333,46.05380962330963,-5.639166666666667
2026-05-23 15:00:00,46.090833333333336,55.29836259144063,-4.260833333333333
2026-05-23 16:00:00,63.2825,90.7230647332978,22.159166666666668
2026-05-23 17:00:00,89.72416666666668,133.24658024909235,89.03583333333334
2026-05-23 18:00:00,91.50416666666666,155.04862745228735,95.94416666666666
2026-05-23 19:00:00,88.01166666666667,151.2701565637729,100.68416666666668
2026-05-23 20:00:00,74.23583333333333,142.75282160129888,108.055
2026-05-23 21:00:00,70.52666666666666,122.87890525798028,121.10833333333332
2026-05-23 22:00:00,71.77583333333332,108.6968698633546,125.84833333333334
2026-05-23 23:00:00,75.81,101.98313750119814,123.0225
2026-05-24 00:00:00,74.1925,111.90163334798204,139.27166666666668
2026-05-24 01:00:00,72.69833333333334,111.687538471507,142.19500000000002
2026-05-24 02:00:00,65.99833333333333,102.70399742177156,137.415
2026-05-24 03:00:00,58.37166666666667,98.42263658275463,132.2925
2026-05-24 04:00:00,49.620000000000005,94.40216390853374,120.12416666666668
2026-05-24 05:00:00,63.61083333333334,95.50117817647592,122.54833333333332
2026-05-24 06:00:00,66.20916666666666,99.28330822638652,123.94166666666666
2026-05-24 07:00:00,69.005,106.21554452892164,133.76583333333335
2026-05-24 08:00:00,67.3925,113.69120531394935,108.30333333333334
2026-05-24 09:00:00,61.44416666666667,90.6541314987194,120.57166666666669
2026-05-24 10:00:00,65.87083333333334,74.8691269105972,113.25333333333332
2026-05-24 11:00:00,79.09333333333333,65.68749026138167,114.78083333333332
2026-05-24 12:00:00,85.65333333333332,66.32777110380248,129.7325
2026-05-24 13:00:00,90.34583333333336,62.05707993209101,134.415
2026-05-24 14:00:00,90.9275,62.69308029811006,147.9908333333333
2026-05-24 15:00:00,106.10666666666668,83.88053286064897,131.685
2026-05-24 16:00:00,108.89666666666666,96.20005832848544,149.81
2026-05-24 17:00:00,118.3525,112.76308008600554,158.42166666666665
2026-05-24 18:00:00,112.81666666666666,128.58229921441338,182.0583333333333
2026-05-24 19:00:00,119.585,126.87196062305809,170.105
2026-05-24 20:00:00,118.81916666666666,122.12461128060389,165.84583333333333
2026-05-24 21:00:00,110.00833333333333,109.97062315177834,142.8675
2026-05-24 22:00:00,79.97166666666666,112.93588190418076,142.20083333333332
2026-05-24 23:00:00,68.2725,110.61677513228727,148.87833333333333
2026-05-25 00:00:00,71.73916666666666,109.21169946024506,145.73
2026-05-25 01:00:00,71.8225,94.87496559269556,170.84166666666667
2026-05-25 02:00:00,67.53333333333333,85.52913481554653,146.09833333333333
2026-05-25 03:00:00,70.72583333333334,82.03646570581704,138.9675
2026-05-25 04:00:00,68.43916666666667,86.05466847022842,131.5975
2026-05-25 05:00:00,66.74083333333333,96.3775411225936,136.53583333333333
2026-05-25 06:00:00,80.1225,112.4850703954389,156.0375
2026-05-25 07:00:00,95.1375,146.65331845034694,204.7383333333333
2026-05-25 08:00:00,110.31333333333332,171.11608760119535,208.53333333333333
2026-05-25 09:00:00,94.98666666666666,153.398553898658,230.8558333333333
2026-05-25 10:00:00,92.40333333333332,128.82086260998176,256.1791666666667
2026-05-25 11:00:00,97.11083333333332,94.35598388951831,251.0641666666667
2026-05-25 12:00:00,103.40333333333332,86.92211388121318,271.5466666666667
2026-05-25 13:00:00,100.51416666666668,83.44928455805918,262.1791666666667
2026-05-25 14:00:00,94.78166666666664,81.00619582095861,257.21
2026-05-25 15:00:00,100.35083333333334,96.40086507344856,190.0375
2026-05-25 16:00:00,101.61,133.1813500357003,150.7775
2026-05-25 17:00:00,120.83333333333331,160.46250457337567,150.75666666666666
2026-05-25 18:00:00,117.325,177.7269957145328,138.475
2026-05-25 19:00:00,89.91083333333334,174.7722106960664,120.86166666666666
2026-05-25 20:00:00,92.32833333333332,188.03713572589652,115.9625
2026-05-25 21:00:00,77.11083333333333,171.46731669292458,108.82416666666668
2026-05-25 22:00:00,75.6475,149.52364857801933,108.58083333333332
2026-05-25 23:00:00,74.54416666666667,130.06195108122515,101.27583333333332
2026-05-26 00:00:00,74.76333333333334,127.48890732407456,101.01583333333332
2026-05-26 01:00:00,76.25083333333333,129.70952141320146,98.32583333333334
2026-05-26 02:00:00,69.83916666666667,117.61456812815209,93.01833333333332
2026-05-26 03:00:00,64.105,110.46554868168371,92.85
2026-05-26 04:00:00,58.335,108.2458351146231,89.57
2026-05-26 05:00:00,58.94833333333333,112.77852514808694,81.18916666666667
2026-05-26 06:00:00,81.46416666666666,126.895439351334,78.0275
2026-05-26 07:00:00,114.26,160.40959213613093,84.86166666666666
2026-05-26 08:00:00,127.365,196.70452291230765,94.55833333333334
2026-05-26 09:00:00,129.6025,171.47804557310425,73.18916666666667
2026-05-26 10:00:00,115.31,132.2477149520726,63.20416666666667
2026-05-26 11:00:00,92.88583333333334,88.04210882694066,34.236666666666665
2026-05-26 12:00:00,80.12583333333333,65.09265574270056,41.16333333333333
2026-05-26 13:00:00,71.77833333333334,47.91608377131583,32.2475
2026-05-26 14:00:00,56.76916666666667,45.6926267556168,11.034999999999998
2026-05-26 15:00:00,77.81583333333333,50.63691041380739,0.1916666666666667
2026-05-26 16:00:00,78.37,70.1372011374009,-2.615
2026-05-26 17:00:00,76.62583333333333,98.84108389550728,42.528333333333336
2026-05-26 18:00:00,92.24916666666668,124.58957021342138,77.26666666666667
2026-05-26 19:00:00,77.18916666666667,118.7973774818984,72.24
2026-05-26 20:00:00,46.17916666666667,126.36822793333452,67.05333333333333
2026-05-26 21:00:00,37.7125,114.42047956699228,58.53416666666666
2026-05-26 22:00:00,21.4,111.98127180923407,60.53
2026-05-26 23:00:00,15.309166666666668,107.51498466604478,70.295
2026-05-27 00:00:00,52.54666666666666,118.88855806603772,65.96833333333333
2026-05-27 01:00:00,14.4375,126.74553158277432,63.5825
2026-05-27 02:00:00,25.2175,113.0877677555404,65.99249999999999
2026-05-27 03:00:00,10.455,112.59592545470758,59.310833333333335
2026-05-27 04:00:00,10.4875,109.40399563388222,51.04749999999999
2026-05-27 05:00:00,47.00833333333333,108.17908582645316,45.895833333333336
2026-05-27 06:00:00,98.71666666666664,115.39625115672064,51.85666666666666
2026-05-27 07:00:00,149.265,149.06851750182489,73.1775
2026-05-27 08:00:00,185.5,182.0423063465661,80.76
2026-05-27 09:00:00,188.11666666666667,170.27613105314947,38.85333333333333
2026-05-27 10:00:00,171.69500000000002,150.6755030735461,33.11
2026-05-27 11:00:00,155.80166666666668,135.5981165789135,17.221666666666668
2026-05-27 12:00:00,145.3025,143.03954610314622,19.30333333333333
2026-05-27 13:00:00,157.86249999999998,133.6458153379946,12.820833333333333
2026-05-27 14:00:00,154.14083333333335,146.9149284926518,11.1975
2026-05-27 15:00:00,158.49416666666667,148.89961913553873,6.637499999999999
2026-05-27 16:00:00,163.32166666666666,160.57725547211732,36.62416666666667
2026-05-27 17:00:00,174.27833333333334,177.76984707811204,112.3275
2026-05-27 18:00:00,180.7483333333333,201.3540862922208,110.89333333333332
2026-05-27 19:00:00,170.92083333333335,206.01373201864092,112.78166666666668
2026-05-27 20:00:00,144.06,221.93352032821468,115.47
2026-05-27 21:00:00,140.56,203.93283890783084,124.26416666666668
2026-05-27 22:00:00,151.68166666666667,180.54872600477165,120.46666666666664
2026-05-27 23:00:00,135.16916666666663,154.81693201089254,115.74833333333332
2026-05-28 00:00:00,127.50083333333332,148.2706686346801,114.56583333333332
2026-05-28 01:00:00,116.23833333333334,146.54693152524476,115.22166666666664
2026-05-28 02:00:00,121.28416666666668,135.21545748557986,112.51666666666668
2026-05-28 03:00:00,114.64,132.3073084021404,118.125
2026-05-28 04:00:00,112.1925,130.64576818481638,111.825
2026-05-28 05:00:00,108.32416666666666,132.777967886179,97.61333333333334
2026-05-28 06:00:00,110.25583333333331,149.9181841408137,110.09333333333332
2026-05-28 07:00:00,131.0225,184.14653502300683,129.16583333333332
2026-05-28 08:00:00,160.35333333333332,200.7672569699928,126.92583333333332
2026-05-28 09:00:00,167.63083333333333,142.9072132530503,112.88333333333334
2026-05-28 10:00:00,144.47333333333333,105.72527389192209,93.20916666666666
2026-05-28 11:00:00,135.38416666666666,91.90638551026063,77.46166666666666
2026-05-28 12:00:00,132.6858333333333,98.45974923932266,76.66666666666667
2026-05-28 13:00:00,138.02583333333334,110.8824488242076,93.94666666666666
2026-05-28 14:00:00,122.665,121.97891688587652,126.34916666666668
2026-05-28 15:00:00,89.96333333333332,127.80902337782352,124.68583333333332
2026-05-28 16:00:00,112.80083333333332,145.60294291209465,123.8725
2026-05-28 17:00:00,161.57333333333332,184.1109746866943,156.55083333333332
2026-05-28 18:00:00,167.89083333333335,220.0165786339316,143.88250000000002
2026-05-28 19:00:00,151.6575,217.58688937294292,122.825
2026-05-28 20:00:00,146.78,211.11243616645675,112.86166666666666
2026-05-28 21:00:00,144.80166666666668,191.82284187149105,111.85333333333334
2026-05-28 22:00:00,157.945,170.64275376090623,106.27583333333332
2026-05-28 23:00:00,157.2675,150.10123026138223,103.63583333333334
2026-05-29 00:00:00,136.3575,144.38221014897528,95.34250000000002
2026-05-29 01:00:00,123.6675,146.73554810699125,92.20416666666668
2026-05-29 02:00:00,122.08166666666666,133.48143538900126,91.46083333333333
2026-05-29 03:00:00,114.13083333333331,123.93312506999924,91.7975
2026-05-29 04:00:00,106.22416666666668,117.07148796005806,93.56083333333332
2026-05-29 05:00:00,111.03,117.68399596273166,90.395
2026-05-29 06:00:00,103.0875,120.66932903882704,87.05583333333334
2026-05-29 07:00:00,115.41,142.60772240459818,118.0575
2026-05-29 08:00:00,140.1825,175.38174295687548,100.2875
2026-05-29 09:00:00,171.76916666666668,150.92003378110445,67.36
2026-05-29 10:00:00,93.86916666666669,115.42690068069072,43.119166666666665
2026-05-29 11:00:00,76.25,74.05360595521242,38.57333333333333
2026-05-29 12:00:00,75.6075,71.84760964713733,44.70249999999999
2026-05-29 13:00:00,70.95083333333334,89.32333405493436,40.60416666666666
2026-05-29 14:00:00,75.39083333333333,105.52020760284915,23.723333333333333
2026-05-29 15:00:00,73.94916666666667,118.6521529858106,14.181666666666668
2026-05-29 16:00:00,76.2175,153.12284209311736,67.125
2026-05-29 17:00:00,104.31916666666666,201.6126799284042,124.00083333333332
2026-05-29 18:00:00,107.4675,240.8688804173334,135.9675
2026-05-29 19:00:00,80.135,223.8418342914572,110.38583333333334
2026-05-29 20:00:00,67.21916666666667,198.9188021903024,117.34333333333332
2026-05-29 21:00:00,64.05916666666667,159.03850139848905,110.79666666666668
2026-05-29 22:00:00,51.9,123.62962992464094,87.11333333333333
2026-05-29 23:00:00,52.09583333333333,91.57133816765052,69.1475
2026-05-30 00:00:00,39.00666666666667,83.20742254863234,57.884166666666665
2026-05-30 01:00:00,29.06833333333333,71.24947307883369,57.580000000000005
2026-05-30 02:00:00,28.139166666666668,50.578337709166064,48.86083333333334
2026-05-30 03:00:00,15.75,35.8716881791084,38.975
2026-05-30 04:00:00,14.553333333333333,31.28343713998749,32.25416666666667
2026-05-30 05:00:00,10.474166666666669,34.59112108061889,26.695833333333336
2026-05-30 06:00:00,10.469166666666666,45.84205524057751,34.1075
2026-05-30 07:00:00,15.58,67.79933461577585,25.8775
2026-05-30 08:00:00,30.689166666666665,90.69831058662912,22.675
2026-05-30 09:00:00,31.383333333333336,87.93761001473452,29.945833333333336
2026-05-30 10:00:00,22.52333333333333,72.80055302595238,25.38083333333333
2026-05-30 11:00:00,7.5675,39.251001644299365,28.08
2026-05-30 12:00:00,4.996666666666667,23.18391456272768,25.429166666666664
2026-05-30 13:00:00,0.3941666666666666,31.359397509942863,16.18583333333333
2026-05-30 14:00:00,8.889166666666666,43.65077455629336,19.98583333333333
2026-05-30 15:00:00,11.946666666666667,59.79945266221203,46.090833333333336
2026-05-30 16:00:00,14.381666666666666,78.35196940855167,63.2825
2026-05-30 17:00:00,47.21,101.80802132908904,89.72416666666668
2026-05-30 18:00:00,42.40083333333333,121.38278008487568,91.50416666666666
2026-05-30 19:00:00,31.624166666666667,113.6902611726564,88.01166666666667
2026-05-30 20:00:00,48.675,104.39080559275148,74.23583333333333
2026-05-30 21:00:00,23.105,106.500814512349,70.52666666666666
2026-05-30 22:00:00,10.126666666666669,110.8375409192285,71.77583333333332
2026-05-30 23:00:00,10.4125,88.64222354576592,75.81
2026-05-31 00:00:00,13.3775,79.18316270927083,74.1925
2026-05-31 01:00:00,10.259166666666667,68.50495807576101,72.69833333333334
2026-05-31 02:00:00,9.944166666666666,55.8749917701429,65.99833333333333
2026-05-31 03:00:00,4.705,46.61608319085025,58.37166666666667
2026-05-31 04:00:00,0.3541666666666667,41.03380002324728,49.620000000000005
2026-05-31 05:00:00,1.1033333333333333,38.24476885700413,63.61083333333334
2026-05-31 06:00:00,1.9691666666666665,37.60214423997385,66.20916666666666
2026-05-31 07:00:00,11.239166666666668,48.1178546236922,69.005
2026-05-31 08:00:00,14.606666666666667,55.39442144292055,67.3925
2026-05-31 09:00:00,10.37,57.08750402886923,61.44416666666667
2026-05-31 10:00:00,7.204166666666667,21.2388802626595,65.87083333333334
2026-05-31 11:00:00,-0.7416666666666667,-1.21206293634431,79.09333333333333
2026-05-31 12:00:00,-0.9083333333333332,0.5779580198108931,85.65333333333332
2026-05-31 13:00:00,-0.8475,-5.370677161045506,90.34583333333336
2026-05-31 14:00:00,-0.4683333333333333,15.135562838923484,90.9275
2026-05-31 15:00:00,0.1283333333333333,49.383395612991634,106.10666666666668
2026-05-31 16:00:00,9.655833333333334,77.85895511363275,108.89666666666666
2026-05-31 17:00:00,59.81,111.9397933584384,118.3525
2026-05-31 18:00:00,83.29666666666667,145.5756847073933,112.81666666666666
2026-05-31 19:00:00,87.335,147.40095230490294,119.585
2026-05-31 20:00:00,85.4375,119.27062966853146,118.81916666666666
2026-05-31 21:00:00,90.76833333333332,106.0328174420699,110.00833333333333
2026-05-31 22:00:00,83.31666666666666,100.45255280468253,79.97166666666666
2026-05-31 23:00:00,51.78833333333333,90.11289639829536,68.2725
2026-06-01 00:00:00,38.34,85.03874363440171,71.73916666666666
2026-06-01 01:00:00,53.56916666666667,82.53992318014137,71.8225
2026-06-01 02:00:00,46.3775,88.03066949235848,67.53333333333333
2026-06-01 03:00:00,36.56916666666667,84.50094953050458,70.72583333333334
2026-06-01 04:00:00,34.58416666666667,67.90127791587209,68.43916666666667
2026-06-01 05:00:00,43.0625,69.98684396741919,66.74083333333333
2026-06-01 06:00:00,48.814166666666665,74.35080830696889,80.1225
2026-06-01 07:00:00,72.36916666666666,100.40220550143992,95.1375
2026-06-01 08:00:00,69.00416666666666,103.86327208745,110.31333333333332
2026-06-01 09:00:00,43.48,93.45644299132064,94.98666666666666
2026-06-01 10:00:00,29.266666666666666,65.51967551958302,92.40333333333332
2026-06-01 11:00:00,18.895,33.64846122336991,97.11083333333332
2026-06-01 12:00:00,24.41416666666667,37.803015348805495,103.40333333333332
2026-06-01 13:00:00,17.784166666666668,50.540648118902325,100.51416666666668
2026-06-01 14:00:00,24.2525,66.11325994003573,94.78166666666664
2026-06-01 15:00:00,8.89,67.32732601611683,100.35083333333334
2026-06-01 16:00:00,6.789166666666667,78.57146010099868,101.61
2026-06-01 17:00:00,58.99416666666667,101.17398494814329,120.83333333333331
2026-06-01 18:00:00,125.60083333333334,118.597921004012,117.325
2026-06-01 19:00:00,135.08083333333337,112.78116135033092,89.91083333333334
2026-06-01 20:00:00,45.20666666666667,95.24581392673907,92.32833333333332
2026-06-01 21:00:00,16.145833333333332,79.1199872156772,77.11083333333333
2026-06-01 22:00:00,-0.3141666666666667,58.40906508583925,75.6475
2026-06-01 23:00:00,-0.0958333333333333,36.881286656975774,74.54416666666667
2026-06-02 00:00:00,-0.1841666666666666,21.27564441830404,74.76333333333334
2026-06-02 01:00:00,-0.1,10.93967456110881,76.25083333333333
2026-06-02 02:00:00,-1.12,3.5073053840133355,69.83916666666667
2026-06-02 03:00:00,-1.85,-2.50486830191386,64.105
2026-06-02 04:00:00,-2.2625,-5.346475478969964,58.335
2026-06-02 05:00:00,-2.089166666666667,-3.68106835177538,58.94833333333333
2026-06-02 06:00:00,-1.4441666666666668,-0.7205443189253913,81.46416666666666
2026-06-02 07:00:00,2.8200000000000003,15.905511254193785,114.26
2026-06-02 08:00:00,22.8225,41.16650712196235,127.365
2026-06-02 09:00:00,11.15,38.0402473866619,129.6025
2026-06-02 10:00:00,13.7925,23.437514046767426,115.31
2026-06-02 11:00:00,7.116666666666667,19.988736074984654,92.88583333333334
2026-06-02 12:00:00,18.61583333333333,31.72721293268779,80.12583333333333
2026-06-02 13:00:00,19.0425,42.428352334511175,71.77833333333334
2026-06-02 14:00:00,27.381666666666664,31.563377915366157,56.76916666666667
2026-06-02 15:00:00,22.809166666666663,34.77491234732565,77.81583333333333
2026-06-02 16:00:00,25.835,58.6874206705274,78.37
2026-06-02 17:00:00,56.61916666666667,109.25034452909168,76.62583333333333
2026-06-02 18:00:00,65.105,142.05492133801752,92.24916666666668
2026-06-02 19:00:00,46.92249999999999,124.51628689915776,77.18916666666667
2026-06-02 20:00:00,44.5275,119.13276991281006,46.17916666666667
2026-06-02 21:00:00,12.901666666666666,73.44591368844205,37.7125
2026-06-02 22:00:00,-0.0833333333333333,48.28218511930987,21.4
2026-06-02 23:00:00,-0.5641666666666667,27.3090142064786,15.309166666666668
2026-06-03 00:00:00,-1.5191666666666668,23.06198707333462,52.54666666666666
2026-06-03 01:00:00,-0.4975,13.045289237112677,14.4375
2026-06-03 02:00:00,-0.1,4.521639250892875,25.2175
2026-06-03 03:00:00,-1.3033333333333337,2.758778542907706,10.455
2026-06-03 04:00:00,-1.4983333333333333,2.321175175319837,10.4875
2026-06-03 05:00:00,-1.2208333333333334,0.5627667706832398,47.00833333333333
2026-06-03 06:00:00,-0.5341666666666667,5.700263695562384,98.71666666666664
2026-06-03 07:00:00,4.8308333333333335,24.412057240390894,149.265
2026-06-03 08:00:00,23.27,67.20336734426755,185.5
2026-06-03 09:00:00,10.315833333333334,50.7534099673896,188.11666666666667
2026-06-03 10:00:00,5.7558333333333325,41.39588174586653,171.69500000000002
2026-06-03 11:00:00,1.785,18.275385960183293,155.80166666666668
2026-06-03 12:00:00,0.6516666666666667,24.32673392012819,145.3025
2026-06-03 13:00:00,-0.4408333333333333,24.779790899163743,157.86249999999998
2026-06-03 14:00:00,-2.1283333333333334,28.89938942963623,154.14083333333335
2026-06-03 15:00:00,-1.98,15.74837499450524,158.49416666666667
2026-06-03 16:00:00,0.1133333333333332,24.551603945117066,163.32166666666666
2026-06-03 17:00:00,37.16833333333333,65.02902011354082,174.27833333333334
2026-06-03 18:00:00,55.64416666666667,95.0548825024438,180.7483333333333
2026-06-03 19:00:00,23.195833333333336,97.0702408347694,170.92083333333335
2026-06-03 20:00:00,7.537499999999999,87.50524752913516,144.06
2026-06-03 21:00:00,0.8250000000000001,67.59214937008575,140.56
2026-06-03 22:00:00,-0.0875,48.259069915748185,151.68166666666667
2026-06-03 23:00:00,-0.1,20.61362774601433,135.16916666666663
2026-06-04 00:00:00,-0.1,12.52858732287384,127.50083333333332
2026-06-04 01:00:00,-0.0875,6.493897295657213,116.23833333333334
2026-06-04 02:00:00,-0.0625,1.5060282520258284,121.28416666666668
2026-06-04 03:00:00,0.1341666666666666,-0.9210997109460664,114.64
2026-06-04 04:00:00,-0.0475,-8.556541821703547,112.1925
2026-06-04 05:00:00,-0.0433333333333333,-9.452975627160114,108.32416666666666
2026-06-04 06:00:00,0.3683333333333333,1.6601799912718178,110.25583333333331
2026-06-04 07:00:00,25.10083333333333,32.084094952353546,131.0225
2026-06-04 08:00:00,34.5275,66.69852330485112,160.35333333333332
2026-06-04 09:00:00,30.945833333333336,61.12605883961599,167.63083333333333
2026-06-04 10:00:00,24.151666666666667,53.70054736249735,144.47333333333333
2026-06-04 11:00:00,24.954166666666666,52.76133400992807,135.38416666666666
2026-06-04 12:00:00,28.33333333333333,57.4875724160522,132.6858333333333
2026-06-04 13:00:00,39.84583333333333,76.69894739067044,138.02583333333334
2026-06-04 14:00:00,39.04416666666666,103.39984270154989,122.665
2026-06-04 15:00:00,20.3275,115.92939869952096,89.96333333333332
2026-06-04 16:00:00,8.715,68.63039651888427,112.80083333333332
2026-06-04 17:00:00,56.9875,95.95825155154742,161.57333333333332
2026-06-04 18:00:00,69.545,112.32079042876784,167.89083333333335
2026-06-04 19:00:00,48.36833333333333,109.0353551216598,151.6575
2026-06-04 20:00:00,49.517500000000005,87.41534292741127,146.78
2026-06-04 21:00:00,58.0275,69.33424031535935,144.80166666666668
2026-06-04 22:00:00,27.3725,44.773731944791,157.945
2026-06-04 23:00:00,19.15083333333333,28.00677976293392,157.2675
2026-06-05 00:00:00,11.408333333333331,20.70483421848777,136.3575
2026-06-05 01:00:00,13.976666666666668,10.886088444098256,123.6675
2026-06-05 02:00:00,15.31,7.984200343504547,122.08166666666666
2026-06-05 03:00:00,13.3975,3.612686284696153,114.13083333333331
2026-06-05 04:00:00,28.39333333333333,2.1411565720566443,106.22416666666668
2026-06-05 05:00:00,41.52333333333333,11.339645913047022,111.03
2026-06-05 06:00:00,64.87833333333333,32.59944139869538,103.0875
2026-06-05 07:00:00,77.39833333333333,72.49513081557762,115.41
2026-06-05 08:00:00,81.46,106.230991049136,140.1825
2026-06-05 09:00:00,88.76833333333333,103.416782565648,171.76916666666668
2026-06-05 10:00:00,87.64666666666666,71.16348827433784,93.86916666666669
2026-06-05 11:00:00,81.64083333333333,29.9073073340575,76.25
2026-06-05 12:00:00,66.69333333333334,31.883242333807893,75.6075
2026-06-05 13:00:00,63.55083333333334,32.3247538464524,70.95083333333334
2026-06-05 14:00:00,70.5725,44.79053729557556,75.39083333333333
2026-06-05 15:00:00,63.54583333333333,55.39146997546873,73.94916666666667
2026-06-05 16:00:00,60.495000000000005,119.18959864449894,76.2175
2026-06-05 17:00:00,92.685,162.86770123134403,104.31916666666666
2026-06-05 18:00:00,92.99833333333332,185.76257658514868,107.4675
2026-06-05 19:00:00,84.8875,171.55837642944476,80.135
2026-06-05 20:00:00,80.55499999999999,144.97771651840287,67.21916666666667
2026-06-05 21:00:00,74.04333333333334,127.90364954821366,64.05916666666667
2026-06-05 22:00:00,65.425,104.33247098636664,51.9
2026-06-05 23:00:00,65.69166666666668,81.81663475629716,52.09583333333333
2026-06-06 00:00:00,59.97333333333333,72.1219418064044,39.00666666666667
2026-06-06 01:00:00,38.45333333333333,77.78931166725428,29.06833333333333
2026-06-06 02:00:00,29.31083333333333,68.06418629490676,28.139166666666668
2026-06-06 03:00:00,28.5075,57.694994888976886,15.75
2026-06-06 04:00:00,18.709166666666665,54.63643067313336,14.553333333333333
2026-06-06 05:00:00,25.14333333333333,56.2266405347998,10.474166666666669
2026-06-06 06:00:00,46.42250000000001,67.415167525187,10.469166666666666
2026-06-06 07:00:00,57.406666666666666,83.06048645890218,15.58
2026-06-06 08:00:00,73.6425,105.54745472587516,30.689166666666665
2026-06-06 09:00:00,51.49583333333334,105.63692932359342,31.383333333333336
2026-06-06 10:00:00,35.4475,82.23900938144504,22.52333333333333
2026-06-06 11:00:00,29.06,52.399075634213006,7.5675
2026-06-06 12:00:00,31.665000000000003,50.7957422860291,4.996666666666667
2026-06-06 13:00:00,35.51916666666667,50.54661029693838,0.3941666666666666
2026-06-06 14:00:00,42.06916666666667,64.89266553767096,8.889166666666666
2026-06-06 15:00:00,41.73666666666667,66.73045974421386,11.946666666666667
2026-06-06 16:00:00,52.7875,96.9664063272445,14.381666666666666
2026-06-06 17:00:00,106.33583333333333,143.4526223723342,47.21
2026-06-06 18:00:00,106.365,173.90250355522736,42.40083333333333
2026-06-06 19:00:00,105.1375,163.6211327598375,31.624166666666667
2026-06-06 20:00:00,97.5775,146.20096143524592,48.675
2026-06-06 21:00:00,98.27083333333331,123.23228199635548,23.105
2026-06-06 22:00:00,106.92,106.42001553437112,10.126666666666669
2026-06-06 23:00:00,105.1675,93.69576374306575,10.4125
2026-06-07 00:00:00,90.08166666666666,94.44630997136647,13.3775
2026-06-07 01:00:00,88.08333333333333,90.6607689023443,10.259166666666667
2026-06-07 02:00:00,86.08583333333333,83.93348961786826,9.944166666666666
2026-06-07 03:00:00,78.87583333333333,77.17345605941598,4.705
2026-06-07 04:00:00,74.7475,72.99405846248035,0.3541666666666667
2026-06-07 05:00:00,77.28416666666666,74.5202185271586,1.1033333333333333
2026-06-07 06:00:00,82.23333333333333,77.07678612147957,1.9691666666666665
2026-06-07 07:00:00,102.5125,85.3468692983416,11.239166666666668
2026-06-07 08:00:00,94.43833333333332,82.20740290015627,14.606666666666667
2026-06-07 09:00:00,56.06,64.75778775250754,10.37
2026-06-07 10:00:00,39.891666666666666,38.90592430943375,7.204166666666667
2026-06-07 11:00:00,38.7325,32.51224675308144,-0.7416666666666667
2026-06-07 12:00:00,44.43416666666667,36.64510962124534,-0.9083333333333332
2026-06-07 13:00:00,44.5725,35.05055173718793,-0.8475
2026-06-07 14:00:00,48.04166666666666,46.45955024187207,-0.4683333333333333
2026-06-07 15:00:00,58.61333333333334,71.95086003917103,0.1283333333333333
2026-06-07 16:00:00,77.01416666666667,98.48131073672756,9.655833333333334
2026-06-07 17:00:00,102.6275,133.1920673879523,59.81
2026-06-07 18:00:00,102.1875,160.69254013849073,83.29666666666667
2026-06-07 19:00:00,98.6125,158.6142676744198,87.335
2026-06-07 20:00:00,89.19749999999999,135.67963804971166,85.4375
2026-06-07 21:00:00,89.90666666666665,125.4324285724406,90.76833333333332
2026-06-07 22:00:00,95.09083333333332,108.63540402641615,83.31666666666666
2026-06-07 23:00:00,85.91833333333334,94.21939856896977,51.78833333333333
2026-06-08 00:00:00,85.61166666666666,92.1727472209071,38.34
2026-06-08 01:00:00,90.25916666666666,112.08598112010804,53.56916666666667
2026-06-08 02:00:00,77.165,106.0999451716583,46.3775
2026-06-08 03:00:00,65.75083333333333,103.58311350963524,36.56916666666667
2026-06-08 04:00:00,62.47333333333333,98.54903585482968,34.58416666666667
2026-06-08 05:00:00,61.92,95.78792560053188,43.0625
2026-06-08 06:00:00,65.77166666666666,92.09880471107144,48.814166666666665
2026-06-08 07:00:00,77.63083333333333,99.83095825519293,72.36916666666666
2026-06-08 08:00:00,71.9975,109.6719429802652,69.00416666666666
2026-06-08 09:00:00,25.398333333333337,103.06457037614176,43.48
2026-06-08 10:00:00,10.686666666666667,81.15669301892831,29.266666666666666
2026-06-08 11:00:00,8.5375,52.61826854092662,18.895
2026-06-08 12:00:00,7.81,29.324957736072648,24.41416666666667
2026-06-08 13:00:00,5.578333333333333,26.945995943073108,17.784166666666668
2026-06-08 14:00:00,5.319166666666667,34.22468464969337,24.2525
2026-06-08 15:00:00,5.965,49.85141214960562,8.89
2026-06-08 16:00:00,3.7458333333333336,75.35514717653628,6.789166666666667
2026-06-08 17:00:00,75.2975,127.72100302745228,58.99416666666667
2026-06-08 18:00:00,90.81083333333332,166.17864260569905,125.60083333333334
2026-06-08 19:00:00,88.89999999999999,157.12329508550596,135.08083333333337
2026-06-08 20:00:00,77.66166666666666,150.83648007572185,45.20666666666667
2026-06-08 21:00:00,65.62333333333333,124.25857146807624,16.145833333333332
2026-06-08 22:00:00,44.07749999999999,95.2691895734425,-0.3141666666666667
2026-06-08 23:00:00,7.966666666666666,67.27798449502284,-0.0958333333333333
2026-06-09 00:00:00,9.444166666666666,49.11574452814781,-0.1841666666666666
2026-06-09 01:00:00,5.2716666666666665,23.91671468932467,-0.1
2026-06-09 02:00:00,3.0075000000000003,7.889460095770318,-1.12
2026-06-09 03:00:00,1.1783333333333337,3.798452703705898,-1.85
2026-06-09 04:00:00,0.815,4.957838998082643,-2.2625
2026-06-09 05:00:00,0.1666666666666666,8.247564780152153,-2.089166666666667
2026-06-09 06:00:00,0.3908333333333333,13.50879438813196,-1.4441666666666668
2026-06-09 07:00:00,8.666666666666666,33.39799191477649,2.8200000000000003
2026-06-09 08:00:00,11.749166666666667,78.42597726889205,22.8225
2026-06-09 09:00:00,16.289166666666667,66.17543197639681,11.15
2026-06-09 10:00:00,-0.2483333333333333,46.38239356311411,13.7925
2026-06-09 11:00:00,0.0208333333333333,24.117986477629813,7.116666666666667
2026-06-09 12:00:00,2.120833333333333,12.198007099433989,18.61583333333333
2026-06-09 13:00:00,-1.794166666666667,-1.225838827247955,19.0425
2026-06-09 14:00:00,-0.2616666666666666,-5.908119842748576,27.381666666666664
2026-06-09 15:00:00,-0.7025,-9.125713071849134,22.809166666666663
2026-06-09 16:00:00,-2.829166666666667,-1.7479732489360489,25.835
2026-06-09 17:00:00,2.2216666666666667,38.71857120415366,56.61916666666667
2026-06-09 18:00:00,11.8375,70.51988284960163,65.105
2026-06-09 19:00:00,10.124166666666666,68.45108569992185,46.92249999999999
2026-06-09 20:00:00,7.163333333333334,60.57931772965805,44.5275
2026-06-09 21:00:00,-0.2633333333333333,43.36212514603336,12.901666666666666
2026-06-09 22:00:00,-2.5658333333333334,27.303474424782443,-0.0833333333333333
2026-06-09 23:00:00,-3.814166666666667,17.11951104471359,-0.5641666666666667
2026-06-10 00:00:00,-4.394166666666666,9.058132860468646,-1.5191666666666668
2026-06-10 01:00:00,-3.0516666666666663,8.016766648721514,-0.4975
2026-06-10 02:00:00,-3.865,0.6892221559569123,-0.1
2026-06-10 03:00:00,-5.585,-3.474979191799505,-1.3033333333333337
2026-06-10 04:00:00,-3.911666666666666,-6.2466130294777145,-1.4983333333333333
2026-06-10 05:00:00,-4.104166666666667,-5.520201510154109,-1.2208333333333334
2026-06-10 06:00:00,-2.4475,1.410896774269034,-0.5341666666666667
2026-06-10 07:00:00,-0.3166666666666667,20.539915703285544,4.8308333333333335
2026-06-10 08:00:00,4.809166666666667,51.8060549962776,23.27
2026-06-10 09:00:00,10.5975,49.8586007205019,10.315833333333334
2026-06-10 10:00:00,18.464166666666667,49.75695708536609,5.7558333333333325
2026-06-10 11:00:00,4.91,49.1293364546217,1.785
2026-06-10 12:00:00,10.585833333333332,52.35618063716075,0.6516666666666667
2026-06-10 13:00:00,54.14333333333334,63.32130105432804,-0.4408333333333333
2026-06-10 14:00:00,63.517500000000005,80.95053749458403,-2.1283333333333334
2026-06-10 15:00:00,78.82916666666667,92.19714969408102,-1.98
2026-06-10 16:00:00,101.67416666666666,116.1183720416,0.1133333333333332
2026-06-10 17:00:00,120.76,146.3009335967869,37.16833333333333
2026-06-10 18:00:00,120.24,177.47698265445013,55.64416666666667
2026-06-10 19:00:00,117.24166666666667,170.38316482364468,23.195833333333336
2026-06-10 20:00:00,112.46083333333333,183.48279862689915,7.537499999999999
2026-06-10 21:00:00,111.055,175.2517666360625,0.8250000000000001
2026-06-10 22:00:00,117.53249999999998,161.53027830547774,-0.0875
2026-06-10 23:00:00,101.78833333333334,141.88009833245076,-0.1
2026-06-11 00:00:00,98.89,142.30179514126272,-0.1
2026-06-11 01:00:00,97.58833333333332,140.09441644272093,-0.0875
2026-06-11 02:00:00,98.8325,133.65556044911537,-0.0625
2026-06-11 03:00:00,95.145,126.39536761255752,0.1341666666666666
2026-06-11 04:00:00,96.0825,123.77513890969476,-0.0475
2026-06-11 05:00:00,98.79166666666669,128.2868161895116,-0.0433333333333333
2026-06-11 06:00:00,115.67083333333332,144.3104395661082,0.3683333333333333
2026-06-11 07:00:00,151.75,183.6514381933024,25.10083333333333
2026-06-11 08:00:00,175.27666666666667,219.15195664978785,34.5275
2026-06-11 09:00:00,138.78083333333333,200.09388482464857,30.945833333333336
2026-06-11 10:00:00,96.21,148.77279095111498,24.151666666666667
2026-06-11 11:00:00,91.81833333333331,112.05758507935056,24.954166666666666
2026-06-11 12:00:00,90.14083333333332,103.57373409617448,28.33333333333333
2026-06-11 13:00:00,81.5025,91.32579195454149,39.84583333333333
2026-06-11 14:00:00,65.29333333333334,84.24130208333962,39.04416666666666
2026-06-11 15:00:00,55.25833333333333,82.68868124970399,20.3275
2026-06-11 16:00:00,75.73,108.8581534422593,8.715
2026-06-11 17:00:00,106.9025,165.45533771282737,56.9875
2026-06-11 18:00:00,107.02083333333331,179.75780640210633,69.545
2026-06-11 19:00:00,97.70333333333332,170.00880480980595,48.36833333333333
2026-06-11 20:00:00,83.96833333333333,136.5598141657956,49.517500000000005
2026-06-11 21:00:00,71.72916666666667,103.9570883924135,58.0275
2026-06-11 22:00:00,59.51583333333334,75.1251582624606,27.3725
2026-06-11 23:00:00,35.8225,57.58695573859291,19.15083333333333
2026-06-12 00:00:00,59.15583333333333,42.5685534608971,11.408333333333331
2026-06-12 01:00:00,12.466666666666669,27.30025667371069,13.976666666666668
2026-06-12 02:00:00,0.7166666666666667,11.938065936341644,15.31
2026-06-12 03:00:00,-0.5116666666666667,6.2384951197493805,13.3975
2026-06-12 04:00:00,-0.1,6.476139545904239,28.39333333333333
2026-06-12 05:00:00,-0.2583333333333333,8.242737405945526,41.52333333333333
2026-06-12 06:00:00,-0.0916666666666666,16.03922376969959,64.87833333333333
2026-06-12 07:00:00,0.3816666666666666,30.77005537866172,77.39833333333333
2026-06-12 08:00:00,17.220833333333335,51.07241921410734,81.46
2026-06-12 09:00:00,3.8325,35.863058891173864,88.76833333333333
2026-06-12 10:00:00,-2.8891666666666667,12.601250798594258,87.64666666666666
2026-06-12 11:00:00,-5.145833333333333,-2.2584798293680564,81.64083333333333
2026-06-12 12:00:00,-5.728333333333334,1.5630654967967956,66.69333333333334
2026-06-12 13:00:00,-7.9875,-13.95459950073966,63.55083333333334
2026-06-12 14:00:00,-10.0025,-19.14727141780061,70.5725
2026-06-12 15:00:00,-6.8675,-13.76617927701595,63.54583333333333
2026-06-12 16:00:00,-6.049166666666667,-8.069101200723182,60.495000000000005
2026-06-12 17:00:00,6.0375000000000005,14.30942956039972,92.685
2026-06-12 18:00:00,-24.953333333333333,35.46129526839762,92.99833333333332
2026-06-12 19:00:00,8.766666666666667,33.647095173897654,84.8875
2026-06-12 20:00:00,-1.211666666666667,24.21066905317885,80.55499999999999
2026-06-12 21:00:00,-3.640833333333333,20.140319251790856,74.04333333333334
2026-06-12 22:00:00,-4.758333333333334,15.40189482945275,65.425
2026-06-12 23:00:00,-5.175,10.761807216667464,65.69166666666668
2026-06-13 00:00:00,-6.844166666666666,10.763940129334138,59.97333333333333
2026-06-13 01:00:00,-6.8566666666666665,22.05908865300876,38.45333333333333
2026-06-13 02:00:00,-5.424166666666667,11.07972889966532,29.31083333333333
2026-06-13 03:00:00,-7.363333333333333,7.091161085901803,28.5075
2026-06-13 04:00:00,-9.510833333333332,3.182715249832299,18.709166666666665
2026-06-13 05:00:00,-8.000833333333333,3.049132102525796,25.14333333333333
2026-06-13 06:00:00,-7.899999999999999,5.301741231910782,46.42250000000001
2026-06-13 07:00:00,-3.7616666666666654,13.056111895158615,57.406666666666666
2026-06-13 08:00:00,-2.6,21.383102139676232,73.6425
2026-06-13 09:00:00,-1.0225,22.24277209933597,51.49583333333334
2026-06-13 10:00:00,-0.1,20.320624513081995,35.4475
2026-06-13 11:00:00,-0.0833333333333333,23.510200067138392,29.06
2026-06-13 12:00:00,-0.0333333333333333,31.317439975948048,31.665000000000003
2026-06-13 13:00:00,7.555833333333333,34.9824881685519,35.51916666666667
2026-06-13 14:00:00,12.840833333333334,37.48138388869236,42.06916666666667
2026-06-13 15:00:00,54.11166666666667,35.542973732144574,41.73666666666667
2026-06-13 16:00:00,61.49666666666667,44.42908229715344,52.7875
2026-06-13 17:00:00,68.74583333333334,72.9386833418815,106.33583333333333
2026-06-13 18:00:00,71.92,97.9682622492642,106.365
2026-06-13 19:00:00,69.24166666666667,115.54029607721654,105.1375
2026-06-13 20:00:00,69.65750000000001,129.02267699203702,97.5775
2026-06-13 21:00:00,70.155,102.29584984733948,98.27083333333331
2026-06-13 22:00:00,67.5725,97.67691906196993,106.92
2026-06-13 23:00:00,66.02583333333334,104.04443912078364,105.1675
2026-06-14 00:00:00,72.30416666666666,103.46369553063678,90.08166666666666
2026-06-14 01:00:00,67.81750000000001,85.142201161873,88.08333333333333
2026-06-14 02:00:00,61.97166666666666,74.50840526136534,86.08583333333333
2026-06-14 03:00:00,56.76666666666667,64.71835145822457,78.87583333333333
2026-06-14 04:00:00,52.20166666666666,60.289073743136434,74.7475
2026-06-14 05:00:00,56.30166666666667,63.763644668099495,77.28416666666666
2026-06-14 06:00:00,55.1575,72.4825051335923,82.23333333333333
2026-06-14 07:00:00,61.634166666666665,84.05719771253102,102.5125
2026-06-14 08:00:00,70.76916666666666,99.60425012163832,94.43833333333332
2026-06-14 09:00:00,61.57916666666667,86.59585156040235,56.06
2026-06-14 10:00:00,35.303333333333335,60.03391637645909,39.891666666666666
2026-06-14 11:00:00,18.24083333333333,41.22079546522228,38.7325
2026-06-14 12:00:00,15.425,30.854972206450384,44.43416666666667
2026-06-14 13:00:00,16.441666666666666,26.41687948696699,44.5725
2026-06-14 14:00:00,21.4825,40.03001869363755,48.04166666666666
2026-06-14 15:00:00,9.785833333333334,47.973648376036806,58.61333333333334
2026-06-14 16:00:00,26.33333333333333,73.49226822985786,77.01416666666667
2026-06-14 17:00:00,75.75416666666666,114.24165690047752,102.6275
2026-06-14 18:00:00,82.57000000000001,141.3904024865534,102.1875
2026-06-14 19:00:00,83.8475,145.25295123318284,98.6125
2026-06-14 20:00:00,75.93416666666667,135.60671850228135,89.19749999999999
2026-06-14 21:00:00,70.10166666666667,129.30445828662778,89.90666666666665
2026-06-14 22:00:00,65.285,119.49741983031365,95.09083333333332
2026-06-14 23:00:00,57.8875,110.00314766610497,85.91833333333334
2026-06-15 00:00:00,59.615,112.80708319695404,85.61166666666666
2026-06-15 01:00:00,69.61083333333333,127.04300947511364,90.25916666666666
2026-06-15 02:00:00,71.47583333333334,118.63571181341048,77.165
2026-06-15 03:00:00,66.48333333333333,111.5703891879242,65.75083333333333
2026-06-15 04:00:00,56.0525,109.8689641670056,62.47333333333333
2026-06-15 05:00:00,58.34916666666667,111.14566950337056,61.92
2026-06-15 06:00:00,68.52416666666666,121.73467306774884,65.77166666666666
2026-06-15 07:00:00,82.10083333333334,144.9703355880426,77.63083333333333
2026-06-15 08:00:00,92.94,158.9158271888885,71.9975
2026-06-15 09:00:00,67.2625,146.33669943474231,25.398333333333337
2026-06-15 10:00:00,42.86833333333333,128.05165489351663,10.686666666666667
2026-06-15 11:00:00,47.30916666666667,106.42926741751252,8.5375
2026-06-15 12:00:00,54.91333333333333,90.33310271085524,7.81
2026-06-15 13:00:00,47.45,68.35104941544378,5.578333333333333
2026-06-15 14:00:00,38.174166666666665,62.60781465858554,5.319166666666667
2026-06-15 15:00:00,29.173333333333336,48.05898645255124,5.965
2026-06-15 16:00:00,49.259166666666665,75.54902787153902,3.7458333333333336
2026-06-15 17:00:00,72.4275,116.88207583732708,75.2975
2026-06-15 18:00:00,73.89916666666666,147.64077157448645,90.81083333333332
2026-06-15 19:00:00,67.33916666666667,150.11394621607576,88.89999999999999
2026-06-15 20:00:00,59.85583333333333,133.15602281395377,77.66166666666666
2026-06-15 21:00:00,52.47333333333333,100.90754165722146,65.62333333333333
2026-06-15 22:00:00,15.025833333333331,69.26255521704569,44.07749999999999
2026-06-15 23:00:00,9.5975,32.82097474903836,7.966666666666666
2026-06-16 00:00:00,3.3516666666666666,18.89194287508984,9.444166666666666
2026-06-16 01:00:00,-0.0541666666666666,5.965890610519431,5.2716666666666665
2026-06-16 02:00:00,-0.245,-4.213188532376137,3.0075000000000003
2026-06-16 03:00:00,-0.7225,-8.312177398087698,1.1783333333333337
2026-06-16 04:00:00,-0.5908333333333333,-10.064892557383558,0.815
2026-06-16 05:00:00,-1.8133333333333328,-10.06326971575126,0.1666666666666666
2026-06-16 06:00:00,-1.2925,-3.490691808297811,0.3908333333333333
2026-06-16 07:00:00,4.178333333333334,10.681437224293994,8.666666666666666
2026-06-16 08:00:00,26.22083333333333,45.78033918966737,11.749166666666667
2026-06-16 09:00:00,7.938333333333333,43.95385449618004,16.289166666666667
2026-06-16 10:00:00,5.433333333333334,26.84939078980512,-0.2483333333333333
2026-06-16 11:00:00,8.700000000000001,21.42824668157461,0.0208333333333333
2026-06-16 12:00:00,18.199166666666667,29.630608773103447,2.120833333333333
2026-06-16 13:00:00,18.973333333333333,26.515779911575255,-1.794166666666667
2026-06-16 14:00:00,25.105,24.30041665277487,-0.2616666666666666
2026-06-16 15:00:00,33.12833333333334,27.43017811774353,-0.7025
2026-06-16 16:00:00,67.68833333333333,46.04883119673424,-2.829166666666667
2026-06-16 17:00:00,66.69416666666667,65.37220519529721,2.2216666666666667
2026-06-16 18:00:00,69.01583333333333,88.24125533042579,11.8375
2026-06-16 19:00:00,73.35166666666667,89.22487945988982,10.124166666666666
2026-06-16 20:00:00,64.60916666666667,95.14121294470928,7.163333333333334
2026-06-16 21:00:00,54.73083333333333,69.12399492782848,-0.2633333333333333
2026-06-16 22:00:00,16.3675,50.425823698475405,-2.5658333333333334
2026-06-16 23:00:00,5.591666666666666,41.95062328017854,-3.814166666666667
2026-06-17 00:00:00,1.465833333333333,42.83391419933152,-4.394166666666666
2026-06-17 01:00:00,0.7324999999999999,28.928986841668845,-3.0516666666666663
2026-06-17 02:00:00,0.1091666666666666,10.248835483510938,-3.865
2026-06-17 03:00:00,-0.0916666666666666,5.283755459154797,-5.585
2026-06-17 04:00:00,-0.0958333333333333,7.704396394810004,-3.911666666666666
2026-06-17 05:00:00,-0.97,7.271340208954129,-4.104166666666667
2026-06-17 06:00:00,-0.5933333333333334,13.787042091978805,-2.4475
2026-06-17 07:00:00,4.878333333333333,30.63297508260228,-0.3166666666666667
2026-06-17 08:00:00,22.385,69.95771494875575,4.809166666666667
2026-06-17 09:00:00,26.60083333333333,52.9108059681168,10.5975
2026-06-17 10:00:00,7.225833333333334,35.09726965502476,18.464166666666667
2026-06-17 11:00:00,7.140000000000001,21.123704941350223,4.91
2026-06-17 12:00:00,16.131666666666668,13.18617976865255,10.585833333333332
2026-06-17 13:00:00,8.018333333333333,12.509997878800815,54.14333333333334
2026-06-17 14:00:00,21.6675,7.196086268451701,63.517500000000005
2026-06-17 15:00:00,28.299166666666665,12.951191119274595,78.82916666666667
2026-06-17 16:00:00,41.415,34.56565960615992,101.67416666666666
2026-06-17 17:00:00,22.69083333333333,54.16656035199247,120.76
2026-06-17 18:00:00,12.665833333333332,69.46767985352062,120.24
2026-06-17 19:00:00,21.724166666666665,57.96798654262424,117.24166666666667
2026-06-17 20:00:00,9.98,46.36555138499061,112.46083333333333
2026-06-17 21:00:00,10.01,36.28761860647303,111.055
2026-06-17 22:00:00,5.0183333333333335,28.642864850675515,117.53249999999998
2026-06-17 23:00:00,-1.8966666666666665,21.41822115967545,101.78833333333334
2026-06-18 00:00:00,-2.115,18.942157666054072,98.89
2026-06-18 01:00:00,-2.8683333333333336,11.079015540778776,97.58833333333332
2026-06-18 02:00:00,-2.8625000000000003,5.664168666752495,98.8325
2026-06-18 03:00:00,-2.28,1.0897668561575813,95.145
2026-06-18 04:00:00,-2.5625,-1.1578397468518205,96.0825
2026-06-18 05:00:00,-2.68,0.4889866917816619,98.79166666666669
2026-06-18 06:00:00,-2.5483333333333333,7.444548236857152,115.67083333333332
2026-06-18 07:00:00,-0.3125,20.491220549580262,151.75
2026-06-18 08:00:00,1.9025,38.74732538975472,175.27666666666667
2026-06-18 09:00:00,4.5575,25.86661810896432,138.78083333333333
2026-06-18 10:00:00,8.15,19.17082500977832,96.21
2026-06-18 11:00:00,12.540833333333332,17.809925717630847,91.81833333333331
2026-06-18 12:00:00,9.475833333333332,25.856075347411405,90.14083333333332
2026-06-18 13:00:00,8.024166666666668,13.854486808405788,81.5025
2026-06-18 14:00:00,5.273333333333333,11.935185053157603,65.29333333333334
2026-06-18 15:00:00,9.8475,13.211179196156266,55.25833333333333
2026-06-18 16:00:00,-0.9225,13.622638789238692,75.73
2026-06-18 17:00:00,3.4141666666666666,29.4903447748409,106.9025
2026-06-18 18:00:00,12.871666666666668,56.90615720167652,107.02083333333331
2026-06-18 19:00:00,9.5125,62.390208890168736,97.70333333333332
2026-06-18 20:00:00,10.3825,86.0510636356989,83.96833333333333
2026-06-18 21:00:00,9.815833333333334,69.90234883788754,71.72916666666667
2026-06-18 22:00:00,5.646666666666667,46.21198930439634,59.51583333333334
2026-06-18 23:00:00,-0.6008333333333332,38.68020150653379,35.8225
2026-06-19 00:00:00,-2.0475,38.59338593726862,59.15583333333333
2026-06-19 01:00:00,-1.6825,38.69739260081504,12.466666666666669
2026-06-19 02:00:00,-0.6091666666666666,22.69090582685512,0.7166666666666667
2026-06-19 03:00:00,-2.1416666666666666,6.652846200683307,-0.5116666666666667
2026-06-19 04:00:00,-2.9566666666666666,-6.907830137773487,-0.1
2026-06-19 05:00:00,-2.9725,-8.863894084305983,-0.2583333333333333
2026-06-19 06:00:00,-2.279166666666667,-4.925080175361785,-0.0916666666666666
2026-06-19 07:00:00,1.57,10.811340535638417,0.3816666666666666
2026-06-19 08:00:00,22.549166666666665,44.084290437003474,17.220833333333335
2026-06-19 09:00:00,12.321666666666667,36.93755882721161,3.8325
2026-06-19 10:00:00,1.8083333333333336,21.699200653797817,-2.8891666666666667
2026-06-19 11:00:00,1.2425,17.461907043962967,-5.145833333333333
2026-06-19 12:00:00,7.649166666666667,20.21209062766878,-5.728333333333334
2026-06-19 13:00:00,14.038333333333334,17.57516041518103,-7.9875
2026-06-19 14:00:00,36.48666666666667,18.51028315651582,-10.0025
2026-06-19 15:00:00,53.0925,15.798866726081464,-6.8675
2026-06-19 16:00:00,54.98166666666666,21.78125519441128,-6.049166666666667
2026-06-19 17:00:00,75.9575,49.59395460687468,6.0375000000000005
2026-06-19 18:00:00,75.39166666666667,63.985475168164015,-24.953333333333333
2026-06-19 19:00:00,72.09083333333334,71.49106783946337,8.766666666666667
2026-06-19 20:00:00,68.8175,90.8285401457541,-1.211666666666667
2026-06-19 21:00:00,60.78,86.96049105184373,-3.640833333333333
2026-06-19 22:00:00,65.56,82.31928037564472,-4.758333333333334
2026-06-19 23:00:00,63.836666666666666,77.1198116231481,-5.175
2026-06-20 00:00:00,60.04583333333333,68.8588821229353,-6.844166666666666
2026-06-20 01:00:00,59.20666666666667,71.647374306141,-6.8566666666666665
2026-06-20 02:00:00,54.751666666666665,59.46558287310979,-5.424166666666667
2026-06-20 03:00:00,50.01916666666667,56.272313481980426,-7.363333333333333
2026-06-20 04:00:00,49.19166666666666,55.065108990224594,-9.510833333333332
2026-06-20 05:00:00,50.275,58.87414644802256,-8.000833333333333
2026-06-20 06:00:00,51.2425,71.29517192100522,-7.899999999999999
2026-06-20 07:00:00,55.36333333333334,74.811223724773,-3.7616666666666654
2026-06-20 08:00:00,58.90083333333334,51.76231830881312,-2.6
2026-06-20 09:00:00,81.635,46.98207390736631,-1.0225
2026-06-20 10:00:00,86.63333333333333,45.20534595434464,-0.1
2026-06-20 11:00:00,65.84083333333332,43.86648527635849,-0.0833333333333333
2026-06-20 12:00:00,55.90166666666666,42.67361277507936,-0.0333333333333333
2026-06-20 13:00:00,55.55916666666667,31.94420122510908,7.555833333333333
2026-06-20 14:00:00,42.59916666666667,22.22265139872004,12.840833333333334
2026-06-20 15:00:00,40.72416666666667,24.73553066251612,54.11166666666667
2026-06-20 16:00:00,63.63916666666666,40.9430455624661,61.49666666666667
2026-06-20 17:00:00,77.89833333333333,79.52473783076098,68.74583333333334
2026-06-20 18:00:00,87.27916666666665,115.28687651644256,71.92
2026-06-20 19:00:00,83.0325,132.56014400895802,69.24166666666667
2026-06-20 20:00:00,81.92166666666667,127.21393275398464,69.65750000000001
2026-06-20 21:00:00,87.70916666666666,129.00236281001105,70.155
2026-06-20 22:00:00,82.78,123.66946349357208,67.5725
2026-06-20 23:00:00,81.505,110.68561881788736,66.02583333333334
2026-06-21 00:00:00,80.97500000000001,105.23852879103264,72.30416666666666
2026-06-21 01:00:00,81.71583333333334,90.33048173133253,67.81750000000001
2026-06-21 02:00:00,71.79083333333334,81.78930815991964,61.97166666666666
2026-06-21 03:00:00,70.5675,72.54352837746612,56.76666666666667
2026-06-21 04:00:00,68.4675,69.24546325008643,52.20166666666666
2026-06-21 05:00:00,71.58083333333333,70.05230328710225,56.30166666666667
2026-06-21 06:00:00,72.05166666666666,73.69014897394175,55.1575
2026-06-21 07:00:00,81.35916666666667,84.1550134800826,61.634166666666665
2026-06-21 08:00:00,88.18416666666667,101.38857299061073,70.76916666666666
2026-06-21 09:00:00,72.17833333333333,90.9652607247832,61.57916666666667
2026-06-21 10:00:00,66.8025,63.77185987581085,35.303333333333335
2026-06-21 11:00:00,60.415,38.42928441319376,18.24083333333333
2026-06-21 12:00:00,58.711666666666666,32.41229717530893,15.425
2026-06-21 13:00:00,50.68416666666667,32.66741374585626,16.441666666666666
2026-06-21 14:00:00,55.27,41.98043101902815,21.4825
2026-06-21 15:00:00,66.01833333333333,54.41471644202687,9.785833333333334
2026-06-21 16:00:00,67.39833333333333,75.1681465051267,26.33333333333333
2026-06-21 17:00:00,106.33,111.05326862254326,75.75416666666666
2026-06-21 18:00:00,124.5075,138.24030665163065,82.57000000000001
2026-06-21 19:00:00,125.1875,143.035829590086,83.8475
2026-06-21 20:00:00,132.46416666666667,143.31926706904,75.93416666666667
2026-06-21 21:00:00,125.90583333333332,138.30348299135323,70.10166666666667
2026-06-21 22:00:00,109.65416666666664,130.5764542102692,65.285
2026-06-21 23:00:00,102.98083333333334,116.87951494185177,57.8875
2026-06-22 00:00:00,113.16916666666668,112.26008831775256,59.615
2026-06-22 01:00:00,96.80416666666667,131.4633349485531,69.61083333333333
2026-06-22 02:00:00,90.02749999999999,125.38858930432976,71.47583333333334
2026-06-22 03:00:00,97.0125,118.57742098417476,66.48333333333333
2026-06-22 04:00:00,98.97416666666668,118.09402477908378,56.0525
2026-06-22 05:00:00,98.3025,123.79160690233432,58.34916666666667
2026-06-22 06:00:00,104.52583333333332,143.3811348824222,68.52416666666666
2026-06-22 07:00:00,160.6525,178.96512127002882,82.10083333333334
2026-06-22 08:00:00,220.85416666666663,204.28446988253796,92.94
2026-06-22 09:00:00,276.31083333333333,193.20665736411388,67.2625
2026-06-22 10:00:00,252.44000000000003,175.48044062737347,42.86833333333333
2026-06-22 11:00:00,252.0675,149.5438539641478,47.30916666666667
2026-06-22 12:00:00,246.155,139.0049311777546,54.91333333333333
2026-06-22 13:00:00,259.89416666666665,139.6811446897781,47.45
2026-06-22 14:00:00,221.185,135.20085296963862,38.174166666666665
2026-06-22 15:00:00,231.84583333333333,137.63909784979975,29.173333333333336
2026-06-22 16:00:00,287.08666666666664,157.9563187012614,49.259166666666665
2026-06-22 17:00:00,246.6383333333333,207.77200735423287,72.4275
2026-06-22 18:00:00,254.1808333333333,235.27750415082969,73.89916666666666
2026-06-22 19:00:00,215.9983333333333,236.36265895963223,67.33916666666667
2026-06-22 20:00:00,177.63833333333332,230.3019709618808,59.85583333333333
2026-06-22 21:00:00,134.96,208.16709034590912,52.47333333333333
2026-06-22 22:00:00,130.88750000000002,179.24476179622124,15.025833333333331
2026-06-22 23:00:00,106.77833333333332,143.7062628371579,9.5975
2026-06-23 00:00:00,95.30333333333331,129.24763020676585,3.3516666666666666
2026-06-23 01:00:00,93.94166666666666,120.11421848826028,-0.0541666666666666
2026-06-23 02:00:00,88.41333333333334,108.29709853565124,-0.245
2026-06-23 03:00:00,86.7475,101.0236266460334,-0.7225
2026-06-23 04:00:00,84.46249999999999,92.72616943971845,-0.5908333333333333
2026-06-23 05:00:00,86.81416666666667,97.52414192896842,-1.8133333333333328
2026-06-23 06:00:00,97.33083333333332,116.52942152086445,-1.2925
2026-06-23 07:00:00,154.29083333333332,152.57218074649495,4.178333333333334
2026-06-23 08:00:00,212.96916666666667,167.2576113618107,26.22083333333333
2026-06-23 09:00:00,222.8125,158.76425617633282,7.938333333333333
2026-06-23 10:00:00,189.46166666666667,136.5304816012894,5.433333333333334
2026-06-23 11:00:00,158.2125,111.90388886099436,8.700000000000001
2026-06-23 12:00:00,139.07416666666666,105.01246576145176,18.199166666666667
2026-06-23 13:00:00,132.06333333333333,109.780429500113,18.973333333333333
2026-06-23 14:00:00,151.72166666666666,115.49005866896658,25.105
2026-06-23 15:00:00,147.955,141.51310500241908,33.12833333333334
2026-06-23 16:00:00,140.83166666666668,157.7848629518504,67.68833333333333
2026-06-23 17:00:00,166.6858333333333,188.11386504682605,66.69416666666667
2026-06-23 18:00:00,190.97333333333333,209.22193749566375,69.01583333333333
2026-06-23 19:00:00,188.43166666666664,206.8448124039297,73.35166666666667
2026-06-23 20:00:00,179.12750000000003,197.72010838956996,64.60916666666667
2026-06-23 21:00:00,145.095,175.58859917354954,54.73083333333333
2026-06-23 22:00:00,143.12083333333334,144.81716437885547,16.3675
2026-06-23 23:00:00,130.76000000000002,122.15217215624422,5.591666666666666
2026-06-24 00:00:00,119.54166666666669,111.47389243265503,1.465833333333333
2026-06-24 01:00:00,105.92333333333332,107.05385788367744,0.7324999999999999
2026-06-24 02:00:00,105.02583333333332,100.07394557678946,0.1091666666666666
2026-06-24 03:00:00,110.08,96.7671141845928,-0.0916666666666666
2026-06-24 04:00:00,106.19666666666666,98.46034127921772,-0.0958333333333333
2026-06-24 05:00:00,108.72416666666668,99.3507209118538,-0.97
2026-06-24 06:00:00,107.74,109.32381096853504,-0.5933333333333334
2026-06-24 07:00:00,146.60083333333333,142.5192882482271,4.878333333333333
2026-06-24 08:00:00,165.08166666666668,156.93062647633528,22.385
2026-06-24 09:00:00,174.57916666666665,161.0530383457889,26.60083333333333
2026-06-24 10:00:00,156.22833333333332,149.40593529804562,7.225833333333334
2026-06-24 11:00:00,161.11666666666667,126.82633577997618,7.140000000000001
2026-06-24 12:00:00,236.00666666666663,132.230555131749,16.131666666666668
2026-06-24 13:00:00,170.9125,136.0452626794157,8.018333333333333
2026-06-24 14:00:00,152.66333333333333,131.00578640847357,21.6675
2026-06-24 15:00:00,119.54333333333334,137.35873323003676,28.299166666666665
2026-06-24 16:00:00,125.11333333333332,163.5646866961406,41.415
2026-06-24 17:00:00,266.4825,190.7509541907744,22.69083333333333
2026-06-24 18:00:00,301.22583333333336,216.88626010447183,12.665833333333332
2026-06-24 19:00:00,275.245,217.22243437206436,21.724166666666665
2026-06-24 20:00:00,201.3,212.3026460787151,9.98
2026-06-24 21:00:00,170.59166666666667,198.3736066700892,10.01
2026-06-24 22:00:00,160.2975,179.67856494099487,5.0183333333333335
2026-06-24 23:00:00,141.57583333333332,152.12764417950658,-1.8966666666666665
2026-06-25 00:00:00,125.07833333333332,145.8008957737538,-2.115
2026-06-25 01:00:00,122.9925,141.72307310741036,-2.8683333333333336
2026-06-25 02:00:00,131.42583333333332,135.77193506532342,-2.8625000000000003
2026-06-25 03:00:00,133.36666666666667,128.42129228610042,-2.28
2026-06-25 04:00:00,127.13,128.6230578784501,-2.5625
2026-06-25 05:00:00,142.32,133.42014004032535,-2.68
2026-06-25 06:00:00,153.56333333333333,151.59501257711167,-2.5483333333333333
2026-06-25 07:00:00,178.1875,191.36378174097177,-0.3125
2026-06-25 08:00:00,211.20166666666668,224.8273358739884,1.9025
2026-06-25 09:00:00,183.205,208.63000306029716,4.5575
2026-06-25 10:00:00,182.48916666666665,172.70519801971915,8.15
2026-06-25 11:00:00,147.30416666666667,144.97954607697682,12.540833333333332
2026-06-25 12:00:00,150.36166666666665,136.91403021751978,9.475833333333332
2026-06-25 13:00:00,129.70000000000002,136.34365652027782,8.024166666666668
2026-06-25 14:00:00,121.34,124.67078282378594,5.273333333333333
2026-06-25 15:00:00,113.65583333333332,126.62740015640972,9.8475
2026-06-25 16:00:00,138.27583333333334,150.53782435580865,-0.9225
2026-06-25 17:00:00,194.71916666666667,187.751684963322,3.4141666666666666
2026-06-25 18:00:00,198.7633333333333,213.46771399912691,12.871666666666668
2026-06-25 19:00:00,171.4425,203.6865182094774,9.5125
2026-06-25 20:00:00,156.52666666666667,198.4559530379805,10.3825
2026-06-25 21:00:00,158.3725,189.8865716866513,9.815833333333334
2026-06-25 22:00:00,129.1475,172.21735676119266,5.646666666666667
2026-06-25 23:00:00,124.2175,145.66482042758236,-0.6008333333333332
2026-06-26 00:00:00,112.44166666666666,136.58561773537082,-2.0475
2026-06-26 01:00:00,110.02916666666664,129.94106930062145,-1.6825
2026-06-26 02:00:00,113.09583333333336,121.99901512902728,-0.6091666666666666
2026-06-26 03:00:00,112.6675,114.91899718777448,-2.1416666666666666
2026-06-26 04:00:00,105.91416666666667,112.87644002866551,-2.9566666666666666
2026-06-26 05:00:00,110.98083333333334,115.99660997539704,-2.9725
2026-06-26 06:00:00,121.0425,131.44939957347816,-2.279166666666667
2026-06-26 07:00:00,149.18083333333334,160.88103253039156,1.57
2026-06-26 08:00:00,176.4983333333333,191.2034098239416,22.549166666666665
2026-06-26 09:00:00,178.4425,186.6888823835647,12.321666666666667
2026-06-26 10:00:00,179.06583333333333,162.53560056530267,1.8083333333333336
2026-06-26 11:00:00,180.7658333333333,140.4062749493608,1.2425
2026-06-26 12:00:00,162.91166666666666,132.68431496840327,7.649166666666667
2026-06-26 13:00:00,115.87416666666668,111.32448006374996,14.038333333333334
2026-06-26 14:00:00,97.60666666666668,103.01874340847856,36.48666666666667
2026-06-26 15:00:00,74.83416666666666,110.36577177038598,53.0925
2026-06-26 16:00:00,104.61166666666668,134.3091823688629,54.98166666666666
2026-06-26 17:00:00,173.16583333333332,167.78487746962787,75.9575
2026-06-26 18:00:00,182.1425,174.24306213698037,75.39166666666667
2026-06-26 19:00:00,177.83666666666667,171.8058890139465,72.09083333333334
2026-06-26 20:00:00,175.0225,173.9721915344595,68.8175
2026-06-26 21:00:00,187.2783333333333,171.3447358360835,60.78
2026-06-26 22:00:00,198.7675,169.2725187293533,65.56
2026-06-26 23:00:00,170.8658333333333,152.8639225555356,63.836666666666666
2026-06-27 00:00:00,158.58583333333334,139.63270590848893,60.04583333333333
2026-06-27 01:00:00,135.25666666666666,126.53410225812284,59.20666666666667
2026-06-27 02:00:00,120.21416666666666,115.1394129776354,54.751666666666665
2026-06-27 03:00:00,115.45916666666666,107.00600302376252,50.01916666666667
2026-06-27 04:00:00,114.3675,102.7066550937962,49.19166666666666
2026-06-27 05:00:00,122.20083333333334,106.84738164235478,50.275
2026-06-27 06:00:00,125.80583333333334,113.42627088597814,51.2425
2026-06-27 07:00:00,118.3025,128.88487533229727,55.36333333333334
2026-06-27 08:00:00,141.55166666666665,149.80956500511445,58.90083333333334
2026-06-27 09:00:00,144.52166666666668,151.61278997235848,81.635
2026-06-27 10:00:00,110.88833333333334,134.73100515801383,86.63333333333333
2026-06-27 11:00:00,107.08416666666666,110.1517015388965,65.84083333333332
2026-06-27 12:00:00,102.71333333333332,101.77834485494142,55.90166666666666
2026-06-27 13:00:00,89.5575,81.3876966925219,55.55916666666667
2026-06-27 14:00:00,87.5175,75.14442581535674,42.59916666666667
2026-06-27 15:00:00,91.24583333333334,78.82729736704206,40.72416666666667
2026-06-27 16:00:00,102.61583333333331,110.23099081110236,63.63916666666666
2026-06-27 17:00:00,116.1175,163.5815349394928,77.89833333333333
2026-06-27 18:00:00,116.7875,189.1465641456794,87.27916666666665
2026-06-27 19:00:00,103.9775,187.2528278743924,83.0325
2026-06-27 20:00:00,94.57333333333334,183.0790196435631,81.92166666666667
2026-06-27 21:00:00,82.62583333333333,179.9026456639502,87.70916666666666
2026-06-27 22:00:00,72.74333333333333,168.5498535435224,82.78
2026-06-27 23:00:00,72.04083333333334,152.47933686229464,81.505
2026-06-28 00:00:00,71.78833333333334,139.67298389938225,80.97500000000001
2026-06-28 01:00:00,75.23333333333333,125.84553547548305,81.71583333333334
2026-06-28 02:00:00,77.20166666666667,118.30576136585606,71.79083333333334
2026-06-28 03:00:00,75.33333333333333,110.11730074320684,70.5675
2026-06-28 04:00:00,73.04583333333333,105.43076159585868,68.4675
2026-06-28 05:00:00,70.55083333333333,105.82349664729892,71.58083333333333
2026-06-28 06:00:00,74.64,109.08809714686416,72.05166666666666
2026-06-28 07:00:00,79.05833333333334,119.63789926411287,81.35916666666667
2026-06-28 08:00:00,86.23333333333333,144.03799911813218,88.18416666666667
2026-06-28 09:00:00,82.4725,144.88670256616837,72.17833333333333
2026-06-28 10:00:00,71.12083333333334,115.75693781159596,66.8025
2026-06-28 11:00:00,64.95916666666666,87.27951514511072,60.415
2026-06-28 12:00:00,60.05916666666667,67.3926858668487,58.711666666666666
2026-06-28 13:00:00,58.0725,57.16733332182634,50.68416666666667
2026-06-28 14:00:00,56.425,58.62327217011367,55.27
2026-06-28 15:00:00,62.91583333333333,71.3796298604257,66.01833333333333
2026-06-28 16:00:00,78.93583333333333,112.01669485009208,67.39833333333333
2026-06-28 17:00:00,105.96333333333332,153.72998490887338,106.33
2026-06-28 18:00:00,104.21833333333332,177.10650658306997,124.5075
2026-06-28 19:00:00,84.42916666666666,173.48140216649244,125.1875
2026-06-28 20:00:00,78.08833333333332,161.46997511426306,132.46416666666667
2026-06-28 21:00:00,76.06416666666667,150.29021735753128,125.90583333333332
2026-06-28 22:00:00,68.66250000000001,132.62447686558403,109.65416666666664
2026-06-28 23:00:00,55.93333333333334,111.19179110017872,102.98083333333334
2026-06-29 00:00:00,12.408333333333331,98.377087025968,113.16916666666668
2026-06-29 01:00:00,11.835,92.1445191173012,96.80416666666667
2026-06-29 02:00:00,11.2025,75.29747296734588,90.02749999999999
2026-06-29 03:00:00,8.111666666666666,65.27951934716278,97.0125
2026-06-29 04:00:00,7.327500000000001,54.41108606598749,98.97416666666668
2026-06-29 05:00:00,8.751666666666667,50.94160403797012,98.3025
2026-06-29 06:00:00,15.205,53.66691662935263,104.52583333333332
2026-06-29 07:00:00,63.51666666666667,69.65953478380015,160.6525
2026-06-29 08:00:00,81.11749999999999,100.91191136051228,220.85416666666663
2026-06-29 09:00:00,97.63583333333334,91.56600499780512,276.31083333333333
2026-06-29 10:00:00,116.45583333333332,86.07181354000072,252.44000000000003
2026-06-29 11:00:00,133.17416666666665,90.30810854838008,252.0675
2026-06-29 12:00:00,110.6725,73.82076710806727,246.155
2026-06-29 13:00:00,111.03000000000002,69.47822992905321,259.89416666666665
2026-06-29 14:00:00,114.3975,61.03498291648668,221.185
2026-06-29 15:00:00,126.62333333333332,58.52781709443204,231.84583333333333
2026-06-29 16:00:00,137.25583333333333,80.89830937962323,287.08666666666664
2026-06-29 17:00:00,174.20583333333332,97.65616947985116,246.6383333333333
2026-06-29 18:00:00,171.235,112.51271935527548,254.1808333333333
2026-06-29 19:00:00,120.32083333333333,104.46978371434878,215.9983333333333
2026-06-29 20:00:00,90.09583333333336,95.05112773541028,177.63833333333332
2026-06-29 21:00:00,77.87583333333333,69.90160672861683,134.96
2026-06-29 22:00:00,68.45083333333334,61.70391937913416,130.88750000000002
2026-06-29 23:00:00,71.87416666666667,49.3970574769712,106.77833333333332
2026-06-30 00:00:00,75.29166666666667,41.57266315424342,95.30333333333331
2026-06-30 01:00:00,98.995,45.82740752984857,93.94166666666666
2026-06-30 02:00:00,98.5975,40.48736615066177,88.41333333333334
2026-06-30 03:00:00,96.46,24.932079553391038,86.7475
2026-06-30 04:00:00,100.59083333333332,14.493487413470191,84.46249999999999
2026-06-30 05:00:00,104.66,12.509052762364185,86.81416666666667
2026-06-30 06:00:00,109.3025,20.79068557169819,97.33083333333332
2026-06-30 07:00:00,112.38833333333334,40.94851512184563,154.29083333333332
2026-06-30 08:00:00,133.64916666666667,57.57356697127503,212.96916666666667
2026-06-30 09:00:00,155.39083333333335,57.45606619550725,222.8125
2026-06-30 10:00:00,181.05,59.7556153230088,189.46166666666667
2026-06-30 11:00:00,167.28916666666666,62.05932750322299,158.2125
2026-06-30 12:00:00,215.81583333333333,71.58577980918517,139.07416666666666
2026-06-30 13:00:00,213.4883333333333,74.79932843541008,132.06333333333333
2026-06-30 14:00:00,185.1891666666667,80.78828064624345,151.72166666666666
2026-06-30 15:00:00,157.71666666666667,92.01041038726704,147.955
2026-06-30 16:00:00,150.85333333333332,108.02839718703989,140.83166666666668
2026-06-30 17:00:00,136.0425,149.81993727447383,166.6858333333333
2026-06-30 18:00:00,129.50833333333333,184.26354854783915,190.97333333333333
2026-06-30 19:00:00,100.08833333333332,188.5422226952869,188.43166666666664
2026-06-30 20:00:00,94.25916666666666,189.80375090372527,179.12750000000003
2026-06-30 21:00:00,84.045,142.8282911903006,145.095
2026-06-30 22:00:00,65.38916666666667,100.97138826234254,143.12083333333334
2026-06-30 23:00:00,49.18083333333333,74.34533672934484,130.76000000000002
2026-07-01 00:00:00,17.1275,61.239342466959606,119.54166666666669
2026-07-01 01:00:00,12.980833333333337,68.16239805855942,105.92333333333332
2026-07-01 02:00:00,10.696666666666667,58.37299769294853,105.02583333333332
2026-07-01 03:00:00,10.904166666666669,51.84299112699822,110.08
2026-07-01 04:00:00,2.5375,45.856260543001866,106.19666666666666
2026-07-01 05:00:00,-0.0083333333333333,42.02003718844928,108.72416666666668
2026-07-01 06:00:00,2.544166666666667,39.25151151153828,107.74
2026-07-01 07:00:00,12.65,48.08520680215359,146.60083333333333
2026-07-01 08:00:00,29.416666666666668,73.26866930849239,165.08166666666668
2026-07-01 09:00:00,16.981666666666666,63.45860404841526,174.57916666666665
2026-07-01 10:00:00,9.998333333333331,40.55254871787612,156.22833333333332
2026-07-01 11:00:00,9.175833333333332,19.89466494145001,161.11666666666667
2026-07-01 12:00:00,9.743333333333334,12.294421182664166,236.00666666666663
2026-07-01 13:00:00,14.79,8.565236420191297,170.9125
2026-07-01 14:00:00,10.645833333333334,34.9298876578997,152.66333333333333
2026-07-01 15:00:00,9.711666666666666,50.8902067115588,119.54333333333334
2026-07-01 16:00:00,7.75,54.94124823991241,125.11333333333332
2026-07-01 17:00:00,28.741666666666664,75.34756954514113,266.4825
2026-07-01 18:00:00,52.16333333333333,94.65255589960547,301.22583333333336
2026-07-01 19:00:00,54.12833333333333,85.80391233101976,275.245
2026-07-01 20:00:00,68.60416666666667,87.5056795346264,201.3
2026-07-01 21:00:00,5.560833333333334,72.38124287165707,170.59166666666667
2026-07-01 22:00:00,0.375,39.05100324042664,160.2975
2026-07-01 23:00:00,-0.3241666666666666,14.848981957845574,141.57583333333332
2026-07-02 00:00:00,-1.575,12.67491708631146,125.07833333333332
2026-07-02 01:00:00,-2.7783333333333338,14.923803713020604,122.9925
2026-07-02 02:00:00,-6.554166666666666,-1.6416865161730954,131.42583333333332
2026-07-02 03:00:00,-6.671666666666667,-8.297042154785316,133.36666666666667
2026-07-02 04:00:00,-6.758333333333333,-10.608911472263458,127.13
2026-07-02 05:00:00,-7.9075,-8.336272982357244,142.32
2026-07-02 06:00:00,-6.7875000000000005,-2.1313582059032115,153.56333333333333
2026-07-02 07:00:00,-5.938333333333333,18.48705888814093,178.1875
2026-07-02 08:00:00,-2.35,43.17957453405072,211.20166666666668
2026-07-02 09:00:00,18.745833333333334,57.45954186490985,183.205
2026-07-02 10:00:00,3.7825,58.04976132686222,182.48916666666665
2026-07-02 11:00:00,-0.9499999999999998,57.82789896417469,147.30416666666667
2026-07-02 12:00:00,2.155,58.29860937587661,150.36166666666665
2026-07-02 13:00:00,26.2775,63.92629662982937,129.70000000000002
2026-07-02 14:00:00,0.8833333333333332,68.64618396220482,121.34
2026-07-02 15:00:00,-5.604166666666667,64.70070099856194,113.65583333333332
2026-07-02 16:00:00,20.58333333333333,76.52965084622579,138.27583333333334
2026-07-02 17:00:00,65.97166666666666,101.84663405343,194.71916666666667
2026-07-02 18:00:00,52.5375,117.17177981510405,198.7633333333333
2026-07-02 19:00:00,31.14333333333333,108.36291240673944,171.4425
2026-07-02 20:00:00,14.508333333333333,103.76641951800543,156.52666666666667
2026-07-02 21:00:00,6.8075,83.53232494741572,158.3725
2026-07-02 22:00:00,3.7433333333333336,54.83727939812172,129.1475
2026-07-02 23:00:00,0.5916666666666667,34.76695913402634,124.2175
2026-07-03 00:00:00,-1.15,22.533908744836843,112.44166666666666
2026-07-03 01:00:00,-3.1441666666666666,19.795742085479503,110.02916666666664
2026-07-03 02:00:00,-5.3308333333333335,8.025823674370066,113.09583333333336
2026-07-03 03:00:00,-6.808333333333334,0.4058610647198435,112.6675
2026-07-03 04:00:00,-6.953333333333333,-3.452346943101901,105.91416666666667
2026-07-03 05:00:00,-6.9816666666666665,-1.6890391054972866,110.98083333333334
2026-07-03 06:00:00,-5.526666666666666,10.23925017759936,121.0425
2026-07-03 07:00:00,-1.3,36.30899252746855,149.18083333333334
2026-07-03 08:00:00,40.211666666666666,59.950053399474015,176.4983333333333
2026-07-03 09:00:00,35.44916666666666,71.20416310320601,178.4425
2026-07-03 10:00:00,0.2916666666666665,53.7895288920364,179.06583333333333
2026-07-03 11:00:00,3.9475,49.37751245208248,180.7658333333333
2026-07-03 12:00:00,15.806666666666668,63.65338980402124,162.91166666666666
2026-07-03 13:00:00,5.9,69.57090901496115,115.87416666666668
2026-07-03 14:00:00,-0.1466666666666666,58.54002846945218,97.60666666666668
2026-07-03 15:00:00,-0.5733333333333333,59.039681291852645,74.83416666666666
2026-07-03 16:00:00,7.826666666666667,72.04485789902087,104.61166666666668
2026-07-03 17:00:00,55.82833333333334,118.98940336741072,173.16583333333332
2026-07-03 18:00:00,69.13666666666667,150.03311010974238,182.1425
2026-07-03 19:00:00,71.71416666666666,148.20619628482902,177.83666666666667
2026-07-03 20:00:00,73.77083333333333,125.25400378679396,175.0225
2026-07-03 21:00:00,75.58833333333334,123.90275405243912,187.2783333333333
2026-07-03 22:00:00,75.85333333333334,113.56467632637168,198.7675
2026-07-03 23:00:00,56.06666666666666,92.49038232422902,170.8658333333333
2026-07-04 00:00:00,59.73666666666667,90.82899373918848,158.58583333333334
2026-07-04 01:00:00,54.89000000000001,93.34860132348516,135.25666666666666
2026-07-04 02:00:00,47.310833333333335,79.40162075205195,120.21416666666666
2026-07-04 03:00:00,52.79916666666667,68.99256560443223,115.45916666666666
2026-07-04 04:00:00,48.75333333333333,63.06201046727488,114.3675
2026-07-04 05:00:00,50.41333333333333,63.59028639611548,122.20083333333334
2026-07-04 06:00:00,56.58166666666667,70.52493973481172,125.80583333333334
2026-07-04 07:00:00,69.605,87.68190057208577,118.3025
2026-07-04 08:00:00,60.00666666666667,96.53030233438815,141.55166666666665
2026-07-04 09:00:00,52.903333333333336,95.84195666047344,144.52166666666668
2026-07-04 10:00:00,44.0125,54.39791475257932,110.88833333333334
2026-07-04 11:00:00,36.9225,43.17404677411045,107.08416666666666
2026-07-04 12:00:00,39.93666666666667,52.917785874944165,102.71333333333332
2026-07-04 13:00:00,39.299166666666665,44.949366509511954,89.5575
2026-07-04 14:00:00,21.839166666666667,54.19453060390308,87.5175
2026-07-04 15:00:00,9.754166666666666,52.33032687017642,91.24583333333334
2026-07-04 16:00:00,62.80166666666667,80.56716465883288,102.61583333333331
2026-07-04 17:00:00,94.72583333333334,125.76524396616271,116.1175
2026-07-04 18:00:00,98.18333333333334,160.31374865527198,116.7875
2026-07-04 19:00:00,98.36666666666667,169.18919232208867,103.9775
2026-07-04 20:00:00,100.8825,160.81378718403164,94.57333333333334
2026-07-04 21:00:00,97.93083333333334,140.42648293718418,82.62583333333333
2026-07-04 22:00:00,100.55416666666667,118.93065928403598,72.74333333333333
2026-07-04 23:00:00,98.85916666666668,106.34340705330436,72.04083333333334
2026-07-05 00:00:00,92.38416666666666,106.88964901381834,71.78833333333334
2026-07-05 01:00:00,89.16333333333334,104.46099714659805,75.23333333333333
2026-07-05 02:00:00,79.81583333333333,88.65275406393962,77.20166666666667
2026-07-05 03:00:00,71.30749999999999,79.94094576394548,75.33333333333333
2026-07-05 04:00:00,68.2075,77.97697712408565,73.04583333333333
2026-07-05 05:00:00,63.36833333333333,78.61469829681243,70.55083333333333
2026-07-05 06:00:00,58.56333333333333,77.47166842386783,74.64
2026-07-05 07:00:00,70.015,86.83778000788821,79.05833333333334
2026-07-05 08:00:00,79.30333333333333,113.71017051941712,86.23333333333333
2026-07-05 09:00:00,55.54750000000001,105.68309698424083,82.4725
2026-07-05 10:00:00,39.55416666666667,79.72983710559484,71.12083333333334
2026-07-05 11:00:00,29.290000000000003,49.48767083981009,64.95916666666666
2026-07-05 12:00:00,15.749166666666667,35.01861442418084,60.05916666666667
2026-07-05 13:00:00,2.9791666666666665,25.783839312554623,58.0725
2026-07-05 14:00:00,8.405833333333334,28.250618916581885,56.425
2026-07-05 15:00:00,9.683333333333334,39.40851402249862,62.91583333333333
2026-07-05 16:00:00,23.24416666666667,79.21659569186693,78.93583333333333
2026-07-05 17:00:00,77.615,117.26344614362408,105.96333333333332
2026-07-05 18:00:00,99.25583333333331,144.2158252219321,104.21833333333332
2026-07-05 19:00:00,102.47666666666667,148.78601076935723,84.42916666666666
2026-07-05 20:00:00,93.36833333333334,154.20275975045746,78.08833333333332
2026-07-05 21:00:00,84.23916666666666,150.1976091773369,76.06416666666667
2026-07-05 22:00:00,77.87416666666667,142.7240188339523,68.66250000000001
2026-07-05 23:00:00,72.49666666666667,132.2963825964348,55.93333333333334
2026-07-06 00:00:00,71.91583333333334,130.15622288147264,12.408333333333331
2026-07-06 01:00:00,73.40583333333333,171.19385622721165,11.835
2026-07-06 02:00:00,66.36083333333333,163.00396303892813,11.2025
2026-07-06 03:00:00,63.583333333333336,157.83670716853015,8.111666666666666
2026-07-06 04:00:00,66.37666666666667,158.11101333199633,7.327500000000001
2026-07-06 05:00:00,58.7275,164.2850008367773,8.751666666666667
2026-07-06 06:00:00,79.1925,183.81097003870275,15.205
2026-07-06 07:00:00,95.48833333333332,227.1896224443399,63.51666666666667
2026-07-06 08:00:00,105.19416666666666,259.1556640730552,81.11749999999999
2026-07-06 09:00:00,100.43916666666668,256.47076909597206,97.63583333333334
2026-07-06 10:00:00,80.70583333333333,222.4698299704045,116.45583333333332
2026-07-06 11:00:00,62.80416666666667,177.02050057268335,133.17416666666665
2026-07-06 12:00:00,51.119166666666665,150.46200366767977,110.6725
2026-07-06 13:00:00,49.89166666666667,133.44754203874396,111.03000000000002
2026-07-06 14:00:00,55.859166666666674,129.60132855109336,114.3975
2026-07-06 15:00:00,50.78833333333333,136.837689446552,126.62333333333332
2026-07-06 16:00:00,69.47666666666667,175.77569873110178,137.25583333333333
2026-07-06 17:00:00,106.94333333333331,233.310604000024,174.20583333333332
2026-07-06 18:00:00,117.77833333333332,274.08615426201663,171.235
2026-07-06 19:00:00,116.97416666666668,274.94867882329504,120.32083333333333
2026-07-06 20:00:00,112.19,269.3467864438174,90.09583333333336
2026-07-06 21:00:00,106.55083333333334,259.60049533216073,77.87583333333333
2026-07-06 22:00:00,101.58833333333332,238.85546511933,68.45083333333334
2026-07-06 23:00:00,92.2325,204.6063939471985,71.87416666666667
2026-07-07 00:00:00,94.6475,187.48572348682876,75.29166666666667
2026-07-07 01:00:00,97.02833333333332,182.5351854900057,98.995
2026-07-07 02:00:00,89.22250000000001,174.0432397342646,98.5975
2026-07-07 03:00:00,85.84666666666668,167.36855267134183,96.46
2026-07-07 04:00:00,84.27583333333332,166.18854109455097,100.59083333333332
2026-07-07 05:00:00,88.77,170.06157975585614,104.66
2026-07-07 06:00:00,101.67333333333332,190.34883503822655,109.3025
2026-07-07 07:00:00,119.06666666666666,230.9421359748829,112.38833333333334
2026-07-07 08:00:00,132.09333333333333,255.4740692192459,133.64916666666667
2026-07-07 09:00:00,127.50666666666666,254.6799837346232,155.39083333333335
2026-07-07 10:00:00,107.91583333333334,236.47969048354895,181.05
2026-07-07 11:00:00,121.35833333333332,217.1473796168565,167.28916666666666
2026-07-07 12:00:00,135.53833333333333,201.2375038304104,215.81583333333333
2026-07-07 13:00:00,124.33166666666666,206.39800314242552,213.4883333333333
2026-07-07 14:00:00,119.0725,211.4063925738628,185.1891666666667
2026-07-07 15:00:00,126.27833333333336,216.5800361737728,157.71666666666667
2026-07-07 16:00:00,132.79416666666663,239.03706182936813,150.85333333333332
2026-07-07 17:00:00,158.26666666666668,262.56038635733177,136.0425
2026-07-07 18:00:00,165.38,280.1904757765318,129.50833333333333
2026-07-07 19:00:00,149.36166666666665,279.0793523513728,100.08833333333332
2026-07-07 20:00:00,153.53416666666666,276.7549938191991,94.25916666666666
2026-07-07 21:00:00,126.1825,261.21401606184736,84.045
2026-07-07 22:00:00,118.09333333333336,240.7858623471127,65.38916666666667
2026-07-07 23:00:00,106.96916666666668,207.0828847779251,49.18083333333333
2026-07-08 00:00:00,104.0975,179.30984703132174,17.1275
2026-07-08 01:00:00,99.91416666666667,171.33218939878165,12.980833333333337
2026-07-08 02:00:00,95.35083333333334,164.20378673720114,10.696666666666667
2026-07-08 03:00:00,94.06833333333331,159.12460679993853,10.904166666666669
2026-07-08 04:00:00,93.03166666666668,158.23489030456676,2.5375
2026-07-08 05:00:00,95.44416666666666,160.22943702335812,-0.0083333333333333
2026-07-08 06:00:00,103.84499999999998,177.3096404077208,2.544166666666667
2026-07-08 07:00:00,123.03166666666668,216.38120261426275,12.65
2026-07-08 08:00:00,163.82,237.5328881541577,29.416666666666668
2026-07-08 09:00:00,172.21666666666667,233.3971541831395,16.981666666666666
2026-07-08 10:00:00,183.375,216.98559700697984,9.998333333333331
2026-07-08 11:00:00,234.78916666666663,191.0169067293666,9.175833333333332
2026-07-08 12:00:00,221.8325,172.298072821554,9.743333333333334
2026-07-08 13:00:00,171.2458333333333,143.8149210647606,14.79
2026-07-08 14:00:00,165.67,133.05252468913457,10.645833333333334
2026-07-08 15:00:00,145.19,131.76387069284397,9.711666666666666
2026-07-08 16:00:00,195.5833333333333,161.97596649088405,7.75
2026-07-08 17:00:00,355.1858333333333,224.6726093089606,28.741666666666664
2026-07-08 18:00:00,634.4791666666666,266.52158764858524,52.16333333333333
2026-07-08 19:00:00,483.4483333333333,266.0293490302683,54.12833333333333
2026-07-08 20:00:00,3622.9166666666665,256.7068919237464,68.60416666666667
2026-07-08 21:00:00,478.0208333333333,238.26189493276536,5.560833333333334
2026-07-08 22:00:00,332.7375,220.57188047841072,0.375
2026-07-08 23:00:00,190.55916666666667,196.17338637719524,-0.3241666666666666
2026-07-09 00:00:00,161.31916666666666,184.75178791096744,-1.575
2026-07-09 01:00:00,146.1375,179.53769130503542,-2.7783333333333338
2026-07-09 02:00:00,125.11833333333334,173.09775626401938,-6.554166666666666
2026-07-09 03:00:00,106.38916666666668,172.07394781273513,-6.671666666666667
2026-07-09 04:00:00,106.59499999999998,171.4248970055564,-6.758333333333333
2026-07-09 05:00:00,104.5275,176.63707747075836,-7.9075
2026-07-09 06:00:00,119.6525,198.3584930627812,-6.7875000000000005
2026-07-09 07:00:00,151.20166666666668,232.0225864244828,-5.938333333333333
2026-07-09 08:00:00,242.25,252.4012877430448,-2.35
2026-07-09 09:00:00,238.9533333333333,242.8686699205795,18.745833333333334
2026-07-09 10:00:00,184.08916666666667,221.41733116124996,3.7825
2026-07-09 11:00:00,139.2725,187.75657891187765,-0.9499999999999998
2026-07-09 12:00:00,127.89166666666668,172.15619421574587,2.155
2026-07-09 13:00:00,101.12833333333332,157.50558273561802,26.2775
2026-07-09 14:00:00,84.19083333333333,148.15473661006257,0.8833333333333332
2026-07-09 15:00:00,77.56083333333333,149.7134526437563,-5.604166666666667
2026-07-09 16:00:00,95.15,177.1722474717081,20.58333333333333
2026-07-09 17:00:00,174.64666666666668,227.1831984581966,65.97166666666666
2026-07-09 18:00:00,199.2158333333333,249.58351220270688,52.5375
2026-07-09 19:00:00,163.02083333333334,249.3340533352342,31.14333333333333
2026-07-09 20:00:00,152.70083333333335,245.1192276758724,14.508333333333333
2026-07-09 21:00:00,154.29,242.3281102613582,6.8075
2026-07-09 22:00:00,160.35416666666666,226.1956925311176,3.7433333333333336
2026-07-09 23:00:00,145.66666666666666,202.2073810219827,0.5916666666666667
2026-07-10 00:00:00,133.405,185.00197298910624,-1.15
2026-07-10 01:00:00,118.75083333333332,171.10126246870635,-3.1441666666666666
2026-07-10 02:00:00,118.03666666666668,161.3547680486904,-5.3308333333333335
2026-07-10 03:00:00,117.96416666666666,153.71924431163634,-6.808333333333334
2026-07-10 04:00:00,120.67166666666668,145.36343409316848,-6.953333333333333
2026-07-10 05:00:00,117.5475,147.0756767431302,-6.9816666666666665
2026-07-10 06:00:00,116.59166666666664,164.4434188281817,-5.526666666666666
2026-07-10 07:00:00,127.5875,194.68548694883,-1.3
2026-07-10 08:00:00,136.59,208.9974265495181,40.211666666666666
2026-07-10 09:00:00,133.4625,190.8574803726566,35.44916666666666
2026-07-10 10:00:00,106.7,170.790257948996,0.2916666666666665
2026-07-10 11:00:00,104.02333333333333,141.94890427412088,3.9475
2026-07-10 12:00:00,92.60083333333334,115.10050348393,15.806666666666668
2026-07-10 13:00:00,83.77416666666666,96.65922028220032,5.9
2026-07-10 14:00:00,73.6075,92.48664337044468,-0.1466666666666666
2026-07-10 15:00:00,70.69916666666667,97.02293996401656,-0.5733333333333333
2026-07-10 16:00:00,84.84333333333333,126.96859525325549,7.826666666666667
2026-07-10 17:00:00,119.90833333333336,156.56477754642953,55.82833333333334
2026-07-10 18:00:00,131.60333333333332,156.30016131253336,69.13666666666667
2026-07-10 19:00:00,111.31,140.17954291032586,71.71416666666666
2026-07-10 20:00:00,96.9675,129.26532200716224,73.77083333333333
2026-07-10 21:00:00,93.31416666666668,120.2232715855798,75.58833333333334
2026-07-10 22:00:00,90.56333333333332,110.77435764517467,75.85333333333334
2026-07-10 23:00:00,82.13666666666667,86.84820771927755,56.06666666666666
2026-07-11 00:00:00,46.99333333333333,72.74545873385917,59.73666666666667
2026-07-11 01:00:00,9.429166666666664,65.09587688895178,54.89000000000001
2026-07-11 02:00:00,1.3641666666666667,50.66176102700268,47.310833333333335
2026-07-11 03:00:00,-0.0891666666666666,38.789535738908185,52.79916666666667
2026-07-11 04:00:00,-0.1758333333333333,30.54410142686072,48.75333333333333
2026-07-11 05:00:00,-0.6466666666666667,24.88914475194856,50.41333333333333
2026-07-11 06:00:00,-0.3075,25.123140363765856,56.58166666666667
2026-07-11 07:00:00,0.5091666666666667,29.641848252153977,69.605
2026-07-11 08:00:00,7.060833333333332,51.27936268107365,60.00666666666667
2026-07-11 09:00:00,8.63,49.60916552599882,52.903333333333336
2026-07-11 10:00:00,19.439166666666665,44.680764536568574,44.0125
2026-07-11 11:00:00,16.884166666666665,22.853845444288908,36.9225
2026-07-11 12:00:00,6.1325,37.14783893235199,39.93666666666667
2026-07-11 13:00:00,-1.1041666666666667,29.24175082813061,39.299166666666665
2026-07-11 14:00:00,-0.9575,17.3468510316508,21.839166666666667
2026-07-11 15:00:00,1.5008333333333332,21.251045167972336,9.754166666666666
2026-07-11 16:00:00,0.5708333333333333,38.26702376489597,62.80166666666667
2026-07-11 17:00:00,16.131666666666668,76.44856883886128,94.72583333333334
2026-07-11 18:00:00,17.7975,113.30611886377918,98.18333333333334
2026-07-11 19:00:00,12.773333333333332,111.1615586194767,98.36666666666667
2026-07-11 20:00:00,15.795833333333334,123.52971391645356,100.8825
2026-07-11 21:00:00,23.065,127.36045676187508,97.93083333333334
2026-07-11 22:00:00,22.859166666666667,146.85298811269544,100.55416666666667
2026-07-11 23:00:00,0.4658333333333335,115.68138709920204,98.85916666666668
2026-07-12 00:00:00,-1.1458333333333333,91.3826256566315,92.38416666666666
2026-07-12 01:00:00,-1.15,73.28356438692636,89.16333333333334
2026-07-12 02:00:00,-1.1458333333333333,58.94306567686572,79.81583333333333
2026-07-12 03:00:00,-1.15,53.30809506554931,71.30749999999999
2026-07-12 04:00:00,-2.9691666666666667,56.79984149057618,68.2075
2026-07-12 05:00:00,-2.0341666666666667,60.40941898407692,63.36833333333333
2026-07-12 06:00:00,-1.15,66.98308429663582,58.56333333333333
2026-07-12 07:00:00,-1.4391666666666667,75.43746610385342,70.015
2026-07-12 08:00:00,-1.1083333333333334,93.66735338764192,79.30333333333333
2026-07-12 09:00:00,11.005,94.38131744916912,55.54750000000001
2026-07-12 10:00:00,7.71,86.49816779576847,39.55416666666667
2026-07-12 11:00:00,-3.333333333333333,67.26657319958034,29.290000000000003
2026-07-12 12:00:00,14.875833333333334,79.54445915460755,15.749166666666667
2026-07-12 13:00:00,8.7075,82.00441881278145,2.9791666666666665
2026-07-12 14:00:00,8.556666666666667,84.5116942354541,8.405833333333334
2026-07-12 15:00:00,-4.531666666666667,79.73831744828745,9.683333333333334
2026-07-12 16:00:00,4.871666666666667,82.75200853012366,23.24416666666667
2026-07-12 17:00:00,32.8875,105.90290335519404,77.615
2026-07-12 18:00:00,37.25,121.32568759126562,99.25583333333331
2026-07-12 19:00:00,38.31583333333334,119.24812182198497,102.47666666666667
2026-07-12 20:00:00,27.38833333333333,100.05173674866955,93.36833333333334
2026-07-12 21:00:00,8.640833333333333,91.53334341370416,84.23916666666666
2026-07-12 22:00:00,-2.8991666666666664,77.81223019250712,77.87416666666667
2026-07-12 23:00:00,-5.1575,61.7586372171774,72.49666666666667
2026-07-13 00:00:00,-4.425,54.01689957744794,71.91583333333334
2026-07-13 01:00:00,-2.6166666666666667,35.66812783945895,73.40583333333333
2026-07-13 02:00:00,-2.03,23.96885135941252,66.36083333333333
2026-07-13 03:00:00,-6.1475,16.76439117498063,63.583333333333336
2026-07-13 04:00:00,-6.5925,14.52326746147589,66.37666666666667
2026-07-13 05:00:00,-5.810833333333334,17.419896129291608,58.7275
2026-07-13 06:00:00,-5.924166666666667,28.224478070755247,79.1925
2026-07-13 07:00:00,1.821666666666667,52.4108342793621,95.48833333333332
2026-07-13 08:00:00,19.10833333333333,90.11814758967546,105.19416666666666
2026-07-13 09:00:00,30.74666666666667,84.67333552892931,100.43916666666668
2026-07-13 10:00:00,5.7375,67.52153982772266,80.70583333333333
2026-07-13 11:00:00,-53.835,48.362223400358815,62.80416666666667
2026-07-13 12:00:00,25.39,38.68751762589511,51.119166666666665
2026-07-13 13:00:00,3.053333333333333,48.83541485451191,49.89166666666667
2026-07-13 14:00:00,27.3775,58.84889160884323,55.859166666666674
2026-07-13 15:00:00,7.220833333333334,55.29836265840339,50.78833333333333
2026-07-13 16:00:00,15.24,66.75528029794081,69.47666666666667
2026-07-13 17:00:00,34.59916666666667,92.70064804333995,106.94333333333331
2026-07-13 18:00:00,143.76333333333335,114.40932350347086,117.77833333333332
2026-07-13 19:00:00,93.38333333333334,112.01839506591018,116.97416666666668
2026-07-13 20:00:00,49.42666666666667,110.06436909137813,112.19
2026-07-13 21:00:00,-5.5825,96.60098426336263,106.55083333333334
2026-07-13 22:00:00,-3.0525000000000007,91.4461318116473,101.58833333333332
2026-07-13 23:00:00,-1.1375,81.72692659920388,92.2325
2026-07-14 00:00:00,0.0666666666666667,73.89106010212477,94.6475
2026-07-14 01:00:00,-0.8016666666666667,65.45887544611908,97.02833333333332
2026-07-14 02:00:00,-0.8366666666666668,55.97697441689809,89.22250000000001
2026-07-14 03:00:00,-1.1333333333333333,52.89475428920591,85.84666666666668
2026-07-14 04:00:00,-1.1266666666666667,48.73590830291605,84.27583333333332
2026-07-14 05:00:00,-2.433333333333333,54.39212060829763,88.77
2026-07-14 06:00:00,-1.15,64.51865042282336,101.67333333333332
2026-07-14 07:00:00,14.383333333333333,100.48904402368896,119.06666666666666
2026-07-14 08:00:00,39.795,114.02751131046593,132.09333333333333
2026-07-14 09:00:00,21.23333333333333,115.8364651769183,127.50666666666666
2026-07-14 10:00:00,5.267499999999999,88.57595103028791,107.91583333333334
2026-07-14 11:00:00,10.2425,73.89524154800942,121.35833333333332
2026-07-14 12:00:00,2.9408333333333334,51.038970839475965,135.53833333333333
2026-07-14 13:00:00,-0.6358333333333334,24.31294995841976,124.33166666666666
2026-07-14 14:00:00,-0.2341666666666667,31.654467764095408,119.0725
2026-07-14 15:00:00,-4.508333333333334,50.586553593831766,126.27833333333336
2026-07-14 16:00:00,-3.575,51.68677222734321,132.79416666666663
2026-07-14 17:00:00,39.22416666666667,74.35210605475734,158.26666666666668
2026-07-14 18:00:00,66.63916666666667,118.7246157175843,165.38
2026-07-14 19:00:00,65.2925,148.32972429801902,149.36166666666665
2026-07-14 20:00:00,63.27166666666667,167.84588343347235,153.53416666666666
2026-07-14 21:00:00,65.73916666666666,136.29064569920928,126.1825
2026-07-14 22:00:00,67.14416666666666,114.1979220463655,118.09333333333336
2026-07-14 23:00:00,61.06333333333333,100.30794634663346,106.96916666666668
2026-07-15 00:00:00,73.66250000000001,110.2572115793714,104.0975
2026-07-15 01:00:00,63.48166666666666,119.62023551738696,99.91416666666667
2026-07-15 02:00:00,57.215833333333336,119.56704585711188,95.35083333333334
2026-07-15 03:00:00,51.57916666666667,120.36354569061476,94.06833333333331
2026-07-15 04:00:00,46.05416666666667,121.3089271437041,93.03166666666668
2026-07-15 05:00:00,66.47083333333335,125.6045571706902,95.44416666666666
2026-07-15 06:00:00,75.4625,148.0386807658956,103.84499999999998
2026-07-15 07:00:00,84.2275,185.75939237830835,123.03166666666668
2026-07-15 08:00:00,107.68666666666668,209.93355374153236,163.82
2026-07-15 09:00:00,103.315,198.49862415883447,172.21666666666667
2026-07-15 10:00:00,71.82166666666667,181.1459324396058,183.375
2026-07-15 11:00:00,73.47,145.59407167554048,234.78916666666663
2026-07-15 12:00:00,62.49666666666667,152.98408512731345,221.8325
2026-07-15 13:00:00,64.0925,141.90108384422888,171.2458333333333
2026-07-15 14:00:00,86.09750000000001,147.92919171315867,165.67
2026-07-15 15:00:00,100.75416666666666,155.3516937456546,145.19
2026-07-15 16:00:00,121.57083333333333,197.0019331658985,195.5833333333333
2026-07-15 17:00:00,139.4425,243.71875296051311,355.1858333333333
2026-07-15 18:00:00,152.9275,261.82777631581973,634.4791666666666
2026-07-15 19:00:00,133.84833333333333,256.8799209590128,483.4483333333333
2026-07-15 20:00:00,140.58583333333334,119.06372261695373,3622.9166666666665
2026-07-15 21:00:00,147.70000000000002,223.39987597308945,478.0208333333333
2026-07-15 22:00:00,127.14166666666668,190.40089382979613,332.7375
2026-07-15 23:00:00,105.32583333333334,156.63927600314722,190.55916666666667
2026-07-16 00:00:00,93.99833333333332,141.46503694748077,161.31916666666666
2026-07-16 01:00:00,101.10666666666668,149.59573381257485,146.1375
2026-07-16 02:00:00,97.68916666666668,143.76348521328123,125.11833333333334
2026-07-16 03:00:00,89.67833333333333,137.41764595799907,106.38916666666668
2026-07-16 04:00:00,87.4275,133.60003070797794,106.59499999999998
2026-07-16 05:00:00,93.755,136.0460095345273,104.5275
2026-07-16 06:00:00,98.18083333333334,153.47384467282694,119.6525
2026-07-16 07:00:00,115.205,189.01312589640736,151.20166666666668
2026-07-16 08:00:00,138.4625,223.5455948196276,242.25
2026-07-16 09:00:00,113.515,220.8658977674652,238.9533333333333
2026-07-16 10:00:00,87.45583333333333,197.51299994366957,184.08916666666667
2026-07-16 11:00:00,83.32000000000001,169.82652330568936,139.2725
2026-07-16 12:00:00,93.16583333333334,184.30776182683317,127.89166666666668
2026-07-16 13:00:00,101.56083333333332,185.2919580497247,101.12833333333332
2026-07-16 14:00:00,82.30083333333333,180.5577477428088,84.19083333333333
2026-07-16 15:00:00,73.01166666666667,164.82563129864093,77.56083333333333
2026-07-16 16:00:00,49.435833333333335,177.37677127175323,95.15
2026-07-16 17:00:00,109.6625,222.16364441269815,174.64666666666668
2026-07-16 18:00:00,124.43666666666668,250.6489943037684,199.2158333333333
2026-07-16 19:00:00,118.0,243.65289794427017,163.02083333333334
2026-07-16 20:00:00,109.91333333333334,230.67245852117017,152.70083333333335
2026-07-16 21:00:00,106.44416666666666,212.5284516429996,154.29
2026-07-16 22:00:00,100.74333333333334,202.66836580866783,160.35416666666666
2026-07-16 23:00:00,97.465,182.77046704359577,145.66666666666666
2026-07-17 00:00:00,99.595,168.92041163592927,133.405
2026-07-17 01:00:00,99.7125,175.87986833175535,118.75083333333332
2026-07-17 02:00:00,86.43666666666667,168.84784337860333,118.03666666666668
2026-07-17 03:00:00,95.62333333333332,162.68496193562294,117.96416666666666
2026-07-17 04:00:00,83.19333333333334,162.38979881856702,120.67166666666668
2026-07-17 05:00:00,82.77833333333334,168.32537068100473,117.5475
2026-07-17 06:00:00,84.91666666666667,181.8800814929583,116.59166666666664
2026-07-17 07:00:00,113.46666666666664,210.80450213500768,127.5875
2026-07-17 08:00:00,111.44,227.18378075202745,136.59
2026-07-17 09:00:00,92.33083333333332,197.81203247420632,133.4625
2026-07-17 10:00:00,69.08833333333332,152.8307028265142,106.7
2026-07-17 11:00:00,67.77,114.5576226651728,104.02333333333333
2026-07-17 12:00:00,62.26,94.28878084549844,92.60083333333334
2026-07-17 13:00:00,55.79583333333333,71.41976792714213,83.77416666666666
2026-07-17 14:00:00,48.26333333333333,64.957461667753,73.6075
2026-07-17 15:00:00,38.634166666666665,68.89985386298416,70.69916666666667
2026-07-17 16:00:00,56.79833333333334,106.52265992025286,84.84333333333333
2026-07-17 17:00:00,114.27416666666666,170.61392800744997,119.90833333333336
2026-07-17 18:00:00,131.2825,197.05236057117864,131.60333333333332
2026-07-17 19:00:00,118.49166666666667,185.7204882821793,111.31
2026-07-17 20:00:00,115.62833333333332,161.53447167933757,96.9675
2026-07-17 21:00:00,120.685,146.69319182093113,93.31416666666668
2026-07-17 22:00:00,122.88083333333331,139.08359034823408,90.56333333333332
2026-07-17 23:00:00,107.76416666666668,120.74206150252805,82.13666666666667
2026-07-18 00:00:00,110.38833333333334,125.00420509110418,46.99333333333333
2026-07-18 01:00:00,102.14666666666666,123.94465679519,9.429166666666664
2026-07-18 02:00:00,95.1225,114.33944238451176,1.3641666666666667
2026-07-18 03:00:00,106.19666666666669,100.86162659728282,-0.0891666666666666
2026-07-18 04:00:00,109.9725,95.4229766663737,-0.1758333333333333
2026-07-18 05:00:00,102.22333333333334,104.94611639070766,-0.6466666666666667
2026-07-18 06:00:00,106.845,111.02672337239346,-0.3075
2026-07-18 07:00:00,112.90416666666664,125.37129288185167,0.5091666666666667
2026-07-18 08:00:00,151.7516666666667,139.75976928948316,7.060833333333332
2026-07-18 09:00:00,110.36333333333332,134.22360578841057,8.63
2026-07-18 10:00:00,58.18166666666667,105.22643996711456,19.439166666666665
2026-07-18 11:00:00,52.465833333333336,81.88349646190896,16.884166666666665
2026-07-18 12:00:00,43.814166666666665,64.89435422299383,6.1325
2026-07-18 13:00:00,48.583333333333336,48.35859023404528,-1.1041666666666667
2026-07-18 14:00:00,46.67583333333334,50.10419787836666,-0.9575
2026-07-18 15:00:00,36.785,63.12381972856088,1.5008333333333332
2026-07-18 16:00:00,48.142500000000005,98.43531912954968,0.5708333333333333
2026-07-18 17:00:00,89.38333333333333,150.46713809043274,16.131666666666668
2026-07-18 18:00:00,102.1975,180.01849079777628,17.7975
2026-07-18 19:00:00,108.92583333333334,177.66995690135798,12.773333333333332
2026-07-18 20:00:00,107.4375,165.78807846146776,15.795833333333334
2026-07-18 21:00:00,106.08666666666666,159.4208292487276,23.065
2026-07-18 22:00:00,102.45083333333334,148.51717631954443,22.859166666666667
2026-07-18 23:00:00,102.36083333333332,136.29836113517234,0.4658333333333335
2026-07-19 00:00:00,101.28916666666667,130.36293615534632,-1.1458333333333333
2026-07-19 01:00:00,87.2325,118.14749859970412,-1.15
2026-07-19 02:00:00,73.51583333333333,110.92682725835208,-1.1458333333333333
2026-07-19 03:00:00,70.7725,100.55807886131927,-1.15
2026-07-19 04:00:00,63.86833333333333,95.80275808796634,-2.9691666666666667
2026-07-19 05:00:00,59.41,87.30596124221123,-2.0341666666666667
2026-07-19 06:00:00,58.835,85.3531414341972,-1.15
2026-07-19 07:00:00,54.89083333333334,89.72991155843184,-1.4391666666666667
2026-07-19 08:00:00,41.2775,97.8961876823397,-1.1083333333333334
2026-07-19 09:00:00,37.68666666666667,79.65870106972505,11.005
2026-07-19 10:00:00,27.51083333333333,59.7435219337951,7.71
2026-07-19 11:00:00,18.866666666666667,47.42825785747468,-3.333333333333333
2026-07-19 12:00:00,24.46666666666667,51.34637746930771,14.875833333333334
2026-07-19 13:00:00,28.81583333333333,29.382110096249264,8.7075
2026-07-19 14:00:00,18.294166666666666,23.747079144056517,8.556666666666667
2026-07-19 15:00:00,13.500833333333333,29.697330869581087,-4.531666666666667
2026-07-19 16:00:00,33.2775,52.02348098110807,4.871666666666667
2026-07-19 17:00:00,74.75583333333334,90.1556553631452,32.8875
2026-07-19 18:00:00,85.14166666666667,111.90466965061576,37.25
2026-07-19 19:00:00,69.3625,105.21815420016355,38.31583333333334
2026-07-19 20:00:00,64.37416666666667,97.2185982130766,27.38833333333333
2026-07-19 21:00:00,74.51916666666666,89.77080565028325,8.640833333333333
2026-07-19 22:00:00,67.1425,80.5055537677446,-2.8991666666666664
2026-07-19 23:00:00,49.57749999999999,66.37440719621091,-5.1575
2026-07-20 00:00:00,21.305,58.83947315035231,-4.425
2026-07-20 01:00:00,19.565,48.17029847445717,-2.6166666666666667
2026-07-20 02:00:00,20.641666666666666,35.126896220717384,-2.03
2026-07-20 03:00:00,10.665833333333332,28.606914730176342,-6.1475
2026-07-20 04:00:00,10.265,22.316397040488383,-6.5925
2026-07-20 05:00:00,33.0925,28.95455318261154,-5.810833333333334
2026-07-20 06:00:00,72.98583333333333,69.05588965617261,-5.924166666666667
2026-07-20 07:00:00,78.69500000000001,113.47966283608798,1.821666666666667
2026-07-20 08:00:00,94.77833333333332,128.7992902008707,19.10833333333333
2026-07-20 09:00:00,88.10583333333334,93.87087782337149,30.74666666666667
2026-07-20 10:00:00,63.1475,67.3958918858027,5.7375
2026-07-20 11:00:00,55.281666666666666,68.6714107761601,-53.835
2026-07-20 12:00:00,59.67666666666667,66.36872665390445,25.39
2026-07-20 13:00:00,51.376666666666665,67.45318857194954,3.053333333333333
2026-07-20 14:00:00,43.70666666666667,67.02686690557242,27.3775
2026-07-20 15:00:00,41.44083333333334,70.31220999295806,7.220833333333334
2026-07-20 16:00:00,79.90416666666667,96.77024521282468,15.24
2026-07-20 17:00:00,104.47583333333334,122.20229115922103,34.59916666666667
2026-07-20 18:00:00,109.675,148.29733867041114,143.76333333333335
2026-07-20 19:00:00,110.56833333333331,146.4157183461703,93.38333333333334
2026-07-20 20:00:00,100.39416666666666,135.55015303569888,49.42666666666667
2026-07-20 21:00:00,95.4,118.99194226792946,-5.5825
2026-07-20 22:00:00,84.68666666666667,103.50917767959989,-3.0525000000000007
2026-07-20 23:00:00,77.5825,80.12717193219108,-1.1375
2026-07-21 00:00:00,77.89416666666666,70.31576365418661,0.0666666666666667
2026-07-21 01:00:00,73.2175,66.28860891262651,-0.8016666666666667
2026-07-21 02:00:00,78.5175,69.12398003597846,-0.8366666666666668
2026-07-21 03:00:00,81.38,75.49356424736207,-1.1333333333333333
2026-07-21 04:00:00,82.25416666666666,78.51606010525751,-1.1266666666666667
2026-07-21 05:00:00,87.95916666666666,80.2830799202363,-2.433333333333333
2026-07-21 06:00:00,101.9875,92.38267319886636,-1.15
2026-07-21 07:00:00,113.3125,118.03556771269145,14.383333333333333
2026-07-21 08:00:00,151.06833333333333,131.0305579782369,39.795
2026-07-21 09:00:00,128.77666666666667,113.95204001528202,21.23333333333333
2026-07-21 10:00:00,84.3275,93.20074257438684,5.267499999999999
2026-07-21 11:00:00,82.045,56.00041738928955,10.2425
2026-07-21 12:00:00,65.56666666666668,49.91277800184362,2.9408333333333334
2026-07-21 13:00:00,60.77166666666667,53.07916280627097,-0.6358333333333334
2026-07-21 14:00:00,66.01083333333334,76.59180762918032,-0.2341666666666667
2026-07-21 15:00:00,74.66833333333334,95.31778983797524,-4.508333333333334
2026-07-21 16:00:00,87.53000000000002,109.33825771777822,-3.575
2026-07-21 17:00:00,106.9375,146.98632881658858,39.22416666666667
2026-07-21 18:00:00,107.54,175.33831933547535,66.63916666666667
2026-07-21 19:00:00,104.61833333333334,170.50611843119384,65.2925
2026-07-21 20:00:00,95.73,179.43855146825743,63.27166666666667
2026-07-21 21:00:00,93.875,142.5786340246305,65.73916666666666
2026-07-21 22:00:00,86.28083333333332,119.69480347961029,67.14416666666666
2026-07-21 23:00:00,56.12583333333333,103.96062428785942,61.06333333333333
2026-07-22 00:00:00,31.2625,88.66291905081341,73.66250000000001
2026-07-22 01:00:00,22.14583333333333,75.72584858656839,63.48166666666666
2026-07-22 02:00:00,11.240833333333336,59.78888965018846,57.215833333333336
2026-07-22 03:00:00,8.550833333333333,40.56058941510771,51.57916666666667
2026-07-22 04:00:00,8.885,27.54441240103337,46.05416666666667
2026-07-22 05:00:00,8.663333333333332,25.06272196268622,66.47083333333335
2026-07-22 06:00:00,0.1116666666666666,29.227121873831894,75.4625
2026-07-22 07:00:00,37.0325,49.35649865440412,84.2275
2026-07-22 08:00:00,53.36166666666667,98.02892802702586,107.68666666666668
2026-07-22 09:00:00,31.836666666666662,87.5705294064039,103.315
2026-07-22 10:00:00,21.515,78.8303447564075,71.82166666666667
2026-07-22 11:00:00,14.42,75.86853993148907,73.47
2026-07-22 12:00:00,10.433333333333334,59.751451685225206,62.49666666666667
2026-07-22 13:00:00,7.150833333333334,63.72414005736819,64.0925
2026-07-22 14:00:00,-1.1333333333333333,58.19561895754696,86.09750000000001
2026-07-22 15:00:00,-1.3333333333333333,65.43503897555028,100.75416666666666
2026-07-22 16:00:00,20.43583333333333,104.28374995460317,121.57083333333333
2026-07-22 17:00:00,84.23,166.50358014274036,139.4425
2026-07-22 18:00:00,99.17083333333332,230.1824432976608,152.9275
2026-07-22 19:00:00,94.92083333333332,241.6247104858489,133.84833333333333
2026-07-22 20:00:00,96.04166666666669,139.5192758828671,140.58583333333334
2026-07-22 21:00:00,113.15500000000002,217.0654061030803,147.70000000000002
2026-07-22 22:00:00,116.81333333333332,185.9244134417281,127.14166666666668
2026-07-22 23:00:00,102.105,134.54526458470957,105.32583333333334
2026-07-23 00:00:00,82.72666666666667,113.04972635128104,93.99833333333332
2026-07-23 01:00:00,68.45166666666667,111.51898486389872,101.10666666666668
2026-07-23 02:00:00,56.275,104.6543527592471,97.68916666666668
2026-07-23 03:00:00,51.86916666666667,87.55944703111456,89.67833333333333
2026-07-23 04:00:00,41.69083333333333,63.530440787399954,87.4275
2026-07-23 05:00:00,55.803333333333335,69.06074278698757,93.755
2026-07-23 06:00:00,49.37083333333333,75.21974214013414,98.18083333333334
2026-07-23 07:00:00,45.29416666666666,93.61367260026822,115.205
2026-07-23 08:00:00,66.57166666666667,150.64484729768327,138.4625
2026-07-23 09:00:00,49.869166666666665,131.46304283738164,113.515
2026-07-23 10:00:00,41.49166666666667,70.41908861860983,87.45583333333333
2026-07-23 11:00:00,19.02833333333333,43.94049722276838,83.32000000000001
2026-07-23 12:00:00,13.554166666666667,34.36927239583482,93.16583333333334
2026-07-23 13:00:00,7.285833333333334,35.0728200372979,101.56083333333332
2026-07-23 14:00:00,1.3316666666666668,21.207862095783724,82.30083333333333
2026-07-23 15:00:00,5.566666666666666,27.16250774473928,73.01166666666667
2026-07-23 16:00:00,11.556666666666668,40.119779344346426,49.435833333333335
2026-07-23 17:00:00,47.77333333333333,86.4665891622994,109.6625
2026-07-23 18:00:00,72.91166666666668,126.48795165166784,124.43666666666668
2026-07-23 19:00:00,70.52416666666666,129.9688151360205,118.0
2026-07-23 20:00:00,70.96333333333334,124.20388651665888,109.91333333333334
2026-07-23 21:00:00,62.553333333333335,106.12636504574908,106.44416666666666
2026-07-23 22:00:00,48.37416666666667,88.44959119987719,100.74333333333334
2026-07-23 23:00:00,15.276666666666666,60.63542969902712,97.465
2026-07-24 00:00:00,18.875833333333333,52.770680150849486,99.595
2026-07-24 01:00:00,17.2475,49.15491086539947,99.7125
2026-07-24 02:00:00,17.8325,43.95620746902382,86.43666666666667
2026-07-24 03:00:00,11.509166666666667,39.227701190760655,95.62333333333332
2026-07-24 04:00:00,12.7025,48.08232528472061,83.19333333333334
2026-07-24 05:00:00,12.384166666666667,53.197566391476144,82.77833333333334
2026-07-24 06:00:00,26.27916666666667,69.05705019623595,84.91666666666667
2026-07-24 07:00:00,49.91166666666666,108.16771352260275,113.46666666666664
2026-07-24 08:00:00,72.72666666666667,138.34063909356212,111.44
2026-07-24 09:00:00,53.92249999999999,116.68497517826772,92.33083333333332
2026-07-24 10:00:00,46.01333333333333,88.78659355136064,69.08833333333332
2026-07-24 11:00:00,27.3475,66.45602915466202,67.77
2026-07-24 12:00:00,26.536666666666665,63.6016538062802,62.26
2026-07-24 13:00:00,13.475833333333334,80.72738931961798,55.79583333333333
2026-07-24 14:00:00,6.404166666666666,62.70412538809721,48.26333333333333
2026-07-24 15:00:00,3.36,69.99716576936682,38.634166666666665
2026-07-24 16:00:00,14.609166666666669,85.77606226747616,56.79833333333334
2026-07-24 17:00:00,72.40666666666667,127.3946875331946,114.27416666666666
2026-07-24 18:00:00,52.031666666666666,141.07323330190027,131.2825
2026-07-24 19:00:00,30.0475,131.24694680720455,118.49166666666667
2026-07-24 20:00:00,13.435833333333337,115.62424362081993,115.62833333333332
2026-07-24 21:00:00,13.595833333333331,103.4757981161753,120.685
2026-07-24 22:00:00,7.400833333333334,93.21067492389656,122.88083333333331
2026-07-24 23:00:00,9.9975,72.75161011973171,107.76416666666668
2026-07-25 00:00:00,12.415833333333332,59.6725049831338,110.38833333333334
2026-07-25 01:00:00,8.073333333333332,62.01395048680976,102.14666666666666
2026-07-25 02:00:00,5.654166666666666,45.27176255431392,95.1225
2026-07-25 03:00:00,3.48,37.45160655305462,106.19666666666669
2026-07-25 04:00:00,0.1091666666666666,30.14261750003348,109.9725
2026-07-25 05:00:00,0.0141666666666666,32.8412753406829,102.22333333333334
2026-07-25 06:00:00,-0.1858333333333334,42.69659983729328,106.845
2026-07-25 07:00:00,6.09,61.20655905380386,112.90416666666664
2026-07-25 08:00:00,14.6875,97.94574747144308,151.7516666666667
2026-07-25 09:00:00,10.616666666666667,85.59836038146494,110.36333333333332
2026-07-25 10:00:00,12.860833333333334,66.11513307241071,58.18166666666667
2026-07-25 11:00:00,6.7058333333333335,58.82615542277358,52.465833333333336
2026-07-25 12:00:00,5.245,54.50610654245941,43.814166666666665
2026-07-25 13:00:00,0.7316666666666666,37.07619810166717,48.583333333333336
2026-07-25 14:00:00,-1.0941666666666665,47.7592798937947,46.67583333333334
2026-07-25 15:00:00,-3.189166666666667,53.32898162813648,36.785
2026-07-25 16:00:00,5.766666666666667,65.40201355304055,48.142500000000005
2026-07-25 17:00:00,37.585,99.27368006051968,89.38333333333333
2026-07-25 18:00:00,58.055,123.36583867979178,102.1975
2026-07-25 19:00:00,36.814166666666665,124.67671044517468,108.92583333333334
2026-07-25 20:00:00,67.93083333333334,120.39681034225828,107.4375
2026-07-25 21:00:00,73.50583333333334,113.5711432116882,106.08666666666666
2026-07-25 22:00:00,74.21249999999999,103.07704299866144,102.45083333333334
2026-07-25 23:00:00,75.19,89.72434817516366,102.36083333333332
2026-07-26 00:00:00,72.34916666666668,87.56397699317901,101.28916666666667
2026-07-26 01:00:00,60.5675,82.79580533306863,87.2325
2026-07-26 02:00:00,62.08416666666667,75.07393180506531,73.51583333333333
2026-07-26 03:00:00,71.38,69.5814741530965,70.7725
2026-07-26 04:00:00,67.2625,66.60767845533736,63.86833333333333
2026-07-26 05:00:00,54.1575,68.2017963190609,59.41
2026-07-26 06:00:00,46.98416666666666,69.75506666827539,58.835
2026-07-26 07:00:00,23.715,76.49618753442523,54.89083333333334
2026-07-26 08:00:00,32.31166666666667,93.58988249697676,41.2775
2026-07-26 09:00:00,45.392500000000005,79.63095114775084,37.68666666666667
2026-07-26 10:00:00,22.50333333333333,64.78782895364644,27.51083333333333
2026-07-26 11:00:00,14.755,33.81801746871248,18.866666666666667
2026-07-26 12:00:00,15.813333333333333,35.129860851579,24.46666666666667
2026-07-26 13:00:00,14.33,42.761647929723125,28.81583333333333
2026-07-26 14:00:00,16.045833333333334,46.69266219017817,18.294166666666666
2026-07-26 15:00:00,27.660833333333333,59.24274034077111,13.500833333333333
2026-07-26 16:00:00,17.136666666666667,82.66327047239332,33.2775
2026-07-26 17:00:00,84.43916666666667,121.78500770285812,74.75583333333334
2026-07-26 18:00:00,108.59833333333334,148.35431064468955,85.14166666666667
2026-07-26 19:00:00,115.21166666666666,146.87993492279548,69.3625
2026-07-26 20:00:00,117.67,129.33973787464066,64.37416666666667
2026-07-26 21:00:00,120.41083333333334,120.1001464118698,74.51916666666666
2026-07-26 22:00:00,112.18,108.27496183202165,67.1425
2026-07-26 23:00:00,102.08083333333332,93.32937171268397,49.57749999999999
2026-07-27 00:00:00,99.72416666666668,89.00965791861691,21.305
2026-07-27 01:00:00,105.85833333333332,105.2395689459982,19.565
2026-07-27 02:00:00,93.1575,93.56305891832596,20.641666666666666
2026-07-27 03:00:00,90.22,82.87111276775977,10.665833333333332
2026-07-27 04:00:00,88.06,76.12075069424914,10.265
2026-07-27 05:00:00,92.33333333333331,74.60707408830561,33.0925
2026-07-27 06:00:00,74.97,82.05725995086001,72.98583333333333
2026-07-27 07:00:00,122.28416666666664,103.7367976256788,78.69500000000001
2026-07-27 08:00:00,170.09416666666667,119.02942543705724,94.77833333333332
2026-07-27 09:00:00,53.89083333333334,99.14227489988524,88.10583333333334
2026-07-27 10:00:00,11.3175,85.14011839023006,63.1475
2026-07-27 11:00:00,10.333333333333334,53.73962880312224,55.281666666666666
2026-07-27 12:00:00,9.954166666666667,44.85445904994907,59.67666666666667
2026-07-27 13:00:00,10.515,45.62692495388139,51.376666666666665
2026-07-27 14:00:00,9.878333333333332,54.923698703830354,43.70666666666667
2026-07-27 15:00:00,12.5125,56.53873019876508,41.44083333333334
2026-07-27 16:00:00,15.856666666666667,69.60030095205765,79.90416666666667
2026-07-27 17:00:00,17.1225,92.35517369586172,104.47583333333334
2026-07-27 18:00:00,8.814166666666665,118.09531462406234,109.675
2026-07-27 19:00:00,19.151666666666667,113.10032275993989,110.56833333333331
2026-07-27 20:00:00,34.208333333333336,92.8859389155472,100.39416666666666
2026-07-27 21:00:00,26.641666666666666,65.95711038777367,95.4
2026-07-27 22:00:00,2.669166666666667,47.11183777253039,84.68666666666667
2026-07-27 23:00:00,-3.3175000000000003,24.775779798175463,77.5825
2026-07-28 00:00:00,-3.1491666666666664,12.314091990437277,77.89416666666666
2026-07-28 01:00:00,-4.755,6.205869777096694,73.2175
2026-07-28 02:00:00,-5.215833333333333,-4.814469850843523,78.5175
2026-07-28 03:00:00,-5.714166666666666,-10.799976679576162,81.38
2026-07-28 04:00:00,-6.511666666666667,-13.271359043939585,82.25416666666666
2026-07-28 05:00:00,-6.415833333333333,-14.20183233497896,87.95916666666666
2026-07-28 06:00:00,-3.485,-8.417866863087468,101.9875
2026-07-28 07:00:00,21.39,7.4197020519539265,113.3125
2026-07-28 08:00:00,86.14833333333333,25.407671086690165,151.06833333333333
2026-07-28 09:00:00,-7.913333333333331,16.22008929478057,128.77666666666667
2026-07-28 10:00:00,-3.6275,5.6183603484137095,84.3275
2026-07-28 11:00:00,-2.3508333333333336,-4.381966895095715,82.045
2026-07-28 12:00:00,-1.4225,-11.921369797304592,65.56666666666668
2026-07-28 13:00:00,-3.4633333333333334,-19.028252021937604,60.77166666666667
2026-07-28 14:00:00,-2.0733333333333333,-21.181713265682063,66.01083333333334
2026-07-28 15:00:00,-2.4058333333333333,-24.330676595155936,74.66833333333334
2026-07-28 16:00:00,2.1575,-14.592319128418184,87.53000000000002
2026-07-28 17:00:00,50.13583333333333,19.954928067387605,106.9375
2026-07-28 18:00:00,58.33166666666667,52.727248823355,107.54
2026-07-28 19:00:00,6.805833333333333,69.57305745179542,104.61833333333334
2026-07-28 20:00:00,3.7616666666666654,85.18652667395011,95.73
2026-07-28 21:00:00,34.126666666666665,54.97400287683303,93.875
2026-07-28 22:00:00,-36.961666666666666,78.24076337191326,86.28083333333332
2026-07-28 23:00:00,-2.7583333333333333,53.25507306380968,56.12583333333333
2026-07-29 00:00:00,-4.18,33.47204506012648,31.2625
2026-07-29 01:00:00,-1.15,14.788932040266133,22.14583333333333
2026-07-29 02:00:00,-1.1458333333333333,-1.9146289694137977,11.240833333333336
2026-07-29 03:00:00,-1.1041666666666667,-10.959884950999538,8.550833333333333
2026-07-29 04:00:00,-1.1125,-13.96420900430735,8.885
2026-07-29 05:00:00,-1.1041666666666667,-9.3949500720111,8.663333333333332
2026-07-29 06:00:00,-1.1166666666666667,3.5230266560465395,0.1116666666666666
2026-07-29 07:00:00,2.4458333333333333,27.538974366382035,37.0325
2026-07-29 08:00:00,13.665,45.40837329216842,53.36166666666667
2026-07-29 09:00:00,9.173333333333334,55.52402894762963,31.836666666666662
2026-07-29 10:00:00,10.75,37.22555061171157,21.515
2026-07-29 11:00:00,8.175833333333333,34.209147739712186,14.42
2026-07-29 12:00:00,9.902500000000002,43.21162078348151,10.433333333333334
2026-07-29 13:00:00,4.866666666666666,40.299002419941786,7.150833333333334
2026-07-29 14:00:00,0.3275,31.726429665373654,-1.1333333333333333
2026-07-29 15:00:00,1.6766666666666663,26.73917943115456,-1.3333333333333333
2026-07-29 16:00:00,26.7725,39.52356752371257,20.43583333333333
2026-07-29 17:00:00,91.77,94.33715465347473,84.23
2026-07-29 18:00:00,122.87166666666668,160.06224566699103,99.17083333333332
2026-07-29 19:00:00,125.53416666666664,190.9240171246852,94.92083333333332
2026-07-29 20:00:00,115.25166666666668,180.0059705509259,96.04166666666669
2026-07-29 21:00:00,117.56166666666668,154.86763829385853,113.15500000000002
2026-07-29 22:00:00,110.9375,137.17958432048837,116.81333333333332
2026-07-29 23:00:00,89.32583333333334,115.81532905485908,102.105
2026-07-30 00:00:00,90.80416666666667,112.87716970179537,82.72666666666667
2026-07-30 01:00:00,92.04666666666668,108.00881674102276,68.45166666666667
2026-07-30 02:00:00,88.3325,105.21227843900442,56.275
2026-07-30 03:00:00,85.00166666666667,98.34426891770802,51.86916666666667
2026-07-30 04:00:00,82.205,91.66314214736347,41.69083333333333
2026-07-30 05:00:00,85.53750000000001,91.78585043163017,55.803333333333335
2026-07-30 06:00:00,99.61416666666666,106.92731424537932,49.37083333333333
2026-07-30 07:00:00,140.345,143.86883754530567,45.29416666666666
2026-07-30 08:00:00,195.03083333333333,183.7128755743408,66.57166666666667
2026-07-30 09:00:00,141.18416666666667,169.51858315854145,49.869166666666665
2026-07-30 10:00:00,103.5325,131.13036630596432,41.49166666666667
2026-07-30 11:00:00,77.94166666666668,98.37905260968358,19.02833333333333
2026-07-30 12:00:00,72.68416666666667,101.44881670354238,13.554166666666667
2026-07-30 13:00:00,72.85,110.20085585261464,7.285833333333334
2026-07-30 14:00:00,73.25583333333333,104.76703154430862,1.3316666666666668
2026-07-30 15:00:00,59.958333333333336,115.99684522335716,5.566666666666666
2026-07-30 16:00:00,83.93083333333333,140.9320574272722,11.556666666666668
2026-07-30 17:00:00,174.01666666666665,184.80741629399705,47.77333333333333
2026-07-30 18:00:00,224.06166666666664,210.25223799222968,72.91166666666668
2026-07-30 19:00:00,220.2733333333333,213.98459843921125,70.52416666666666
2026-07-30 20:00:00,189.28833333333333,207.9061148977118,70.96333333333334
2026-07-30 21:00:00,274.265,194.35444767113012,62.553333333333335
2026-07-30 22:00:00,344.85083333333336,170.86063961991374,48.37416666666667
2026-07-30 23:00:00,182.6208333333333,145.88684134736138,15.276666666666666
2026-07-31 00:00:00,137.50083333333333,137.77638011082175,18.875833333333333
2026-07-31 01:00:00,135.95083333333335,143.00167984310596,17.2475
2026-07-31 02:00:00,127.19583333333333,139.6912871975825,17.8325
2026-07-31 03:00:00,130.29916666666665,138.09860508846612,11.509166666666667
2026-07-31 04:00:00,139.42083333333332,137.85091324748277,12.7025
2026-07-31 05:00:00,127.99666666666668,145.15738269737278,12.384166666666667
2026-07-31 06:00:00,150.87166666666667,165.81588083349055,26.27916666666667
2026-07-31 07:00:00,231.91583333333327,206.5135661856986,49.91166666666666
2026-07-31 08:00:00,382.6625,225.7080038009964,72.72666666666667
2026-07-31 09:00:00,158.9225,209.3520827792225,53.92249999999999
2026-07-31 10:00:00,97.71083333333333,184.4455773914015,46.01333333333333
2026-07-31 11:00:00,108.4725,154.63884549655916,27.3475
2026-07-31 12:00:00,92.6075,139.237045664256,26.536666666666665
2026-07-31 13:00:00,90.765,121.28318834499755,13.475833333333334
2026-07-31 14:00:00,104.28833333333334,127.36386369911295,6.404166666666666
2026-07-31 15:00:00,109.84166666666664,132.23841335184065,3.36
2026-07-31 16:00:00,111.05666666666669,152.19217094925972,14.609166666666669
2026-07-31 17:00:00,151.39333333333337,195.56887266750573,72.40666666666667
2026-07-31 18:00:00,177.70166666666668,217.13371516254435,52.031666666666666
2026-07-31 19:00:00,182.55666666666664,212.238385429757,30.0475
2026-07-31 20:00:00,139.765,200.8186101628392,13.435833333333337
2026-07-31 21:00:00,126.00583333333331,200.79120345127097,13.595833333333331
2026-07-31 22:00:00,127.56333333333332,186.778880990571,7.400833333333334
2026-07-31 23:00:00,127.68083333333334,176.95814638076104,9.9975
2026-08-01 00:00:00,115.175,171.7168309477957,12.415833333333332
2026-08-01 01:00:00,91.83833333333332,135.02567239184117,8.073333333333332
2026-08-01 02:00:00,78.83166666666666,128.44783588952606,5.654166666666666
2026-08-01 03:00:00,81.76666666666667,126.126065907852,3.48
2026-08-01 04:00:00,76.42583333333333,124.8118017591834,0.1091666666666666
2026-08-01 05:00:00,81.2775,126.00942618148969,0.0141666666666666
2026-08-01 06:00:00,86.125,128.69327037007656,-0.1858333333333334
2026-08-01 07:00:00,90.13166666666666,136.11381312194413,6.09
2026-08-01 08:00:00,89.185,147.27030097352568,14.6875
2026-08-01 09:00:00,54.47,124.53796000101092,10.616666666666667
2026-08-01 10:00:00,18.811666666666667,85.5184787114323,12.860833333333334
2026-08-01 11:00:00,7.810833333333334,46.07307993062352,6.7058333333333335
2026-08-01 12:00:00,-1.5991666666666668,22.05170072450745,5.245
2026-08-01 13:00:00,-0.5033333333333333,3.1813885100842327,0.7316666666666666
2026-08-01 14:00:00,-5.2091666666666665,-4.031267647072866,-1.0941666666666665
2026-08-01 15:00:00,-5.9,-4.267086092020222,-3.189166666666667
2026-08-01 16:00:00,-4.283333333333333,18.829102677602897,5.766666666666667
2026-08-01 17:00:00,56.76916666666667,67.8626537302541,37.585
2026-08-01 18:00:00,80.9325,106.20263648313404,58.055
2026-08-01 19:00:00,78.9225,109.29966731685997,36.814166666666665
2026-08-01 20:00:00,68.89999999999999,109.34909985285404,67.93083333333334
2026-08-01 21:00:00,66.245,100.71146777932314,73.50583333333334
2026-08-01 22:00:00,64.23166666666667,89.84438315282068,74.21249999999999
2026-08-01 23:00:00,54.7475,77.08368669408972,75.19
2026-08-02 00:00:00,25.285,68.17671211857082,72.34916666666668
2026-08-02 01:00:00,10.3225,51.87417553134747,60.5675
2026-08-02 02:00:00,9.4,38.43372609228719,62.08416666666667
2026-08-02 03:00:00,6.516666666666667,27.37046655831264,71.38
2026-08-02 04:00:00,4.301666666666667,22.909587551333143,67.2625
2026-08-02 05:00:00,0.2083333333333333,22.22845632616816,54.1575
2026-08-02 06:00:00,-1.9958333333333336,25.87451056343535,46.98416666666666
2026-08-02 07:00:00,-1.169166666666667,34.27426650318637,23.715
2026-08-02 08:00:00,1.6725,58.95417620817298,32.31166666666667
2026-08-02 09:00:00,-3.540833333333333,42.48653516941423,45.392500000000005
2026-08-02 10:00:00,-8.383333333333333,24.92564961720479,22.50333333333333
2026-08-02 11:00:00,-7.785833333333334,6.63304118321593,14.755
2026-08-02 12:00:00,-20.211666666666662,0.7116477441875162,15.813333333333333
2026-08-02 13:00:00,-21.239166666666662,-9.747554581352633,14.33
2026-08-02 14:00:00,-43.85916666666666,-17.472333077126805,16.045833333333334
2026-08-02 15:00:00,-35.39833333333333,-23.32405804462601,27.660833333333333
2026-08-02 16:00:00,-16.716666666666665,-11.217803362015276,17.136666666666667
2026-08-02 17:00:00,-1.4308333333333334,22.905481621263675,84.43916666666667
2026-08-02 18:00:00,22.4275,66.85610790181165,108.59833333333334
2026-08-02 19:00:00,12.280833333333334,81.98938154859236,115.21166666666666
2026-08-02 20:00:00,10.515,79.33418522840938,117.67
2026-08-02 21:00:00,5.200833333333333,83.35896786477402,120.41083333333334
2026-08-02 22:00:00,7.515,79.17083086347108,112.18
2026-08-02 23:00:00,4.559166666666666,56.14709951680807,102.08083333333332
2026-08-03 00:00:00,8.419166666666667,52.30452089105485,99.72416666666668
2026-08-03 01:00:00,6.324166666666667,37.5404303913013,105.85833333333332
2026-08-03 02:00:00,2.794166666666667,41.7346678035772,93.1575
2026-08-03 03:00:00,0.2575,40.2482791396838,90.22
2026-08-03 04:00:00,2.619166666666666,33.26950737603873,88.06
2026-08-03 05:00:00,0.9883333333333332,29.602642370482343,92.33333333333331
2026-08-03 06:00:00,-0.2558333333333333,39.43340516557265,74.97
2026-08-03 07:00:00,19.731666666666666,62.10625407671009,122.28416666666664
2026-08-03 08:00:00,26.354166666666668,107.78518881278738,170.09416666666667
2026-08-03 09:00:00,2.455,90.1367521620168,53.89083333333334
2026-08-03 10:00:00,-1.0116666666666667,76.5091187151334,11.3175
2026-08-03 11:00:00,-1.1375,43.077252464938766,10.333333333333334
2026-08-03 12:00:00,-0.8216666666666668,59.05680782807672,9.954166666666667
2026-08-03 13:00:00,-1.1083333333333334,56.6931640738037,10.515
2026-08-03 14:00:00,-1.7791666666666666,50.14630696461749,9.878333333333332
2026-08-03 15:00:00,-2.345833333333333,56.69582618548873,12.5125
2026-08-03 16:00:00,-3.7,89.69818207989803,15.856666666666667
2026-08-03 17:00:00,64.17416666666666,139.79177629419763,17.1225
2026-08-03 18:00:00,95.10583333333334,175.1365644774482,8.814166666666665
2026-08-03 19:00:00,96.275,181.55401567980024,19.151666666666667
2026-08-03 20:00:00,93.06416666666668,178.7040806717064,34.208333333333336
2026-08-03 21:00:00,88.14833333333333,156.92824427658883,26.641666666666666
2026-08-03 22:00:00,68.97083333333333,129.0226032180414,2.669166666666667
2026-08-03 23:00:00,33.43833333333333,105.84572072655752,-3.3175000000000003
2026-08-04 00:00:00,28.614166666666662,93.33433044648552,-3.1491666666666664
2026-08-04 01:00:00,23.7575,87.55449333968556,-4.755
2026-08-04 02:00:00,32.166666666666664,85.44208376728331,-5.215833333333333
2026-08-04 03:00:00,36.810833333333335,87.14368863368563,-5.714166666666666
2026-08-04 04:00:00,39.303333333333335,85.09504899027901,-6.511666666666667
2026-08-04 05:00:00,35.873333333333335,82.41940707993894,-6.415833333333333
2026-08-04 06:00:00,48.03333333333333,91.05378551973126,-3.485
2026-08-04 07:00:00,75.36,114.17974909386903,21.39
2026-08-04 08:00:00,80.00833333333334,144.51787370647492,86.14833333333333
2026-08-04 09:00:00,59.84166666666667,127.996872734314,-7.913333333333331
2026-08-04 10:00:00,53.61000000000001,108.7288449991459,-3.6275
2026-08-04 11:00:00,50.69166666666666,82.25304288895032,-2.3508333333333336
2026-08-04 12:00:00,61.95083333333333,87.28821370802098,-1.4225
2026-08-04 13:00:00,69.99416666666667,84.52720424424909,-3.4633333333333334
2026-08-04 14:00:00,98.88,105.72300496752432,-2.0733333333333333
2026-08-04 15:00:00,97.35666666666668,104.6020538756856,-2.4058333333333333
2026-08-04 16:00:00,97.97583333333334,118.25570450870384,2.1575
2026-08-04 17:00:00,98.85583333333334,139.7434301158599,50.13583333333333
2026-08-04 18:00:00,125.64666666666666,176.25724058749609,58.33166666666667
2026-08-04 19:00:00,118.42,179.6093224576685,6.805833333333333
2026-08-04 20:00:00,116.485,184.57910114210296,3.7616666666666654
2026-08-04 21:00:00,120.40666666666668,169.63210073526346,34.126666666666665
2026-08-04 22:00:00,124.25333333333332,140.9109640583469,-36.961666666666666
2026-08-04 23:00:00,113.67083333333332,114.02306990745132,-2.7583333333333333
2026-08-05 00:00:00,99.545,85.79972856229728,-4.18
2026-08-05 01:00:00,100.22083333333336,74.80558786026528,-1.15
2026-08-05 02:00:00,93.76083333333334,66.05243836086404,-1.1458333333333333
2026-08-05 03:00:00,87.32000000000001,53.79358524637644,-1.1041666666666667
2026-08-05 04:00:00,77.19833333333334,42.1406883635932,-1.1125
2026-08-05 05:00:00,79.50083333333333,40.816868735639474,-1.1041666666666667
2026-08-05 06:00:00,93.6725,51.146452192479735,-1.1166666666666667
2026-08-05 07:00:00,115.58083333333332,76.0582153735422,2.4458333333333333
2026-08-05 08:00:00,125.36333333333332,84.20202890393234,13.665
2026-08-05 09:00:00,126.08083333333332,88.36790230233555,9.173333333333334
2026-08-05 10:00:00,131.735,84.46710313497087,10.75
2026-08-05 11:00:00,103.93666666666668,61.83553430853702,8.175833333333333
2026-08-05 12:00:00,104.22166666666668,60.33747842898845,9.902500000000002
2026-08-05 13:00:00,113.4175,71.38719411814596,4.866666666666666
2026-08-05 14:00:00,137.9333333333333,82.07622853999628,0.3275
2026-08-05 15:00:00,131.36333333333332,74.32201070677371,1.6766666666666663
2026-08-05 16:00:00,173.81916666666666,89.71112779265579,26.7725
2026-08-05 17:00:00,213.15833333333333,121.85070466377766,91.77
2026-08-05 18:00:00,218.1975,160.40051807911672,122.87166666666668
2026-08-05 19:00:00,215.78083333333333,181.144773272007,125.53416666666664
2026-08-05 20:00:00,176.41750000000002,192.274970733544,115.25166666666668
2026-08-05 21:00:00,165.92916666666667,194.8456441035244,117.56166666666668
2026-08-05 22:00:00,152.005,185.04840086016577,110.9375
2026-08-05 23:00:00,135.23,166.02296545079125,89.32583333333334
2026-08-06 00:00:00,122.28000000000002,153.3590331885977,90.80416666666667
2026-08-06 01:00:00,114.19833333333334,140.99248768913205,92.04666666666668
2026-08-06 02:00:00,111.105,130.76305849399708,88.3325
2026-08-06 03:00:00,108.71583333333336,125.82343579535058,85.00166666666667
2026-08-06 04:00:00,109.50083333333332,126.14175803151691,82.205
2026-08-06 05:00:00,108.15416666666664,130.46027903087253,85.53750000000001
2026-08-06 06:00:00,133.0875,142.034720740598,99.61416666666666
2026-08-06 07:00:00,174.7825,159.32677249165283,140.345
2026-08-06 08:00:00,242.58166666666668,162.02159281037052,195.03083333333333
2026-08-06 09:00:00,109.8125,129.25619875761805,141.18416666666667
2026-08-06 10:00:00,90.38666666666666,109.29801439303806,103.5325
2026-08-06 11:00:00,69.46249999999999,85.16609877611728,77.94166666666668
2026-08-06 12:00:00,70.4775,40.93064387879828,72.68416666666667
2026-08-06 13:00:00,44.219166666666666,37.444381500385376,72.85
2026-08-06 14:00:00,34.30083333333334,45.08237708257415,73.25583333333333
2026-08-06 15:00:00,63.88666666666666,59.72956872447646,59.958333333333336
2026-08-06 16:00:00,94.40916666666668,89.23007355377987,83.93083333333333
2026-08-06 17:00:00,104.66,115.38161630381146,174.01666666666665
2026-08-06 18:00:00,126.26,126.92398193595692,224.06166666666664
2026-08-06 19:00:00,126.56833333333331,119.4120882837262,220.2733333333333
2026-08-06 20:00:00,114.0625,135.68163220322765,189.28833333333333
2026-08-06 21:00:00,121.24416666666669,134.80774256137465,274.265
2026-08-06 22:00:00,123.0575,135.72800594922478,344.85083333333336
2026-08-06 23:00:00,120.48416666666668,119.79685102146004,182.6208333333333
2026-08-07 00:00:00,107.00416666666666,124.1970623773856,137.50083333333333
2026-08-07 01:00:00,103.6,122.09703895336412,135.95083333333335
2026-08-07 02:00:00,105.70583333333332,116.19293979832582,127.19583333333333
2026-08-07 03:00:00,104.75583333333331,114.10597742699798,130.29916666666665
2026-08-07 04:00:00,108.37416666666668,114.46062940950743,139.42083333333332
2026-08-07 05:00:00,120.3325,121.39384878339628,127.99666666666668
2026-08-07 06:00:00,109.69083333333332,141.448391093312,150.87166666666667
2026-08-07 07:00:00,123.91666666666669,173.56774761381735,231.91583333333327
2026-08-07 08:00:00,136.15166666666667,194.0821476961234,382.6625
2026-08-07 09:00:00,131.41666666666666,177.05956016504092,158.9225
2026-08-07 10:00:00,91.87166666666668,144.07004689526784,97.71083333333333
2026-08-07 11:00:00,67.51333333333334,108.74053378415724,108.4725
2026-08-07 12:00:00,53.6825,100.7788698184446,92.6075
2026-08-07 13:00:00,22.117500000000003,78.1263160737347,90.765
2026-08-07 14:00:00,2.1875,64.5547783137597,104.28833333333334
2026-08-07 15:00:00,0.5466666666666667,72.0955114039955,109.84166666666664
2026-08-07 16:00:00,17.78,102.52350775949732,111.05666666666669
2026-08-07 17:00:00,101.04916666666666,143.89402947466567,151.39333333333337
2026-08-07 18:00:00,125.12833333333332,179.68711541135505,177.70166666666668
2026-08-07 19:00:00,117.87666666666668,179.08276985460293,182.55666666666664
2026-08-07 20:00:00,105.64916666666666,168.47569192812938,139.765
2026-08-07 21:00:00,105.49166666666667,144.19739175101026,126.00583333333331
2026-08-07 22:00:00,100.84916666666668,116.82817985550882,127.56333333333332
2026-08-07 23:00:00,97.71666666666664,91.20847936536671,127.68083333333334
2026-08-08 00:00:00,77.96333333333332,72.93915362973397,115.175
2026-08-08 01:00:00,33.345,64.0619913881376,91.83833333333332
2026-08-08 02:00:00,7.585,50.504769379018,78.83166666666666
2026-08-08 03:00:00,7.409166666666667,38.73870656127542,81.76666666666667
2026-08-08 04:00:00,1.7283333333333333,36.12785814325606,76.42583333333333
2026-08-08 05:00:00,0.0058333333333333,36.190990665986206,81.2775
2026-08-08 06:00:00,-0.045,37.61794591518215,86.125
2026-08-08 07:00:00,3.3708333333333336,44.66329689401388,90.13166666666666
2026-08-08 08:00:00,18.15833333333333,42.99159014619524,89.185
2026-08-08 09:00:00,7.0683333333333325,28.75462933051852,54.47
2026-08-08 10:00:00,-0.1641666666666666,16.91618010323335,18.811666666666667
2026-08-08 11:00:00,-2.8666666666666667,4.787904897733611,7.810833333333334
2026-08-08 12:00:00,-5.995833333333334,-6.381597568298986,-1.5991666666666668
2026-08-08 13:00:00,-6.644166666666667,-17.774975334353343,-0.5033333333333333
2026-08-08 14:00:00,-6.804166666666667,-12.471111735331675,-5.2091666666666665
2026-08-08 15:00:00,-6.995,-9.18248018340634,-5.9
2026-08-08 16:00:00,2.0225,9.402907574528648,-4.283333333333333
2026-08-08 17:00:00,12.160000000000002,46.260066502158864,56.76916666666667
2026-08-08 18:00:00,13.735,75.09601628252751,80.9325
2026-08-08 19:00:00,17.378333333333334,73.20694090681245,78.9225
2026-08-08 20:00:00,16.098333333333333,73.3598075887405,68.89999999999999
2026-08-08 21:00:00,7.309166666666667,58.16625280212484,66.245
2026-08-08 22:00:00,8.75,53.78048241940633,64.23166666666667
2026-08-08 23:00:00,8.046666666666667,41.0315940460619,54.7475
2026-08-09 00:00:00,9.0925,28.55408094362277,25.285
2026-08-09 01:00:00,0.3941666666666666,21.160184448497773,10.3225
2026-08-09 02:00:00,-0.0791666666666666,11.231318508979951,9.4
2026-08-09 03:00:00,-1.9425,1.0569913298957658,6.516666666666667
2026-08-09 04:00:00,-4.198333333333333,-2.4343804848913067,4.301666666666667
2026-08-09 05:00:00,-4.951666666666667,-7.043925965181998,0.2083333333333333
2026-08-09 06:00:00,-5.214166666666666,-5.98300855105677,-1.9958333333333336
2026-08-09 07:00:00,-0.8983333333333334,-1.5869446559934062,-1.169166666666667
2026-08-09 08:00:00,8.84,25.07269511247957,1.6725
2026-08-09 09:00:00,11.466666666666669,16.71021716856267,-3.540833333333333
2026-08-09 10:00:00,9.733333333333333,18.937617486573792,-8.383333333333333
2026-08-09 11:00:00,6.624166666666667,20.195784394308355,-7.785833333333334
2026-08-09 12:00:00,23.031666666666663,25.20504230326543,-20.211666666666662
2026-08-09 13:00:00,17.124166666666667,26.912613369627092,-21.239166666666662
2026-08-09 14:00:00,24.8875,29.086822063799566,-43.85916666666666
2026-08-09 15:00:00,8.395,26.63814931032801,-35.39833333333333
2026-08-09 16:00:00,15.128333333333332,28.916969810342465,-16.716666666666665
2026-08-09 17:00:00,57.8775,38.15267186093175,-1.4308333333333334
2026-08-09 18:00:00,87.25333333333333,50.98801850472877,22.4275
2026-08-09 19:00:00,90.20416666666668,56.59606008411137,12.280833333333334
2026-08-09 20:00:00,91.61416666666666,67.35686435715748,10.515
2026-08-09 21:00:00,97.5875,58.93376035928528,5.200833333333333
2026-08-09 22:00:00,103.58916666666666,53.23031671773839,7.515
2026-08-09 23:00:00,83.82083333333334,59.058785836824526,4.559166666666666
2026-08-10 00:00:00,81.87083333333332,80.88582769339457,8.419166666666667
2026-08-10 01:00:00,80.01833333333333,97.48930694816872,6.324166666666667
2026-08-10 02:00:00,67.33333333333333,113.38631079608083,2.794166666666667
2026-08-10 03:00:00,66.42666666666666,105.26677979310128,0.2575
2026-08-10 04:00:00,66.92166666666667,101.97374823610046,2.619166666666666
2026-08-10 05:00:00,62.99916666666667,86.20595909063721,0.9883333333333332
2026-08-10 06:00:00,57.74583333333334,26.7197771951003,-0.2558333333333333
2026-08-10 07:00:00,65.22416666666668,59.09089877442179,19.731666666666666
2026-08-10 08:00:00,79.64916666666666,143.76769092242438,26.354166666666668
2026-08-10 09:00:00,84.16,140.02038863665086,2.455
2026-08-10 10:00:00,98.11583333333331,117.00644193669643,-1.0116666666666667
2026-08-10 11:00:00,86.6375,101.72653226512828,-1.1375
2026-08-10 12:00:00,73.25166666666667,94.45008027559564,-0.8216666666666668
2026-08-10 13:00:00,42.248333333333335,119.62969201157236,-1.1083333333333334
2026-08-10 14:00:00,46.56666666666666,114.8221606824563,-1.7791666666666666
2026-08-10 15:00:00,13.470833333333331,55.6470068090882,-2.345833333333333
2026-08-10 16:00:00,6.675,35.61865672210797,-3.7
2026-08-10 17:00:00,50.365833333333335,46.08977603516898,64.17416666666666
2026-08-10 18:00:00,87.28916666666667,53.70472828840576,95.10583333333334
2026-08-10 19:00:00,91.73,73.25449271579977,96.275
2026-08-10 20:00:00,86.23,96.53863029657516,93.06416666666668
2026-08-10 21:00:00,81.73333333333333,84.11491271061789,88.14833333333333
2026-08-10 22:00:00,86.09166666666665,65.15734882266827,68.97083333333333
2026-08-10 23:00:00,73.50916666666667,43.83143422266712,33.43833333333333
2026-08-11 00:00:00,69.97666666666667,34.00711717774478,28.614166666666662
2026-08-11 01:00:00,69.49499999999999,44.28920163616509,23.7575
2026-08-11 02:00:00,66.14583333333333,51.46905195593811,32.166666666666664
2026-08-11 03:00:00,56.884166666666665,61.54072713085437,36.810833333333335
2026-08-11 04:00:00,59.1225,74.1618499116973,39.303333333333335
2026-08-11 05:00:00,64.86833333333333,86.12841153691525,35.873333333333335
2026-08-11 06:00:00,76.705,103.88812230882463,48.03333333333333
2026-08-11 07:00:00,82.12833333333333,127.59717987762626,75.36
2026-08-11 08:00:00,86.28583333333334,149.3657652303413,80.00833333333334
2026-08-11 09:00:00,79.55916666666667,129.45061054645475,59.84166666666667
2026-08-11 10:00:00,45.931666666666665,88.82950976929178,53.61000000000001
2026-08-11 11:00:00,29.375833333333333,73.57156537107198,50.69166666666666
2026-08-11 12:00:00,27.125833333333333,67.0929582935363,61.95083333333333
2026-08-11 13:00:00,10.2825,58.36085237890383,69.99416666666667
2026-08-11 14:00:00,15.784166666666666,58.03399507228824,98.88
2026-08-11 15:00:00,16.896666666666665,50.19863612839544,97.35666666666668
2026-08-11 16:00:00,39.9775,57.82894813672091,97.97583333333334
2026-08-11 17:00:00,75.3875,62.02316361571166,98.85583333333334
2026-08-11 18:00:00,75.37166666666667,82.75601305705459,125.64666666666666
2026-08-11 19:00:00,78.49083333333333,72.98816667208892,118.42
2026-08-11 20:00:00,63.42583333333334,54.36105531213136,116.485
2026-08-11 21:00:00,49.80916666666666,46.31359680649582,120.40666666666668
2026-08-11 22:00:00,6.322500000000001,26.16793190675521,124.25333333333332
2026-08-11 23:00:00,2.875,18.822024421359096,113.67083333333332
2026-08-12 00:00:00,0.0766666666666666,14.413641872432898,99.545
2026-08-12 01:00:00,7.888333333333333,12.871640341923438,100.22083333333336
2026-08-12 02:00:00,0.6233333333333333,3.502683244058588,93.76083333333334
2026-08-12 03:00:00,-0.025,-4.444615054467178,87.32000000000001
2026-08-12 04:00:00,-0.0416666666666666,-5.280918771811997,77.19833333333334
2026-08-12 05:00:00,-0.0708333333333333,-3.5932109601428266,79.50083333333333
2026-08-12 06:00:00,-0.0233333333333333,4.76979790136172,93.6725
2026-08-12 07:00:00,15.048333333333332,30.749090346164337,115.58083333333332
2026-08-12 08:00:00,11.31,72.39565651609205,125.36333333333332
2026-08-12 09:00:00,21.655833333333334,86.09189551745553,126.08083333333332
2026-08-12 10:00:00,41.965,107.36946478615654,131.735
2026-08-12 11:00:00,5.609999999999999,80.8233913383382,103.93666666666668
2026-08-12 12:00:00,5.773333333333333,60.060510953516,104.22166666666668
2026-08-12 13:00:00,-0.075,61.37587022301367,113.4175
2026-08-12 14:00:00,0.4133333333333333,40.36208355904084,137.9333333333333
2026-08-12 15:00:00,-1.4983333333333333,29.586410492695265,131.36333333333332
2026-08-12 16:00:00,22.70833333333333,32.388320556620144,173.81916666666666
2026-08-12 17:00:00,50.26083333333333,82.56923883580467,213.15833333333333
2026-08-12 18:00:00,82.80416666666666,113.19323047505402,218.1975
2026-08-12 19:00:00,95.24916666666668,109.05979000774352,215.78083333333333
2026-08-12 20:00:00,92.175,116.22570068560644,176.41750000000002
2026-08-12 21:00:00,86.36166666666666,112.78446056281553,165.92916666666667
2026-08-12 22:00:00,80.34916666666668,111.96062694413962,152.005
2026-08-12 23:00:00,67.91000000000001,106.1207106421544,135.23
2026-08-13 00:00:00,54.73666666666667,99.19839333211006,122.28000000000002
2026-08-13 01:00:00,41.61416666666667,84.04701162591326,114.19833333333334
2026-08-13 02:00:00,53.11416666666667,67.97874099695719,111.105
2026-08-13 03:00:00,42.1175,60.13601172711795,108.71583333333336
2026-08-13 04:00:00,28.852500000000003,54.988595146381286,109.50083333333332
2026-08-13 05:00:00,13.336666666666666,66.85999579183274,108.15416666666664
2026-08-13 06:00:00,16.8775,85.24541879826621,133.0875
2026-08-13 07:00:00,40.435833333333335,119.46429566931948,174.7825
2026-08-13 08:00:00,60.83916666666666,145.80980720849897,242.58166666666668
2026-08-13 09:00:00,70.41833333333334,129.59807599290576,109.8125
2026-08-13 10:00:00,76.5025,103.17993846813002,90.38666666666666
2026-08-13 11:00:00,73.07333333333334,76.09272954077727,69.46249999999999
2026-08-13 12:00:00,89.82416666666666,65.73281795622069,70.4775
2026-08-13 13:00:00,88.24333333333334,73.68063562762902,44.219166666666666
2026-08-13 14:00:00,88.53916666666667,107.53567400688544,34.30083333333334
2026-08-13 15:00:00,83.30833333333334,117.0432170806773,63.88666666666666
2026-08-13 16:00:00,102.64583333333331,133.4582656226064,94.40916666666668
2026-08-13 17:00:00,108.86416666666666,179.0748180798985,104.66
2026-08-13 18:00:00,123.13,206.62121189077035,126.26
2026-08-13 19:00:00,122.9725,201.6952744299937,126.56833333333331
2026-08-13 20:00:00,114.3775,177.2922031480466,114.0625
2026-08-13 21:00:00,115.79,168.8863990813856,121.24416666666669
2026-08-13 22:00:00,109.4875,167.51286846317012,123.0575
2026-08-13 23:00:00,103.89833333333333,136.7756935750457,120.48416666666668
2026-08-14 00:00:00,98.46083333333333,127.34616689662111,107.00416666666666
2026-08-14 01:00:00,95.73166666666668,123.3813343559598,103.6
2026-08-14 02:00:00,103.54333333333334,114.04022654619584,105.70583333333332
2026-08-14 03:00:00,98.19166666666666,101.27173122890947,104.75583333333331
2026-08-14 04:00:00,93.88583333333334,96.0935083654992,108.37416666666668
2026-08-14 05:00:00,87.82666666666667,97.04658158312736,120.3325
2026-08-14 06:00:00,85.505,114.49003584051027,109.69083333333332
2026-08-14 07:00:00,97.8,150.6062623748058,123.91666666666669
2026-08-14 08:00:00,86.205,167.38520849021336,136.15166666666667
2026-08-14 09:00:00,84.565,129.21562098591946,131.41666666666666
2026-08-14 10:00:00,96.38333333333333,93.6306925945852,91.87166666666668
2026-08-14 11:00:00,77.44416666666666,71.25207346390724,67.51333333333334
2026-08-14 12:00:00,81.44833333333334,72.87781389466583,53.6825
2026-08-14 13:00:00,80.54833333333333,89.08201544829492,22.117500000000003
2026-08-14 14:00:00,61.19833333333333,90.10853856939136,2.1875
2026-08-14 15:00:00,45.58583333333333,102.20126104930992,0.5466666666666667
2026-08-14 16:00:00,65.9025,118.60583098785968,17.78
2026-08-14 17:00:00,121.4375,155.79200218211878,101.04916666666666
2026-08-14 18:00:00,157.46083333333334,170.32091093042249,125.12833333333332
2026-08-14 19:00:00,144.76083333333335,172.02555899714145,117.87666666666668
2026-08-14 20:00:00,121.48416666666668,168.91165349725873,105.64916666666666
2026-08-14 21:00:00,114.40666666666668,167.2811837937404,105.49166666666667
2026-08-14 22:00:00,112.39083333333332,158.1209518684294,100.84916666666668
2026-08-14 23:00:00,114.735,148.50636297692205,97.71666666666664
2026-08-15 00:00:00,101.23166666666668,136.17881755446103,77.96333333333332
2026-08-15 01:00:00,113.15,117.36918107696886,33.345
2026-08-15 02:00:00,98.59333333333332,111.74852756795336,7.585
2026-08-15 03:00:00,97.2625,106.81022460812162,7.409166666666667
2026-08-15 04:00:00,92.2675,103.02318509480328,1.7283333333333333
2026-08-15 05:00:00,90.46416666666666,103.98379940015572,0.0058333333333333
2026-08-15 06:00:00,112.6,107.93086661986686,-0.045
2026-08-15 07:00:00,111.8,118.20654628399616,3.3708333333333336
2026-08-15 08:00:00,131.19833333333335,119.41186148030287,18.15833333333333
2026-08-15 09:00:00,60.0125,89.60824071636604,7.0683333333333325
2026-08-15 10:00:00,65.77666666666667,58.55632719056965,-0.1641666666666666
2026-08-15 11:00:00,48.64666666666667,40.51952594377835,-2.8666666666666667
2026-08-15 12:00:00,64.52416666666666,41.546766627211184,-5.995833333333334
2026-08-15 13:00:00,65.4875,37.236157923845205,-6.644166666666667
2026-08-15 14:00:00,69.30916666666667,32.432585569067626,-6.804166666666667
2026-08-15 15:00:00,66.33749999999999,33.37957400618848,-6.995
2026-08-15 16:00:00,56.03416666666666,48.75344316057056,2.0225
2026-08-15 17:00:00,73.345,82.17065075133961,12.160000000000002
2026-08-15 18:00:00,96.65916666666668,107.26137687998806,13.735
2026-08-15 19:00:00,93.5825,111.4298684519036,17.378333333333334
2026-08-15 20:00:00,89.01916666666666,109.30080821869517,16.098333333333333
2026-08-15 21:00:00,87.20416666666667,106.2168350721392,7.309166666666667
2026-08-15 22:00:00,89.22583333333334,102.86192382105229,8.75
2026-08-15 23:00:00,83.22,97.81406118995136,8.046666666666667
2026-08-16 00:00:00,78.87,94.44584164526016,9.0925
2026-08-16 01:00:00,67.73833333333333,88.08569283549568,0.3941666666666666
2026-08-16 02:00:00,66.97166666666666,86.01411064554809,-0.0791666666666666
2026-08-16 03:00:00,62.807500000000005,85.3484620166699,-1.9425
2026-08-16 04:00:00,62.21416666666667,86.43137928144779,-4.198333333333333
2026-08-16 05:00:00,61.24,86.03988764907332,-4.951666666666667
2026-08-16 06:00:00,59.92333333333334,89.78734497148817,-5.214166666666666
2026-08-16 07:00:00,68.9875,98.92115366170933,-0.8983333333333334
2026-08-16 08:00:00,49.21666666666667,98.86229227587096,8.84
2026-08-16 09:00:00,44.43833333333333,76.69731725691166,11.466666666666669
2026-08-16 10:00:00,32.8375,52.75080713008008,9.733333333333333
2026-08-16 11:00:00,12.453333333333331,34.60479284040175,6.624166666666667
2026-08-16 12:00:00,4.3116666666666665,25.68055332261725,23.031666666666663
2026-08-16 13:00:00,-2.971666666666667,20.58918483157621,17.124166666666667
2026-08-16 14:00:00,-5.571666666666666,20.94707414864104,24.8875
2026-08-16 15:00:00,-12.878333333333332,16.971798495567853,8.395
2026-08-16 16:00:00,-1.549166666666667,23.95646756078623,15.128333333333332
2026-08-16 17:00:00,62.38083333333333,55.46984544108021,57.8775
2026-08-16 18:00:00,80.685,94.300385093901,87.25333333333333
2026-08-16 19:00:00,81.99,106.64471821984183,90.20416666666668
2026-08-16 20:00:00,77.85833333333333,117.10350951354972,91.61416666666666
2026-08-16 21:00:00,72.64333333333333,118.9078379757316,97.5875
2026-08-16 22:00:00,68.33083333333333,115.86595794665996,103.58916666666666
2026-08-16 23:00:00,62.06583333333333,107.64789998834196,83.82083333333334
2026-08-17 00:00:00,57.11083333333334,102.99725118807166,81.87083333333332
2026-08-17 01:00:00,56.46416666666667,117.39068489844304,80.01833333333333
2026-08-17 02:00:00,52.1925,111.76311105440055,67.33333333333333
2026-08-17 03:00:00,51.19083333333333,110.55945643154509,66.42666666666666
2026-08-17 04:00:00,51.8775,112.9741575157928,66.92166666666667
2026-08-17 05:00:00,44.48083333333333,118.89744560173264,62.99916666666667
2026-08-17 06:00:00,45.48,134.81754157867732,57.74583333333334
2026-08-17 07:00:00,56.99916666666667,165.48169989668628,65.22416666666668
2026-08-17 08:00:00,60.0125,180.4724695298892,79.64916666666666
2026-08-17 09:00:00,51.98666666666667,163.84881985407614,84.16
2026-08-17 10:00:00,51.575,131.24060840901828,98.11583333333331
2026-08-17 11:00:00,26.734166666666667,97.62129027780736,86.6375
2026-08-17 12:00:00,19.300833333333333,77.12869498633836,73.25166666666667
2026-08-17 13:00:00,21.389166666666668,51.43262254532337,42.248333333333335
2026-08-17 14:00:00,3.5850000000000004,42.79774440354456,46.56666666666666
2026-08-17 15:00:00,16.408333333333335,49.86737332688067,13.470833333333331
2026-08-17 16:00:00,13.003333333333332,73.26719540009708,6.675
2026-08-17 17:00:00,70.75,125.49001100795796,50.365833333333335
2026-08-17 18:00:00,84.38666666666667,173.7498900738305,87.28916666666667
2026-08-17 19:00:00,84.17083333333333,192.25921655688316,91.73
2026-08-17 20:00:00,83.6025,192.57956058517533,86.23
2026-08-17 21:00:00,86.14666666666666,184.57959699703008,81.73333333333333
2026-08-17 22:00:00,74.05833333333334,171.46736976620852,86.09166666666665
2026-08-17 23:00:00,56.04916666666667,149.78762242316964,73.50916666666667
2026-08-18 00:00:00,53.806666666666665,134.7294277002586,69.97666666666667
2026-08-18 01:00:00,48.0025,118.16739045583678,69.49499999999999
2026-08-18 02:00:00,38.270833333333336,103.44050611333992,66.14583333333333
2026-08-18 03:00:00,29.2725,94.24763746311888,56.884166666666665
2026-08-18 04:00:00,28.01333333333333,86.98333256938741,59.1225
2026-08-18 05:00:00,27.979166666666668,85.66218853877214,64.86833333333333
2026-08-18 06:00:00,28.496666666666663,97.2569764293705,76.705
2026-08-18 07:00:00,35.708333333333336,115.76505613918444,82.12833333333333
2026-08-18 08:00:00,46.56166666666667,137.53537893079965,86.28583333333334
2026-08-18 09:00:00,17.227500000000003,89.59249922909243,79.55916666666667
2026-08-18 10:00:00,7.2775,55.39866207505424,45.931666666666665
2026-08-18 11:00:00,-2.3516666666666666,31.747784299536956,29.375833333333333
2026-08-18 12:00:00,-5.696666666666666,10.674278052248567,27.125833333333333
2026-08-18 13:00:00,-5.700833333333333,2.767535502115408,10.2825
2026-08-18 14:00:00,-1.1375,-1.29934789497824,15.784166666666666
2026-08-18 15:00:00,-0.8875000000000001,-0.4419987236994416,16.896666666666665
2026-08-18 16:00:00,3.3241666666666667,19.107091757020022,39.9775
2026-08-18 17:00:00,22.745,58.5712294099263,75.3875
2026-08-18 18:00:00,17.518333333333334,97.66873142063426,75.37166666666667
2026-08-18 19:00:00,12.445833333333333,88.86002344111215,78.49083333333333
2026-08-18 20:00:00,11.7875,87.57231089955653,63.42583333333334
2026-08-18 21:00:00,9.51,74.46262930194136,49.80916666666666
2026-08-18 22:00:00,9.491666666666667,50.61550000083372,6.322500000000001
2026-08-18 23:00:00,8.0625,38.33809253425274,2.875
2026-08-19 00:00:00,-0.1566666666666666,23.31987698297354,0.0766666666666666
2026-08-19 01:00:00,-0.2783333333333333,4.50448365408306,7.888333333333333
2026-08-19 02:00:00,-3.4625,-2.759083773835968,0.6233333333333333
2026-08-19 03:00:00,-5.585,-6.775656823528166,-0.025
2026-08-19 04:00:00,-6.871666666666666,-8.079242493145074,-0.0416666666666666
2026-08-19 05:00:00,-5.741666666666667,-4.038923128188401,-0.0708333333333333
2026-08-19 06:00:00,5.399166666666666,-0.1907927860628291,-0.0233333333333333
2026-08-19 07:00:00,13.589166666666666,12.597058279412964,15.048333333333332
2026-08-19 08:00:00,4.9375,19.491330032751375,11.31
2026-08-19 09:00:00,20.09,21.006124516068432,21.655833333333334
2026-08-19 10:00:00,21.51833333333333,18.90142900089076,41.965
2026-08-19 11:00:00,12.788333333333334,22.239448217335894,5.609999999999999
2026-08-19 12:00:00,13.93,30.96397518351221,5.773333333333333
2026-08-19 13:00:00,13.8925,28.17481684128716,-0.075
2026-08-19 14:00:00,9.701666666666666,21.72708873074844,0.4133333333333333
2026-08-19 15:00:00,4.3175,3.4832499931583243,-1.4983333333333333
2026-08-19 16:00:00,8.399166666666666,13.933144499286222,22.70833333333333
2026-08-19 17:00:00,34.21333333333333,32.49439675034375,50.26083333333333
2026-08-19 18:00:00,54.57,53.86492289355281,82.80416666666666
2026-08-19 19:00:00,61.998333333333335,61.28899996246249,95.24916666666668
2026-08-19 20:00:00,61.42416666666667,70.9551818609509,92.175
2026-08-19 21:00:00,58.475,64.40189162931027,86.36166666666666
2026-08-19 22:00:00,32.274166666666666,69.38233095149126,80.34916666666668
2026-08-19 23:00:00,36.42083333333333,66.64515166602553,67.91000000000001
2026-08-20 00:00:00,61.25833333333333,65.4433469797285,54.73666666666667
2026-08-20 01:00:00,60.5675,66.33341437198507,41.61416666666667
2026-08-20 02:00:00,52.1525,61.17747823766354,53.11416666666667
2026-08-20 03:00:00,49.6925,55.50849914264939,42.1175
2026-08-20 04:00:00,57.39083333333334,60.94851634241432,28.852500000000003
2026-08-20 05:00:00,55.4825,71.31561947366842,13.336666666666666
2026-08-20 06:00:00,66.27,90.03129109638589,16.8775
2026-08-20 07:00:00,80.43583333333333,118.18853891321008,40.435833333333335
2026-08-20 08:00:00,104.15916666666668,146.3066367978247,60.83916666666666
2026-08-20 09:00:00,126.3875,112.66265786636724,70.41833333333334
2026-08-20 10:00:00,270.59666666666664,106.78974483808312,76.5025
2026-08-20 11:00:00,51.05083333333334,77.71462250924493,73.07333333333334
2026-08-20 12:00:00,26.8225,49.63258233589029,89.82416666666666
2026-08-20 13:00:00,16.509166666666665,42.18908931624178,88.24333333333334
2026-08-20 14:00:00,18.61583333333333,29.961420306621022,88.53916666666667
2026-08-20 15:00:00,25.9825,24.11869573038468,83.30833333333334
2026-08-20 16:00:00,37.37,63.34234013839179,102.64583333333331
2026-08-20 17:00:00,27.9325,99.02484283317192,108.86416666666666
2026-08-20 18:00:00,73.66000000000001,121.3805596811849,123.13
2026-08-20 19:00:00,63.0025,125.820324241433,122.9725
2026-08-20 20:00:00,82.86083333333333,148.216058123207,114.3775
2026-08-20 21:00:00,86.81,153.78625165925496,115.79
2026-08-20 22:00:00,87.21749999999999,135.8002891868478,109.4875
2026-08-20 23:00:00,72.99416666666667,114.68941677075183,103.89833333333333
2026-08-21 00:00:00,58.90416666666667,103.4779048663862,98.46083333333333
2026-08-21 01:00:00,59.78333333333333,93.34916554218728,95.73166666666668
2026-08-21 02:00:00,45.92166666666666,86.79649103912271,103.54333333333334
2026-08-21 03:00:00,39.64833333333333,78.41242913147104,98.19166666666666
2026-08-21 04:00:00,22.74083333333333,74.585781367757,93.88583333333334
2026-08-21 05:00:00,17.451666666666664,71.64200734331668,87.82666666666667
2026-08-21 06:00:00,10.745833333333332,79.35044868912642,85.505
2026-08-21 07:00:00,45.61333333333334,107.11233265691138,97.8
2026-08-21 08:00:00,54.064166666666665,124.261266263207,86.205
2026-08-21 09:00:00,45.619166666666665,96.6564542883714,84.565
2026-08-21 10:00:00,31.159166666666668,69.28747734458189,96.38333333333333
2026-08-21 11:00:00,37.42416666666667,45.12870817023275,77.44416666666666
2026-08-21 12:00:00,36.80916666666667,63.18039711320468,81.44833333333334
2026-08-21 13:00:00,41.15583333333333,65.82131471673036,80.54833333333333
2026-08-21 14:00:00,37.61,69.26942622211087,61.19833333333333
2026-08-21 15:00:00,38.56333333333333,65.47575249057137,45.58583333333333
2026-08-21 16:00:00,44.38166666666667,73.30628903517369,65.9025
2026-08-21 17:00:00,64.205,107.46658072704652,121.4375
2026-08-21 18:00:00,71.14166666666667,126.434565179182,157.46083333333334
2026-08-21 19:00:00,61.46083333333333,114.85929592050354,144.76083333333335
2026-08-21 20:00:00,21.34166666666667,93.02981975085208,121.48416666666668
2026-08-21 21:00:00,12.043333333333337,72.1546084126475,114.40666666666668
2026-08-21 22:00:00,11.545833333333334,59.0425257341155,112.39083333333332
2026-08-21 23:00:00,9.849166666666669,47.99793229167159,114.735
2026-08-22 00:00:00,8.438333333333334,46.47694237771863,101.23166666666668
2026-08-22 01:00:00,4.9675,53.059797894644205,113.15
2026-08-22 02:00:00,1.43,43.582720010061074,98.59333333333332
2026-08-22 03:00:00,8.0325,39.59646197249458,97.2625
2026-08-22 04:00:00,5.471666666666667,43.897752657308295,92.2675
2026-08-22 05:00:00,6.720833333333334,47.402047967257616,90.46416666666666
2026-08-22 06:00:00,4.253333333333333,51.52585743484299,112.6
2026-08-22 07:00:00,13.825,61.192884676912016,111.8
2026-08-22 08:00:00,18.360833333333336,62.48733078338047,131.19833333333335
2026-08-22 09:00:00,23.17833333333333,53.56760943610718,60.0125
2026-08-22 10:00:00,11.973333333333334,21.20773504402751,65.77666666666667
2026-08-22 11:00:00,7.677499999999999,-2.3040179769717497,48.64666666666667
2026-08-22 12:00:00,8.834999999999999,-1.0158776851255735,64.52416666666666
2026-08-22 13:00:00,3.675833333333333,-9.039126894480106,65.4875
2026-08-22 14:00:00,-2.438333333333333,-14.990429220157154,69.30916666666667
2026-08-22 15:00:00,-1.2141666666666666,-0.9610441051972742,66.33749999999999
2026-08-22 16:00:00,19.6975,27.698146740505145,56.03416666666666
2026-08-22 17:00:00,70.76666666666667,75.43107001079647,73.345
2026-08-22 18:00:00,106.9225,115.60351071930933,96.65916666666668
2026-08-22 19:00:00,104.05416666666667,128.3519098678859,93.5825
2026-08-22 20:00:00,117.745,130.10603542181505,89.01916666666666
2026-08-22 21:00:00,128.7225,125.74504299002464,87.20416666666667
2026-08-22 22:00:00,119.98166666666668,117.13078484008057,89.22583333333334
2026-08-22 23:00:00,114.685,105.78536565022604,83.22
2026-08-23 00:00:00,117.06833333333331,103.13498976022235,78.87
2026-08-23 01:00:00,119.69833333333332,98.03313489343417,67.73833333333333
2026-08-23 02:00:00,129.91333333333333,94.8452521781276,66.97166666666666
2026-08-23 03:00:00,112.81333333333332,91.76896291130797,62.807500000000005
2026-08-23 04:00:00,109.38916666666668,90.10525349146884,62.21416666666667
2026-08-23 05:00:00,104.07916666666668,90.5585531060115,61.24
2026-08-23 06:00:00,112.7975,94.0403647954514,59.92333333333334
2026-08-23 07:00:00,106.48166666666668,100.10066023693236,68.9875
2026-08-23 08:00:00,62.66833333333333,84.20294373783781,49.21666666666667
2026-08-23 09:00:00,14.601666666666668,50.33724875000188,44.43833333333333
2026-08-23 10:00:00,5.538333333333333,36.371200311700086,32.8375
2026-08-23 11:00:00,-3.545,-1.232549147326722,12.453333333333331
2026-08-23 12:00:00,-7.079999999999999,-9.30724421305662,4.3116666666666665
2026-08-23 13:00:00,-3.900833333333333,-13.334404834346133,-2.971666666666667
2026-08-23 14:00:00,-2.521666666666667,-10.039287841545402,-5.571666666666666
2026-08-23 15:00:00,1.4875,-8.03556921334416,-12.878333333333332
2026-08-23 16:00:00,-2.125,10.94773334172595,-1.549166666666667
2026-08-23 17:00:00,43.205000000000005,37.69919576870205,62.38083333333333
2026-08-23 18:00:00,78.63666666666667,75.29589687816488,80.685
2026-08-23 19:00:00,87.35833333333333,89.59894880766942,81.99
2026-08-23 20:00:00,84.14833333333333,103.3621953917546,77.85833333333333
2026-08-23 21:00:00,83.48083333333334,102.5522450113982,72.64333333333333
2026-08-23 22:00:00,71.9225,95.79728654347322,68.33083333333333
2026-08-23 23:00:00,56.814166666666665,84.11709837008122,62.06583333333333
2026-08-24 00:00:00,36.6475,74.64647465025635,57.11083333333334
2026-08-24 01:00:00,32.431666666666665,63.91029320161925,56.46416666666667
2026-08-24 02:00:00,20.72,41.47974340078436,52.1925
2026-08-24 03:00:00,17.99416666666667,29.806256894495817,51.19083333333333
2026-08-24 04:00:00,26.77333333333333,36.06020862680046,51.8775
2026-08-24 05:00:00,34.196666666666665,49.53575966151816,44.48083333333333
2026-08-24 06:00:00,21.15416666666667,62.41981568527507,45.48
2026-08-24 07:00:00,44.895,80.74590005248888,56.99916666666667
2026-08-24 08:00:00,44.34166666666667,94.06024573773183,60.0125
2026-08-24 09:00:00,20.98583333333333,78.34620184282193,51.98666666666667
2026-08-24 10:00:00,21.33666666666667,49.53956982107881,51.575
2026-08-24 11:00:00,14.223333333333334,9.01269591905843,26.734166666666667
2026-08-24 12:00:00,10.935833333333331,9.970209263991109,19.300833333333333
2026-08-24 13:00:00,8.711666666666668,16.49020428821659,21.389166666666668
2026-08-24 14:00:00,18.305,36.4438753873271,3.5850000000000004
2026-08-24 15:00:00,37.1525,55.366731265086685,16.408333333333335
2026-08-24 16:00:00,88.45416666666667,60.31834398425582,13.003333333333332
2026-08-24 17:00:00,104.665,97.68020029912395,70.75
2026-08-24 18:00:00,116.05583333333334,136.34163244273702,84.38666666666667
2026-08-24 19:00:00,114.16583333333334,151.94017287306212,84.17083333333333
2026-08-24 20:00:00,102.475,154.43414895108043,83.6025
2026-08-24 21:00:00,100.65083333333332,142.36666942991295,86.14666666666666
2026-08-24 22:00:00,110.6325,138.88497145058804,74.05833333333334
2026-08-24 23:00:00,71.23,122.80826675113632,56.04916666666667
2026-08-25 00:00:00,80.27416666666666,117.53459718306448,53.806666666666665
2026-08-25 01:00:00,97.665,110.9580924282306,48.0025
2026-08-25 02:00:00,83.69166666666666,102.94150258941866,38.270833333333336
2026-08-25 03:00:00,87.83999999999999,98.94292517271776,29.2725
2026-08-25 04:00:00,86.67083333333333,104.37162795187558,28.01333333333333
2026-08-25 05:00:00,94.38166666666666,116.21626457701242,27.979166666666668
2026-08-25 06:00:00,102.5575,135.5734074148441,28.496666666666663
2026-08-25 07:00:00,97.47,162.650779323928,35.708333333333336
2026-08-25 08:00:00,99.42083333333332,179.63503472876198,46.56166666666667
2026-08-25 09:00:00,93.52583333333332,162.9341213503865,17.227500000000003
2026-08-25 10:00:00,92.645,121.832160376378,7.2775
2026-08-25 11:00:00,84.00916666666667,116.317503760911,-2.3516666666666666
2026-08-25 12:00:00,90.06083333333333,126.88727528852368,-5.696666666666666
2026-08-25 13:00:00,90.18,125.07342655890304,-5.700833333333333
2026-08-25 14:00:00,106.99666666666668,114.4872233196966,-1.1375
2026-08-25 15:00:00,97.59,112.01005766097144,-0.8875000000000001
2026-08-25 16:00:00,102.25416666666666,113.02441053726612,3.3241666666666667
2026-08-25 17:00:00,115.6,148.43248976522494,22.745
2026-08-25 18:00:00,138.48916666666668,158.4918038953191,17.518333333333334
2026-08-25 19:00:00,99.08083333333332,147.92288726682006,12.445833333333333
2026-08-25 20:00:00,105.45666666666666,140.2540692772888,11.7875
2026-08-25 21:00:00,102.39,123.48322351381456,9.51
2026-08-25 22:00:00,85.58583333333333,110.9109770315187,9.491666666666667
2026-08-25 23:00:00,68.72833333333334,90.42310172707124,8.0625
2026-08-26 00:00:00,56.34,74.45034130800697,-0.1566666666666666
2026-08-26 01:00:00,60.840833333333336,67.39113723453104,-0.2783333333333333
2026-08-26 02:00:00,81.9425,57.09833425348986,-3.4625
2026-08-26 03:00:00,86.83166666666666,53.277842501398126,-5.585
2026-08-26 04:00:00,76.7775,59.3288101047329,-6.871666666666666
2026-08-26 05:00:00,96.03333333333336,71.6475591291918,-5.741666666666667
2026-08-26 06:00:00,97.67833333333334,94.77646077017656,5.399166666666666
2026-08-26 07:00:00,113.70916666666666,118.03258649330716,13.589166666666666
2026-08-26 08:00:00,106.59,121.23631805763966,4.9375
2026-08-26 09:00:00,60.13333333333333,83.65139355487761,20.09
2026-08-26 10:00:00,39.24583333333333,38.66496344621888,21.51833333333333
2026-08-26 11:00:00,38.965833333333336,27.800977839272136,12.788333333333334
2026-08-26 12:00:00,51.32583333333333,26.684344684230325,13.93
2026-08-26 13:00:00,58.06,20.661673157581383,13.8925
2026-08-26 14:00:00,75.84083333333334,14.601401831771897,9.701666666666666
2026-08-26 15:00:00,34.90083333333333,13.253571566689942,4.3175
2026-08-26 16:00:00,13.416666666666666,20.97659499672143,8.399166666666666
2026-08-26 17:00:00,82.57916666666667,69.79542674118605,34.21333333333333
2026-08-26 18:00:00,124.46083333333333,135.4776890612646,54.57
2026-08-26 19:00:00,135.49499999999998,160.84820679145162,61.998333333333335
2026-08-26 20:00:00,125.68916666666668,170.9855141838496,61.42416666666667
2026-08-26 21:00:00,131.46583333333334,165.49472794148562,58.475
2026-08-26 22:00:00,131.57666666666665,160.32472726452863,32.274166666666666
2026-08-26 23:00:00,136.64166666666668,145.8220014306308,36.42083333333333
2026-08-27 00:00:00,128.5975,137.1444372527572,61.25833333333333
2026-08-27 01:00:00,123.9225,127.8883948825132,60.5675
2026-08-27 02:00:00,130.27583333333334,124.42988521887006,52.1525
2026-08-27 03:00:00,129.55083333333332,122.69485265934956,49.6925
2026-08-27 04:00:00,134.525,124.3757199852498,57.39083333333334
2026-08-27 05:00:00,138.60166666666666,126.5216711887431,55.4825
2026-08-27 06:00:00,186.155,138.3302044022373,66.27
2026-08-27 07:00:00,261.1691666666666,171.3682879288109,80.43583333333333
2026-08-27 08:00:00,162.03,173.51588922917398,104.15916666666668
2026-08-27 09:00:00,63.40083333333333,140.48980086694138,126.3875
2026-08-27 10:00:00,53.37583333333333,100.1011031174954,270.59666666666664
2026-08-27 11:00:00,27.385,74.23887797188635,51.05083333333334
2026-08-27 12:00:00,29.477500000000003,64.28321073909113,26.8225
2026-08-27 13:00:00,27.179166666666664,47.211206593346205,16.509166666666665
2026-08-27 14:00:00,24.45083333333333,39.62988181283056,18.61583333333333
2026-08-27 15:00:00,14.724166666666669,39.18426485272271,25.9825
2026-08-27 16:00:00,12.774166666666668,65.74723770110302,37.37
2026-08-27 17:00:00,88.03166666666668,115.07488431377703,27.9325
2026-08-27 18:00:00,155.1825,175.31389491212295,73.66000000000001
2026-08-27 19:00:00,143.395,195.07205771318425,63.0025
2026-08-27 20:00:00,124.69166666666666,192.99409124547768,82.86083333333333
2026-08-27 21:00:00,121.6875,184.61878062463697,86.81
2026-08-27 22:00:00,141.6158333333333,156.7311404423308,87.21749999999999
2026-08-27 23:00:00,180.16166666666663,126.25317698237832,72.99416666666667
2026-08-28 00:00:00,148.1175,113.9410209170588,58.90416666666667
2026-08-28 01:00:00,138.49666666666667,98.01436619380048,59.78333333333333
2026-08-28 02:00:00,127.22916666666669,82.63700785203787,45.92166666666666
2026-08-28 03:00:00,120.21999999999998,73.66214118067694,39.64833333333333
2026-08-28 04:00:00,86.7275,78.73926884195474,22.74083333333333
2026-08-28 05:00:00,74.295,84.63369623468077,17.451666666666664
2026-08-28 06:00:00,81.39,97.40464673362166,10.745833333333332
2026-08-28 07:00:00,85.89416666666666,118.0346601119027,45.61333333333334
2026-08-28 08:00:00,57.939166666666665,111.17448658452489,54.064166666666665
2026-08-28 09:00:00,33.75833333333333,99.1162997516824,45.619166666666665
2026-08-28 10:00:00,23.939166666666665,85.04184161421398,31.159166666666668
2026-08-28 11:00:00,21.058333333333334,81.63565108823364,37.42416666666667
2026-08-28 12:00:00,29.35666666666667,96.10598355822266,36.80916666666667
2026-08-28 13:00:00,40.46,87.81781988520713,41.15583333333333
2026-08-28 14:00:00,42.134166666666665,97.69926480729606,37.61
2026-08-28 15:00:00,41.80833333333333,97.12096748436208,38.56333333333333
2026-08-28 16:00:00,33.60166666666667,96.24846791193237,44.38166666666667
2026-08-28 17:00:00,111.36833333333334,145.74272812995792,64.205
2026-08-28 18:00:00,129.95000000000002,183.1938937077105,71.14166666666667
2026-08-28 19:00:00,124.7275,188.03769118241036,61.46083333333333
2026-08-28 20:00:00,116.37083333333334,181.39394272073585,21.34166666666667
2026-08-28 21:00:00,104.06333333333332,172.25260880722885,12.043333333333337
2026-08-28 22:00:00,103.77666666666666,161.8854488356116,11.545833333333334
2026-08-28 23:00:00,111.36083333333332,147.5752275220815,9.849166666666669
2026-08-29 00:00:00,116.59833333333334,137.49611112284714,8.438333333333334
2026-08-29 01:00:00,106.2275,119.21388621715064,4.9675
2026-08-29 02:00:00,104.4925,105.335515980744,1.43
2026-08-29 03:00:00,99.02666666666666,97.10739898543302,8.0325
2026-08-29 04:00:00,93.7325,94.90679404499024,5.471666666666667
2026-08-29 05:00:00,92.2175,95.0703850110216,6.720833333333334
2026-08-29 06:00:00,96.71916666666668,103.80780420028452,4.253333333333333
2026-08-29 07:00:00,102.1175,116.80675271124043,13.825
2026-08-29 08:00:00,66.8225,114.45482085081544,18.360833333333336
2026-08-29 09:00:00,13.32,69.1808567915134,23.17833333333333
2026-08-29 10:00:00,3.9841666666666655,39.95168512368295,11.973333333333334
2026-08-29 11:00:00,7.9725,23.278981791504933,7.677499999999999
2026-08-29 12:00:00,8.090833333333334,17.769676769039982,8.834999999999999
2026-08-29 13:00:00,-1.4408333333333332,-0.1698483257226684,3.675833333333333
2026-08-29 14:00:00,-8.341666666666667,-1.917160003730132,-2.438333333333333
2026-08-29 15:00:00,-14.064166666666663,-3.1143282289377083,-1.2141666666666666
2026-08-29 16:00:00,-10.1075,13.410713187142186,19.6975
2026-08-29 17:00:00,26.94666666666667,67.66875446540318,70.76666666666667
2026-08-29 18:00:00,88.09166666666665,127.85941057114395,106.9225
2026-08-29 19:00:00,91.995,145.24328555870883,104.05416666666667
2026-08-29 20:00:00,88.07,144.69608016147208,117.745
2026-08-29 21:00:00,83.13833333333334,142.07789791193954,128.7225
2026-08-29 22:00:00,96.2075,132.9548154958826,119.98166666666668
2026-08-29 23:00:00,91.065,127.01626791750692,114.685
2026-08-30 00:00:00,84.81916666666667,117.4024461306413,117.06833333333331
2026-08-30 01:00:00,78.23166666666667,105.70823683362114,119.69833333333332
2026-08-30 02:00:00,74.02333333333333,102.26245131985364,129.91333333333333
2026-08-30 03:00:00,74.66666666666667,95.3397897869673,112.81333333333332
2026-08-30 04:00:00,66.74083333333333,91.52934442248308,109.38916666666668
2026-08-30 05:00:00,68.35416666666667,91.33860503342,104.07916666666668
2026-08-30 06:00:00,71.62166666666667,97.35469756269356,112.7975
2026-08-30 07:00:00,69.685,113.575658472964,106.48166666666668
2026-08-30 08:00:00,30.795,96.50739935142502,62.66833333333333
2026-08-30 09:00:00,11.196666666666667,65.02309560388804,14.601666666666668
2026-08-30 10:00:00,4.9375,45.01147826507109,5.538333333333333
2026-08-30 11:00:00,7.1375,30.38387113636498,-3.545
2026-08-30 12:00:00,0.5441666666666666,17.98025990136508,-7.079999999999999
2026-08-30 13:00:00,-7.316666666666666,2.2305707844384277,-3.900833333333333
2026-08-30 14:00:00,-10.223333333333334,-2.089220908662796,-2.521666666666667
2026-08-30 15:00:00,-12.12,-0.948194314597032,1.4875
2026-08-30 16:00:00,-6.679166666666667,15.772365252051422,-2.125
2026-08-30 17:00:00,43.04,59.770640247605776,43.205000000000005
2026-08-30 18:00:00,97.14416666666666,116.3498582992975,78.63666666666667
2026-08-30 19:00:00,105.35333333333334,132.62211362591108,87.35833333333333
2026-08-30 20:00:00,101.90583333333336,131.44010668027312,84.14833333333333
2026-08-30 21:00:00,101.565,125.6761698931999,83.48083333333334
2026-08-30 22:00:00,100.46583333333332,119.87836824133107,71.9225
2026-08-30 23:00:00,91.36583333333334,116.48563086010512,56.814166666666665
2026-08-31 00:00:00,89.6475,107.32912376567798,36.6475
2026-08-31 01:00:00,94.67833333333334,115.48644783192078,32.431666666666665
2026-08-31 02:00:00,106.805,112.6682734584622,20.72
2026-08-31 03:00:00,114.6625,111.17499831665867,17.99416666666667
2026-08-31 04:00:00,95.335,110.3328246872232,26.77333333333333
2026-08-31 05:00:00,84.96833333333333,113.76054253906992,34.196666666666665
2026-08-31 06:00:00,96.24583333333334,131.0390172010085,21.15416666666667
2026-08-31 07:00:00,92.03249999999998,160.08883701456335,44.895
2026-08-31 08:00:00,63.2625,171.06849983609035,44.34166666666667
2026-08-31 09:00:00,23.296666666666667,149.07021312019458,20.98583333333333
2026-08-31 10:00:00,18.7925,114.30598686115736,21.33666666666667
2026-08-31 11:00:00,9.394166666666669,83.61295446234486,14.223333333333334
2026-08-31 12:00:00,8.071666666666667,64.96930530212224,10.935833333333331
2026-08-31 13:00:00,6.048333333333333,36.91060063732414,8.711666666666668
2026-08-31 14:00:00,2.0975,36.63903928074306,18.305
2026-08-31 15:00:00,9.8525,38.25561837263669,37.1525
2026-08-31 16:00:00,14.069166666666666,52.88209525816655,88.45416666666667
2026-08-31 17:00:00,67.81083333333333,104.62673472764708,104.665
2026-08-31 18:00:00,109.16916666666668,170.68431368115785,116.05583333333334
2026-08-31 19:00:00,110.5575,188.39923960255757,114.16583333333334
2026-08-31 20:00:00,105.96666666666664,186.64645025570275,102.475
2026-08-31 21:00:00,99.08333333333331,167.65091454051878,100.65083333333332
2026-08-31 22:00:00,88.10666666666667,131.2023513122475,110.6325
2026-08-31 23:00:00,77.57333333333334,86.5538205300343,71.23
2026-09-01 00:00:00,47.01833333333334,66.49854393233943,80.27416666666666
2026-09-01 01:00:00,11.546666666666669,45.821569523268494,97.665
2026-09-01 02:00:00,5.831666666666667,29.126634165100384,83.69166666666666
2026-09-01 03:00:00,0.9858333333333332,14.462059267841212,87.83999999999999
2026-09-01 04:00:00,-0.0375,5.244304803435,86.67083333333333
2026-09-01 05:00:00,-0.395,-0.8573709325097383,94.38166666666666
2026-09-01 06:00:00,-0.1991666666666667,-0.1359955272259583,102.5575
2026-09-01 07:00:00,20.0925,9.803998004961592,97.47
2026-09-01 08:00:00,2.4058333333333333,7.215782078994451,99.42083333333332
2026-09-01 09:00:00,-9.145,-19.47373422247827,93.52583333333332
2026-09-01 10:00:00,-5.645,-26.774501726994103,92.645
2026-09-01 11:00:00,-30.575,-22.879048962356805,84.00916666666667
2026-09-01 12:00:00,-33.43666666666667,-20.156817768440632,90.06083333333333
2026-09-01 13:00:00,-34.88333333333333,-26.28837810633576,90.18
2026-09-01 14:00:00,-19.279166666666665,-44.531126116929855,106.99666666666668
2026-09-01 15:00:00,-8.311666666666666,-45.74025592776735,97.59
2026-09-01 16:00:00,1.0375000000000003,-18.54391256154909,102.25416666666666
2026-09-01 17:00:00,20.66,10.195827149275452,115.6
2026-09-01 18:00:00,9.958333333333334,36.24375155576061,138.48916666666668
2026-09-01 19:00:00,11.160000000000002,41.211384324641145,99.08083333333332
2026-09-01 20:00:00,10.265,32.24411663518355,105.45666666666666
2026-09-01 21:00:00,9.251666666666669,21.611830893549826,102.39
2026-09-01 22:00:00,6.926666666666667,23.896708557806438,85.58583333333333
2026-09-01 23:00:00,3.026666666666667,30.25523765388592,68.72833333333334
2026-09-02 00:00:00,9.478333333333332,31.38995380441429,56.34
2026-09-02 01:00:00,10.575,38.21282196746208,60.840833333333336
2026-09-02 02:00:00,36.64083333333333,49.1059945151301,81.9425
2026-09-02 03:00:00,48.685,59.37130435954102,86.83166666666666
2026-09-02 04:00:00,59.44916666666666,79.65742086758964,76.7775
2026-09-02 05:00:00,62.1225,91.16838011381633,96.03333333333336
2026-09-02 06:00:00,60.84916666666667,98.27009547045658,97.67833333333334
2026-09-02 07:00:00,72.66416666666667,115.50736863162626,113.70916666666666
2026-09-02 08:00:00,38.498333333333335,105.7162955609599,106.59
2026-09-02 09:00:00,16.57,75.68545969721535,60.13333333333333
2026-09-02 10:00:00,9.478333333333332,61.95246559402154,39.24583333333333
2026-09-02 11:00:00,11.566666666666668,43.77978001972241,38.965833333333336
2026-09-02 12:00:00,9.8525,47.56543172515772,51.32583333333333
2026-09-02 13:00:00,7.166666666666667,28.46434338922616,58.06
2026-09-02 14:00:00,-3.0325,10.587873808578564,75.84083333333334
2026-09-02 15:00:00,-3.458333333333333,21.058645693514165,34.90083333333333
2026-09-02 16:00:00,14.649166666666666,41.27743885778738,13.416666666666666
2026-09-02 17:00:00,64.69333333333333,79.8926703843775,82.57916666666667
2026-09-02 18:00:00,77.27083333333333,114.48676690017098,124.46083333333333
2026-09-02 19:00:00,77.5625,115.38674851325376,135.49499999999998
2026-09-02 20:00:00,75.75750000000001,109.92386734200936,125.68916666666668
2026-09-02 21:00:00,82.0475,112.33285822751668,131.46583333333334
2026-09-02 22:00:00,88.03833333333334,114.6845989812761,131.57666666666665
2026-09-02 23:00:00,61.07333333333333,113.62928682162573,136.64166666666668
2026-09-03 00:00:00,21.635,105.99723091421772,128.5975
2026-09-03 01:00:00,15.694166666666668,79.8432668868078,123.9225
2026-09-03 02:00:00,7.318333333333332,49.8484953883615,130.27583333333334
2026-09-03 03:00:00,1.0741666666666667,29.794008293608982,129.55083333333332
2026-09-03 04:00:00,0.01,21.279427215162897,134.525
2026-09-03 05:00:00,0.01,17.037785443028127,138.60166666666666
2026-09-03 06:00:00,0.0124999999999999,24.22329341239729,186.155
2026-09-03 07:00:00,12.1325,35.53625582333283,261.1691666666666
2026-09-03 08:00:00,7.153333333333333,51.213077267323655,162.03
2026-09-03 09:00:00,-2.8525,28.69289297685941,63.40083333333333
2026-09-03 10:00:00,30.382500000000004,36.02758408446979,53.37583333333333
2026-09-03 11:00:00,51.098333333333336,38.269517985317904,27.385
2026-09-03 12:00:00,9.158333333333331,42.18540366065865,29.477500000000003
2026-09-03 13:00:00,22.986666666666665,37.51690963700317,27.179166666666664
2026-09-03 14:00:00,7.653333333333333,6.046751107074016,24.45083333333333
2026-09-03 15:00:00,-1.8,-4.345101850872794,14.724166666666669
2026-09-03 16:00:00,-4.360833333333333,5.487890532685526,12.774166666666668
2026-09-03 17:00:00,49.895,42.53005244307572,88.03166666666668
2026-09-03 18:00:00,98.97,96.56398779643614,155.1825
2026-09-03 19:00:00,116.7425,119.79868662403868,143.395
2026-09-03 20:00:00,129.2525,124.33308277999498,124.69166666666666
2026-09-03 21:00:00,132.7675,138.02413325001515,121.6875
2026-09-03 22:00:00,136.78833333333333,143.79224391650217,141.6158333333333
2026-09-03 23:00:00,103.11,135.7288171242107,180.16166666666663
2026-09-04 00:00:00,96.59666666666668,128.56340045048717,148.1175
2026-09-04 01:00:00,117.59333333333332,123.97749590686703,138.49666666666667
2026-09-04 02:00:00,94.32833333333332,117.55514629442632,127.22916666666669
2026-09-04 03:00:00,90.30083333333332,106.8703778237812,120.21999999999998
2026-09-04 04:00:00,95.3325,101.5095011312546,86.7275
2026-09-04 05:00:00,110.24833333333332,106.6305663265248,74.295
2026-09-04 06:00:00,131.44916666666666,110.83980099497428,81.39
2026-09-04 07:00:00,197.92916666666667,115.63899792598303,85.89416666666666
2026-09-04 08:00:00,100.895,86.21055397045012,57.939166666666665
2026-09-04 09:00:00,77.98,65.31608625804706,33.75833333333333
2026-09-04 10:00:00,16.20416666666667,31.553146169012702,23.939166666666665
2026-09-04 11:00:00,2.0075,16.185115970334337,21.058333333333334
2026-09-04 12:00:00,0.5633333333333334,3.1348576737707674,29.35666666666667
2026-09-04 13:00:00,0.1608333333333333,-9.293161627695753,40.46
2026-09-04 14:00:00,1.606666666666667,-15.45218589467268,42.134166666666665
2026-09-04 15:00:00,0.6216666666666666,-7.264940782050516,41.80833333333333
2026-09-04 16:00:00,-0.2433333333333333,-5.106143993546652,33.60166666666667
2026-09-04 17:00:00,17.225833333333334,16.291810344144558,111.36833333333334
2026-09-04 18:00:00,13.295833333333334,28.589710552278227,129.95000000000002
2026-09-04 19:00:00,7.234166666666667,34.571752121692995,124.7275
2026-09-04 20:00:00,-3.7725,25.047744995727072,116.37083333333334
2026-09-04 21:00:00,-9.63,18.22441503215384,104.06333333333332
2026-09-04 22:00:00,-8.509166666666667,10.022050965411005,103.77666666666666
2026-09-04 23:00:00,-3.294166666666667,3.032459154051104,111.36083333333332
2026-09-05 00:00:00,-1.5291666666666668,4.916801478077503,116.59833333333334
2026-09-05 01:00:00,-0.9583333333333334,14.823269323741975,106.2275
2026-09-05 02:00:00,-4.7125,6.436496341116232,104.4925
2026-09-05 03:00:00,-5.24,0.9717739293995322,99.02666666666666
2026-09-05 04:00:00,-5.0675,-2.716881966170135,93.7325
2026-09-05 05:00:00,-5.1975,-3.299379920848992,92.2175
2026-09-05 06:00:00,-5.345833333333334,-0.4449805323053368,96.71916666666668
2026-09-05 07:00:00,-4.7091666666666665,4.562059423181097,102.1175
2026-09-05 08:00:00,-5.138333333333333,5.881472774276148,66.8225
2026-09-05 09:00:00,-4.67,7.105988080805325,13.32
2026-09-05 10:00:00,-3.4858333333333333,4.195004872545972,3.9841666666666655
2026-09-05 11:00:00,-7.4075,-8.913206880528435,7.9725
2026-09-05 12:00:00,-11.140833333333331,-28.807814647549225,8.090833333333334
2026-09-05 13:00:00,-8.681666666666667,-25.22528338521057,-1.4408333333333332
2026-09-05 14:00:00,-8.378333333333332,-39.24787916749415,-8.341666666666667
2026-09-05 15:00:00,-9.039166666666668,-41.95805005826537,-14.064166666666663
2026-09-05 16:00:00,-7.5325,-31.25695072465632,-10.1075
2026-09-05 17:00:00,-10.096666666666666,-3.69121802566157,26.94666666666667
2026-09-05 18:00:00,-2.0775,20.5266990532565,88.09166666666665
2026-09-05 19:00:00,2.9958333333333336,39.75424492160373,91.995
2026-09-05 20:00:00,4.921666666666666,45.06610046148101,88.07
2026-09-05 21:00:00,0.5666666666666668,43.72820112889155,83.13833333333334
2026-09-05 22:00:00,0.7541666666666665,34.34904994064539,96.2075
2026-09-05 23:00:00,0.01,23.65325892401318,91.065
2026-09-06 00:00:00,1.4983333333333333,18.288450478991063,84.81916666666667
2026-09-06 01:00:00,6.7075,15.38979012670528,78.23166666666667
2026-09-06 02:00:00,9.5325,10.35673152893414,74.02333333333333
2026-09-06 03:00:00,10.055833333333334,7.604240012853026,74.66666666666667
2026-09-06 04:00:00,10.619166666666668,10.142113302424328,66.74083333333333
2026-09-06 05:00:00,13.5425,18.590491714071405,68.35416666666667
2026-09-06 06:00:00,20.68583333333333,30.09585975620865,71.62166666666667
2026-09-06 07:00:00,31.48583333333333,42.87304063206585,69.685
2026-09-06 08:00:00,26.50333333333333,46.3669873407454,30.795
2026-09-06 09:00:00,30.01333333333333,14.410542801526752,11.196666666666667
2026-09-06 10:00:00,10.093333333333332,9.63750633272486,4.9375
2026-09-06 11:00:00,14.041666666666666,5.69984371943773,7.1375
2026-09-06 12:00:00,17.100833333333334,10.315474384845942,0.5441666666666666
2026-09-06 13:00:00,12.934166666666668,6.198237416618234,-7.316666666666666
2026-09-06 14:00:00,14.455833333333333,2.3254131508851543,-10.223333333333334
2026-09-06 15:00:00,18.481666666666666,6.531590624136925,-12.12
2026-09-06 16:00:00,27.570833333333336,20.07885660470874,-6.679166666666667
2026-09-06 17:00:00,69.74166666666666,61.84727369107112,43.04
2026-09-06 18:00:00,96.33833333333332,103.54104672490335,97.14416666666666
2026-09-06 19:00:00,103.39916666666666,118.56719449812728,105.35333333333334
2026-09-06 20:00:00,96.70333333333332,116.03806285405172,101.90583333333336
2026-09-06 21:00:00,104.27083333333331,112.71867799474047,101.565
2026-09-06 22:00:00,105.39583333333331,107.8554825612084,100.46583333333332
2026-09-06 23:00:00,91.52416666666666,94.19281560481828,91.36583333333334
2026-09-07 00:00:00,84.70333333333333,86.51769255810242,89.6475
2026-09-07 01:00:00,66.25,92.7437323320555,94.67833333333334
2026-09-07 02:00:00,34.464166666666664,86.33760865401364,106.805
2026-09-07 03:00:00,28.46,81.43480527597605,114.6625
2026-09-07 04:00:00,16.844166666666666,73.51030805865982,95.335
2026-09-07 05:00:00,15.265,60.44412209663544,84.96833333333333
2026-09-07 06:00:00,22.96166666666667,54.406377448968975,96.24583333333334
2026-09-07 07:00:00,42.31666666666667,74.99078511882698,92.03249999999998
2026-09-07 08:00:00,36.994166666666665,66.686759085842,63.2625
2026-09-07 09:00:00,6.815,24.26557363353237,23.296666666666667
2026-09-07 10:00:00,4.193333333333333,1.4469305294663286,18.7925
2026-09-07 11:00:00,-0.5233333333333333,-3.681149919438482,9.394166666666669
2026-09-07 12:00:00,-0.63,-8.526503596116271,8.071666666666667
2026-09-07 13:00:00,-1.3949999999999998,-22.071986367352626,6.048333333333333
2026-09-07 14:00:00,-0.5083333333333334,-26.29430270859636,2.0975
2026-09-07 15:00:00,-1.8958333333333333,-27.02954853636446,9.8525
2026-09-07 16:00:00,5.105833333333333,-8.77433697781808,14.069166666666666
2026-09-07 17:00:00,62.37916666666666,14.30616433496266,67.81083333333333
2026-09-07 18:00:00,130.36249999999998,67.99082511863772,109.16916666666668
2026-09-07 19:00:00,134.215,99.12728092479549,110.5575
2026-09-07 20:00:00,124.68833333333332,125.99894155818616,105.96666666666664
2026-09-07 21:00:00,125.8325,120.32285894792452,99.08333333333331
2026-09-07 22:00:00,119.92916666666666,114.49714358640723,88.10666666666667
2026-09-07 23:00:00,113.11416666666668,105.0458238561804,77.57333333333334
2026-09-08 00:00:00,105.0975,104.9784751629787,47.01833333333334
2026-09-08 01:00:00,108.64,103.54309005830976,11.546666666666669
2026-09-08 02:00:00,102.2225,109.13652257046698,5.831666666666667
2026-09-08 03:00:00,88.33416666666666,114.58993911590592,0.9858333333333332
2026-09-08 04:00:00,82.46249999999999,117.2676237338247,-0.0375
2026-09-08 05:00:00,79.01166666666667,128.58462359617317,-0.395
2026-09-08 06:00:00,75.02,146.75592672491092,-0.1991666666666667
2026-09-08 07:00:00,82.93583333333333,168.41499909305054,20.0925
2026-09-08 08:00:00,95.02666666666666,149.33028263125414,2.4058333333333333
2026-09-08 09:00:00,65.7825,106.0625851900805,-9.145
2026-09-08 10:00:00,40.193333333333335,61.0557687948748,-5.645
2026-09-08 11:00:00,28.594166666666663,36.10978041842341,-30.575
2026-09-08 12:00:00,23.852500000000003,23.18772285112027,-33.43666666666667
2026-09-08 13:00:00,18.746666666666663,14.111289315411398,-34.88333333333333
2026-09-08 14:00:00,12.806666666666668,8.685298750509936,-19.279166666666665
2026-09-08 15:00:00,22.171666666666667,9.70420716304475,-8.311666666666666
2026-09-08 16:00:00,32.1975,26.299302566167555,1.0375000000000003
2026-09-08 17:00:00,104.72916666666669,84.74363337002424,20.66
2026-09-08 18:00:00,131.83916666666667,146.8627403639322,9.958333333333334
2026-09-08 19:00:00,123.0175,161.65764788644358,11.160000000000002
2026-09-08 20:00:00,101.1,162.1252873623224,10.265
2026-09-08 21:00:00,94.82833333333332,158.95034640616998,9.251666666666669
2026-09-08 22:00:00,84.85166666666667,136.23254136751763,6.926666666666667
2026-09-08 23:00:00,90.79916666666666,92.653567330136,3.026666666666667
2026-09-09 00:00:00,80.0275,81.46302280564016,9.478333333333332
2026-09-09 01:00:00,34.068333333333335,78.95927691815056,10.575
2026-09-09 02:00:00,5.870833333333334,75.49347914158594,36.64083333333333
2026-09-09 03:00:00,1.5975,50.06702081728747,48.685
2026-09-09 04:00:00,-0.0366666666666666,13.36655627742676,59.44916666666666
2026-09-09 05:00:00,-0.2225,-3.1938161780621925,62.1225
2026-09-09 06:00:00,0.0083333333333333,2.2311914081082023,60.84916666666667
2026-09-09 07:00:00,6.984166666666667,23.172436565631266,72.66416666666667
2026-09-09 08:00:00,10.224166666666669,38.84934301654458,38.498333333333335
2026-09-09 09:00:00,3.3883333333333336,7.202398511306384,16.57
2026-09-09 10:00:00,-7.313333333333333,-8.751585869332814,9.478333333333332
2026-09-09 11:00:00,-9.155833333333334,-18.03787707115967,11.566666666666668
2026-09-09 12:00:00,-7.579166666666667,-18.791354248359227,9.8525
2026-09-09 13:00:00,-14.392499999999998,-27.362411026081038,7.166666666666667
2026-09-09 14:00:00,-13.695833333333333,-24.88936085934654,-3.0325
2026-09-09 15:00:00,-10.3325,-22.00901216453121,-3.458333333333333
2026-09-09 16:00:00,-8.4025,-14.139623736067264,14.649166666666666
2026-09-09 17:00:00,28.9875,19.786473860033468,64.69333333333333
2026-09-09 18:00:00,68.05833333333334,62.66715627816178,77.27083333333333
2026-09-09 19:00:00,78.36416666666666,76.73350107702662,77.5625
2026-09-09 20:00:00,81.6375,82.05275065964415,75.75750000000001
2026-09-09 21:00:00,72.9025,77.47911015839318,82.0475
2026-09-09 22:00:00,81.59750000000001,90.05666538254391,88.03833333333334
2026-09-09 23:00:00,88.50666666666666,95.9932941084191,61.07333333333333
2026-09-10 00:00:00,80.47916666666667,100.70987098811683,21.635
2026-09-10 01:00:00,75.42333333333333,97.8849362918012,15.694166666666668
2026-09-10 02:00:00,71.27583333333332,93.51771650785206,7.318333333333332
2026-09-10 03:00:00,73.4875,93.78361974041071,1.0741666666666667
2026-09-10 04:00:00,75.53083333333333,91.20142371506245,0.01
2026-09-10 05:00:00,75.74249999999999,81.82162158563904,0.01
2026-09-10 06:00:00,78.6775,92.60333575786426,0.0124999999999999
2026-09-10 07:00:00,95.825,124.45378236711991,12.1325
2026-09-10 08:00:00,69.67833333333333,116.98697868338598,7.153333333333333
2026-09-10 09:00:00,35.18,63.17953663360267,-2.8525
2026-09-10 10:00:00,7.37,36.57554140498264,30.382500000000004
2026-09-10 11:00:00,3.6291666666666655,27.918803573926223,51.098333333333336
2026-09-10 12:00:00,7.434166666666667,19.74340791864261,9.158333333333331
2026-09-10 13:00:00,0.8758333333333335,5.026606232557853,22.986666666666665
2026-09-10 14:00:00,-1.4125000000000003,-1.9425052066710575,7.653333333333333
2026-09-10 15:00:00,6.673333333333333,2.573299017646619,-1.8
2026-09-10 16:00:00,12.236666666666666,21.662062648343912,-4.360833333333333
2026-09-10 17:00:00,31.8775,66.0887856815994,49.895
2026-09-10 18:00:00,98.68833333333332,135.98654941011029,98.97
2026-09-10 19:00:00,103.91083333333334,156.61702799024044,116.7425
2026-09-10 20:00:00,94.89583333333331,142.9986133736885,129.2525
2026-09-10 21:00:00,89.96833333333335,147.68874724026122,132.7675
2026-09-10 22:00:00,89.95916666666666,152.31808039040175,136.78833333333333
2026-09-10 23:00:00,81.93416666666667,150.3059833306574,103.11
2026-09-11 00:00:00,77.75666666666666,141.75935103456686,96.59666666666668
2026-09-11 01:00:00,80.6575,131.44402765407244,117.59333333333332
2026-09-11 02:00:00,75.66666666666667,125.45401725075638,94.32833333333332
2026-09-11 03:00:00,63.02666666666666,118.3955258532937,90.30083333333332
2026-09-11 04:00:00,58.990833333333335,115.63475859272717,95.3325
2026-09-11 05:00:00,61.67250000000001,119.00130316218426,110.24833333333332
2026-09-11 06:00:00,76.86083333333333,128.465892124379,131.44916666666666
2026-09-11 07:00:00,101.69583333333333,143.1501401015239,197.92916666666667
2026-09-11 08:00:00,107.22166666666668,134.51741804941028,100.895
2026-09-11 09:00:00,27.83333333333333,96.12912950460938,77.98
2026-09-11 10:00:00,5.310833333333333,55.96420436887869,16.20416666666667
2026-09-11 11:00:00,-1.5783333333333334,29.27137004199992,2.0075
2026-09-11 12:00:00,-0.2033333333333332,15.059553309212248,0.5633333333333334
2026-09-11 13:00:00,-3.06,3.96788607148347,0.1608333333333333
2026-09-11 14:00:00,-7.829166666666667,-1.427819075777009,1.606666666666667
2026-09-11 15:00:00,-5.625833333333333,3.266222020283543,0.6216666666666666
2026-09-11 16:00:00,4.265833333333333,19.41371210361619,-0.2433333333333333
2026-09-11 17:00:00,31.886666666666667,58.118190970587904,17.225833333333334
2026-09-11 18:00:00,99.9775,101.10772957659094,13.295833333333334
2026-09-11 19:00:00,105.82833333333332,129.7074186771397,7.234166666666667
2026-09-11 20:00:00,95.7475,130.35390170108698,-3.7725
2026-09-11 21:00:00,90.35,134.3297880785575,-9.63
2026-09-11 22:00:00,89.99083333333334,137.53251111086698,-8.509166666666667
2026-09-11 23:00:00,91.85583333333334,138.36237052149656,-3.294166666666667
2026-09-12 00:00:00,94.02,136.30173771960335,-1.5291666666666668
2026-09-12 01:00:00,91.83166666666666,108.61094349069874,-0.9583333333333334
2026-09-12 02:00:00,91.615,101.34264576778604,-4.7125
2026-09-12 03:00:00,88.83083333333333,97.59949878384646,-5.24
2026-09-12 04:00:00,85.16916666666667,94.9580671147364,-5.0675
2026-09-12 05:00:00,83.87416666666667,96.0968646005764,-5.1975
2026-09-12 06:00:00,85.92333333333333,99.68077775943831,-5.345833333333334
2026-09-12 07:00:00,89.69666666666666,97.7385104327409,-4.7091666666666665
2026-09-12 08:00:00,24.765,58.47711867500577,-5.138333333333333
2026-09-12 09:00:00,-5.3975,17.23864055401178,-4.67
2026-09-12 10:00:00,-5.428333333333334,1.988689131195926,-3.4858333333333333
2026-09-12 11:00:00,-6.033333333333334,-7.248435413694949,-7.4075
2026-09-12 12:00:00,-4.400833333333334,-19.58472622237024,-11.140833333333331
2026-09-12 13:00:00,-1.6183333333333334,-21.801173035737776,-8.681666666666667
2026-09-12 14:00:00,-0.52,-32.107073442599415,-8.378333333333332
2026-09-12 15:00:00,4.653333333333333,-23.8298889942478,-9.039166666666668
2026-09-12 16:00:00,9.536666666666669,-7.720736581281997,-7.5325
2026-09-12 17:00:00,62.54333333333333,22.40096793225128,-10.096666666666666
2026-09-12 18:00:00,87.3575,56.34915137560235,-2.0775
2026-09-12 19:00:00,80.3425,60.18059750700839,2.9958333333333336
2026-09-12 20:00:00,62.98666666666667,49.020706554396696,4.921666666666666
2026-09-12 21:00:00,24.47666666666667,44.4539574714819,0.5666666666666668
2026-09-12 22:00:00,7.811666666666666,41.2550330796861,0.7541666666666665
2026-09-12 23:00:00,3.2891666666666666,39.74033820684295,0.01
2026-09-13 00:00:00,0.0091666666666666,40.76437009463449,1.4983333333333333
2026-09-13 01:00:00,-0.7133333333333334,25.891443400582283,6.7075
2026-09-13 02:00:00,-4.61,13.561637235263532,9.5325
2026-09-13 03:00:00,-5.623333333333334,5.464838534489374,10.055833333333334
2026-09-13 04:00:00,-6.939166666666666,-0.3565855917136389,10.619166666666668
2026-09-13 05:00:00,-7.370833333333334,-2.2323550306103783,13.5425
2026-09-13 06:00:00,-6.025,-1.7359241553338478,20.68583333333333
2026-09-13 07:00:00,-5.03,-0.0427797700912009,31.48583333333333
2026-09-13 08:00:00,-8.155833333333334,-8.449108587981954,26.50333333333333
2026-09-13 09:00:00,-13.744166666666668,-16.47207469256037,30.01333333333333
2026-09-13 10:00:00,-7.7575,-23.816643576403308,10.093333333333332
2026-09-13 11:00:00,-8.138333333333334,-28.95744226812465,14.041666666666666
2026-09-13 12:00:00,-8.934166666666666,-26.64298324561541,17.100833333333334
2026-09-13 13:00:00,-9.810833333333331,-35.7534493354874,12.934166666666668
2026-09-13 14:00:00,-10.5875,-34.804256348499,14.455833333333333
2026-09-13 15:00:00,-7.8625,-31.503733779448552,18.481666666666666
2026-09-13 16:00:00,-7.705833333333333,-17.47602004314868,27.570833333333336
2026-09-13 17:00:00,-0.1883333333333333,4.151087734510078,69.74166666666666
2026-09-13 18:00:00,12.226666666666668,33.79185145995242,96.33833333333332
2026-09-13 19:00:00,16.970833333333335,44.45755087317386,103.39916666666666
2026-09-13 20:00:00,49.57,45.57324371523466,96.70333333333332
2026-09-13 21:00:00,61.17333333333334,37.03140478885176,104.27083333333331
2026-09-13 22:00:00,48.43083333333333,31.65536222456319,105.39583333333331
2026-09-13 23:00:00,23.516666666666666,28.937620468744427,91.52416666666666
2026-09-14 00:00:00,31.25583333333333,40.8374921297356,84.70333333333333
2026-09-14 01:00:00,20.15,25.9905895269202,66.25
2026-09-14 02:00:00,42.6025,31.40237454401821,34.464166666666664
2026-09-14 03:00:00,52.6,34.92035636855013,28.46
2026-09-14 04:00:00,55.85666666666666,41.20402797654236,16.844166666666666
2026-09-14 05:00:00,58.10166666666667,45.41921476870847,15.265
2026-09-14 06:00:00,55.54333333333333,56.95829577849574,22.96166666666667
2026-09-14 07:00:00,50.93,79.73562668811779,42.31666666666667
2026-09-14 08:00:00,55.97166666666666,110.53723301792436,36.994166666666665
2026-09-14 09:00:00,79.9875,99.43248474731,6.815
2026-09-14 10:00:00,65.84333333333333,73.2553400768965,4.193333333333333
2026-09-14 11:00:00,45.0225,60.86735775228595,-0.5233333333333333
2026-09-14 12:00:00,30.743333333333336,39.86599876789256,-0.63
2026-09-14 13:00:00,23.626666666666665,45.42145585819721,-1.3949999999999998
2026-09-14 14:00:00,14.0875,41.519743723619584,-0.5083333333333334
2026-09-14 15:00:00,17.66,33.83501332082727,-1.8958333333333333
2026-09-14 16:00:00,2.7741666666666664,31.20152380064916,5.105833333333333
2026-09-14 17:00:00,47.55583333333333,51.774020492225446,62.37916666666666
2026-09-14 18:00:00,64.81916666666667,90.42630206997345,130.36249999999998
2026-09-14 19:00:00,60.98083333333333,111.6805855314846,134.215
2026-09-14 20:00:00,54.73833333333334,112.86432679802402,124.68833333333332
2026-09-14 21:00:00,48.35416666666666,101.36781628765668,125.8325
2026-09-14 22:00:00,56.51583333333334,99.49649787902288,119.92916666666666
2026-09-14 23:00:00,32.1875,96.79553267328852,113.11416666666668
2026-09-15 00:00:00,28.45583333333333,81.58761527398782,105.0975
2026-09-15 01:00:00,15.440833333333332,66.79683431932192,108.64
2026-09-15 02:00:00,28.876666666666665,56.48192457250255,102.2225
2026-09-15 03:00:00,9.6425,48.86493965835804,88.33416666666666
2026-09-15 04:00:00,8.833333333333334,44.83084207663487,82.46249999999999
2026-09-15 05:00:00,9.109166666666669,41.07645252337144,79.01166666666667
2026-09-15 06:00:00,18.844166666666663,28.75466219047135,75.02
2026-09-15 07:00:00,50.44,35.72488106506917,82.93583333333333
2026-09-15 08:00:00,12.605833333333337,30.160686424053303,95.02666666666666
2026-09-15 09:00:00,3.126666666666667,-5.208181581876545,65.7825
2026-09-15 10:00:00,-7.1308333333333325,-19.623707273174706,40.193333333333335
2026-09-15 11:00:00,-12.8675,-19.867351107780777,28.594166666666663
2026-09-15 12:00:00,-7.444166666666667,-22.9514648236415,23.852500000000003
2026-09-15 13:00:00,-8.44,-17.246175877090465,18.746666666666663
2026-09-15 14:00:00,-7.6325,-17.099852104890388,12.806666666666668
2026-09-15 15:00:00,-7.808333333333334,-23.797467988234143,22.171666666666667
2026-09-15 16:00:00,-9.015833333333331,-24.22516582693639,32.1975
2026-09-15 17:00:00,-5.949166666666667,-9.26323429609009,104.72916666666669
2026-09-15 18:00:00,29.9125,26.440947153474543,131.83916666666667
2026-09-15 19:00:00,45.13583333333333,44.50596988408931,123.0175
2026-09-15 20:00:00,51.85583333333333,57.20736586381791,101.1
2026-09-15 21:00:00,64.0925,37.59801633152483,94.82833333333332
2026-09-15 22:00:00,68.99916666666667,21.18035391948039,84.85166666666667
2026-09-15 23:00:00,56.92,9.93839682146976,90.79916666666666
2026-09-16 00:00:00,48.72916666666666,9.51824842591013,80.0275
2026-09-16 01:00:00,46.5125,11.18613139182483,34.068333333333335
2026-09-16 02:00:00,54.064166666666665,8.208007767058461,5.870833333333334
2026-09-16 03:00:00,50.85083333333333,8.107611017455852,1.5975
2026-09-16 04:00:00,41.72,12.217632419440475,-0.0366666666666666
2026-09-16 05:00:00,32.44833333333333,19.82963818765189,-0.2225
2026-09-16 06:00:00,73.18083333333334,32.6503676871377,0.0083333333333333
2026-09-16 07:00:00,86.90333333333332,47.12394840365782,6.984166666666667
2026-09-16 08:00:00,44.384166666666665,56.83359766170327,10.224166666666669
2026-09-16 09:00:00,20.576666666666664,15.561151195366456,3.3883333333333336
2026-09-16 10:00:00,0.505,12.443105236199877,-7.313333333333333
2026-09-16 11:00:00,10.816666666666668,16.631827112580687,-9.155833333333334
2026-09-16 12:00:00,21.786666666666665,12.47686954545584,-7.579166666666667
2026-09-16 13:00:00,17.940833333333334,12.310642056695263,-14.392499999999998
2026-09-16 14:00:00,34.84166666666667,13.707185819226346,-13.695833333333333
2026-09-16 15:00:00,49.0275,10.502992485259128,-10.3325
2026-09-16 16:00:00,38.98083333333334,14.153934870025346,-8.4025
2026-09-16 17:00:00,75.735,27.64821762149562,28.9875
2026-09-16 18:00:00,102.47833333333334,74.65319256569333,68.05833333333334
2026-09-16 19:00:00,108.38166666666666,102.39156406572502,78.36416666666666
2026-09-16 20:00:00,102.72833333333334,115.28190857809952,81.6375
2026-09-16 21:00:00,92.97416666666668,111.52682929985056,72.9025
2026-09-16 22:00:00,94.30583333333334,99.77355246586114,81.59750000000001
2026-09-16 23:00:00,94.2225,96.17153420653077,88.50666666666666
2026-09-17 00:00:00,94.4575,97.82641653175004,80.47916666666667
2026-09-17 01:00:00,96.50666666666666,90.6120346936455,75.42333333333333
2026-09-17 02:00:00,87.76583333333333,85.99521733194197,71.27583333333332
2026-09-17 03:00:00,85.07833333333333,85.30618729811502,73.4875
2026-09-17 04:00:00,77.17,85.26152333258469,75.53083333333333
2026-09-17 05:00:00,73.4725,87.75322982917679,75.74249999999999
2026-09-17 06:00:00,86.75833333333333,99.17409932705422,78.6775
2026-09-17 07:00:00,89.4325,114.890727036141,95.825
2026-09-17 08:00:00,76.64166666666667,109.90923963108382,69.67833333333333
2026-09-17 09:00:00,62.99666666666667,85.22411467490198,35.18
2026-09-17 10:00:00,40.43,74.94584670044155,7.37
2026-09-17 11:00:00,41.93083333333333,64.73622522323815,3.6291666666666655
2026-09-17 12:00:00,34.31583333333334,56.56460968835075,7.434166666666667
2026-09-17 13:00:00,20.559166666666663,33.90492294061384,0.8758333333333335
2026-09-17 14:00:00,2.6908333333333334,23.52902911804085,-1.4125000000000003
2026-09-17 15:00:00,-2.2358333333333333,15.360202891778364,6.673333333333333
2026-09-17 16:00:00,-5.269166666666666,29.36699717862133,12.236666666666666
2026-09-17 17:00:00,77.38833333333334,75.70365102890676,31.8775
2026-09-17 18:00:00,116.58666666666666,129.2166247413558,98.68833333333332
2026-09-17 19:00:00,118.45916666666666,162.91734281065666,103.91083333333334
2026-09-17 20:00:00,114.185,172.65548343990687,94.89583333333331
2026-09-17 21:00:00,115.8175,165.10309670695298,89.96833333333335
2026-09-17 22:00:00,114.0375,170.70251814554825,89.95916666666666
2026-09-17 23:00:00,111.92333333333332,152.60685411743776,81.93416666666667
2026-09-18 00:00:00,95.97916666666669,142.41566358241917,77.75666666666666
2026-09-18 01:00:00,96.59166666666664,128.5598650154808,80.6575
2026-09-18 02:00:00,86.70583333333333,119.5631618905806,75.66666666666667
2026-09-18 03:00:00,87.16083333333334,106.69612930172318,63.02666666666666
2026-09-18 04:00:00,84.7325,99.74413088888082,58.990833333333335
2026-09-18 05:00:00,84.67333333333333,92.66674723873705,61.67250000000001
2026-09-18 06:00:00,48.5925,84.11220277980948,76.86083333333333
2026-09-18 07:00:00,59.37916666666666,73.95218949927249,101.69583333333333
2026-09-18 08:00:00,6.4925,28.21074633035793,107.22166666666668
2026-09-18 09:00:00,-1.2691666666666668,15.362319711773807,27.83333333333333
2026-09-18 10:00:00,-9.789166666666668,-0.7416882674006189,5.310833333333333
2026-09-18 11:00:00,-26.584166666666665,-10.209749902068168,-1.5783333333333334
2026-09-18 12:00:00,-29.68,-16.113581290437068,-0.2033333333333332
2026-09-18 13:00:00,-24.745,-29.39237852446728,-3.06
2026-09-18 14:00:00,-14.894166666666663,-35.31103416032279,-7.829166666666667
2026-09-18 15:00:00,-11.7925,-24.9599919661478,-5.625833333333333
2026-09-18 16:00:00,-7.785,-11.116531215262668,4.265833333333333
2026-09-18 17:00:00,-1.5658333333333332,-0.5579054455091921,31.886666666666667
2026-09-18 18:00:00,30.416666666666668,18.12482732619751,99.9775
2026-09-18 19:00:00,14.2725,25.862797251926278,105.82833333333332
2026-09-18 20:00:00,8.041666666666666,14.795126513979184,95.7475
2026-09-18 21:00:00,2.9416666666666664,8.809110337895675,90.35
2026-09-18 22:00:00,7.016666666666667,7.697433148277668,89.99083333333334
2026-09-18 23:00:00,7.590833333333333,9.58981218265567,91.85583333333334
2026-09-19 00:00:00,8.369166666666667,10.395492390093622,94.02
2026-09-19 01:00:00,4.363333333333333,15.085204240654924,91.83166666666666
2026-09-19 02:00:00,0.01,8.756252594686472,91.615
2026-09-19 03:00:00,-0.32,3.3692611224942794,88.83083333333333
2026-09-19 04:00:00,-0.5525000000000001,-0.7451826141646762,85.16916666666667
2026-09-19 05:00:00,-0.3675,5.598055251646038,83.87416666666667
2026-09-19 06:00:00,0.01,17.073311574772376,85.92333333333333
2026-09-19 07:00:00,-0.5375000000000001,9.3144266052972,89.69666666666666
2026-09-19 08:00:00,-7.754166666666666,-6.653553448169362,24.765
2026-09-19 09:00:00,-19.719166666666663,-14.914739697998783,-5.3975
2026-09-19 10:00:00,-24.745833333333334,-16.689416036551705,-5.428333333333334
2026-09-19 11:00:00,-27.11583333333333,-13.839306423586407,-6.033333333333334
2026-09-19 12:00:00,-36.446666666666665,-33.197454184663215,-4.400833333333334
2026-09-19 13:00:00,-42.22,-39.33073088824288,-1.6183333333333334
2026-09-19 14:00:00,-37.61333333333334,-31.696464528303068,-0.52
2026-09-19 15:00:00,-34.844166666666666,-16.30126574531465,4.653333333333333
2026-09-19 16:00:00,-8.544166666666667,10.897095126874923,9.536666666666669
2026-09-19 17:00:00,6.815833333333333,37.46353114742049,62.54333333333333
2026-09-19 18:00:00,52.605,62.53510568637362,87.3575
2026-09-19 19:00:00,72.15083333333332,66.54650465744416,80.3425
2026-09-19 20:00:00,79.85166666666667,66.56198010172078,62.98666666666667
2026-09-19 21:00:00,85.44666666666666,52.353924191287874,24.47666666666667
2026-09-19 22:00:00,90.57333333333334,43.323289255816725,7.811666666666666
2026-09-19 23:00:00,90.305,36.92700196722385,3.2891666666666666
2026-09-20 00:00:00,81.07000000000001,36.032634309997576,0.0091666666666666
2026-09-20 01:00:00,3.8541666666666665,24.32345182280241,-0.7133333333333334
2026-09-20 02:00:00,-0.32,13.23917648035718,-4.61
2026-09-20 03:00:00,-4.677499999999999,2.4943836652285256,-5.623333333333334
2026-09-20 04:00:00,-7.6625,-2.9077715942120363,-6.939166666666666
2026-09-20 05:00:00,-7.465,-8.284460996190077,-7.370833333333334
2026-09-20 06:00:00,-7.489166666666667,-7.58527598944498,-6.025
2026-09-20 07:00:00,-7.918333333333333,-9.394661069994086,-5.03
2026-09-20 08:00:00,-39.774166666666666,-18.97129957010989,-8.155833333333334
2026-09-20 09:00:00,-63.594166666666666,-24.80516150644216,-13.744166666666668
2026-09-20 10:00:00,-63.3,-24.07501796888586,-7.7575
2026-09-20 11:00:00,-64.15083333333332,-24.629019643783167,-8.138333333333334
2026-09-20 12:00:00,-65.31166666666667,-25.07850259901835,-8.934166666666666
2026-09-20 13:00:00,-66.65166666666666,-23.397779461456025,-9.810833333333331
2026-09-20 14:00:00,-66.6725,-24.43690464128744,-10.5875
2026-09-20 15:00:00,-52.99916666666667,-23.869842930768016,-7.8625
2026-09-20 16:00:00,-29.37333333333333,-12.061922112048949,-7.705833333333333
2026-09-20 17:00:00,-9.349166666666669,3.3465178239014577,-0.1883333333333333
2026-09-20 18:00:00,51.67416666666667,32.68942259706599,12.226666666666668
2026-09-20 19:00:00,17.215833333333332,60.92982375492882,16.970833333333335
2026-09-20 20:00:00,-1.8416666666666668,46.3071195561478,49.57
2026-09-20 21:00:00,-0.9658333333333332,35.796632814828925,61.17333333333334
2026-09-20 22:00:00,-4.19,46.93464359869569,48.43083333333333
2026-09-20 23:00:00,-0.85,51.09571606282035,23.516666666666666
2026-09-21 00:00:00,-1.0416666666666667,54.07332441208874,31.25583333333333
2026-09-21 01:00:00,-1.2716666666666667,42.3658972461466,20.15
2026-09-21 02:00:00,-0.8733333333333334,25.38839061258519,42.6025
2026-09-21 03:00:00,-0.3233333333333333,8.725358476177519,52.6
2026-09-21 04:00:00,-0.32,14.975552112156606,55.85666666666666
2026-09-21 05:00:00,4.468333333333334,22.342287608961666,58.10166666666667
2026-09-21 06:00:00,13.941666666666668,33.127929454422606,55.54333333333333
2026-09-21 07:00:00,27.141666666666666,46.96332785069181,50.93
2026-09-21 08:00:00,16.1725,10.17032522645566,55.97166666666666
2026-09-21 09:00:00,5.2283333333333335,-3.770412376851283,79.9875
2026-09-21 10:00:00,-2.9658333333333338,-7.297509773509418,65.84333333333333
2026-09-21 11:00:00,-6.1525,-9.494701268885136,45.0225
2026-09-21 12:00:00,-6.053333333333334,-14.385223774922494,30.743333333333336
2026-09-21 13:00:00,-5.598333333333334,-18.0940220205365,23.626666666666665
2026-09-21 14:00:00,-3.2075,-21.536215659739085,14.0875
2026-09-21 15:00:00,-4.996666666666667,-21.99326638176892,17.66
2026-09-21 16:00:00,-2.7466666666666666,-11.279382124128972,2.7741666666666664
2026-09-21 17:00:00,8.266666666666666,13.936386421032338,47.55583333333333
2026-09-21 18:00:00,98.07,68.77702350894073,64.81916666666667
2026-09-21 19:00:00,93.79833333333332,100.36557758124442,60.98083333333333
2026-09-21 20:00:00,90.11666666666667,110.86783063357046,54.73833333333334
2026-09-21 21:00:00,91.795,111.4637127847232,48.35416666666666
2026-09-21 22:00:00,99.82416666666666,112.88916163525752,56.51583333333334
2026-09-21 23:00:00,100.16583333333334,102.7876816082424,32.1875
2026-09-22 00:00:00,94.13666666666668,97.5685892894778,28.45583333333333
2026-09-22 01:00:00,93.37833333333332,97.04798593552476,15.440833333333332
2026-09-22 02:00:00,83.03666666666668,92.3332935933507,28.876666666666665
2026-09-22 03:00:00,83.325,92.61905907163144,9.6425
2026-09-22 04:00:00,82.34583333333333,94.1272809723632,8.833333333333334
2026-09-22 05:00:00,85.32666666666667,98.9788173032461,9.109166666666669
2026-09-22 06:00:00,81.38333333333334,109.83278710888597,18.844166666666663
2026-09-22 07:00:00,83.31333333333333,112.88801097926805,50.44
2026-09-22 08:00:00,81.1975,102.87761926724612,12.605833333333337
2026-09-22 09:00:00,29.99833333333333,44.047112443161154,3.126666666666667
2026-09-22 10:00:00,3.561666666666666,19.248774936200878,-7.1308333333333325
2026-09-22 11:00:00,-1.086666666666667,5.772129861077112,-12.8675
2026-09-22 12:00:00,3.619166666666666,-2.2120731370408606,-7.444166666666667
2026-09-22 13:00:00,10.5675,-6.717784114676718,-8.44
2026-09-22 14:00:00,9.750833333333334,-2.963112541436587,-7.6325
2026-09-22 15:00:00,9.148333333333332,4.512313203560517,-7.808333333333334
2026-09-22 16:00:00,13.663333333333334,10.4251473446706,-9.015833333333331
2026-09-22 17:00:00,43.85166666666667,39.60290862005135,-5.949166666666667
2026-09-22 18:00:00,100.52,85.54070216177612,29.9125
2026-09-22 19:00:00,109.17333333333332,117.80436075848635,45.13583333333333
2026-09-22 20:00:00,101.34583333333336,136.7599295499798,51.85583333333333
2026-09-22 21:00:00,94.69666666666666,145.6135855425602,64.0925
2026-09-22 22:00:00,96.88416666666669,147.26796367955825,68.99916666666667
2026-09-22 23:00:00,96.745,141.82455406445024,56.92
2026-09-23 00:00:00,91.88416666666666,137.6022225132586,48.72916666666666
2026-09-23 01:00:00,99.0775,123.58762184993743,46.5125
2026-09-23 02:00:00,93.915,121.61171338843984,54.064166666666665
2026-09-23 03:00:00,95.1625,121.67938568102852,50.85083333333333
2026-09-23 04:00:00,97.78333333333336,123.65149389691744,41.72
2026-09-23 05:00:00,104.75166666666668,127.78972037813656,32.44833333333333
2026-09-23 06:00:00,138.87,138.64597934914428,73.18083333333334
2026-09-23 07:00:00,145.27166666666668,144.77174657235236,86.90333333333332
2026-09-23 08:00:00,88.70916666666666,105.61967396898967,44.384166666666665
2026-09-23 09:00:00,71.24249999999999,67.50348684316855,20.576666666666664
2026-09-23 10:00:00,12.790833333333332,32.65831671313601,0.505
2026-09-23 11:00:00,-1.1608333333333334,17.87997927261742,10.816666666666668
2026-09-23 12:00:00,-2.5525,8.953660628952008,21.786666666666665
2026-09-23 13:00:00,-0.5508333333333333,3.170505002850007,17.940833333333334
2026-09-23 14:00:00,2.953333333333333,-1.1623151492826338,34.84166666666667
2026-09-23 15:00:00,4.3825,0.9707934731554532,49.0275
2026-09-23 16:00:00,27.793333333333333,18.740834650414364,38.98083333333334
2026-09-23 17:00:00,98.69916666666668,52.456194835933125,75.735
2026-09-23 18:00:00,115.68416666666668,96.72411221282128,102.47833333333334
2026-09-23 19:00:00,113.00166666666668,121.61665203864452,108.38166666666666
2026-09-23 20:00:00,112.90333333333332,129.67918661855273,102.72833333333334
2026-09-23 21:00:00,116.19333333333331,130.13878073965975,92.97416666666668
2026-09-23 22:00:00,114.69083333333332,125.4584803753279,94.30583333333334
2026-09-23 23:00:00,115.665,138.44827832617617,94.2225
2026-09-24 00:00:00,128.29583333333332,132.6498479238416,94.4575
2026-09-24 01:00:00,202.98916666666665,122.43075462560986,96.50666666666666
2026-09-24 02:00:00,131.30833333333334,118.3620178864367,87.76583333333333
2026-09-24 03:00:00,108.33083333333332,109.21117535042208,85.07833333333333
2026-09-24 04:00:00,134.5525,94.715125349383,77.17
2026-09-24 05:00:00,139.17583333333332,84.98037622522904,73.4725
2026-09-24 06:00:00,198.12,85.15020613692549,86.75833333333333
2026-09-24 07:00:00,123.21,75.05163378621849,89.4325
2026-09-24 08:00:00,23.939166666666665,43.74531044822406,76.64166666666667
2026-09-24 09:00:00,5.489999999999999,12.96501763010086,62.99666666666667
2026-09-24 10:00:00,-1.7300000000000002,-8.63840989866047,40.43
2026-09-24 11:00:00,-5.1975,-24.566898300491573,41.93083333333333
2026-09-24 12:00:00,-4.5075,-29.51218810701502,34.31583333333334
2026-09-24 13:00:00,-3.125,-25.353617643249223,20.559166666666663
2026-09-24 14:00:00,-0.1816666666666666,-13.009954685986957,2.6908333333333334
2026-09-24 15:00:00,20.829166666666666,0.9334892312866004,-2.2358333333333333
2026-09-24 16:00:00,64.10833333333333,26.93552747756208,-5.269166666666666
2026-09-24 17:00:00,102.75416666666666,53.87817781618077,77.38833333333334
2026-09-24 18:00:00,118.97833333333334,84.50426008188,116.58666666666666
2026-09-24 19:00:00,106.65166666666666,89.27771658038458,118.45916666666666
2026-09-24 20:00:00,89.81833333333333,78.54400469581229,114.185
2026-09-24 21:00:00,91.08,60.998802992299645,115.8175
2026-09-24 22:00:00,98.55666666666669,68.02110353937972,114.0375
2026-09-24 23:00:00,101.27333333333333,90.2831577362629,111.92333333333332
