hour_end,fold,actual,baseline,Linear regression,Decision tree,SVR
2025-10-01 00:00:00,0,5.950833333333333,83.73416666666667,31.438250541475682,94.40444444444447,83.77168215303749
2025-10-01 01:00:00,0,8.121666666666666,36.17333333333333,35.816449052749505,54.219945255474435,53.90486335502955
2025-10-01 02:00:00,0,1.0616666666666663,19.843333333333334,9.605098515258177,54.219945255474435,41.96799273557935
2025-10-01 03:00:00,0,-9.033333333333331,14.5375,-8.874316426000732,54.219945255474435,35.14036338331713
2025-10-01 04:00:00,0,-10.0,6.585833333333333,-21.370726623095933,54.219945255474435,31.883982685571247
2025-10-01 05:00:00,0,-10.0,14.455,-30.009385072158565,54.219945255474435,28.971488778577296
2025-10-01 06:00:00,0,-10.0,48.27333333333333,-11.523005734054735,54.219945255474435,34.46304775728226
2025-10-01 07:00:00,0,-10.0,95.38916666666664,18.139962833303883,38.365684818481874,21.902340378229624
2025-10-01 08:00:00,0,-14.82,41.1625,-2.607141378146423,29.915153769841265,-2.5213827430904416
2025-10-01 09:00:00,0,-14.6625,25.16,-55.71475227283942,-19.122694444444445,-13.342766114448764
2025-10-01 10:00:00,0,-13.896666666666668,4.405,-81.81444910583069,-19.122694444444445,-4.47036623711756
2025-10-01 11:00:00,0,-14.0,2.9166666666666665,-38.710731971935886,-19.122694444444445,-2.2915133746001572
2025-10-01 12:00:00,0,-15.500833333333333,1.0791666666666668,-58.69047280933371,-19.122694444444445,-9.566304029506
2025-10-01 13:00:00,0,-14.5625,10.139166666666666,-69.579210219648,-19.122694444444445,-14.42107253487383
2025-10-01 14:00:00,0,-11.64,35.70666666666667,-83.64107056860128,-19.122694444444445,-27.61840026075123
2025-10-01 15:00:00,0,-15.905,40.486666666666665,-67.45215970837394,-19.122694444444445,-33.16924800349267
2025-10-01 16:00:00,0,-14.466666666666669,71.83666666666666,-33.79378749104907,-19.122694444444445,-20.442954698039657
2025-10-01 17:00:00,0,-9.918333333333331,78.55583333333333,4.853335333453401,29.915153769841265,-2.547144905079989
2025-10-01 18:00:00,0,-0.2541666666666667,159.04166666666666,93.86430566067025,29.915153769841265,36.304165391202865
2025-10-01 19:00:00,0,19.309166666666663,174.59833333333333,172.13835218289273,46.10282539682541,78.13081463017761
2025-10-01 20:00:00,0,36.73333333333333,224.7825,157.33712922712382,46.10282539682541,77.02258101136738
2025-10-01 21:00:00,0,11.769166666666663,182.7925,108.66223236264238,29.915153769841265,55.084018817537824
2025-10-01 22:00:00,0,-4.4675,125.8575,54.59326206038276,10.420995726495725,36.9741734622276
2025-10-01 23:00:00,0,-5.409166666666667,92.1125,11.752758794843473,10.420995726495725,25.21094738634919
2025-10-02 00:00:00,0,0.4174999999999998,79.4825,-0.03845457951696574,10.420995726495725,25.673530881344348
2025-10-02 01:00:00,0,-2.015,10.635,19.226651802621447,10.420995726495725,-4.083907005915918
2025-10-02 02:00:00,0,-9.6575,4.306666666666666,6.838628687696115,4.404958333333331,-8.31606899428455
2025-10-02 03:00:00,0,-10.0,8.791666666666666,-15.815347436263622,-8.968726415094341,-7.462835075776908
2025-10-02 04:00:00,0,-10.0,2.955833333333333,-37.171140187344875,-8.968726415094341,-11.46718309969873
2025-10-02 05:00:00,0,-10.399166666666666,12.216666666666669,-38.63051122003844,-8.968726415094341,-7.13631674751548
2025-10-02 06:00:00,0,-10.0,14.765,-14.25146883202298,4.404958333333331,8.37897835121548
2025-10-02 07:00:00,0,-9.683333333333334,21.69,13.445275808062348,29.915153769841265,15.373608159787139
2025-10-02 08:00:00,0,-10.030833333333334,5.445833333333333,25.205179656665827,29.915153769841265,6.600884775696613
2025-10-02 09:00:00,0,-12.014166666666666,20.24,-31.659748815077677,29.915153769841265,-2.969741646016473
2025-10-02 10:00:00,0,-16.144166666666667,-7.176666666666667,-48.5122012556087,10.420995726495725,4.3167726287401536
2025-10-02 11:00:00,0,-15.500833333333333,-10.0,-58.5923413619911,10.420995726495725,7.251365926419936
2025-10-02 12:00:00,0,-11.1475,-10.0,-47.63736528483962,10.420995726495725,10.844109751314107
2025-10-02 13:00:00,0,-11.516666666666666,-10.1025,-27.607447375517523,29.915153769841265,16.441078014453964
2025-10-02 14:00:00,0,-9.705833333333333,-10.0,-41.59659492482889,10.420995726495725,5.0512585213308085
2025-10-02 15:00:00,0,-8.620833333333334,4.65,-20.559935188059058,29.915153769841265,2.338711897511999
2025-10-02 16:00:00,0,-10.0,-3.4483333333333337,-14.28768708320655,29.915153769841265,-2.561513895610389
2025-10-02 17:00:00,0,-7.828333333333333,31.15083333333333,16.74720680286022,29.915153769841265,23.765229530235686
2025-10-02 18:00:00,0,25.92,94.7625,105.21351940728331,46.10282539682541,58.22590696299379
2025-10-02 19:00:00,0,77.1675,115.97333333333334,143.45263035128198,85.40044934640524,87.41125408784592
2025-10-02 20:00:00,0,76.68166666666666,121.73583333333332,138.5177904120339,95.35743002544525,90.54058500779816
2025-10-02 21:00:00,0,74.9675,137.15,123.09624101392193,95.35743002544525,90.9843728171663
2025-10-02 22:00:00,0,60.67083333333333,105.46833333333332,80.79937685113725,95.35743002544525,77.0909708841379
2025-10-02 23:00:00,0,43.4825,80.1825,50.226171029810864,38.365684818481874,65.50771038605914
2025-10-03 00:00:00,0,32.42666666666667,74.37833333333333,36.32499022031271,38.365684818481874,60.47616709265418
2025-10-03 01:00:00,0,10.305,7.693333333333334,45.27238476397882,38.365684818481874,41.172037143344
2025-10-03 02:00:00,0,5.574166666666666,1.5891666666666664,15.485085210599479,54.219945255474435,28.92191949756844
2025-10-03 03:00:00,0,8.596666666666666,17.8275,-8.254246569559541,54.219945255474435,21.02915528877064
2025-10-03 04:00:00,0,7.376666666666666,14.38,-21.849569168406887,54.219945255474435,18.584021556076863
2025-10-03 05:00:00,0,10.895,-4.553333333333334,-25.032608093853298,54.219945255474435,18.743305017082392
2025-10-03 06:00:00,0,15.945833333333333,-4.591666666666667,-12.426842141750157,54.219945255474435,27.082671162932982
2025-10-03 07:00:00,0,10.361666666666666,41.72583333333333,11.706444039402001,29.915153769841265,24.572816430551917
2025-10-03 08:00:00,0,12.591666666666669,-9.3675,14.936679182596379,38.365684818481874,24.28676525677038
2025-10-03 09:00:00,0,-4.535833333333334,-11.630833333333332,-30.548495856983337,29.915153769841265,-4.212644205766651
2025-10-03 10:00:00,0,-10.140833333333331,-13.2075,-47.005960518987806,-19.122694444444445,-12.311242253022144
2025-10-03 11:00:00,0,-13.660833333333334,-19.55333333333333,-59.143221656714374,-19.122694444444445,-14.54876249308272
2025-10-03 12:00:00,0,-13.390833333333331,-31.308333333333334,-56.544851929982926,-9.112018018018016,-17.061450357599554
2025-10-03 13:00:00,0,-13.730833333333331,-31.331666666666667,-63.378062489587236,-9.112018018018016,-22.85198153967295
2025-10-03 14:00:00,0,-14.281666666666666,-24.72833333333333,-34.23116244263262,-9.112018018018016,-16.145617818803515
2025-10-03 15:00:00,0,-13.735833333333332,-23.124166666666667,-26.239710258878432,-9.112018018018016,-17.34902827076459
2025-10-03 16:00:00,0,-9.414166666666668,-27.061666666666667,-6.781254578084685,-9.112018018018016,-12.930424163396339
2025-10-03 17:00:00,0,1.9908333333333328,-12.721666666666666,42.707943157768526,38.365684818481874,28.93604598224531
2025-10-03 18:00:00,0,103.0425,25.04583333333333,102.12152636070574,119.09018895348831,82.95000576807338
2025-10-03 19:00:00,0,140.17999999999998,61.278333333333336,134.23002826635934,119.09018895348831,127.65677125825712
2025-10-03 20:00:00,0,169.02916666666667,62.12916666666666,159.269246982789,252.6645802919708,153.21713038433575
2025-10-03 21:00:00,0,187.5458333333333,67.43166666666666,181.91844477863302,134.4683197831978,157.25433853040272
2025-10-03 22:00:00,0,242.28083333333333,66.44166666666666,192.08733851097222,134.4683197831978,152.52370798224175
2025-10-03 23:00:00,0,167.10166666666666,43.51416666666666,150.46891806192627,134.4683197831978,132.75983121906037
2025-10-04 00:00:00,0,121.09666666666668,24.20083333333333,127.93915034451726,130.0473843248348,121.80614815007024
2025-10-04 01:00:00,0,103.76333333333334,55.96666666666667,134.62206526598442,130.0473843248348,118.84252944150107
2025-10-04 02:00:00,0,102.66083333333334,53.77666666666667,109.49678337959193,124.27919515669515,108.19420849635983
2025-10-04 03:00:00,0,101.92416666666666,43.54166666666666,99.35309137917248,124.27919515669515,101.48526276775452
2025-10-04 04:00:00,0,106.8675,43.649166666666666,97.93390148696092,124.27919515669515,96.96555534520617
2025-10-04 05:00:00,0,101.91083333333334,60.906666666666666,94.58011425768326,124.27919515669515,92.84588825606275
2025-10-04 06:00:00,0,112.2725,69.08083333333333,84.00166164723137,124.27919515669515,89.16454612876893
2025-10-04 07:00:00,0,40.8075,36.9875,67.50592210778592,47.27513020833333,66.36488173000542
2025-10-04 08:00:00,0,-12.8275,-7.726666666666667,15.915910048484363,12.082773536895676,13.31920622341812
2025-10-04 09:00:00,0,-13.485,-9.044166666666667,-21.949735439073436,-9.694020618556697,-16.135333123501255
2025-10-04 10:00:00,0,-25.249166666666667,-12.847499999999998,-81.9094706221969,-27.262729044834316,-46.03844796461213
2025-10-04 11:00:00,0,-49.36166666666667,-20.33333333333333,-111.04376428736246,-69.16896039603962,-75.78298503726141
2025-10-04 12:00:00,0,-45.7425,-24.25,-115.73540117665694,-69.16896039603962,-83.26916804583631
2025-10-04 13:00:00,0,-40.61833333333333,-41.505,-112.46869613456376,-9.694020618556697,-81.70612111194872
2025-10-04 14:00:00,0,-49.365833333333335,-47.3325,-101.60510858796509,-69.16896039603962,-77.37433995146039
2025-10-04 15:00:00,0,-56.1575,-48.22166666666666,-84.74417499344877,-69.16896039603962,-61.94764910115511
2025-10-04 16:00:00,0,-24.3925,-40.90166666666666,-58.003978689297,-27.262729044834316,-25.770391191465492
2025-10-04 17:00:00,0,17.1375,-17.3975,-1.2829454875531923,25.42317999999999,25.260769045722014
2025-10-04 18:00:00,0,93.75333333333332,20.106666666666666,50.4700686474962,47.27513020833333,75.14136656689307
2025-10-04 19:00:00,0,121.24583333333334,74.035,61.53543071446455,38.365684818481874,89.42059697363936
2025-10-04 20:00:00,0,89.885,13.7925,48.229736985950694,38.365684818481874,81.266181492466
2025-10-04 21:00:00,0,38.266666666666666,45.78833333333333,25.105387179458468,38.365684818481874,61.3233912265823
2025-10-04 22:00:00,0,1.2308333333333332,61.55583333333333,-4.601636139067551,4.404958333333331,42.93339657573043
2025-10-04 23:00:00,0,-5.616666666666667,60.153333333333336,-31.902527998569184,4.404958333333331,31.662494733300875
2025-10-05 00:00:00,0,-6.5,60.38,-49.19545046532066,4.404958333333331,26.75059571172995
2025-10-05 01:00:00,0,-6.5,67.38166666666667,-53.044533986617225,-8.968726415094341,16.692975712136928
2025-10-05 02:00:00,0,-9.901666666666666,52.09166666666667,-83.65525623184534,-8.968726415094341,6.143933675001165
2025-10-05 03:00:00,0,-16.098333333333333,48.24416666666667,-106.82901068238552,-8.968726415094341,-0.6068055196525819
2025-10-05 04:00:00,0,-11.326666666666668,68.27583333333332,-132.47573073118252,-8.968726415094341,-2.552492433377296
2025-10-05 05:00:00,0,-12.101666666666668,71.26416666666667,-145.4400020743924,-8.968726415094341,-0.840662265877242
2025-10-05 06:00:00,0,-12.2875,76.80166666666666,-152.89927120146945,-8.968726415094341,3.325681761987113
2025-10-05 07:00:00,0,-12.1475,58.44916666666666,-161.0787625651273,-19.122694444444445,0.7438827303778197
2025-10-05 08:00:00,0,-21.435,7.316666666666666,-169.34688397940505,-19.122694444444445,-7.405535067435494
2025-10-05 09:00:00,0,-30.58666666666667,-0.4558333333333333,-148.39912778593327,-19.122694444444445,-6.7347378521399435
2025-10-05 10:00:00,0,-30.555,-11.855,-154.61877035720647,-19.122694444444445,-3.720573623282391
2025-10-05 11:00:00,0,-31.00333333333333,-14.3425,-153.51111606529525,-19.122694444444445,-3.2401257782906754
2025-10-05 12:00:00,0,-31.1975,-13.8625,-165.32682181820093,-39.87388888888891,-22.811655533581558
2025-10-05 13:00:00,0,-36.775,-14.094166666666666,-181.06443396520132,-39.87388888888891,-48.02744763938934
2025-10-05 14:00:00,0,-32.877500000000005,-10.96,-165.81800848904402,-39.87388888888891,-49.01265976930601
2025-10-05 15:00:00,0,-19.176666666666662,-11.075,-117.47485130033341,-19.122694444444445,-37.368143455257325
2025-10-05 16:00:00,0,-9.031666666666666,2.8775,-55.16368362468221,12.338110687022898,4.809496356715101
2025-10-05 17:00:00,0,-6.0575,37.439166666666665,19.22116926374882,47.27513020833333,45.746509541460696
2025-10-05 18:00:00,0,6.246666666666666,156.20166666666668,58.27763660132281,94.40444444444447,70.36962691614252
2025-10-05 19:00:00,0,-6.3125,182.7075,67.02476100880058,38.365684818481874,75.97574694817393
2025-10-05 20:00:00,0,-6.8075,161.1225,7.04024229214852,29.915153769841265,36.36156932591264
2025-10-05 21:00:00,0,-10.07,168.70333333333335,-22.962356894963932,4.404958333333331,25.690955549939957
2025-10-05 22:00:00,0,-6.5,144.70166666666668,-34.529785476058436,4.404958333333331,28.3945294583592
2025-10-05 23:00:00,0,-6.5,129.40583333333333,-45.06566886346771,-8.968726415094341,29.95128561922931
2025-10-06 00:00:00,0,-6.5,108.37416666666668,-51.69086920418131,-8.968726415094341,25.79735834623898
2025-10-06 01:00:00,0,-6.5,86.63916666666667,-49.18435891078913,-8.968726415094341,-8.169386719504061
2025-10-06 02:00:00,0,-6.5,80.53166666666667,-66.39391250902476,-8.968726415094341,-9.604808954482479
2025-10-06 03:00:00,0,-6.5,80.50583333333333,-56.06551273888029,54.219945255474435,4.914005230036011
2025-10-06 04:00:00,0,-6.5,89.92333333333333,-44.850610754719426,54.219945255474435,19.596842231973255
2025-10-06 05:00:00,0,-1.2166666666666666,36.29,-19.295887367708957,54.219945255474435,41.92302273495337
2025-10-06 06:00:00,0,23.6375,17.961666666666666,30.398809686272926,76.63001893939396,74.31497035614476
2025-10-06 07:00:00,0,28.88083333333333,7.435833333333334,69.07529673063198,38.365684818481874,90.28241967934481
2025-10-06 08:00:00,0,53.56166666666667,-8.914166666666667,47.62146985720499,38.365684818481874,61.33605563346911
2025-10-06 09:00:00,0,55.064166666666665,-13.5725,29.350423396261256,38.365684818481874,40.69775137594268
2025-10-06 10:00:00,0,4.610833333333333,-23.23583333333333,-11.554428956866175,12.338110687022898,19.37007913728152
2025-10-06 11:00:00,0,-4.754166666666666,-29.945833333333336,-34.557425541609334,-9.112018018018016,8.912624309347976
2025-10-06 12:00:00,0,-2.265,-33.6525,-34.288692383929046,-9.112018018018016,9.211272674168981
2025-10-06 13:00:00,0,-9.845833333333331,-18.933333333333334,-37.415611972779786,-27.262729044834316,10.405361166143436
2025-10-06 14:00:00,0,-9.62,-21.015,-38.035972354991486,-27.262729044834316,11.02718683082486
2025-10-06 15:00:00,0,43.62083333333334,-11.914166666666668,-22.866634624860737,-27.262729044834316,14.51291724595636
2025-10-06 16:00:00,0,47.740833333333335,13.4575,11.070143841029463,25.42317999999999,33.984200036043696
2025-10-06 17:00:00,0,77.57416666666667,86.7575,74.38694244204501,69.35841981132074,76.26265352349182
2025-10-06 18:00:00,0,101.19666666666669,198.47333333333336,153.38947076887217,119.09018895348831,138.95904263832202
2025-10-06 19:00:00,0,120.56583333333332,172.51166666666666,187.36516538060675,149.92453304597706,179.0120292541863
2025-10-06 20:00:00,0,116.42083333333332,130.95833333333334,208.46460292290737,149.92453304597706,197.8487123204032
2025-10-06 21:00:00,0,123.56583333333332,136.17916666666665,212.00597718224566,149.92453304597706,190.94528012307129
2025-10-06 22:00:00,0,137.15333333333334,120.59250000000002,167.09855527112455,130.0473843248348,157.8151259513428
2025-10-06 23:00:00,0,141.98166666666663,165.08166666666668,129.08775967124484,130.0473843248348,136.89094494767068
2025-10-07 00:00:00,0,145.42666666666665,106.40833333333336,130.72524553113664,115.03520161290321,141.09223048159558
2025-10-07 01:00:00,0,148.94583333333333,87.235,153.5663962559831,115.03520161290321,113.33818665223164
2025-10-07 02:00:00,0,135.1175,73.62916666666666,135.43303539008943,89.72358173076925,109.53954919338967
2025-10-07 03:00:00,0,113.92666666666668,83.50916666666667,113.97123612107106,89.72358173076925,104.177232062423
2025-10-07 04:00:00,0,123.97666666666667,74.46166666666667,106.44524090435503,89.72358173076925,106.0079937011932
2025-10-07 05:00:00,0,150.72583333333333,66.3925,114.22954508158202,89.72358173076925,116.47061237702933
2025-10-07 06:00:00,0,195.26416666666668,79.935,139.97073311585206,130.0473843248348,133.73064125644245
2025-10-07 07:00:00,0,189.2975,5.069999999999999,150.7183827993732,119.09018895348831,116.97114508305211
2025-10-07 08:00:00,0,99.3925,9.851666666666668,131.52218593465824,69.35841981132074,77.03869772459909
2025-10-07 09:00:00,0,31.406666666666663,9.5325,38.25833822009125,47.27513020833333,13.457787125757108
2025-10-07 10:00:00,0,-18.5925,-1.8791666666666669,-44.70597276791476,-9.112018018018016,-10.918854442075286
2025-10-07 11:00:00,0,-33.51833333333334,-3.751666666666667,-61.515524301059074,-27.262729044834316,-27.631307906041215
2025-10-07 12:00:00,0,-40.98,-1.3591666666666669,-73.87959401882647,-27.262729044834316,-41.33735974610276
2025-10-07 13:00:00,0,-43.99,-2.6725,-95.4888752071926,-27.262729044834316,-57.09803729972835
2025-10-07 14:00:00,0,-55.20583333333334,-6.974166666666666,-101.30656532367014,-69.16896039603962,-52.05745515410338
2025-10-07 15:00:00,0,-52.80583333333333,-7.509166666666666,-83.55286073466674,-27.262729044834316,-38.75164620332758
2025-10-07 16:00:00,0,-33.347500000000004,-8.174999999999999,-42.848596002265296,-27.262729044834316,-11.324259632207742
2025-10-07 17:00:00,0,-17.395833333333332,-0.4000000000000003,22.363902679373382,12.338110687022898,23.479069269990177
2025-10-07 18:00:00,0,58.70916666666667,100.31333333333332,109.42650819047094,94.40444444444447,91.03116848003967
2025-10-07 19:00:00,0,114.6925,126.9875,134.63146467821386,149.92453304597706,135.56524996887194
2025-10-07 20:00:00,0,121.49416666666669,113.6475,151.23003767951354,149.92453304597706,159.56712648988616
2025-10-07 21:00:00,0,116.68416666666668,85.36416666666666,128.46860344529944,130.0473843248348,136.60677999267827
2025-10-07 22:00:00,0,137.99,79.37,96.88324924609772,130.0473843248348,114.25497297497242
2025-10-07 23:00:00,0,119.38333333333333,46.11083333333334,63.46174523895493,76.63001893939396,95.01692059932432
2025-10-08 00:00:00,0,98.3425,5.950833333333333,56.48786296120919,76.63001893939396,94.76262389051075
2025-10-08 01:00:00,0,84.625,8.121666666666666,54.110440944531,76.63001893939396,65.52227734689752
2025-10-08 02:00:00,0,77.97833333333334,1.0616666666666663,21.993660393614178,54.219945255474435,50.95122323423681
2025-10-08 03:00:00,0,60.69583333333333,-9.033333333333331,-0.2240606246639203,54.219945255474435,42.83856023422869
2025-10-08 04:00:00,0,19.0,-10.0,-14.750350908737602,54.219945255474435,37.970867275964814
2025-10-08 05:00:00,0,49.70583333333334,-10.0,-7.856744997515335,54.219945255474435,40.67883099062219
2025-10-08 06:00:00,0,100.6225,-10.0,28.251197643090947,38.365684818481874,53.28440114480725
2025-10-08 07:00:00,0,88.8125,-10.0,70.79025060525154,62.20012944983817,48.73788160747826
2025-10-08 08:00:00,0,13.314166666666669,-14.82,51.78985814823604,38.365684818481874,28.784090829026326
2025-10-08 09:00:00,0,-2.395833333333333,-14.6625,17.974438927754207,38.365684818481874,6.915599822405227
2025-10-08 10:00:00,0,-8.899166666666668,-13.896666666666668,-45.155161297016846,-9.112018018018016,-15.826910449922153
2025-10-08 11:00:00,0,-14.488333333333337,-14.0,-97.41372973223834,-39.87388888888891,-44.921375681904536
2025-10-08 12:00:00,0,-16.5775,-15.500833333333333,-137.54549920093876,-39.87388888888891,-63.81672789701007
2025-10-08 13:00:00,0,-13.380833333333332,-14.5625,-133.80550203943397,-39.87388888888891,-57.69970536774683
2025-10-08 14:00:00,0,-18.4275,-11.64,-110.34207592410921,-39.87388888888891,-52.23317946485544
2025-10-08 15:00:00,0,-22.48333333333333,-15.905,-78.96768500666415,-39.87388888888891,-51.256544103721936
2025-10-08 16:00:00,0,-14.441666666666668,-14.466666666666669,-5.306466418181529,-9.112018018018016,-12.160633994346568
2025-10-08 17:00:00,0,-16.495833333333334,-9.918333333333331,47.383479999776156,38.365684818481874,27.853209358359457
2025-10-08 18:00:00,0,-6.843333333333334,-0.2541666666666667,120.44405293524457,94.40444444444447,90.63342095712167
2025-10-08 19:00:00,0,63.0525,19.309166666666663,157.65997641617184,134.4683197831978,135.41224935792695
2025-10-08 20:00:00,0,78.71499999999999,36.73333333333333,180.97951502420642,134.4683197831978,138.17232170589426
2025-10-08 21:00:00,0,71.0925,11.769166666666663,159.25253413997012,130.0473843248348,128.5941129186788
2025-10-08 22:00:00,0,49.73333333333333,-4.4675,125.5046649871421,130.0473843248348,116.48356539716092
2025-10-08 23:00:00,0,45.0025,-5.409166666666667,88.11945038231565,89.72358173076925,100.4163976007824
2025-10-09 00:00:00,0,38.16583333333333,0.4174999999999998,73.72632205917367,89.72358173076925,97.47705652199338
2025-10-09 01:00:00,0,25.67083333333333,-2.015,52.081726230195535,76.63001893939396,63.36391763665734
2025-10-09 02:00:00,0,8.284166666666666,-9.6575,6.527881102484784,54.219945255474435,37.11578992023153
2025-10-09 03:00:00,0,9.658333333333331,-10.0,-21.174077892086913,54.219945255474435,21.01715775503935
2025-10-09 04:00:00,0,1.5741666666666667,-10.0,-36.405920566735034,54.219945255474435,17.58990168257236
2025-10-09 05:00:00,0,-3.8475,-10.399166666666666,-20.995365071150488,54.219945255474435,27.310349390605438
2025-10-09 06:00:00,0,32.55416666666667,-10.0,9.465786310875103,38.365684818481874,43.72464526874851
2025-10-09 07:00:00,0,15.8425,-9.683333333333334,24.337725957458474,38.365684818481874,31.830813589860227
2025-10-09 08:00:00,0,-8.219166666666666,-10.030833333333334,6.401931474807299,12.338110687022898,6.51766138830105
2025-10-09 09:00:00,0,-18.56583333333333,-12.014166666666666,-52.02085498670293,-9.112018018018016,-19.70012926819966
2025-10-09 10:00:00,0,-28.695000000000004,-16.144166666666667,-120.23836794904828,-39.87388888888891,-31.24306585152685
2025-10-09 11:00:00,0,-26.5775,-15.500833333333333,-156.95003347393123,-39.87388888888891,-40.6034909724675
2025-10-09 12:00:00,0,-23.561666666666667,-11.1475,-125.60751668714148,-39.87388888888891,-45.76618556607109
2025-10-09 13:00:00,0,-43.72916666666666,-11.516666666666666,-121.00201416867087,-39.87388888888891,-51.04888353915477
2025-10-09 14:00:00,0,-45.028333333333336,-9.705833333333333,-103.78850312069626,-39.87388888888891,-54.958732013699844
2025-10-09 15:00:00,0,-43.85916666666666,-8.620833333333334,-80.82994634678151,-39.87388888888891,-45.52585320877604
2025-10-09 16:00:00,0,-46.00083333333333,-10.0,-59.86769428698598,-19.122694444444445,-36.573120718352016
2025-10-09 17:00:00,0,-16.88,-7.828333333333333,-5.635172927344641,12.338110687022898,-9.706860012975397
2025-10-09 18:00:00,0,-8.184166666666666,25.92,56.42394925293325,62.20012944983817,30.09822674287645
2025-10-09 19:00:00,0,63.245000000000005,77.1675,97.19459299122332,62.20012944983817,71.85064128494605
2025-10-09 20:00:00,0,64.40166666666667,76.68166666666666,108.77149500693695,119.09018895348831,83.80535282394371
2025-10-09 21:00:00,0,40.87,74.9675,87.79452767229056,62.20012944983817,62.37216984720193
2025-10-09 22:00:00,0,24.359166666666667,60.67083333333333,47.53234019194228,62.20012944983817,45.9426062835395
2025-10-09 23:00:00,0,-0.6383333333333333,43.4825,5.696346812347443,54.219945255474435,34.13255192643302
2025-10-10 00:00:00,0,0.5533333333333331,32.42666666666667,-9.53177609009063,54.219945255474435,31.899493638803193
2025-10-10 01:00:00,0,-6.278333333333333,10.305,-27.202678357108283,-8.968726415094341,-1.566630875677447
2025-10-10 02:00:00,0,-6.5,5.574166666666666,-60.832712478720524,-8.968726415094341,-11.990963206286679
2025-10-10 03:00:00,0,-6.5,8.596666666666666,-85.08850986771317,-8.968726415094341,-16.93452066018186
2025-10-10 04:00:00,0,-6.5,7.376666666666666,-110.1986400436687,-8.968726415094341,-13.626554344880105
2025-10-10 05:00:00,0,-7.6191666666666675,10.895,-115.85642049626681,-8.968726415094341,-6.707163255078598
2025-10-10 06:00:00,0,-3.675,15.945833333333333,-82.39616390222695,10.420995726495725,4.971982278160354
2025-10-10 07:00:00,0,-9.220833333333331,10.361666666666666,-35.897481108580834,10.420995726495725,6.994005366134374
2025-10-10 08:00:00,0,-43.98666666666667,12.591666666666669,-47.84121124720703,29.915153769841265,-4.528399998633404
2025-10-10 09:00:00,0,-48.53083333333333,-4.535833333333334,-116.07602661140207,-19.122694444444445,-14.252509908216496
2025-10-10 10:00:00,0,-47.17250000000001,-10.140833333333331,-146.0199857928135,-19.122694444444445,-13.384272763538092
2025-10-10 11:00:00,0,-46.335,-13.660833333333334,-177.48284950621564,-19.122694444444445,-6.3294819961655975
2025-10-10 12:00:00,0,-52.806666666666665,-13.390833333333331,-171.04747145141937,-19.122694444444445,-11.90666216044879
2025-10-10 13:00:00,0,-64.2275,-13.730833333333331,-178.6012409587654,-39.87388888888891,-17.86965947026684
2025-10-10 14:00:00,0,-67.37166666666667,-14.281666666666666,-184.3066715603133,-39.87388888888891,-24.330938221364747
2025-10-10 15:00:00,0,-61.17,-13.735833333333332,-162.17428095021893,-39.87388888888891,-33.22541291802003
2025-10-10 16:00:00,0,-34.611666666666665,-9.414166666666668,-134.1533431591114,-19.122694444444445,-33.41604957703419
2025-10-10 17:00:00,0,-21.865,1.9908333333333328,-69.30438522202077,-19.122694444444445,-19.899526921113846
2025-10-10 18:00:00,0,-31.846666666666664,103.0425,-2.3369653507939745,29.915153769841265,15.982158472929058
2025-10-10 19:00:00,0,-11.550833333333332,140.17999999999998,45.86767439280016,29.915153769841265,48.993445602863204
2025-10-10 20:00:00,0,-6.5,169.02916666666667,46.487648698730375,38.365684818481874,51.75295449072093
2025-10-10 21:00:00,0,-5.2425,187.5458333333333,46.17315594663441,38.365684818481874,53.68784237117694
2025-10-10 22:00:00,0,-6.5,242.28083333333333,25.080374462492166,54.219945255474435,44.173979503179936
2025-10-10 23:00:00,0,-6.5,167.10166666666666,-3.0159374705610418,54.219945255474435,39.18482563646728
2025-10-11 00:00:00,0,-0.9333333333333332,121.09666666666668,-7.216899730715284,54.219945255474435,46.49239164037101
2025-10-11 01:00:00,0,-3.45,103.76333333333334,19.87218306977104,54.219945255474435,52.282919007700976
2025-10-11 02:00:00,0,-5.398333333333333,102.66083333333334,-1.1259431421302253,54.219945255474435,43.18581127208381
2025-10-11 03:00:00,0,-5.616666666666667,101.92416666666666,-10.983835648004273,54.219945255474435,41.09144546255155
2025-10-11 04:00:00,0,0.7958333333333334,106.8675,-16.640150472396456,54.219945255474435,40.98587510755362
2025-10-11 05:00:00,0,2.958333333333333,101.91083333333334,-9.073650660298199,54.219945255474435,42.67071818755739
2025-10-11 06:00:00,0,32.339166666666664,112.2725,-0.9678780649683745,54.219945255474435,44.6103911934328
2025-10-11 07:00:00,0,-0.389166666666667,40.8075,-13.485635050143784,12.338110687022898,25.649784581517345
2025-10-11 08:00:00,0,-9.314166666666669,-12.8275,-46.80880154448694,-9.112018018018016,-8.364170398244568
2025-10-11 09:00:00,0,-11.305833333333332,-13.485,-86.42890211433026,-39.87388888888891,-30.540661812178982
2025-10-11 10:00:00,0,-22.934166666666663,-25.249166666666667,-116.89423729874032,-39.87388888888891,-36.42099142057769
2025-10-11 11:00:00,0,-26.35,-49.36166666666667,-145.959925302717,-69.16896039603962,-45.64895841717937
2025-10-11 12:00:00,0,-31.47666666666667,-45.7425,-167.92612861769044,-69.16896039603962,-42.95310496158412
2025-10-11 13:00:00,0,-36.46416666666666,-40.61833333333333,-177.81709719353853,-69.16896039603962,-29.48768443034693
2025-10-11 14:00:00,0,-30.558333333333334,-49.365833333333335,-171.13136719237298,-69.16896039603962,-32.14391565091506
2025-10-11 15:00:00,0,-20.28833333333333,-56.1575,-162.15255432070677,-69.16896039603962,-32.134370930350585
2025-10-11 16:00:00,0,-15.889166666666666,-24.3925,-122.58074326130055,-39.87388888888891,-39.04594449106543
2025-10-11 17:00:00,0,-10.2375,17.1375,-76.08151691731332,-19.122694444444445,-21.968582149868823
2025-10-11 18:00:00,0,0.3724999999999999,93.75333333333332,0.2371233674595885,12.338110687022898,22.859266282637535
2025-10-11 19:00:00,0,8.031666666666666,121.24583333333334,80.41584657062158,94.40444444444447,85.58243514313307
2025-10-11 20:00:00,0,63.965,89.885,65.23125381821193,130.0473843248348,92.76757226383974
2025-10-11 21:00:00,0,59.86833333333333,38.266666666666666,82.7887770748654,115.03520161290321,99.38411075445836
2025-10-11 22:00:00,0,71.3925,1.2308333333333332,91.35289705498825,124.27919515669515,101.94985136885026
2025-10-11 23:00:00,0,82.13833333333334,-5.616666666666667,88.01441583548954,124.27919515669515,95.07539360399002
2025-10-12 00:00:00,0,77.04083333333334,-6.5,90.8409724313533,124.27919515669515,94.52962979776825
2025-10-12 01:00:00,0,39.41166666666667,-6.5,110.73281066636896,124.27919515669515,93.89403563893761
2025-10-12 02:00:00,0,9.723333333333333,-9.901666666666666,69.98117547109835,82.35069444444443,83.11325395974485
2025-10-12 03:00:00,0,35.04416666666666,-16.098333333333333,38.968371976091035,82.35069444444443,70.3573303367811
2025-10-12 04:00:00,0,20.764166666666664,-11.326666666666668,29.6348505918874,56.44486842105264,61.57073251154007
2025-10-12 05:00:00,0,36.48833333333334,-12.101666666666668,19.93045066262603,56.44486842105264,56.5275128956559
2025-10-12 06:00:00,0,69.92583333333333,-12.2875,25.11207845964129,56.44486842105264,58.35476500569369
2025-10-12 07:00:00,0,22.180833333333336,-12.1475,21.53118562026711,12.082773536895676,33.15208103240494
2025-10-12 08:00:00,0,78.66166666666668,-21.435,23.67686059622463,12.082773536895676,9.252337160458708
2025-10-12 09:00:00,0,8.106666666666667,-30.58666666666667,-6.247476942001015,12.082773536895676,-5.880404383996989
2025-10-12 10:00:00,0,-8.8125,-30.555,-31.63313032159779,-27.262729044834316,-8.581107073194957
2025-10-12 11:00:00,0,-10.243333333333334,-31.00333333333333,-65.67861450760539,-27.262729044834316,-19.116153350474164
2025-10-12 12:00:00,0,-14.128333333333332,-31.1975,-114.02126062604411,-69.16896039603962,-26.228382573821833
2025-10-12 13:00:00,0,-18.688333333333333,-36.775,-110.53678590690284,-39.87388888888891,-31.497464484139456
2025-10-12 14:00:00,0,-24.3325,-32.877500000000005,-110.0636403171684,-39.87388888888891,-47.236121535035394
2025-10-12 15:00:00,0,-30.495,-19.176666666666662,-113.88751535667352,-39.87388888888891,-58.65406590883042
2025-10-12 16:00:00,0,-26.21083333333333,-9.031666666666666,-100.12862742562571,-39.87388888888891,-37.40145424917773
2025-10-12 17:00:00,0,-18.336666666666662,-6.0575,0.30760958047871156,12.338110687022898,5.0541956780364785
2025-10-12 18:00:00,0,33.3925,6.246666666666666,94.35698168530834,62.20012944983817,40.03522038712124
2025-10-12 19:00:00,0,95.06916666666666,-6.3125,114.13747615489366,62.20012944983817,57.647627483527074
2025-10-12 20:00:00,0,96.605,-6.8075,92.61609102954628,29.915153769841265,46.668479544551424
2025-10-12 21:00:00,0,97.59,-10.07,82.9130322759359,29.915153769841265,39.2893255205446
2025-10-12 22:00:00,0,77.96249999999999,-6.5,71.29056223623957,62.20012944983817,42.93369641025208
2025-10-12 23:00:00,0,88.8625,-6.5,50.67328165992294,54.219945255474435,36.89116515509774
2025-10-13 00:00:00,0,95.3325,-6.5,52.341494035191964,54.219945255474435,45.384929136909115
2025-10-13 01:00:00,0,96.4125,-6.5,72.55089774216474,76.63001893939396,62.59866846482484
2025-10-13 02:00:00,0,104.84499999999998,-6.5,64.78606683039989,76.63001893939396,68.68704753440502
2025-10-13 03:00:00,0,107.4275,-6.5,58.78461808936473,76.63001893939396,74.98091496399931
2025-10-13 04:00:00,0,126.63583333333334,-6.5,61.41466283413711,76.63001893939396,82.48476307808693
2025-10-13 05:00:00,0,174.63083333333336,-1.2166666666666666,59.06924774177603,76.63001893939396,99.50158184331059
2025-10-13 06:00:00,0,232.775,23.6375,93.71886137287514,134.4683197831978,129.15912551076966
2025-10-13 07:00:00,0,167.95833333333334,28.88083333333333,124.1921755065909,119.09018895348831,126.52841138521774
2025-10-13 08:00:00,0,113.50583333333331,53.56166666666667,113.08975936205653,134.4683197831978,89.05660594041775
2025-10-13 09:00:00,0,65.24083333333333,55.064166666666665,74.87592794376806,69.35841981132074,46.034219450954396
2025-10-13 10:00:00,0,31.62833333333333,4.610833333333333,46.17871237584791,12.082773536895676,34.386877292267066
2025-10-13 11:00:00,0,26.94583333333333,-4.754166666666666,34.98457226417482,12.082773536895676,34.27902928751748
2025-10-13 12:00:00,0,-5.355,-2.265,6.11130861687721,-9.694020618556697,23.048276081114395
2025-10-13 13:00:00,0,-12.6975,-9.845833333333331,2.12932119610133,-9.694020618556697,18.493880360819546
2025-10-13 14:00:00,0,-17.155,-9.62,-11.635396312296749,-9.694020618556697,17.452753403513682
2025-10-13 15:00:00,0,-13.856666666666667,43.62083333333334,-1.0913083911484023,-9.694020618556697,25.231983487236256
2025-10-13 16:00:00,0,-11.020833333333334,47.740833333333335,44.12326377691604,-9.694020618556697,48.47357548155121
2025-10-13 17:00:00,0,-8.362499999999999,77.57416666666667,126.39245396433485,47.27513020833333,95.2667479258304
2025-10-13 18:00:00,0,148.17666666666665,101.19666666666669,192.659871662192,130.0473843248348,146.71810362938382
2025-10-13 19:00:00,0,161.57,120.56583333333332,197.5054517924139,149.92453304597706,181.66378341701108
2025-10-13 20:00:00,0,157.1858333333333,116.42083333333332,190.7634848122053,149.92453304597706,187.7978068641898
2025-10-13 21:00:00,0,140.8975,123.56583333333332,203.58845072722596,149.92453304597706,188.29497754507105
2025-10-13 22:00:00,0,116.77416666666666,137.15333333333334,185.64266926797353,130.0473843248348,171.1227680787477
2025-10-13 23:00:00,0,111.95083333333334,141.98166666666663,162.04159063056602,115.03520161290321,146.10957080020572
2025-10-14 00:00:00,0,99.0675,145.42666666666665,118.54915065069402,115.03520161290321,133.37290915220086
2025-10-14 01:00:00,0,78.04583333333333,148.94583333333333,124.15772521031198,89.72358173076925,99.8182169079829
2025-10-14 02:00:00,0,59.645833333333336,135.1175,89.74602346799273,89.72358173076925,84.87342204418802
2025-10-14 03:00:00,0,49.49166666666667,113.92666666666668,62.70667656620218,76.63001893939396,71.53407700801395
2025-10-14 04:00:00,0,55.056666666666665,123.97666666666667,51.590336800856136,76.63001893939396,71.94505315587195
2025-10-14 05:00:00,0,77.03916666666667,150.72583333333333,52.86284904122938,76.63001893939396,75.9582009127809
2025-10-14 06:00:00,0,104.20666666666666,195.26416666666668,88.07721220593409,119.09018895348831,91.55605849018765
2025-10-14 07:00:00,0,114.33416666666666,189.2975,88.9263773850022,95.35743002544525,80.1823398660513
2025-10-14 08:00:00,0,35.4975,99.3925,87.98180305450828,119.09018895348831,59.33012759391703
2025-10-14 09:00:00,0,-1.4400000000000002,31.406666666666663,9.305924285808516,29.915153769841265,15.106833401372327
2025-10-14 10:00:00,0,-11.770833333333334,-18.5925,-31.019482318176983,-9.112018018018016,-6.03911436239089
2025-10-14 11:00:00,0,-17.235833333333332,-33.51833333333334,-54.14504910150474,-9.112018018018016,-17.655035662653788
2025-10-14 12:00:00,0,-20.660833333333333,-40.98,-80.69578316494905,-27.262729044834316,-34.71274664952463
2025-10-14 13:00:00,0,-24.941666666666663,-43.99,-89.76358625300183,-27.262729044834316,-48.59678138832221
2025-10-14 14:00:00,0,-22.71333333333333,-55.20583333333334,-81.93811625533509,-27.262729044834316,-48.692380807578886
2025-10-14 15:00:00,0,-14.474166666666669,-52.80583333333333,-57.8803182495604,-27.262729044834316,-29.328688392299227
2025-10-14 16:00:00,0,-13.541666666666666,-33.347500000000004,-17.196993802490084,-27.262729044834316,1.7296772476288282
2025-10-14 17:00:00,0,-4.190833333333333,-17.395833333333332,39.84684963966993,25.42317999999999,47.13030818371445
2025-10-14 18:00:00,0,106.00583333333331,58.70916666666667,118.75653908555627,130.0473843248348,102.48412099612054
2025-10-14 19:00:00,0,151.93333333333334,114.6925,147.2641348754214,149.92453304597706,136.56277966497217
2025-10-14 20:00:00,0,145.1858333333333,121.49416666666669,170.22207955680352,149.92453304597706,162.0193507345467
2025-10-14 21:00:00,0,144.3141666666667,116.68416666666668,161.1260778968442,130.0473843248348,157.94502620572604
2025-10-14 22:00:00,0,153.53166666666667,137.99,144.56075850056808,130.0473843248348,144.51199061011536
2025-10-14 23:00:00,0,149.91666666666666,119.38333333333333,104.9409911353188,115.03520161290321,124.72922743223799
2025-10-15 00:00:00,0,176.17416666666668,98.3425,81.78919717099048,115.03520161290321,121.32225636011336
2025-10-15 01:00:00,0,163.9275,84.625,107.66398741493136,89.72358173076925,100.31695967832897
2025-10-15 02:00:00,0,158.61083333333332,77.97833333333334,103.68714233345425,89.72358173076925,102.77024904075631
2025-10-15 03:00:00,0,144.58583333333334,60.69583333333333,101.6037974777058,89.72358173076925,105.46086338895061
2025-10-15 04:00:00,0,136.26833333333337,19.0,107.37199993255363,89.72358173076925,111.23584611728648
2025-10-15 05:00:00,0,184.77166666666668,49.70583333333334,111.55488073063681,89.72358173076925,120.31742700339636
2025-10-15 06:00:00,0,225.2508333333333,100.6225,136.58350065314212,130.0473843248348,143.7486408181758
2025-10-15 07:00:00,0,144.87166666666667,88.8125,132.74375754264128,149.92453304597706,114.53687370989157
2025-10-15 08:00:00,0,6.9558333333333335,13.314166666666669,97.68312669768676,89.49258333333339,56.102458755998775
2025-10-15 09:00:00,0,-5.05,-2.395833333333333,34.67426870795038,12.082773536895676,9.372052219716622
2025-10-15 10:00:00,0,-9.525,-8.899166666666668,-20.492805450745493,-9.694020618556697,-17.944633588791575
2025-10-15 11:00:00,0,-10.326666666666666,-14.488333333333337,-48.92108519090148,-9.694020618556697,-33.51917423559209
2025-10-15 12:00:00,0,-12.463333333333331,-16.5775,-54.784402189458135,-9.694020618556697,-35.740268648011025
2025-10-15 13:00:00,0,-10.578333333333331,-13.380833333333332,-52.41310995457751,-9.694020618556697,-35.63726169550654
2025-10-15 14:00:00,0,-11.071666666666667,-18.4275,-53.75526562818463,-9.694020618556697,-40.25936730451836
2025-10-15 15:00:00,0,-10.4225,-22.48333333333333,-50.07425781160403,-27.262729044834316,-32.988283390166046
2025-10-15 16:00:00,0,15.938333333333333,-14.441666666666668,-22.149649352094613,-27.262729044834316,-8.594729643755556
2025-10-15 17:00:00,0,91.87416666666668,-16.495833333333334,19.109581251843807,47.27513020833333,24.34600488319448
2025-10-15 18:00:00,0,222.2725,-6.843333333333334,59.283085397673354,38.365684818481874,63.88154794822027
2025-10-15 19:00:00,0,233.00583333333336,63.0525,101.06783712019447,119.09018895348831,111.21270939180737
2025-10-15 20:00:00,0,205.04666666666665,78.71499999999999,129.25729486621887,134.4683197831978,138.73798455862368
2025-10-15 21:00:00,0,187.7458333333333,71.0925,125.06681781201854,130.0473843248348,138.11997588489484
2025-10-15 22:00:00,0,140.64916666666667,49.73333333333333,116.66468040655229,115.03520161290321,131.1206724504152
2025-10-15 23:00:00,0,116.66833333333334,45.0025,99.29487184274265,89.72358173076925,118.90085088033062
2025-10-16 00:00:00,0,92.30666666666669,38.16583333333333,80.05910536604712,89.72358173076925,112.17209008478112
2025-10-16 01:00:00,0,57.403333333333336,25.67083333333333,81.70401174245941,89.72358173076925,86.44261734205298
2025-10-16 02:00:00,0,1.7433333333333332,8.284166666666666,24.037269426280375,76.63001893939396,56.64766623267948
2025-10-16 03:00:00,0,-6.5,9.658333333333331,-28.563633617508657,54.219945255474435,23.70105678616936
2025-10-16 04:00:00,0,-6.5,1.5741666666666667,-60.740651198219766,-8.968726415094341,4.849593950483182
2025-10-16 05:00:00,0,-4.413333333333333,-3.8475,-66.59366032733915,4.404958333333331,4.21068660501291
2025-10-16 06:00:00,0,15.5075,32.55416666666667,-49.65333542339805,10.420995726495725,14.207128670522621
2025-10-16 07:00:00,0,2.1283333333333334,15.8425,-35.864119085528586,10.420995726495725,11.624998804996707
2025-10-16 08:00:00,0,-13.263333333333334,-8.219166666666666,-86.55103462818222,-19.122694444444445,-0.7187500465629029
2025-10-16 09:00:00,0,-14.023333333333332,-18.56583333333333,-124.99456012716222,-19.122694444444445,-13.763384838485692
2025-10-16 10:00:00,0,-20.299166666666665,-28.695000000000004,-168.68775256666538,-39.87388888888891,-25.541463403954538
2025-10-16 11:00:00,0,-20.44083333333333,-26.5775,-183.48977108516158,-39.87388888888891,-34.09305581758554
2025-10-16 12:00:00,0,-20.371666666666663,-23.561666666666667,-179.34336206775168,-39.87388888888891,-35.78563383935469
2025-10-16 13:00:00,0,-17.162499999999998,-43.72916666666666,-150.54681317628848,-39.87388888888891,-53.26986630581028
2025-10-16 14:00:00,0,-9.944166666666666,-45.028333333333336,-81.53564258866636,-19.122694444444445,-41.02793896083794
2025-10-16 15:00:00,0,-1.6316666666666666,-43.85916666666666,-20.432065563707525,29.915153769841265,-5.015405656273444
2025-10-16 16:00:00,0,37.59333333333333,-46.00083333333333,0.9738457259732343,29.915153769841265,12.020819250415613
2025-10-16 17:00:00,0,3.893333333333333,-16.88,28.149523724014372,38.365684818481874,33.07425549447007
2025-10-16 18:00:00,0,94.10833333333332,-8.184166666666666,61.078300143375365,38.365684818481874,76.02041746334046
2025-10-16 19:00:00,0,115.31833333333331,63.245000000000005,101.70060135783046,134.4683197831978,107.84021829680955
2025-10-16 20:00:00,0,147.23416666666665,64.40166666666667,55.74200686961727,38.365684818481874,77.04884058732425
2025-10-16 21:00:00,0,148.3675,40.87,56.35010839599215,38.365684818481874,78.28443589484516
2025-10-16 22:00:00,0,105.6125,24.359166666666667,58.95099878495923,94.40444444444447,83.70413219336018
2025-10-16 23:00:00,0,103.46416666666666,-0.6383333333333333,42.47663585047411,76.63001893939396,79.45486432442439
2025-10-17 00:00:00,0,134.74083333333334,0.5533333333333331,33.43749171242353,76.63001893939396,78.84108945347673
2025-10-17 01:00:00,0,90.3675,-6.278333333333333,50.30130790456037,76.63001893939396,61.18797387052288
2025-10-17 02:00:00,0,65.66166666666666,-6.5,34.202380990454536,76.63001893939396,56.388877201608
2025-10-17 03:00:00,0,54.0925,-6.5,10.414858365676551,56.44486842105264,43.955052236819874
2025-10-17 04:00:00,0,55.72166666666666,-6.5,8.75939768786371,56.44486842105264,47.917640981848066
2025-10-17 05:00:00,0,60.45,-7.6191666666666675,27.146135790817475,124.27919515669515,69.67141155254448
2025-10-17 06:00:00,0,70.70666666666666,-3.675,58.69138095279332,115.03520161290321,95.11674384390884
2025-10-17 07:00:00,0,89.38333333333333,-9.220833333333331,73.70749393533161,130.0473843248348,72.14804358581176
2025-10-17 08:00:00,0,30.489166666666662,-43.98666666666667,17.881577971170472,12.338110687022898,7.883924908032256
2025-10-17 09:00:00,0,-15.0725,-48.53083333333333,-21.50372697880492,-9.112018018018016,-13.271122784476034
2025-10-17 10:00:00,0,-9.288333333333332,-47.17250000000001,-41.71530787679991,-9.112018018018016,-24.32971306252142
2025-10-17 11:00:00,0,-2.0283333333333333,-46.335,-65.13122228167627,-27.262729044834316,-41.96358653041814
2025-10-17 12:00:00,0,-21.201666666666664,-52.806666666666665,-76.31313714802594,-27.262729044834316,-52.94426590707788
2025-10-17 13:00:00,0,-27.883333333333336,-64.2275,-84.791515766958,-27.262729044834316,-68.26818343591329
2025-10-17 14:00:00,0,-25.304166666666664,-67.37166666666667,-77.86034103906051,-27.262729044834316,-62.82130490162133
2025-10-17 15:00:00,0,-33.75666666666667,-61.17,-53.577045737401974,-27.262729044834316,-49.358740367380264
2025-10-17 16:00:00,0,-7.258333333333333,-34.611666666666665,3.50817967453159,25.42317999999999,-11.87799503007426
2025-10-17 17:00:00,0,6.45,-21.865,26.066487101054094,47.27513020833333,2.955110871264239
2025-10-17 18:00:00,0,73.42416666666666,-31.846666666666664,109.97476430467776,69.35841981132074,62.29224160433819
2025-10-17 19:00:00,0,106.91166666666668,-11.550833333333332,138.2820035170365,130.0473843248348,97.87317039198439
2025-10-17 20:00:00,0,107.5475,-6.5,188.34866306693783,130.0473843248348,127.43196822549895
2025-10-17 21:00:00,0,112.6925,-5.2425,195.44882309401686,130.0473843248348,122.02981424897199
2025-10-17 22:00:00,0,109.81166666666668,-6.5,219.73304684696961,115.03520161290321,119.27291766378437
2025-10-17 23:00:00,0,114.33666666666666,-6.5,138.96349734304482,124.27919515669515,92.87491840409743
2025-10-18 00:00:00,0,110.66833333333334,-0.9333333333333332,85.17985504440952,124.27919515669515,73.85844451823422
2025-10-18 01:00:00,0,98.0125,-3.45,92.87508508906839,124.27919515669515,83.20378691045373
2025-10-18 02:00:00,0,78.095,-5.398333333333333,73.10192835916087,56.44486842105264,75.0379213787376
2025-10-18 03:00:00,0,72.07083333333334,-5.616666666666667,62.67252823946835,82.35069444444443,72.01055158866484
2025-10-18 04:00:00,0,78.98416666666667,0.7958333333333334,59.58190071570232,82.35069444444443,71.68057992220773
2025-10-18 05:00:00,0,79.62416666666667,2.958333333333333,57.99164936771986,76.63001893939396,73.32801398161314
2025-10-18 06:00:00,0,79.06833333333333,32.339166666666664,70.19459331817144,124.27919515669515,75.00669554810175
2025-10-18 07:00:00,0,51.255,-0.389166666666667,55.549779595899345,47.27513020833333,49.66530253993067
2025-10-18 08:00:00,0,21.7175,-9.314166666666669,-1.859030315415481,12.338110687022898,2.8394964510331704
2025-10-18 09:00:00,0,22.605833333333333,-11.305833333333332,-9.593568029905995,12.082773536895676,-15.093354741306584
2025-10-18 10:00:00,0,12.418333333333337,-22.934166666666663,-39.973367702350075,-27.262729044834316,-33.52928351374281
2025-10-18 11:00:00,0,-15.785000000000002,-26.35,-80.45104599663294,-27.262729044834316,-62.61143542303934
2025-10-18 12:00:00,0,-20.76083333333333,-31.47666666666667,-97.81214416214978,-69.16896039603962,-71.95320587068632
2025-10-18 13:00:00,0,-25.45,-36.46416666666666,-96.47137143329986,-9.694020618556697,-69.08850960951436
2025-10-18 14:00:00,0,-25.058333333333337,-30.558333333333334,-78.36168672509397,-9.694020618556697,-42.635785585823996
2025-10-18 15:00:00,0,-31.92333333333333,-20.28833333333333,-49.27196140868317,-9.694020618556697,-19.8096520328928
2025-10-18 16:00:00,0,-0.8475000000000003,-15.889166666666666,-7.160301085847465,-9.694020618556697,-0.5080211753345338
2025-10-18 17:00:00,0,37.41583333333333,-10.2375,46.50499816879336,25.42317999999999,32.92926683918738
2025-10-18 18:00:00,0,133.6891666666667,0.3724999999999999,98.20677239110675,47.27513020833333,81.39679988687146
2025-10-18 19:00:00,0,129.375,8.031666666666666,127.46526610324405,130.0473843248348,113.93151407267806
2025-10-18 20:00:00,0,98.03083333333332,63.965,114.17189820842793,130.0473843248348,110.00885486032541
2025-10-18 21:00:00,0,69.86833333333334,59.86833333333333,64.97236644445,115.03520161290321,91.1716365310867
2025-10-18 22:00:00,0,48.44,71.3925,7.762587603687237,54.219945255474435,67.15627426690408
2025-10-18 23:00:00,0,2.4875,82.13833333333334,-31.390025668510702,54.219945255474435,50.35776058911526
2025-10-19 00:00:00,0,-3.7258333333333336,77.04083333333334,-48.39918553049942,54.219945255474435,46.653580482792336
2025-10-19 01:00:00,0,-6.5,39.41166666666667,-49.076196746907144,-8.968726415094341,31.42371911191467
2025-10-19 02:00:00,0,-8.238333333333333,9.723333333333333,-88.03813492298842,-8.968726415094341,16.675806617533354
2025-10-19 03:00:00,0,-13.003333333333332,35.04416666666666,-123.09393566223214,-8.968726415094341,7.7636594771079075
2025-10-19 04:00:00,0,-12.875833333333333,20.764166666666664,-145.94737993417561,-8.968726415094341,7.249502618018312
2025-10-19 05:00:00,0,-12.745,36.48833333333334,-163.5065431544491,-8.968726415094341,10.955255381546806
2025-10-19 06:00:00,0,-12.569166666666668,69.92583333333333,-174.82041488803446,-8.968726415094341,17.392383244636534
2025-10-19 07:00:00,0,-15.4075,22.180833333333336,-170.1825006312249,-19.122694444444445,6.050062160691482
2025-10-19 08:00:00,0,-23.106666666666666,78.66166666666668,-181.79827076491574,-19.122694444444445,7.100909900141474
2025-10-19 09:00:00,0,-41.87166666666666,8.106666666666667,-179.63600308968898,-39.87388888888891,-7.754160356799943
2025-10-19 10:00:00,0,-25.0425,-8.8125,-163.0014935697377,-19.122694444444445,-3.799326603931476
2025-10-19 11:00:00,0,-28.58083333333333,-10.243333333333334,-127.76736464699947,-19.122694444444445,-17.557742623139546
2025-10-19 12:00:00,0,-30.054166666666664,-14.128333333333332,-138.83359556136975,-19.122694444444445,-17.321043782545402
2025-10-19 13:00:00,0,-28.929166666666664,-18.688333333333333,-148.38084406898872,-19.122694444444445,-20.658018889348313
2025-10-19 14:00:00,0,-17.570833333333333,-24.3325,-107.66802388010412,-19.122694444444445,-15.261803164640725
2025-10-19 15:00:00,0,-13.193333333333332,-30.495,-88.87891825948641,-9.112018018018016,-25.42102579882473
2025-10-19 16:00:00,0,14.40333333333333,-26.21083333333333,-35.952696891688134,12.338110687022898,6.748233526955659
2025-10-19 17:00:00,0,90.375,-18.336666666666662,39.12674990893008,69.35841981132074,65.35105006220364
2025-10-19 18:00:00,0,107.11416666666666,33.3925,98.32413533983116,130.0473843248348,121.38552791548508
2025-10-19 19:00:00,0,128.47416666666666,95.06916666666666,87.50676831246622,130.0473843248348,126.3810841299818
2025-10-19 20:00:00,0,109.1575,96.605,142.6516316675979,130.0473843248348,128.7589629426897
2025-10-19 21:00:00,0,79.73916666666666,97.59,80.53970539293674,115.03520161290321,106.10851723367095
2025-10-19 22:00:00,0,96.085,77.96249999999999,-6.597502352508158,54.219945255474435,51.52304175984186
2025-10-19 23:00:00,0,104.06833333333331,88.8625,16.00679200996113,76.63001893939396,70.51916573815987
2025-10-20 00:00:00,0,103.0125,95.3325,61.239430569954806,124.27919515669515,87.03512456962027
2025-10-20 01:00:00,0,95.13333333333333,96.4125,88.4119291500071,124.27919515669515,97.64937843398404
2025-10-20 02:00:00,0,87.29,104.84499999999998,84.37177303532265,82.35069444444443,92.29701283772037
2025-10-20 03:00:00,0,87.0625,107.4275,80.78890918289248,82.35069444444443,89.31942253905859
2025-10-20 04:00:00,0,96.43,126.63583333333334,74.08955803270831,82.35069444444443,92.04659042214449
2025-10-20 05:00:00,0,123.24916666666668,174.63083333333336,68.93037637341469,124.27919515669515,97.93348897139327
2025-10-20 06:00:00,0,105.47916666666669,232.775,100.05815440764158,115.03520161290321,115.10254320254161
2025-10-20 07:00:00,0,142.33083333333337,167.95833333333334,86.08262185813973,149.92453304597706,102.65544313865486
2025-10-20 08:00:00,0,66.14333333333333,113.50583333333331,114.86504385011916,149.92453304597706,106.71172607348055
2025-10-20 09:00:00,0,106.55583333333334,65.24083333333333,93.3989101073202,119.09018895348831,69.42040348399314
2025-10-20 10:00:00,0,97.77583333333332,31.62833333333333,82.96472863229532,119.09018895348831,61.88310341494952
2025-10-20 11:00:00,0,203.2983333333333,26.94583333333333,111.88310261228885,134.4683197831978,73.00805959340231
2025-10-20 12:00:00,0,119.2225,-5.355,106.94615450484231,89.49258333333339,81.13591771749748
2025-10-20 13:00:00,0,271.3258333333333,-12.6975,114.74429123686073,89.49258333333339,90.77395721809468
2025-10-20 14:00:00,0,162.225,-17.155,84.67306732869717,89.49258333333339,70.22379246599978
2025-10-20 15:00:00,0,95.90916666666668,-13.856666666666667,77.09480127109539,47.27513020833333,59.68466184345095
2025-10-20 16:00:00,0,77.68333333333334,-11.020833333333334,77.16672745082683,47.27513020833333,68.43440464820775
2025-10-20 17:00:00,0,94.14916666666666,-8.362499999999999,112.51236959145024,69.35841981132074,84.35338471345194
2025-10-20 18:00:00,0,182.63,148.17666666666665,155.97786399624914,89.49258333333339,141.81432695549714
2025-10-20 19:00:00,0,142.08666666666667,161.57,143.0099198629635,130.0473843248348,149.14690841832243
2025-10-20 20:00:00,0,140.8033333333333,157.1858333333333,124.82066351226817,119.09018895348831,126.48671441534276
2025-10-20 21:00:00,0,143.75416666666666,140.8975,124.60315085646576,130.0473843248348,130.0370294277847
2025-10-20 22:00:00,0,129.86666666666667,116.77416666666666,121.8165125663215,130.0473843248348,128.95118606706993
2025-10-20 23:00:00,0,136.0725,111.95083333333334,102.8977988824012,115.03520161290321,114.60003572823584
2025-10-21 00:00:00,0,185.94416666666663,99.0675,103.68104192821382,115.03520161290321,120.20827552445995
2025-10-21 01:00:00,0,212.4233333333333,78.04583333333333,131.627200843132,89.72358173076925,97.83393752001341
2025-10-21 02:00:00,0,223.25666666666663,59.645833333333336,127.09295997379718,89.72358173076925,107.09878119001299
2025-10-21 03:00:00,0,226.03416666666664,49.49166666666667,130.21751888363124,124.27919515669515,114.55533182003347
2025-10-21 04:00:00,0,214.69833333333327,55.056666666666665,145.67677627328115,124.27919515669515,121.06560901242463
2025-10-21 05:00:00,0,227.425,77.03916666666667,166.6987750517876,124.27919515669515,132.62625065049193
2025-10-21 06:00:00,0,220.02916666666667,104.20666666666666,217.69642672581023,130.0473843248348,160.38158164639572
2025-10-21 07:00:00,0,268.7708333333333,114.33416666666666,229.15808707156333,149.92453304597706,138.23682080747432
2025-10-21 08:00:00,0,187.05916666666667,35.4975,167.79146886275822,89.49258333333339,72.00797445368704
2025-10-21 09:00:00,0,116.40916666666664,-1.4400000000000002,72.56774976258195,12.082773536895676,27.24380605673648
2025-10-21 10:00:00,0,68.86583333333333,-11.770833333333334,15.664497731111041,-9.694020618556697,23.9156872418574
2025-10-21 11:00:00,0,56.189166666666665,-17.235833333333332,-1.27157063045658,-9.694020618556697,20.427885142791496
2025-10-21 12:00:00,0,71.97083333333333,-20.660833333333333,-19.778285064969012,-9.694020618556697,25.288211480703296
2025-10-21 13:00:00,0,109.68,-24.941666666666663,11.699322577434941,-9.694020618556697,44.78084118705247
2025-10-21 14:00:00,0,106.08416666666666,-22.71333333333333,16.35374256713773,-9.694020618556697,40.68365838323013
2025-10-21 15:00:00,0,171.455,-14.474166666666669,69.26161211490756,47.27513020833333,59.32267080617274
2025-10-21 16:00:00,0,181.21833333333333,-13.541666666666666,104.98980424196643,89.49258333333339,77.47698398554392
2025-10-21 17:00:00,0,167.92166666666665,-4.190833333333333,136.97292860664646,89.49258333333339,125.1075635003886
2025-10-21 18:00:00,0,190.03916666666663,106.00583333333331,131.40576171186441,149.92453304597706,138.7047079920405
2025-10-21 19:00:00,0,201.12583333333336,151.93333333333334,112.9525460808852,119.09018895348831,112.5312242695783
2025-10-21 20:00:00,0,138.3075,145.1858333333333,94.6269964641223,62.20012944983817,96.63255732498224
2025-10-21 21:00:00,0,83.15666666666667,144.3141666666667,64.24265743308737,62.20012944983817,75.45219009127328
2025-10-21 22:00:00,0,26.050833333333333,153.53166666666667,34.04357488439539,62.20012944983817,50.90368272059131
2025-10-21 23:00:00,0,-6.5,149.91666666666666,4.445729939958511,4.404958333333331,44.523597469494874
2025-10-22 00:00:00,0,-6.5,176.17416666666668,-14.219122921826667,4.404958333333331,43.23383131842994
2025-10-22 01:00:00,0,-5.62,163.9275,0.9958477458050652,4.404958333333331,4.147401037546601
2025-10-22 02:00:00,0,-5.616666666666667,158.61083333333332,-15.32486377164983,-8.968726415094341,2.807953343252123
2025-10-22 03:00:00,0,-4.733333333333333,144.58583333333334,-50.48057296466784,-8.968726415094341,-9.66253708458342
2025-10-22 04:00:00,0,-5.296666666666667,136.26833333333337,-89.4838595604548,-8.968726415094341,-16.041736097254812
2025-10-22 05:00:00,0,-3.975,184.77166666666668,-73.63342682069829,-8.968726415094341,-12.192248803571516
2025-10-22 06:00:00,0,15.5375,225.2508333333333,-24.639379212056895,4.404958333333331,1.2316015060499979
2025-10-22 07:00:00,0,7.335,144.87166666666667,7.933255577375405,10.420995726495725,8.17626691980901
2025-10-22 08:00:00,0,4.911666666666666,6.9558333333333335,16.96490617418509,29.915153769841265,32.11655555034007
2025-10-22 09:00:00,0,-0.0441666666666666,-5.05,-1.045600847954688,29.915153769841265,25.1171340848828
2025-10-22 10:00:00,0,-6.031666666666666,-9.525,-3.2907824430296984,29.915153769841265,20.549040279257454
2025-10-22 11:00:00,0,-3.9025,-10.326666666666666,-34.55753102188392,10.420995726495725,7.021881643391254
2025-10-22 12:00:00,0,-13.485833333333332,-12.463333333333331,-109.91022379325928,-19.122694444444445,-12.700812147444267
2025-10-22 13:00:00,0,-22.466666666666665,-10.578333333333331,-174.58038773382265,-39.87388888888891,-37.13632213262572
2025-10-22 14:00:00,0,-51.12916666666666,-11.071666666666667,-205.15794793401386,-19.122694444444445,5.58771995636063
2025-10-22 15:00:00,0,-16.62,-10.4225,-215.67190921935918,-19.122694444444445,42.70796574681663
2025-10-22 16:00:00,0,-12.000833333333333,15.938333333333333,-176.18570420234278,-19.122694444444445,25.887672750582134
2025-10-22 17:00:00,0,-9.035,91.87416666666668,-105.02798743938767,10.420995726495725,9.652142160347665
2025-10-22 18:00:00,0,-20.27583333333333,222.2725,-65.53564931049043,10.420995726495725,28.10170193578105
2025-10-22 19:00:00,0,44.10666666666666,233.00583333333336,7.9649712877071295,10.420995726495725,36.620397451912496
2025-10-22 20:00:00,0,64.545,205.04666666666665,39.38498070398532,10.420995726495725,34.35864441510839
2025-10-22 21:00:00,0,64.69916666666667,187.7458333333333,38.061425591857734,29.915153769841265,29.990238560982455
2025-10-22 22:00:00,0,57.48666666666667,140.64916666666667,13.987753477437934,29.915153769841265,22.69790598678874
2025-10-22 23:00:00,0,78.79083333333334,116.66833333333334,2.0489224864366378,44.003362573099416,23.541950051420017
2025-10-23 00:00:00,0,94.0475,92.30666666666669,15.058798941118965,38.365684818481874,42.83462319984229
2025-10-23 01:00:00,0,133.685,57.403333333333336,41.73335703814524,54.219945255474435,32.21391805921982
2025-10-23 02:00:00,0,138.21333333333334,1.7433333333333332,28.08787043731418,76.63001893939396,42.849691982606984
2025-10-23 03:00:00,0,154.315,-6.5,23.27200474563641,76.63001893939396,46.36300027961567
2025-10-23 04:00:00,0,146.59416666666667,-6.5,27.552622825758064,76.63001893939396,63.64874448561852
2025-10-23 05:00:00,0,163.385,-4.413333333333333,44.61184202803929,89.72358173076925,84.12812112786534
2025-10-23 06:00:00,0,162.32500000000002,15.5075,88.61902270011768,130.0473843248348,110.23535951919476
2025-10-23 07:00:00,0,125.60083333333334,2.1283333333333334,87.41937645218947,38.365684818481874,70.41098254703476
2025-10-23 08:00:00,0,89.33166666666666,-13.263333333333334,85.36017734063898,38.365684818481874,51.2285188317742
2025-10-23 09:00:00,0,95.4625,-14.023333333333332,55.55079264609001,38.365684818481874,28.089228888679052
2025-10-23 10:00:00,0,33.00083333333333,-20.299166666666665,33.473542307720265,38.365684818481874,25.193694620205214
2025-10-23 11:00:00,0,15.6125,-20.44083333333333,16.513315773420715,47.27513020833333,22.781153771499774
2025-10-23 12:00:00,0,19.87666666666667,-20.371666666666663,-6.469401795479669,12.082773536895676,19.539876776609944
2025-10-23 13:00:00,0,11.539166666666668,-17.162499999999998,-21.701418592578875,-9.694020618556697,7.399959956654115
2025-10-23 14:00:00,0,3.495833333333333,-9.944166666666666,-28.71061143748392,-9.694020618556697,-8.337604173753547
2025-10-23 15:00:00,0,9.299166666666666,-1.6316666666666666,-10.101497526833697,-9.694020618556697,4.980655894735193
2025-10-23 16:00:00,0,93.99833333333332,37.59333333333333,28.01023318729986,25.42317999999999,19.619513485614576
2025-10-23 17:00:00,0,140.20333333333335,3.893333333333333,71.85883921089304,69.35841981132074,49.997328053709055
2025-10-23 18:00:00,0,168.85916666666665,94.10833333333332,91.52781989903347,69.35841981132074,88.38031565832358
2025-10-23 19:00:00,0,145.82083333333333,115.31833333333331,137.54871792870293,149.92453304597706,129.94359627396514
2025-10-23 20:00:00,0,148.00333333333333,147.23416666666665,156.39698010951753,149.92453304597706,148.45421449715516
2025-10-23 21:00:00,0,131.2775,148.3675,128.61782201019668,149.92453304597706,128.59112153594236
2025-10-23 22:00:00,0,108.5,105.6125,106.27390965818854,130.0473843248348,114.98192967277528
2025-10-23 23:00:00,0,115.73583333333332,103.46416666666666,66.80398941232227,115.03520161290321,97.10448081961607
2025-10-24 00:00:00,0,136.465,134.74083333333334,57.58086991679227,115.03520161290321,88.97856139143975
2025-10-24 01:00:00,0,138.36,90.3675,76.23284492667732,89.72358173076925,83.01758203723863
2025-10-24 02:00:00,0,128.8675,65.66166666666666,67.38250600438587,89.72358173076925,85.40876898813761
2025-10-24 03:00:00,0,137.54583333333332,54.0925,61.600169540316685,89.72358173076925,87.28043172521835
2025-10-24 04:00:00,0,138.44833333333335,55.72166666666666,65.39912042418753,124.27919515669515,94.61859754629297
2025-10-24 05:00:00,0,175.11416666666665,60.45,89.3925487323897,124.27919515669515,111.5848289239799
2025-10-24 06:00:00,0,187.8983333333333,70.70666666666666,116.91034398864203,130.0473843248348,130.12945147477396
2025-10-24 07:00:00,0,156.5425,89.38333333333333,117.86286352302997,149.92453304597706,97.82329398051382
2025-10-24 08:00:00,0,67.45583333333333,30.489166666666662,63.93624995440896,69.35841981132074,40.80380631583433
2025-10-24 09:00:00,0,69.5575,-15.0725,23.637899024274162,38.365684818481874,12.903439451892012
2025-10-24 10:00:00,0,14.348333333333333,-9.288333333333332,12.352391602729483,47.27513020833333,7.5317091724313485
2025-10-24 11:00:00,0,3.570833333333333,-2.0283333333333333,3.4218899118481687,12.082773536895676,7.6811845145764295
2025-10-24 12:00:00,0,-7.370833333333334,-21.201666666666664,-11.187811494558488,12.082773536895676,2.5804180506492713
2025-10-24 13:00:00,0,-10.869166666666668,-27.883333333333336,-16.971232071979742,25.42317999999999,7.804754351609816
2025-10-24 14:00:00,0,-11.034999999999998,-25.304166666666664,-16.513130588642156,-9.694020618556697,5.742794116433075
2025-10-24 15:00:00,0,-9.626666666666669,-33.75666666666667,-9.789844171599569,-9.694020618556697,6.292805425187652
2025-10-24 16:00:00,0,0.8208333333333332,-7.258333333333333,33.370652807626946,25.42317999999999,18.970885686932732
2025-10-24 17:00:00,0,39.4075,6.45,76.94705728793146,47.27513020833333,50.74416663077357
2025-10-24 18:00:00,0,119.81416666666668,73.42416666666666,95.72960791502473,69.35841981132074,94.93711179761581
2025-10-24 19:00:00,0,132.63083333333333,106.91166666666668,118.79584834077491,149.92453304597706,122.65224539656651
2025-10-24 20:00:00,0,142.26916666666668,107.5475,129.39741213276253,149.92453304597706,128.45246285596212
2025-10-24 21:00:00,0,147.71583333333334,112.6925,109.99100947466941,149.92453304597706,107.15108845491156
2025-10-24 22:00:00,0,157.705,109.81166666666668,94.44803416490603,130.0473843248348,95.02362975918805
2025-10-24 23:00:00,0,155.76166666666666,114.33666666666666,80.46086270398501,115.03520161290321,86.43771276178008
2025-10-25 00:00:00,0,160.715,110.66833333333334,87.89200543410038,115.03520161290321,96.64682055897413
2025-10-25 01:00:00,0,156.2775,98.0125,118.53315809414453,104.19746527777778,111.3249446157777
2025-10-25 02:00:00,0,193.8166666666667,78.095,107.27392895608737,104.19746527777778,105.20581619555023
2025-10-25 03:00:00,0,203.60083333333333,72.07083333333334,87.17286537797177,104.19746527777778,100.68888669320432
2025-10-25 04:00:00,0,180.72333333333333,78.98416666666667,72.63882268693132,104.19746527777778,96.11065422821261
2025-10-25 05:00:00,0,145.36833333333334,79.62416666666667,83.12841349726914,104.19746527777778,94.41534781342645
2025-10-25 06:00:00,0,124.41666666666669,79.06833333333333,95.79653205182808,104.19746527777778,93.26885725236997
2025-10-25 07:00:00,0,70.42666666666666,51.255,77.58843845028704,47.27513020833333,59.79485895555251
2025-10-25 08:00:00,0,38.126666666666665,21.7175,73.36307415111082,12.082773536895676,18.63461719212779
2025-10-25 09:00:00,0,18.864166666666662,22.605833333333333,51.51788607266068,12.082773536895676,-0.5900923670316729
2025-10-25 10:00:00,0,20.849166666666665,12.418333333333337,33.73963424309796,-9.694020618556697,18.759493736545267
2025-10-25 11:00:00,0,30.76083333333333,-15.785000000000002,53.148259584560726,12.082773536895676,13.199953445579226
2025-10-25 12:00:00,0,40.47166666666666,-20.76083333333333,52.725184717654905,12.082773536895676,18.464353580391702
2025-10-25 13:00:00,0,31.88,-25.45,20.782006569991452,25.42317999999999,8.214250612001052
2025-10-25 14:00:00,0,44.080000000000005,-25.058333333333337,40.77784040597242,25.42317999999999,22.364737856611512
2025-10-25 15:00:00,0,56.19,-31.92333333333333,80.24426696978507,47.27513020833333,45.89947977772513
2025-10-25 16:00:00,0,74.95416666666667,-0.8475000000000003,115.30139123833196,89.49258333333339,76.95194803207555
2025-10-25 17:00:00,0,100.49916666666668,37.41583333333333,99.80100755961489,89.49258333333339,112.85762971744661
2025-10-25 18:00:00,0,112.71166666666666,133.6891666666667,99.90879882805397,130.0473843248348,119.51786533025063
2025-10-25 19:00:00,0,109.41583333333334,129.375,106.06255028456414,130.0473843248348,130.91875571617237
2025-10-25 20:00:00,0,116.665,98.03083333333332,119.86230721577242,130.0473843248348,125.01486429072656
2025-10-25 21:00:00,0,122.23333333333332,69.86833333333334,113.32047860601324,130.0473843248348,119.81753066904801
2025-10-25 22:00:00,0,119.3325,48.44,126.42529891793804,115.03520161290321,114.9686296174943
2025-10-25 23:00:00,0,85.17,2.4875,100.52086811377333,104.19746527777778,101.43442075648942
2025-10-26 00:00:00,0,105.86666666666667,-3.7258333333333336,76.7211519628564,104.19746527777778,94.63192907402953
2025-10-26 01:00:00,0,66.67416666666666,-6.5,78.06036390476262,104.19746527777778,92.41059944260776
2025-10-26 02:00:00,0,32.975833333333334,-8.238333333333333,40.25689147763317,104.19746527777778,81.42466765291212
2025-10-26 03:00:00,0,24.285,-13.003333333333332,18.08244709497029,56.44486842105264,66.12840450543369
2025-10-26 04:00:00,0,22.616666666666664,-12.875833333333333,5.736206699471651,56.44486842105264,64.64100428121205
2025-10-26 05:00:00,0,18.4125,-12.745,-0.16755163106367377,56.44486842105264,56.005273477912816
2025-10-26 06:00:00,0,44.43416666666667,-12.569166666666668,9.371494833926562,23.54214646464646,51.758696481778465
2025-10-26 07:00:00,0,19.03833333333333,-15.4075,-7.800127364921664,12.082773536895676,25.542865332511518
2025-10-26 08:00:00,0,4.665,-23.106666666666666,-2.884235726074877,12.082773536895676,-0.9267730933675153
2025-10-26 09:00:00,0,15.083333333333334,-41.87166666666666,-0.6649218832535837,47.27513020833333,10.747900528856206
2025-10-26 10:00:00,0,16.968333333333334,-25.0425,28.949370986377012,69.35841981132074,23.017498049705125
2025-10-26 11:00:00,0,4.404166666666667,-28.58083333333333,56.05533856923017,69.35841981132074,43.24910772314342
2025-10-26 12:00:00,0,61.935,-30.054166666666664,65.4277570560486,69.35841981132074,59.50102458642755
2025-10-26 13:00:00,0,6.084166666666666,-28.929166666666664,77.00490935759775,89.49258333333339,53.09152682616787
2025-10-26 14:00:00,0,-23.549166666666668,-17.570833333333333,45.88980150908547,25.42317999999999,16.86831903983861
2025-10-26 15:00:00,0,-44.17,-13.193333333333332,-18.312382887867912,25.42317999999999,-28.526515378446916
2025-10-26 16:00:00,0,-33.32583333333333,14.40333333333333,22.388549957324102,47.27513020833333,14.354925411409056
2025-10-26 17:00:00,0,-27.586666666666662,90.375,34.76002487896532,47.27513020833333,23.5475456289374
2025-10-26 18:00:00,0,-6.531666666666666,107.11416666666666,51.99055891822598,69.35841981132074,38.06502205677673
2025-10-26 19:00:00,0,32.305,128.47416666666666,106.3776746726603,130.0473843248348,87.62780516759521
2025-10-26 20:00:00,0,14.23,109.1575,98.86139345539581,94.40444444444447,84.52763744847361
2025-10-26 21:00:00,0,13.764166666666666,79.73916666666666,36.07350316551165,29.915153769841265,33.060655091510384
2025-10-26 22:00:00,0,13.215833333333334,96.085,14.21610520655598,44.003362573099416,26.068749940706468
2025-10-26 23:00:00,0,25.07166666666667,104.06833333333331,16.81269708027979,23.54214646464646,33.58917672454348
2025-10-27 00:00:00,0,8.034999999999998,103.0125,24.002599429588656,23.54214646464646,40.25000139928203
2025-10-27 01:00:00,0,0.08,95.13333333333333,48.66451546716126,23.54214646464646,40.8058943886913
2025-10-27 02:00:00,0,-1.46,87.29,9.129384039362108,23.54214646464646,14.693053948806124
2025-10-27 03:00:00,0,-3.228333333333333,87.0625,-23.703954597796113,-8.968726415094341,-2.521726580490821
2025-10-27 04:00:00,0,-6.7525,96.43,-34.79678023883339,-8.968726415094341,-8.84994374155643
2025-10-27 05:00:00,0,-3.648333333333333,123.24916666666668,-2.472077557657002,-8.968726415094341,0.09864448031382267
2025-10-27 06:00:00,0,62.656666666666666,105.47916666666669,48.999212432423015,10.420995726495725,14.932611130036022
2025-10-27 07:00:00,0,14.8675,142.33083333333337,51.99364582788164,10.420995726495725,14.459628187043904
2025-10-27 08:00:00,0,25.809166666666663,66.14333333333333,22.60807829491553,10.420995726495725,14.11007569745044
2025-10-27 09:00:00,0,-3.8941666666666666,106.55583333333334,-12.09684064539907,10.420995726495725,13.93681591524276
2025-10-27 10:00:00,0,-8.446666666666667,97.77583333333332,-60.21239028120776,10.420995726495725,8.148006479781841
2025-10-27 11:00:00,0,-10.126666666666669,203.2983333333333,-53.49249471878956,-19.122694444444445,6.953719033962059
2025-10-27 12:00:00,0,-11.761666666666663,119.2225,-63.647713190347886,-19.122694444444445,15.761578534731996
2025-10-27 13:00:00,0,-11.665,271.3258333333333,-80.470401435455,-19.122694444444445,-13.39814672036907
2025-10-27 14:00:00,0,-13.041666666666666,162.225,-94.12215109536855,-39.87388888888891,-24.99621421689838
2025-10-27 15:00:00,0,-18.965,95.90916666666668,-88.13174197606376,-39.87388888888891,-28.1096792527633
2025-10-27 16:00:00,0,-19.734166666666667,77.68333333333334,-62.244380478960224,-19.122694444444445,-18.056519506777008
2025-10-27 17:00:00,0,-11.145833333333334,94.14916666666666,-9.428039409248981,12.338110687022898,12.126563949179001
2025-10-27 18:00:00,0,49.91,182.63,110.47625117406483,62.20012944983817,71.18197976063308
2025-10-27 19:00:00,0,20.104166666666668,142.08666666666667,153.72462539016328,95.35743002544525,118.12387985894871
2025-10-27 20:00:00,0,39.490833333333335,140.8033333333333,162.6341457253135,95.35743002544525,128.364267011716
2025-10-27 21:00:00,0,15.369166666666668,143.75416666666666,139.08348666885863,62.20012944983817,115.22167390068063
2025-10-27 22:00:00,0,17.2925,129.86666666666667,102.21366149458419,62.20012944983817,96.20765107912871
2025-10-27 23:00:00,0,16.986666666666668,136.0725,67.42500954166559,62.20012944983817,66.51282879443923
2025-10-28 00:00:00,0,21.953333333333333,185.94416666666663,53.83265456301835,62.20012944983817,61.91221648585105
2025-10-28 01:00:00,0,33.21416666666667,212.4233333333333,72.60892287891721,38.365684818481874,44.727582431023194
2025-10-28 02:00:00,0,89.96499999999999,223.25666666666663,50.32104856158368,44.003362573099416,41.87657342445255
2025-10-28 03:00:00,0,35.62416666666667,226.03416666666664,31.819383406633456,23.54214646464646,36.561565954834705
2025-10-28 04:00:00,0,33.218333333333334,214.69833333333327,37.03091083048836,44.003362573099416,46.13398149758576
2025-10-28 05:00:00,0,80.4525,227.425,69.3459744150066,94.40444444444447,70.16789694651311
2025-10-28 06:00:00,0,122.75,220.02916666666667,124.28728744315092,119.09018895348831,106.35520440874004
2025-10-28 07:00:00,0,122.60333333333334,268.7708333333333,158.5188482600575,119.09018895348831,95.21132048090436
2025-10-28 08:00:00,0,64.825,187.05916666666667,107.9439421211299,69.35841981132074,52.491086178321964
2025-10-28 09:00:00,0,-8.801666666666668,116.40916666666664,55.799574458767815,47.27513020833333,24.971295552399816
2025-10-28 10:00:00,0,-15.245,68.86583333333333,7.467152397813564,-9.694020618556697,7.7088199665641355
2025-10-28 11:00:00,0,-15.728333333333332,56.189166666666665,-15.730079692790099,-9.694020618556697,-1.0126548699590359
2025-10-28 12:00:00,0,-17.313333333333333,71.97083333333333,-31.19219633503954,-9.694020618556697,-4.342678953689713
2025-10-28 13:00:00,0,-20.171666666666667,109.68,-46.270646561650935,-9.694020618556697,-14.152276275045082
2025-10-28 14:00:00,0,-41.903333333333336,106.08416666666666,-61.051534429376616,-9.694020618556697,-25.73173714238186
2025-10-28 15:00:00,0,-23.314166666666665,171.455,-58.67838114684902,-69.16896039603962,-26.70560160813295
2025-10-28 16:00:00,0,-28.679166666666664,181.21833333333333,-45.040440454464644,-27.262729044834316,-18.368213400811584
2025-10-28 17:00:00,0,-29.066666666666663,167.92166666666665,-3.605428657160701,-9.112018018018016,5.28629359804647
2025-10-28 18:00:00,0,71.98833333333333,190.03916666666663,78.99921585044231,62.20012944983817,50.991300835097
2025-10-28 19:00:00,0,142.22166666666666,201.12583333333336,120.15217352221018,62.20012944983817,92.47009852744323
2025-10-28 20:00:00,0,148.38583333333335,138.3075,139.7083003664772,119.09018895348831,122.37959045851309
2025-10-28 21:00:00,0,145.2725,83.15666666666667,154.72095266564713,149.92453304597706,147.82422524495888
2025-10-28 22:00:00,0,147.86666666666667,26.050833333333333,156.25930229588286,130.0473843248348,142.39922904222527
2025-10-28 23:00:00,0,147.1025,-6.5,144.91265289197315,115.03520161290321,135.36361585481356
2025-10-29 00:00:00,1,155.29166666666666,-6.5,160.4092150375645,117.24638671875006,138.3299431716609
2025-10-29 01:00:00,1,152.49333333333334,-5.62,176.01654697079232,117.24638671875006,127.8695265279415
2025-10-29 02:00:00,1,153.45416666666668,-5.616666666666667,161.5586942249603,113.51875429553262,126.62395533767861
2025-10-29 03:00:00,1,158.5175,-4.733333333333333,154.22159239568128,113.51875429553262,131.7878552849674
2025-10-29 04:00:00,1,163.34416666666667,-5.296666666666667,158.48404400099136,113.51875429553262,143.73505348271217
2025-10-29 05:00:00,1,168.6,-3.975,191.20249301402663,117.24638671875006,164.31745286623755
2025-10-29 06:00:00,1,236.07083333333333,15.5375,239.49272990197636,135.16478529839887,197.8689089793444
2025-10-29 07:00:00,1,210.1241666666667,7.335,224.53139863656736,135.16478529839887,181.9629681699174
2025-10-29 08:00:00,1,112.33166666666666,4.911666666666666,124.28629396712597,85.41393617021275,96.06391527479467
2025-10-29 09:00:00,1,38.5,-0.0441666666666666,68.11052506620105,10.53897147147147,46.9973526408826
2025-10-29 10:00:00,1,-5.9925,-6.031666666666666,27.70954267005107,3.478494623655913,10.103630688814107
2025-10-29 11:00:00,1,3.8766666666666665,-3.9025,7.14051796201143,-21.79541666666667,-2.057382739695811
2025-10-29 12:00:00,1,12.233333333333333,-13.485833333333332,-3.1403921125208,-21.79541666666667,-0.04523404018414112
2025-10-29 13:00:00,1,0.643333333333333,-22.466666666666665,-13.546047681087515,-21.79541666666667,-3.691837693713566
2025-10-29 14:00:00,1,5.4558333333333335,-51.12916666666666,-20.988251506030664,-21.79541666666667,2.241449090225288
2025-10-29 15:00:00,1,5.7625,-16.62,-30.639690180555732,-21.79541666666667,-15.410491481453235
2025-10-29 16:00:00,1,29.6575,-12.000833333333333,2.0833482394287586,-20.808371559633024,-2.095697326853937
2025-10-29 17:00:00,1,46.36333333333334,-9.035,71.08059690067661,24.301898422090733,38.53300777255109
2025-10-29 18:00:00,1,200.92,-20.27583333333333,148.22342475183035,60.093573717948715,81.75519521198488
2025-10-29 19:00:00,1,253.5041666666667,44.10666666666666,162.0227741614977,65.49653549382718,103.52569038048054
2025-10-29 20:00:00,1,220.69,64.545,164.23516268142845,132.1963194444444,121.26764366001322
2025-10-29 21:00:00,1,229.3258333333333,64.69916666666667,137.25505226126958,132.1963194444444,98.56106321025942
2025-10-29 22:00:00,1,181.1708333333333,57.48666666666667,106.41361389078565,95.77963020833332,89.19296541018292
2025-10-29 23:00:00,1,164.50666666666666,78.79083333333334,98.26633345561102,113.51875429553262,95.20582698957165
2025-10-30 00:00:00,1,168.16583333333332,94.0475,110.10587938390643,97.97727956989247,115.1471645640519
2025-10-30 01:00:00,1,156.35333333333332,133.685,136.739408106864,97.97727956989247,114.08389523687006
2025-10-30 02:00:00,1,155.3975,138.21333333333334,112.15273678084776,97.97727956989247,110.86185710689371
2025-10-30 03:00:00,1,147.04833333333332,154.315,104.65670117113136,97.97727956989247,109.56113029963456
2025-10-30 04:00:00,1,158.90666666666667,146.59416666666667,103.02530367985943,97.97727956989247,114.14215224476403
2025-10-30 05:00:00,1,179.78083333333333,163.385,106.66010629694756,97.97727956989247,126.12975300523581
2025-10-30 06:00:00,1,220.18,162.32500000000002,131.76887668577098,131.9669414414415,149.45296674865358
2025-10-30 07:00:00,1,89.77666666666666,125.60083333333334,135.51603255687928,135.16478529839887,118.55424793532731
2025-10-30 08:00:00,1,3.583333333333333,89.33166666666666,100.27987678480831,85.41393617021275,53.47014062030312
2025-10-30 09:00:00,1,-0.8775000000000001,95.4625,49.71681065029206,10.53897147147147,2.877181299791374
2025-10-30 10:00:00,1,-8.166666666666666,33.00083333333333,-2.4837731632373874,3.478494623655913,-24.01682521942972
2025-10-30 11:00:00,1,-9.543333333333331,15.6125,-27.467834941296772,-21.79541666666667,-38.4382007332286
2025-10-30 12:00:00,1,-13.724166666666669,19.87666666666667,-34.04251361351021,-21.79541666666667,-41.61825468489647
2025-10-30 13:00:00,1,-0.9641666666666668,11.539166666666668,-7.759867858640291,-21.79541666666667,-0.36989695194161243
2025-10-30 14:00:00,1,1.7625,3.495833333333333,0.5244244512990122,3.478494623655913,-1.8165259315914852
2025-10-30 15:00:00,1,18.55666666666667,9.299166666666666,8.681082543480315,3.478494623655913,5.14517228528814
2025-10-30 16:00:00,1,46.66083333333333,93.99833333333332,41.26072894078677,24.301898422090733,13.240077524286605
2025-10-30 17:00:00,1,119.21333333333332,140.20333333333335,56.285343992033276,43.836798780487804,42.26566834190359
2025-10-30 18:00:00,1,243.22166666666664,168.85916666666665,101.14874220115698,60.093573717948715,64.31036389005295
2025-10-30 19:00:00,1,247.47416666666663,145.82083333333333,111.35027951746153,104.99664251207726,85.08307165927157
2025-10-30 20:00:00,1,205.97583333333333,148.00333333333333,118.96785398662061,104.99664251207726,84.9338049590986
2025-10-30 21:00:00,1,142.47833333333332,131.2775,96.95746369768041,95.77963020833332,67.79454496795411
2025-10-30 22:00:00,1,138.6,108.5,54.77499042574975,65.49653549382718,50.761842878019664
2025-10-30 23:00:00,1,85.57583333333334,115.73583333333332,40.88644580168187,36.80438943894389,48.64079637239671
2025-10-31 00:00:00,1,91.50333333333332,136.465,53.318021773601494,36.80438943894389,56.03649578359582
2025-10-31 01:00:00,1,75.7275,138.36,61.527631791609195,36.80438943894389,46.01547483334917
2025-10-31 02:00:00,1,53.34916666666667,128.8675,36.937034160478895,13.927033639143735,40.63566361401176
2025-10-31 03:00:00,1,61.560833333333335,137.54583333333332,6.866851666071369,13.927033639143735,23.707742850301592
2025-10-31 04:00:00,1,95.62666666666668,138.44833333333335,-15.764618354827192,3.9408463541666654,6.698380224776571
2025-10-31 05:00:00,1,142.4625,175.11416666666665,-13.254018037916069,3.9408463541666654,6.816407956685254
2025-10-31 06:00:00,1,198.7033333333333,187.8983333333333,0.07664641151565377,22.300479274611387,11.730776041828534
2025-10-31 07:00:00,1,126.59,156.5425,18.883258416836625,22.300479274611387,1.6520507660801655
2025-10-31 08:00:00,1,78.25833333333334,67.45583333333333,19.453247488801665,25.659291666666665,4.786497624959125
2025-10-31 09:00:00,1,51.10583333333333,69.5575,21.178873420391078,22.300479274611387,12.49055985778567
2025-10-31 10:00:00,1,39.193333333333335,14.348333333333333,32.35795339489677,25.659291666666665,20.190107378186184
2025-10-31 11:00:00,1,24.909166666666664,3.570833333333333,87.57222960249081,135.16478529839887,61.41692582100292
2025-10-31 12:00:00,1,11.950833333333334,-7.370833333333334,95.64535209768513,85.41393617021275,73.73741478026218
2025-10-31 13:00:00,1,47.053333333333335,-10.869166666666668,83.2796509828005,85.41393617021275,66.43212344210451
2025-10-31 14:00:00,1,21.364166666666662,-11.034999999999998,68.66907009679485,43.836798780487804,57.57486260370732
2025-10-31 15:00:00,1,73.2225,-9.626666666666669,68.27597282853866,24.301898422090733,61.0123869910728
2025-10-31 16:00:00,1,152.54416666666663,0.8208333333333332,99.13568565350748,85.41393617021275,70.1887384759507
2025-10-31 17:00:00,1,176.13750000000002,39.4075,117.65276513498819,85.41393617021275,87.05993432541621
2025-10-31 18:00:00,1,174.67499999999998,119.81416666666668,143.94122265542552,135.16478529839887,108.85106335678263
2025-10-31 19:00:00,1,166.58666666666667,132.63083333333333,153.48978948525289,135.16478529839887,116.67605763622035
2025-10-31 20:00:00,1,137.74,142.26916666666668,138.12776973109177,135.16478529839887,105.46442380884216
2025-10-31 21:00:00,1,125.485,147.71583333333334,123.45540765620439,95.77963020833332,86.0287051981011
2025-10-31 22:00:00,1,115.0375,157.705,92.46561541620281,95.77963020833332,62.46767087835103
2025-10-31 23:00:00,1,126.50666666666666,155.76166666666666,83.09478765366063,83.45318318318317,62.146711848554595
2025-11-01 00:00:00,1,126.58333333333331,160.715,89.37081749442913,117.24638671875006,75.4343512430589
2025-11-01 01:00:00,1,121.105,156.2775,105.44705625534196,97.97727956989247,85.55179544910843
2025-11-01 02:00:00,1,102.8,193.8166666666667,82.27218743952544,97.97727956989247,80.86353118471834
2025-11-01 03:00:00,1,103.22,203.60083333333333,71.17203348268423,97.97727956989247,76.8815439041874
2025-11-01 04:00:00,1,90.88,180.72333333333333,73.36544146294116,97.97727956989247,80.91812103095042
2025-11-01 05:00:00,1,86.99166666666667,145.36833333333334,72.91028521146764,97.97727956989247,86.34471921025934
2025-11-01 06:00:00,1,94.94916666666666,124.41666666666669,76.86710968632065,97.97727956989247,83.94909742879446
2025-11-01 07:00:00,1,31.390833333333333,70.42666666666666,65.11538427230238,43.836798780487804,50.18985033929855
2025-11-01 08:00:00,1,7.843333333333333,38.126666666666665,58.97255597822897,10.53897147147147,20.075749042011523
2025-11-01 09:00:00,1,-0.2274999999999999,18.864166666666662,32.54107328646059,10.53897147147147,-4.163810607417432
2025-11-01 10:00:00,1,-6.475833333333333,20.849166666666665,-8.323206194896898,-21.79541666666667,-25.968638480225536
2025-11-01 11:00:00,1,-17.933333333333334,30.76083333333333,-39.39479093116549,-21.79541666666667,-46.18723868262826
2025-11-01 12:00:00,1,-30.964166666666667,40.47166666666666,-68.45346273180922,-21.79541666666667,-62.89939417542449
2025-11-01 13:00:00,1,-43.29916666666667,31.88,-95.01714708581716,-67.67567656765678,-61.99939623541668
2025-11-01 14:00:00,1,-53.21,44.080000000000005,-96.58488252722722,-67.67567656765678,-66.00720246130287
2025-11-01 15:00:00,1,-40.625,56.19,-86.27360644407995,-67.67567656765678,-58.176122236612215
2025-11-01 16:00:00,1,-18.735833333333336,74.95416666666667,-40.921498877121365,-20.808371559633024,-34.933219552256645
2025-11-01 17:00:00,1,21.836666666666662,100.49916666666668,17.1099363296466,24.301898422090733,0.41928880681203395
2025-11-01 18:00:00,1,95.89916666666666,112.71166666666666,102.43260952720806,43.836798780487804,56.81331949218484
2025-11-01 19:00:00,1,123.35583333333334,109.41583333333334,120.7106754467554,131.9669414414415,97.25033762413612
2025-11-01 20:00:00,1,108.72333333333334,116.665,115.92026231106267,131.9669414414415,106.42457430073625
2025-11-01 21:00:00,1,91.54083333333334,122.23333333333332,114.98571542707917,117.24638671875006,108.64740123779791
2025-11-01 22:00:00,1,96.5025,119.3325,114.8406280076341,97.97727956989247,106.62195885448948
2025-11-01 23:00:00,1,89.64083333333333,85.17,91.665593791357,97.97727956989247,102.55597904290454
2025-11-02 00:00:00,1,71.7325,105.86666666666667,86.74624232484592,97.97727956989247,102.4783243702727
2025-11-02 01:00:00,1,63.255,66.67416666666666,99.17660893090628,113.51875429553262,94.7820793594505
2025-11-02 02:00:00,1,22.015,32.975833333333334,73.26379947153251,82.71501234567903,89.65249445248979
2025-11-02 03:00:00,1,49.76416666666666,24.285,44.62524930955332,82.71501234567903,82.34259589647574
2025-11-02 04:00:00,1,70.88250000000001,22.616666666666664,29.550478007478816,82.71501234567903,78.64187974797431
2025-11-02 05:00:00,1,38.473333333333336,18.4125,10.829144682033103,82.71501234567903,70.67384526457842
2025-11-02 06:00:00,1,-5.901666666666666,44.43416666666667,-20.487767034727,53.06826732673265,47.23934008880255
2025-11-02 07:00:00,1,-19.70083333333333,19.03833333333333,-55.77945553106255,10.53897147147147,1.60848083653228
2025-11-02 08:00:00,1,-32.87833333333334,4.665,-80.6572433436533,-20.808371559633024,-25.114685373173685
2025-11-02 09:00:00,1,-43.5025,15.083333333333334,-118.3757261012646,-41.70420634920635,-37.42343049949427
2025-11-02 10:00:00,1,-49.34583333333333,16.968333333333334,-133.66920091718424,-67.67567656765678,-59.990664698464755
2025-11-02 11:00:00,1,-53.26916666666667,4.404166666666667,-147.3901668154489,-67.67567656765678,-47.57703396612449
2025-11-02 12:00:00,1,-49.29916666666667,61.935,-170.36360411510847,-67.67567656765678,-40.805108679540524
2025-11-02 13:00:00,1,-51.18,6.084166666666666,-165.57707828524966,-67.67567656765678,-66.23360960528451
2025-11-02 14:00:00,1,-42.29666666666667,-23.549166666666668,-139.62491901719963,-41.70420634920635,-49.55268558114183
2025-11-02 15:00:00,1,-17.9575,-44.17,-109.31607829229577,-41.70420634920635,-38.093762097990236
2025-11-02 16:00:00,1,-10.844166666666666,-33.32583333333333,-36.42664141581082,-13.146895424836602,-4.138371247405573
2025-11-02 17:00:00,1,36.74333333333333,-27.586666666666662,64.29349154340744,49.814854740061165,49.117046741525904
2025-11-02 18:00:00,1,55.025,-6.531666666666666,113.03122327232279,104.99664251207726,107.76087130916605
2025-11-02 19:00:00,1,6.454999999999999,32.305,111.22476811859259,104.99664251207726,120.79864168670224
2025-11-02 20:00:00,1,12.028333333333334,14.23,138.18569817812408,135.16478529839887,141.5428202278941
2025-11-02 21:00:00,1,70.50750000000001,13.764166666666666,27.495986212842887,22.300479274611387,68.56412419430531
2025-11-02 22:00:00,1,71.58916666666667,13.215833333333334,29.09400124189616,22.300479274611387,59.74006223649186
2025-11-02 23:00:00,1,103.5325,25.07166666666667,49.150159672667534,69.81681250000001,74.69898319072769
2025-11-03 00:00:00,1,99.16,8.034999999999998,63.464710885158894,83.45318318318317,89.59111937239722
2025-11-03 01:00:00,1,87.52749999999999,0.08,95.25432693890264,113.51875429553262,94.46314736433308
2025-11-03 02:00:00,1,91.06,-1.46,91.56878895298439,82.71501234567903,101.3161745757989
2025-11-03 03:00:00,1,81.65833333333333,-3.228333333333333,72.52704772712008,82.71501234567903,94.62541706479048
2025-11-03 04:00:00,1,79.8,-6.7525,54.328511289994,82.71501234567903,83.51071501589486
2025-11-03 05:00:00,1,58.48166666666666,-3.648333333333333,55.15976190284665,83.45318318318317,79.4843503275491
2025-11-03 06:00:00,1,67.3125,62.656666666666666,61.9991297573287,83.45318318318317,86.9950917990675
2025-11-03 07:00:00,1,58.23416666666666,14.8675,104.43588977235726,117.24638671875006,105.98344609163513
2025-11-03 08:00:00,1,69.99249999999999,25.809166666666663,55.05292473744221,25.659291666666665,56.671788588951415
2025-11-03 09:00:00,1,46.70166666666666,-3.8941666666666666,83.112311570531,49.814854740061165,67.79500346026833
2025-11-03 10:00:00,1,19.24333333333333,-8.446666666666667,76.02797950131304,25.659291666666665,50.67623715552624
2025-11-03 11:00:00,1,38.1675,-10.126666666666669,168.27277750451563,135.16478529839887,117.93402952395697
2025-11-03 12:00:00,1,27.1975,-11.761666666666663,144.89004464904224,135.16478529839887,125.86251399520424
2025-11-03 13:00:00,1,22.488333333333333,-11.665,225.43935126222001,85.41393617021275,132.74364832386195
2025-11-03 14:00:00,1,23.3425,-13.041666666666666,182.78185179745304,85.41393617021275,137.60814962801695
2025-11-03 15:00:00,1,20.4275,-18.965,151.83644014692737,85.41393617021275,124.92799589335958
2025-11-03 16:00:00,1,77.73916666666666,-19.734166666666667,157.9626291268329,85.41393617021275,118.94680337301746
2025-11-03 17:00:00,1,82.165,-11.145833333333334,182.18064107744442,135.16478529839887,173.49644130845195
2025-11-03 18:00:00,1,62.99583333333334,49.91,226.65551672140845,135.16478529839887,200.48638308469822
2025-11-03 19:00:00,1,78.655,20.104166666666668,217.94684632761957,135.16478529839887,203.47281106008444
2025-11-03 20:00:00,1,87.54,39.490833333333335,199.63953462390208,135.16478529839887,189.79025052559427
2025-11-03 21:00:00,1,169.89083333333335,15.369166666666668,168.1863252625696,135.16478529839887,158.71974358595077
2025-11-03 22:00:00,1,141.72916666666666,17.2925,184.01025695743124,131.9669414414415,162.50045459001404
2025-11-03 23:00:00,1,123.095,16.986666666666668,141.92067700673678,117.24638671875006,136.65417685007984
2025-11-04 00:00:00,1,122.17666666666666,21.953333333333333,151.67717003270332,117.24638671875006,138.66045420970931
2025-11-04 01:00:00,1,117.93,33.21416666666667,183.01161557941413,113.51875429553262,125.85104092339495
2025-11-04 02:00:00,1,118.81333333333332,89.96499999999999,166.98285564568204,97.97727956989247,113.15291575710629
2025-11-04 03:00:00,1,95.54166666666669,35.62416666666667,152.16543355948158,113.51875429553262,113.01636911126077
2025-11-04 04:00:00,1,108.7675,33.218333333333334,135.57088091726789,113.51875429553262,110.63070986561112
2025-11-04 05:00:00,1,133.8775,80.4525,144.13266055553288,97.97727956989247,119.20178084637587
2025-11-04 06:00:00,1,195.8325,122.75,148.73043021420108,97.97727956989247,122.12094825644027
2025-11-04 07:00:00,1,87.995,122.60333333333334,171.9343557574971,43.836798780487804,102.89868931645603
2025-11-04 08:00:00,1,-3.125,64.825,100.41625742063928,43.836798780487804,45.24248791726939
2025-11-04 09:00:00,1,-11.899166666666666,-8.801666666666668,60.123791068461244,10.53897147147147,20.399836924262786
2025-11-04 10:00:00,1,-7.6675,-15.245,40.935667319549694,10.53897147147147,23.29753099830372
2025-11-04 11:00:00,1,-12.875833333333333,-15.728333333333332,5.024560692139289,-20.808371559633024,-9.29159314710077
2025-11-04 12:00:00,1,-17.074166666666667,-17.313333333333333,-8.567475997351607,-20.808371559633024,-7.392805028099318
2025-11-04 13:00:00,1,-14.53,-20.171666666666667,8.518573830088528,-20.808371559633024,2.620272740639379
2025-11-04 14:00:00,1,-8.7125,-41.903333333333336,2.2756290096499185,-30.421180555555548,-0.5338433604863297
2025-11-04 15:00:00,1,-8.844166666666666,-23.314166666666665,8.772521600844414,-15.1999591503268,-13.64577573762135
2025-11-04 16:00:00,1,-11.954166666666666,-28.679166666666664,42.64915486421177,-5.544873015873017,11.958389059706604
2025-11-04 17:00:00,1,-9.1225,-29.066666666666663,57.35585956923264,9.986434426229504,18.622456354636626
2025-11-04 18:00:00,1,-7.095,71.98833333333333,88.46288784375031,22.300479274611387,34.38929323753556
2025-11-04 19:00:00,1,-8.833333333333334,142.22166666666666,103.91861080591679,22.300479274611387,56.45485329918883
2025-11-04 20:00:00,1,-6.609166666666667,148.38583333333335,103.02227691696802,65.49653549382718,74.96944477806433
2025-11-04 21:00:00,1,-6.5,145.2725,58.37996236782522,65.49653549382718,54.84622741343529
2025-11-04 22:00:00,1,-6.5,147.86666666666667,-13.644640746165322,22.300479274611387,20.870079121562462
2025-11-04 23:00:00,1,-6.5,147.1025,-50.862906672840154,3.9408463541666654,14.002378191448912
2025-11-05 00:00:00,1,-5.2700000000000005,155.29166666666666,-49.988901304173396,3.9408463541666654,18.07180168740186
2025-11-05 01:00:00,1,-6.255,152.49333333333334,-18.960034962513518,3.9408463541666654,-2.63558349574744
2025-11-05 02:00:00,1,-6.5,153.45416666666668,-22.087754537256544,13.927033639143735,1.3885003878193345
2025-11-05 03:00:00,1,-6.5,158.5175,-25.151609525438587,13.927033639143735,5.980501037532832
2025-11-05 04:00:00,1,-6.5,163.34416666666667,-28.73800626322084,13.927033639143735,7.559009213422485
2025-11-05 05:00:00,1,8.67,168.6,-19.717447541941553,13.927033639143735,13.340758509591325
2025-11-05 06:00:00,1,35.07,236.07083333333333,26.069581751974,25.659291666666665,34.41050513390371
2025-11-05 07:00:00,1,5.090833333333333,210.1241666666667,49.41062438583818,25.659291666666665,35.85279576247483
2025-11-05 08:00:00,1,-6.390000000000001,112.33166666666666,-20.85847182148447,6.780158934707903,-17.15995556826705
2025-11-05 09:00:00,1,-9.720833333333331,38.5,-34.207709016134345,-15.1999591503268,-11.500361951699318
2025-11-05 10:00:00,1,-17.044166666666666,-5.9925,-38.72100963703673,-5.544873015873017,-8.465273373678258
2025-11-05 11:00:00,1,-27.555833333333336,3.8766666666666665,-59.00469219841165,-13.146895424836602,-18.75817950712279
2025-11-05 12:00:00,1,-29.08833333333333,12.233333333333333,-68.44637491811798,-30.421180555555548,-25.30687694664806
2025-11-05 13:00:00,1,-28.500833333333333,0.643333333333333,-57.38067256285288,-13.146895424836602,-24.05410603885919
2025-11-05 14:00:00,1,-26.809166666666663,5.4558333333333335,-72.87199829485039,-30.421180555555548,-31.8450473772331
2025-11-05 15:00:00,1,-21.94083333333333,5.7625,-46.47399340955789,-13.146895424836602,-26.158418876317597
2025-11-05 16:00:00,1,-19.916666666666668,29.6575,-30.86133500875168,-5.544873015873017,-23.62781621198569
2025-11-05 17:00:00,1,-14.591666666666669,46.36333333333334,11.643352398019658,9.986434426229504,9.95789224505505
2025-11-05 18:00:00,1,34.47666666666667,200.92,38.5803488153487,65.49653549382718,49.750591518945555
2025-11-05 19:00:00,1,117.495,253.5041666666667,97.31579987940815,132.1963194444444,103.89512976952904
2025-11-05 20:00:00,1,135.775,220.69,139.9160770250437,135.16478529839887,143.6397918843169
2025-11-05 21:00:00,1,132.71083333333334,229.3258333333333,133.9196816942724,135.16478529839887,134.4749874081825
2025-11-05 22:00:00,1,140.58833333333334,181.1708333333333,118.6450377255625,131.9669414414415,123.97678217725914
2025-11-05 23:00:00,1,125.47,164.50666666666666,127.18522880588924,117.24638671875006,123.047496716051
2025-11-06 00:00:00,1,114.84083333333332,168.16583333333332,134.60449778110024,117.24638671875006,127.61041990041679
2025-11-06 01:00:00,1,125.2225,156.35333333333332,175.62146583140535,97.97727956989247,123.92371384951659
2025-11-06 02:00:00,1,123.66583333333334,155.3975,160.9985336635998,97.97727956989247,119.04259489612518
2025-11-06 03:00:00,1,105.055,147.04833333333332,151.23653618269861,97.97727956989247,117.38144124754825
2025-11-06 04:00:00,1,115.00916666666669,158.90666666666667,140.36490360931032,97.97727956989247,119.31445929590947
2025-11-06 05:00:00,1,146.1575,179.78083333333333,150.94199848769404,97.97727956989247,127.04825024827423
2025-11-06 06:00:00,1,147.4391666666667,220.18,142.69194563835265,131.9669414414415,105.19131495651325
2025-11-06 07:00:00,1,23.814166666666665,89.77666666666666,118.02201987557292,104.99664251207726,65.38372583988085
2025-11-06 08:00:00,1,-1.1900000000000002,3.583333333333333,46.54750460656742,43.836798780487804,1.2139691174966742
2025-11-06 09:00:00,1,-9.680833333333334,-0.8775000000000001,-20.83187300514011,-30.421180555555548,-29.17978984542455
2025-11-06 10:00:00,1,-13.0075,-8.166666666666666,-93.97947686984907,-41.70420634920635,-47.347368278080936
2025-11-06 11:00:00,1,-13.114166666666668,-9.543333333333331,-119.00667621724168,-67.67567656765678,-61.67039856459051
2025-11-06 12:00:00,1,-12.9425,-13.724166666666669,-123.0282174912384,-67.67567656765678,-64.4256902790675
2025-11-06 13:00:00,1,-12.095,-0.9641666666666668,-86.65070132795225,-41.70420634920635,-61.60934921757281
2025-11-06 14:00:00,1,-11.2175,1.7625,-76.35158181630399,-41.70420634920635,-48.86460303953537
2025-11-06 15:00:00,1,-6.8475,18.55666666666667,-25.744944899103274,-13.146895424836602,-30.84175680541847
2025-11-06 16:00:00,1,-7.344166666666666,46.66083333333333,58.31331439107898,43.836798780487804,17.137529337785608
2025-11-06 17:00:00,1,62.59333333333333,119.21333333333332,127.99829329730245,85.41393617021275,70.93298701937316
2025-11-06 18:00:00,1,100.68666666666668,243.22166666666664,190.64329921844552,135.16478529839887,126.9285565780348
2025-11-06 19:00:00,1,123.93666666666668,247.47416666666663,207.4057441196673,135.16478529839887,151.64930600296498
2025-11-06 20:00:00,1,149.98833333333332,205.97583333333333,182.30085554017535,135.16478529839887,134.78206139798036
2025-11-06 21:00:00,1,155.09083333333334,142.47833333333332,173.96164149287205,135.16478529839887,137.6767260714303
2025-11-06 22:00:00,1,130.0641666666667,138.6,155.21009374417108,117.24638671875006,124.77060017057843
2025-11-06 23:00:00,1,95.60666666666668,85.57583333333334,139.59649670951393,97.97727956989247,115.71052236166125
2025-11-07 00:00:00,1,92.41583333333334,91.50333333333332,142.04539643141322,117.24638671875006,118.62788504626882
2025-11-07 01:00:00,1,112.14916666666666,75.7275,141.65698776267317,113.51875429553262,102.22920138518101
2025-11-07 02:00:00,1,99.2,53.34916666666667,119.81331018939197,113.51875429553262,98.07734043990668
2025-11-07 03:00:00,1,73.70416666666667,61.560833333333335,79.88532912238078,53.06826732673265,69.7592361894167
2025-11-07 04:00:00,1,7.598333333333333,95.62666666666668,79.24937224414703,82.71501234567903,70.9203755050906
2025-11-07 05:00:00,1,5.6625000000000005,142.4625,72.52863769465607,69.81681250000001,55.746020926132644
2025-11-07 06:00:00,1,-1.419166666666667,198.7033333333333,103.18019791019144,95.77963020833332,71.05900196616304
2025-11-07 07:00:00,1,7.168333333333333,126.59,93.92566241228158,95.77963020833332,40.883972273059854
2025-11-07 08:00:00,1,7.394166666666667,78.25833333333334,23.46829393648875,25.659291666666665,0.7017828146470606
2025-11-07 09:00:00,1,-5.035833333333334,51.10583333333333,3.170912204152259,22.300479274611387,-6.912533648230664
2025-11-07 10:00:00,1,-10.146666666666668,39.193333333333335,-26.652585870716862,-26.30819306930694,-13.91104116425332
2025-11-07 11:00:00,1,-4.9,24.909166666666664,-47.84276267851905,-26.30819306930694,-14.430235410586363
2025-11-07 12:00:00,1,-6.576666666666667,11.950833333333334,-21.841016336036077,9.986434426229504,-15.915664082420818
2025-11-07 13:00:00,1,-15.048333333333334,47.053333333333335,-20.491319938842693,-5.544873015873017,-8.08565016039313
2025-11-07 14:00:00,1,-3.235,21.364166666666662,39.58017082311542,43.836798780487804,17.417264530653554
2025-11-07 15:00:00,1,10.998333333333337,73.2225,77.38502511417771,85.41393617021275,40.30210743692638
2025-11-07 16:00:00,1,38.641666666666666,152.54416666666663,120.12464605491598,135.16478529839887,94.23123550445109
2025-11-07 17:00:00,1,30.289166666666663,176.13750000000002,104.46850612364268,135.16478529839887,76.33619573290294
2025-11-07 18:00:00,1,12.588333333333331,174.67499999999998,111.24489911024237,104.99664251207726,61.17301797018268
2025-11-07 19:00:00,1,9.065,166.58666666666667,149.79402665650724,135.16478529839887,113.24944250628074
2025-11-07 20:00:00,1,12.968333333333334,137.74,171.5068215473469,135.16478529839887,127.49306550887641
2025-11-07 21:00:00,1,4.415833333333333,125.485,101.97367231007787,65.49653549382718,71.93932163340888
2025-11-07 22:00:00,1,-0.2041666666666667,115.0375,60.018416565333894,65.49653549382718,35.22855162926136
2025-11-07 23:00:00,1,-9.753333333333332,126.50666666666666,27.994639498120478,36.80438943894389,18.34575718374515
2025-11-08 00:00:00,1,-5.275,126.58333333333331,18.99866725445837,3.9408463541666654,16.558999473993083
2025-11-08 01:00:00,1,-5.7625,121.105,23.23801482067646,3.9408463541666654,7.998111663295219
2025-11-08 02:00:00,1,-11.471666666666666,102.8,28.234003341362055,3.9408463541666654,5.034571286187202
2025-11-08 03:00:00,1,-13.673333333333334,103.22,22.07850379736177,3.9408463541666654,1.5851162320817735
2025-11-08 04:00:00,1,-12.453333333333331,90.88,11.173576810570523,13.927033639143735,3.650340412496334
2025-11-08 05:00:00,1,-8.5375,86.99166666666667,-5.364569433969763,3.9408463541666654,5.397965712877664
2025-11-08 06:00:00,1,-6.0375000000000005,94.94916666666666,-11.494082911267753,3.9408463541666654,6.676180995116951
2025-11-08 07:00:00,1,-7.890000000000001,31.390833333333333,-20.94391060395199,-15.1999591503268,3.268925709690592
2025-11-08 08:00:00,1,-7.804166666666667,7.843333333333333,-26.405886620341775,-15.1999591503268,1.075595931459631
2025-11-08 09:00:00,1,-10.0225,-0.2274999999999999,-47.74680567401367,-15.1999591503268,-5.755980838757665
2025-11-08 10:00:00,1,-16.576666666666668,-6.475833333333333,-64.5836112318461,-15.1999591503268,-5.9039682419456625
2025-11-08 11:00:00,1,-14.089166666666666,-17.933333333333334,-68.9952612776361,-15.1999591503268,-1.4810403442544242
2025-11-08 12:00:00,1,-13.318333333333332,-30.964166666666667,-70.48793262282783,-15.1999591503268,-3.2306446177146455
2025-11-08 13:00:00,1,-14.596666666666666,-43.29916666666667,-77.3694314189228,-15.1999591503268,-1.587937341045432
2025-11-08 14:00:00,1,-16.495833333333334,-53.21,-66.83762407359447,-15.1999591503268,-6.557604450147252
2025-11-08 15:00:00,1,-27.813333333333333,-40.625,-28.69710551821889,-15.1999591503268,-7.264260255963862
2025-11-08 16:00:00,1,-30.284166666666668,-18.735833333333336,19.13400665924769,6.780158934707903,7.980555430902285
2025-11-08 17:00:00,1,-10.49,21.836666666666662,51.175431134882324,22.300479274611387,19.204407979601427
2025-11-08 18:00:00,1,13.130833333333332,95.89916666666666,77.04262649412851,22.300479274611387,26.714263075715003
2025-11-08 19:00:00,1,16.357499999999998,123.35583333333334,87.65873736872476,22.300479274611387,39.76467214262361
2025-11-08 20:00:00,1,9.7625,108.72333333333334,116.09904506430686,95.52197916666663,65.98707931913665
2025-11-08 21:00:00,1,64.3525,91.54083333333334,105.33242742596016,65.49653549382718,59.05210528842974
2025-11-08 22:00:00,1,54.11416666666667,96.5025,90.27268963295472,65.49653549382718,55.547057728142704
2025-11-08 23:00:00,1,15.695,89.64083333333333,50.48300730919581,65.49653549382718,42.80961328585266
2025-11-09 00:00:00,1,28.27083333333333,71.7325,47.67971245183516,65.49653549382718,41.366841746291826
2025-11-09 01:00:00,1,19.51,63.255,50.630806065080705,36.80438943894389,40.88701569906624
2025-11-09 02:00:00,1,16.141666666666666,22.015,26.513685308022062,36.80438943894389,42.33068381488333
2025-11-09 03:00:00,1,15.563333333333333,49.76416666666666,11.432291065124275,13.927033639143735,40.31002725387442
2025-11-09 04:00:00,1,7.893333333333333,70.88250000000001,2.449926600635436,13.927033639143735,38.865400862046904
2025-11-09 05:00:00,1,19.5025,38.473333333333336,-3.331294233903691,13.927033639143735,39.50758024333088
2025-11-09 06:00:00,1,54.89000000000001,-5.901666666666666,-0.7354210465259996,36.80438943894389,31.315185750136465
2025-11-09 07:00:00,1,6.988333333333333,-19.70083333333333,-11.452203237505401,9.986434426229504,17.643569300601527
2025-11-09 08:00:00,1,-5.831666666666667,-32.87833333333334,-22.166041829831585,-5.544873015873017,-6.975104263969953
2025-11-09 09:00:00,1,-12.2025,-43.5025,-31.12861084507567,-13.146895424836602,-8.272896197655129
2025-11-09 10:00:00,1,-12.456666666666663,-49.34583333333333,-40.963819475350405,-30.421180555555548,-17.543540819352913
2025-11-09 11:00:00,1,-13.7875,-53.26916666666667,-58.66664682243788,-41.70420634920635,-33.97120298382366
2025-11-09 12:00:00,1,-16.91583333333333,-49.29916666666667,-45.23991340075028,-41.70420634920635,-50.97911711919353
2025-11-09 13:00:00,1,-18.031666666666663,-51.18,-76.92916903054586,-41.70420634920635,-51.72740011410313
2025-11-09 14:00:00,1,-20.876666666666665,-42.29666666666667,-88.06215490410338,-41.70420634920635,-52.71204183110886
2025-11-09 15:00:00,1,-16.954166666666666,-17.9575,-67.86535944999542,-41.70420634920635,-38.809766296784844
2025-11-09 16:00:00,1,-13.045833333333334,-10.844166666666666,-37.86117232304372,-30.421180555555548,-23.63398378104108
2025-11-09 17:00:00,1,-11.800833333333337,36.74333333333333,6.254254775853383,-5.544873015873017,4.402747511238005
2025-11-09 18:00:00,1,46.428333333333335,55.025,63.16427465984765,65.49653549382718,46.17485711854227
2025-11-09 19:00:00,1,108.145,6.454999999999999,114.78366195548988,104.99664251207726,101.16766530023193
2025-11-09 20:00:00,1,118.8525,12.028333333333334,107.77305185008592,104.99664251207726,107.42600844192805
2025-11-09 21:00:00,1,132.73166666666663,70.50750000000001,94.80917562322011,104.99664251207726,94.77847618844856
2025-11-09 22:00:00,1,110.6025,71.58916666666667,72.7346128461657,117.24638671875006,83.15761280235907
2025-11-09 23:00:00,1,114.74,103.5325,57.78492892582071,83.45318318318317,71.16142756234049
2025-11-10 00:00:00,1,120.40333333333332,99.16,39.188839247542,83.45318318318317,66.77511032519993
2025-11-10 01:00:00,1,113.68833333333332,87.52749999999999,46.73272541892,83.45318318318317,74.5561226876882
2025-11-10 02:00:00,1,118.30333333333334,91.06,29.131621764677547,69.81681250000001,68.39052780635728
2025-11-10 03:00:00,1,119.66833333333334,81.65833333333333,17.458979754015488,69.81681250000001,67.83009320459026
2025-11-10 04:00:00,1,120.43916666666668,79.8,18.508373612623586,83.45318318318317,77.42205246856265
2025-11-10 05:00:00,1,137.8975,58.48166666666666,30.71660549323721,83.45318318318317,92.06266560175614
2025-11-10 06:00:00,1,132.41166666666666,67.3125,80.16693076718632,95.77963020833332,104.43035862240951
2025-11-10 07:00:00,1,71.82166666666667,58.23416666666666,82.47551995345313,49.814854740061165,73.01618836134449
2025-11-10 08:00:00,1,22.601666666666663,69.99249999999999,66.50352806583541,49.814854740061165,39.74618655077227
2025-11-10 09:00:00,1,-9.9125,46.70166666666666,22.12710676865011,43.836798780487804,16.036983962434064
2025-11-10 10:00:00,1,-10.491666666666667,19.24333333333333,5.352883428364052,10.53897147147147,22.46864345852167
2025-11-10 11:00:00,1,-7.6191666666666675,38.1675,9.62629026724116,10.53897147147147,35.56828830254481
2025-11-10 12:00:00,1,-4.555833333333333,27.1975,24.66340235086387,43.836798780487804,48.35880340355324
2025-11-10 13:00:00,1,-6.635000000000001,22.488333333333333,31.147410026737,43.836798780487804,50.788209382353664
2025-11-10 14:00:00,1,-5.900833333333334,23.3425,32.75994945995474,43.836798780487804,53.5116647971188
2025-11-10 15:00:00,1,-1.1250000000000002,20.4275,28.685529113214706,43.836798780487804,53.99522829881592
2025-11-10 16:00:00,1,21.044166666666666,77.73916666666666,31.149480099407185,43.836798780487804,47.53575442636099
2025-11-10 17:00:00,1,44.5525,82.165,84.7095224076673,49.814854740061165,94.26985388247023
2025-11-10 18:00:00,1,90.01833333333333,62.99583333333334,161.16472286750093,135.16478529839887,163.01019374398493
2025-11-10 19:00:00,1,134.8575,78.655,153.16856711595165,145.4694498381877,179.28504445192294
2025-11-10 20:00:00,1,151.56583333333333,87.54,147.20903778399776,135.16478529839887,170.44231952476753
2025-11-10 21:00:00,1,160.6675,169.89083333333335,136.77015375304654,135.16478529839887,166.45855322476467
2025-11-10 22:00:00,1,120.40666666666668,141.72916666666666,122.55943404328474,135.16478529839887,150.2168579438115
2025-11-10 23:00:00,1,127.88416666666666,123.095,105.4146008914199,117.24638671875006,135.62230452065958
2025-11-11 00:00:00,1,145.86916666666664,122.17666666666666,89.61342459655486,117.24638671875006,129.7752900757539
2025-11-11 01:00:00,1,87.52499999999999,117.93,101.36913905109856,97.97727956989247,105.46549365775209
2025-11-11 02:00:00,1,76.87166666666667,118.81333333333332,79.88717351167807,83.45318318318317,72.77961539108674
2025-11-11 03:00:00,1,54.17416666666667,95.54166666666669,6.3793058566845104,13.927033639143735,24.72161285397781
2025-11-11 04:00:00,1,66.96083333333333,108.7675,-12.822811716019459,13.927033639143735,6.87123718286
2025-11-11 05:00:00,1,69.37,133.8775,33.71829833113295,36.80438943894389,32.479021718158045
2025-11-11 06:00:00,1,81.02833333333334,195.8325,94.38194591639274,49.814854740061165,67.69642296449882
2025-11-11 07:00:00,1,119.53916666666667,87.995,131.63045513637218,95.52197916666663,88.98396574134237
2025-11-11 08:00:00,1,27.250833333333333,-3.125,134.23868569500473,95.52197916666663,108.7843881387938
2025-11-11 09:00:00,1,-7.015000000000001,-11.899166666666666,57.34596578370261,25.659291666666665,54.5841031671753
2025-11-11 10:00:00,1,-4.444999999999999,-7.6675,-8.020566207631688,6.780158934707903,41.42025398108831
2025-11-11 11:00:00,1,-16.503333333333334,-12.875833333333333,-4.77296423447288,22.300479274611387,38.02605169402705
2025-11-11 12:00:00,1,-17.904166666666665,-17.074166666666667,-15.420316492865993,-5.544873015873017,19.296486900418174
2025-11-11 13:00:00,1,-15.336666666666666,-14.53,-18.474468642741996,-5.544873015873017,19.54176667154674
2025-11-11 14:00:00,1,-17.62,-8.7125,-58.66019646994221,-30.421180555555548,-10.280880955649394
2025-11-11 15:00:00,1,-17.881666666666668,-8.844166666666666,-37.12477171513157,-13.146895424836602,-0.2693665911686196
2025-11-11 16:00:00,1,-16.734166666666667,-11.954166666666666,-16.44487363751712,-5.544873015873017,2.169151698772552
2025-11-11 17:00:00,1,-12.446666666666667,-9.1225,19.636906876820888,25.659291666666665,22.98750164075215
2025-11-11 18:00:00,1,6.298333333333332,-7.095,90.88396568349978,65.49653549382718,55.947508288976316
2025-11-11 19:00:00,1,91.89916666666666,-8.833333333333334,163.2387949737525,95.52197916666663,119.85717828891839
2025-11-11 20:00:00,1,109.385,-6.609166666666667,186.74194641869508,172.06643631436324,147.32573363913326
2025-11-11 21:00:00,1,114.55166666666668,-6.5,181.94689624789345,172.06643631436324,145.38137633411998
2025-11-11 22:00:00,1,91.66416666666667,-6.5,160.292281907871,135.16478529839887,131.361668214751
2025-11-11 23:00:00,1,60.240833333333335,-6.5,125.54024759419812,95.77963020833332,105.82191709516277
2025-11-12 00:00:00,1,23.684166666666663,-5.2700000000000005,111.18473249271061,95.77963020833332,93.78522883791616
2025-11-12 01:00:00,1,9.533333333333331,-6.255,120.76242204542004,95.77963020833332,70.02541337319643
2025-11-12 02:00:00,1,8.347499999999998,-6.5,104.52895315330927,49.814854740061165,64.94962536771303
2025-11-12 03:00:00,1,8.204166666666666,-6.5,94.15433767967903,69.81681250000001,64.00983351979316
2025-11-12 04:00:00,1,12.220833333333331,-6.5,88.49128361885,36.80438943894389,64.32549969831794
2025-11-12 05:00:00,1,2.1733333333333333,8.67,100.74707874350608,49.814854740061165,74.96792248809095
2025-11-12 06:00:00,1,60.4025,35.07,154.17819610156016,49.814854740061165,85.01866115127171
2025-11-12 07:00:00,1,1.1,5.090833333333333,169.83733224331667,95.52197916666663,76.9031584436507
2025-11-12 08:00:00,1,-7.281666666666666,-6.390000000000001,100.54557077021644,25.659291666666665,37.2685329104431
2025-11-12 09:00:00,1,-13.305833333333332,-9.720833333333331,29.94520041133562,25.659291666666665,14.692574911102312
2025-11-12 10:00:00,1,-16.831666666666667,-17.044166666666666,-2.427878410832818,9.986434426229504,10.265012281201052
2025-11-12 11:00:00,1,-19.71583333333333,-27.555833333333336,2.0470478898020446,9.986434426229504,6.830820843068025
2025-11-12 12:00:00,1,-21.945,-29.08833333333333,-9.627585585334671,-5.544873015873017,10.26199270524664
2025-11-12 13:00:00,1,-25.10333333333333,-28.500833333333333,-13.271335315087299,-5.544873015873017,12.42445864349662
2025-11-12 14:00:00,1,-30.40333333333333,-26.809166666666663,-8.334788285753689,-13.146895424836602,2.6321668737851383
2025-11-12 15:00:00,1,-24.294166666666666,-21.94083333333333,3.8783933538934434,24.301898422090733,9.220271657801504
2025-11-12 16:00:00,1,-18.356666666666666,-19.916666666666668,28.19135817133069,24.301898422090733,15.870831728290227
2025-11-12 17:00:00,1,-9.080833333333333,-14.591666666666669,63.052451854318505,43.836798780487804,39.804172259489015
2025-11-12 18:00:00,1,29.54833333333333,34.47666666666667,158.64658740411363,85.41393617021275,88.51380901206784
2025-11-12 19:00:00,1,100.005,117.495,221.79459798833128,135.16478529839887,140.4547772821361
2025-11-12 20:00:00,1,124.71666666666664,135.775,228.22472628362104,135.16478529839887,162.34842376886957
2025-11-12 21:00:00,1,141.74583333333334,132.71083333333334,171.86984067407522,132.1963194444444,111.22999838249086
2025-11-12 22:00:00,1,121.13833333333334,140.58833333333334,100.21005057020793,65.49653549382718,63.404161536405255
2025-11-12 23:00:00,1,97.4225,125.47,68.28702601102833,65.49653549382718,47.499751715717295
2025-11-13 00:00:00,1,144.87083333333334,114.84083333333332,74.12629635076827,65.49653549382718,57.99009161229755
2025-11-13 01:00:00,1,89.1925,125.2225,90.74962967619841,49.814854740061165,37.62097170915338
2025-11-13 02:00:00,1,6.451666666666665,123.66583333333334,54.67929844315283,36.80438943894389,14.607287474555903
2025-11-13 03:00:00,1,-1.245,105.055,28.282510972402527,3.9408463541666654,3.851653162128301
2025-11-13 04:00:00,1,-4.968333333333333,115.00916666666669,20.609201754119674,3.9408463541666654,-1.3518540808270103
2025-11-13 05:00:00,1,1.596666666666667,146.1575,44.55481792285615,3.9408463541666654,11.898021813090338
2025-11-13 06:00:00,1,17.843333333333334,147.4391666666667,84.06539269232269,25.659291666666665,20.109018172190844
2025-11-13 07:00:00,1,-3.2466666666666666,23.814166666666665,38.61609541305161,25.659291666666665,6.390664579040447
2025-11-13 08:00:00,1,-5.675833333333333,-1.1900000000000002,-10.022648834773378,9.986434426229504,-7.6706799036978595
2025-11-13 09:00:00,1,-13.165833333333332,-9.680833333333334,-47.4518637032173,-13.146895424836602,-26.29649726339011
2025-11-13 10:00:00,1,-19.53333333333333,-13.0075,-88.20025776794446,-30.421180555555548,-45.07172075808147
2025-11-13 11:00:00,1,-26.001666666666665,-13.114166666666668,-104.85710646736874,-41.70420634920635,-56.37907506865194
2025-11-13 12:00:00,1,-30.5,-12.9425,-107.72345319898085,-41.70420634920635,-70.27379172358722
2025-11-13 13:00:00,1,-28.66,-12.095,-108.46963369705034,-41.70420634920635,-77.32880232163309
2025-11-13 14:00:00,1,-27.386666666666667,-11.2175,-120.81824065258036,-41.70420634920635,-76.74716200569195
2025-11-13 15:00:00,1,-15.870833333333332,-6.8475,-108.22558510703269,-41.70420634920635,-65.16491810770556
2025-11-13 16:00:00,1,-8.470833333333333,-7.344166666666666,-61.172479291019215,-30.421180555555548,-58.198299701724764
2025-11-13 17:00:00,1,1.3174999999999997,62.59333333333333,23.751839549235584,-5.544873015873017,-26.26437026193061
2025-11-13 18:00:00,1,56.93666666666667,100.68666666666668,120.06853018590617,65.49653549382718,24.02072809388072
2025-11-13 19:00:00,1,78.96916666666667,123.93666666666668,135.96377913366427,65.49653549382718,48.77437239171037
2025-11-13 20:00:00,1,82.70916666666666,149.98833333333332,147.7539992870333,65.49653549382718,77.19162264480761
2025-11-13 21:00:00,1,92.505,155.09083333333334,135.2473469881865,65.49653549382718,90.36857343258983
2025-11-13 22:00:00,1,89.59666666666668,130.0641666666667,136.0564526798098,131.9669414414415,100.44108642437428
2025-11-13 23:00:00,1,112.30333333333331,95.60666666666668,103.08752449151072,117.24638671875006,96.30432338048112
2025-11-14 00:00:00,1,112.98916666666666,92.41583333333334,108.64371233213755,117.24638671875006,104.39941662187334
2025-11-14 01:00:00,1,99.64,112.14916666666666,118.04613531327968,97.97727956989247,88.62041033410067
2025-11-14 02:00:00,1,94.20083333333334,99.2,84.06810673109902,97.97727956989247,75.3489915452594
2025-11-14 03:00:00,1,86.23583333333333,73.70416666666667,74.50760815990088,113.51875429553262,74.1486064235351
2025-11-14 04:00:00,1,97.83,7.598333333333333,83.39819253111892,113.51875429553262,82.21546118963171
2025-11-14 05:00:00,1,122.29583333333332,5.6625000000000005,110.27665017861302,113.51875429553262,96.15589672044689
2025-11-14 06:00:00,1,122.6725,-1.419166666666667,154.08206894477706,131.9669414414415,110.60954948972258
2025-11-14 07:00:00,1,102.55083333333332,7.168333333333333,145.03449192642924,104.99664251207726,94.39261132285542
2025-11-14 08:00:00,1,15.939166666666669,7.394166666666667,102.10430080462645,85.41393617021275,42.585583829537164
2025-11-14 09:00:00,1,-9.665833333333332,-5.035833333333334,43.45894074859073,10.53897147147147,-1.374957078416898
2025-11-14 10:00:00,1,-12.070833333333333,-10.146666666666668,11.134018975348354,3.478494623655913,-7.149025308589202
2025-11-14 11:00:00,1,-19.6475,-4.9,-15.656909629610993,-21.79541666666667,-34.02503968767566
2025-11-14 12:00:00,1,-11.211666666666666,-6.576666666666667,-37.45410896225418,-21.79541666666667,-40.52842740716933
2025-11-14 13:00:00,1,-11.52,-15.048333333333334,-33.156445587188756,-21.79541666666667,-47.844220948940105
2025-11-14 14:00:00,1,-4.6425,-3.235,-37.00898476121381,-21.79541666666667,-45.86816631829491
2025-11-14 15:00:00,1,1.7891666666666666,10.998333333333337,-1.3524549796185852,-21.79541666666667,-38.58949978995962
2025-11-14 16:00:00,1,-1.8633333333333333,38.641666666666666,54.88597993429019,3.478494623655913,-18.637465726293016
2025-11-14 17:00:00,1,9.174166666666666,30.289166666666663,94.57911235586802,24.301898422090733,7.832509574587235
2025-11-14 18:00:00,1,68.92583333333333,12.588333333333331,134.49406368309172,65.49653549382718,48.08476780653197
2025-11-14 19:00:00,1,118.76083333333332,9.065,148.9047414107645,104.99664251207726,85.48302922385157
2025-11-14 20:00:00,1,105.655,12.968333333333334,139.52529437236535,104.99664251207726,94.11167485298039
2025-11-14 21:00:00,1,105.78583333333334,4.415833333333333,134.32173535274575,135.16478529839887,98.00884890223688
2025-11-14 22:00:00,1,100.63666666666666,-0.2041666666666667,133.52216197600677,131.9669414414415,102.72650609480289
2025-11-14 23:00:00,1,98.0925,-9.753333333333332,132.21511855231483,117.24638671875006,101.72077316740402
2025-11-15 00:00:00,1,112.22583333333334,-5.275,156.07530441885626,117.24638671875006,119.17017042664492
2025-11-15 01:00:00,1,110.78583333333334,-5.7625,172.91508192716105,113.51875429553262,107.99319687739
2025-11-15 02:00:00,1,102.685,-11.471666666666666,150.21155392108403,113.51875429553262,103.10023269539532
2025-11-15 03:00:00,1,102.99166666666667,-13.673333333333334,120.72728424181236,113.51875429553262,95.6731359584665
2025-11-15 04:00:00,1,100.565,-12.453333333333331,87.563781932427,113.51875429553262,87.53334999219899
2025-11-15 05:00:00,1,120.42833333333331,-8.5375,77.21875779724589,113.51875429553262,86.81359130900235
2025-11-15 06:00:00,1,143.9358333333333,-6.0375000000000005,93.91363200114537,113.51875429553262,85.72411717053234
2025-11-15 07:00:00,1,38.65833333333333,-7.890000000000001,78.35594940718137,43.836798780487804,52.578984131323764
2025-11-15 08:00:00,1,15.575,-7.804166666666667,42.3556344432073,10.53897147147147,3.732017152159841
2025-11-15 09:00:00,1,2.1425,-10.0225,17.670505930352817,3.478494623655913,-19.38055014052435
2025-11-15 10:00:00,1,-12.016666666666666,-16.576666666666668,-8.72484005348646,-21.79541666666667,-27.130128058845145
2025-11-15 11:00:00,1,-14.155,-14.089166666666666,-44.72555553412238,-21.79541666666667,-50.26116650539841
2025-11-15 12:00:00,1,-17.315833333333334,-13.318333333333332,-60.613401852787234,-21.79541666666667,-57.343371233097216
2025-11-15 13:00:00,1,-11.488333333333337,-14.596666666666666,-56.57270355436813,-21.79541666666667,-59.0565778134506
2025-11-15 14:00:00,1,-6.271666666666666,-16.495833333333334,-58.79508132504043,-20.808371559633024,-37.43116402497351
2025-11-15 15:00:00,1,-4.2316666666666665,-27.813333333333333,-30.9553790761601,3.478494623655913,-34.030304438931054
2025-11-15 16:00:00,1,-5.325,-30.284166666666668,10.39998320788132,3.478494623655913,1.8305155362369874
2025-11-15 17:00:00,1,13.114166666666668,-10.49,46.18283832049154,24.301898422090733,21.492908325303695
2025-11-15 18:00:00,1,68.54416666666667,13.130833333333332,82.99802124193099,43.836798780487804,45.61593962665034
2025-11-15 19:00:00,1,75.8975,16.357499999999998,105.0942197046537,65.49653549382718,80.2481854833771
2025-11-15 20:00:00,1,74.91166666666668,9.7625,128.53670932408903,131.9669414414415,111.06039139096676
2025-11-15 21:00:00,1,75.66,64.3525,136.85533966592828,131.9669414414415,114.91482665173353
2025-11-15 22:00:00,1,80.10916666666667,54.11416666666667,134.9910462574353,117.24638671875006,107.30042469291433
2025-11-15 23:00:00,1,92.0725,15.695,124.91966849005615,113.51875429553262,102.79720399435139
2025-11-16 00:00:00,1,87.20666666666666,28.27083333333333,121.34884918954256,117.24638671875006,105.71487785066789
2025-11-16 01:00:00,1,79.235,19.51,129.06396919518895,113.51875429553262,93.23050041542751
2025-11-16 02:00:00,1,74.5725,16.141666666666666,101.60387883009986,113.51875429553262,89.54824459578651
2025-11-16 03:00:00,1,63.48500000000001,15.563333333333333,115.67895438258489,82.71501234567903,89.64058577578058
2025-11-16 04:00:00,1,60.25749999999999,7.893333333333333,116.3451218365541,82.71501234567903,89.68859064148677
2025-11-16 05:00:00,1,22.97666666666667,19.5025,81.07102190721307,82.71501234567903,85.09789603582583
2025-11-16 06:00:00,1,-1.6541666666666668,54.89000000000001,41.70732297760481,82.71501234567903,65.25071502635357
2025-11-16 07:00:00,1,-24.044166666666666,6.988333333333333,30.045351264582116,10.53897147147147,32.50368531361555
2025-11-16 08:00:00,1,-24.335,-5.831666666666667,28.19155979325442,10.53897147147147,5.96032290481206
2025-11-16 09:00:00,1,-38.619166666666665,-12.2025,-5.646537192515154,10.53897147147147,-15.7085057292295
2025-11-16 10:00:00,1,-33.975,-12.456666666666663,-28.899732303312092,10.53897147147147,-13.61931446440525
2025-11-16 11:00:00,1,-37.3425,-13.7875,-68.62598354963137,-13.146895424836602,-28.256793575985228
2025-11-16 12:00:00,1,-32.090833333333336,-16.91583333333333,-84.74063714454175,-30.421180555555548,-24.98033148370037
2025-11-16 13:00:00,1,-24.27916666666667,-18.031666666666663,-89.74428727411413,-41.70420634920635,-59.708760057633484
2025-11-16 14:00:00,1,-21.1925,-20.876666666666665,-74.79723509379815,-41.70420634920635,-45.155569106314644
2025-11-16 15:00:00,1,-16.405833333333334,-16.954166666666666,-40.05475082527734,-20.808371559633024,-22.571020531766564
2025-11-16 16:00:00,1,-17.996666666666666,-13.045833333333334,-16.527377803290335,-20.808371559633024,-20.302945039671684
2025-11-16 17:00:00,1,-9.411666666666669,-11.800833333333337,7.167019133173724,-5.544873015873017,-11.086209487357024
2025-11-16 18:00:00,1,-2.926666666666667,46.428333333333335,43.64659070007047,22.300479274611387,12.356292255839662
2025-11-16 19:00:00,1,-6.683333333333334,108.145,15.6261400022495,22.300479274611387,24.643684138674097
2025-11-16 20:00:00,1,-6.5,118.8525,38.58866178387874,65.49653549382718,44.83096418481665
2025-11-16 21:00:00,1,-7.12,132.73166666666663,44.92801840496201,65.49653549382718,38.475158204917854
2025-11-16 22:00:00,1,-6.579166666666667,110.6025,26.300588125069638,36.80438943894389,31.548264155789298
2025-11-16 23:00:00,1,-6.5,114.74,20.933323497862702,13.927033639143735,27.52659967563448
2025-11-17 00:00:00,1,-4.753333333333333,120.40333333333332,16.601398408425965,13.927033639143735,32.142591321322925
2025-11-17 01:00:00,1,-6.0075,113.68833333333332,31.729974354777546,13.927033639143735,31.69916895719799
2025-11-17 02:00:00,1,-6.866666666666667,118.30333333333334,20.73433777945648,13.927033639143735,27.545541662457687
2025-11-17 03:00:00,1,-9.13,119.66833333333334,5.615903171960227,13.927033639143735,25.847231641296766
2025-11-17 04:00:00,1,-7.783333333333332,120.43916666666668,3.608261574674785,13.927033639143735,28.56281586447372
2025-11-17 05:00:00,1,-6.5,137.8975,4.397140633901415,13.927033639143735,35.993831549
2025-11-17 06:00:00,1,5.974166666666666,132.41166666666666,33.86254436556391,25.659291666666665,46.704131412154254
2025-11-17 07:00:00,1,-3.5850000000000004,71.82166666666667,45.17373885951715,22.300479274611387,32.489968669802195
2025-11-17 08:00:00,1,-10.9375,22.601666666666663,48.98667399097206,22.300479274611387,27.013288175261664
2025-11-17 09:00:00,1,-11.251666666666669,-9.9125,21.419000548988407,22.300479274611387,20.76134366733774
2025-11-17 10:00:00,1,-11.591666666666669,-10.491666666666667,-2.2466954035153037,22.300479274611387,16.169437437858875
2025-11-17 11:00:00,1,-11.284166666666666,-7.6191666666666675,-7.238680812142903,9.986434426229504,11.298393039960686
2025-11-17 12:00:00,1,-11.2425,-4.555833333333333,-20.915848974207748,-15.1999591503268,8.919147242388831
2025-11-17 13:00:00,1,-10.715000000000002,-6.635000000000001,-21.110263806564504,9.986434426229504,9.816973955230793
2025-11-17 14:00:00,1,-14.783333333333331,-5.900833333333334,-26.833878318396998,-15.1999591503268,4.691112513484427
2025-11-17 15:00:00,1,-11.936666666666667,-1.1250000000000002,-2.202886823786926,9.986434426229504,17.920824174121478
2025-11-17 16:00:00,1,-8.2475,21.044166666666666,52.94621755460306,25.659291666666665,40.62628975848727
2025-11-17 17:00:00,1,-6.355,44.5525,89.02141281443015,49.814854740061165,77.14735912614347
2025-11-17 18:00:00,1,-11.688333333333333,90.01833333333333,104.04797895395407,65.49653549382718,103.86289368720882
2025-11-17 19:00:00,1,-10.525,134.8575,107.28599982237378,65.49653549382718,108.69695966758908
2025-11-17 20:00:00,1,-5.52,151.56583333333333,108.66883149794943,65.49653549382718,111.43007815410229
2025-11-17 21:00:00,1,3.1366666666666667,160.6675,117.39353808075492,65.49653549382718,97.00737307205759
2025-11-17 22:00:00,1,2.6325,120.40666666666668,84.78530835621956,65.49653549382718,86.26234735650881
2025-11-17 23:00:00,1,1.399166666666667,127.88416666666666,58.68950179923374,69.81681250000001,80.7758812273647
2025-11-18 00:00:00,1,8.756666666666666,145.86916666666664,58.73056469864872,69.81681250000001,86.38647105371845
2025-11-18 01:00:00,1,6.324999999999999,87.52499999999999,76.46684069500883,36.80438943894389,56.88271509922993
2025-11-18 02:00:00,1,8.95,76.87166666666667,64.29955964808389,69.81681250000001,56.220129963538554
2025-11-18 03:00:00,1,8.95,54.17416666666667,45.69037934703559,69.81681250000001,58.48676209361079
2025-11-18 04:00:00,1,11.610833333333334,66.96083333333333,47.78117147759302,69.81681250000001,61.20591500700689
2025-11-18 05:00:00,1,43.675,69.37,66.89185871006703,69.81681250000001,75.71713951182862
2025-11-18 06:00:00,1,77.4475,81.02833333333334,114.73308741261232,95.77963020833332,89.6850373183546
2025-11-18 07:00:00,1,13.79,119.53916666666667,104.91095598414283,132.1963194444444,86.27748304665175
2025-11-18 08:00:00,1,-1.9308333333333327,27.250833333333333,34.76308245621739,49.814854740061165,31.69284949175264
2025-11-18 09:00:00,1,-2.2566666666666664,-7.015000000000001,-36.83054845803578,-15.1999591503268,-0.5430399759916753
2025-11-18 10:00:00,1,-9.495833333333334,-4.444999999999999,-35.464387956664396,-15.1999591503268,-0.115254628551682
2025-11-18 11:00:00,1,-11.961666666666666,-16.503333333333334,-28.554221798914497,9.986434426229504,8.711082739571538
2025-11-18 12:00:00,1,-11.989166666666668,-17.904166666666665,-21.16373615186852,9.986434426229504,13.46283257471272
2025-11-18 13:00:00,1,-13.396666666666668,-15.336666666666666,-19.109609297318244,-5.544873015873017,7.238409564515393
2025-11-18 14:00:00,1,-18.480833333333333,-17.62,-25.117306717715053,-5.544873015873017,3.0617688721250715
2025-11-18 15:00:00,1,-18.493333333333336,-17.881666666666668,-9.381521948102147,-5.544873015873017,8.759701904420965
2025-11-18 16:00:00,1,-21.11,-16.734166666666667,-13.815501850172765,9.986434426229504,3.4787697008718084
2025-11-18 17:00:00,1,-14.970833333333331,-12.446666666666667,11.354990046123689,43.836798780487804,25.256471990701883
2025-11-18 18:00:00,1,-17.591666666666665,6.298333333333332,39.81860989326828,65.49653549382718,61.45930294616534
2025-11-18 19:00:00,1,-6.6675,91.89916666666666,52.15816510222156,65.49653549382718,89.5383792419079
2025-11-18 20:00:00,1,40.57083333333333,109.385,64.09497943050337,132.1963194444444,107.29676064531719
2025-11-18 21:00:00,1,71.43916666666667,114.55166666666668,51.844141666146776,132.1963194444444,97.16806009268507
2025-11-18 22:00:00,1,76.55,91.66416666666667,50.433764444082684,95.77963020833332,101.23597691239247
2025-11-18 23:00:00,1,82.63333333333334,60.240833333333335,54.92235254305625,117.24638671875006,108.58797805480745
2025-11-19 00:00:00,1,97.57583333333334,23.684166666666663,66.6237180471662,117.24638671875006,121.42953765696751
2025-11-19 01:00:00,1,88.78916666666667,9.533333333333331,95.67961631290719,113.51875429553262,112.02095834947147
2025-11-19 02:00:00,1,80.9075,8.347499999999998,82.74277808554162,113.51875429553262,109.71833716760011
2025-11-19 03:00:00,1,57.653333333333336,8.204166666666666,71.57175692057415,113.51875429553262,109.20674608029539
2025-11-19 04:00:00,1,57.25666666666667,12.220833333333331,66.94837087488966,113.51875429553262,111.53539218027076
2025-11-19 05:00:00,1,79.2725,2.1733333333333333,76.48172700498195,113.51875429553262,124.59842113254518
2025-11-19 06:00:00,1,84.05416666666666,60.4025,92.93882824812206,117.24638671875006,118.66842084556257
2025-11-19 07:00:00,1,23.686666666666667,1.1,84.5664579934575,131.9669414414415,78.68554324640633
2025-11-19 08:00:00,1,2.0883333333333334,-7.281666666666666,44.714559272284276,43.836798780487804,21.00130552333772
2025-11-19 09:00:00,1,-8.293333333333333,-13.305833333333332,7.783599552914609,10.53897147147147,7.485006953753398
2025-11-19 10:00:00,1,-13.4075,-16.831666666666667,-23.059508183057474,10.53897147147147,-6.205980927576647
2025-11-19 11:00:00,1,-15.9425,-19.71583333333333,-56.67079259589346,-20.808371559633024,-35.352973708968804
2025-11-19 12:00:00,1,-14.935833333333331,-21.945,-70.92935623464024,-20.808371559633024,-43.73706369214692
2025-11-19 13:00:00,1,-14.201666666666666,-25.10333333333333,-62.767745985145524,-20.808371559633024,-43.27417409311195
2025-11-19 14:00:00,1,-18.686666666666667,-30.40333333333333,-58.75023125385698,-20.808371559633024,-35.70170303141326
2025-11-19 15:00:00,1,-29.059166666666663,-24.294166666666666,-50.49415909322889,-20.808371559633024,-39.143950169188116
2025-11-19 16:00:00,1,-35.73,-18.356666666666666,-36.219005236093,-20.808371559633024,-30.40619568647851
2025-11-19 17:00:00,1,-38.79333333333333,-9.080833333333333,-0.2636902129640646,-5.544873015873017,-2.270203744258353
2025-11-19 18:00:00,1,-21.535833333333333,29.54833333333333,55.4422143502828,65.49653549382718,34.63279873687531
2025-11-19 19:00:00,1,5.539166666666667,100.005,106.49768942372707,65.49653549382718,74.31641769844484
2025-11-19 20:00:00,1,18.0125,124.71666666666664,153.48145553714141,135.16478529839887,128.14171253353965
2025-11-19 21:00:00,1,48.626666666666665,141.74583333333334,147.45767501729134,135.16478529839887,124.48066510977145
2025-11-19 22:00:00,1,104.03833333333334,121.13833333333334,128.7492123975892,117.24638671875006,108.76177493922194
2025-11-19 23:00:00,1,73.2225,97.4225,107.96001806294332,117.24638671875006,102.77935708751018
2025-11-20 00:00:00,1,78.40583333333333,144.87083333333334,97.51167256413642,117.24638671875006,101.11202341817093
2025-11-20 01:00:00,1,74.765,89.1925,120.15700233794885,97.97727956989247,86.92397420588976
2025-11-20 02:00:00,1,77.70166666666667,6.451666666666665,100.49233297314444,113.51875429553262,83.34878799174221
2025-11-20 03:00:00,1,71.67833333333333,-1.245,75.48240221798845,113.51875429553262,74.54078527981179
2025-11-20 04:00:00,1,76.86166666666666,-4.968333333333333,71.78800490994165,83.45318318318317,74.03922526247935
2025-11-20 05:00:00,1,78.5825,1.596666666666667,88.4113808597881,83.45318318318317,81.14692035318923
2025-11-20 06:00:00,1,82.56666666666666,17.843333333333334,111.77209252759936,95.77963020833332,84.73464017612226
2025-11-20 07:00:00,1,33.07083333333333,-3.2466666666666666,69.97333809634569,49.814854740061165,49.30531437206514
2025-11-20 08:00:00,1,-8.740833333333333,-5.675833333333333,51.79816632748287,49.814854740061165,27.228147092702756
2025-11-20 09:00:00,1,-9.343333333333334,-13.165833333333332,12.634447753777849,9.986434426229504,2.0193080398093173
2025-11-20 10:00:00,1,-10.468333333333334,-19.53333333333333,-27.305658530511266,-13.146895424836602,-10.75812658073491
2025-11-20 11:00:00,1,-11.351666666666668,-26.001666666666665,-45.4171680152356,-30.421180555555548,-16.795882398331585
2025-11-20 12:00:00,1,-12.805833333333334,-30.5,-56.0556433483284,-30.421180555555548,-21.656908114721872
2025-11-20 13:00:00,1,-12.661666666666669,-28.66,-53.562195812218334,-30.421180555555548,-34.09930668737516
2025-11-20 14:00:00,1,-15.6175,-27.386666666666667,-56.653891553842215,-30.421180555555548,-35.924608338611336
2025-11-20 15:00:00,1,-29.175833333333333,-15.870833333333332,-62.15625974550585,-41.70420634920635,-38.3741189309584
2025-11-20 16:00:00,1,-56.560833333333335,-8.470833333333333,-44.54893326369256,-30.421180555555548,-34.7908424985967
2025-11-20 17:00:00,1,-23.871666666666663,1.3174999999999997,13.972903454595198,-5.544873015873017,-15.934323763197824
2025-11-20 18:00:00,1,-9.746666666666668,56.93666666666667,66.76140796347534,22.300479274611387,7.891020025527112
2025-11-20 19:00:00,1,25.4125,78.96916666666667,111.68856340256664,65.49653549382718,49.468696150218825
2025-11-20 20:00:00,1,58.44166666666666,82.70916666666666,137.6389455109765,65.49653549382718,77.08021293707488
2025-11-20 21:00:00,1,55.149166666666666,92.505,136.9275090438681,65.49653549382718,78.2155531884338
2025-11-20 22:00:00,1,42.54166666666666,89.59666666666668,111.2593298291628,65.49653549382718,69.74125971284161
2025-11-20 23:00:00,1,27.309166666666663,112.30333333333331,80.9260791667159,95.77963020833332,63.215584732372385
2025-11-21 00:00:00,1,42.47416666666667,112.98916666666666,77.12186757376642,95.77963020833332,68.11610438265092
2025-11-21 01:00:00,1,14.2825,99.64,102.75515200838748,95.77963020833332,58.42817816865916
2025-11-21 02:00:00,1,9.206666666666663,94.20083333333334,78.45169410457939,69.81681250000001,50.12204469149392
2025-11-21 03:00:00,1,5.058333333333333,86.23583333333333,48.72213738167259,69.81681250000001,40.5556152399251
2025-11-21 04:00:00,1,-2.105833333333333,97.83,14.453932043421418,13.927033639143735,39.30908274414532
2025-11-21 05:00:00,1,3.3666666666666667,122.29583333333332,19.900517063987607,36.80438943894389,43.91822987106204
2025-11-21 06:00:00,1,7.535,122.6725,38.68699646298676,49.814854740061165,44.35299148552299
2025-11-21 07:00:00,1,-9.1975,102.55083333333332,39.1482950916277,25.659291666666665,13.598110105902109
2025-11-21 08:00:00,1,-14.280833333333334,15.939166666666669,6.4907835770465,9.986434426229504,-3.7877700520335225
2025-11-21 09:00:00,1,-16.204166666666666,-9.665833333333332,-39.64448262235021,-13.146895424836602,-16.423586451007168
2025-11-21 10:00:00,1,-38.7025,-12.070833333333333,-69.56612985005196,-30.421180555555548,-30.61292778885229
2025-11-21 11:00:00,1,-47.8125,-19.6475,-84.90781666171242,-41.70420634920635,-48.9586149108609
2025-11-21 12:00:00,1,-59.7525,-11.211666666666666,-82.65681716730819,-41.70420634920635,-55.19916270668928
2025-11-21 13:00:00,1,-68.45166666666667,-11.52,-90.81927911178153,-67.67567656765678,-70.38258956485991
2025-11-21 14:00:00,1,-80.79666666666667,-4.6425,-101.8724655640693,-67.67567656765678,-73.12539200977874
2025-11-21 15:00:00,1,-61.06166666666667,1.7891666666666666,-84.66519895214265,-67.67567656765678,-66.49744834757921
2025-11-21 16:00:00,1,-43.695,-1.8633333333333333,-44.85840947940005,-41.70420634920635,-48.79350517080256
2025-11-21 17:00:00,1,-8.5275,9.174166666666666,-27.7814240978429,-15.1999591503268,-37.41788117386781
2025-11-21 18:00:00,1,15.208333333333334,68.92583333333333,-8.193172332491017,-15.1999591503268,-22.427177124255266
2025-11-21 19:00:00,1,50.18,118.76083333333332,25.674451558427002,65.49653549382718,8.495059967539433
2025-11-21 20:00:00,1,58.94833333333333,105.655,51.48452684014471,65.49653549382718,40.387248657490865
2025-11-21 21:00:00,1,52.0225,105.78583333333334,51.66060681211909,65.49653549382718,48.76622098629903
2025-11-21 22:00:00,1,44.4025,100.63666666666666,50.95781380375102,95.77963020833332,58.536951678323916
2025-11-21 23:00:00,1,37.46583333333333,98.0925,38.60093120411972,83.45318318318317,58.69055211302637
2025-11-22 00:00:00,1,49.9875,112.22583333333334,54.75776610736313,97.97727956989247,77.56676454139608
2025-11-22 01:00:00,1,43.445,110.78583333333334,94.93392485412926,97.97727956989247,86.33676783005929
2025-11-22 02:00:00,1,43.75416666666666,102.685,83.51548535464568,97.97727956989247,84.34945874644077
2025-11-22 03:00:00,1,54.96333333333333,102.99166666666667,63.300522379023015,97.97727956989247,81.11123073833879
2025-11-22 04:00:00,1,55.45166666666666,100.565,75.31304235458852,97.97727956989247,87.78589000716583
2025-11-22 05:00:00,1,59.58833333333334,120.42833333333331,61.92308994103824,97.97727956989247,86.09156847532552
2025-11-22 06:00:00,1,109.27833333333332,143.9358333333333,59.80540186752583,43.836798780487804,73.7593356178716
2025-11-22 07:00:00,1,60.115,38.65833333333333,60.17966835233873,43.836798780487804,40.33227735653731
2025-11-22 08:00:00,1,43.22416666666667,15.575,49.53310110639848,43.836798780487804,10.805355873822862
2025-11-22 09:00:00,1,23.05,2.1425,3.0774418398689534,10.53897147147147,-8.697382149353217
2025-11-22 10:00:00,1,1.935,-12.016666666666666,-35.1910186112068,-20.808371559633024,-37.08665393587762
2025-11-22 11:00:00,1,5.205,-14.155,-28.33080608971825,-21.79541666666667,-16.955188577368418
2025-11-22 12:00:00,1,3.608333333333333,-17.315833333333334,-44.54778890958599,-21.79541666666667,-46.76483415398256
2025-11-22 13:00:00,1,4.066666666666666,-11.488333333333337,-22.32700861509136,-21.79541666666667,-35.35292338340882
2025-11-22 14:00:00,1,9.28,-6.271666666666666,-15.150081563229406,-21.79541666666667,-21.276861925183127
2025-11-22 15:00:00,1,26.703333333333333,-4.2316666666666665,-2.2303894912970605,-21.79541666666667,0.4327435020710908
2025-11-22 16:00:00,1,88.63416666666667,-5.325,30.51194019765424,24.301898422090733,11.25239005928313
2025-11-22 17:00:00,1,130.66083333333333,13.114166666666668,33.969886412330816,49.814854740061165,27.50043535779112
2025-11-22 18:00:00,1,131.92666666666665,68.54416666666667,37.057077588151294,65.49653549382718,35.47875096668853
2025-11-22 19:00:00,1,132.06833333333333,75.8975,67.8632291134696,95.77963020833332,75.10014980848979
2025-11-22 20:00:00,1,150.5975,74.91166666666668,76.21924728403846,95.77963020833332,92.8006975208402
2025-11-22 21:00:00,1,171.51999999999998,75.66,69.21242621891125,65.49653549382718,75.40147904209688
2025-11-22 22:00:00,1,175.34416666666667,80.10916666666667,52.36706995892758,95.77963020833332,68.59793142532665
2025-11-22 23:00:00,1,112.35,92.0725,32.82415262410429,69.81681250000001,70.58681533128315
2025-11-23 00:00:00,1,169.35083333333333,87.20666666666666,48.96041730262058,83.45318318318317,83.7062943584091
2025-11-23 01:00:00,1,167.35,79.235,66.33772565142452,83.45318318318317,77.02758058662255
2025-11-23 02:00:00,1,179.4675,74.5725,44.090376384424175,83.45318318318317,68.02617546184884
2025-11-23 03:00:00,1,173.3216666666667,63.48500000000001,5.172561060830091,13.927033639143735,44.18165582862376
2025-11-23 04:00:00,1,150.20583333333337,60.25749999999999,-12.894885371487064,13.927033639143735,37.26286080206363
2025-11-23 05:00:00,1,216.955,22.97666666666667,-7.112426882205199,13.927033639143735,44.22306984438255
2025-11-23 06:00:00,1,159.63833333333335,-1.6541666666666668,19.1398908825866,69.81681250000001,53.92672103429498
2025-11-23 07:00:00,1,81.48916666666666,-24.044166666666666,16.984100991973847,83.45318318318317,54.27497534107934
2025-11-23 08:00:00,1,29.77333333333333,-24.335,19.804497455121265,10.53897147147147,31.67199689921013
2025-11-23 09:00:00,1,4.65,-38.619166666666665,23.638994604419153,10.53897147147147,12.996946573914173
2025-11-23 10:00:00,1,6.642499999999999,-33.975,16.2099968584876,10.53897147147147,3.372903476789702
2025-11-23 11:00:00,1,4.395833333333333,-37.3425,9.260189910813892,10.53897147147147,10.294732627816245
2025-11-23 12:00:00,1,-6.014166666666667,-32.090833333333336,-10.36505983744361,24.301898422090733,-4.372469982915163
2025-11-23 13:00:00,1,-5.896666666666666,-24.27916666666667,-29.41431665988415,-13.146895424836602,-16.056902916667624
2025-11-23 14:00:00,1,-10.8,-21.1925,-48.66241931669896,-30.421180555555548,-21.09621599978908
2025-11-23 15:00:00,1,-12.575833333333334,-16.405833333333334,-34.03815800861577,-30.421180555555548,-19.886991979779438
2025-11-23 16:00:00,1,-10.499166666666666,-17.996666666666666,-2.5687178975350804,24.301898422090733,-13.120323666512888
2025-11-23 17:00:00,1,-10.913333333333334,-9.411666666666669,33.54187014339736,43.836798780487804,10.380209244980307
2025-11-23 18:00:00,1,26.085,-2.926666666666667,71.28888075314997,65.49653549382718,37.612325710024315
2025-11-23 19:00:00,1,74.43333333333334,-6.683333333333334,104.12994844743352,65.49653549382718,69.35828368440349
2025-11-23 20:00:00,1,91.46666666666664,-6.5,139.81946311824296,131.9669414414415,104.01975177492898
2025-11-23 21:00:00,1,115.03833333333334,-7.12,118.80912563453705,117.24638671875006,90.95427342572421
2025-11-23 22:00:00,1,109.63833333333334,-6.579166666666667,88.7941239795135,113.51875429553262,83.91194347985234
2025-11-23 23:00:00,1,104.515,-6.5,76.46697280517115,113.51875429553262,78.49947145624574
2025-11-24 00:00:00,1,121.70666666666666,-4.753333333333333,82.45475291911676,113.51875429553262,84.48347727096068
2025-11-24 01:00:00,1,108.86166666666666,-6.0075,77.69247380738409,83.45318318318317,74.19757357714471
2025-11-24 02:00:00,1,100.13333333333333,-6.866666666666667,60.82460807480724,53.06826732673265,68.53583968002337
2025-11-24 03:00:00,1,85.49833333333333,-9.13,74.03953876217723,82.71501234567903,88.76933628924665
2025-11-24 04:00:00,1,80.3225,-7.783333333333332,69.28180501650479,82.71501234567903,90.0715603177663
2025-11-24 05:00:00,1,102.19666666666666,-6.5,88.39888757385413,113.51875429553262,104.71416123270012
2025-11-24 06:00:00,1,119.84166666666664,5.974166666666666,105.67191678989283,117.24638671875006,110.79925016192931
2025-11-24 07:00:00,1,51.98833333333334,-3.5850000000000004,112.99463476394055,131.9669414414415,98.21897311186531
2025-11-24 08:00:00,1,4.0425,-10.9375,82.06108658484153,43.836798780487804,61.6877935027818
2025-11-24 09:00:00,1,0.5658333333333333,-11.251666666666669,36.16486506008963,10.53897147147147,36.881091802729784
2025-11-24 10:00:00,1,-3.780833333333333,-11.591666666666669,7.538800454557602,3.478494623655913,16.727283974188296
2025-11-24 11:00:00,1,-6.44,-11.284166666666666,1.2549780970830682,-21.79541666666667,-4.795672389729745
2025-11-24 12:00:00,1,-9.324166666666668,-11.2425,4.620892049059947,-21.79541666666667,-0.47711109679934793
2025-11-24 13:00:00,1,-10.9875,-10.715000000000002,-8.068690670722972,-21.79541666666667,-11.686420150073374
2025-11-24 14:00:00,1,-9.8675,-14.783333333333331,-8.354438011291876,3.478494623655913,-10.166223825148606
2025-11-24 15:00:00,1,-5.391666666666667,-11.936666666666667,3.4149037310777857,24.301898422090733,18.498341155352264
2025-11-24 16:00:00,1,-4.774166666666667,-8.2475,20.29207876084851,9.986434426229504,21.25620482229045
2025-11-24 17:00:00,1,9.675,-6.355,42.66730757554515,25.659291666666665,33.71695878685673
2025-11-24 18:00:00,1,12.333333333333334,-11.688333333333333,78.78766632738525,65.49653549382718,60.968397383221316
2025-11-24 19:00:00,1,26.7875,-10.525,121.81799708630167,65.49653549382718,101.18285359067119
2025-11-24 20:00:00,1,21.88583333333333,-5.52,129.53172509681593,65.49653549382718,119.08607144101092
2025-11-24 21:00:00,1,7.644166666666666,3.1366666666666667,131.0078145616861,135.16478529839887,123.3133102429313
2025-11-24 22:00:00,1,12.021666666666668,2.6325,105.47722420158021,131.9669414414415,116.36885330108171
2025-11-24 23:00:00,1,10.731666666666667,1.399166666666667,61.96194679471438,69.81681250000001,90.19975191737743
2025-11-25 00:00:00,1,4.310833333333333,8.756666666666666,44.16630754401502,36.80438943894389,83.3915529671255
2025-11-25 01:00:00,1,1.4966666666666668,6.324999999999999,9.203617479679906,13.927033639143735,24.549676768057388
2025-11-25 02:00:00,1,10.680833333333332,8.95,-24.57715791373718,3.9408463541666654,12.110398761775542
2025-11-25 03:00:00,1,14.126666666666663,8.95,-36.747609112798045,3.9408463541666654,10.751936422720107
2025-11-25 04:00:00,1,29.1525,11.610833333333334,-11.303263971725741,13.927033639143735,25.673149187816257
2025-11-25 05:00:00,1,24.815,43.675,14.974829510774384,36.80438943894389,48.86938700711216
2025-11-25 06:00:00,1,16.355,77.4475,38.50020831317294,36.80438943894389,48.15306165258973
2025-11-25 07:00:00,1,-4.890833333333333,13.79,82.1415778206575,117.24638671875006,38.2513872069382
2025-11-25 08:00:00,1,-11.683333333333332,-1.9308333333333327,23.484139126024665,10.53897147147147,1.1375432274441124
2025-11-25 09:00:00,1,-19.115,-2.2566666666666664,-24.575904843491003,10.53897147147147,-19.490491996450203
2025-11-25 10:00:00,1,-18.099166666666665,-9.495833333333334,-55.4848648072217,-20.808371559633024,-32.06403077240691
2025-11-25 11:00:00,1,-40.00666666666667,-11.961666666666666,-73.42177250493509,-20.808371559633024,-50.61121626480305
2025-11-25 12:00:00,1,-54.82083333333333,-11.989166666666668,-72.43198644712677,-20.808371559633024,-52.92342339061396
2025-11-25 13:00:00,1,-45.61000000000001,-13.396666666666668,-62.922610029011395,-20.808371559633024,-51.27800526991665
2025-11-25 14:00:00,1,-55.33166666666667,-18.480833333333333,-59.678433300006276,-20.808371559633024,-48.09153617227064
2025-11-25 15:00:00,1,-79.63333333333334,-18.493333333333336,-44.97184511627492,-20.808371559633024,-35.27645176911061
2025-11-25 16:00:00,1,-29.75333333333333,-21.11,-8.10363921175231,24.301898422090733,-10.70702394927362
2025-11-25 17:00:00,1,-2.813333333333333,-14.970833333333331,36.831198559922655,43.836798780487804,28.26535982292218
2025-11-25 18:00:00,1,9.976666666666668,-17.591666666666665,76.17072461662036,60.093573717948715,69.70542067851176
2025-11-25 19:00:00,1,91.83666666666666,-6.6675,139.53075781299566,135.16478529839887,124.30313482166989
2025-11-25 20:00:00,1,120.17666666666666,40.57083333333333,156.75266708746113,135.16478529839887,144.8309506951712
2025-11-25 21:00:00,1,127.64083333333332,71.43916666666667,159.9584658934126,135.16478529839887,141.5024842316021
2025-11-25 22:00:00,1,125.4675,76.55,118.89045346882692,117.24638671875006,118.88913952596633
2025-11-25 23:00:00,1,125.11833333333334,82.63333333333334,83.49404694908706,97.97727956989247,104.97712281847322
2025-11-26 00:00:00,2,127.49583333333334,97.57583333333334,69.26230019020105,94.51878144654088,110.383947758412
2025-11-26 01:00:00,2,81.95333333333333,88.78916666666667,81.99724871355417,94.51878144654088,93.61257751890841
2025-11-26 02:00:00,2,57.91916666666666,80.9075,83.26837785393057,94.51878144654088,103.76190667094166
2025-11-26 03:00:00,2,9.6775,57.653333333333336,34.53764270036559,81.06817708333335,73.194449086833
2025-11-26 04:00:00,2,11.6825,57.25666666666667,-14.153847521000145,20.92526851851852,32.465302374636046
2025-11-26 05:00:00,2,1.6,79.2725,-31.840095772318747,20.92526851851852,21.4159743145228
2025-11-26 06:00:00,2,-3.6625,84.05416666666666,-7.970025393748571,20.92526851851852,11.068436632136311
2025-11-26 07:00:00,2,-5.038333333333333,23.686666666666667,-10.085475946082411,4.678064516129031,0.9617398338513397
2025-11-26 08:00:00,2,-12.64,2.0883333333333334,-100.48247128067332,-14.116043478260869,-10.611494263482442
2025-11-26 09:00:00,2,-7.655,-8.293333333333333,-71.98269863597586,-14.116043478260869,-5.863913095996921
2025-11-26 10:00:00,2,-9.518333333333333,-13.4075,-88.07344687563433,-14.116043478260869,-3.9898044606614462
2025-11-26 11:00:00,2,-30.977500000000003,-15.9425,-136.49074069782392,-31.25917852906287,-27.85057852409693
2025-11-26 12:00:00,2,-29.2875,-14.935833333333331,-132.44579074228818,-31.25917852906287,-24.026275488471384
2025-11-26 13:00:00,2,-42.094166666666666,-14.201666666666666,-123.68796372541478,-31.25917852906287,-35.329336834339
2025-11-26 14:00:00,2,-50.43083333333333,-18.686666666666667,-124.17629383496431,-31.25917852906287,-46.631122052837284
2025-11-26 15:00:00,2,-51.84,-29.059166666666663,-111.58472111089243,-31.25917852906287,-48.751420753508114
2025-11-26 16:00:00,2,-42.134166666666665,-35.73,-85.76949903557058,-31.25917852906287,-39.54198517551184
2025-11-26 17:00:00,2,-35.70583333333333,-38.79333333333333,-29.295913067442342,-12.62772687609075,-11.104627612189404
2025-11-26 18:00:00,2,-18.890833333333333,-21.535833333333333,41.08671560799704,23.176474820143895,36.01440636906754
2025-11-26 19:00:00,2,-13.703333333333331,5.539166666666667,100.63351984544441,118.82219494047614,80.05491400519969
2025-11-26 20:00:00,2,-3.7000000000000006,18.0125,108.08720537858443,85.26970394736847,93.02085778296043
2025-11-26 21:00:00,2,-4.724166666666666,48.626666666666665,106.18032427483921,85.26970394736847,90.6254752248955
2025-11-26 22:00:00,2,-3.478333333333333,104.03833333333334,75.02991266556553,85.26970394736847,77.68337819943648
2025-11-26 23:00:00,2,3.5866666666666664,73.2225,45.24876311972852,67.64316939890712,67.34486973058544
2025-11-27 00:00:00,2,13.699166666666663,78.40583333333333,54.350954645428516,20.92526851851852,69.7479027376951
2025-11-27 01:00:00,2,7.693333333333332,74.765,49.51977812004032,20.92526851851852,34.06314954524007
2025-11-27 02:00:00,2,18.67,77.70166666666667,4.132067771880017,20.92526851851852,34.2968164192853
2025-11-27 03:00:00,2,8.259166666666667,71.67833333333333,-13.100777031523478,20.92526851851852,29.705281780926015
2025-11-27 04:00:00,2,35.781666666666666,76.86166666666666,-9.913639399773075,52.50267361111111,36.14713215860394
2025-11-27 05:00:00,2,33.92666666666667,78.5825,-4.121945951039763,20.92526851851852,44.04111671507505
2025-11-27 06:00:00,2,44.145,82.56666666666666,12.887759015984656,20.92526851851852,36.35480768740513
2025-11-27 07:00:00,2,10.660833333333334,33.07083333333333,3.538465917083201,4.362150959860385,7.635240470830041
2025-11-27 08:00:00,2,-2.668333333333333,-8.740833333333333,-27.546834862657647,4.678064516129031,-14.45181136814601
2025-11-27 09:00:00,2,-10.9825,-9.343333333333334,-53.93535618142654,-14.116043478260869,-16.17853715858179
2025-11-27 10:00:00,2,-15.4675,-10.468333333333334,-72.30249179812343,-14.116043478260869,-20.02446656070481
2025-11-27 11:00:00,2,-22.39833333333333,-11.351666666666668,-93.61332988048791,-31.25917852906287,-20.401425916266888
2025-11-27 12:00:00,2,-25.403333333333336,-12.805833333333334,-101.75515646285074,-31.25917852906287,-29.52914684226934
2025-11-27 13:00:00,2,-29.60333333333333,-12.661666666666669,-81.60205344503028,-31.25917852906287,-15.53286574681681
2025-11-27 14:00:00,2,-30.68583333333333,-15.6175,-66.70184713056271,-31.25917852906287,-28.34938160032023
2025-11-27 15:00:00,2,-40.24583333333333,-29.175833333333333,-57.79813042786863,-31.25917852906287,-25.19407248397225
2025-11-27 16:00:00,2,-23.54833333333333,-56.560833333333335,-40.2158526260874,-31.25917852906287,-23.003319687337537
2025-11-27 17:00:00,2,-18.0225,-23.871666666666663,-2.9662251866657385,6.963557504873301,-10.642629656207333
2025-11-27 18:00:00,2,-8.748333333333333,-9.746666666666668,60.66499689576055,36.800435393258404,27.774364813582544
2025-11-27 19:00:00,2,119.77666666666666,25.4125,104.41737995798236,113.29055482456141,77.95252199119705
2025-11-27 20:00:00,2,148.07500000000002,58.44166666666666,119.92430182237712,134.87735449735453,100.92728726640586
2025-11-27 21:00:00,2,137.68833333333333,55.149166666666666,122.90048392574926,113.29055482456141,105.45266168915234
2025-11-27 22:00:00,2,125.01083333333334,42.54166666666666,121.90386698900424,113.29055482456141,108.09956397263313
2025-11-27 23:00:00,2,138.48166666666663,27.309166666666663,136.52544353102388,113.29055482456141,114.64978186814234
2025-11-28 00:00:00,2,148.12916666666666,42.47416666666667,147.33619516971277,113.29055482456141,122.93903572726268
2025-11-28 01:00:00,2,161.36916666666667,14.2825,165.45392448681775,122.799802631579,118.82460086349309
2025-11-28 02:00:00,2,135.4,9.206666666666663,139.65208565972452,122.799802631579,111.09178232102177
2025-11-28 03:00:00,2,124.91666666666669,5.058333333333333,113.11819375914592,122.799802631579,102.35048245700655
2025-11-28 04:00:00,2,125.45,-2.105833333333333,105.14043294753137,122.799802631579,100.03939777733827
2025-11-28 05:00:00,2,176.0675,3.3666666666666667,106.78635645748432,122.799802631579,98.87032072287886
2025-11-28 06:00:00,2,107.06333333333332,7.535,111.72846695672932,113.29055482456141,85.49869884035495
2025-11-28 07:00:00,2,12.285000000000002,-9.1975,115.85477518771114,78.45560833333337,49.19728198384879
2025-11-28 08:00:00,2,-5.296666666666667,-14.280833333333334,42.32428194156961,23.473224826388886,-2.008893525162165
2025-11-28 09:00:00,2,-13.005,-16.204166666666666,-20.422907634059,6.963557504873301,-20.471038950216908
2025-11-28 10:00:00,2,-11.731666666666667,-38.7025,-47.02522847807633,-18.042531746031738,-34.79543853388006
2025-11-28 11:00:00,2,-11.091666666666669,-47.8125,-50.02029671323386,-18.042531746031738,-38.938349642457155
2025-11-28 12:00:00,2,-10.2425,-59.7525,-48.44014796523099,-18.042531746031738,-48.97582899088792
2025-11-28 13:00:00,2,-9.405833333333334,-68.45166666666667,-61.09904426476409,-31.25917852906287,-51.28485751791632
2025-11-28 14:00:00,2,-5.713333333333334,-80.79666666666667,-20.992471416883916,-12.62772687609075,-22.48857436387526
2025-11-28 15:00:00,2,0.7083333333333334,-61.06166666666667,22.889392315553508,6.963557504873301,16.77897591821896
2025-11-28 16:00:00,2,34.8325,-43.695,58.93666728853917,58.219976635514016,26.797448324253537
2025-11-28 17:00:00,2,69.26416666666667,-8.5275,76.17531465239021,50.752702702702685,42.01273547686291
2025-11-28 18:00:00,2,107.17333333333332,15.208333333333334,117.27913089877694,105.87496052631572,73.86634977181622
2025-11-28 19:00:00,2,80.03416666666666,50.18,166.41067532624953,134.87735449735453,113.65963622797103
2025-11-28 20:00:00,2,102.76166666666668,58.94833333333333,154.97972022071124,134.87735449735453,114.92428729127843
2025-11-28 21:00:00,2,119.96583333333332,52.0225,161.98390546915374,113.29055482456141,117.70015714142
2025-11-28 22:00:00,2,104.20666666666666,44.4025,164.6525637853597,113.29055482456141,116.70958614512887
2025-11-28 23:00:00,2,101.64166666666668,37.46583333333333,127.15339619974766,113.29055482456141,103.62425984333186
2025-11-29 00:00:00,2,114.57666666666668,49.9875,106.40676473220726,113.29055482456141,95.89656943011778
2025-11-29 01:00:00,2,104.40166666666666,43.445,154.98622125623493,94.51878144654088,102.93333383251235
2025-11-29 02:00:00,2,94.18,43.75416666666666,84.8684608502425,84.33577564102562,72.9620530389043
2025-11-29 03:00:00,2,59.34583333333333,54.96333333333333,45.764326827703265,67.64316939890712,46.76949823516549
2025-11-29 04:00:00,2,55.13083333333333,55.45166666666666,34.027355665961004,52.50267361111111,44.01916523723069
2025-11-29 05:00:00,2,42.395,59.58833333333334,31.873168045083915,20.92526851851852,39.140689960010874
2025-11-29 06:00:00,2,38.27166666666667,109.27833333333332,64.29847708957624,84.33577564102562,53.66970480042867
2025-11-29 07:00:00,2,-2.401666666666667,60.115,33.710127579208695,36.800435393258404,38.62446961108506
2025-11-29 08:00:00,2,-0.3041666666666668,43.22416666666667,-3.6269855831290982,6.963557504873301,-4.375653182768744
2025-11-29 09:00:00,2,-0.1566666666666666,23.05,-36.617588077455665,-12.62772687609075,-17.85769823295304
2025-11-29 10:00:00,2,-13.136666666666663,1.935,-66.49902895664646,-31.25917852906287,-24.588320496898604
2025-11-29 11:00:00,2,-16.819166666666664,5.205,-62.589655550655934,-31.25917852906287,-38.2402481017252
2025-11-29 12:00:00,2,-14.751666666666663,3.608333333333333,-51.106274079434016,-31.25917852906287,-45.6066290636809
2025-11-29 13:00:00,2,-24.91333333333333,4.066666666666666,-79.60418214444063,-31.25917852906287,-52.440224945322825
2025-11-29 14:00:00,2,-23.35,9.28,-64.47620208079347,-31.25917852906287,-54.337815617031936
2025-11-29 15:00:00,2,-16.219166666666666,26.703333333333333,-60.83060263060416,-31.25917852906287,-49.58254871128571
2025-11-29 16:00:00,2,-16.131666666666664,88.63416666666667,-38.79333933457943,-12.62772687609075,-36.48258056723604
2025-11-29 17:00:00,2,-13.380833333333332,130.66083333333333,-0.742093890305469,4.678064516129031,-19.046736369319632
2025-11-29 18:00:00,2,-8.001666666666667,131.92666666666665,48.039046888643455,23.176474820143895,10.072845981395176
2025-11-29 19:00:00,2,54.26666666666667,132.06833333333333,72.49723276406819,23.176474820143895,49.36927784471361
2025-11-29 20:00:00,2,81.82333333333334,150.5975,91.30017030368633,23.176474820143895,73.79693477734891
2025-11-29 21:00:00,2,97.6925,171.51999999999998,86.23159803543692,23.176474820143895,72.61193864108185
2025-11-29 22:00:00,2,100.69333333333331,175.34416666666667,81.96184124453997,113.29055482456141,74.13460282908113
2025-11-29 23:00:00,2,109.57916666666668,112.35,84.29343537179095,94.51878144654088,82.7749994102121
2025-11-30 00:00:00,2,111.66166666666668,169.35083333333333,83.83578706970938,113.29055482456141,85.87681007087373
2025-11-30 01:00:00,2,85.245,167.35,102.25969113783317,94.51878144654088,75.46458294743243
2025-11-30 02:00:00,2,84.875,179.4675,83.91740192671992,94.51878144654088,69.73234722154507
2025-11-30 03:00:00,2,80.43833333333333,173.3216666666667,67.22683565430782,81.06817708333335,64.63957464700141
2025-11-30 04:00:00,2,47.307500000000005,150.20583333333337,48.81479893440332,81.06817708333335,58.2532584205465
2025-11-30 05:00:00,2,14.478333333333332,216.955,22.641207883158124,81.06817708333335,47.99410575118896
2025-11-30 06:00:00,2,8.314166666666667,159.63833333333335,-6.0884126656047926,52.50267361111111,23.24066631752975
2025-11-30 07:00:00,2,2.7983333333333333,81.48916666666666,-22.789034149266172,6.963557504873301,-6.2453692652380255
2025-11-30 08:00:00,2,-9.401666666666667,29.77333333333333,-42.967048417875446,-12.62772687609075,-23.406662203363865
2025-11-30 09:00:00,2,-19.20583333333333,4.65,-46.13684497531432,-12.62772687609075,-19.490375087788337
2025-11-30 10:00:00,2,-19.6775,6.642499999999999,-56.32840770528331,-31.25917852906287,-22.542736653276066
2025-11-30 11:00:00,2,-25.949166666666667,4.395833333333333,-85.98123335984467,-31.25917852906287,-30.30096448024777
2025-11-30 12:00:00,2,-21.959166666666665,-6.014166666666667,-64.4200006715153,-31.25917852906287,-15.498401572397498
2025-11-30 13:00:00,2,-26.9225,-5.896666666666666,-81.81860567061064,-31.25917852906287,-29.777162209408957
2025-11-30 14:00:00,2,-26.0325,-10.8,-106.1131471531835,-31.25917852906287,-40.9072263050692
2025-11-30 15:00:00,2,-15.148333333333332,-12.575833333333334,-58.19390458760013,-31.25917852906287,-35.55960607937672
2025-11-30 16:00:00,2,-17.935,-10.499166666666666,-59.57843003768717,-31.25917852906287,-39.8405343968423
2025-11-30 17:00:00,2,-7.983333333333333,-10.913333333333334,5.203867624228195,4.678064516129031,-9.846428680237224
2025-11-30 18:00:00,2,-5.93,26.085,60.07926266484359,58.219976635514016,39.54356011138239
2025-11-30 19:00:00,2,20.585833333333337,74.43333333333334,63.392090022323686,113.29055482456141,50.64865182829459
2025-11-30 20:00:00,2,33.806666666666665,91.46666666666664,62.47531758331055,85.26970394736847,59.48116102747506
2025-11-30 21:00:00,2,12.326666666666666,115.03833333333334,55.19818264942165,85.26970394736847,56.60039286639051
2025-11-30 22:00:00,2,6.788333333333333,109.63833333333334,27.83693204920938,67.64316939890712,44.813668908157034
2025-11-30 23:00:00,2,2.595,104.515,9.26558048161678,67.64316939890712,40.56103368734005
2025-12-01 00:00:00,2,-3.6625,121.70666666666666,0.8658519977510082,20.92526851851852,37.69421115384122
2025-12-01 01:00:00,2,-3.7000000000000006,108.86166666666666,3.8915080434299654,20.92526851851852,38.29531998142579
2025-12-01 02:00:00,2,-4.954166666666667,100.13333333333333,-19.829905217142283,20.92526851851852,29.170113918148317
2025-12-01 03:00:00,2,-4.253333333333334,85.49833333333333,-38.58500528619845,20.92526851851852,24.94837606193279
2025-12-01 04:00:00,2,-3.755,80.3225,-38.74917526158855,20.92526851851852,28.837003306504364
2025-12-01 05:00:00,2,-3.7000000000000006,102.19666666666666,-24.155866226829048,20.92526851851852,40.39724517837212
2025-12-01 06:00:00,2,3.380833333333333,119.84166666666664,4.360062943428474,23.176474820143895,41.356281964089234
2025-12-01 07:00:00,2,-0.3541666666666667,51.98833333333334,12.41696919810255,4.362150959860385,16.159786824541754
2025-12-01 08:00:00,2,-6.1000000000000005,4.0425,-3.5316696688388305,4.362150959860385,7.309827610142591
2025-12-01 09:00:00,2,-14.11,0.5658333333333333,-29.876172863284324,-14.116043478260869,4.721434926723262
2025-12-01 10:00:00,2,-15.409999999999998,-3.780833333333333,-49.03553324275153,-14.116043478260869,5.90664487536435
2025-12-01 11:00:00,2,-14.835833333333332,-6.44,-60.30114456406157,-14.116043478260869,-1.1972886977297321
2025-12-01 12:00:00,2,-11.426666666666668,-9.324166666666668,-50.93132031620307,-12.62772687609075,-4.108257314371599
2025-12-01 13:00:00,2,-13.870833333333332,-10.9875,-57.458591249646005,-14.116043478260869,6.484673995839842
2025-12-01 14:00:00,2,-9.143333333333333,-9.8675,-86.33942492036469,-14.116043478260869,-2.714394172154087
2025-12-01 15:00:00,2,-24.379166666666663,-5.391666666666667,-82.47354963323279,-14.116043478260869,-13.086397019364256
2025-12-01 16:00:00,2,-18.035,-4.774166666666667,-53.11128224617768,-14.116043478260869,-16.092079784286526
2025-12-01 17:00:00,2,-15.809166666666668,9.675,-30.29658357451072,-14.116043478260869,-8.21700874616252
2025-12-01 18:00:00,2,-8.709999999999999,12.333333333333334,-19.58120555986075,4.362150959860385,3.7393479869766537
2025-12-01 19:00:00,2,21.854166666666668,26.7875,9.216325911264107,20.47217708333333,30.79376976792601
2025-12-01 20:00:00,2,88.98166666666667,21.88583333333333,27.65375892868451,20.47217708333333,49.777597805130014
2025-12-01 21:00:00,2,93.82583333333334,7.644166666666666,32.68432805561757,50.752702702702685,55.819220436189006
2025-12-01 22:00:00,2,99.24166666666667,12.021666666666668,17.282648276574,50.752702702702685,53.55293303079413
2025-12-01 23:00:00,2,87.91416666666667,10.731666666666667,4.822089102893628,23.176474820143895,57.77017764580671
2025-12-02 00:00:00,2,96.07083333333333,4.310833333333333,15.057741974374068,23.176474820143895,70.36357775925562
2025-12-02 01:00:00,2,85.05166666666666,1.4966666666666668,42.872886533219145,23.176474820143895,67.1594722003706
2025-12-02 02:00:00,2,84.21916666666667,10.680833333333332,34.77034000721248,67.64316939890712,70.31144151108032
2025-12-02 03:00:00,2,81.80666666666667,14.126666666666663,19.44126224719936,67.64316939890712,65.4973923008932
2025-12-02 04:00:00,2,71.48583333333333,29.1525,12.464534713763257,20.92526851851852,59.038746593046085
2025-12-02 05:00:00,2,99.99666666666668,24.815,34.89433548578569,23.176474820143895,71.11854520199884
2025-12-02 06:00:00,2,127.63416666666669,16.355,77.47861452285791,50.752702702702685,83.30347283082331
2025-12-02 07:00:00,2,110.33,-4.890833333333333,58.23746071702281,50.752702702702685,44.42225297417105
2025-12-02 08:00:00,2,45.556666666666665,-11.683333333333332,37.692332693924115,23.176474820143895,22.956185728803753
2025-12-02 09:00:00,2,-0.3858333333333334,-19.115,-5.566938275002613,6.963557504873301,-8.196527922093836
2025-12-02 10:00:00,2,-2.4683333333333333,-18.099166666666665,-10.302953519920464,6.963557504873301,-0.6161571544228508
2025-12-02 11:00:00,2,-8.556666666666667,-40.00666666666667,-9.858269993412293,6.963557504873301,18.641154637478166
2025-12-02 12:00:00,2,-9.13,-54.82083333333333,-9.59940308298573,-18.042531746031738,22.30412064324352
2025-12-02 13:00:00,2,-9.020833333333334,-45.61000000000001,-9.017652842698595,-18.042531746031738,38.20160784220828
2025-12-02 14:00:00,2,-9.07,-55.33166666666667,3.838411507443311,6.963557504873301,27.98405363105661
2025-12-02 15:00:00,2,-9.429166666666667,-79.63333333333334,4.352955341993891,6.963557504873301,21.576707990274883
2025-12-02 16:00:00,2,-14.784166666666666,-29.75333333333333,16.949021631392654,23.473224826388886,33.81372174343519
2025-12-02 17:00:00,2,2.200833333333333,-2.813333333333333,61.62916808011745,36.800435393258404,55.95654965546022
2025-12-02 18:00:00,2,22.58833333333333,9.976666666666668,95.60011077943751,78.45560833333337,88.17022834894111
2025-12-02 19:00:00,2,113.0525,91.83666666666666,130.03489265614968,113.29055482456141,128.01180493035656
2025-12-02 20:00:00,2,131.61083333333332,120.17666666666666,167.82836222818952,134.87735449735453,153.5635197874758
2025-12-02 21:00:00,2,127.44333333333331,127.64083333333332,170.07402852309795,134.87735449735453,153.4233281739253
2025-12-02 22:00:00,2,125.93583333333332,125.4675,143.98725255809845,113.29055482456141,136.54309707849356
2025-12-02 23:00:00,2,114.63083333333331,125.11833333333334,114.0784143237918,113.29055482456141,120.60052142433418
2025-12-03 00:00:00,2,126.0725,127.49583333333334,107.5261601009699,129.11168811274493,119.44503607890603
2025-12-03 01:00:00,2,119.77083333333331,81.95333333333333,113.36929321295614,122.799802631579,102.52386862306057
2025-12-03 02:00:00,2,107.98416666666668,57.91916666666666,81.15314364773234,122.799802631579,83.43138788150858
2025-12-03 03:00:00,2,83.50583333333334,9.6775,39.23810399169475,67.64316939890712,60.659357226538134
2025-12-03 04:00:00,2,77.5475,11.6825,22.228809500248573,20.92526851851852,51.35141477199677
2025-12-03 05:00:00,2,70.53416666666668,1.6,28.574867405286433,20.92526851851852,48.609348699207466
2025-12-03 06:00:00,2,27.714166666666667,-3.6625,39.5013772516917,23.176474820143895,34.52673643047651
2025-12-03 07:00:00,2,-7.163333333333334,-5.038333333333333,22.978095230299452,23.176474820143895,11.19756445572503
2025-12-03 08:00:00,2,-10.220833333333331,-12.64,-16.612282317820117,-12.62772687609075,-14.095059740767368
2025-12-03 09:00:00,2,-19.96,-7.655,-63.84873753734648,-31.25917852906287,-26.618747679092877
2025-12-03 10:00:00,2,-29.930833333333336,-9.518333333333333,-98.31855087896689,-31.25917852906287,-36.35152439783498
2025-12-03 11:00:00,2,-30.08833333333333,-30.977500000000003,-120.21079366765157,-31.25917852906287,-42.331591773454946
2025-12-03 12:00:00,2,-28.69,-29.2875,-126.08681639097595,-67.9954656862745,-44.65305158895244
2025-12-03 13:00:00,2,-27.64916666666667,-42.094166666666666,-126.1689834338202,-67.9954656862745,-47.1435237230566
2025-12-03 14:00:00,2,-37.90333333333333,-50.43083333333333,-121.51971499118413,-31.25917852906287,-47.448688288912166
2025-12-03 15:00:00,2,-25.125,-51.84,-106.38891897708548,-31.25917852906287,-41.72642368780157
2025-12-03 16:00:00,2,-13.521666666666668,-42.134166666666665,-71.75858511086732,-12.62772687609075,-23.987389960838442
2025-12-03 17:00:00,2,-6.947500000000001,-35.70583333333333,-18.84427746758776,36.800435393258404,6.784424258048176
2025-12-03 18:00:00,2,40.52166666666667,-18.890833333333333,27.8765727286821,50.752702702702685,42.89363513311669
2025-12-03 19:00:00,2,96.6175,-13.703333333333331,57.635650799507914,118.82219494047614,76.51654876252073
2025-12-03 20:00:00,2,124.90500000000002,-3.7000000000000006,50.61300179189779,50.752702702702685,84.51478476364537
2025-12-03 21:00:00,2,137.54166666666666,-4.724166666666666,41.206168335543616,50.752702702702685,75.79714012042234
2025-12-03 22:00:00,2,147.79083333333332,-3.478333333333333,26.645221574250805,23.176474820143895,61.22139637888864
2025-12-03 23:00:00,2,124.91,3.5866666666666664,-11.836329640325516,23.176474820143895,54.093860846377055
2025-12-04 00:00:00,2,112.8375,13.699166666666663,-24.94186708909406,23.176474820143895,52.84519153175489
2025-12-04 01:00:00,2,19.63083333333333,7.693333333333332,-20.28599285332038,5.098015873015872,11.03771348192069
2025-12-04 02:00:00,2,-2.466666666666667,18.67,-48.573781858320146,-7.507040816326531,2.9215702368968977
2025-12-04 03:00:00,2,-5.811666666666667,8.259166666666667,-69.0101288635674,-7.507040816326531,1.6693042639521423
2025-12-04 04:00:00,2,-9.044166666666667,35.781666666666666,-69.8648613355793,-7.507040816326531,1.616088310450877
2025-12-04 05:00:00,2,-6.929166666666667,33.92666666666667,-64.4345337438112,-7.507040816326531,6.312640789401897
2025-12-04 06:00:00,2,-6.121666666666667,44.145,-55.01244988464988,-26.447597087378632,4.331874860999378
2025-12-04 07:00:00,2,-9.5425,10.660833333333334,-62.84339757780161,30.302478741496603,0.5591997281590295
2025-12-04 08:00:00,2,-8.94,-2.668333333333333,-76.72119716424838,30.302478741496603,-6.540112708270996
2025-12-04 09:00:00,2,-11.38,-10.9825,-70.47361225799658,-26.447597087378632,-13.040443330412401
2025-12-04 10:00:00,2,-12.409999999999998,-15.4675,-71.45164983081678,-26.447597087378632,-12.272476242062567
2025-12-04 11:00:00,2,-13.2675,-22.39833333333333,-100.09988372992409,-26.447597087378632,-18.039464511858696
2025-12-04 12:00:00,2,-13.19,-25.403333333333336,-102.28434396284958,-26.447597087378632,-24.414174466149632
2025-12-04 13:00:00,2,-11.58,-29.60333333333333,-99.23783422679453,-26.447597087378632,-23.653767106693437
2025-12-04 14:00:00,2,-7.565833333333334,-30.68583333333333,-82.55684612006503,-26.447597087378632,-18.26975573063011
2025-12-04 15:00:00,2,-6.083333333333333,-40.24583333333333,-71.5754259410093,-26.447597087378632,-22.094637091755118
2025-12-04 16:00:00,2,7.154166666666666,-23.54833333333333,-13.575917411884404,30.302478741496603,6.5865655782441905
2025-12-04 17:00:00,2,8.854999999999999,-18.0225,47.52031426851129,93.00794289044288,46.4642478538927
2025-12-04 18:00:00,2,51.5525,-8.748333333333333,140.13005585406572,165.09338154269975,100.70385380874743
2025-12-04 19:00:00,2,120.56166666666668,119.77666666666666,50.69980936366433,45.58110339506175,44.77579770707381
2025-12-04 20:00:00,2,129.31166666666667,148.07500000000002,66.9284571786825,30.302478741496603,52.714471347428415
2025-12-04 21:00:00,2,124.64083333333332,137.68833333333333,80.78847983784827,50.752702702702685,66.38450920663367
2025-12-04 22:00:00,2,113.81083333333332,125.01083333333334,82.41491238952077,113.29055482456141,85.35947052040255
2025-12-04 23:00:00,2,107.33083333333332,138.48166666666663,77.17740775758327,113.29055482456141,94.03696503805647
2025-12-05 00:00:00,2,132.2575,148.12916666666666,76.54108091207273,113.29055482456141,96.60977875171531
2025-12-05 01:00:00,2,136.97166666666666,161.36916666666667,83.50021264294404,94.51878144654088,80.08274242034253
2025-12-05 02:00:00,2,131.03333333333333,135.4,72.24538435864618,94.51878144654088,83.25866634951221
2025-12-05 03:00:00,2,145.30583333333334,124.91666666666669,63.93044994034297,94.51878144654088,85.90858485166375
2025-12-05 04:00:00,2,139.8658333333333,125.45,60.88158298344218,94.51878144654088,90.4912611787017
2025-12-05 05:00:00,2,126.85,176.0675,67.60899078229455,94.51878144654088,94.9608679044694
2025-12-05 06:00:00,2,79.94166666666666,107.06333333333332,84.17852972263425,113.29055482456141,85.79825915485257
2025-12-05 07:00:00,2,44.649166666666666,12.285000000000002,88.14332960436661,58.219976635514016,53.8242688513045
2025-12-05 08:00:00,2,44.37833333333333,-5.296666666666667,87.11097848390301,58.219976635514016,25.020085549962474
2025-12-05 09:00:00,2,18.614166666666662,-13.005,66.40657559348968,36.800435393258404,8.7800361931628
2025-12-05 10:00:00,2,-0.6125000000000003,-11.731666666666667,33.846345677707106,23.473224826388886,-0.027616675756206632
2025-12-05 11:00:00,2,-4.516666666666667,-11.091666666666669,11.211027298329626,3.237462686567165,-11.069266894820359
2025-12-05 12:00:00,2,2.73,-10.2425,10.065752219220627,3.237462686567165,-2.6680622308259814
2025-12-05 13:00:00,2,6.194999999999999,-9.405833333333334,11.70574878055588,3.237462686567165,-5.9306024067092835
2025-12-05 14:00:00,2,-1.741666666666667,-5.713333333333334,-26.633909128807204,3.237462686567165,-25.842304160526425
2025-12-05 15:00:00,2,8.237499999999999,0.7083333333333334,-20.40604040181205,3.237462686567165,-26.934111200853977
2025-12-05 16:00:00,2,28.63333333333333,34.8325,9.625541655717,36.800435393258404,-7.082255317769608
2025-12-05 17:00:00,2,94.89166666666668,69.26416666666667,34.59565072085239,23.176474820143895,7.1219672446194835
2025-12-05 18:00:00,2,109.57,107.17333333333332,70.21308660898929,50.752702702702685,33.988258261075444
2025-12-05 19:00:00,2,140.58166666666668,80.03416666666666,108.2165156693832,134.87735449735453,69.34173432602773
2025-12-05 20:00:00,2,108.6225,102.76166666666668,114.30997827248723,134.87735449735453,91.82041059878868
2025-12-05 21:00:00,2,96.92416666666666,119.96583333333332,92.643726475314,134.87735449735453,81.30754641695773
2025-12-05 22:00:00,2,115.98333333333332,104.20666666666666,76.81467824411028,113.29055482456141,77.43517364447229
2025-12-05 23:00:00,2,140.70833333333334,101.64166666666668,87.83525090900845,113.29055482456141,95.11883728756459
2025-12-06 00:00:00,2,153.14583333333334,114.57666666666668,110.11862946009008,113.29055482456141,109.90466284080424
2025-12-06 01:00:00,2,91.44333333333331,104.40166666666666,140.17036787338606,94.51878144654088,108.10226332033145
2025-12-06 02:00:00,2,80.0,94.18,99.6267927834099,94.51878144654088,98.26674636852701
2025-12-06 03:00:00,2,75.55583333333333,59.34583333333333,90.22850595565353,94.51878144654088,96.04704820465267
2025-12-06 04:00:00,2,57.32916666666667,55.13083333333333,83.5588798715253,94.51878144654088,93.00510350266164
2025-12-06 05:00:00,2,68.55833333333334,42.395,88.98100856772744,94.51878144654088,96.16934403880029
2025-12-06 06:00:00,2,49.61833333333333,38.27166666666667,103.9844078663263,23.473224826388886,76.2904501087316
2025-12-06 07:00:00,2,-3.6033333333333335,-2.401666666666667,85.99718994618337,23.473224826388886,37.88461950323252
2025-12-06 08:00:00,2,92.0325,-0.3041666666666668,106.30985637952674,36.800435393258404,23.656564774869658
2025-12-06 09:00:00,2,34.718333333333334,-0.1566666666666666,92.49324822624816,36.800435393258404,24.602540604422046
2025-12-06 10:00:00,2,-3.6458333333333335,-13.136666666666663,74.7442142224572,58.219976635514016,26.979082270267973
2025-12-06 11:00:00,2,-8.694166666666666,-16.819166666666664,86.3175547580303,58.219976635514016,28.09957396123896
2025-12-06 12:00:00,2,-4.235,-14.751666666666663,68.2664813268629,36.800435393258404,26.742287750681
2025-12-06 13:00:00,2,-3.660833333333333,-24.91333333333333,58.93028206923654,36.800435393258404,14.296247017772487
2025-12-06 14:00:00,2,-4.748333333333334,-23.35,31.211173732301646,6.963557504873301,3.80368599365805
2025-12-06 15:00:00,2,2.5125,-16.219166666666666,10.13947692434185,6.963557504873301,-12.532085815927942
2025-12-06 16:00:00,2,3.335833333333333,-16.131666666666664,0.8184599231618392,-12.62772687609075,-16.645802773277623
2025-12-06 17:00:00,2,10.095833333333331,-13.380833333333332,36.4629806175723,30.302478741496603,-9.695126090397864
2025-12-06 18:00:00,2,-0.0733333333333334,-8.001666666666667,53.62729222219624,4.362150959860385,6.020935212619008
2025-12-06 19:00:00,2,-3.889166666666666,54.26666666666667,90.00570448637376,58.41962678936605,53.647809757706625
2025-12-06 20:00:00,2,4.265,81.82333333333334,86.70991445802,58.41962678936605,54.757688294425705
2025-12-06 21:00:00,2,6.09,97.6925,57.045209001405865,4.362150959860385,27.336987737554345
2025-12-06 22:00:00,2,8.730833333333333,100.69333333333331,34.56884409326111,5.098015873015872,16.44523279498293
2025-12-06 23:00:00,2,10.976666666666668,109.57916666666668,6.063205465192354,20.92526851851852,16.99618850791338
2025-12-07 00:00:00,2,16.1675,111.66166666666668,28.626479713939027,20.92526851851852,24.33082368524257
2025-12-07 01:00:00,2,11.676666666666668,85.245,50.625197510142556,20.92526851851852,17.49370748416537
2025-12-07 02:00:00,2,10.5775,84.875,43.38918095539842,20.92526851851852,14.261605700161837
2025-12-07 03:00:00,2,8.785833333333333,80.43833333333333,35.841023201398755,20.92526851851852,15.869560263245674
2025-12-07 04:00:00,2,8.739166666666668,47.307500000000005,26.963313045840664,20.92526851851852,21.13723278149717
2025-12-07 05:00:00,2,14.9625,14.478333333333332,56.65731657013313,20.92526851851852,28.2062313151294
2025-12-07 06:00:00,2,36.7475,8.314166666666667,49.16751306974039,52.50267361111111,22.589939855358573
2025-12-07 07:00:00,2,2.006666666666667,2.7983333333333333,3.6885813168126305,-12.62772687609075,-9.155006121865569
2025-12-07 08:00:00,2,-13.3375,-9.401666666666667,-29.159601151030884,-18.042531746031738,-24.3779721345297
2025-12-07 09:00:00,2,-27.953333333333333,-19.20583333333333,-60.72425282172317,-18.042531746031738,-31.938451235392634
2025-12-07 10:00:00,2,-39.335,-19.6775,-69.59799912880946,-67.9954656862745,-41.06705765492421
2025-12-07 11:00:00,2,-51.13833333333333,-25.949166666666667,-69.35278153789513,-67.9954656862745,-41.154374975603446
2025-12-07 12:00:00,2,-56.520833333333336,-21.959166666666665,-65.1453333922207,-19.54458005249344,-38.79209956384952
2025-12-07 13:00:00,2,-54.28833333333333,-26.9225,-62.78778269920717,-19.54458005249344,-42.034319487878534
2025-12-07 14:00:00,2,-63.72416666666667,-26.0325,-58.84394145476857,-19.54458005249344,-41.406037956755384
2025-12-07 15:00:00,2,-65.7175,-15.148333333333332,-51.65050261641859,-19.54458005249344,-37.18425865574547
2025-12-07 16:00:00,2,-36.7475,-17.935,-32.21222929066677,-19.54458005249344,-24.302442030659435
2025-12-07 17:00:00,2,7.530833333333334,-7.983333333333333,3.6961605051588577,3.237462686567165,-7.3966817457965846
2025-12-07 18:00:00,2,37.95166666666666,-5.93,52.17225679939784,23.473224826388886,27.48924921276641
2025-12-07 19:00:00,2,85.06666666666666,20.585833333333337,94.66118849826361,113.29055482456141,65.9452176591985
2025-12-07 20:00:00,2,94.05583333333334,33.806666666666665,133.04441964632105,113.29055482456141,95.58444828607679
2025-12-07 21:00:00,2,86.32916666666667,12.326666666666666,152.09757482663073,113.29055482456141,106.08662864737755
2025-12-07 22:00:00,2,82.64083333333333,6.788333333333333,143.94436815553675,113.29055482456141,102.92924736343436
2025-12-07 23:00:00,2,81.00583333333334,2.595,124.79088912031861,122.799802631579,94.63923768295389
2025-12-08 00:00:00,2,80.13166666666667,-3.6625,103.89497372179034,122.799802631579,88.14062378686567
2025-12-08 01:00:00,2,81.58416666666666,-3.7000000000000006,87.5963626708919,84.33577564102562,86.37289023790873
2025-12-08 02:00:00,2,84.17583333333333,-4.954166666666667,51.04346862005374,67.64316939890712,65.8003846441925
2025-12-08 03:00:00,2,69.29166666666667,-4.253333333333334,22.330983276557355,20.92526851851852,52.98309959810414
2025-12-08 04:00:00,2,18.24416666666667,-3.755,-0.2516013532922017,20.92526851851852,39.574762200071106
2025-12-08 05:00:00,2,14.805833333333334,-3.7000000000000006,-0.8524000339769771,20.92526851851852,33.1067603285918
2025-12-08 06:00:00,2,16.655833333333334,3.380833333333333,15.28990863179348,4.678064516129031,21.581045825296286
2025-12-08 07:00:00,2,5.334166666666667,-0.3541666666666667,-0.24988296223843065,23.176474820143895,5.687587085261242
2025-12-08 08:00:00,2,-0.6691666666666668,-6.1000000000000005,-23.162783230923893,-12.62772687609075,-8.564749563734509
2025-12-08 09:00:00,2,-13.410833333333334,-14.11,-53.93316132230866,-31.25917852906287,-18.317282013606402
2025-12-08 10:00:00,2,-12.873333333333331,-15.409999999999998,-75.20977819403767,-31.25917852906287,-24.703893514643212
2025-12-08 11:00:00,2,-12.829999999999998,-14.835833333333332,-74.16238158259377,-31.25917852906287,-25.656578280847285
2025-12-08 12:00:00,2,-17.588333333333335,-11.426666666666668,-64.87607068416632,-31.25917852906287,-14.49078189134012
2025-12-08 13:00:00,2,-21.26083333333333,-13.870833333333332,-70.04312044640712,-31.25917852906287,-25.59248685767112
2025-12-08 14:00:00,2,-14.9625,-9.143333333333333,-34.83485149779045,6.963557504873301,-6.827970630374651
2025-12-08 15:00:00,2,-14.433333333333332,-24.379166666666663,-23.131183168074074,6.963557504873301,-1.3699904550469029
2025-12-08 16:00:00,2,-13.251666666666663,-18.035,-10.627233352184092,6.963557504873301,3.230965728474075
2025-12-08 17:00:00,2,-9.409166666666666,-15.809166666666668,43.62709964046094,36.800435393258404,36.67202184973363
2025-12-08 18:00:00,2,-5.433333333333334,-8.709999999999999,84.66925334657543,78.45560833333337,73.14057971907818
2025-12-08 19:00:00,2,61.77333333333333,21.854166666666668,109.2535218924148,105.87496052631572,102.68674208771918
2025-12-08 20:00:00,2,91.86,88.98166666666667,104.46707423676159,134.87735449735453,120.87476348410765
2025-12-08 21:00:00,2,82.06333333333333,93.82583333333334,76.81831414705248,134.87735449735453,114.785595422661
2025-12-08 22:00:00,2,71.80416666666666,99.24166666666667,53.12642838666894,113.29055482456141,104.24952315034996
2025-12-08 23:00:00,2,57.844166666666666,87.91416666666667,36.364610908504304,113.29055482456141,100.69761629025737
2025-12-09 00:00:00,2,79.86749999999999,96.07083333333333,50.80747784432197,113.29055482456141,114.7870381117709
2025-12-09 01:00:00,2,81.3275,85.05166666666666,73.20544492233712,94.51878144654088,99.0449104636315
2025-12-09 02:00:00,2,83.92916666666666,84.21916666666667,61.2898162056248,94.51878144654088,95.85894620633943
2025-12-09 03:00:00,2,84.7475,81.80666666666667,43.684342398331175,94.51878144654088,95.2810056095473
2025-12-09 04:00:00,2,86.27916666666665,71.48583333333333,44.80404676213685,94.51878144654088,97.93038293240822
2025-12-09 05:00:00,2,96.13,99.99666666666668,49.714947502459495,106.60010135135128,103.06719597209582
2025-12-09 06:00:00,2,87.75666666666666,127.63416666666669,59.00980807462683,113.29055482456141,87.12677126512585
2025-12-09 07:00:00,2,22.804166666666664,110.33,48.31415832486317,78.45560833333337,44.70129787302652
2025-12-09 08:00:00,2,9.039166666666668,45.556666666666665,30.066814972011187,36.800435393258404,18.464871890607306
2025-12-09 09:00:00,2,4.041666666666667,-0.3858333333333334,9.413848019142023,36.800435393258404,16.176269381270714
2025-12-09 10:00:00,2,-0.5833333333333334,-2.4683333333333333,-20.446476629908148,6.963557504873301,2.2048886193188224
2025-12-09 11:00:00,2,-6.621666666666666,-8.556666666666667,-52.67987518675572,-18.042531746031738,4.353660954929069
2025-12-09 12:00:00,2,-9.4325,-9.13,-77.68057834539898,-18.042531746031738,-33.50203346562813
2025-12-09 13:00:00,2,-8.5675,-9.020833333333334,-80.4934388030671,-18.042531746031738,-40.804261743296095
2025-12-09 14:00:00,2,-8.2075,-9.07,-83.35437713831531,-31.25917852906287,-39.00491043588352
2025-12-09 15:00:00,2,-6.906666666666666,-9.429166666666667,-86.54593997976635,-31.25917852906287,-34.616768729131394
2025-12-09 16:00:00,2,-3.791666666666666,-14.784166666666666,-47.0177050073642,-31.25917852906287,-23.60923082671657
2025-12-09 17:00:00,2,1.8675,2.200833333333333,-2.882637220932267,4.678064516129031,-1.839634662321032
2025-12-09 18:00:00,2,8.363333333333333,22.58833333333333,37.7690807201969,23.176474820143895,26.339267116151014
2025-12-09 19:00:00,2,72.48333333333333,113.0525,94.49086325190788,50.752702702702685,63.845674904126504
2025-12-09 20:00:00,2,96.33833333333332,131.61083333333332,107.90046588987805,58.41962678936605,83.29720457513253
2025-12-09 21:00:00,2,83.10833333333333,127.44333333333331,99.78972776764218,58.41962678936605,78.79209736863866
2025-12-09 22:00:00,2,87.35666666666667,125.93583333333332,85.05662742424161,85.26970394736847,78.74070616607442
2025-12-09 23:00:00,2,87.09583333333335,114.63083333333331,78.65799095555413,85.26970394736847,86.16017601756306
2025-12-10 00:00:00,2,85.0825,126.0725,84.50549088330587,113.29055482456141,98.05822025132834
2025-12-10 01:00:00,2,81.41333333333334,119.77083333333331,97.0895744682217,106.60010135135128,88.71408609958867
2025-12-10 02:00:00,2,81.04166666666667,107.98416666666668,71.37454991363107,122.799802631579,83.43857810420424
2025-12-10 03:00:00,2,78.86916666666666,83.50583333333334,41.913286993677524,122.799802631579,83.43080697790947
2025-12-10 04:00:00,2,76.59416666666667,77.5475,46.05900470943665,122.799802631579,94.96466562704128
2025-12-10 05:00:00,2,80.03083333333333,70.53416666666668,55.94260524492613,122.799802631579,108.8589007773579
2025-12-10 06:00:00,2,97.975,27.714166666666667,70.99671568142709,113.29055482456141,101.39990008846362
2025-12-10 07:00:00,2,89.73,-7.163333333333334,73.65277325412904,58.219976635514016,53.781939169088545
2025-12-10 08:00:00,2,91.6325,-10.220833333333331,50.717642888667584,78.45560833333337,21.088358124736978
2025-12-10 09:00:00,2,115.51166666666668,-19.96,35.57827220516982,23.176474820143895,24.786692228705633
2025-12-10 10:00:00,2,72.94333333333333,-29.930833333333336,23.802692016815534,36.800435393258404,17.926436012215397
2025-12-10 11:00:00,2,40.861666666666665,-30.08833333333333,8.280559784535342,6.963557504873301,18.06306920614105
2025-12-10 12:00:00,2,37.09666666666666,-28.69,-5.33700013920614,6.963557504873301,12.952643690115337
2025-12-10 13:00:00,2,31.0375,-27.64916666666667,-24.611056741460033,-18.042531746031738,21.737310911708065
2025-12-10 14:00:00,2,32.01333333333333,-37.90333333333333,-11.73650761033258,6.963557504873301,17.413310895227312
2025-12-10 15:00:00,2,30.65333333333333,-25.125,-27.550353266500906,6.963557504873301,-0.3398428410047529
2025-12-10 16:00:00,2,44.805,-13.521666666666668,-16.33565512516438,6.963557504873301,1.851252667235343
2025-12-10 17:00:00,2,22.59083333333333,-6.947500000000001,4.601414161529689,4.678064516129031,5.5062168697127305
2025-12-10 18:00:00,2,34.1,40.52166666666667,22.657585863337324,23.176474820143895,11.338157172304221
2025-12-10 19:00:00,2,5.453333333333333,96.6175,37.273404151606364,23.176474820143895,33.29937565825627
2025-12-10 20:00:00,2,20.696666666666665,124.90500000000002,55.61831126195251,50.752702702702685,65.93521476209875
2025-12-10 21:00:00,2,38.2975,137.54166666666666,50.805285370743206,50.752702702702685,68.24887008157187
2025-12-10 22:00:00,2,23.117500000000003,147.79083333333332,34.84004460086459,85.26970394736847,63.25686420930005
2025-12-10 23:00:00,2,13.527500000000002,124.91,20.084434296707826,67.64316939890712,60.442727502894414
2025-12-11 00:00:00,2,35.42333333333333,112.8375,19.047704617252855,67.64316939890712,63.32537163236121
2025-12-11 01:00:00,2,45.54333333333333,19.63083333333333,38.87906385100081,67.64316939890712,46.37913282088608
2025-12-11 02:00:00,2,13.634166666666664,-2.466666666666667,33.73072284603684,67.64316939890712,50.950110651132945
2025-12-11 03:00:00,2,9.2625,-5.811666666666667,20.559854076006495,52.50267361111111,52.80473578370186
2025-12-11 04:00:00,2,7.94,-9.044166666666667,22.490331696814536,52.50267361111111,49.094742258902926
2025-12-11 05:00:00,2,9.2625,-6.929166666666667,22.706534699865365,67.64316939890712,51.648841925069476
2025-12-11 06:00:00,2,11.1125,-6.121666666666667,41.17067481983808,23.176474820143895,47.15363251688184
2025-12-11 07:00:00,2,7.744166666666666,-9.5425,25.236702199610903,23.176474820143895,12.660471462513328
2025-12-11 08:00:00,2,-1.1458333333333337,-8.94,8.603288287157739,6.963557504873301,-2.955336575632259
2025-12-11 09:00:00,2,-12.321666666666667,-11.38,-26.69204469736802,6.963557504873301,-19.726449340574746
2025-12-11 10:00:00,2,-18.7275,-12.409999999999998,-67.25525023683066,-31.25917852906287,-34.75188584003622
2025-12-11 11:00:00,2,-18.98,-13.2675,-90.11272564757995,-31.25917852906287,-47.460632097099364
2025-12-11 12:00:00,2,-22.925833333333333,-13.19,-102.27297817145326,-67.9954656862745,-52.05192671257598
2025-12-11 13:00:00,2,-33.236666666666665,-11.58,-105.67102769343573,-67.9954656862745,-58.57844836464895
2025-12-11 14:00:00,2,-23.29,-7.565833333333334,-104.50809707726701,-67.9954656862745,-57.55042180756024
2025-12-11 15:00:00,2,-28.49,-6.083333333333333,-98.24237182080701,-31.25917852906287,-58.89951082349569
2025-12-11 16:00:00,2,-24.227500000000003,7.154166666666666,-72.65688108117983,-31.25917852906287,-47.474606051773065
2025-12-11 17:00:00,2,-12.234166666666669,8.854999999999999,-27.031088043662876,-12.62772687609075,-21.41085669000357
2025-12-11 18:00:00,2,0.3358333333333334,51.5525,25.692049634797485,23.176474820143895,12.005058040174703
2025-12-11 19:00:00,2,79.13833333333334,120.56166666666668,100.79426797049739,58.41962678936605,52.18211070868841
2025-12-11 20:00:00,2,84.59583333333333,129.31166666666667,124.18237122127624,118.82219494047614,86.46267536550945
2025-12-11 21:00:00,2,105.70333333333332,124.64083333333332,125.85247823619974,113.29055482456141,98.03691432392513
2025-12-11 22:00:00,2,104.73583333333332,113.81083333333332,118.8322115017092,113.29055482456141,100.75727296722387
2025-12-11 23:00:00,2,82.67416666666666,107.33083333333332,126.46859141672304,94.51878144654088,106.48433397149248
2025-12-12 00:00:00,2,87.15166666666666,132.2575,151.7701857863994,94.51878144654088,120.51224063125292
2025-12-12 01:00:00,2,81.92666666666666,136.97166666666666,159.76849999469286,122.799802631579,101.82436750642955
2025-12-12 02:00:00,2,86.70416666666667,131.03333333333333,129.78178304041575,122.799802631579,97.06612189938168
2025-12-12 03:00:00,2,50.23666666666667,145.30583333333334,100.75085024712958,122.799802631579,85.02930741141506
2025-12-12 04:00:00,2,13.198333333333332,139.8658333333333,69.64820978026849,52.50267361111111,59.86660827730617
2025-12-12 05:00:00,2,10.798333333333332,126.85,70.83636517437057,67.64316939890712,44.984268688786415
2025-12-12 06:00:00,2,16.309166666666666,79.94166666666666,42.44985983899968,58.41962678936605,23.907103459811864
2025-12-12 07:00:00,2,7.170833333333333,44.649166666666666,4.282512487458561,23.176474820143895,3.1940066827935
2025-12-12 08:00:00,2,2.7541666666666664,44.37833333333333,-11.3031475027732,36.800435393258404,-10.03834254637394
2025-12-12 09:00:00,2,-1.519166666666667,18.614166666666662,-57.77441401511159,-12.62772687609075,-18.75429793549769
2025-12-12 10:00:00,2,-8.641666666666667,-0.6125000000000003,-68.13698312630821,-31.25917852906287,-28.159745853300407
2025-12-12 11:00:00,2,-5.480833333333333,-4.516666666666667,-60.84580342893956,-31.25917852906287,-36.82995793839456
2025-12-12 12:00:00,2,2.864166666666667,2.73,-41.065604186248265,-18.042531746031738,-42.16002222606271
2025-12-12 13:00:00,2,3.2916666666666665,6.194999999999999,-12.77733020601579,6.963557504873301,-33.9789150516369
2025-12-12 14:00:00,2,23.86583333333333,-1.741666666666667,22.62300944511641,23.473224826388886,-16.187912015784548
2025-12-12 15:00:00,2,53.93,8.237499999999999,61.59645393001655,58.219976635514016,9.207746190309564
2025-12-12 16:00:00,2,110.98166666666668,28.63333333333333,117.15450908959679,105.87496052631572,45.84548733110578
2025-12-12 17:00:00,2,131.29083333333332,94.89166666666668,176.532119213955,165.09338154269975,85.84595772455614
2025-12-12 18:00:00,2,115.6375,109.57,219.75563978924254,165.09338154269975,111.00874040372739
2025-12-12 19:00:00,2,133.98666666666665,140.58166666666668,208.56791535979988,258.4666291291291,132.55141512425212
2025-12-12 20:00:00,2,127.02916666666664,108.6225,219.1970727772998,141.9899908424908,152.53814520205322
2025-12-12 21:00:00,2,113.97,96.92416666666666,200.65168950533985,141.9899908424908,142.06363153129107
2025-12-12 22:00:00,2,118.43,115.98333333333332,153.47763010006616,134.87735449735453,121.11113307674589
2025-12-12 23:00:00,2,127.66666666666669,140.70833333333334,112.0695861496402,113.29055482456141,101.27781490864302
2025-12-13 00:00:00,2,116.8325,153.14583333333334,82.65034793957183,85.26970394736847,89.2729157746089
2025-12-13 01:00:00,2,94.70666666666666,91.44333333333331,55.364679487236245,23.176474820143895,61.00889271792117
2025-12-13 02:00:00,2,74.7175,80.0,-11.856560331162683,5.098015873015872,31.90717219342072
2025-12-13 03:00:00,2,76.07833333333333,75.55583333333333,-58.33246720401989,-7.507040816326531,24.621441051783847
2025-12-13 04:00:00,2,80.34333333333333,57.32916666666667,-73.39515433145853,-7.507040816326531,22.93458197069817
2025-12-13 05:00:00,2,84.91416666666667,68.55833333333334,-88.97767895703099,-7.507040816326531,21.883993752351323
2025-12-13 06:00:00,2,88.60916666666667,49.61833333333333,-44.20823239085553,4.678064516129031,19.343114277105563
2025-12-13 07:00:00,2,137.30083333333334,-3.6033333333333335,17.452913025004577,36.800435393258404,21.61748976027289
2025-12-13 08:00:00,2,69.29916666666666,92.0325,-0.6104809408075056,36.800435393258404,-1.7293556354663195
2025-12-13 09:00:00,2,79.655,34.718333333333334,13.60915336817449,36.800435393258404,-2.1728651551174636
2025-12-13 10:00:00,2,27.27333333333333,-3.6458333333333335,1.7796955544489066,6.963557504873301,-0.9334390915620929
2025-12-13 11:00:00,2,20.136666666666667,-8.694166666666666,-17.676262597614866,3.237462686567165,-8.376299828390643
2025-12-13 12:00:00,2,4.255833333333333,-4.235,-49.8939512366335,-18.042531746031738,-1.2692280995358232
2025-12-13 13:00:00,2,2.36,-3.660833333333333,-73.98533618538976,-18.042531746031738,-33.187397316645544
2025-12-13 14:00:00,2,23.189166666666665,-4.748333333333334,-30.426419289969857,3.237462686567165,-22.693908681902528
2025-12-13 15:00:00,2,39.98,2.5125,20.73174873472196,23.473224826388886,-4.470869856837368
2025-12-13 16:00:00,2,96.75833333333333,3.335833333333333,67.43328566871166,36.800435393258404,29.26671733120135
2025-12-13 17:00:00,2,11.728333333333332,10.095833333333331,69.23343020465141,23.473224826388886,37.97616837226536
2025-12-13 18:00:00,2,-4.155833333333334,-0.0733333333333334,64.11661248549277,58.219976635514016,48.932838435335256
2025-12-13 19:00:00,2,68.69,-3.889166666666666,82.00937258330896,23.176474820143895,65.12662621780466
2025-12-13 20:00:00,2,84.9175,4.265,93.54237674781038,113.29055482456141,85.7192280248152
2025-12-13 21:00:00,2,78.9675,6.09,113.94869424889572,113.29055482456141,100.37480344820814
2025-12-13 22:00:00,2,78.98333333333333,8.730833333333333,113.00130896849514,94.51878144654088,100.75280122692295
2025-12-13 23:00:00,2,75.31916666666667,10.976666666666668,112.77489936106913,94.51878144654088,99.86341035753313
2025-12-14 00:00:00,2,74.75333333333333,16.1675,123.54613221320807,94.51878144654088,101.48674683177323
2025-12-14 01:00:00,2,68.29916666666666,11.676666666666668,108.33322448786296,94.51878144654088,88.13170638776808
2025-12-14 02:00:00,2,61.77583333333333,10.5775,65.67847589543084,81.06817708333335,70.98421413050713
2025-12-14 03:00:00,2,4.875833333333333,8.785833333333333,27.940850227182416,52.50267361111111,51.87141169658703
2025-12-14 04:00:00,2,9.576666666666666,8.739166666666668,-3.1742137233934073,52.50267361111111,42.5858515541295
2025-12-14 05:00:00,2,9.321666666666664,14.9625,-27.11864104396942,20.92526851851852,35.4909091110199
2025-12-14 06:00:00,2,8.948333333333332,36.7475,-30.042954953949433,52.50267361111111,20.828920106624558
2025-12-14 07:00:00,2,-3.635,2.006666666666667,-29.826573136361603,-18.042531746031738,-5.2367664292834775
2025-12-14 08:00:00,2,-9.174166666666666,-13.3375,-91.60755163450942,-31.25917852906287,-24.983834063359353
2025-12-14 09:00:00,2,-11.045833333333334,-27.953333333333333,-123.3013835251269,-31.25917852906287,-23.286550633296102
2025-12-14 10:00:00,2,-32.733333333333334,-39.335,-137.94930777527475,-31.25917852906287,-0.3936855536247208
2025-12-14 11:00:00,2,-39.71416666666666,-51.13833333333333,-169.8347328764737,-31.25917852906287,-3.485395244862886
2025-12-14 12:00:00,2,-51.245,-56.520833333333336,-174.31551326726736,-67.9954656862745,-28.777300256542546
2025-12-14 13:00:00,2,-52.94583333333333,-54.28833333333333,-162.55421746113268,-31.25917852906287,-1.8236969986231912
2025-12-14 14:00:00,2,-62.20416666666667,-63.72416666666667,-164.3399541607953,-67.9954656862745,-3.457121360552449
2025-12-14 15:00:00,2,-80.71249999999999,-65.7175,-152.50427883082438,-67.9954656862745,-20.665651433729977
2025-12-14 16:00:00,2,-70.77583333333334,-36.7475,-137.25582424075037,-31.25917852906287,-33.643325503802316
2025-12-14 17:00:00,2,-42.285,7.530833333333334,-96.8242991979319,-31.25917852906287,-38.29374702346193
2025-12-14 18:00:00,2,-23.569166666666664,37.95166666666666,-58.18093327133995,-14.116043478260869,-26.997855260062636
2025-12-14 19:00:00,2,-5.545000000000001,85.06666666666666,-29.051101091281353,-14.116043478260869,-10.913558196224344
2025-12-14 20:00:00,2,22.964166666666667,94.05583333333334,10.873760390728165,20.92526851851852,17.406706787054468
2025-12-14 21:00:00,2,47.6325,86.32916666666667,10.72470617386658,23.176474820143895,27.443756476446765
2025-12-14 22:00:00,2,57.12916666666666,82.64083333333333,1.3175617356257732,20.92526851851852,29.41942404628601
2025-12-14 23:00:00,2,66.06,81.00583333333334,-13.330283935810243,20.92526851851852,28.17786703774278
2025-12-15 00:00:00,2,72.28750000000001,80.13166666666667,-18.9924357110185,20.92526851851852,30.619056852688217
2025-12-15 01:00:00,2,70.83333333333333,81.58416666666666,-5.046098265976042,20.92526851851852,28.279616465493376
2025-12-15 02:00:00,2,55.76333333333333,84.17583333333333,-16.897387294757735,20.92526851851852,26.996646163293093
2025-12-15 03:00:00,2,32.50083333333333,69.29166666666667,-32.00345097309372,20.92526851851852,22.674845669946748
2025-12-15 04:00:00,2,27.324166666666667,18.24416666666667,-27.87911017453716,20.92526851851852,34.31819530495334
2025-12-15 05:00:00,2,32.23166666666667,14.805833333333334,-17.072714168100106,20.92526851851852,45.29561192226881
2025-12-15 06:00:00,2,47.5225,16.655833333333334,5.159980987807799,67.64316939890712,48.233677197629305
2025-12-15 07:00:00,2,6.1675,5.334166666666667,0.32803686834976986,4.362150959860385,18.5439784945045
2025-12-15 08:00:00,2,1.544166666666667,-0.6691666666666668,-11.456519451391657,4.678064516129031,-0.48031582040920284
2025-12-15 09:00:00,2,-6.8825,-13.410833333333334,-31.47692374686568,-12.62772687609075,-4.390585274145323
2025-12-15 10:00:00,2,-8.08,-12.873333333333331,-51.33926171897899,-12.62772687609075,-5.189484601800231
2025-12-15 11:00:00,2,-11.840833333333334,-12.829999999999998,-62.950165556587066,-12.62772687609075,4.04300476522819
2025-12-15 12:00:00,2,-20.3575,-17.588333333333335,-76.19897664059899,-31.25917852906287,-3.62473885628809
2025-12-15 13:00:00,2,-31.0625,-21.26083333333333,-94.17654366882066,-31.25917852906287,-6.121888882764537
2025-12-15 14:00:00,2,-35.475833333333334,-14.9625,-100.4515431207107,-31.25917852906287,-16.980336082008378
2025-12-15 15:00:00,2,-47.836666666666666,-14.433333333333332,-104.89227874072746,-31.25917852906287,-30.584455235602803
2025-12-15 16:00:00,2,-17.775833333333335,-13.251666666666663,-81.92172800082615,-31.25917852906287,-20.608507300177948
2025-12-15 17:00:00,2,-8.5975,-9.409166666666666,-57.3440407158631,-14.116043478260869,-20.28183048363485
2025-12-15 18:00:00,2,-7.066666666666666,-5.433333333333334,-23.51767557212122,-14.116043478260869,-4.724311876051104
2025-12-15 19:00:00,2,22.99083333333333,61.77333333333333,14.034848120799097,4.362150959860385,23.300575604576267
2025-12-15 20:00:00,2,74.25583333333334,91.86,56.89962252628027,4.362150959860385,49.77107920569867
2025-12-15 21:00:00,2,77.845,82.06333333333333,67.24840277318599,50.752702702702685,63.967567873181295
2025-12-15 22:00:00,2,72.08083333333333,71.80416666666666,52.97051045181235,23.176474820143895,61.205475445578315
2025-12-15 23:00:00,2,57.12916666666666,57.844166666666666,32.99222929691535,20.92526851851852,59.601612704215626
2025-12-16 00:00:00,2,59.13333333333333,79.86749999999999,33.383532782035104,23.176474820143895,64.6521116963968
2025-12-16 01:00:00,2,59.2275,81.3275,55.1689613482567,20.92526851851852,43.70271615342281
2025-12-16 02:00:00,2,62.32083333333333,83.92916666666666,47.16641789714948,67.64316939890712,49.005516789695875
2025-12-16 03:00:00,2,61.92,84.7475,46.582499521574206,84.33577564102562,60.2457442151687
2025-12-16 04:00:00,2,57.37916666666666,86.27916666666665,40.647813236282104,84.33577564102562,63.56213360330621
2025-12-16 05:00:00,2,64.19916666666667,96.13,63.864492127240915,84.33577564102562,78.50612566867368
2025-12-16 06:00:00,2,66.30666666666666,87.75666666666666,82.84245066229809,58.41962678936605,67.21909904287207
2025-12-16 07:00:00,2,18.609166666666667,22.804166666666664,83.05453386288882,58.41962678936605,45.03162742410111
2025-12-16 08:00:00,2,11.100833333333334,9.039166666666668,58.15235310326648,23.176474820143895,26.659009673523464
2025-12-16 09:00:00,2,12.033333333333331,4.041666666666667,13.943141522254919,36.800435393258404,12.155573758297152
2025-12-16 10:00:00,2,-2.3233333333333337,-0.5833333333333334,-22.85065946836299,6.963557504873301,-9.565577893428014
2025-12-16 11:00:00,2,-5.9125000000000005,-6.621666666666666,-56.675404550659195,-31.25917852906287,-29.74655274476106
2025-12-16 12:00:00,2,-13.455,-9.4325,-76.81534300494464,-31.25917852906287,-31.916112717169085
2025-12-16 13:00:00,2,-18.235,-8.5675,-82.79385068946435,-67.9954656862745,-37.70334710047116
2025-12-16 14:00:00,2,-10.82,-8.2075,-81.3568959754411,-67.9954656862745,-41.48234125890703
2025-12-16 15:00:00,2,-7.9941666666666675,-6.906666666666666,-75.29191668482868,-67.9954656862745,-40.10754535283682
2025-12-16 16:00:00,2,0.0933333333333332,-3.791666666666666,-55.166973449694424,-31.25917852906287,-28.572090894813385
2025-12-16 17:00:00,2,3.390833333333333,1.8675,-6.616115079024965,-12.62772687609075,-4.581200062293419
2025-12-16 18:00:00,2,16.778333333333332,8.363333333333333,32.99222430151286,23.176474820143895,21.25255809208673
2025-12-16 19:00:00,2,78.78666666666666,72.48333333333333,91.09726314491688,58.41962678936605,56.34928245471699
2025-12-16 20:00:00,2,87.76166666666666,96.33833333333332,109.47346946699466,58.41962678936605,86.8976569362417
2025-12-16 21:00:00,2,82.03,83.10833333333333,115.36970030722412,113.29055482456141,100.65182537651505
2025-12-16 22:00:00,2,80.14916666666666,87.35666666666667,106.55088483185529,113.29055482456141,101.48619501925144
2025-12-16 23:00:00,2,81.93333333333334,87.09583333333335,96.43190423973925,113.29055482456141,103.97843451886212
2025-12-17 00:00:00,2,83.30499999999999,85.0825,112.30459183437314,113.29055482456141,118.51517097292256
2025-12-17 01:00:00,2,79.86583333333333,81.41333333333334,142.15322056587814,122.799802631579,114.1629669124224
2025-12-17 02:00:00,2,81.54666666666667,81.04166666666667,133.3900011092451,122.799802631579,117.80067454445393
2025-12-17 03:00:00,2,75.38666666666667,78.86916666666666,120.26168000323327,122.799802631579,121.12680130421774
2025-12-17 04:00:00,2,77.77416666666666,76.59416666666667,115.75231933953145,122.799802631579,123.70564139756519
2025-12-17 05:00:00,2,93.89833333333333,80.03083333333333,111.52686985000443,122.799802631579,128.65627895681368
2025-12-17 06:00:00,2,112.75666666666666,97.975,94.66036266191063,113.29055482456141,107.77718352711938
2025-12-17 07:00:00,2,49.7625,89.73,74.17228974157263,78.45560833333337,58.49735029728254
2025-12-17 08:00:00,2,40.380833333333335,91.6325,45.66991844616431,36.800435393258404,5.6938184804223795
2025-12-17 09:00:00,2,13.453333333333331,115.51166666666668,-2.9055669666154103,23.473224826388886,-18.128556712379705
2025-12-17 10:00:00,2,7.6116666666666655,72.94333333333333,-27.754908496855094,3.237462686567165,-27.70735476871893
2025-12-17 11:00:00,2,8.095833333333333,40.861666666666665,-22.5048866407478,3.237462686567165,-25.940508516071404
2025-12-17 12:00:00,2,10.205833333333333,37.09666666666666,-10.508050022566152,3.237462686567165,-20.493000869673153
2025-12-17 13:00:00,2,12.533333333333331,31.0375,13.148735821524525,3.237462686567165,-9.107484908413468
2025-12-17 14:00:00,2,26.1975,32.01333333333333,41.04914761762461,23.473224826388886,5.787244993682904
2025-12-17 15:00:00,2,41.81666666666666,30.65333333333333,63.90463485533648,36.800435393258404,15.677189063324121
2025-12-17 16:00:00,2,55.333333333333336,44.805,77.72641753722205,105.87496052631572,34.36057042322618
2025-12-17 17:00:00,2,99.39416666666666,22.59083333333333,97.14298298252862,93.00794289044288,65.73721364322653
2025-12-17 18:00:00,2,131.7825,34.1,121.23771593873747,93.00794289044288,88.51578335104398
2025-12-17 19:00:00,2,183.64166666666665,5.453333333333333,161.59028819175023,171.98664728682166,121.19519901557942
2025-12-17 20:00:00,2,215.3516666666667,20.696666666666665,182.70150182108517,141.9899908424908,147.95867347799438
2025-12-17 21:00:00,2,186.78416666666664,38.2975,182.0842797744413,141.9899908424908,147.58195705306647
2025-12-17 22:00:00,2,144.56333333333333,23.117500000000003,163.48746789448333,134.87735449735453,134.99726305610153
2025-12-17 23:00:00,2,155.5075,13.527500000000002,137.72638746993758,113.29055482456141,125.97903104798498
2025-12-18 00:00:00,2,157.31666666666666,35.42333333333333,137.71465868221907,113.29055482456141,131.49795569458587
2025-12-18 01:00:00,2,143.98166666666663,45.54333333333333,124.04311650470495,113.29055482456141,118.84611195507458
2025-12-18 02:00:00,2,145.86666666666667,13.634166666666664,98.80196616045754,106.60010135135128,115.93467494567724
2025-12-18 03:00:00,2,126.5575,9.2625,89.58799709737278,106.60010135135128,113.39775217747749
2025-12-18 04:00:00,2,120.78833333333334,7.94,72.4132205029592,106.60010135135128,109.43086310075054
2025-12-18 05:00:00,2,127.95583333333332,9.2625,53.16890849313802,94.51878144654088,98.59148816484924
2025-12-18 06:00:00,2,112.0575,11.1125,40.74020134151056,113.29055482456141,66.71203139533227
2025-12-18 07:00:00,2,27.32333333333333,7.744166666666666,23.399288919922725,85.26970394736847,23.15530443322931
2025-12-18 08:00:00,2,16.913333333333334,-1.1458333333333337,21.170247919357664,58.219976635514016,6.734361133362029
2025-12-18 09:00:00,2,18.551666666666662,-12.321666666666667,5.415646171702335,36.800435393258404,0.6924138604960461
2025-12-18 10:00:00,2,5.13,-18.7275,-15.30646767034736,4.678064516129031,-1.5929366399471547
2025-12-18 11:00:00,2,-2.204166666666667,-18.98,-19.379597570660664,23.176474820143895,4.288663841006922
2025-12-18 12:00:00,2,5.101666666666667,-22.925833333333333,-6.800917311126696,30.302478741496603,12.416069643524366
2025-12-18 13:00:00,2,15.494166666666668,-33.236666666666665,14.892659839328445,30.302478741496603,22.884511546984257
2025-12-18 14:00:00,2,27.758333333333336,-23.29,31.11244560079082,30.302478741496603,24.337391909310604
2025-12-18 15:00:00,2,53.94333333333333,-28.49,41.1844385531624,30.302478741496603,32.43539031827697
2025-12-18 16:00:00,2,158.40916666666666,-24.227500000000003,80.10385028366927,45.58110339506175,52.7917618804916
2025-12-18 17:00:00,2,187.04916666666668,-12.234166666666669,141.65402385901214,147.5863707165109,88.89100034376544
2025-12-18 18:00:00,2,196.9658333333333,0.3358333333333334,217.77155945210382,195.3311384976526,137.83017499001957
2025-12-18 19:00:00,2,268.27833333333336,79.13833333333334,259.0379875397962,1191.4819916666672,164.73925438220243
2025-12-18 20:00:00,2,228.135,84.59583333333333,267.97278048749547,258.4666291291291,177.83227360346086
2025-12-18 21:00:00,2,197.1025,105.70333333333332,230.35866333475963,258.4666291291291,163.14459584999906
2025-12-18 22:00:00,2,179.20833333333334,104.73583333333332,190.98383115408072,141.9899908424908,146.5357152900608
2025-12-18 23:00:00,2,156.92916666666667,82.67416666666666,184.39223240940782,134.87735449735453,135.3538814622688
2025-12-19 00:00:00,2,157.1266666666667,87.15166666666666,151.97045788301386,134.87735449735453,128.7119875914875
2025-12-19 01:00:00,2,151.79,81.92666666666666,139.82970458711497,113.29055482456141,88.98807331841668
2025-12-19 02:00:00,2,117.71333333333332,86.70416666666667,109.5456173003131,113.29055482456141,75.65110608572125
2025-12-19 03:00:00,2,102.43416666666668,50.23666666666667,91.81537902355797,84.33577564102562,64.84298641930779
2025-12-19 04:00:00,2,85.57333333333334,13.198333333333332,76.18052691774851,67.64316939890712,59.8064550783393
2025-12-19 05:00:00,2,79.48166666666667,10.798333333333332,54.40870828654718,58.41962678936605,49.6967332104346
2025-12-19 06:00:00,2,74.88250000000001,16.309166666666666,24.985836340201885,50.752702702702685,38.83555081335346
2025-12-19 07:00:00,2,60.6875,7.170833333333333,36.66468262099131,50.752702702702685,34.196563249483155
2025-12-19 08:00:00,2,60.844166666666666,2.7541666666666664,67.55413495504288,50.752702702702685,36.51070799703796
2025-12-19 09:00:00,2,90.63083333333331,-1.519166666666667,97.41411744947962,105.87496052631572,49.88175520068274
2025-12-19 10:00:00,2,130.08333333333334,-8.641666666666667,127.83386416603139,165.09338154269975,64.61478128817505
2025-12-19 11:00:00,2,98.6825,-5.480833333333333,156.254451651676,165.09338154269975,81.73811842151015
2025-12-19 12:00:00,2,175.3733333333333,2.864166666666667,144.94796492110063,165.09338154269975,85.82823286247967
2025-12-19 13:00:00,2,108.65,3.2916666666666665,157.52313677772622,165.09338154269975,96.70923109325473
2025-12-19 14:00:00,2,114.395,23.86583333333333,164.30707000213374,165.09338154269975,96.15671843842654
2025-12-19 15:00:00,2,98.19666666666666,53.93,145.3404267006253,141.9899908424908,82.41827975005125
2025-12-19 16:00:00,2,102.98333333333332,110.98166666666668,146.64825331960228,147.5863707165109,72.00459500367437
2025-12-19 17:00:00,2,60.274166666666666,131.29083333333332,136.27604411835796,93.00794289044288,55.300082991384215
2025-12-19 18:00:00,2,93.23416666666668,115.6375,84.0860889876817,45.58110339506175,39.65638215412733
2025-12-19 19:00:00,2,123.53416666666668,133.98666666666665,77.24484079434374,45.58110339506175,63.20458285509601
2025-12-19 20:00:00,2,126.44416666666666,127.02916666666664,116.18916564186986,93.00794289044288,94.3923741768327
2025-12-19 21:00:00,2,117.15083333333332,113.97,114.31522888829369,141.9899908424908,100.14444814402927
2025-12-19 22:00:00,2,108.06916666666666,118.43,76.90646358715885,58.41962678936605,74.24059057948968
2025-12-19 23:00:00,2,112.70166666666668,127.66666666666669,93.29420379041487,85.26970394736847,84.56863550629133
2025-12-20 00:00:00,2,114.87,116.8325,136.58144387538405,113.29055482456141,106.9469126454263
2025-12-20 01:00:00,2,112.78083333333336,94.70666666666666,135.6425521945733,113.29055482456141,106.12547756911479
2025-12-20 02:00:00,2,113.52416666666666,74.7175,89.91370657061884,94.51878144654088,89.28248183779233
2025-12-20 03:00:00,2,98.05166666666666,76.07833333333333,75.9470960297049,94.51878144654088,84.47872251453646
2025-12-20 04:00:00,2,92.01,80.34333333333333,48.07536165785542,94.51878144654088,72.27990675791946
2025-12-20 05:00:00,2,98.4075,84.91416666666667,38.22839070769432,84.33577564102562,62.665648795989895
2025-12-20 06:00:00,2,108.0,88.60916666666667,28.378379277740436,84.33577564102562,52.76034424467001
2025-12-20 07:00:00,2,46.78333333333333,137.30083333333334,16.339022902952692,36.800435393258404,33.41581311021447
2025-12-20 08:00:00,2,50.60666666666666,69.29916666666666,73.32676071881313,36.800435393258404,28.709416425478075
2025-12-20 09:00:00,2,57.16,79.655,45.00432582630826,36.800435393258404,11.829490394218837
2025-12-20 10:00:00,2,36.91916666666667,27.27333333333333,36.10931763519741,36.800435393258404,13.232045878332372
2025-12-20 11:00:00,2,10.004166666666668,20.136666666666667,24.677959007210973,6.963557504873301,5.058841411390176
2025-12-20 12:00:00,2,9.328333333333331,4.255833333333333,9.377776769698102,6.963557504873301,12.929788810013449
2025-12-20 13:00:00,2,1.9016666666666664,2.36,3.0707679068018763,6.963557504873301,-14.542588088534444
2025-12-20 14:00:00,2,19.864166666666662,23.189166666666665,-18.59554192362434,-18.042531746031738,-41.659294882377765
2025-12-20 15:00:00,2,-0.5150000000000001,39.98,-32.79796568145133,-18.042531746031738,-44.24167553606314
2025-12-20 16:00:00,2,-3.498333333333333,96.75833333333333,-32.03846505690133,-18.042531746031738,-35.50802708281795
2025-12-20 17:00:00,2,6.093333333333334,11.728333333333332,-8.880032613968694,-12.62772687609075,-14.194719832404019
2025-12-20 18:00:00,2,48.535,-4.155833333333334,21.4387073675758,4.678064516129031,15.453961838157397
2025-12-20 19:00:00,2,120.40749999999998,68.69,51.029106673381925,23.176474820143895,48.95304815176659
2025-12-20 20:00:00,2,129.20000000000002,84.9175,58.83898771580128,23.176474820143895,70.28341287142601
2025-12-20 21:00:00,2,117.4,78.9675,59.14180037747637,85.26970394736847,77.00628850146525
2025-12-20 22:00:00,2,110.83,78.98333333333333,45.555537222033934,113.29055482456141,71.64578956685314
2025-12-20 23:00:00,2,112.25833333333333,75.31916666666667,35.86315818784525,84.33577564102562,72.15580900321422
2025-12-21 00:00:00,2,135.03333333333333,74.75333333333333,47.17777215026728,113.29055482456141,84.77599405667455
2025-12-21 01:00:00,2,133.20833333333334,68.29916666666666,74.13551301660651,94.51878144654088,80.96315830023802
2025-12-21 02:00:00,2,112.81,61.77583333333333,68.11796230837797,94.51878144654088,82.68202855714965
2025-12-21 03:00:00,2,103.2125,4.875833333333333,62.38204505458383,81.06817708333335,84.41260725332654
2025-12-21 04:00:00,2,101.18416666666668,9.576666666666666,56.557957616377934,81.06817708333335,83.50846039717467
2025-12-21 05:00:00,2,86.0,9.321666666666664,50.859873487856916,81.06817708333335,81.1240057854713
2025-12-21 06:00:00,2,49.89666666666667,8.948333333333332,45.731335046799074,81.06817708333335,62.3011621191691
2025-12-21 07:00:00,2,18.86083333333333,-3.635,29.443564355679875,23.473224826388886,26.57630886746955
2025-12-21 08:00:00,2,9.861666666666666,-9.174166666666666,36.29880583993334,23.473224826388886,10.07193500840475
2025-12-21 09:00:00,2,11.485833333333332,-11.045833333333334,7.938995006452416,23.473224826388886,-7.611589183477335
2025-12-21 10:00:00,2,13.175,-32.733333333333334,-14.423840503386018,6.963557504873301,0.2020430682374439
2025-12-21 11:00:00,2,23.0675,-39.71416666666666,10.775081841707987,36.800435393258404,14.537398024851996
2025-12-21 12:00:00,2,15.663333333333334,-51.245,70.97268046662133,36.800435393258404,34.540528100650434
2025-12-21 13:00:00,2,15.87,-52.94583333333333,58.95404759543868,58.219976635514016,28.35148842689607
2025-12-21 14:00:00,2,74.205,-62.20416666666667,28.695435123892153,36.800435393258404,23.062277989935374
2025-12-21 15:00:00,2,22.82916666666667,-80.71249999999999,8.426775047966146,23.176474820143895,18.45338215344885
2025-12-21 16:00:00,2,20.106666666666666,-70.77583333333334,-33.90925310582358,30.302478741496603,-7.640052491560311
2025-12-21 17:00:00,2,1.2341666666666664,-42.285,59.47421094563127,78.45560833333337,47.58029732309907
2025-12-21 18:00:00,2,-0.2966666666666668,-23.569166666666664,68.1980811547057,23.176474820143895,54.86271279050452
2025-12-21 19:00:00,2,-0.4475,-5.545000000000001,48.89515516424796,23.176474820143895,34.92774701636261
2025-12-21 20:00:00,2,8.490833333333333,22.964166666666667,91.6999734575861,113.29055482456141,81.15398357087723
2025-12-21 21:00:00,2,11.325833333333334,47.6325,47.8539378837854,23.176474820143895,49.34046837351487
2025-12-21 22:00:00,2,11.036666666666669,57.12916666666666,11.977007602698919,20.92526851851852,28.986309323253394
2025-12-21 23:00:00,2,47.53583333333333,66.06,-3.60235946973701,20.92526851851852,25.852028631335784
2025-12-22 00:00:00,2,67.44,72.28750000000001,18.054188746921625,20.92526851851852,45.55268408680786
2025-12-22 01:00:00,2,66.9675,70.83333333333333,36.82618030991066,20.92526851851852,45.27672789342457
2025-12-22 02:00:00,2,69.08,55.76333333333333,25.51514322829926,20.92526851851852,46.47908679267487
2025-12-22 03:00:00,2,75.11,32.50083333333333,11.387164035451292,20.92526851851852,48.7586224071808
2025-12-22 04:00:00,2,81.36416666666666,27.324166666666667,-12.826440472806226,52.50267361111111,50.32955139458761
2025-12-22 05:00:00,2,49.43833333333333,32.23166666666667,-9.820816019415759,52.50267361111111,56.397138036455
2025-12-22 06:00:00,2,24.685,47.5225,2.7268197230632865,67.64316939890712,48.70682036093576
2025-12-22 07:00:00,2,-7.19,6.1675,-30.003711161641505,4.678064516129031,-3.8929334841680685
2025-12-22 08:00:00,2,-5.341666666666666,1.544166666666667,-30.384245937448043,4.678064516129031,-11.407406202121479
2025-12-22 09:00:00,2,-8.790000000000001,-6.8825,-22.70587390080692,-12.62772687609075,-3.853119698303061
2025-12-22 10:00:00,2,-6.254166666666666,-8.08,-27.870037666262334,6.963557504873301,9.402471911450093
2025-12-22 11:00:00,2,-35.0625,-11.840833333333334,-29.816082593972183,-18.042531746031738,21.592856537348744
2025-12-22 12:00:00,2,-7.261666666666667,-20.3575,-25.733509686264085,-18.042531746031738,22.59201038561455
2025-12-22 13:00:00,2,-11.346666666666666,-31.0625,-27.356620062685195,3.237462686567165,28.12599795150554
2025-12-22 14:00:00,2,-14.043333333333337,-35.475833333333334,-22.778716038440393,-19.54458005249344,31.882550725775033
2025-12-22 15:00:00,2,-13.004166666666668,-47.836666666666666,-29.933761533928703,-19.54458005249344,25.481602473339954
2025-12-22 16:00:00,2,-20.849166666666665,-17.775833333333335,-13.28642056177182,3.237462686567165,27.3714691929207
2025-12-22 17:00:00,2,-8.430833333333334,-8.5975,7.0850632258063655,6.963557504873301,34.67815064371492
2025-12-22 18:00:00,2,-4.2725,-7.066666666666666,31.14855584921706,6.963557504873301,43.9238207009864
2025-12-22 19:00:00,2,73.35083333333334,22.99083333333333,82.65220955027492,78.45560833333337,83.94376462920124
2025-12-22 20:00:00,2,96.78916666666667,74.25583333333334,118.95778555291119,113.29055482456141,119.6600329791675
2025-12-22 21:00:00,2,86.4525,77.845,124.210176016904,113.29055482456141,126.62195231311897
2025-12-22 22:00:00,2,71.83333333333333,72.08083333333333,114.56152854682777,113.29055482456141,122.49162540449592
2025-12-22 23:00:00,2,42.68666666666667,57.12916666666666,85.86988049467314,106.60010135135128,114.50342395367184
2025-12-23 00:00:00,2,22.57583333333333,59.13333333333333,71.50695793270552,106.60010135135128,110.40699075855849
2025-12-23 01:00:00,2,11.195833333333333,59.2275,70.13876455968797,106.60010135135128,79.73020285533003
2025-12-23 02:00:00,2,8.95,62.32083333333333,42.14854085979041,52.50267361111111,59.626168285871664
2025-12-23 03:00:00,2,8.086666666666666,61.92,14.153265207438466,52.50267361111111,39.78173249792426
2025-12-23 04:00:00,2,8.914166666666667,57.37916666666666,-5.015348334272858,20.92526851851852,25.205574535796323
2025-12-23 05:00:00,2,26.83083333333333,64.19916666666667,-2.5597379162214224,20.92526851851852,21.112139017216045
2025-12-23 06:00:00,2,20.71333333333333,66.30666666666666,-2.589159879394103,20.92526851851852,16.31084119115947
2025-12-23 07:00:00,2,-4.769166666666667,18.609166666666667,-25.958796739968832,-12.62772687609075,1.9502964096680557
2025-12-23 08:00:00,2,-15.115833333333333,11.100833333333334,-36.85051363301157,-12.62772687609075,-19.46631765171631
2025-12-23 09:00:00,2,-46.28833333333333,12.033333333333331,-62.09184505519745,-31.25917852906287,-27.5459161996486
2025-12-23 10:00:00,2,-58.07916666666667,-2.3233333333333337,-78.44134567819337,-31.25917852906287,-25.930854159771712
2025-12-23 11:00:00,2,-62.215,-5.9125000000000005,-88.44932407937777,-31.25917852906287,-34.48609391361366
2025-12-23 12:00:00,2,-55.95666666666667,-13.455,-88.44503666234117,-31.25917852906287,-32.60034863725882
2025-12-23 13:00:00,2,-65.39583333333333,-18.235,-96.30454715519862,-67.9954656862745,-38.932931339684984
2025-12-23 14:00:00,2,-100.05416666666667,-10.82,-99.05027562433027,-67.9954656862745,-49.562455626242894
2025-12-23 15:00:00,2,-98.45083333333334,-7.9941666666666675,-83.9033103374308,-67.9954656862745,-42.66978892343799
2025-12-23 16:00:00,2,-63.54333333333333,0.0933333333333332,-53.69422620917318,-18.042531746031738,-31.506692765428483
2025-12-23 17:00:00,2,-33.9325,3.390833333333333,-8.63153256824532,-18.042531746031738,-7.456333010614401
2025-12-23 18:00:00,2,-8.52,16.778333333333332,26.215750007615128,6.963557504873301,22.917891731707293
2025-12-23 19:00:00,2,27.416666666666668,78.78666666666666,65.64555045018245,36.800435393258404,55.8601266044897
2025-12-23 20:00:00,2,6.545000000000001,87.76166666666666,84.17334623702784,113.29055482456141,85.49082137694158
2025-12-23 21:00:00,2,7.183333333333334,82.03,84.80624945197879,113.29055482456141,96.91518969182707
2025-12-23 22:00:00,2,10.040833333333332,80.14916666666666,76.94270969390898,106.60010135135128,94.72160490496137
2025-12-23 23:00:00,2,10.040833333333332,81.93333333333334,46.62668626265685,84.33577564102562,80.62092367198936
2025-12-24 00:00:00,3,10.823333333333332,83.30499999999999,46.822034963346624,86.42718333333332,78.87202832885419
2025-12-24 01:00:00,3,10.364166666666668,79.86583333333333,66.34167059025157,52.91399122807016,64.2411387113307
2025-12-24 02:00:00,3,9.105,81.54666666666667,48.601144907782626,52.91399122807016,56.74624670398554
2025-12-24 03:00:00,3,8.394166666666667,75.38666666666667,39.839820612248566,52.91399122807016,56.51433939029814
2025-12-24 04:00:00,3,15.3575,77.77416666666666,34.762356965203324,52.91399122807016,57.44068934616173
2025-12-24 05:00:00,3,13.1475,93.89833333333333,38.524533180449545,52.91399122807016,61.17224489210853
2025-12-24 06:00:00,3,9.02,112.75666666666666,46.97755847947952,52.91399122807016,46.461133551759644
2025-12-24 07:00:00,3,-5.224166666666666,49.7625,46.01499420375176,6.82443562610229,8.338648343197562
2025-12-24 08:00:00,3,-5.450833333333333,40.380833333333335,21.68875914685554,-7.9610537634408605,-14.581506031573824
2025-12-24 09:00:00,3,-8.741666666666667,13.453333333333331,29.318330511157498,-7.9610537634408605,-8.701185084558574
2025-12-24 10:00:00,3,-18.39333333333333,7.6116666666666655,-1.8967248106848587,-7.9610537634408605,-11.476940962687763
2025-12-24 11:00:00,3,-27.075,8.095833333333333,-36.45363808318481,-33.13010553129551,-21.36149174853223
2025-12-24 12:00:00,3,-49.14666666666667,10.205833333333333,-61.7731832476815,-33.13010553129551,-34.72383197351043
2025-12-24 13:00:00,3,-46.65083333333333,12.533333333333331,-67.91029369905884,-33.13010553129551,-31.880146077565925
2025-12-24 14:00:00,3,-49.21833333333333,26.1975,-76.10019215771239,-33.13010553129551,-44.92631096933995
2025-12-24 15:00:00,3,-51.28,41.81666666666666,-73.66994726585558,-33.13010553129551,-47.418268666576054
2025-12-24 16:00:00,3,-59.318333333333335,55.333333333333336,-61.76678020116081,-33.13010553129551,-44.2524063346049
2025-12-24 17:00:00,3,-56.67166666666666,99.39416666666666,-52.28983685484614,-13.88507874015748,-40.283172432782294
2025-12-24 18:00:00,3,-38.42166666666667,131.7825,-27.058919049022848,-13.88507874015748,-26.680105917171915
2025-12-24 19:00:00,3,-12.641666666666666,183.64166666666665,-31.75150710141702,-13.88507874015748,-4.873183772546682
2025-12-24 20:00:00,3,-2.015,215.3516666666667,-20.64631295181819,-3.9461872759856633,11.280307702343208
2025-12-24 21:00:00,3,2.319166666666667,186.78416666666664,-9.138205036421695,13.20629687500001,18.67337309168115
2025-12-24 22:00:00,3,2.2558333333333334,144.56333333333333,-21.75721516016523,13.20629687500001,18.752943369326957
2025-12-24 23:00:00,3,-2.7000000000000006,155.5075,-35.968636304570836,13.20629687500001,19.402328941079077
2025-12-25 00:00:00,3,-0.8583333333333334,157.31666666666666,-25.017098139408105,20.61978070175439,28.273991547463098
2025-12-25 01:00:00,3,-2.654166666666667,143.98166666666663,-3.0355244711991816,20.61978070175439,-0.1900751832516221
2025-12-25 02:00:00,3,-3.6658333333333335,145.86666666666667,-32.028005692116025,20.61978070175439,-6.488945551022255
2025-12-25 03:00:00,3,-7.0625,126.5575,-53.27589546896549,13.20629687500001,-13.970701682309752
2025-12-25 04:00:00,3,-7.918333333333333,120.78833333333334,-66.05306293829356,-3.9461872759856633,-17.647471912048786
2025-12-25 05:00:00,3,-7.219166666666666,127.95583333333332,-67.56376828850064,-3.9461872759856633,-17.501041072476625
2025-12-25 06:00:00,3,-5.275833333333334,112.0575,-70.46221200002081,-3.9461872759856633,-24.282462890907482
2025-12-25 07:00:00,3,-18.184166666666663,27.32333333333333,-81.65754200462321,-13.88507874015748,-35.62651118748492
2025-12-25 08:00:00,3,-28.85333333333333,16.913333333333334,-80.59025999934288,-33.13010553129551,-38.7568548304957
2025-12-25 09:00:00,3,-56.4575,18.551666666666662,-101.0817193775908,-33.13010553129551,-29.687987201030907
2025-12-25 10:00:00,3,-65.8875,5.13,-124.66318263119315,-33.13010553129551,-31.1832854666996
2025-12-25 11:00:00,3,-87.12416666666667,-2.204166666666667,-138.39832795668354,-66.86065079365078,-31.65226135967282
2025-12-25 12:00:00,3,-102.8925,5.101666666666667,-154.3914847958511,-66.86065079365078,-30.277641192735615
2025-12-25 13:00:00,3,-175.11166666666668,15.494166666666668,-176.03407044962023,-66.86065079365078,-29.814763090293297
2025-12-25 14:00:00,3,-219.6266666666667,27.758333333333336,-187.10760853727584,-66.86065079365078,-36.75471569274245
2025-12-25 15:00:00,3,-236.75833333333333,53.94333333333333,-182.31276874171806,-66.86065079365078,-43.63986198586545
2025-12-25 16:00:00,3,-151.4,158.40916666666666,-172.98307315976984,-66.86065079365078,-46.325275596537
2025-12-25 17:00:00,3,-94.85083333333334,187.04916666666668,-142.8745523989453,-33.13010553129551,-54.20365066126428
2025-12-25 18:00:00,3,-58.3325,196.9658333333333,-105.43529863468167,-33.13010553129551,-43.70381183320653
2025-12-25 19:00:00,3,-19.354166666666668,268.27833333333336,-40.46162539445896,-13.88507874015748,-29.93001203182571
2025-12-25 20:00:00,3,-9.2525,228.135,-13.204427888900867,-3.9461872759856633,-8.275946007842123
2025-12-25 21:00:00,3,-6.84,197.1025,-0.5571515743269657,-3.9461872759856633,-1.2594898290269185
2025-12-25 22:00:00,3,-7.714166666666667,179.20833333333334,-6.188952623521359,13.20629687500001,0.5012099664595127
2025-12-25 23:00:00,3,-7.35,156.92916666666667,-21.036686589241782,13.20629687500001,4.262756002123439
2025-12-26 00:00:00,3,-6.705000000000001,157.1266666666667,-15.53121538387154,13.20629687500001,13.512543246807027
2025-12-26 01:00:00,3,-6.656666666666666,151.79,6.373583368208145,20.61978070175439,-9.208061988131902
2025-12-26 02:00:00,3,-7.410833333333334,117.71333333333332,-4.34836698776148,20.61978070175439,-12.114184198238576
2025-12-26 03:00:00,3,-6.573333333333333,102.43416666666668,-28.06755350538073,20.61978070175439,-10.950586604515507
2025-12-26 04:00:00,3,-7.458333333333333,85.57333333333334,-45.438691156073205,20.61978070175439,-6.993564306096033
2025-12-26 05:00:00,3,-6.939166666666666,79.48166666666667,-49.509094861732606,20.61978070175439,-8.220797337704681
2025-12-26 06:00:00,3,-7.345833333333334,74.88250000000001,-56.558171843781494,-3.9461872759856633,-18.697180249675682
2025-12-26 07:00:00,3,-23.52916666666667,60.6875,-67.13070256374245,-13.88507874015748,-32.28812409359264
2025-12-26 08:00:00,3,-34.505,60.844166666666666,-64.0880150626274,-33.13010553129551,-34.58264599965709
2025-12-26 09:00:00,3,-54.439166666666665,90.63083333333331,-74.94325190296554,-33.13010553129551,-30.496385077834844
2025-12-26 10:00:00,3,-60.10999999999999,130.08333333333334,-96.18743077535363,-33.13010553129551,-28.65829328691484
2025-12-26 11:00:00,3,-67.10000000000001,98.6825,-114.79358578441436,-33.13010553129551,-31.033201031491046
2025-12-26 12:00:00,3,-92.81,175.3733333333333,-120.01412115257183,-66.86065079365078,-34.99749745486238
2025-12-26 13:00:00,3,-125.41666666666669,108.65,-125.8807111376003,-66.86065079365078,-39.55402771363387
2025-12-26 14:00:00,3,-134.4775,114.395,-116.72359680526905,-66.86065079365078,-46.74116378923685
2025-12-26 15:00:00,3,-134.5641666666667,98.19666666666666,-103.75801233784982,-66.86065079365078,-48.173625577128206
2025-12-26 16:00:00,3,-84.47250000000001,102.98333333333332,-68.17198845604393,-66.86065079365078,-50.654850514681414
2025-12-26 17:00:00,3,-75.44666666666667,60.274166666666666,-30.29765061216787,-33.13010553129551,-47.03649266542756
2025-12-26 18:00:00,3,-36.445,93.23416666666668,6.978887880201327,-7.9610537634408605,-33.762202058159374
2025-12-26 19:00:00,3,-0.3500000000000001,123.53416666666668,40.2153782844325,-7.9610537634408605,-7.695180052584348
2025-12-26 20:00:00,3,5.9925,126.44416666666666,64.9982882512887,20.61978070175439,29.15113206715327
2025-12-26 21:00:00,3,8.886666666666667,117.15083333333332,62.383504961857966,59.57185833333334,37.85705182494095
2025-12-26 22:00:00,3,-0.2241666666666667,108.06916666666666,46.57368755512684,20.61978070175439,30.926782249587944
2025-12-26 23:00:00,3,-1.799166666666667,112.70166666666668,34.88872038760889,20.61978070175439,28.481946413320216
2025-12-27 00:00:00,3,0.5483333333333332,114.87,39.305473347837406,43.714586288416086,40.19643624905649
2025-12-27 01:00:00,3,-2.0575,112.78083333333336,51.88973966589886,43.714586288416086,43.163199863432354
2025-12-27 02:00:00,3,-1.5750000000000002,113.52416666666666,32.81194669040119,52.91399122807016,41.705688273148425
2025-12-27 03:00:00,3,1.0125,98.05166666666666,23.15433167908612,52.91399122807016,39.80098026185362
2025-12-27 04:00:00,3,3.325833333333333,92.01,21.066701676782777,52.91399122807016,41.38237087410818
2025-12-27 05:00:00,3,0.8883333333333333,98.4075,23.84589977153408,52.91399122807016,46.592035516504666
2025-12-27 06:00:00,3,4.210833333333333,108.0,25.761486618988158,52.91399122807016,37.07718085004804
2025-12-27 07:00:00,3,-14.991666666666667,46.78333333333333,40.36098914065573,-19.033130733944958,3.9385928799379144
2025-12-27 08:00:00,3,-26.50916666666667,50.60666666666666,17.004010733703574,3.51607545045045,-19.957980936119185
2025-12-27 09:00:00,3,-60.39000000000001,57.16,0.6095248316490114,-19.550345238095247,-33.102598192098355
2025-12-27 10:00:00,3,-88.94749999999999,36.91916666666667,-50.589605490738606,-19.550345238095247,-43.27242625172735
2025-12-27 11:00:00,3,-100.71,10.004166666666668,-79.8394702228252,-19.550345238095247,-53.52001642580353
2025-12-27 12:00:00,3,-123.81333333333332,9.328333333333331,-101.79264390454559,-66.86065079365078,-58.707460988178894
2025-12-27 13:00:00,3,-153.19333333333333,1.9016666666666664,-117.41318269593565,-66.86065079365078,-63.92322506841464
2025-12-27 14:00:00,3,-107.43,19.864166666666662,-119.4467976616081,-66.86065079365078,-67.45635030399654
2025-12-27 15:00:00,3,-128.8141666666667,-0.5150000000000001,-109.9112628765369,-66.86065079365078,-66.77357612623757
2025-12-27 16:00:00,3,-75.2275,-3.498333333333333,-71.28104226050779,-66.86065079365078,-57.9379127836184
2025-12-27 17:00:00,3,-32.248333333333335,6.093333333333334,-63.80503918395833,-19.033130733944958,-39.41278193499767
2025-12-27 18:00:00,3,-7.006666666666667,48.535,-26.255513406103944,-7.9610537634408605,-12.35292258725785
2025-12-27 19:00:00,3,25.65833333333333,120.40749999999998,35.811544154705075,6.82443562610229,23.06788529245852
2025-12-27 20:00:00,3,29.815,129.20000000000002,50.527619323821746,59.57185833333334,46.23359312607824
2025-12-27 21:00:00,3,28.8625,117.4,53.644267205614426,59.57185833333334,57.172311676582076
2025-12-27 22:00:00,3,29.299166666666668,110.83,51.69042511124793,86.42718333333332,62.37384236101869
2025-12-27 23:00:00,3,23.13416666666667,112.25833333333333,55.04598389485498,90.57388392857142,69.60080704592342
2025-12-28 00:00:00,3,28.5525,135.03333333333333,62.700875897857166,90.57388392857142,77.58943445258556
2025-12-28 01:00:00,3,27.62166666666667,133.20833333333334,84.79326863875224,90.57388392857142,72.11035809129517
2025-12-28 02:00:00,3,10.881666666666666,112.81,75.4984284071503,83.53103260869563,72.79227776838701
2025-12-28 03:00:00,3,8.95,103.2125,53.76733200918903,83.53103260869563,76.23021399617605
2025-12-28 04:00:00,3,11.854166666666666,101.18416666666668,56.925245430337014,83.53103260869563,76.4069892923465
2025-12-28 05:00:00,3,8.95,86.0,56.56406529303973,83.53103260869563,75.90713989653976
2025-12-28 06:00:00,3,2.630833333333333,49.89666666666667,56.62940546293087,83.53103260869563,60.45901388950767
2025-12-28 07:00:00,3,-10.273333333333332,18.86083333333333,51.51753078466388,3.51607545045045,24.526068054379785
2025-12-28 08:00:00,3,-14.856666666666667,9.861666666666666,19.379544283374166,-19.550345238095247,-3.276522713102608
2025-12-28 09:00:00,3,-37.5775,11.485833333333332,-10.053277820940664,-19.550345238095247,-11.870840926770043
2025-12-28 10:00:00,3,-50.8625,13.175,-38.832456531584015,-19.550345238095247,-12.938723279301314
2025-12-28 11:00:00,3,-51.21,23.0675,-49.78790696648271,-19.550345238095247,-10.172161512356212
2025-12-28 12:00:00,3,-55.43083333333333,15.663333333333334,-59.2458461754443,-19.550345238095247,-9.732761446184057
2025-12-28 13:00:00,3,-51.92583333333334,15.87,-68.70772945180109,-19.550345238095247,-17.47296929981755
2025-12-28 14:00:00,3,-45.04666666666666,74.205,-76.59093839844947,-19.550345238095247,-27.30811283617109
2025-12-28 15:00:00,3,-25.526666666666667,22.82916666666667,-78.34035225458051,-19.550345238095247,-29.43777692841904
2025-12-28 16:00:00,3,-9.0025,20.106666666666666,-56.29810965678307,-19.033130733944958,-16.16155332450903
2025-12-28 17:00:00,3,-3.3158333333333334,1.2341666666666664,-12.975546430796356,6.82443562610229,13.470444331132825
2025-12-28 18:00:00,3,12.640833333333331,-0.2966666666666668,36.28187885431523,47.06151143790851,52.942324692829274
2025-12-28 19:00:00,3,49.15166666666666,-0.4475,67.38190238237954,133.91314125295517,86.21053342428164
2025-12-28 20:00:00,3,55.7875,8.490833333333333,85.09799513687177,133.91314125295517,101.59625170773761
2025-12-28 21:00:00,3,51.22666666666667,11.325833333333334,96.02865393617067,111.79121596762334,101.15416633643181
2025-12-28 22:00:00,3,47.64666666666667,11.036666666666669,95.69931432785836,111.79121596762334,100.98942549524935
2025-12-28 23:00:00,3,54.59666666666666,47.53583333333333,100.39513975046185,90.57388392857142,98.46634049782841
2025-12-29 00:00:00,3,35.013333333333335,67.44,110.84546670851624,90.57388392857142,99.37295587888002
2025-12-29 01:00:00,3,9.093333333333332,66.9675,123.45150334476835,90.57388392857142,107.99924204290593
2025-12-29 02:00:00,3,15.846666666666666,69.08,109.91368013135997,83.53103260869563,107.58873960766323
2025-12-29 03:00:00,3,11.585,75.11,91.5934597404474,83.53103260869563,105.15744091328077
2025-12-29 04:00:00,3,11.129166666666665,81.36416666666666,80.53513336358593,83.53103260869563,104.80622022918867
2025-12-29 05:00:00,3,29.199166666666667,49.43833333333333,82.25403276360963,83.53103260869563,111.91609588545691
2025-12-29 06:00:00,3,21.218333333333334,24.685,79.23719775030483,83.53103260869563,91.17310171070653
2025-12-29 07:00:00,3,-7.680833333333333,-7.19,46.79537261443153,28.737307692307695,34.27553828792039
2025-12-29 08:00:00,3,-6.956666666666667,-5.341666666666666,11.287070612641543,3.51607545045045,-9.860105732717017
2025-12-29 09:00:00,3,-7.446666666666666,-8.790000000000001,-19.12208707969684,3.51607545045045,-21.820286464723736
2025-12-29 10:00:00,3,-12.845833333333331,-6.254166666666666,-28.256169457197615,-19.550345238095247,-20.75500365713458
2025-12-29 11:00:00,3,-10.479166666666666,-35.0625,-18.21666912918083,-19.550345238095247,-9.30883225281282
2025-12-29 12:00:00,3,-7.268333333333333,-7.261666666666667,3.9998069450106044,-19.550345238095247,11.439211254826674
2025-12-29 13:00:00,3,-4.4775,-11.346666666666666,3.2897948799364087,3.51607545045045,9.142376707872316
2025-12-29 14:00:00,3,11.155833333333334,-14.043333333333337,4.200076458708551,3.51607545045045,6.487139701335707
2025-12-29 15:00:00,3,10.566666666666668,-13.004166666666668,19.806414701151468,28.737307692307695,16.828802765504697
2025-12-29 16:00:00,3,46.27916666666667,-20.849166666666665,60.64675160358675,47.06151143790851,34.851088995494365
2025-12-29 17:00:00,3,99.64083333333332,-8.430833333333334,96.91594893221811,88.77488333333336,66.14013139686709
2025-12-29 18:00:00,3,59.5025,-4.2725,122.93602591615823,133.182797029703,100.4760416721528
2025-12-29 19:00:00,3,87.88416666666666,73.35083333333334,136.3601582884848,172.07630128205122,124.02976536238859
2025-12-29 20:00:00,3,79.18333333333334,96.78916666666667,129.63580927295334,172.07630128205122,126.53373194075863
2025-12-29 21:00:00,3,60.77666666666666,86.4525,117.5849491378695,142.68282852564096,121.37571569117182
2025-12-29 22:00:00,3,50.40166666666666,71.83333333333333,107.58973163931687,133.91314125295517,116.21608681240866
2025-12-29 23:00:00,3,36.17083333333333,42.68666666666667,83.02334183437117,111.79121596762334,106.96107916285034
2025-12-30 00:00:00,3,42.39833333333333,22.57583333333333,81.15473185033927,111.79121596762334,110.77525447084645
2025-12-30 01:00:00,3,33.270833333333336,11.195833333333333,108.34812610531111,111.79121596762334,102.6866294775536
2025-12-30 02:00:00,3,59.685,8.95,87.55809589626475,90.57388392857142,92.7498929822852
2025-12-30 03:00:00,3,59.19583333333333,8.086666666666666,59.05511051718102,90.57388392857142,77.65232465206888
2025-12-30 04:00:00,3,57.590833333333336,8.914166666666667,30.88681072309268,86.42718333333332,62.510805535014576
2025-12-30 05:00:00,3,51.330000000000005,26.83083333333333,13.424371922850298,43.714586288416086,49.45321294152756
2025-12-30 06:00:00,3,40.8125,20.71333333333333,-0.11908898393316747,20.61978070175439,27.82789610037009
2025-12-30 07:00:00,3,-2.935833333333333,-4.769166666666667,-32.16437251510389,6.82443562610229,-3.495054074670904
2025-12-30 08:00:00,3,-7.524999999999999,-15.115833333333333,-15.078612263951499,6.82443562610229,-6.795795743545185
2025-12-30 09:00:00,3,-7.734166666666667,-46.28833333333333,-6.450904561632612,6.82443562610229,-5.87273885263312
2025-12-30 10:00:00,3,-14.5575,-58.07916666666667,-6.412223699139531,6.82443562610229,1.640352172444281
2025-12-30 11:00:00,3,-19.506666666666664,-62.215,13.796096592111127,28.737307692307695,26.879869047082394
2025-12-30 12:00:00,3,-12.155833333333334,-55.95666666666667,-6.993122111903631,20.792841666666664,21.855368611738342
2025-12-30 13:00:00,3,-13.791666666666666,-65.39583333333333,-45.93323044584493,-25.081615942028986,12.587771363224348
2025-12-30 14:00:00,3,-12.815833333333332,-100.05416666666667,-64.44943925801864,-25.081615942028986,-3.966473637318927
2025-12-30 15:00:00,3,-10.149166666666666,-98.45083333333334,-67.91832796943767,-25.081615942028986,-3.709719459262118
2025-12-30 16:00:00,3,-4.4991666666666665,-63.54333333333333,-28.44552216602129,1.2591666666666663,-4.066708573942705
2025-12-30 17:00:00,3,-6.254166666666666,-33.9325,2.349326537311782,1.2591666666666663,0.1300408477814443
2025-12-30 18:00:00,3,-0.8716666666666667,-8.52,24.040595224955645,20.792841666666664,13.858215651346697
2025-12-30 19:00:00,3,9.685,27.416666666666668,45.92088822822417,20.792841666666664,33.643182383598585
2025-12-30 20:00:00,3,18.399166666666662,6.545000000000001,31.31478644763267,1.2591666666666663,40.34655461021787
2025-12-30 21:00:00,3,13.001666666666669,7.183333333333334,29.8419610304621,20.792841666666664,45.75231500617643
2025-12-30 22:00:00,3,17.73,10.040833333333332,10.48704594471981,20.61978070175439,41.1741563887479
2025-12-30 23:00:00,3,2.475,10.040833333333332,-7.2475509645556855,-3.9461872759856633,38.47981451975802
2025-12-31 00:00:00,3,5.9575,10.823333333333332,-12.1853481074359,-3.9461872759856633,41.96425548980528
2025-12-31 01:00:00,3,-0.3741666666666667,10.364166666666668,3.00130002229011,-3.9461872759856633,2.814086562774463
2025-12-31 02:00:00,3,-5.998333333333334,9.105,-6.913587511232734,-3.9461872759856633,-0.4094216374384416
2025-12-31 03:00:00,3,-7.410833333333334,8.394166666666667,-14.053944964605819,-3.9461872759856633,0.3409936233807258
2025-12-31 04:00:00,3,-7.750833333333333,15.3575,-16.243755179224195,20.61978070175439,2.1598836490147875
2025-12-31 05:00:00,3,-7.4775,13.1475,-10.542591950532241,20.61978070175439,4.9363931332932225
2025-12-31 06:00:00,3,-7.601666666666667,9.02,-11.118810327759192,-3.9461872759856633,-1.6086212099800576
2025-12-31 07:00:00,3,-13.545,-5.224166666666666,-43.203894711376535,-13.88507874015748,-16.36263371312586
2025-12-31 08:00:00,3,-39.58083333333333,-5.450833333333333,-47.55728126667668,-13.88507874015748,-27.050370445723885
2025-12-31 09:00:00,3,-53.08833333333333,-8.741666666666667,-88.84614338077763,-33.13010553129551,-26.508613282124173
2025-12-31 10:00:00,3,-60.46833333333333,-18.39333333333333,-116.42714458586907,-33.13010553129551,-25.53156332593467
2025-12-31 11:00:00,3,-62.660833333333336,-27.075,-123.02948778658761,-33.13010553129551,-27.910550876012366
2025-12-31 12:00:00,3,-60.415,-49.14666666666667,-117.05511009087697,-33.13010553129551,-30.349464449241225
2025-12-31 13:00:00,3,-61.29333333333333,-46.65083333333333,-114.79677293769704,-66.86065079365078,-33.358977562560725
2025-12-31 14:00:00,3,-59.82750000000001,-49.21833333333333,-104.5036005397033,-33.13010553129551,-31.397368028590222
2025-12-31 15:00:00,3,-62.33916666666667,-51.28,-101.2737313031452,-33.13010553129551,-34.8705273510343
2025-12-31 16:00:00,3,-54.35166666666667,-59.318333333333335,-84.42873766988548,-33.13010553129551,-36.018902329301625
2025-12-31 17:00:00,3,-47.93333333333334,-56.67166666666666,-40.64243803856864,-33.13010553129551,-30.00254869307244
2025-12-31 18:00:00,3,-17.788333333333334,-38.42166666666667,-10.485546583684467,-13.88507874015748,-22.433281880541415
2025-12-31 19:00:00,3,-6.453333333333333,-12.641666666666666,22.37468202208693,-13.88507874015748,-2.7504788404072826
2025-12-31 20:00:00,3,-4.784166666666667,-2.015,56.654392700121846,-3.9461872759856633,24.40498144129068
2025-12-31 21:00:00,3,-4.215000000000001,2.319166666666667,44.37545125876016,20.61978070175439,29.456858033465664
2025-12-31 22:00:00,3,-2.205,2.2558333333333334,25.354847838115916,20.61978070175439,32.97704094965566
2025-12-31 23:00:00,3,-0.0558333333333333,-2.7000000000000006,25.210626585970523,20.61978070175439,36.72813345605523
2026-01-01 00:00:00,3,10.085,-0.8583333333333334,32.25120040687102,20.61978070175439,46.92778056290432
2026-01-01 01:00:00,3,26.953333333333333,-2.654166666666667,65.66075056498971,42.01237957610788,51.34998110225351
2026-01-01 02:00:00,3,10.501666666666669,-3.6658333333333335,55.36153402243181,42.01237957610788,48.81408166661847
2026-01-01 03:00:00,3,9.551666666666666,-7.0625,33.40391886792555,42.01237957610788,45.628244994241996
2026-01-01 04:00:00,3,5.514166666666667,-7.918333333333333,17.791001901034136,42.01237957610788,42.75507951118181
2026-01-01 05:00:00,3,10.235,-7.219166666666666,21.87539802475932,42.01237957610788,48.26088357016924
2026-01-01 06:00:00,3,6.589166666666666,-5.275833333333334,11.62282797078889,42.01237957610788,39.13318283089417
2026-01-01 07:00:00,3,-10.95,-18.184166666666663,-34.25383953908843,-42.83055961070562,-0.26762460532340526
2026-01-01 08:00:00,3,-37.23833333333334,-28.85333333333333,-45.92425346659411,-42.83055961070562,-35.21114668298864
2026-01-01 09:00:00,3,-63.75583333333333,-56.4575,-62.53502040730605,-42.83055961070562,-55.05124327852826
2026-01-01 10:00:00,3,-91.23416666666668,-65.8875,-89.05167606403252,-66.86065079365078,-66.2001457131615
2026-01-01 11:00:00,3,-92.05416666666667,-87.12416666666667,-111.20012023348387,-66.86065079365078,-77.23666712701333
2026-01-01 12:00:00,3,-109.95083333333334,-102.8925,-127.30202644495951,-66.86065079365078,-72.84016524952287
2026-01-01 13:00:00,3,-111.95083333333334,-175.11166666666668,-130.68672775124827,-66.86065079365078,-69.93255885752794
2026-01-01 14:00:00,3,-106.25583333333331,-219.6266666666667,-129.89811314800045,-66.86065079365078,-67.912383604934
2026-01-01 15:00:00,3,-87.485,-236.75833333333333,-113.2013961747558,-66.86065079365078,-63.34537849760943
2026-01-01 16:00:00,3,-74.17166666666667,-151.4,-53.84708224848781,-66.86065079365078,-53.12466311530409
2026-01-01 17:00:00,3,-46.0025,-94.85083333333334,-2.751546428431837,-42.83055961070562,-35.63361158221062
2026-01-01 18:00:00,3,-11.0325,-58.3325,40.774641768965935,-25.081615942028986,-9.387602941721156
2026-01-01 19:00:00,3,13.858333333333334,-19.354166666666668,104.63783157652816,-7.9610537634408605,31.641131942455765
2026-01-01 20:00:00,3,30.53333333333333,-9.2525,110.47093882116461,42.01237957610788,67.26744408051664
2026-01-01 21:00:00,3,17.111666666666668,-6.84,101.16844289752183,59.57185833333334,75.8145176204663
2026-01-01 22:00:00,3,13.029166666666669,-7.714166666666667,86.44440065783074,43.714586288416086,75.00166393308336
2026-01-01 23:00:00,3,7.626666666666666,-7.35,67.04621086197876,43.714586288416086,74.62285140615337
2026-01-02 00:00:00,3,19.364166666666662,-6.705000000000001,68.49202131680322,43.714586288416086,82.31193116212611
2026-01-02 01:00:00,3,15.1025,-6.656666666666666,89.12030514909722,52.91399122807016,67.63353026817285
2026-01-02 02:00:00,3,14.2925,-7.410833333333334,70.02290938035284,52.91399122807016,68.23950392764925
2026-01-02 03:00:00,3,19.530833333333334,-6.573333333333333,65.8589296338176,52.91399122807016,71.79188552601785
2026-01-02 04:00:00,3,21.418333333333333,-7.458333333333333,68.4924365096139,83.53103260869563,79.58972796387172
2026-01-02 05:00:00,3,25.21333333333333,-6.939166666666666,81.37504017441121,83.53103260869563,90.0369842520225
2026-01-02 06:00:00,3,20.96,-7.345833333333334,90.19403719167565,83.53103260869563,83.33751032512392
2026-01-02 07:00:00,3,-4.006666666666667,-23.52916666666667,86.26700143251269,17.554191176470596,42.762195282859345
2026-01-02 08:00:00,3,-9.840833333333334,-34.505,61.64577809113098,3.51607545045045,1.7867029504471503
2026-01-02 09:00:00,3,-10.645,-54.439166666666665,55.21323413765174,3.51607545045045,-19.50862614377921
2026-01-02 10:00:00,3,-21.47583333333333,-60.10999999999999,44.04701781035093,-19.550345238095247,-30.790225771212434
2026-01-02 11:00:00,3,-40.89,-67.10000000000001,19.218809561176897,-19.550345238095247,-31.775202944926548
2026-01-02 12:00:00,3,-48.23833333333334,-92.81,40.398814065350116,-19.550345238095247,-36.11648224151327
2026-01-02 13:00:00,3,-24.301666666666662,-125.41666666666669,6.01360739948592,-19.550345238095247,-47.36324925466903
2026-01-02 14:00:00,3,-50.51083333333333,-134.4775,5.422390524653252,-19.550345238095247,-49.2539923792486
2026-01-02 15:00:00,3,-31.141666666666666,-134.5641666666667,15.577490729558079,-19.550345238095247,-37.204642102928176
2026-01-02 16:00:00,3,-9.609166666666669,-84.47250000000001,45.80516147167614,-42.83055961070562,-11.0648489097603
2026-01-02 17:00:00,3,-7.226666666666667,-75.44666666666667,69.13819076225664,28.737307692307695,29.08296483697206
2026-01-02 18:00:00,3,11.118333333333332,-36.445,121.28835934134699,79.35207349081365,71.85246924575476
2026-01-02 19:00:00,3,53.72,-0.3500000000000001,160.8792419106818,121.81003300330029,114.44693909347205
2026-01-02 20:00:00,3,71.16916666666667,5.9925,165.91844293785124,133.91314125295517,131.11791539279278
2026-01-02 21:00:00,3,73.07916666666667,8.886666666666667,151.03949954342005,111.79121596762334,125.19466757770589
2026-01-02 22:00:00,3,71.2825,-0.2241666666666667,135.61387561808792,111.79121596762334,115.36056755085897
2026-01-02 23:00:00,3,67.32666666666667,-1.799166666666667,133.17522531505182,111.79121596762334,107.85835883746157
2026-01-03 00:00:00,3,74.15583333333333,0.5483333333333332,146.85389256672914,111.79121596762334,108.92969382348522
2026-01-03 01:00:00,3,80.30749999999999,-2.0575,168.97940445108668,90.57388392857142,102.63245122490464
2026-01-03 02:00:00,3,78.98833333333333,-1.5750000000000002,160.34314118027834,90.57388392857142,96.69667398774723
2026-01-03 03:00:00,3,77.91833333333334,1.0125,137.0394931557341,83.53103260869563,96.34971489222093
2026-01-03 04:00:00,3,94.76666666666668,3.325833333333333,118.60140815740556,83.53103260869563,95.48918773334199
2026-01-03 05:00:00,3,104.0975,0.8883333333333333,112.11651860817757,83.53103260869563,94.01148843487964
2026-01-03 06:00:00,3,83.88416666666667,4.210833333333333,83.63620342149605,83.53103260869563,76.12734523059447
2026-01-03 07:00:00,3,11.343333333333334,-14.991666666666667,3.587685952833368,6.82443562610229,17.17357758158738
2026-01-03 08:00:00,3,-2.7816666666666667,-26.50916666666667,-27.495955065040604,-42.83055961070562,-20.882929172240978
2026-01-03 09:00:00,3,-7.759166666666666,-60.39000000000001,-47.77551030503311,-42.83055961070562,-35.83798667087342
2026-01-03 10:00:00,3,-7.939166666666666,-88.94749999999999,-52.633433228599685,-42.83055961070562,-43.99078207810362
2026-01-03 11:00:00,3,-9.474166666666669,-100.71,-56.30659226119501,-42.83055961070562,-38.26546812375227
2026-01-03 12:00:00,3,-10.426666666666668,-123.81333333333332,-31.35374789747354,-42.83055961070562,-8.307373340797568
2026-01-03 13:00:00,3,-8.987499999999999,-153.19333333333333,-7.345661014683557,-42.83055961070562,-1.8226401532678835
2026-01-03 14:00:00,3,-6.960833333333333,-107.43,43.848232360211036,6.82443562610229,25.12581129863132
2026-01-03 15:00:00,3,-0.3175,-128.8141666666667,68.38734076313628,36.709710884353726,47.065279256690374
2026-01-03 16:00:00,3,23.0,-75.2275,63.54101497937732,47.84446369636966,41.197986674178246
2026-01-03 17:00:00,3,40.97083333333333,-32.248333333333335,30.402060820432617,20.792841666666664,22.43615991453786
2026-01-03 18:00:00,3,14.981666666666667,-7.006666666666667,40.22071198534517,1.2591666666666663,28.904823368340793
2026-01-03 19:00:00,3,34.325833333333335,25.65833333333333,89.29427973139292,47.84446369636966,58.554978154507936
2026-01-03 20:00:00,3,54.585,29.815,130.2935629511834,111.79121596762334,110.95160999695301
2026-01-03 21:00:00,3,54.45249999999999,28.8625,117.71765879076628,111.79121596762334,109.6879394180504
2026-01-03 22:00:00,3,54.0525,29.299166666666668,100.30544233867164,86.42718333333332,102.55998876916144
2026-01-03 23:00:00,3,54.5025,23.13416666666667,81.27222411936762,86.42718333333332,95.35410707701762
2026-01-04 00:00:00,3,65.68416666666667,28.5525,83.78887908452327,86.42718333333332,96.49379423969043
2026-01-04 01:00:00,3,70.19666666666667,27.62166666666667,105.39990101946793,86.42718333333332,91.21235321366859
2026-01-04 02:00:00,3,68.51833333333333,10.881666666666666,75.63296703126653,52.91399122807016,82.46348040866887
2026-01-04 03:00:00,3,67.22833333333334,8.95,54.969594924003566,52.91399122807016,75.61901969307662
2026-01-04 04:00:00,3,59.4275,11.854166666666666,46.24734112311407,52.91399122807016,72.50838861992116
2026-01-04 05:00:00,3,54.19416666666667,8.95,38.4695308305982,52.91399122807016,73.28451270268772
2026-01-04 06:00:00,3,31.21333333333333,2.630833333333333,25.430007397321468,52.91399122807016,68.274341960974
2026-01-04 07:00:00,3,1.0691666666666666,-10.273333333333332,7.265508678932392,6.82443562610229,40.02077544357784
2026-01-04 08:00:00,3,-8.775833333333333,-14.856666666666667,-3.6113106308102374,-42.83055961070562,3.771823401320148
2026-01-04 09:00:00,3,-13.5925,-37.5775,-26.316332620206893,-42.83055961070562,-23.65802689677257
2026-01-04 10:00:00,3,-19.716666666666665,-50.8625,-43.12687280587514,-42.83055961070562,-32.39040792029455
2026-01-04 11:00:00,3,-15.2625,-51.21,-52.401847785564755,-42.83055961070562,-28.650994592974513
2026-01-04 12:00:00,3,-23.475,-55.43083333333333,-78.66448374911748,-66.86065079365078,-45.60445509478137
2026-01-04 13:00:00,3,-33.35166666666667,-51.92583333333334,-88.44091873720215,-66.86065079365078,-52.70929515114568
2026-01-04 14:00:00,3,-25.098333333333333,-45.04666666666666,-68.89360289450566,-66.86065079365078,-45.732821422932005
2026-01-04 15:00:00,3,-26.1375,-25.526666666666667,-72.19541309672691,-66.86065079365078,-39.62252331820061
2026-01-04 16:00:00,3,-16.704166666666666,-9.0025,-52.02253881349084,-42.83055961070562,-29.88688799929291
2026-01-04 17:00:00,3,-13.954166666666666,-3.3158333333333334,-33.611178270768605,-42.83055961070562,-14.405425517039646
2026-01-04 18:00:00,3,-6.072500000000001,12.640833333333331,-4.45287585237304,-14.037740384615379,5.7002761266431605
2026-01-04 19:00:00,3,14.11,49.15166666666666,19.772085660482425,7.411098130841122,32.85318536100072
2026-01-04 20:00:00,3,53.82083333333333,55.7875,42.50787419511027,70.85350290697677,68.47687234841842
2026-01-04 21:00:00,3,24.403333333333336,51.22666666666667,44.25560767481418,70.85350290697677,77.34472245494665
2026-01-04 22:00:00,3,19.405833333333334,47.64666666666667,35.50394588918472,59.57185833333334,77.46535175846897
2026-01-04 23:00:00,3,41.560833333333335,54.59666666666666,40.23815262312506,43.714586288416086,78.42308542760125
2026-01-05 00:00:00,3,44.60333333333333,35.013333333333335,53.382942161432496,86.42718333333332,89.13124558733416
2026-01-05 01:00:00,3,54.34916666666666,9.093333333333332,61.20982310121199,43.714586288416086,63.45738367675564
2026-01-05 02:00:00,3,30.09,15.846666666666666,46.3154486489956,43.714586288416086,57.98727679098298
2026-01-05 03:00:00,3,26.86,11.585,41.41858443759893,52.91399122807016,60.06408189310436
2026-01-05 04:00:00,3,41.30916666666666,11.129166666666665,41.529351858595305,52.91399122807016,65.8953558370631
2026-01-05 05:00:00,3,46.39833333333333,29.199166666666667,40.64041082336413,52.91399122807016,76.48136538865234
2026-01-05 06:00:00,3,51.67,21.218333333333334,43.842083161392466,90.57388392857142,82.92507256301936
2026-01-05 07:00:00,3,26.554166666666664,-7.680833333333333,30.33529671540485,36.709710884353726,56.404951907506174
2026-01-05 08:00:00,3,0.0374999999999999,-6.956666666666667,25.739020264326143,28.737307692307695,10.586003292161621
2026-01-05 09:00:00,3,-3.675833333333333,-7.446666666666666,-18.20803577563575,-42.83055961070562,-26.445065639220218
2026-01-05 10:00:00,3,-9.781666666666666,-12.845833333333331,-56.654031593382584,-42.83055961070562,-39.76755795265767
2026-01-05 11:00:00,3,-11.831666666666663,-10.479166666666666,-82.54907355974085,-66.86065079365078,-43.21567355524455
2026-01-05 12:00:00,3,-14.280833333333334,-7.268333333333333,-81.36181321093859,-66.86065079365078,-44.88775090995583
2026-01-05 13:00:00,3,-16.648333333333333,-4.4775,-87.40367507285809,-66.86065079365078,-45.29242536254634
2026-01-05 14:00:00,3,-8.7825,11.155833333333334,-90.05546098491068,-66.86065079365078,-45.925102280119276
2026-01-05 15:00:00,3,-8.505,10.566666666666668,-82.05827992955518,-42.83055961070562,-43.5163648276352
2026-01-05 16:00:00,3,-5.697500000000001,46.27916666666667,-56.93039185443364,-42.83055961070562,-27.98292148774121
2026-01-05 17:00:00,3,-5.010000000000001,99.64083333333332,-14.041058312049898,-14.037740384615379,-2.6165058255542135
2026-01-05 18:00:00,3,-2.1558333333333333,59.5025,25.384430257336156,47.84446369636966,24.55815687634182
2026-01-05 19:00:00,3,55.36083333333334,87.88416666666666,89.61800193303998,85.42806930693068,63.77915468060462
2026-01-05 20:00:00,3,71.0225,79.18333333333334,110.81827635387897,102.56610032362461,94.66621632905239
2026-01-05 21:00:00,3,68.76833333333333,60.77666666666666,104.48935890197482,107.17578828828829,98.73069944803451
2026-01-05 22:00:00,3,71.74249999999999,50.40166666666666,93.055794336095,111.79121596762334,97.58054167823931
2026-01-05 23:00:00,3,69.15166666666666,36.17083333333333,77.24377699636612,111.79121596762334,98.03626578662465
2026-01-06 00:00:00,3,74.12833333333333,42.39833333333333,76.38147442546541,111.79121596762334,107.42836221145687
2026-01-06 01:00:00,3,74.91583333333334,33.270833333333336,98.5583209610973,90.57388392857142,104.4533696982704
2026-01-06 02:00:00,3,71.50833333333334,59.685,91.05614387209592,90.57388392857142,99.11121544503388
2026-01-06 03:00:00,3,63.84916666666667,59.19583333333333,84.455055193786,90.57388392857142,99.50261447845928
2026-01-06 04:00:00,3,78.495,57.590833333333336,82.10613847987963,90.57388392857142,103.17354190569455
2026-01-06 05:00:00,3,77.29166666666667,51.330000000000005,94.36168414582197,90.57388392857142,114.26134867482662
2026-01-06 06:00:00,3,72.22,40.8125,109.46214459120384,111.79121596762334,114.85334810077183
2026-01-06 07:00:00,3,10.545833333333333,-2.935833333333333,109.86349390806579,79.35207349081365,80.32119532712778
2026-01-06 08:00:00,3,5.019166666666666,-7.524999999999999,89.82679327859563,36.709710884353726,41.99245940180894
2026-01-06 09:00:00,3,7.804166666666667,-7.734166666666667,48.124283220933975,17.554191176470596,9.579006817372061
2026-01-06 10:00:00,3,20.50916666666667,-14.5575,16.2540404826904,3.51607545045045,1.5245914855153728
2026-01-06 11:00:00,3,12.335,-19.506666666666664,5.310843722549848,3.51607545045045,2.0879861616214157
2026-01-06 12:00:00,3,7.989166666666667,-12.155833333333334,-6.955674279963787,-19.550345238095247,-6.471902207892498
2026-01-06 13:00:00,3,9.568333333333332,-13.791666666666666,-13.005342074644787,3.51607545045045,-14.775038545985296
2026-01-06 14:00:00,3,20.206666666666667,-12.815833333333332,-14.061346190123345,3.51607545045045,-3.97411711025336
2026-01-06 15:00:00,3,46.14666666666667,-10.149166666666666,3.883053695546323,28.737307692307695,13.69360329397935
2026-01-06 16:00:00,3,55.23083333333333,-4.4991666666666665,48.946264995048196,79.35207349081365,46.56687925493074
2026-01-06 17:00:00,3,81.37416666666667,-6.254166666666666,95.37876561678631,85.42806930693068,84.86690349905844
2026-01-06 18:00:00,3,119.18083333333334,-0.8716666666666667,139.0769363117128,128.0223409669211,124.53531836724082
2026-01-06 19:00:00,3,159.7675,9.685,166.75200397096737,172.07630128205122,154.57002156174357
2026-01-06 20:00:00,3,177.86166666666668,18.399166666666662,148.29729641265607,172.07630128205122,158.82322582078993
2026-01-06 21:00:00,3,150.33416666666668,13.001666666666669,145.43023453524916,142.68282852564096,155.83591597888233
2026-01-06 22:00:00,3,98.24666666666668,17.73,143.73258409137605,133.91314125295517,140.86955126755151
2026-01-06 23:00:00,3,80.4575,2.475,142.8197789819738,111.79121596762334,126.31308736513992
2026-01-07 00:00:00,3,86.63583333333334,5.9575,123.60665760261327,111.79121596762334,125.70748563653515
2026-01-07 01:00:00,3,76.57833333333333,-0.3741666666666667,115.51561685630125,111.79121596762334,119.44844718001761
2026-01-07 02:00:00,3,65.89416666666666,-5.998333333333334,85.01089455250944,90.57388392857142,112.9505300534681
2026-01-07 03:00:00,3,32.8525,-7.410833333333334,58.95987375221935,86.42718333333332,107.10895650640315
2026-01-07 04:00:00,3,8.274166666666666,-7.750833333333333,30.32561159543559,59.57185833333334,98.62515584300832
2026-01-07 05:00:00,3,8.866666666666665,-7.4775,9.098043730229975,42.01237957610788,95.59926408435862
2026-01-07 06:00:00,3,8.7525,-7.601666666666667,2.2512056079459484,70.85350290697677,89.84485405503935
2026-01-07 07:00:00,3,-1.0275,-13.545,-4.252064477048734,70.85350290697677,66.9883801073855
2026-01-07 08:00:00,3,2.125833333333333,-39.58083333333333,-17.303402792168868,20.792841666666664,50.47621047723352
2026-01-07 09:00:00,3,6.150833333333334,-53.08833333333333,-9.945256554786454,1.2591666666666663,38.02847047941417
2026-01-07 10:00:00,3,-0.48,-60.46833333333333,-31.37570832587457,1.2591666666666663,26.714384806146256
2026-01-07 11:00:00,3,0.703333333333333,-62.660833333333336,-25.2453792774527,43.99432500000001,32.03533699252023
2026-01-07 12:00:00,3,28.460000000000004,-60.415,0.9312127028247943,43.99432500000001,44.70996415414547
2026-01-07 13:00:00,3,21.425,-61.29333333333333,40.71943094726959,48.37944940476193,65.00046088747922
2026-01-07 14:00:00,3,32.5675,-59.82750000000001,77.33721872540688,83.74314356435643,85.62985255548388
2026-01-07 15:00:00,3,161.4375,-62.33916666666667,127.29039928235376,147.53921253822634,114.13296904865584
2026-01-07 16:00:00,3,192.5641666666667,-54.35166666666667,174.11816650855394,195.4281770833333,152.9074844207454
2026-01-07 17:00:00,3,167.03666666666666,-47.93333333333334,233.63190018729733,195.4281770833333,197.45710925344258
2026-01-07 18:00:00,3,228.06833333333336,-17.788333333333334,248.31100104040064,195.4281770833333,208.67153032255425
2026-01-07 19:00:00,3,290.19083333333333,-6.453333333333333,194.2796607400816,195.4281770833333,184.60269477857216
2026-01-07 20:00:00,3,575.7841666666667,-4.784166666666667,223.6788694763291,195.4281770833333,211.61894750927948
2026-01-07 21:00:00,3,725.44,-4.215000000000001,217.71941397975587,1192.0880750000001,203.86763758424757
2026-01-07 22:00:00,3,196.5133333333333,-2.205,195.9787602805086,256.57035087719294,178.76993270592396
2026-01-07 23:00:00,3,147.17333333333332,-0.0558333333333333,172.45085697105927,172.48988200589977,151.49518302544703
2026-01-08 00:00:00,3,158.18166666666667,10.085,165.80062809161433,133.91314125295517,141.17312014024603
2026-01-08 01:00:00,3,160.555,26.953333333333333,163.2281760111697,158.25140151515146,142.28312849990834
2026-01-08 02:00:00,3,142.80416666666667,10.501666666666669,138.41677556485487,111.79121596762334,140.03131005702036
2026-01-08 03:00:00,3,144.45083333333335,9.551666666666666,117.8949344343918,111.79121596762334,138.5007627724991
2026-01-08 04:00:00,3,99.09583333333336,5.514166666666667,86.05535893414661,111.79121596762334,136.10755884810885
2026-01-08 05:00:00,3,74.88000000000001,10.235,112.31731483725429,111.79121596762334,138.45203185505292
2026-01-08 06:00:00,3,66.25583333333334,6.589166666666666,70.53602620076285,85.42806930693068,135.8161113371195
2026-01-08 07:00:00,3,47.14666666666667,-10.95,61.682199209687674,85.42806930693068,114.40917335814483
2026-01-08 08:00:00,3,40.06916666666667,-37.23833333333334,75.78089347392034,88.77488333333336,94.79899843051334
2026-01-08 09:00:00,3,55.2775,-63.75583333333333,122.23477508745329,121.81003300330029,79.00066031743103
2026-01-08 10:00:00,3,64.1125,-91.23416666666668,31.749368624867003,85.42806930693068,52.175024043830064
2026-01-08 11:00:00,3,85.43333333333334,-92.05416666666667,10.657012585848946,43.99432500000001,37.63054745733635
2026-01-08 12:00:00,3,58.13666666666666,-109.95083333333334,-4.090115188737229,43.99432500000001,20.754421012927118
2026-01-08 13:00:00,3,51.81583333333333,-111.95083333333334,-13.287988938660874,47.84446369636966,24.199071161456224
2026-01-08 14:00:00,3,124.44333333333331,-106.25583333333331,-13.61166936981806,43.99432500000001,36.967881008864985
2026-01-08 15:00:00,3,72.55833333333334,-87.485,-7.351429876892098,43.99432500000001,43.21901017609849
2026-01-08 16:00:00,3,74.53166666666667,-74.17166666666667,66.70101782887606,128.0223409669211,72.93124379637521
2026-01-08 17:00:00,3,124.24416666666669,-46.0025,113.79956918796921,128.0223409669211,106.62613060965067
2026-01-08 18:00:00,3,133.67583333333334,-11.0325,131.16834574070816,147.53921253822634,122.10904876463147
2026-01-08 19:00:00,3,145.75583333333333,13.858333333333334,136.8004571661182,128.0223409669211,136.4539645979072
2026-01-08 20:00:00,3,115.27,30.53333333333333,161.36386052559527,172.48988200589977,167.97041528200427
2026-01-08 21:00:00,3,98.5175,17.111666666666668,161.53168655537132,172.48988200589977,159.42505521719158
2026-01-08 22:00:00,3,92.8925,13.029166666666669,163.5279158291373,133.91314125295517,135.38100419266635
2026-01-08 23:00:00,3,74.27333333333333,7.626666666666666,130.2026488895007,111.79121596762334,128.0730712454863
2026-01-09 00:00:00,3,67.91916666666667,19.364166666666662,104.5236428266113,111.79121596762334,126.79081312823179
2026-01-09 01:00:00,3,45.82416666666666,15.1025,105.00673531417175,111.79121596762334,127.39791373629035
2026-01-09 02:00:00,3,48.75083333333333,14.2925,5.628920693006478,70.85350290697677,79.7165313758846
2026-01-09 03:00:00,3,51.45166666666668,19.530833333333334,-13.240131601984558,13.20629687500001,76.35575208163569
2026-01-09 04:00:00,3,83.69916666666667,21.418333333333333,60.92503591984335,111.79121596762334,127.74917877099722
2026-01-09 05:00:00,3,124.55916666666668,25.21333333333333,92.01065954466723,111.79121596762334,135.5458646782233
2026-01-09 06:00:00,3,83.57666666666667,20.96,76.67097096476095,111.79121596762334,134.59333413463168
2026-01-09 07:00:00,3,21.705,-4.006666666666667,68.2426387197631,88.77488333333336,109.74328763765216
2026-01-09 08:00:00,3,15.874166666666667,-9.840833333333334,34.61335222987127,85.42806930693068,73.6076987696349
2026-01-09 09:00:00,3,16.22,-10.645,-3.0787666757254897,43.99432500000001,54.74117658367196
2026-01-09 10:00:00,3,5.536666666666666,-21.47583333333333,-33.96498951521002,43.99432500000001,31.09023296735468
2026-01-09 11:00:00,3,29.799166666666665,-40.89,-23.914206559723837,48.37944940476193,47.48779280634523
2026-01-09 12:00:00,3,29.21,-48.23833333333334,-18.611816517778266,83.74314356435643,69.30625435094463
2026-01-09 13:00:00,3,81.64666666666666,-24.301666666666662,-27.2309926463618,83.74314356435643,83.74297442384368
2026-01-09 14:00:00,3,147.8658333333333,-50.51083333333333,-11.22193754485916,195.4281770833333,98.87941616544153
2026-01-09 15:00:00,3,245.06333333333336,-31.141666666666666,58.26680112948033,195.4281770833333,113.45171983565879
2026-01-09 16:00:00,3,587.9475,-9.609166666666669,129.50593689407066,195.4281770833333,139.89654677483816
2026-01-09 17:00:00,3,269.0208333333333,-7.226666666666667,141.1442824982382,195.4281770833333,155.39205059787932
2026-01-09 18:00:00,3,44.6675,11.118333333333332,164.7838373785077,195.4281770833333,162.95217157841057
2026-01-09 19:00:00,3,85.06833333333333,53.72,179.23109231175482,195.4281770833333,173.6894843094422
2026-01-09 20:00:00,3,90.59,71.16916666666667,171.73778719257308,147.53921253822634,177.36685573131751
2026-01-09 21:00:00,3,89.27166666666666,73.07916666666667,160.04711142457336,172.07630128205122,168.56405696537934
2026-01-09 22:00:00,3,72.45583333333333,71.2825,127.71052056221419,142.68282852564096,147.67315946166883
2026-01-09 23:00:00,3,71.22333333333333,67.32666666666667,99.41543571788993,133.91314125295517,131.0196179330876
2026-01-10 00:00:00,3,21.4625,74.15583333333333,123.4552641078369,111.79121596762334,120.3487100228045
2026-01-10 01:00:00,3,1.8591666666666669,80.30749999999999,122.54170775919,111.79121596762334,114.11910608602884
2026-01-10 02:00:00,3,-1.5425000000000002,78.98833333333333,73.55217700070399,90.57388392857142,104.29565236479641
2026-01-10 03:00:00,3,-5.9191666666666665,77.91833333333334,38.91192995159206,86.42718333333332,89.43673403651262
2026-01-10 04:00:00,3,-6.853333333333333,94.76666666666668,20.03401993177561,86.42718333333332,79.8365141774511
2026-01-10 05:00:00,3,-6.896666666666667,104.0975,12.092209906905154,43.714586288416086,75.46086543810497
2026-01-10 06:00:00,3,-11.796666666666669,83.88416666666667,13.197345430134902,86.42718333333332,69.24360672309334
2026-01-10 07:00:00,3,-9.025833333333331,11.343333333333334,-10.087645396331638,-7.9610537634408605,33.46684328712647
2026-01-10 08:00:00,3,-10.814166666666669,-2.7816666666666667,-40.77562283897021,-25.081615942028986,3.885279489147649
2026-01-10 09:00:00,3,-23.31833333333333,-7.759166666666666,-60.723158385589,-7.9610537634408605,-13.882735388554224
2026-01-10 10:00:00,3,-35.24333333333333,-7.939166666666666,-94.4176444882904,-42.83055961070562,-33.89517593820261
2026-01-10 11:00:00,3,-49.43416666666667,-9.474166666666669,-113.54707651343686,-42.83055961070562,-57.42334220415532
2026-01-10 12:00:00,3,-54.5975,-10.426666666666668,-139.2699225011384,-42.83055961070562,-53.6164036756594
2026-01-10 13:00:00,3,-59.845,-8.987499999999999,-156.6350704523877,-42.83055961070562,-52.08962776678871
2026-01-10 14:00:00,3,-66.68166666666667,-6.960833333333333,-146.30914914285216,-42.83055961070562,-51.47670139068043
2026-01-10 15:00:00,3,-62.028333333333336,-0.3175,-154.81597999784202,-42.83055961070562,-51.81539008705255
2026-01-10 16:00:00,3,-61.825,23.0,-116.52943151685928,-42.83055961070562,-51.74661031469614
2026-01-10 17:00:00,3,-23.90333333333333,40.97083333333333,-89.46526449264518,-25.081615942028986,-43.39725651852484
2026-01-10 18:00:00,3,-9.314166666666669,14.981666666666667,-43.377259206507716,-25.081615942028986,-18.921588821221107
2026-01-10 19:00:00,3,-5.645,34.325833333333335,4.410874614196274,1.2591666666666663,14.443303921610173
2026-01-10 20:00:00,3,1.2633333333333332,54.585,33.90109588170415,20.792841666666664,58.095681856173705
2026-01-10 21:00:00,3,14.455,54.45249999999999,34.43865541911903,20.792841666666664,65.1622939010614
2026-01-10 22:00:00,3,19.151666666666667,54.0525,19.413973230789715,42.01237957610788,57.76834491279649
2026-01-10 23:00:00,3,17.57,54.5025,2.030920712786795,42.01237957610788,52.42230245749322
2026-01-11 00:00:00,3,17.705833333333334,65.68416666666667,6.812404033606597,42.01237957610788,60.196380008149085
2026-01-11 01:00:00,3,11.433333333333332,70.19666666666667,28.950973781920446,42.01237957610788,59.58840662478655
2026-01-11 02:00:00,3,8.720833333333333,68.51833333333333,9.690147778895124,42.01237957610788,52.698613138467735
2026-01-11 03:00:00,3,9.880833333333332,67.22833333333334,-6.645461993579758,42.01237957610788,44.08275603094243
2026-01-11 04:00:00,3,7.800833333333333,59.4275,-15.247194139798282,42.01237957610788,40.21122222532499
2026-01-11 05:00:00,3,3.7466666666666666,54.19416666666667,-29.42394286854295,42.01237957610788,35.625549659891355
2026-01-11 06:00:00,3,3.746666666666666,31.21333333333333,-27.98888929615491,42.01237957610788,35.63474465858024
2026-01-11 07:00:00,3,-2.4,1.0691666666666666,-46.787608023581654,-42.83055961070562,4.9312290076892396
2026-01-11 08:00:00,3,-10.606666666666667,-8.775833333333333,-56.98896857131108,-42.83055961070562,-15.947410523652337
2026-01-11 09:00:00,3,-8.155,-13.5925,-69.3337093865823,-42.83055961070562,-26.100039640440855
2026-01-11 10:00:00,3,-25.640833333333333,-19.716666666666665,-81.93435711630069,-42.83055961070562,-27.15611188157176
2026-01-11 11:00:00,3,-48.8525,-15.2625,-102.07665582940605,-66.86065079365078,-23.991893822730546
2026-01-11 12:00:00,3,-63.568333333333335,-23.475,-113.66538504876628,-66.86065079365078,-23.524656336831825
2026-01-11 13:00:00,3,-76.33,-33.35166666666667,-125.58050355767269,-66.86065079365078,-29.45608464485089
2026-01-11 14:00:00,3,-83.59583333333333,-25.098333333333333,-131.47895536063447,-66.86065079365078,-43.88364727487313
2026-01-11 15:00:00,3,-84.52166666666666,-26.1375,-123.38005753723154,-66.86065079365078,-52.631872282407244
2026-01-11 16:00:00,3,-63.47333333333333,-16.704166666666666,-96.96889754245898,-66.86065079365078,-48.801514435020025
2026-01-11 17:00:00,3,-36.865,-13.954166666666666,-58.48656518791584,-42.83055961070562,-31.542801403116457
2026-01-11 18:00:00,3,-9.074166666666668,-6.072500000000001,-12.375418316357084,-7.9610537634408605,-4.160984548019783
2026-01-11 19:00:00,3,10.461666666666668,14.11,32.810272860973875,7.411098130841122,35.76984923143179
2026-01-11 20:00:00,3,15.803333333333333,53.82083333333333,58.93554532317627,70.85350290697677,94.66560683335595
2026-01-11 21:00:00,3,17.640833333333333,24.403333333333336,50.694137712071324,70.85350290697677,105.72805975339362
2026-01-11 22:00:00,3,10.5825,19.405833333333334,37.961631383161574,42.01237957610788,71.72865385554233
2026-01-11 23:00:00,3,13.619166666666668,41.560833333333335,28.2370866952496,42.01237957610788,64.7698745488527
2026-01-12 00:00:00,3,17.025833333333335,44.60333333333333,22.0705027508112,42.01237957610788,70.79465162156245
2026-01-12 01:00:00,3,12.363333333333332,54.34916666666666,26.824492296089993,43.714586288416086,53.877344127884356
2026-01-12 02:00:00,3,20.83833333333333,30.09,23.885587860032196,43.714586288416086,57.373035839449344
2026-01-12 03:00:00,3,26.311666666666667,26.86,21.352987236031296,52.91399122807016,64.00876155038712
2026-01-12 04:00:00,3,30.589166666666667,41.30916666666666,27.01567465574624,52.91399122807016,69.63196772755366
2026-01-12 05:00:00,3,32.67583333333334,46.39833333333333,52.23965417373531,52.91399122807016,86.73386787077551
2026-01-12 06:00:00,3,43.28666666666666,51.67,76.2765905693823,106.2864635157545,99.5965536641192
2026-01-12 07:00:00,3,41.26583333333333,26.554166666666664,87.80761379586676,36.709710884353726,77.77972525365304
2026-01-12 08:00:00,3,6.824166666666667,0.0374999999999999,77.97820386805502,28.737307692307695,37.232979708414916
2026-01-12 09:00:00,3,-2.7608333333333337,-3.675833333333333,51.698995824440345,3.51607545045045,14.588108997148836
2026-01-12 10:00:00,3,-4.756666666666667,-9.781666666666666,23.29972937580905,3.51607545045045,9.187473015253332
2026-01-12 11:00:00,3,-8.706666666666667,-11.831666666666663,13.118092899835261,-19.550345238095247,13.16847231992169
2026-01-12 12:00:00,3,-11.063333333333333,-14.280833333333334,2.245032182267053,-19.550345238095247,9.257508022436042
2026-01-12 13:00:00,3,-9.168333333333331,-16.648333333333333,-8.496090691891212,-19.550345238095247,0.1389097860187576
2026-01-12 14:00:00,3,-1.6783333333333337,-8.7825,-7.842966249266283,-42.83055961070562,-3.4851075283249315
2026-01-12 15:00:00,3,-0.2741666666666667,-8.505,-7.413769231692626,-42.83055961070562,-1.7024307833750214
2026-01-12 16:00:00,3,5.189166666666667,-5.697500000000001,-13.912673513973502,-42.83055961070562,-20.390728894004553
2026-01-12 17:00:00,3,0.0374999999999998,-5.010000000000001,27.965632436815852,-25.081615942028986,-1.39140505690402
2026-01-12 18:00:00,3,3.7833333333333328,-2.1558333333333333,39.73659981523672,20.792841666666664,15.699730360718661
2026-01-12 19:00:00,3,34.54083333333333,55.36083333333334,81.93129895273299,85.42806930693068,54.220081499878034
2026-01-12 20:00:00,3,55.54,71.0225,98.50838790405388,85.42806930693068,87.90280975762633
2026-01-12 21:00:00,3,57.3075,68.76833333333333,78.02565435444598,85.42806930693068,78.33535995448548
2026-01-12 22:00:00,3,52.92,71.74249999999999,60.78304154277014,70.85350290697677,71.54464303789045
2026-01-12 23:00:00,3,53.56,69.15166666666666,46.35997928766705,59.57185833333334,71.28145987212737
2026-01-13 00:00:00,3,59.92,74.12833333333333,50.2272882875082,70.85350290697677,78.43162604232707
2026-01-13 01:00:00,3,62.28416666666666,74.91583333333334,71.01902614239873,86.42718333333332,73.31372518622477
2026-01-13 02:00:00,3,62.66833333333333,71.50833333333334,69.92648774921665,86.42718333333332,70.59461240384003
2026-01-13 03:00:00,3,58.1175,63.84916666666667,59.81613881824272,52.91399122807016,71.43479772257047
2026-01-13 04:00:00,3,63.13333333333333,78.495,54.75774690925795,52.91399122807016,76.43233610685247
2026-01-13 05:00:00,3,77.51083333333334,77.29166666666667,56.71863489679127,86.42718333333332,90.08301625232144
2026-01-13 06:00:00,3,80.52833333333334,72.22,71.56189984330004,111.79121596762334,105.02497000797722
2026-01-13 07:00:00,3,63.66833333333333,10.545833333333333,67.2533491179584,70.85350290697677,95.9989371494398
2026-01-13 08:00:00,3,45.69333333333333,5.019166666666666,78.30277460118093,79.35207349081365,74.77001362973121
2026-01-13 09:00:00,3,39.431666666666665,7.804166666666667,49.732950593233575,47.84446369636966,38.08703709691878
2026-01-13 10:00:00,3,25.5525,20.50916666666667,34.03850033426244,36.709710884353726,17.660431436290523
2026-01-13 11:00:00,3,19.77833333333333,12.335,30.828273052347633,7.411098130841122,19.54276998795939
2026-01-13 12:00:00,3,14.7575,7.989166666666667,18.946451165019276,7.411098130841122,9.659111641493482
2026-01-13 13:00:00,3,13.753333333333336,9.568333333333332,13.683696248328147,-7.9610537634408605,7.653892624945357
2026-01-13 14:00:00,3,8.420833333333333,20.206666666666667,-6.158556656927743,-7.9610537634408605,-9.644929215105392
2026-01-13 15:00:00,3,8.380833333333333,46.14666666666667,-15.521009493417097,-7.9610537634408605,-16.25866719317706
2026-01-13 16:00:00,3,10.619166666666668,55.23083333333333,-4.542301277523279,-7.9610537634408605,8.581168837257607
2026-01-13 17:00:00,3,28.836666666666662,81.37416666666667,14.624854769303383,20.792841666666664,3.3567849964860983
2026-01-13 18:00:00,3,31.33833333333333,119.18083333333334,34.418465045459925,20.792841666666664,13.496732962219482
2026-01-13 19:00:00,3,67.34,159.7675,51.21690591937093,43.99432500000001,38.67758642232601
2026-01-13 20:00:00,3,70.83916666666667,177.86166666666668,59.42770397019481,85.42806930693068,61.291549804245335
2026-01-13 21:00:00,3,63.905,150.33416666666668,33.31400511827392,20.792841666666664,45.72167465761212
2026-01-13 22:00:00,3,53.68666666666667,98.24666666666668,15.033701570018778,20.792841666666664,39.67030537784081
2026-01-13 23:00:00,3,62.68083333333333,80.4575,-2.131802698148192,42.01237957610788,41.45592557646449
2026-01-14 00:00:00,3,64.45,86.63583333333334,-4.728191642208046,42.01237957610788,47.638871228811375
2026-01-14 01:00:00,3,60.3625,76.57833333333333,17.085349876675338,42.01237957610788,39.34279711854027
2026-01-14 02:00:00,3,57.645833333333336,65.89416666666666,-1.241836790899356,42.01237957610788,34.485842499495135
2026-01-14 03:00:00,3,56.70250000000001,32.8525,-12.397899071936877,42.01237957610788,33.75815359621207
2026-01-14 04:00:00,3,57.620000000000005,8.274166666666666,-7.967189425831208,42.01237957610788,44.586391005897426
2026-01-14 05:00:00,3,56.41166666666666,8.866666666666665,2.324837274875577,42.01237957610788,58.89088138094833
2026-01-14 06:00:00,3,70.06500000000001,8.7525,10.809057530933828,42.01237957610788,63.8401983786303
2026-01-14 07:00:00,3,51.585,-1.0275,13.700298046922441,20.792841666666664,50.49784568398236
2026-01-14 08:00:00,3,10.529166666666669,2.125833333333333,21.899638219809482,47.84446369636966,46.03722891520248
2026-01-14 09:00:00,3,8.134166666666667,6.150833333333334,2.908349778291438,7.411098130841122,12.627440041987612
2026-01-14 10:00:00,3,8.52,-0.48,-0.06639450287809723,36.709710884353726,1.45784779707418
2026-01-14 11:00:00,3,9.085,0.703333333333333,3.5546333431065733,6.82443562610229,4.857609450292074
2026-01-14 12:00:00,3,11.156666666666666,28.460000000000004,-12.590960645317182,6.82443562610229,-12.612248778543957
2026-01-14 13:00:00,3,-1.5091666666666663,21.425,-47.80523910722515,-42.83055961070562,-37.68771166068518
2026-01-14 14:00:00,3,-7.161666666666666,32.5675,-67.09113569063389,-42.83055961070562,-57.325339764037636
2026-01-14 15:00:00,3,-8.565,161.4375,-63.42556552836264,-42.83055961070562,-43.03361364469018
2026-01-14 16:00:00,3,-9.025833333333331,192.5641666666667,-45.02383567775341,-14.037740384615379,-25.635207284416083
2026-01-14 17:00:00,3,3.1875,167.03666666666666,-3.3740039792232324,7.411098130841122,1.9914006829779538
2026-01-14 18:00:00,3,22.92333333333333,228.06833333333336,40.979178456861455,43.99432500000001,37.04761291332215
2026-01-14 19:00:00,3,57.92583333333334,290.19083333333333,71.30176453723793,85.42806930693068,69.90350391953201
2026-01-14 20:00:00,3,67.29666666666667,575.7841666666667,58.56640748463134,85.42806930693068,76.41214312160739
2026-01-14 21:00:00,3,66.58083333333333,725.44,59.31321221503666,85.42806930693068,80.3679982481367
2026-01-14 22:00:00,3,72.805,196.5133333333333,50.5592801584645,70.85350290697677,78.47722404811529
2026-01-14 23:00:00,3,84.45666666666666,147.17333333333332,52.6743323024386,111.79121596762334,84.32386661548286
2026-01-15 00:00:00,3,119.26916666666666,158.18166666666667,67.4514641022935,111.79121596762334,95.21728067728091
2026-01-15 01:00:00,3,75.3975,160.555,96.01337774275125,90.57388392857142,94.95413013912167
2026-01-15 02:00:00,3,67.31750000000001,142.80416666666667,74.69095082416544,90.57388392857142,88.77225789168688
2026-01-15 03:00:00,3,61.3575,144.45083333333335,58.38237781847191,83.53103260869563,81.85036521821445
2026-01-15 04:00:00,3,56.79666666666666,99.09583333333336,53.399373727020176,83.53103260869563,85.48163950574794
2026-01-15 05:00:00,3,56.689166666666665,74.88000000000001,67.33645849618618,90.57388392857142,99.99893634072482
2026-01-15 06:00:00,3,61.45,66.25583333333334,80.12572395501626,90.57388392857142,112.74793815963673
2026-01-15 07:00:00,3,48.68833333333333,47.14666666666667,75.71434296163646,111.79121596762334,104.89131775581967
2026-01-15 08:00:00,3,13.120833333333332,40.06916666666667,85.26196794124546,79.35207349081365,75.05568677309317
2026-01-15 09:00:00,3,5.650833333333334,55.2775,52.45385117444987,79.35207349081365,48.02069711645207
2026-01-15 10:00:00,3,22.813333333333333,64.1125,15.450990494873842,36.709710884353726,23.83101246842626
2026-01-15 11:00:00,3,4.975833333333333,85.43333333333334,-7.579793155604733,7.411098130841122,3.62222364949848
2026-01-15 12:00:00,3,-2.7358333333333333,58.13666666666666,-35.868457713454845,7.411098130841122,-6.366734616319434
2026-01-15 13:00:00,3,-7.906666666666666,51.81583333333333,-66.17938245045819,-25.081615942028986,-30.376810185650996
2026-01-15 14:00:00,3,-8.314166666666667,124.44333333333331,-69.31945917499407,-25.081615942028986,-36.45302271105395
2026-01-15 15:00:00,3,-9.2,72.55833333333334,-60.34450863613081,-25.081615942028986,-36.044675429487256
2026-01-15 16:00:00,3,-10.926666666666668,74.53166666666667,-69.09254437982791,-25.081615942028986,-44.16495758034215
2026-01-15 17:00:00,3,-8.529166666666667,124.24416666666669,-41.98803457296346,-25.081615942028986,-17.726539205384114
2026-01-15 18:00:00,3,-4.6925,133.67583333333334,4.90800901951873,1.2591666666666663,14.005379113599588
2026-01-15 19:00:00,3,-8.35,145.75583333333333,17.574648898006743,43.99432500000001,34.095912645904804
2026-01-15 20:00:00,3,-4.694166666666667,115.27,37.638066297928795,43.99432500000001,51.84039932041135
2026-01-15 21:00:00,3,-4.6925,98.5175,14.84385902031783,1.2591666666666663,45.77945131027106
2026-01-15 22:00:00,3,-6.185833333333334,92.8925,-3.905393987035751,1.2591666666666663,41.1178419566158
2026-01-15 23:00:00,3,-2.7000000000000006,74.27333333333333,-25.360822023544927,-3.9461872759856633,39.00326064609799
2026-01-16 00:00:00,3,-2.7000000000000006,67.91916666666667,-26.642435470214963,-3.9461872759856633,46.98119127801763
2026-01-16 01:00:00,3,-2.7000000000000006,45.82416666666666,-9.610534087869922,-3.9461872759856633,37.82989942714896
2026-01-16 02:00:00,3,-2.7000000000000006,48.75083333333333,-22.719471372070657,-3.9461872759856633,33.7743882568642
2026-01-16 03:00:00,3,-2.7000000000000006,51.45166666666668,-29.439071421878992,-3.9461872759856633,32.31111257742159
2026-01-16 04:00:00,3,-2.7000000000000006,83.69916666666667,-30.386600783459954,-3.9461872759856633,34.31823251927871
2026-01-16 05:00:00,3,-2.7000000000000006,124.55916666666668,-25.477041162202354,-3.9461872759856633,41.493827450181286
2026-01-16 06:00:00,3,1.825833333333333,83.57666666666667,-11.89745234387253,13.20629687500001,54.90093886909195
2026-01-16 07:00:00,3,-1.4975000000000005,21.705,-38.054966830172134,-13.88507874015748,26.790515579602328
2026-01-16 08:00:00,3,-8.916666666666666,15.874166666666667,-26.436802010986398,-25.081615942028986,14.303821794294329
2026-01-16 09:00:00,3,-11.676666666666668,16.22,-52.19803726105995,-25.081615942028986,-9.126308480228388
2026-01-16 10:00:00,3,-12.1925,5.536666666666666,-70.8985395202639,-25.081615942028986,-27.212646821203094
2026-01-16 11:00:00,3,-14.511666666666668,29.799166666666665,-109.7342244444179,-42.83055961070562,-41.91622087511011
2026-01-16 12:00:00,3,-18.24083333333333,29.21,-117.15903797946568,-42.83055961070562,-46.39367936086202
2026-01-16 13:00:00,3,-14.535000000000002,81.64666666666666,-101.67004512593213,-42.83055961070562,-56.61350736781378
2026-01-16 14:00:00,3,-13.363333333333337,147.8658333333333,-116.00569507762437,-42.83055961070562,-52.81365060023367
2026-01-16 15:00:00,3,-13.465833333333334,245.06333333333336,-92.4968814028867,-42.83055961070562,-51.38236593630822
2026-01-16 16:00:00,3,-16.065833333333334,587.9475,-67.53255240786707,-25.081615942028986,-28.197543863375387
2026-01-16 17:00:00,3,-11.7375,269.0208333333333,-46.4301308420641,-25.081615942028986,-31.3757516029238
2026-01-16 18:00:00,3,-6.625,44.6675,-15.518503199503456,-25.081615942028986,-18.8040358969551
2026-01-16 19:00:00,3,-1.384166666666667,85.06833333333333,25.591124867759646,1.2591666666666663,14.862509521082487
2026-01-16 20:00:00,3,0.9058333333333334,90.59,40.755194573384024,1.2591666666666663,48.34019034571423
2026-01-16 21:00:00,3,2.784166666666667,89.27166666666666,33.93253270696978,1.2591666666666663,50.63690411701909
2026-01-16 22:00:00,3,-1.596666666666667,72.45583333333333,21.716650429136408,-3.9461872759856633,48.158031944735264
2026-01-16 23:00:00,3,-2.7000000000000006,71.22333333333333,11.825054163262251,13.20629687500001,49.92130494452596
2026-01-17 00:00:00,3,-2.7000000000000006,21.4625,13.728320112306264,13.20629687500001,60.78807856353279
2026-01-17 01:00:00,3,-2.7000000000000006,1.8591666666666669,30.549804208373985,13.20629687500001,45.45093922057817
2026-01-17 02:00:00,3,-3.205,-1.5425000000000002,14.507108270552195,13.20629687500001,37.108823109622605
2026-01-17 03:00:00,3,-5.705000000000001,-5.9191666666666665,-0.22343730291117936,13.20629687500001,30.215898215121015
2026-01-17 04:00:00,3,-5.490000000000001,-6.853333333333333,2.2120674507286537,42.01237957610788,31.19187910109148
2026-01-17 05:00:00,3,-5.2825,-6.896666666666667,7.618547293317263,42.01237957610788,36.29966548245955
2026-01-17 06:00:00,3,-2.7000000000000006,-11.796666666666669,4.710642189012148,42.01237957610788,37.88028593652032
2026-01-17 07:00:00,3,-0.589166666666667,-9.025833333333331,-17.515510645399843,-7.9610537634408605,8.55948116534556
2026-01-17 08:00:00,3,-11.5075,-10.814166666666669,-20.10159401201402,-42.83055961070562,-22.30498655121994
2026-01-17 09:00:00,3,-11.795,-23.31833333333333,-36.805141565948404,-42.83055961070562,-38.330489198800436
2026-01-17 10:00:00,3,-14.47,-35.24333333333333,-61.66213712964786,-42.83055961070562,-52.16596966628629
2026-01-17 11:00:00,3,-17.40833333333333,-49.43416666666667,-83.8365082935744,-42.83055961070562,-55.78623339190477
2026-01-17 12:00:00,3,-27.05666666666667,-54.5975,-88.0290662221907,-42.83055961070562,-66.50965558306024
2026-01-17 13:00:00,3,-26.33083333333333,-59.845,-81.59073828032284,-42.83055961070562,-60.6867945460325
2026-01-17 14:00:00,3,-21.58583333333333,-66.68166666666667,-65.13036754080967,-42.83055961070562,-55.39560467872664
2026-01-17 15:00:00,3,-11.990833333333333,-62.028333333333336,-62.146839921065336,-42.83055961070562,-55.302391574879096
2026-01-17 16:00:00,3,-7.868333333333333,-61.825,-67.82723210709203,-42.83055961070562,-49.61236013666792
2026-01-17 17:00:00,3,-5.530833333333334,-23.90333333333333,-41.600044457265625,-25.081615942028986,-39.5818716559689
2026-01-17 18:00:00,3,-5.066666666666666,-9.314166666666669,-18.887217801442986,-25.081615942028986,-11.002809613415735
2026-01-17 19:00:00,3,-1.4391666666666667,-5.645,17.984879009277336,1.2591666666666663,23.68277628603775
2026-01-17 20:00:00,3,17.993333333333336,1.2633333333333332,59.90933840725968,70.85350290697677,75.60028378918834
2026-01-17 21:00:00,3,12.463333333333331,14.455,45.90451412851672,70.85350290697677,67.75505507357782
2026-01-17 22:00:00,3,8.644166666666665,19.151666666666667,39.316593946953795,70.85350290697677,66.83584205252593
2026-01-17 23:00:00,3,7.354999999999999,17.57,34.10723170957143,42.01237957610788,69.25597016702451
2026-01-18 00:00:00,3,8.589166666666666,17.705833333333334,50.25678668385487,59.57185833333334,84.93856186737733
2026-01-18 01:00:00,3,2.245,11.433333333333332,76.45203614953112,86.42718333333332,85.211462579577
2026-01-18 02:00:00,3,-0.4641666666666666,8.720833333333333,64.38755381576317,52.91399122807016,79.22394640677905
2026-01-18 03:00:00,3,5.97,9.880833333333332,52.03102679837353,52.91399122807016,73.91392413515783
2026-01-18 04:00:00,3,4.538333333333333,7.800833333333333,43.47976445003532,52.91399122807016,72.5202406357908
2026-01-18 05:00:00,3,7.968333333333334,3.7466666666666666,37.87532310360259,52.91399122807016,71.68301559605652
2026-01-18 06:00:00,3,9.1625,3.746666666666666,25.762058159328852,52.91399122807016,63.59069221226246
2026-01-18 07:00:00,3,-0.0375000000000001,-2.4,15.370181780005645,6.82443562610229,22.62429718275392
2026-01-18 08:00:00,3,-8.214166666666666,-10.606666666666667,10.011551256196327,3.51607545045045,-13.69021372319061
2026-01-18 09:00:00,3,-8.574166666666667,-8.155,3.0110384094257228,-19.550345238095247,-24.066332955120856
2026-01-18 10:00:00,3,-21.096666666666668,-25.640833333333333,-8.526342493510981,-19.550345238095247,-21.997651632352373
2026-01-18 11:00:00,3,-27.084166666666665,-48.8525,-9.580970430994768,-19.550345238095247,-16.00648066795499
2026-01-18 12:00:00,3,-25.535,-63.568333333333335,-29.430485392872143,-19.550345238095247,-24.770795494893306
2026-01-18 13:00:00,3,-28.59,-76.33,-22.44062465894345,-19.550345238095247,-21.162134233785267
2026-01-18 14:00:00,3,-23.493333333333336,-83.59583333333333,-1.804512387374814,-19.550345238095247,-10.041501194861752
2026-01-18 15:00:00,3,-7.716666666666666,-84.52166666666666,5.136522312817007,3.51607545045045,-4.784876193850252
2026-01-18 16:00:00,3,-2.9491666666666667,-63.47333333333333,17.690401448236692,6.82443562610229,4.3086307978379494
2026-01-18 17:00:00,3,9.011666666666668,-36.865,14.82535977525879,7.411098130841122,10.337057873598184
2026-01-18 18:00:00,3,24.8,-9.074166666666668,38.367823782810255,43.99432500000001,36.24141657356567
2026-01-18 19:00:00,3,39.92583333333334,10.461666666666668,63.17008701016118,43.99432500000001,70.94767161696572
2026-01-18 20:00:00,3,55.54750000000001,15.803333333333333,95.55882503522182,85.42806930693068,105.18046388715275
2026-01-18 21:00:00,3,53.70583333333334,17.640833333333333,72.2174226421739,85.42806930693068,101.32326370333016
2026-01-18 22:00:00,3,40.4475,10.5825,64.69388290564264,78.17736486486484,100.30295385788622
2026-01-18 23:00:00,3,24.840833333333336,13.619166666666668,77.19034384712683,111.79121596762334,105.42597089718505
2026-01-19 00:00:00,3,35.0025,17.025833333333335,88.73054493619372,111.79121596762334,111.53615157592722
2026-01-19 01:00:00,3,11.143333333333333,12.363333333333332,106.03723497772411,106.2864635157545,97.24033733302737
2026-01-19 02:00:00,3,9.096666666666666,20.83833333333333,81.60209782072968,106.2864635157545,89.98630654083146
2026-01-19 03:00:00,3,5.744166666666666,26.311666666666667,53.87119049562949,83.53103260869563,81.13175623562657
2026-01-19 04:00:00,3,8.518333333333333,30.589166666666667,30.939974832143378,52.91399122807016,70.94862732972373
2026-01-19 05:00:00,3,9.263333333333334,32.67583333333334,25.551992804139857,43.714586288416086,74.21189590419561
2026-01-19 06:00:00,3,9.89,43.28666666666666,39.16478859179576,70.85350290697677,83.86037693083792
2026-01-19 07:00:00,3,0.7716666666666664,41.26583333333333,42.258403809730375,70.85350290697677,65.37403581556592
2026-01-19 08:00:00,3,-9.616666666666667,6.824166666666667,37.506654836140065,47.84446369636966,41.051552529782356
2026-01-19 09:00:00,3,-7.738333333333333,-2.7608333333333337,20.754355151415382,36.709710884353726,19.369656802593447
2026-01-19 10:00:00,3,-10.2675,-4.756666666666667,7.031660298147074,6.82443562610229,3.2648719926028207
2026-01-19 11:00:00,3,-7.065,-8.706666666666667,14.161905745465248,17.554191176470596,5.0205521324739095
2026-01-19 12:00:00,3,-4.4375,-11.063333333333333,35.55127354122544,28.737307692307695,25.615483916867156
2026-01-19 13:00:00,3,5.6000000000000005,-9.168333333333331,69.0744116500264,28.737307692307695,63.841674236843446
2026-01-19 14:00:00,3,27.88083333333333,-1.6783333333333337,125.7316115353743,79.35207349081365,112.47523397355681
2026-01-19 15:00:00,3,24.861666666666668,-0.2741666666666667,152.78173889877917,121.81003300330029,137.4759660927735
2026-01-19 16:00:00,3,33.583333333333336,5.189166666666667,157.48222263805948,133.182797029703,141.1180673369855
2026-01-19 17:00:00,3,2.3975,0.0374999999999998,121.04301126670427,128.0223409669211,108.23948823300634
2026-01-19 18:00:00,3,-2.869166666666666,3.7833333333333328,120.3089347235981,128.0223409669211,110.64776055618287
2026-01-19 19:00:00,3,29.680833333333336,34.54083333333333,130.39849362114347,128.0223409669211,112.43021354761706
2026-01-19 20:00:00,3,41.693333333333335,55.54,111.96590860138545,128.0223409669211,105.20424396995345
2026-01-19 21:00:00,3,37.22916666666666,57.3075,109.24672211084771,128.0223409669211,108.39517896417578
2026-01-19 22:00:00,3,34.705,52.92,108.736642573116,133.91314125295517,107.44487790435156
2026-01-19 23:00:00,3,32.4,53.56,110.80839626560322,111.79121596762334,106.34903646645895
2026-01-20 00:00:00,3,42.90083333333333,59.92,115.77626953658925,111.79121596762334,110.57403023629098
2026-01-20 01:00:00,3,48.78666666666667,62.28416666666666,135.65787991474843,111.79121596762334,105.6682976683673
2026-01-20 02:00:00,3,52.35833333333333,62.66833333333333,137.11334271571928,90.57388392857142,103.39018347655279
2026-01-20 03:00:00,3,57.68416666666667,58.1175,129.16521864200382,90.57388392857142,105.85487889705873
2026-01-20 04:00:00,3,64.05666666666667,63.13333333333333,140.92350936574425,90.57388392857142,108.81743271848796
2026-01-20 05:00:00,3,68.44666666666667,77.51083333333334,139.74822433576168,111.79121596762334,119.367151363156
2026-01-20 06:00:00,3,72.65416666666667,80.52833333333334,151.23471134506747,111.79121596762334,130.5517544249617
2026-01-20 07:00:00,3,60.81916666666667,63.66833333333333,145.49109045094838,121.81003300330029,109.12895576372068
2026-01-20 08:00:00,3,41.50333333333333,45.69333333333333,121.06517460602652,79.35207349081365,70.9964767466073
2026-01-20 09:00:00,3,7.06,39.431666666666665,89.82311346357777,36.709710884353726,39.774468147352145
2026-01-20 10:00:00,3,2.6508333333333334,25.5525,70.43352493405067,28.737307692307695,21.217122085287997
2026-01-20 11:00:00,3,5.239166666666667,19.77833333333333,49.135607170702855,28.737307692307695,13.22781464645439
2026-01-20 12:00:00,3,5.229166666666667,14.7575,28.812726217586146,17.554191176470596,-1.6482239388481048
2026-01-20 13:00:00,3,4.888333333333334,13.753333333333336,12.968764223591847,6.82443562610229,-10.187618185827404
2026-01-20 14:00:00,3,7.138333333333333,8.420833333333333,14.805941032763535,-14.037740384615379,-7.899084479788982
2026-01-20 15:00:00,3,9.42,8.380833333333333,34.06263157167649,-14.037740384615379,12.457064480422517
2026-01-20 16:00:00,3,27.44833333333333,10.619166666666668,72.87918162762166,47.84446369636966,41.05502586788118
2026-01-20 17:00:00,3,54.193333333333335,28.836666666666662,124.17323007291583,85.42806930693068,79.08446674633703
2026-01-20 18:00:00,3,61.78416666666666,31.33833333333333,164.24716559959322,128.0223409669211,107.65058155546498
2026-01-20 19:00:00,3,66.695,67.34,185.90419737953775,128.0223409669211,124.03347013712018
2026-01-20 20:00:00,3,69.86,70.83916666666667,181.8265810553043,128.0223409669211,131.54105304679706
2026-01-20 21:00:00,3,68.33833333333332,63.905,178.8042291012328,142.68282852564096,139.2569641280536
2026-01-20 22:00:00,3,66.37416666666667,53.68666666666667,142.5501458020167,133.91314125295517,123.74500722327684
2026-01-20 23:00:00,3,63.93333333333334,62.68083333333333,113.86803165190277,111.79121596762334,109.71563828974642
2026-01-21 00:00:00,4,63.35666666666666,64.45,109.6093234905492,109.47764705882355,100.73301432190607
2026-01-21 01:00:00,4,61.95916666666667,60.3625,124.08507014445466,109.47764705882355,95.58917462046435
2026-01-21 02:00:00,4,59.66583333333333,57.645833333333336,108.43356848649773,84.83020531400963,93.2534501439211
2026-01-21 03:00:00,4,61.17250000000001,56.70250000000001,84.4349297276745,84.83020531400963,90.24640077595174
2026-01-21 04:00:00,4,69.24583333333334,57.620000000000005,60.22054141987328,84.83020531400963,85.1577503591524
2026-01-21 05:00:00,4,75.27666666666667,56.41166666666666,61.04460048576824,84.83020531400963,93.2863760588771
2026-01-21 06:00:00,4,89.96666666666665,70.06500000000001,77.71914543631623,109.47764705882355,106.0999089882738
2026-01-21 07:00:00,4,76.13000000000001,51.585,87.8923157959125,109.47764705882355,94.9542075744466
2026-01-21 08:00:00,4,40.865833333333335,10.529166666666669,99.00943128251154,76.83513784461151,62.583011558452185
2026-01-21 09:00:00,4,14.274166666666666,8.134166666666667,72.32874569899991,76.83513784461151,26.901051797473897
2026-01-21 10:00:00,4,0.2291666666666667,8.52,42.433859217158606,28.89783805031446,10.111442196224367
2026-01-21 11:00:00,4,-6.0225,9.085,12.828307075842417,-6.951965090090092,-7.951221626059521
2026-01-21 12:00:00,4,-8.493333333333334,11.156666666666666,-9.0243185552238,-13.632913978494628,-27.21477260779841
2026-01-21 13:00:00,4,-10.034166666666666,-1.5091666666666663,-16.202580286831832,-23.501936475409835,-27.902214918804006
2026-01-21 14:00:00,4,-10.4425,-7.161666666666666,-16.475353371358494,-23.501936475409835,-31.53674835127684
2026-01-21 15:00:00,4,-10.2075,-8.565,33.717956661357675,-23.501936475409835,-28.522606476012356
2026-01-21 16:00:00,4,-17.19333333333333,-9.025833333333331,55.21260549101491,-13.632913978494628,-16.194726738194163
2026-01-21 17:00:00,4,-9.546666666666669,3.1875,69.3980670580423,-14.543771428571429,-5.293235519821664
2026-01-21 18:00:00,4,-6.339166666666667,22.92333333333333,110.2087288820806,42.72338235294117,13.88189239620101
2026-01-21 19:00:00,4,-2.8175000000000003,57.92583333333334,133.44277847888844,42.72338235294117,32.72819015089908
2026-01-21 20:00:00,4,-0.535,67.29666666666667,253.99894162367602,42.72338235294117,70.03984601049414
2026-01-21 21:00:00,4,4.230833333333334,66.58083333333333,297.19445783444985,25.579976851851843,71.86065462959228
2026-01-21 22:00:00,4,-1.4258333333333333,72.805,62.38188134267573,0.7086516853932592,26.645727273792268
2026-01-21 23:00:00,4,0.1174999999999999,84.45666666666666,28.397952262143498,0.0844141914191424,22.090717797938396
2026-01-22 00:00:00,4,9.15,119.26916666666666,45.76246568988418,0.0844141914191424,35.950350088756736
2026-01-22 01:00:00,4,10.3375,75.3975,64.09943629665023,0.0844141914191424,26.012326180089353
2026-01-22 02:00:00,4,10.985,67.31750000000001,46.05431265118782,12.807289325842698,23.10852384354181
2026-01-22 03:00:00,4,10.5175,61.3575,31.575694220017645,-7.55362612612613,19.83079096317669
2026-01-22 04:00:00,4,12.3175,56.79666666666666,14.83221253965359,-7.55362612612613,24.216909560458724
2026-01-22 05:00:00,4,11.7575,56.689166666666665,17.573069546573585,12.807289325842698,36.94261646660708
2026-01-22 06:00:00,4,10.261666666666663,61.45,31.853596137575103,47.70066006600659,49.87217511876857
2026-01-22 07:00:00,4,12.774166666666666,48.68833333333333,26.657947203971567,0.7086516853932592,28.51557892883595
2026-01-22 08:00:00,4,-6.578333333333333,13.120833333333332,12.49100838939021,-14.543771428571429,5.813295808619202
2026-01-22 09:00:00,4,-13.088333333333331,5.650833333333334,-0.9561385151324373,-14.543771428571429,-15.044044950559751
2026-01-22 10:00:00,4,-20.04833333333333,22.813333333333333,-11.97309187914918,-13.632913978494628,-23.84001058694855
2026-01-22 11:00:00,4,-23.17,4.975833333333333,-15.052620589252243,-23.501936475409835,-46.03022311019372
2026-01-22 12:00:00,4,-24.930833333333336,-2.7358333333333333,-33.77995151926291,-23.501936475409835,-56.712907958173844
2026-01-22 13:00:00,4,-27.231666666666666,-7.906666666666666,-52.9791207938964,-48.9520551378446,-65.9113148804229
2026-01-22 14:00:00,4,-23.62833333333333,-8.314166666666667,-42.42408004553353,-48.9520551378446,-63.67769048885688
2026-01-22 15:00:00,4,-15.034166666666666,-9.2,-66.64211681836139,-36.27122418879058,-58.074000890054634
2026-01-22 16:00:00,4,-10.823333333333332,-10.926666666666668,-40.68837871539276,-37.29752136752139,-54.51848181431876
2026-01-22 17:00:00,4,-6.2875000000000005,-8.529166666666667,15.556781815491071,-28.101846846846847,-30.802866297713052
2026-01-22 18:00:00,4,-3.240833333333333,-4.6925,49.54020463981951,-14.543771428571429,-9.329388202478142
2026-01-22 19:00:00,4,6.491666666666667,-8.35,89.39334167886912,22.240525,23.86654875451211
2026-01-22 20:00:00,4,24.605833333333333,-4.694166666666667,106.48058138152702,101.90275462962961,64.99630933974873
2026-01-22 21:00:00,4,19.08,-4.6925,101.61665978491354,101.90275462962961,71.84370259956604
2026-01-22 22:00:00,4,19.166666666666668,-6.185833333333334,93.81437524976207,70.57716768916157,72.52148844638458
2026-01-22 23:00:00,4,30.81583333333333,-2.7000000000000006,81.57244601797738,80.67591911764708,74.25334416876514
2026-01-23 00:00:00,4,29.29583333333333,-2.7000000000000006,83.39703427221214,80.67591911764708,85.32748729194141
2026-01-23 01:00:00,4,36.318333333333335,-2.7000000000000006,99.62694850447123,75.94922275641024,87.8560378941611
2026-01-23 02:00:00,4,24.618333333333336,-2.7000000000000006,91.05286416521514,84.83020531400963,86.34047614983862
2026-01-23 03:00:00,4,30.57083333333333,-2.7000000000000006,80.54495841885897,84.83020531400963,83.18395228203657
2026-01-23 04:00:00,4,35.94,-2.7000000000000006,85.47606621848105,84.83020531400963,84.59120307783091
2026-01-23 05:00:00,4,38.744166666666665,-2.7000000000000006,108.79317448733443,84.83020531400963,97.08962231226747
2026-01-23 06:00:00,4,48.9875,1.825833333333333,116.26346495724493,130.93354562737636,110.61043993850404
2026-01-23 07:00:00,4,28.096666666666664,-1.4975000000000005,113.99059681866757,109.47764705882355,82.58402907330374
2026-01-23 08:00:00,4,-1.7633333333333334,-8.916666666666666,91.23106848779322,44.38447194719473,31.3140939449521
2026-01-23 09:00:00,4,-6.13,-11.676666666666668,65.88804223325529,12.870006510416669,2.822842026348283
2026-01-23 10:00:00,4,-6.7425,-12.1925,46.14025756645079,1.0285140562248982,-3.7626456523518215
2026-01-23 11:00:00,4,-7.945833333333333,-14.511666666666668,49.563244781538344,-17.311958598726125,1.6104873430822693
2026-01-23 12:00:00,4,-7.673333333333333,-18.24083333333333,35.18005155316661,-17.311958598726125,-3.7980180222202904
2026-01-23 13:00:00,4,-6.4375,-14.535000000000002,55.65373261992633,-17.311958598726125,-2.911662423890448
2026-01-23 14:00:00,4,0.1541666666666664,-13.363333333333337,73.15784744655085,-17.311958598726125,-11.904068513710385
2026-01-23 15:00:00,4,2.480833333333333,-13.465833333333334,100.98349518767924,1.0285140562248982,-16.38169903281681
2026-01-23 16:00:00,4,0.4299999999999997,-16.065833333333334,227.66082726933521,-0.7757727272727272,8.386921247755907
2026-01-23 17:00:00,4,5.4558333333333335,-11.7375,131.78744175672642,8.116482300884954,20.055643940084714
2026-01-23 18:00:00,4,24.570833333333336,-6.625,86.26057621168829,81.8020303030303,49.36838901827651
2026-01-23 19:00:00,4,54.748333333333335,-1.384166666666667,134.64652459226198,81.8020303030303,90.84930594228834
2026-01-23 20:00:00,4,61.48166666666666,0.9058333333333334,149.23250447370896,118.26217948717951,115.5383491033814
2026-01-23 21:00:00,4,55.82583333333333,2.784166666666667,152.7070696686422,138.72073099415212,115.48106596655447
2026-01-23 22:00:00,4,46.6325,-1.596666666666667,147.2144384900069,109.47764705882355,105.14294887539018
2026-01-23 23:00:00,4,36.88833333333333,-2.7000000000000006,147.16963338710192,109.47764705882355,96.17383089355334
2026-01-24 00:00:00,4,17.794166666666666,-2.7000000000000006,134.31780485110303,109.47764705882355,97.15911685887548
2026-01-24 01:00:00,4,14.695833333333333,-2.7000000000000006,133.89528362193664,84.83020531400963,101.91817542155752
2026-01-24 02:00:00,4,23.296666666666667,-3.205,103.5806301054763,84.83020531400963,95.89154759314877
2026-01-24 03:00:00,4,19.18,-5.705000000000001,84.23511094800944,84.83020531400963,91.27569341596981
2026-01-24 04:00:00,4,19.1475,-5.490000000000001,66.92636584640407,76.77339453860635,85.96259469998354
2026-01-24 05:00:00,4,19.694166666666664,-5.2825,42.818276153782485,76.77339453860635,78.63745914477266
2026-01-24 06:00:00,4,14.24,-2.7000000000000006,22.02118845507011,75.94922275641024,66.2691733394396
2026-01-24 07:00:00,4,-0.4583333333333332,-0.589166666666667,16.545216680915537,10.796803160919536,29.617888542846593
2026-01-24 08:00:00,4,-7.665,-11.5075,13.650963089799163,-0.7757727272727272,-4.3571511642275595
2026-01-24 09:00:00,4,-6.743333333333333,-11.795,-13.448935253538096,1.0285140562248982,-20.688302641594703
2026-01-24 10:00:00,4,-7.083333333333333,-14.47,-48.377111071918605,-23.501936475409835,-32.81195044177798
2026-01-24 11:00:00,4,-8.3725,-17.40833333333333,-53.0189061026135,-23.501936475409835,-32.765780811411375
2026-01-24 12:00:00,4,-8.919166666666667,-27.05666666666667,-27.225602052134306,1.0285140562248982,-17.28876826797172
2026-01-24 13:00:00,4,-10.0225,-26.33083333333333,-0.9074698124715752,-0.7757727272727272,0.9072610275299127
2026-01-24 14:00:00,4,-6.966666666666666,-21.58583333333333,21.089641853148592,30.746153846153845,18.066451038991346
2026-01-24 15:00:00,4,-2.1925000000000003,-11.990833333333333,61.08380962011762,76.83513784461151,44.30085157832049
2026-01-24 16:00:00,4,20.13416666666667,-7.868333333333333,110.69064306820349,87.7563430420712,83.20561742023003
2026-01-24 17:00:00,4,59.96333333333333,-5.530833333333334,162.24202038534875,130.2370500000001,119.4859850655586
2026-01-24 18:00:00,4,72.60166666666667,-5.066666666666666,199.33429969300812,202.88036858974354,164.53201189304056
2026-01-24 19:00:00,4,103.7925,-1.4391666666666667,190.5987172594623,202.88036858974354,179.69281694631786
2026-01-24 20:00:00,4,123.0825,17.993333333333336,181.11253481502436,202.88036858974354,177.23674605522893
2026-01-24 21:00:00,4,118.91416666666667,12.463333333333331,152.50602957864447,202.88036858974354,161.70002244065864
2026-01-24 22:00:00,4,118.825,8.644166666666665,106.29948436691816,147.03104910714288,138.79722806536094
2026-01-24 23:00:00,4,110.8025,7.354999999999999,106.71414334968057,144.39024464831803,126.10344801457012
2026-01-25 00:00:00,4,89.77083333333333,8.589166666666666,107.70485476308681,144.39024464831803,122.51080083261178
2026-01-25 01:00:00,4,82.225,2.245,129.90764509638365,154.97251333333335,118.52095165862548
2026-01-25 02:00:00,4,86.66250000000001,-0.4641666666666666,121.23965413342934,109.47764705882355,112.86296309009361
2026-01-25 03:00:00,4,85.60583333333334,5.97,107.5652784717829,109.47764705882355,104.57341678190747
2026-01-25 04:00:00,4,77.03833333333333,4.538333333333333,90.14745210906948,103.47833726415091,96.32880087375524
2026-01-25 05:00:00,4,64.83083333333333,7.968333333333334,51.256209248952565,75.94922275641024,87.03524480901166
2026-01-25 06:00:00,4,64.29083333333334,9.1625,40.59260427095402,84.4826375404531,77.98161432952071
2026-01-25 07:00:00,4,34.31166666666667,-0.0375000000000001,41.42330727852546,28.89783805031446,45.22727734270002
2026-01-25 08:00:00,4,21.98,-8.214166666666666,36.81954237622119,10.796803160919536,12.466327278336472
2026-01-25 09:00:00,4,19.77833333333333,-8.574166666666667,32.38521222685263,10.796803160919536,-2.3537840698153616
2026-01-25 10:00:00,4,0.5483333333333333,-21.096666666666668,2.320119213280961,-0.7757727272727272,-15.21274845854387
2026-01-25 11:00:00,4,-1.9358333333333333,-27.084166666666665,-45.6244647920884,-23.501936475409835,-35.17655731103736
2026-01-25 12:00:00,4,-4.333333333333333,-25.535,-65.77064177034725,-48.9520551378446,-43.11508584171173
2026-01-25 13:00:00,4,-5.275,-28.59,-73.06397906514422,-36.27122418879058,-42.6777504433509
2026-01-25 14:00:00,4,-6.1066666666666665,-23.493333333333336,-64.81292820107382,-23.501936475409835,-36.89029950562326
2026-01-25 15:00:00,4,-0.0141666666666664,-7.716666666666666,-46.90702407683557,-23.501936475409835,-23.17206929596452
2026-01-25 16:00:00,4,14.885833333333332,-2.9491666666666667,-11.172183355653203,-13.632913978494628,-4.820750869628554
2026-01-25 17:00:00,4,31.6075,9.011666666666668,38.52862417447262,47.69666666666666,25.52435833621894
2026-01-25 18:00:00,4,82.2725,24.8,79.81792464300453,81.8020303030303,56.07962878880433
2026-01-25 19:00:00,4,144.66,39.92583333333334,99.24480930400168,81.8020303030303,75.79830698231359
2026-01-25 20:00:00,4,127.25,55.54750000000001,94.08903962217113,81.8020303030303,83.27974325427734
2026-01-25 21:00:00,4,107.275,53.70583333333334,91.50185367234259,81.8020303030303,85.71091289209423
2026-01-25 22:00:00,4,81.14833333333333,40.4475,71.47974927977978,70.57716768916157,77.8673530229552
2026-01-25 23:00:00,4,67.845,24.840833333333336,58.28654954605318,70.57716768916157,74.45656366871562
2026-01-26 00:00:00,4,66.40333333333334,35.0025,64.04441671037657,80.67591911764708,82.60651087013119
2026-01-26 01:00:00,4,37.4975,11.143333333333333,80.28826004461854,84.83020531400963,83.7555862963266
2026-01-26 02:00:00,4,28.9575,9.096666666666666,73.47730047077575,84.83020531400963,83.27798796555408
2026-01-26 03:00:00,4,38.1375,5.744166666666666,69.10317446275184,84.83020531400963,83.35949633495457
2026-01-26 04:00:00,4,44.428333333333335,8.518333333333333,66.56500215246858,84.83020531400963,84.64682638545531
2026-01-26 05:00:00,4,49.10416666666666,9.263333333333334,69.74953561386745,84.83020531400963,90.80503861149954
2026-01-26 06:00:00,4,45.67666666666667,9.89,75.06171469608915,84.83020531400963,93.51504844807121
2026-01-26 07:00:00,4,16.6225,0.7716666666666664,72.57353228811971,44.38447194719473,69.13369770628452
2026-01-26 08:00:00,4,1.12,-9.616666666666667,54.639984774285765,12.870006510416669,25.720405910189022
2026-01-26 09:00:00,4,1.1125,-7.738333333333333,29.175381211523387,12.870006510416669,-0.7021342401750701
2026-01-26 10:00:00,4,-2.0391666666666666,-10.2675,-7.260835992419189,-17.311958598726125,-20.92980159652835
2026-01-26 11:00:00,4,-5.608333333333333,-7.065,-17.649923230073355,-17.311958598726125,-17.38352133759207
2026-01-26 12:00:00,4,-2.6508333333333334,-4.4375,-12.283286006572766,-17.311958598726125,-10.953904115761844
2026-01-26 13:00:00,4,-0.8658333333333333,5.6000000000000005,-4.2544462143712,1.0285140562248982,-4.8650061541562195
2026-01-26 14:00:00,4,4.433333333333334,27.88083333333333,12.351866137585695,-0.7757727272727272,5.287510704726813
2026-01-26 15:00:00,4,30.5325,24.861666666666668,48.229528950131524,28.89783805031446,32.392670464203135
2026-01-26 16:00:00,4,29.3875,33.583333333333336,96.20474735497399,87.7563430420712,69.79543854764205
2026-01-26 17:00:00,4,96.06666666666666,2.3975,138.08146897970423,127.66399382716047,110.02851038426394
2026-01-26 18:00:00,4,110.34833333333334,-2.869166666666666,173.65877693737977,147.03104910714288,145.9692024693923
2026-01-26 19:00:00,4,151.92916666666667,29.680833333333336,197.12957512855036,202.88036858974354,168.81483059231266
2026-01-26 20:00:00,4,191.9375,41.693333333333335,187.3396545974645,168.44621014492753,164.06326934727934
2026-01-26 21:00:00,4,102.74583333333334,37.22916666666666,159.09269476358548,171.38931297709917,139.2649841364542
2026-01-26 22:00:00,4,129.19333333333333,34.705,146.7980861579811,171.38931297709917,128.22417978549169
2026-01-26 23:00:00,4,65.62083333333334,32.4,133.74369894363946,138.72073099415212,116.90649343555987
2026-01-27 00:00:00,4,61.6,42.90083333333333,137.79176289155714,138.72073099415212,116.91421833903175
2026-01-27 01:00:00,4,56.307500000000005,48.78666666666667,154.20111607825436,109.47764705882355,111.64575195490093
2026-01-27 02:00:00,4,54.45249999999999,52.35833333333333,148.48076895433613,109.47764705882355,105.13004182470024
2026-01-27 03:00:00,4,52.10416666666666,57.68416666666667,142.6642902484371,84.83020531400963,101.96067470539029
2026-01-27 04:00:00,4,49.70166666666666,64.05666666666667,135.5997761335734,84.83020531400963,107.7166462748916
2026-01-27 05:00:00,4,48.32083333333333,68.44666666666667,143.9293919141171,109.47764705882355,121.95880291996968
2026-01-27 06:00:00,4,47.7625,72.65416666666667,152.23211177295923,109.47764705882355,136.42814277084437
2026-01-27 07:00:00,4,19.171666666666667,60.81916666666667,115.99736913204995,154.97251333333335,102.61533942390759
2026-01-27 08:00:00,4,23.724166666666665,41.50333333333333,86.94651075868688,87.7563430420712,61.97953344489599
2026-01-27 09:00:00,4,34.5525,7.06,47.965800083327906,47.69666666666666,36.593845094881424
2026-01-27 10:00:00,4,34.30083333333334,2.6508333333333334,19.11757256634789,0.7086516853932592,24.099564619728937
2026-01-27 11:00:00,4,22.02083333333333,5.239166666666667,29.891832057646077,42.72338235294117,32.66890112235317
2026-01-27 12:00:00,4,17.9925,5.229166666666667,58.6215577260788,48.28743644067798,51.66715772491999
2026-01-27 13:00:00,4,26.94333333333333,4.888333333333334,99.39037039193514,83.73286666666668,76.00853536267046
2026-01-27 14:00:00,4,64.47166666666666,7.138333333333333,143.435550570155,83.73286666666668,105.09249151197487
2026-01-27 15:00:00,4,116.87833333333332,9.42,195.90647538707418,202.88036858974354,139.5376446911743
2026-01-27 16:00:00,4,283.72166666666664,27.44833333333333,248.06675776396486,202.88036858974354,175.19258647575163
2026-01-27 17:00:00,4,455.035,54.193333333333335,287.61881458318237,202.88036858974354,208.85683918055759
2026-01-27 18:00:00,4,1115.3233333333335,61.78416666666666,312.2912804994064,202.88036858974354,218.11380136064213
2026-01-27 19:00:00,4,502.7791666666666,66.695,295.3903436984651,202.88036858974354,211.66953889308303
2026-01-27 20:00:00,4,237.63583333333327,69.86,285.7741648046092,202.88036858974354,209.85288795101772
2026-01-27 21:00:00,4,115.38916666666668,68.33833333333332,223.32622250317974,202.88036858974354,186.6544469915508
2026-01-27 22:00:00,4,110.66083333333334,66.37416666666667,171.32695239145923,202.88036858974354,159.6766304656054
2026-01-27 23:00:00,4,141.0025,63.93333333333334,163.8822572148335,168.44621014492753,153.01466002590834
2026-01-28 00:00:00,4,95.94333333333331,63.35666666666666,164.81336090925987,171.38931297709917,144.41405359896436
2026-01-28 01:00:00,4,91.43333333333334,61.95916666666667,175.5201989971678,154.97251333333335,137.83875066041452
2026-01-28 02:00:00,4,89.0125,59.66583333333333,138.52806039577922,154.97251333333335,127.04233677400114
2026-01-28 03:00:00,4,97.73,61.17250000000001,117.71573681621078,109.47764705882355,121.93986139540426
2026-01-28 04:00:00,4,96.1625,69.24583333333334,94.32686916786231,80.67591911764708,113.87425513936714
2026-01-28 05:00:00,4,103.455,75.27666666666667,93.74278697159271,80.67591911764708,118.9984932965508
2026-01-28 06:00:00,4,136.11249999999998,89.96666666666665,124.34386520505069,154.97251333333335,138.86749098370524
2026-01-28 07:00:00,4,134.98999999999998,76.13000000000001,138.46200940769452,130.2370500000001,127.61346153924616
2026-01-28 08:00:00,4,52.82083333333333,40.865833333333335,114.24888920152247,81.8020303030303,90.956652420962
2026-01-28 09:00:00,4,22.3475,14.274166666666666,80.77587141960583,81.8020303030303,51.987004956618186
2026-01-28 10:00:00,4,5.55,0.2291666666666667,45.68900119246052,47.69666666666666,24.54058899036157
2026-01-28 11:00:00,4,9.351666666666668,-6.0225,31.615059731377308,0.7086516853932592,21.878910067552837
2026-01-28 12:00:00,4,9.155833333333334,-8.493333333333334,40.57993573917073,22.240525,21.292965983121086
2026-01-28 13:00:00,4,8.470833333333333,-10.034166666666666,54.5391442124984,22.240525,34.10490657629251
2026-01-28 14:00:00,4,12.4275,-10.4425,37.244486709942535,0.7086516853932592,26.6869318582106
2026-01-28 15:00:00,4,33.00416666666667,-10.2075,47.338089419229014,42.72338235294117,36.86381635163482
2026-01-28 16:00:00,4,50.51583333333334,-17.19333333333333,77.54237126186575,48.28743644067798,50.55206265399984
2026-01-28 17:00:00,4,28.89833333333333,-9.546666666666669,93.4063028212656,48.28743644067798,60.657437952653254
2026-01-28 18:00:00,4,64.91666666666667,-6.339166666666667,115.65552888568274,48.28743644067798,74.1089730067559
2026-01-28 19:00:00,4,70.90666666666667,-2.8175000000000003,122.79947746132125,48.28743644067798,84.01810775286366
2026-01-28 20:00:00,4,67.61333333333333,-0.535,131.69104815119803,127.66399382716047,110.1956345225878
2026-01-28 21:00:00,4,62.3225,4.230833333333334,114.22107958506133,81.8020303030303,101.0494820427604
2026-01-28 22:00:00,4,45.51499999999999,-1.4258333333333333,86.13353303291963,81.8020303030303,81.71341014452871
2026-01-28 23:00:00,4,28.084166666666665,0.1174999999999999,69.70258375381337,70.57716768916157,73.46005797193733
2026-01-29 00:00:00,4,20.36,9.15,73.09403858219214,70.57716768916157,74.01322440427703
2026-01-29 01:00:00,4,17.065833333333334,10.3375,78.61028688045198,70.57716768916157,69.22306676295158
2026-01-29 02:00:00,4,18.63,10.985,68.30061951445822,38.288773584905655,72.00467678084644
2026-01-29 03:00:00,4,11.388333333333334,10.5175,48.85837709818729,38.288773584905655,65.24225000885329
2026-01-29 04:00:00,4,8.549166666666666,12.3175,40.87047584564643,38.288773584905655,66.89754166590068
2026-01-29 05:00:00,4,13.404166666666669,11.7575,54.092614356483814,38.288773584905655,84.70600719998006
2026-01-29 06:00:00,4,44.85,10.261666666666663,87.2043967107457,70.57716768916157,114.1543110237095
2026-01-29 07:00:00,4,39.75083333333333,12.774166666666666,111.54385136901541,81.8020303030303,106.53258250981133
2026-01-29 08:00:00,4,12.808333333333332,-6.578333333333333,107.72710689760814,87.7563430420712,73.00443293895272
2026-01-29 09:00:00,4,19.114166666666662,-13.088333333333331,92.26025189571361,76.83513784461151,49.91326225041512
2026-01-29 10:00:00,4,16.68,-20.04833333333333,60.594611556852634,28.89783805031446,24.71499201303802
2026-01-29 11:00:00,4,14.901666666666666,-23.17,32.758845174670604,-0.7757727272727272,7.468290478530108
2026-01-29 12:00:00,4,14.066666666666668,-24.930833333333336,23.477581875951948,-0.7757727272727272,-2.950809429966128
2026-01-29 13:00:00,4,19.34,-27.231666666666666,19.519548027930803,-6.951965090090092,1.9769432002772334
2026-01-29 14:00:00,4,29.771666666666665,-23.62833333333333,52.24676001071498,47.69666666666666,31.224250755527265
2026-01-29 15:00:00,4,55.925,-15.034166666666666,94.46354788866857,81.8020303030303,68.90532133233994
2026-01-29 16:00:00,4,33.4625,-10.823333333333332,97.67663529118423,81.8020303030303,76.09741366558558
2026-01-29 17:00:00,4,28.5825,-6.2875000000000005,111.019520354772,127.66399382716047,75.35685193052258
2026-01-29 18:00:00,4,64.68416666666667,-3.240833333333333,133.10586751806554,127.66399382716047,102.31901955754891
2026-01-29 19:00:00,4,92.0325,6.491666666666667,128.7990730744026,127.66399382716047,124.21163918738608
2026-01-29 20:00:00,4,94.59666666666668,24.605833333333333,134.2487997907528,144.39024464831803,145.09615754153666
2026-01-29 21:00:00,4,96.49083333333334,19.08,131.51448408931708,144.39024464831803,140.5669701035789
2026-01-29 22:00:00,4,95.47166666666668,19.166666666666668,122.51000379852385,138.72073099415212,126.97452541595035
2026-01-29 23:00:00,4,84.83583333333333,30.81583333333333,102.44235655245285,109.47764705882355,113.50844438990978
2026-01-30 00:00:00,4,91.87166666666668,29.29583333333333,106.98424864587122,138.72073099415212,117.3319625889618
2026-01-30 01:00:00,4,75.90083333333332,36.318333333333335,128.5052849539407,109.47764705882355,119.8384433845315
2026-01-30 02:00:00,4,71.33083333333333,24.618333333333336,123.68728221920819,109.47764705882355,117.82376365066361
2026-01-30 03:00:00,4,77.23916666666666,30.57083333333333,120.30792736249265,109.47764705882355,115.71019462926085
2026-01-30 04:00:00,4,83.5,35.94,109.38797477758173,109.47764705882355,120.88996190456018
2026-01-30 05:00:00,4,100.80666666666669,38.744166666666665,91.82584056003387,109.47764705882355,126.53675433966737
2026-01-30 06:00:00,4,111.79833333333332,48.9875,116.27337656882139,154.97251333333335,142.14167977357522
2026-01-30 07:00:00,4,112.695,28.096666666666664,149.60485437472354,120.50301779935273,128.1016945248413
2026-01-30 08:00:00,4,92.81416666666668,-1.7633333333333334,160.1959197703907,120.50301779935273,93.35641823368589
2026-01-30 09:00:00,4,74.99416666666666,-6.13,141.8021721719697,120.50301779935273,71.77396422518655
2026-01-30 10:00:00,4,80.87166666666667,-6.7425,113.96164027631409,120.50301779935273,58.68538649066906
2026-01-30 11:00:00,4,91.2225,-7.945833333333333,96.83639973067075,76.83513784461151,50.35300596248875
2026-01-30 12:00:00,4,103.7125,-7.673333333333333,91.91101686762138,76.83513784461151,46.78316782748505
2026-01-30 13:00:00,4,104.5825,-6.4375,95.43252041788399,87.7563430420712,50.72883403972841
2026-01-30 14:00:00,4,84.48166666666667,0.1541666666666664,94.81577824233999,81.8020303030303,57.111863010309825
2026-01-30 15:00:00,4,56.5725,2.480833333333333,104.03047041220907,127.66399382716047,74.3683593224583
2026-01-30 16:00:00,4,94.03166666666668,0.4299999999999997,138.85495984873717,127.66399382716047,112.43537965881401
2026-01-30 17:00:00,4,106.885,5.4558333333333335,182.3873775845794,202.88036858974354,153.56337533310827
2026-01-30 18:00:00,4,120.7275,24.570833333333336,211.0942828833163,202.88036858974354,181.00627691750256
2026-01-30 19:00:00,4,134.76583333333335,54.748333333333335,208.19319202314585,202.88036858974354,186.7338272663223
2026-01-30 20:00:00,4,123.79,61.48166666666666,190.5994278764393,202.88036858974354,184.86973968136408
2026-01-30 21:00:00,4,103.945,55.82583333333333,177.47080188399784,168.44621014492753,168.85686671992042
2026-01-30 22:00:00,4,100.36333333333334,46.6325,147.1613267112287,144.39024464831803,148.59838969348704
2026-01-30 23:00:00,4,93.49833333333332,36.88833333333333,118.22795713686338,118.26217948717951,126.31052868579047
2026-01-31 00:00:00,4,104.305,17.794166666666666,107.82640487524995,118.26217948717951,125.13819951400795
2026-01-31 01:00:00,4,114.415,14.695833333333333,126.27058780700543,154.97251333333335,125.82265807573287
2026-01-31 02:00:00,4,116.18583333333332,23.296666666666667,124.25519703369736,109.47764705882355,121.1777233927229
2026-01-31 03:00:00,4,100.3075,19.18,111.09484222261563,109.47764705882355,113.54535213977152
2026-01-31 04:00:00,4,103.235,19.1475,102.03623745996028,109.47764705882355,110.53943106982621
2026-01-31 05:00:00,4,120.19083333333332,19.694166666666664,98.2985422093108,109.47764705882355,108.8613355353244
2026-01-31 06:00:00,4,142.95166666666668,14.24,101.29774091363007,109.47764705882355,109.63817543445036
2026-01-31 07:00:00,4,144.70833333333334,-0.4583333333333332,107.77891868401147,76.83513784461151,84.64508004459864
2026-01-31 08:00:00,4,193.9466666666667,-7.665,107.29496086103964,76.83513784461151,51.2505245621055
2026-01-31 09:00:00,4,153.57,-6.743333333333333,109.0969291440912,76.83513784461151,31.72216832922686
2026-01-31 10:00:00,4,32.204166666666666,-7.083333333333333,81.67847718170945,44.38447194719473,18.4156092156935
2026-01-31 11:00:00,4,31.710833333333337,-8.3725,47.49865194951137,12.870006510416669,5.530290145070651
2026-01-31 12:00:00,4,38.38583333333333,-8.919166666666667,40.294873302514745,28.89783805031446,10.770869401170884
2026-01-31 13:00:00,4,46.3825,-10.0225,54.05225653068776,28.89783805031446,23.752531433029247
2026-01-31 14:00:00,4,65.58833333333332,-6.966666666666666,116.93037219837133,81.8020303030303,72.68664002973983
2026-01-31 15:00:00,4,35.723333333333336,-2.1925000000000003,82.97986069832494,81.8020303030303,52.266035537890914
2026-01-31 16:00:00,4,15.4575,20.13416666666667,73.71016872298591,42.72338235294117,57.023413417880576
2026-01-31 17:00:00,4,11.445,59.96333333333333,75.79192239138047,42.72338235294117,68.61524095016907
2026-01-31 18:00:00,4,43.8775,72.60166666666667,89.84575898102833,127.66399382716047,121.0667725841186
2026-01-31 19:00:00,4,86.39,103.7925,88.9186601799358,127.66399382716047,105.39860216660163
2026-01-31 20:00:00,4,78.4525,123.0825,90.25189696002403,81.8020303030303,104.12643674215036
2026-01-31 21:00:00,4,66.1875,118.91416666666667,65.89539452341697,81.8020303030303,80.93846068409941
2026-01-31 22:00:00,4,34.7,118.825,42.1112678836036,70.57716768916157,64.82094789506907
2026-01-31 23:00:00,4,34.634166666666665,110.8025,20.12401329787702,22.240525,53.327830598698554
2026-02-01 00:00:00,4,45.97166666666666,89.77083333333333,13.049794320650378,22.240525,51.76853004360936
2026-02-01 01:00:00,4,31.992500000000003,82.225,31.217142605064772,47.70066006600659,52.89338320160137
2026-02-01 02:00:00,4,33.70583333333333,86.66250000000001,25.07632221540345,47.70066006600659,51.484526827590095
2026-02-01 03:00:00,4,28.4225,85.60583333333334,24.441083186673183,54.872553475935796,53.33892931863226
2026-02-01 04:00:00,4,33.865833333333335,77.03833333333333,21.56534198370332,46.1234159779614,54.61408747480637
2026-02-01 05:00:00,4,20.255,64.83083333333333,15.620604839376682,46.1234159779614,52.055794149881415
2026-02-01 06:00:00,4,14.346666666666666,64.29083333333334,3.6366228739092037,54.872553475935796,45.08067671413293
2026-02-01 07:00:00,4,28.3775,34.31166666666667,-18.407347391107805,47.70066006600659,15.727953046504659
2026-02-01 08:00:00,4,36.43833333333333,21.98,-27.658281773534185,-6.951965090090092,-8.885111355564376
2026-02-01 09:00:00,4,-6.05,19.77833333333333,-53.27816139765039,-37.29752136752139,-30.560229968866764
2026-02-01 10:00:00,4,-8.785833333333334,0.5483333333333333,-71.77830319601281,-37.29752136752139,-38.67602365499434
2026-02-01 11:00:00,4,-29.534166666666668,-1.9358333333333333,-73.14168494272559,-48.9520551378446,-40.25709689034265
2026-02-01 12:00:00,4,-44.9275,-4.333333333333333,-105.71920814558419,-48.9520551378446,-47.99857784174509
2026-02-01 13:00:00,4,-52.30833333333334,-5.275,-113.83969052750115,-48.9520551378446,-49.114526972536524
2026-02-01 14:00:00,4,-48.78916666666667,-6.1066666666666665,-91.22670681507074,-37.29752136752139,-41.090605830384646
2026-02-01 15:00:00,4,-28.469166666666663,-0.0141666666666664,-85.13971993617884,-37.29752136752139,-36.98570493456529
2026-02-01 16:00:00,4,-29.840833333333336,14.885833333333332,-76.6835731372206,-28.101846846846847,-34.94554528069939
2026-02-01 17:00:00,4,-17.008333333333333,31.6075,-62.45073387057403,-14.543771428571429,-30.614795291435527
2026-02-01 18:00:00,4,-10.394166666666669,82.2725,-37.614197124139295,-14.543771428571429,-24.29269997607672
2026-02-01 19:00:00,4,-7.495833333333334,144.66,-24.379122118805682,-14.543771428571429,-13.783530982197178
2026-02-01 20:00:00,4,-3.3375,127.25,-4.08418893314095,0.7086516853932592,-1.0731068808090498
2026-02-01 21:00:00,4,2.6016666666666666,107.275,-2.525538574868193,0.7086516853932592,0.5890011439430509
2026-02-01 22:00:00,4,7.039166666666667,81.14833333333333,-25.75069070883326,0.0844141914191424,-4.143369571549101
2026-02-01 23:00:00,4,4.234166666666667,67.845,-34.59236851951461,-7.55362612612613,-2.8605030188613654
2026-02-02 00:00:00,4,11.295833333333334,66.40333333333334,-21.743461297173326,0.0844141914191424,8.174600527039829
2026-02-02 01:00:00,4,10.123333333333331,37.4975,-5.67556212495316,-7.55362612612613,8.179032596055237
2026-02-02 02:00:00,4,10.155,28.9575,-10.285247255134422,12.807289325842698,11.873154331708662
2026-02-02 03:00:00,4,9.006666666666666,38.1375,-13.080326170261458,47.70066006600659,17.36136964318144
2026-02-02 04:00:00,4,13.319166666666666,44.428333333333335,-5.38090075547737,47.70066006600659,27.165058000139688
2026-02-02 05:00:00,4,23.38166666666667,49.10416666666666,16.193590131810325,54.872553475935796,49.03438740838877
2026-02-02 06:00:00,4,42.134166666666665,45.67666666666667,44.127283393022026,70.57716768916157,78.85195583762489
2026-02-02 07:00:00,4,40.96333333333333,16.6225,55.535658753858364,81.8020303030303,68.10601024604028
2026-02-02 08:00:00,4,-2.770833333333333,1.12,29.023017134411397,47.69666666666666,24.991812231096766
2026-02-02 09:00:00,4,-12.0775,1.1125,-4.116171863754801,-6.951965090090092,-10.54406833471468
2026-02-02 10:00:00,4,-11.865833333333333,-2.0391666666666666,-27.742549620742025,-23.501936475409835,-28.684071760877373
2026-02-02 11:00:00,4,-13.4775,-5.608333333333333,-42.181530527604764,-23.501936475409835,-38.54881638422482
2026-02-02 12:00:00,4,-15.024166666666666,-2.6508333333333334,-57.17483294974437,-36.27122418879058,-44.72050689037279
2026-02-02 13:00:00,4,-17.108333333333334,-0.8658333333333333,-64.130945922747,-48.9520551378446,-52.070793035907954
2026-02-02 14:00:00,4,-13.065833333333332,4.433333333333334,-64.50183210982007,-36.27122418879058,-49.08042533947575
2026-02-02 15:00:00,4,-10.61,30.5325,-63.73578642177566,-36.27122418879058,-46.64195339655245
2026-02-02 16:00:00,4,-8.701666666666666,29.3875,-42.833808389912434,-23.501936475409835,-35.920977646419146
2026-02-02 17:00:00,4,-7.006666666666667,96.06666666666666,-26.528925365615322,-13.632913978494628,-21.33978844654537
2026-02-02 18:00:00,4,2.3925,110.34833333333334,4.4472796500068625,-14.543771428571429,-2.1260609016555208
2026-02-02 19:00:00,4,44.68083333333333,151.92916666666667,50.44577278581608,42.72338235294117,34.010186845516124
2026-02-02 20:00:00,4,61.4575,191.9375,71.99789728826177,81.8020303030303,66.44316143988114
2026-02-02 21:00:00,4,60.62833333333333,102.74583333333334,69.00962536724786,81.8020303030303,72.18707799811182
2026-02-02 22:00:00,4,29.94,129.19333333333333,52.645878041559214,70.57716768916157,64.92069703785015
2026-02-02 23:00:00,4,15.765,65.62083333333334,49.36458995995759,84.4826375404531,73.00983985429949
2026-02-03 00:00:00,4,47.96833333333333,61.6,69.74118000280762,109.47764705882355,95.08103561825553
2026-02-03 01:00:00,4,56.97666666666667,56.307500000000005,112.09002984124885,122.69181818181822,103.34812648675383
2026-02-03 02:00:00,4,55.34916666666666,54.45249999999999,129.00997976083858,103.47833726415091,106.65336361658225
2026-02-03 03:00:00,4,54.223333333333336,52.10416666666666,121.95548359011124,103.47833726415091,104.31784269255147
2026-02-03 04:00:00,4,58.895833333333336,49.70166666666666,105.69101401679772,122.69181818181822,105.94795832057409
2026-02-03 05:00:00,4,60.626666666666665,48.32083333333333,98.44467442340608,122.69181818181822,110.5308423250016
2026-02-03 06:00:00,4,51.5275,47.7625,105.08885583192469,130.93354562737636,126.6970201556262
2026-02-03 07:00:00,4,30.6125,19.171666666666667,77.71948840615788,80.67591911764708,83.94974755167992
2026-02-03 08:00:00,4,2.8016666666666663,23.724166666666665,34.56654172718063,47.69666666666666,23.519350665287973
2026-02-03 09:00:00,4,-5.734166666666667,34.5525,-44.22684590350907,-14.543771428571429,-18.713279702688155
2026-02-03 10:00:00,4,-6.7375,34.30083333333334,-81.65828363388712,-37.29752136752139,-36.398019363741795
2026-02-03 11:00:00,4,-6.7941666666666665,22.02083333333333,-100.61806952909873,-36.27122418879058,-47.019399771046864
2026-02-03 12:00:00,4,-7.538333333333333,17.9925,-98.63161046860336,-36.27122418879058,-50.13860286568638
2026-02-03 13:00:00,4,-8.705,26.94333333333333,-85.85287610289993,-36.27122418879058,-48.939328156408536
2026-02-03 14:00:00,4,-6.65,64.47166666666666,-59.21104460993635,-23.501936475409835,-40.340491934705085
2026-02-03 15:00:00,4,-0.4166666666666667,116.87833333333332,-27.9002062060175,-23.501936475409835,-22.029805463736892
2026-02-03 16:00:00,4,36.29416666666666,283.72166666666664,30.818247560144115,-6.951965090090092,25.512241003412328
2026-02-03 17:00:00,4,70.55333333333333,455.035,96.18063765185981,81.8020303030303,81.59895270860059
2026-02-03 18:00:00,4,87.03083333333332,1115.3233333333335,147.27073358629474,130.2370500000001,129.58170622903995
2026-02-03 19:00:00,4,100.36666666666667,502.7791666666666,152.68704042806775,130.2370500000001,151.1003102142048
2026-02-03 20:00:00,4,95.6225,237.63583333333327,137.72284885434595,144.39024464831803,149.17526640129347
2026-02-03 21:00:00,4,89.115,115.38916666666668,138.71023981434325,144.39024464831803,142.0459736381838
2026-02-03 22:00:00,4,80.17583333333333,110.66083333333334,123.58490130893219,138.72073099415212,124.08822906330953
2026-02-03 23:00:00,4,90.74833333333332,141.0025,92.2129278013305,109.47764705882355,104.60429776601808
2026-02-04 00:00:00,4,97.47916666666669,95.94333333333331,69.91137903872468,101.73940251572323,102.85322658144078
2026-02-04 01:00:00,4,89.11333333333333,91.43333333333334,71.15862443670538,101.73940251572323,83.73994706712459
2026-02-04 02:00:00,4,82.94333333333333,89.0125,45.74057334200764,30.678391666666684,68.74394150461949
2026-02-04 03:00:00,4,79.27166666666666,97.73,24.770724234445474,30.678391666666684,54.9800419005921
2026-02-04 04:00:00,4,74.8275,96.1625,16.114957210245493,12.807289325842698,50.5978409085032
2026-02-04 05:00:00,4,76.4725,103.455,18.330471478589338,12.807289325842698,56.667788777777055
2026-02-04 06:00:00,4,77.18833333333333,136.11249999999998,34.95502257495256,70.57716768916157,68.7623275806069
2026-02-04 07:00:00,4,53.70249999999999,134.98999999999998,40.89511314383158,81.8020303030303,59.456568072579415
2026-02-04 08:00:00,4,1.7141666666666666,52.82083333333333,14.432738029219593,22.240525,36.48897207183759
2026-02-04 09:00:00,4,-1.5766666666666669,22.3475,-1.251787950894638,0.7086516853932592,20.35625984447372
2026-02-04 10:00:00,4,-0.6308333333333334,5.55,0.9692484423654548,0.7086516853932592,18.391465939264954
2026-02-04 11:00:00,4,23.329166666666666,9.351666666666668,29.027187875487627,42.72338235294117,39.17503905584168
2026-02-04 12:00:00,4,55.79749999999999,9.155833333333334,49.48385570903962,81.8020303030303,51.63623991978527
2026-02-04 13:00:00,4,40.365833333333335,8.470833333333333,65.92944636738548,81.8020303030303,65.2854938812148
2026-02-04 14:00:00,4,36.009166666666665,12.4275,82.8869928581624,76.83513784461151,77.9651644726237
2026-02-04 15:00:00,4,64.35416666666667,33.00416666666667,92.45772197562837,81.8020303030303,82.62679957326635
2026-02-04 16:00:00,4,83.05666666666666,50.51583333333334,93.07518307042149,81.8020303030303,81.69853805918885
2026-02-04 17:00:00,4,95.37666666666668,28.89833333333333,105.99108646836618,81.8020303030303,96.89445872358291
2026-02-04 18:00:00,4,136.04916666666665,64.91666666666667,112.92765710510693,127.66399382716047,112.36178133400537
2026-02-04 19:00:00,4,177.5275,70.90666666666667,128.62112408509975,130.2370500000001,145.44308173706645
2026-02-04 20:00:00,4,157.12416666666667,67.61333333333333,148.71914349779988,171.38931297709917,166.35500990320193
2026-02-04 21:00:00,4,146.32500000000002,62.3225,121.6624593205472,138.72073099415212,142.46359386106218
2026-02-04 22:00:00,4,141.19833333333335,45.51499999999999,91.77250307512664,109.47764705882355,116.11455330075695
2026-02-04 23:00:00,4,108.29833333333332,28.084166666666665,81.82837796130808,109.47764705882355,109.15401301753796
2026-02-05 00:00:00,4,123.18,20.36,76.51876966775451,109.47764705882355,111.44915034549037
2026-02-05 01:00:00,4,123.07083333333333,17.065833333333334,69.50547427849078,84.4826375404531,88.3350901446269
2026-02-05 02:00:00,4,126.02083333333331,18.63,54.80984301085539,84.4826375404531,82.21606693603967
2026-02-05 03:00:00,4,128.0641666666667,11.388333333333334,53.86511479351039,75.94922275641024,89.33241507999854
2026-02-05 04:00:00,4,137.5025,8.549166666666666,57.56586851910022,103.47833726415091,97.91904647529016
2026-02-05 05:00:00,4,151.31916666666666,13.404166666666669,56.418361343941015,103.47833726415091,101.7934260177452
2026-02-05 06:00:00,4,176.94083333333333,44.85,75.85494152663996,109.47764705882355,122.77008877697905
2026-02-05 07:00:00,4,148.80583333333334,39.75083333333333,96.04023184192961,109.47764705882355,117.51154896735099
2026-02-05 08:00:00,4,55.458333333333336,12.808333333333332,98.21287543256379,76.83513784461151,81.73240613199849
2026-02-05 09:00:00,4,38.2625,19.114166666666662,68.14487512513075,76.83513784461151,32.97609327694466
2026-02-05 10:00:00,4,29.468333333333334,16.68,42.6619113617722,10.796803160919536,17.423054466336332
2026-02-05 11:00:00,4,16.536666666666665,14.901666666666666,9.92652632048943,-0.7757727272727272,-4.870680732462517
2026-02-05 12:00:00,4,10.5825,14.066666666666668,-3.110195470276693,-0.7757727272727272,-15.732053857412907
2026-02-05 13:00:00,4,11.8275,19.34,-9.90901788550255,-13.632913978494628,-15.223540154515803
2026-02-05 14:00:00,4,11.935,29.771666666666665,-14.846024449465972,-23.501936475409835,-19.861196524083255
2026-02-05 15:00:00,4,-60.37416666666667,55.925,-12.591104826776743,-13.632913978494628,-18.63925256066983
2026-02-05 16:00:00,4,-1.695833333333333,33.4625,-1.4955617701856596,-13.632913978494628,-8.328209786342612
2026-02-05 17:00:00,4,10.902499999999998,28.5825,29.817018241704638,22.240525,17.404033916712322
2026-02-05 18:00:00,4,30.655833333333334,64.68416666666667,67.36537148417919,42.72338235294117,48.584670594782764
2026-02-05 19:00:00,4,128.4175,92.0325,96.59369328599566,81.8020303030303,79.10552648458773
2026-02-05 20:00:00,4,136.5975,94.59666666666668,110.06545308976904,81.8020303030303,102.9973253112976
2026-02-05 21:00:00,4,121.5875,96.49083333333334,99.46214283295727,81.8020303030303,100.04943054981396
2026-02-05 22:00:00,4,104.03416666666668,95.47166666666668,87.08803518956773,101.73940251572323,94.82890514840862
2026-02-05 23:00:00,4,100.7275,84.83583333333333,75.18383563744712,101.73940251572323,87.0326394536898
2026-02-06 00:00:00,4,106.17333333333332,91.87166666666668,70.90465289179635,101.73940251572323,90.58423866286603
2026-02-06 01:00:00,4,127.20333333333332,75.90083333333332,102.92151003297772,109.47764705882355,102.91381462517255
2026-02-06 02:00:00,4,130.13833333333332,71.33083333333333,96.04289198926848,84.83020531400963,106.34994789042509
2026-02-06 03:00:00,4,139.04666666666665,77.23916666666666,91.88027135927383,84.83020531400963,104.08574484528964
2026-02-06 04:00:00,4,151.92833333333334,83.5,93.33831327041446,84.83020531400963,108.62562795836055
2026-02-06 05:00:00,4,157.95333333333335,100.80666666666669,104.2325788369042,84.83020531400963,119.65188101407117
2026-02-06 06:00:00,4,176.16,111.79833333333332,133.07262482404337,109.47764705882355,143.63736962794354
2026-02-06 07:00:00,4,123.775,112.695,146.1925906145397,154.97251333333335,130.70405452454014
2026-02-06 08:00:00,4,56.33583333333333,92.81416666666668,115.0667295285491,76.83513784461151,67.97163637094494
2026-02-06 09:00:00,4,47.88333333333333,74.99416666666666,82.62548053948629,44.38447194719473,29.81008274168252
2026-02-06 10:00:00,4,30.85,80.87166666666667,54.713791079065516,12.870006510416669,12.307435265613385
2026-02-06 11:00:00,4,6.344166666666666,91.2225,24.57226783879276,1.0285140562248982,-3.9405992857710004
2026-02-06 12:00:00,4,18.581666666666667,103.7125,4.203398773719741,1.0285140562248982,-17.77190674068777
2026-02-06 13:00:00,4,-59.6075,104.5825,-5.986165436151481,-17.311958598726125,-25.89252232519884
2026-02-06 14:00:00,4,-16.8,84.48166666666667,2.73289950360288,1.0285140562248982,-20.871292681364395
2026-02-06 15:00:00,4,8.1175,56.5725,6.83122599733305,-23.501936475409835,-14.891477057690679
2026-02-06 16:00:00,4,86.30666666666667,94.03166666666668,25.839113450125033,-6.951965090090092,10.067562473267266
2026-02-06 17:00:00,4,92.56666666666666,106.885,56.348948150536444,47.69666666666666,38.96696054891701
2026-02-06 18:00:00,4,89.32083333333333,120.7275,97.36053183129657,81.8020303030303,70.78331293258711
2026-02-06 19:00:00,4,115.52166666666666,134.76583333333335,127.22540928226981,127.66399382716047,98.56079096656784
2026-02-06 20:00:00,4,97.44916666666666,123.79,122.15043993298048,81.8020303030303,105.70930040828182
2026-02-06 21:00:00,4,84.375,103.945,111.93946580151382,81.8020303030303,100.50576153516089
2026-02-06 22:00:00,4,81.375,100.36333333333334,98.96945501723661,80.67591911764708,94.59226795716806
2026-02-06 23:00:00,4,76.09,93.49833333333332,88.248760071878,109.47764705882355,92.97198500214111
2026-02-07 00:00:00,4,75.79583333333333,104.305,86.88190833324657,109.47764705882355,103.31355699922408
2026-02-07 01:00:00,4,69.17583333333333,114.415,98.50068379548624,109.47764705882355,102.17162050729802
2026-02-07 02:00:00,4,74.3325,116.18583333333332,92.12658031794658,84.83020531400963,99.14742113719996
2026-02-07 03:00:00,4,78.0175,100.3075,82.12956842139869,84.83020531400963,96.88646792794111
2026-02-07 04:00:00,4,68.69583333333334,103.235,78.18688645076723,84.83020531400963,96.59656534008096
2026-02-07 05:00:00,4,60.3225,120.19083333333332,80.17974670072071,84.83020531400963,97.8552971647208
2026-02-07 06:00:00,4,65.22500000000001,142.95166666666668,85.4162441456328,84.83020531400963,98.83655860499678
2026-02-07 07:00:00,4,52.54833333333334,144.70833333333334,88.92329856023842,44.38447194719473,71.41089300005869
2026-02-07 08:00:00,4,23.53333333333333,193.9466666666667,80.11968095198384,12.870006510416669,21.716154595866882
2026-02-07 09:00:00,4,16.25166666666667,153.57,42.244689858460305,12.870006510416669,-5.045678314104634
2026-02-07 10:00:00,4,9.4075,32.204166666666666,6.918501384656423,1.0285140562248982,-22.23759061486085
2026-02-07 11:00:00,4,12.285000000000002,31.710833333333337,-12.529115882589196,-17.311958598726125,-31.130589089353734
2026-02-07 12:00:00,4,29.22,38.38583333333333,-32.17277971327357,-17.311958598726125,-41.68471758807016
2026-02-07 13:00:00,4,36.388333333333335,46.3825,-31.03896748786923,-17.311958598726125,-40.41367287017144
2026-02-07 14:00:00,4,49.875,65.58833333333332,-27.023756819657464,-36.27122418879058,-37.397143098022894
2026-02-07 15:00:00,4,32.16416666666667,35.723333333333336,-10.965614361925489,-23.501936475409835,-26.33082499466171
2026-02-07 16:00:00,4,53.1575,15.4575,24.38163593637161,-6.951965090090092,0.4341954647071873
2026-02-07 17:00:00,4,86.55416666666667,11.445,79.19896760975617,47.69666666666666,36.70022931630403
2026-02-07 18:00:00,4,74.99666666666667,43.8775,113.6344978770399,81.8020303030303,75.25175787343234
2026-02-07 19:00:00,4,77.4175,86.39,139.8691636752544,87.7563430420712,109.29871508895785
2026-02-07 20:00:00,4,85.7425,78.4525,153.23955729239958,118.26217948717951,129.3955818931691
2026-02-07 21:00:00,4,84.445,66.1875,149.79490128523616,138.72073099415212,127.32568777405726
2026-02-07 22:00:00,4,67.01,34.7,147.15738159398984,109.47764705882355,120.88263261605157
2026-02-07 23:00:00,4,52.20249999999999,34.634166666666665,132.52655582330937,109.47764705882355,111.21529735794036
2026-02-08 00:00:00,4,32.48500000000001,45.97166666666666,125.33987775310644,109.47764705882355,109.4662642490137
2026-02-08 01:00:00,4,43.24916666666667,31.992500000000003,137.7071425889738,103.47833726415091,103.00916124789777
2026-02-08 02:00:00,4,27.945833333333336,33.70583333333333,105.76065201220048,103.47833726415091,93.62486680156326
2026-02-08 03:00:00,4,12.783333333333331,28.4225,60.9040233305341,46.1234159779614,72.82080700578942
2026-02-08 04:00:00,4,3.806666666666666,33.865833333333335,27.134174086919536,47.70066006600659,56.74735529314901
2026-02-08 05:00:00,4,0.9216666666666664,20.255,-3.076160697104754,12.807289325842698,44.006376329356115
2026-02-08 06:00:00,4,8.17,14.346666666666666,-13.934024105182317,12.807289325842698,42.6885800781494
2026-02-08 07:00:00,4,8.95,28.3775,-25.546226191910506,-6.951965090090092,22.163731683048873
2026-02-08 08:00:00,4,5.246666666666666,36.43833333333333,-17.27069761939336,-6.951965090090092,-2.5738286246217825
2026-02-08 09:00:00,4,-2.84,-6.05,-10.499734992671137,-0.7757727272727272,-15.006407161393682
2026-02-08 10:00:00,4,-5.206666666666666,-8.785833333333334,-16.348265687420025,-23.501936475409835,-24.454041997672803
2026-02-08 11:00:00,4,21.6275,-29.534166666666668,23.472976599113963,-0.7757727272727272,-4.651904074731576
2026-02-08 12:00:00,4,27.15,-44.9275,65.17333156453458,12.870006510416669,19.144633954085513
2026-02-08 13:00:00,4,33.3025,-52.30833333333334,96.80612705442098,76.83513784461151,42.046363887013655
2026-02-08 14:00:00,4,30.32166666666667,-48.78916666666667,46.36738169808986,10.796803160919536,21.60405016238858
2026-02-08 15:00:00,4,25.734166666666667,-28.469166666666663,34.11280972527961,28.89783805031446,14.590869561471656
2026-02-08 16:00:00,4,77.33666666666666,-29.840833333333336,55.30337931356986,47.69666666666666,35.85230905954379
2026-02-08 17:00:00,4,82.1425,-17.008333333333333,144.08380399077373,127.66399382716047,105.63561497728568
2026-02-08 18:00:00,4,100.82,-10.394166666666669,215.0335063294301,130.2370500000001,159.30893388950753
2026-02-08 19:00:00,4,94.7,-7.495833333333334,223.92584783352095,130.2370500000001,165.3102494621449
2026-02-08 20:00:00,4,80.725,-3.3375,195.73532476821828,144.39024464831803,156.7595938455221
2026-02-08 21:00:00,4,72.0675,2.6016666666666666,133.48553538902678,118.26217948717951,122.29197000740338
2026-02-08 22:00:00,4,75.01416666666667,7.039166666666667,88.25663769378376,81.8020303030303,92.2803919251497
2026-02-08 23:00:00,4,95.7925,4.234166666666667,95.17991344618508,80.67591911764708,102.91353363892803
2026-02-09 00:00:00,4,103.82916666666668,11.295833333333334,115.79150084587523,109.47764705882355,114.92221671461714
2026-02-09 01:00:00,4,105.87666666666668,10.123333333333331,122.92387175943935,109.47764705882355,115.23515964344398
2026-02-09 02:00:00,4,103.25583333333331,10.155,94.92975584797787,103.47833726415091,108.07973255931684
2026-02-09 03:00:00,4,94.37166666666668,9.006666666666666,88.31763852024756,103.47833726415091,108.5696954883275
2026-02-09 04:00:00,4,98.22166666666668,13.319166666666666,93.23992949850691,103.47833726415091,114.40307291035492
2026-02-09 05:00:00,4,114.15166666666666,23.38166666666667,100.6958531956315,109.47764705882355,128.96124479163575
2026-02-09 06:00:00,4,127.76083333333334,42.134166666666665,115.94239905620954,109.47764705882355,152.26737672664618
2026-02-09 07:00:00,4,124.18166666666669,40.96333333333333,125.25394790287197,154.97251333333335,151.24100109923845
2026-02-09 08:00:00,4,91.47583333333334,-2.770833333333333,126.38105516931523,87.7563430420712,116.80075447317509
2026-02-09 09:00:00,4,97.66083333333334,-12.0775,118.20386988515385,87.7563430420712,97.04159776309423
2026-02-09 10:00:00,4,100.82166666666666,-11.865833333333333,105.67446972375254,87.7563430420712,85.68358874154386
2026-02-09 11:00:00,4,90.45666666666666,-13.4775,98.51920840928977,87.7563430420712,84.14134676986615
2026-02-09 12:00:00,4,70.77583333333332,-15.024166666666666,94.77669613562165,81.8020303030303,80.82562591895072
2026-02-09 13:00:00,4,61.67083333333333,-17.108333333333334,95.4589006859869,81.8020303030303,80.02008535171706
2026-02-09 14:00:00,4,65.94833333333334,-13.065833333333332,83.55488233188055,81.8020303030303,73.94259300399527
2026-02-09 15:00:00,4,76.70333333333333,-10.61,80.03412616865172,81.8020303030303,54.2954208245943
2026-02-09 16:00:00,4,67.17583333333333,-8.701666666666666,80.6831717425726,81.8020303030303,57.762054822655
2026-02-09 17:00:00,4,52.590833333333336,-7.006666666666667,108.32444477042824,101.90275462962961,59.215134347891436
2026-02-09 18:00:00,4,89.66333333333334,2.3925,131.34089062786495,101.90275462962961,83.24028870604582
2026-02-09 19:00:00,4,109.98833333333334,44.68083333333333,151.04507849361852,101.90275462962961,107.85058341534102
2026-02-09 20:00:00,4,98.67916666666667,61.4575,170.11943291335498,101.90275462962961,125.54214160525518
2026-02-09 21:00:00,4,96.13166666666666,60.62833333333333,132.22246249305002,101.90275462962961,118.67061387019714
2026-02-09 22:00:00,4,87.0,29.94,113.55317546303124,70.57716768916157,97.97781641984079
2026-02-09 23:00:00,4,88.92416666666666,15.765,70.12427697958097,80.67591911764708,86.90624156949221
2026-02-10 00:00:00,4,84.33333333333333,47.96833333333333,65.51879651214375,70.57716768916157,89.83513874045559
2026-02-10 01:00:00,4,95.635,56.97666666666667,79.46031922853665,84.4826375404531,77.6361469160239
2026-02-10 02:00:00,4,103.01333333333334,55.34916666666666,70.49672098394464,84.4826375404531,79.51705841031459
2026-02-10 03:00:00,4,100.73333333333332,54.223333333333336,59.87040923777553,84.4826375404531,80.26063701965016
2026-02-10 04:00:00,4,119.2125,58.895833333333336,59.888179340177935,84.4826375404531,89.77658665815852
2026-02-10 05:00:00,4,127.18083333333334,60.626666666666665,77.56394486227484,103.47833726415091,113.14203823163695
2026-02-10 06:00:00,4,137.2775,51.5275,95.68264131979973,109.47764705882355,138.64860413183698
2026-02-10 07:00:00,4,134.465,30.6125,106.12960368079844,154.97251333333335,143.65771879892634
2026-02-10 08:00:00,4,81.22083333333333,2.8016666666666663,112.71891035956546,87.7563430420712,116.4471758197933
2026-02-10 09:00:00,4,77.47583333333333,-5.734166666666667,122.7459034274788,120.50301779935273,91.07147045073931
2026-02-10 10:00:00,4,63.74,-6.7375,125.38124988411772,76.83513784461151,81.16868683497175
2026-02-10 11:00:00,4,67.78916666666667,-6.7941666666666665,113.39168864617679,76.83513784461151,74.2245037994951
2026-02-10 12:00:00,4,53.281666666666666,-7.538333333333333,97.27778923148509,76.83513784461151,66.85623849015529
2026-02-10 13:00:00,4,21.449166666666667,-8.705,69.80013453108623,30.746153846153845,47.25959282007892
2026-02-10 14:00:00,4,16.264166666666664,-6.65,70.60180507616097,30.746153846153845,28.136344721505864
2026-02-10 15:00:00,4,9.518333333333333,-0.4166666666666667,85.72123097700829,30.746153846153845,24.379721785343406
2026-02-10 16:00:00,4,21.63,36.29416666666666,169.77737037751746,30.746153846153845,51.6820482737936
2026-02-10 17:00:00,4,106.30083333333332,70.55333333333333,265.31124012240014,76.83513784461151,93.68102984759763
2026-02-10 18:00:00,4,126.74666666666668,87.03083333333332,545.3932580150296,87.7563430420712,137.16269654478606
2026-02-10 19:00:00,4,146.23749999999998,100.36666666666667,336.3019425014869,130.2370500000001,177.28247741787206
2026-02-10 20:00:00,4,132.73333333333332,95.6225,231.21252807217508,171.38931297709917,174.06035041167553
2026-02-10 21:00:00,4,130.30666666666667,89.115,183.95221320997496,171.38931297709917,160.2815263920538
2026-02-10 22:00:00,4,122.29916666666666,80.17583333333333,181.15396335249397,138.72073099415212,143.51031750336176
2026-02-10 23:00:00,4,120.9425,90.74833333333332,188.25741104440073,109.47764705882355,127.6789847773726
2026-02-11 00:00:00,4,130.35333333333332,97.47916666666669,148.77005601324302,109.47764705882355,125.27185904912207
2026-02-11 01:00:00,4,122.0025,89.11333333333333,142.81230446472387,109.47764705882355,114.74792363544216
2026-02-11 02:00:00,4,109.39166666666668,82.94333333333333,102.35958998592864,103.47833726415091,97.5246965140475
2026-02-11 03:00:00,4,77.0225,79.27166666666666,66.0325475091096,54.872553475935796,76.35460853613
2026-02-11 04:00:00,4,72.77583333333332,74.8275,29.359885353904836,47.70066006600659,51.768450370255664
2026-02-11 05:00:00,4,51.15416666666667,76.4725,14.110715300464634,12.807289325842698,44.96636877970061
2026-02-11 06:00:00,4,44.46,77.18833333333333,33.075186584510895,70.57716768916157,57.843614786270365
2026-02-11 07:00:00,4,50.63666666666666,53.70249999999999,46.9166445264502,42.72338235294117,55.90099487766875
2026-02-11 08:00:00,4,26.581666666666667,1.7141666666666666,16.070425992110017,42.72338235294117,30.83437486333203
2026-02-11 09:00:00,4,10.836666666666666,-1.5766666666666669,11.570891346895856,22.240525,19.685037216012873
2026-02-11 10:00:00,4,1.5391666666666666,-0.6308333333333334,10.256441483631555,47.69666666666666,17.71560902717193
2026-02-11 11:00:00,4,1.3116666666666663,23.329166666666666,41.2304972725,47.69666666666666,32.9196694701957
2026-02-11 12:00:00,4,47.9925,55.79749999999999,86.612723143807,81.8020303030303,69.18190651631484
2026-02-11 13:00:00,4,88.13333333333333,40.365833333333335,109.46507556773207,127.66399382716047,99.5479817569714
2026-02-11 14:00:00,4,33.487500000000004,36.009166666666665,70.17008761341577,48.28743644067798,81.5471735726754
2026-02-11 15:00:00,4,38.244166666666665,64.35416666666667,50.88344711454661,48.28743644067798,45.11426861574918
2026-02-11 16:00:00,4,31.309166666666663,83.05666666666666,95.36186866671136,48.28743644067798,53.809695336698866
2026-02-11 17:00:00,4,71.14166666666667,95.37666666666668,125.3941108721731,127.66399382716047,102.77265466731367
2026-02-11 18:00:00,4,111.5,136.04916666666665,141.7183573614958,130.2370500000001,134.855243347045
2026-02-11 19:00:00,4,90.13166666666666,177.5275,134.79421920848978,118.26217948717951,128.22865559224593
2026-02-11 20:00:00,4,114.54416666666668,157.12416666666667,92.75290134782104,81.8020303030303,81.57372111697298
2026-02-11 21:00:00,4,121.40916666666668,146.32500000000002,77.90034990789982,70.57716768916157,69.9008247317091
2026-02-11 22:00:00,4,96.62416666666668,141.19833333333335,45.21624160598121,70.57716768916157,50.429490417248616
2026-02-11 23:00:00,4,62.830000000000005,108.29833333333332,23.166037935651254,47.70066006600659,44.997751863149055
2026-02-12 00:00:00,4,65.74083333333333,123.18,19.793878664716992,47.70066006600659,51.065085702437834
2026-02-12 01:00:00,4,62.88083333333333,123.07083333333333,27.629874559453782,47.70066006600659,33.513980876237945
2026-02-12 02:00:00,4,46.678333333333335,126.02083333333331,9.15763625782597,47.70066006600659,23.30498833487153
2026-02-12 03:00:00,4,39.6375,128.0641666666667,-3.638794240764554,47.70066006600659,19.126886397521396
2026-02-12 04:00:00,4,48.67,137.5025,-2.3019970898828177,47.70066006600659,25.962203783716816
2026-02-12 05:00:00,4,44.494166666666665,151.31916666666666,21.515712876255996,54.872553475935796,49.695236608686386
2026-02-12 06:00:00,4,20.1675,176.94083333333333,56.53301546108763,70.57716768916157,75.01103576210338
2026-02-12 07:00:00,4,8.553333333333333,148.80583333333334,62.7984835974014,47.69666666666666,64.65123823883576
2026-02-12 08:00:00,4,-6.115833333333334,55.458333333333336,7.941607968382044,0.7086516853932592,4.805592095336365
2026-02-12 09:00:00,4,-10.48,38.2625,-15.655163506669496,-14.543771428571429,-17.025493621729083
2026-02-12 10:00:00,4,-18.281666666666663,29.468333333333334,-29.55635058666323,-14.543771428571429,-25.988925414262113
2026-02-12 11:00:00,4,-13.605,16.536666666666665,-44.212242272905954,-28.101846846846847,-31.545629727723252
2026-02-12 12:00:00,4,-21.256666666666668,10.5825,-60.463079399819605,-37.29752136752139,-48.32798181068789
2026-02-12 13:00:00,4,-25.493333333333336,11.8275,-54.067199733605676,-37.29752136752139,-48.63204074319651
2026-02-12 14:00:00,4,-34.439166666666665,11.935,-61.16842920500176,-37.29752136752139,-65.53634551569485
2026-02-12 15:00:00,4,-30.256666666666664,-60.37416666666667,-51.752920663076566,-48.9520551378446,-62.14619936867177
2026-02-12 16:00:00,4,-22.625,-1.695833333333333,-40.50231883565449,-37.29752136752139,-56.27463916281471
2026-02-12 17:00:00,4,-10.646666666666668,10.902499999999998,-16.59803581169139,-28.101846846846847,-35.92587347698628
2026-02-12 18:00:00,4,8.144166666666665,30.655833333333334,30.069263455232203,-14.543771428571429,-7.283867187347994
2026-02-12 19:00:00,4,62.28083333333333,128.4175,71.20753845034493,22.240525,33.549525112687334
2026-02-12 20:00:00,4,63.16,136.5975,89.77732305593649,101.90275462962961,58.433829216320404
2026-02-12 21:00:00,4,47.88,121.5875,91.37877410196923,101.90275462962961,64.30559838974649
2026-02-12 22:00:00,4,9.097499999999998,104.03416666666668,74.94049175861579,70.57716768916157,59.22449023864979
2026-02-12 23:00:00,4,8.5,100.7275,62.71714468183907,54.872553475935796,62.36955574343951
2026-02-13 00:00:00,4,23.99083333333333,106.17333333333332,72.36660274891157,70.57716768916157,76.75409387085722
2026-02-13 01:00:00,4,20.17333333333333,127.20333333333332,89.4589237553669,84.4826375404531,77.53686627035417
2026-02-13 02:00:00,4,29.95833333333333,130.13833333333332,78.80217301129694,84.4826375404531,78.74999819034277
2026-02-13 03:00:00,4,28.23,139.04666666666665,76.233724008304,75.94922275641024,80.81303366136535
2026-02-13 04:00:00,4,21.156666666666663,151.92833333333334,76.68438389079004,103.47833726415091,85.8089282227551
2026-02-13 05:00:00,4,21.0075,157.95333333333335,89.71477251622707,103.47833726415091,99.66145649430327
2026-02-13 06:00:00,4,46.53,176.16,107.37397793920621,80.67591911764708,116.38419074196577
2026-02-13 07:00:00,4,23.2175,123.775,115.20292529646426,101.90275462962961,106.36139006061163
2026-02-13 08:00:00,4,-4.6075,56.33583333333333,109.3434396885271,76.83513784461151,65.18744489545016
2026-02-13 09:00:00,4,-6.849166666666666,47.88333333333333,64.63322549295333,28.89783805031446,18.178733553695707
2026-02-13 10:00:00,4,-7.780833333333334,30.85,46.79319079938457,-6.951965090090092,-0.8542565697756856
2026-02-13 11:00:00,4,-9.418333333333331,6.344166666666666,29.72030271629299,-13.632913978494628,-15.626392942536427
2026-02-13 12:00:00,4,-9.61,18.581666666666667,21.301650970866447,-23.501936475409835,-29.285468753856733
2026-02-13 13:00:00,4,-12.058333333333332,-59.6075,6.727589832212388,-23.501936475409835,-42.50960326140415
2026-02-13 14:00:00,4,-12.166666666666666,-16.8,-18.308493311226826,-48.9520551378446,-56.243543542653555
2026-02-13 15:00:00,4,-22.387500000000003,8.1175,-38.10744518013722,-48.9520551378446,-57.607571880011875
2026-02-13 16:00:00,4,-12.6325,86.30666666666667,-12.25618829652818,-37.29752136752139,-42.45791894745658
2026-02-13 17:00:00,4,-7.458333333333333,92.56666666666666,23.125225676756386,-28.101846846846847,-25.648717705981596
2026-02-13 18:00:00,4,-0.6875000000000001,89.32083333333333,61.463970472628084,8.116482300884954,8.241043984924303
2026-02-13 19:00:00,4,18.585,115.52166666666666,94.02993690622874,47.69666666666666,46.389803566385645
2026-02-13 20:00:00,4,8.119166666666667,97.44916666666666,105.51106192636139,101.90275462962961,75.20800726121132
2026-02-13 21:00:00,4,6.1925,84.375,88.67026581151644,70.57716768916157,69.5538347797835
2026-02-13 22:00:00,4,6.8308333333333335,81.375,69.70436443173516,70.57716768916157,59.79639233667693
2026-02-13 23:00:00,4,9.149166666666666,76.09,55.186905614853046,30.678391666666684,57.96981624999772
2026-02-14 00:00:00,4,13.108333333333334,75.79583333333333,62.13967373940476,54.872553475935796,68.97608507768604
2026-02-14 01:00:00,4,7.34,69.17583333333333,78.65780422719497,54.872553475935796,59.41215997842028
2026-02-14 02:00:00,4,9.145,74.3325,66.13169698641971,54.872553475935796,54.42314394243891
2026-02-14 03:00:00,4,8.949166666666665,78.0175,52.04154728986775,54.872553475935796,52.05743038501956
2026-02-14 04:00:00,4,8.861666666666666,68.69583333333334,51.46025551987176,46.1234159779614,57.79278489586575
2026-02-14 05:00:00,4,15.446666666666667,60.3225,69.34477836047304,46.1234159779614,72.83227094601176
2026-02-14 06:00:00,4,17.778333333333332,65.22500000000001,95.82794573753463,103.47833726415091,88.8360630077995
2026-02-14 07:00:00,4,16.546666666666667,52.54833333333334,108.39892825319565,103.47833726415091,76.67437153433018
2026-02-14 08:00:00,4,-7.093333333333334,23.53333333333333,123.5234329019014,12.870006510416669,35.65870216976185
2026-02-14 09:00:00,4,-6.161666666666666,16.25166666666667,99.62035732744052,12.870006510416669,-0.10659816842259318
2026-02-14 10:00:00,4,-7.5225,9.4075,26.516371574001333,1.0285140562248982,-21.052990883007354
2026-02-14 11:00:00,4,-17.413333333333334,12.285000000000002,3.6385971852184156,-17.311958598726125,-30.556250745188976
2026-02-14 12:00:00,4,-29.468333333333334,29.22,-8.258559594418372,-17.311958598726125,-34.0102677167628
2026-02-14 13:00:00,4,-33.100833333333334,36.388333333333335,-18.480417576648534,-84.96903333333337,-43.55260142059643
2026-02-14 14:00:00,4,-30.86583333333333,49.875,-16.13589654274911,-17.311958598726125,-46.29386040179021
2026-02-14 15:00:00,4,-20.320833333333333,32.16416666666667,-24.176232310256353,-36.27122418879058,-39.64553912475941
2026-02-14 16:00:00,4,-10.405833333333332,53.1575,-14.721131520049212,-23.501936475409835,-22.803907845311812
2026-02-14 17:00:00,4,-7.850833333333333,86.55416666666667,15.633333480642634,-6.951965090090092,5.265907264801868
2026-02-14 18:00:00,4,-1.9941666666666664,74.99666666666667,52.5269422294993,8.116482300884954,36.40283736883329
2026-02-14 19:00:00,4,17.580833333333334,77.4175,95.45226402658156,47.69666666666666,83.15946496419129
2026-02-14 20:00:00,4,30.285833333333333,85.7425,90.67352892603915,81.8020303030303,92.82065075522125
2026-02-14 21:00:00,4,33.04833333333333,84.445,95.18353357378506,101.73940251572323,104.18147921830601
2026-02-14 22:00:00,4,24.686666666666667,67.01,79.6052463413058,109.47764705882355,101.71564460902036
2026-02-14 23:00:00,4,29.0175,52.20249999999999,76.3750954765346,103.47833726415091,100.447124583903
2026-02-15 00:00:00,4,32.65,32.48500000000001,88.53841438415928,103.47833726415091,107.24562978851804
2026-02-15 01:00:00,4,31.82583333333333,43.24916666666667,107.31249533873567,103.47833726415091,100.28134990437758
2026-02-15 02:00:00,4,36.675,27.945833333333336,97.45081600658278,103.47833726415091,95.63368073146664
2026-02-15 03:00:00,4,36.675,12.783333333333331,89.73311672710587,76.77339453860635,90.16175316181223
2026-02-15 04:00:00,4,36.67166666666667,3.806666666666666,99.41274573457486,76.77339453860635,87.81124415175333
2026-02-15 05:00:00,4,33.189166666666665,0.9216666666666664,86.96506705466365,76.77339453860635,84.98109610278406
2026-02-15 06:00:00,4,36.02916666666667,8.17,83.23779915394988,76.77339453860635,84.6438816571771
2026-02-15 07:00:00,4,22.78,8.95,81.28699417754774,76.77339453860635,63.43473639462805
2026-02-15 08:00:00,4,-3.7783333333333338,5.246666666666666,67.33662021749822,12.870006510416669,12.850637056613792
2026-02-15 09:00:00,4,-4.552499999999999,-2.84,30.70508271959369,1.0285140562248982,-15.527108779233345
2026-02-15 10:00:00,4,-6.023333333333333,-5.206666666666666,2.036826946672875,-17.311958598726125,-20.985863675355915
2026-02-15 11:00:00,4,-6.954999999999999,21.6275,-10.244665932587267,-17.311958598726125,-17.159442079715802
2026-02-15 12:00:00,4,-8.858333333333333,27.15,-3.2115901432636775,-17.311958598726125,-0.9111384924846107
2026-02-15 13:00:00,4,-5.459166666666667,33.3025,-4.493953180700316,-17.311958598726125,-7.405122305635118
2026-02-15 14:00:00,4,-3.5925,30.32166666666667,-7.067754237510087,1.0285140562248982,-10.53564821022539
2026-02-15 15:00:00,4,-5.553333333333334,25.734166666666667,12.257040446889953,-0.7757727272727272,1.118781049928657
2026-02-15 16:00:00,4,-1.1758333333333335,77.33666666666666,31.176229722779972,28.89783805031446,26.070491946586806
2026-02-15 17:00:00,4,4.4925,82.1425,69.43826413594938,81.8020303030303,60.856287124765615
2026-02-15 18:00:00,4,37.67416666666667,100.82,121.29805501459006,130.2370500000001,118.36388326245313
2026-02-15 19:00:00,4,59.30083333333334,94.7,139.68504754427477,130.2370500000001,147.83742218843793
2026-02-15 20:00:00,4,57.26916666666667,80.725,135.48002158717117,171.38931297709917,148.89971718768174
2026-02-15 21:00:00,4,55.785,72.0675,113.63934613777332,171.38931297709917,133.0516722535209
2026-02-15 22:00:00,4,51.994166666666665,75.01416666666667,91.30145798959444,109.47764705882355,112.61834840045393
2026-02-15 23:00:00,4,38.95083333333333,95.7925,78.85512563577076,109.47764705882355,99.60899634461886
2026-02-16 00:00:00,4,20.595,103.82916666666668,90.65368575258316,109.47764705882355,101.80357231343167
2026-02-16 01:00:00,4,19.738333333333333,105.87666666666668,105.00640177413771,103.47833726415091,95.99052861790847
2026-02-16 02:00:00,4,18.65083333333333,103.25583333333331,86.7968121678627,103.47833726415091,88.1735488810931
2026-02-16 03:00:00,4,18.04833333333333,94.37166666666668,70.41503336881125,103.47833726415091,84.13529949457157
2026-02-16 04:00:00,4,18.996666666666663,98.22166666666668,43.65206474069139,103.47833726415091,78.25115152062811
2026-02-16 05:00:00,4,35.534166666666664,114.15166666666666,18.5732204388491,54.872553475935796,65.48406112911434
2026-02-16 06:00:00,4,49.49166666666667,127.76083333333334,30.869123003493947,70.57716768916157,72.62393350133837
2026-02-16 07:00:00,4,40.04,124.18166666666669,40.07293705304249,81.8020303030303,63.01527330612991
2026-02-16 08:00:00,4,0.8333333333333335,91.47583333333334,27.008210436061574,47.69666666666666,41.19804939274663
2026-02-16 09:00:00,4,-0.1341666666666666,97.66083333333334,-0.6942602003911844,47.69666666666666,15.248717727125467
2026-02-16 10:00:00,4,1.2475,100.82166666666666,-2.1588807941998738,8.116482300884954,12.866644710479754
2026-02-16 11:00:00,4,0.6675,90.45666666666666,-0.7079919983309253,-6.951965090090092,11.294223962775241
2026-02-16 12:00:00,4,0.45,70.77583333333332,25.749317988009345,28.89783805031446,25.258468596397186
2026-02-16 13:00:00,4,17.149166666666666,61.67083333333333,75.07515159302812,76.83513784461151,56.73330302431465
2026-02-16 14:00:00,4,42.321666666666665,65.94833333333334,131.61682707034245,120.50301779935273,92.45128940945244
2026-02-16 15:00:00,4,75.79083333333334,76.70333333333333,168.5074911953667,130.2370500000001,132.7490319295308
2026-02-16 16:00:00,4,114.10583333333334,67.17583333333333,205.2476063195775,260.27421339563864,159.75847184611882
2026-02-16 17:00:00,4,162.2,52.590833333333336,237.8190325404164,1192.59845,192.6173767593487
2026-02-16 18:00:00,4,143.63166666666666,89.66333333333334,266.3157195156488,1192.59845,216.61026495835563
2026-02-16 19:00:00,4,136.65833333333333,109.98833333333334,271.1456553792416,1192.59845,227.09678973400955
2026-02-16 20:00:00,4,136.44083333333333,98.67916666666667,256.4709575273263,1192.59845,217.51264477647595
2026-02-16 21:00:00,4,107.09166666666664,96.13166666666666,219.9086948904488,260.27421339563864,192.06970064112875
2026-02-16 22:00:00,4,64.265,87.0,163.04026522246204,171.38931297709917,153.21963055662331
2026-02-16 23:00:00,4,24.33583333333333,88.92416666666666,117.38329478234706,138.72073099415212,124.79429349137254
2026-02-17 00:00:00,4,6.8,84.33333333333333,101.11999592299766,118.26217948717951,115.37601458077401
2026-02-17 01:00:00,4,5.797499999999999,95.635,92.54428108999423,80.67591911764708,87.46531618583872
2026-02-17 02:00:00,4,0.0141666666666666,103.01333333333334,57.77955786014532,70.57716768916157,70.42108913147081
2026-02-17 03:00:00,4,-0.4383333333333333,100.73333333333332,34.05668839533095,47.70066006600659,59.70206226320413
2026-02-17 04:00:00,4,-3.4716666666666662,119.2125,18.939949369833407,12.807289325842698,52.540330500543135
2026-02-17 05:00:00,4,-1.0275,127.18083333333334,6.531988112493906,70.57716768916157,47.99266098883111
2026-02-17 06:00:00,4,4.759166666666666,137.2775,12.194518071941786,42.72338235294117,57.394260843996705
2026-02-17 07:00:00,4,9.133333333333336,134.465,16.649611221168733,42.72338235294117,53.463039284178635
2026-02-17 08:00:00,4,-2.0933333333333333,81.22083333333333,10.847285944396894,42.72338235294117,35.8748051225285
2026-02-17 09:00:00,4,-3.6533333333333338,77.47583333333333,-10.259177517302376,42.72338235294117,22.404883108133568
2026-02-17 10:00:00,4,-4.960833333333333,63.74,-20.63508788760241,0.7086516853932592,14.74775972653233
2026-02-17 11:00:00,4,-4.166666666666667,67.78916666666667,-14.978185476558323,0.7086516853932592,17.598528188069814
2026-02-17 12:00:00,4,-3.270833333333333,53.281666666666666,-11.095027061181,42.72338235294117,24.992136469995444
2026-02-17 13:00:00,4,71.8,21.449166666666667,29.852918358814414,48.28743644067798,51.56492037901642
2026-02-17 14:00:00,4,90.5275,16.264166666666664,58.399583450193,48.28743644067798,79.0855056992279
2026-02-17 15:00:00,4,149.48333333333332,9.518333333333333,115.93880556396756,202.88036858974354,128.19161180028055
2026-02-17 16:00:00,4,74.77499999999999,21.63,157.26114920085368,202.88036858974354,149.52303397383906
2026-02-17 17:00:00,4,114.75333333333332,106.30083333333332,199.8292370621424,202.88036858974354,156.0906479909246
2026-02-17 18:00:00,4,53.8675,126.74666666666668,192.09725763483522,147.03104910714288,162.39792148381832
2026-02-17 19:00:00,4,65.35916666666667,146.23749999999998,207.91670718255,168.44621014492753,182.80314275622703
2026-02-17 20:00:00,4,67.08833333333332,132.73333333333332,153.58163411620464,127.66399382716047,131.5891416957296
2026-02-17 21:00:00,4,60.42666666666667,130.30666666666667,102.94931087624579,101.90275462962961,79.19549865807367
2026-02-17 22:00:00,4,59.215833333333336,122.29916666666666,75.19565913879083,81.8020303030303,62.43761271337033
2026-02-17 23:00:00,4,55.60333333333333,120.9425,81.66210579113766,70.57716768916157,75.13401845186557
2026-02-18 00:00:00,5,47.95333333333334,130.35333333333332,81.14929708316534,68.73163398692814,78.01287155828425
2026-02-18 01:00:00,5,40.05166666666667,122.0025,91.78058377746586,67.75382211538464,68.85425857058944
2026-02-18 02:00:00,5,49.98500000000001,109.39166666666668,80.64887259709168,67.75382211538464,68.69259125387902
2026-02-18 03:00:00,5,51.195,77.0225,74.78515800736119,67.75382211538464,72.1843687130125
2026-02-18 04:00:00,5,49.83416666666667,72.77583333333332,69.5587526765417,67.75382211538464,75.00096664248997
2026-02-18 05:00:00,5,49.835,51.15416666666667,75.97255665530973,67.75382211538464,86.99968469930029
2026-02-18 06:00:00,5,57.85666666666666,44.46,90.0991789510943,118.5829158819837,104.46740352742253
2026-02-18 07:00:00,5,53.6625,50.63666666666666,101.93211958252499,154.1575938967136,104.51311843135238
2026-02-18 08:00:00,5,4.591666666666667,26.581666666666667,58.51306156087191,46.5629090909091,45.10080129750571
2026-02-18 09:00:00,5,-11.2325,10.836666666666666,33.0154598587551,25.355520833333326,8.997026856302298
2026-02-18 10:00:00,5,-7.7175,1.5391666666666666,9.24419783503555,-1.2671105919003114,-9.304984896487795
2026-02-18 11:00:00,5,-8.229999999999999,1.3116666666666663,18.664358577106178,-1.2671105919003114,-9.5523953936044
2026-02-18 12:00:00,5,-8.589166666666666,47.9925,30.864692762326776,-7.3401388888888865,-9.908911087848622
2026-02-18 13:00:00,5,-19.3,88.13333333333333,21.801665424074052,7.824608333333332,-12.530151432070753
2026-02-18 14:00:00,5,-30.5925,33.487500000000004,17.303682534402327,7.824608333333332,-13.099547854657487
2026-02-18 15:00:00,5,-28.73333333333333,38.244166666666665,26.19717428055378,7.824608333333332,-10.589108196674502
2026-02-18 16:00:00,5,-12.658333333333331,31.309166666666663,56.08324707257948,-1.2671105919003114,10.814534633375779
2026-02-18 17:00:00,5,-5.08,71.14166666666667,96.89209834550321,25.355520833333326,54.28756281710581
2026-02-18 18:00:00,5,3.04,111.5,150.91981188178968,87.21628360215054,95.2142250017906
2026-02-18 19:00:00,5,65.0575,90.13166666666666,193.80880486298997,130.7547878787879,132.75705649246578
2026-02-18 20:00:00,5,71.23166666666667,114.54416666666668,180.63828494062437,130.7547878787879,133.8560045062206
2026-02-18 21:00:00,5,67.05,121.40916666666668,164.8765950815331,130.7547878787879,122.73836783316867
2026-02-18 22:00:00,5,69.46249999999999,96.62416666666668,143.7718407987037,118.5829158819837,105.61716215031538
2026-02-18 23:00:00,5,73.62916666666666,62.830000000000005,123.40139008538048,118.5829158819837,98.85750539221044
2026-02-19 00:00:00,5,74.98,65.74083333333333,136.7941942944658,118.5829158819837,105.87235951179238
2026-02-19 01:00:00,5,73.89083333333333,62.88083333333333,151.0802741138696,67.75382211538464,102.913042260008
2026-02-19 02:00:00,5,66.7275,46.678333333333335,130.32534444769885,67.75382211538464,93.6204294659542
2026-02-19 03:00:00,5,61.33916666666667,39.6375,116.07900598894489,67.75382211538464,90.18717276773197
2026-02-19 04:00:00,5,45.37916666666666,48.67,108.53134080361276,67.75382211538464,89.92238744212672
2026-02-19 05:00:00,5,58.75666666666666,44.494166666666665,116.57224854142395,67.75382211538464,100.22426750875445
2026-02-19 06:00:00,5,72.5275,20.1675,145.25931274504345,118.5829158819837,126.40139604870029
2026-02-19 07:00:00,5,62.14333333333334,8.553333333333333,156.35380564651058,154.1575938967136,128.42607985574637
2026-02-19 08:00:00,5,11.076666666666668,-6.115833333333334,116.88043422933859,75.02306277056273,74.50507584749424
2026-02-19 09:00:00,5,-1.3666666666666665,-10.48,92.34278316725779,43.7181784660767,38.54398854920829
2026-02-19 10:00:00,5,-4.450833333333333,-18.281666666666663,66.15130756891605,12.173255813953489,19.366675321386175
2026-02-19 11:00:00,5,-2.205,-13.605,32.05729213152786,12.173255813953489,-1.2626562803638848
2026-02-19 12:00:00,5,-4.003333333333333,-21.256666666666668,-0.29951622809254275,-7.3401388888888865,-23.185142876808953
2026-02-19 13:00:00,5,-4.382499999999999,-25.493333333333336,-7.574565095142049,-22.948551660516607,-27.290639123691733
2026-02-19 14:00:00,5,-3.4883333333333333,-34.439166666666665,4.075194900997104,7.824608333333332,-17.113684375696934
2026-02-19 15:00:00,5,-3.540833333333333,-30.256666666666664,-6.236478455419075,-1.2671105919003114,-3.7423538238021337
2026-02-19 16:00:00,5,-4.1225,-22.625,37.45186014700986,11.559219858156027,24.385746152236948
2026-02-19 17:00:00,5,13.339999999999998,-10.646666666666668,70.1892391934992,46.5629090909091,54.639438078952594
2026-02-19 18:00:00,5,69.23,8.144166666666665,102.56774074394599,96.72414179104476,81.08187492203713
2026-02-19 19:00:00,5,116.20666666666666,62.28083333333333,156.2245651151001,85.98408496732027,111.29171474188763
2026-02-19 20:00:00,5,114.70416666666668,63.16,158.35983757691076,85.98408496732027,118.98641642215256
2026-02-19 21:00:00,5,90.42083333333332,47.88,141.00181026408245,112.19919369369373,108.5088556537076
2026-02-19 22:00:00,5,79.02166666666666,9.097499999999998,115.50928318054463,112.19919369369373,95.18535580688061
2026-02-19 23:00:00,5,78.40833333333333,8.5,104.84443220513147,118.5829158819837,91.53884120566997
2026-02-20 00:00:00,5,76.77416666666666,23.99083333333333,113.44859392635865,118.5829158819837,99.73932913166405
2026-02-20 01:00:00,5,76.0525,20.17333333333333,144.72424647965076,118.5829158819837,104.23909093629112
2026-02-20 02:00:00,5,77.83833333333334,29.95833333333333,142.6651730354082,67.75382211538464,105.26129541718478
2026-02-20 03:00:00,5,81.22166666666666,28.23,142.7187583217239,67.75382211538464,104.32756464436262
2026-02-20 04:00:00,5,82.55916666666667,21.156666666666663,151.6985491262704,67.75382211538464,109.09445688525078
2026-02-20 05:00:00,5,94.53416666666668,21.0075,164.82351330691324,118.5829158819837,119.87148648154115
2026-02-20 06:00:00,5,112.7375,46.53,190.52713730816643,118.5829158819837,143.28169496299265
2026-02-20 07:00:00,5,118.3875,23.2175,185.52259052698278,154.1575938967136,143.65428434346114
2026-02-20 08:00:00,5,39.91,-4.6075,145.89794659685452,75.02306277056273,84.60145038698055
2026-02-20 09:00:00,5,25.34583333333333,-6.849166666666666,116.8225450620802,43.7181784660767,39.371399976143245
2026-02-20 10:00:00,5,18.139166666666668,-7.780833333333334,88.82130361055445,12.173255813953489,25.182499243428794
2026-02-20 11:00:00,5,14.511666666666663,-9.418333333333331,62.886929693022694,-7.3401388888888865,14.47733137514421
2026-02-20 12:00:00,5,17.8225,-9.61,67.05865593283245,-7.3401388888888865,18.919772118876168
2026-02-20 13:00:00,5,19.261666666666667,-12.058333333333332,36.81452156979189,7.824608333333332,20.81388029880619
2026-02-20 14:00:00,5,17.719166666666666,-12.166666666666666,59.37460608924504,30.40277777777779,25.77232763740134
2026-02-20 15:00:00,5,25.449166666666667,-22.387500000000003,81.84285737044361,30.40277777777779,38.71769396633879
2026-02-20 16:00:00,5,63.20250000000001,-12.6325,134.80752760063152,75.02306277056273,65.90262217593973
2026-02-20 17:00:00,5,77.81750000000001,-7.458333333333333,164.57209683589508,87.21628360215054,104.36727280674192
2026-02-20 18:00:00,5,114.255,-0.6875000000000001,185.6902850083493,124.25871287128716,142.38948839772212
2026-02-20 19:00:00,5,101.2425,18.585,207.98632526172906,167.86609463276835,164.75431757015818
2026-02-20 20:00:00,5,76.82666666666667,8.119166666666667,186.83122887052377,167.42288302277439,154.5460594880823
2026-02-20 21:00:00,5,75.595,6.1925,182.52697471305834,167.42288302277439,142.42954601675223
2026-02-20 22:00:00,5,75.69416666666667,6.8308333333333335,121.61947403382112,112.19919369369373,108.29625990859725
2026-02-20 23:00:00,5,81.76666666666667,9.149166666666666,55.79483593863686,68.73163398692814,66.25423152795399
2026-02-21 00:00:00,5,98.94166666666666,13.108333333333334,56.38050438484152,68.73163398692814,73.0732140043846
2026-02-21 01:00:00,5,84.69,7.34,85.68573158833806,78.43058457711442,75.25558654661957
2026-02-21 02:00:00,5,93.20083333333334,9.145,89.28534651178411,82.06192604856511,79.16724901091874
2026-02-21 03:00:00,5,74.01333333333334,8.949166666666665,90.25831432696123,101.28108739837393,81.02856572586055
2026-02-21 04:00:00,5,67.63916666666667,8.861666666666666,89.22666531036023,101.28108739837393,84.37214470428817
2026-02-21 05:00:00,5,74.13916666666667,15.446666666666667,88.01821178838341,101.28108739837393,88.25523187420102
2026-02-21 06:00:00,5,73.90583333333333,17.778333333333332,99.04170382633464,101.28108739837393,96.03310561910644
2026-02-21 07:00:00,5,56.265833333333326,16.546666666666667,98.05418109505281,96.27422720797725,83.65435625653554
2026-02-21 08:00:00,5,9.131666666666666,-7.093333333333334,85.72266555118087,43.7181784660767,42.05181321911377
2026-02-21 09:00:00,5,3.3725,-6.161666666666666,69.16128253955164,12.173255813953489,15.537850539840598
2026-02-21 10:00:00,5,7.796666666666666,-7.5225,36.9537723526587,12.173255813953489,-3.09676580508615
2026-02-21 11:00:00,5,8.304166666666665,-17.413333333333334,12.209211768229459,-7.3401388888888865,-14.106106788118367
2026-02-21 12:00:00,5,7.984999999999999,-29.468333333333334,9.244676558859247,-17.73228741496599,-17.619085012222314
2026-02-21 13:00:00,5,6.787499999999999,-33.100833333333334,15.80787401125454,-17.73228741496599,-14.378220374198975
2026-02-21 14:00:00,5,3.0116666666666667,-30.86583333333333,29.740918847308905,7.824608333333332,-7.4415567808867
2026-02-21 15:00:00,5,12.03,-20.320833333333333,51.14609762100095,30.40277777777779,14.802620962011723
2026-02-21 16:00:00,5,54.77583333333333,-10.405833333333332,94.39979078198573,75.02306277056273,47.69685094323622
2026-02-21 17:00:00,5,66.15249999999999,-7.850833333333333,132.61111044380414,96.72414179104476,80.57284467401595
2026-02-21 18:00:00,5,91.53833333333334,-1.9941666666666664,147.24875196768275,124.25871287128716,109.87205859113558
2026-02-21 19:00:00,5,101.51,17.580833333333334,161.27527558448318,124.25871287128716,137.987897978163
2026-02-21 20:00:00,5,90.24666666666668,30.285833333333333,160.82798863003705,139.12250809061484,140.43226424974867
2026-02-21 21:00:00,5,86.68,33.04833333333333,174.35880405972384,130.7547878787879,139.51271317273773
2026-02-21 22:00:00,5,98.95333333333332,24.686666666666667,164.01133937650974,130.7547878787879,128.04523238762013
2026-02-21 23:00:00,5,92.43916666666668,29.0175,133.85894648834358,96.27422720797725,113.61836491331994
2026-02-22 00:00:00,5,90.25666666666666,32.65,110.41779143745804,96.27422720797725,107.73029033409118
2026-02-22 01:00:00,5,79.77499999999999,31.82583333333333,106.37747115706516,101.28108739837393,87.68724517260068
2026-02-22 02:00:00,5,72.23583333333333,36.675,52.66070731987898,82.06192604856511,65.1259829941748
2026-02-22 03:00:00,5,59.09,36.675,17.15674924008531,37.115720720720724,50.685221873842536
2026-02-22 04:00:00,5,42.96333333333333,36.67166666666667,-11.43460162562026,27.08641666666668,43.4497967518613
2026-02-22 05:00:00,5,43.09,33.189166666666665,-50.59389777228107,13.293813932980608,39.098114954260545
2026-02-22 06:00:00,5,63.805,36.02916666666667,-19.505589381435627,13.293813932980608,48.09096295864436
2026-02-22 07:00:00,5,47.54416666666666,22.78,6.558090476091863,37.115720720720724,55.45600118764221
2026-02-22 08:00:00,5,36.82666666666667,-3.7783333333333338,48.62328464600628,43.7181784660767,53.58393010167351
2026-02-22 09:00:00,5,32.274166666666666,-4.552499999999999,46.649868261716804,75.02306277056273,53.400855327809076
2026-02-22 10:00:00,5,9.4625,-6.023333333333333,35.65523380104385,75.02306277056273,32.640104740820824
2026-02-22 11:00:00,5,-0.7149999999999999,-6.954999999999999,22.555713559643436,68.73163398692814,23.297937787288788
2026-02-22 12:00:00,5,-2.4425,-8.858333333333333,16.368879729267192,26.364346153846153,17.463352418547018
2026-02-22 13:00:00,5,-2.7525,-5.459166666666667,14.167027870200968,68.73163398692814,24.500173568042037
2026-02-22 14:00:00,5,-0.1958333333333333,-3.5925,6.4260990064765195,0.9389149305555562,16.903605148682708
2026-02-22 15:00:00,5,34.05583333333333,-5.553333333333334,29.554792408794718,26.364346153846153,27.238671589772267
2026-02-22 16:00:00,5,54.41,-1.1758333333333335,63.66883041256504,77.13341666666662,44.36528417369541
2026-02-22 17:00:00,5,54.03333333333333,4.4925,74.75176440259322,77.13341666666662,57.96570081907166
2026-02-22 18:00:00,5,19.5275,37.67416666666667,97.94865092427858,96.72414179104476,75.7185474077381
2026-02-22 19:00:00,5,3.418333333333333,59.30083333333334,72.10060798696497,40.80346055979643,56.374615076702426
2026-02-22 20:00:00,5,42.98666666666667,57.26916666666667,56.20121566003431,40.80346055979643,41.24692011472693
2026-02-22 21:00:00,5,57.66916666666666,55.785,57.26437468260718,68.73163398692814,46.707142292233286
2026-02-22 22:00:00,5,56.59166666666667,51.994166666666665,56.26246330652054,37.115720720720724,54.42871641838573
2026-02-22 23:00:00,5,52.22083333333333,38.95083333333333,55.93251669732309,37.115720720720724,56.70242685731317
2026-02-23 00:00:00,5,56.555,20.595,67.5289176671463,67.75382211538464,69.20263814079318
2026-02-23 01:00:00,5,65.27,19.738333333333333,93.52715962508293,67.75382211538464,66.87107704833747
2026-02-23 02:00:00,5,65.99666666666667,18.65083333333333,77.91482683051387,67.75382211538464,63.13693716805975
2026-02-23 03:00:00,5,64.67166666666667,18.04833333333333,54.43460846433132,45.54512557077624,55.24689491745221
2026-02-23 04:00:00,5,66.24499999999999,18.996666666666663,57.84288455404222,45.54512557077624,61.21226011470232
2026-02-23 05:00:00,5,69.09666666666666,35.534166666666664,69.75018907217479,82.06192604856511,72.65496498025688
2026-02-23 06:00:00,5,73.73833333333333,49.49166666666667,96.78002166382845,96.27422720797725,97.50142335708469
2026-02-23 07:00:00,5,70.80166666666666,40.04,120.75460309310628,154.1575938967136,107.40962877606952
2026-02-23 08:00:00,5,53.44416666666667,0.8333333333333335,95.16257363997576,75.02306277056273,53.49956949242326
2026-02-23 09:00:00,5,8.829166666666666,-0.1341666666666666,61.41915025587409,11.559219858156027,11.506241927429272
2026-02-23 10:00:00,5,-4.245833333333334,1.2475,39.10990356214532,-1.2671105919003114,-1.8138184875227665
2026-02-23 11:00:00,5,-3.9425,0.6675,15.450416923737627,-22.948551660516607,-11.641037967606138
2026-02-23 12:00:00,5,-3.3708333333333336,0.45,-10.832589604349366,-22.948551660516607,-23.10543761335522
2026-02-23 13:00:00,5,-2.5825,17.149166666666666,-20.79626533820543,-35.16313988095237,-26.55954487341883
2026-02-23 14:00:00,5,-5.059166666666667,42.321666666666665,-21.91390459809459,-35.16313988095237,-27.616848044985275
2026-02-23 15:00:00,5,-6.196666666666666,75.79083333333334,-0.4385293821745506,-22.948551660516607,-14.691642067303391
2026-02-23 16:00:00,5,-5.944166666666667,114.10583333333334,20.22197894436293,-6.384525,4.260158031365563
2026-02-23 17:00:00,5,4.061666666666667,162.2,48.01512495439836,4.997306338028166,29.026120014100997
2026-02-23 18:00:00,5,40.8625,143.63166666666666,94.33214420268638,77.13341666666662,60.07882237621379
2026-02-23 19:00:00,5,85.45,136.65833333333333,121.11146563969073,96.72414179104476,94.65498247785399
2026-02-23 20:00:00,5,75.19916666666667,136.44083333333333,118.8528699195748,112.19919369369373,104.08472841920921
2026-02-23 21:00:00,5,65.4675,107.09166666666664,118.78074758862186,112.19919369369373,103.45915790697632
2026-02-23 22:00:00,5,63.656666666666666,64.265,110.32594702350278,96.27422720797725,98.48330780106498
2026-02-23 23:00:00,5,62.20416666666667,24.33583333333333,108.74809239763685,96.27422720797725,95.41609547842171
2026-02-24 00:00:00,5,87.50333333333333,6.8,116.6157232880945,96.27422720797725,103.30625611108584
2026-02-24 01:00:00,5,93.0425,5.797499999999999,144.97600810577867,101.28108739837393,95.72469213756355
2026-02-24 02:00:00,5,83.69333333333334,0.0141666666666666,140.0979648547672,101.28108739837393,92.79433730000216
2026-02-24 03:00:00,5,91.23666666666666,-0.4383333333333333,131.30405436593088,101.28108739837393,92.24441057463812
2026-02-24 04:00:00,5,96.31166666666668,-3.4716666666666662,133.3181845181819,101.28108739837393,97.33557451274277
2026-02-24 05:00:00,5,90.92333333333332,-1.0275,137.94541352260563,101.28108739837393,111.28340591960418
2026-02-24 06:00:00,5,101.77583333333332,4.759166666666666,155.96332737392532,96.27422720797725,137.91665721439597
2026-02-24 07:00:00,5,96.78666666666668,9.133333333333336,171.54550583503837,154.1575938967136,152.15643218000318
2026-02-24 08:00:00,5,74.8425,-2.0933333333333333,146.96994591065044,154.1575938967136,105.96496262416822
2026-02-24 09:00:00,5,63.38333333333333,-3.6533333333333338,123.81779086599627,75.02306277056273,59.2641634764299
2026-02-24 10:00:00,5,57.1625,-4.960833333333333,117.67907545514848,75.02306277056273,48.2737515973153
2026-02-24 11:00:00,5,46.59833333333333,-4.166666666666667,112.14533175182392,43.7181784660767,46.04459349606462
2026-02-24 12:00:00,5,52.149166666666666,-3.270833333333333,113.50148088978614,75.02306277056273,62.88482152024291
2026-02-24 13:00:00,5,66.17583333333333,71.8,122.64133182920281,118.97884488448848,92.6645319227798
2026-02-24 14:00:00,5,77.39916666666666,90.5275,101.5171757636498,96.72414179104476,80.64170117304228
2026-02-24 15:00:00,5,64.66333333333334,149.48333333333332,92.46909000708769,96.72414179104476,71.83483528401
2026-02-24 16:00:00,5,50.2175,74.77499999999999,69.11781610436752,46.5629090909091,61.69626897037362
2026-02-24 17:00:00,5,59.65833333333333,114.75333333333332,103.30760639081558,46.5629090909091,65.13884201969539
2026-02-24 18:00:00,5,84.58666666666666,53.8675,140.50484003227606,96.72414179104476,106.27416870396829
2026-02-24 19:00:00,5,81.00416666666666,65.35916666666667,151.3831095481254,112.19919369369373,119.01595484005037
2026-02-24 20:00:00,5,71.98,67.08833333333332,163.0348063966491,130.7547878787879,134.79470663600495
2026-02-24 21:00:00,5,69.77333333333333,60.42666666666667,117.66233670285237,112.19919369369373,94.94240431154128
2026-02-24 22:00:00,5,75.7975,59.215833333333336,84.16397994065672,68.73163398692814,72.7139342566168
2026-02-24 23:00:00,5,64.3575,55.60333333333333,80.02598673886628,82.06192604856511,78.15862061560418
2026-02-25 00:00:00,5,68.69416666666666,47.95333333333334,77.1177319214105,68.73163398692814,81.29514090635699
2026-02-25 01:00:00,5,62.4375,40.05166666666667,79.58661418413803,37.115720720720724,59.060209247367794
2026-02-25 02:00:00,5,56.035,49.98500000000001,66.26036089609512,37.115720720720724,61.14777038533993
2026-02-25 03:00:00,5,29.3775,51.195,40.91741222607793,37.115720720720724,55.31878697652485
2026-02-25 04:00:00,5,32.87,49.83416666666667,16.57664550068585,27.08641666666668,41.45879589158632
2026-02-25 05:00:00,5,32.105,49.835,-1.7827708209180884,27.08641666666668,38.24990433473767
2026-02-25 06:00:00,5,66.2175,57.85666666666666,36.42503012307613,68.73163398692814,73.42138397923205
2026-02-25 07:00:00,5,64.88333333333334,53.6625,65.12749749676233,77.13341666666662,92.08468220784334
2026-02-25 08:00:00,5,26.995,4.591666666666667,54.55726949065193,68.73163398692814,57.53926337246169
2026-02-25 09:00:00,5,2.6333333333333333,-11.2325,25.028218852305073,26.364346153846153,18.021212764338372
2026-02-25 10:00:00,5,-6.034166666666667,-7.7175,4.917362118347938,4.997306338028166,-0.12711489484904348
2026-02-25 11:00:00,5,-3.977500000000001,-8.229999999999999,5.602398889555275,4.997306338028166,0.17776523438159586
2026-02-25 12:00:00,5,-0.8666666666666667,-8.589166666666666,22.845463489673598,4.997306338028166,-3.915775815805688
2026-02-25 13:00:00,5,-3.9066666666666654,-19.3,31.169639846511572,4.997306338028166,-8.877740131846167
2026-02-25 14:00:00,5,-6.035833333333333,-30.5925,11.644931620808151,-6.384525,-12.040112059031216
2026-02-25 15:00:00,5,-3.686666666666667,-28.73333333333333,10.25479885418509,-6.384525,-15.705881252092496
2026-02-25 16:00:00,5,-6.3425,-12.658333333333331,2.9007732161533397,-6.384525,-19.500660366067095
2026-02-25 17:00:00,5,-5.110833333333334,-5.08,24.60588832993264,4.997306338028166,-9.592825658920091
2026-02-25 18:00:00,5,1.919166666666667,3.04,64.95713533005329,22.650599688473516,17.539111596847484
2026-02-25 19:00:00,5,3.545,65.0575,76.21222461247658,77.13341666666662,52.103276103376146
2026-02-25 20:00:00,5,6.4175,71.23166666666667,94.14623718848699,77.13341666666662,71.89930135710703
2026-02-25 21:00:00,5,9.875833333333334,67.05,90.4165923038382,68.73163398692814,72.15974982770553
2026-02-25 22:00:00,5,8.804166666666667,69.46249999999999,70.78529710816625,78.43058457711442,69.6884734224831
2026-02-25 23:00:00,5,6.618333333333333,73.62916666666666,39.8175278145647,53.73862820512817,61.060255921571354
2026-02-26 00:00:00,5,10.311666666666666,74.98,47.050076229489136,53.73862820512817,71.82304791123696
2026-02-26 01:00:00,5,6.134166666666666,73.89083333333333,67.7493049543753,53.73862820512817,68.49983333122671
2026-02-26 02:00:00,5,0.6491666666666667,66.7275,58.35848613111944,82.06192604856511,72.09149499053419
2026-02-26 03:00:00,5,0.0583333333333333,61.33916666666667,57.03568524598191,45.54512557077624,76.12996845233032
2026-02-26 04:00:00,5,-0.0033333333333333,45.37916666666666,63.33784508267876,77.24036077235766,81.12384806407712
2026-02-26 05:00:00,5,10.910833333333334,58.75666666666666,74.97475510615246,101.28108739837393,94.89338496718906
2026-02-26 06:00:00,5,13.264166666666668,72.5275,88.54983590933487,118.5829158819837,116.90151746156943
2026-02-26 07:00:00,5,37.2875,62.14333333333334,113.38507606700719,154.1575938967136,129.06511623714232
2026-02-26 08:00:00,5,7.9875,11.076666666666668,127.95380935859579,75.02306277056273,91.49831716088448
2026-02-26 09:00:00,5,-5.304166666666666,-1.3666666666666665,110.21832501880658,75.02306277056273,58.38802007148391
2026-02-26 10:00:00,5,-7.819166666666667,-4.450833333333333,78.2643464943167,43.7181784660767,36.13380768286041
2026-02-26 11:00:00,5,-7.91,-2.205,51.064429043664454,12.173255813953489,22.21900280644843
2026-02-26 12:00:00,5,-12.6825,-4.003333333333333,29.6977052775797,12.173255813953489,8.910678133355276
2026-02-26 13:00:00,5,-19.9625,-4.382499999999999,13.212924088898198,30.40277777777779,2.4866115213533533
2026-02-26 14:00:00,5,-21.664166666666663,-3.4883333333333333,12.858296947812619,30.40277777777779,1.2307889996621952
2026-02-26 15:00:00,5,-7.239166666666667,-3.540833333333333,27.638134514536723,30.40277777777779,19.19273183817613
2026-02-26 16:00:00,5,-1.6,-4.1225,26.55799083923783,25.355520833333326,25.659495845931154
2026-02-26 17:00:00,5,14.526666666666666,13.339999999999998,50.98929099585442,26.364346153846153,43.892639492957365
2026-02-26 18:00:00,5,32.905,69.23,86.34019187300643,96.72414179104476,81.25303880614035
2026-02-26 19:00:00,5,55.75333333333333,116.20666666666666,113.9991635379274,85.98408496732027,99.49305912640361
2026-02-26 20:00:00,5,62.07,114.70416666666668,111.75584871749206,96.72414179104476,104.37690112729524
2026-02-26 21:00:00,5,63.22083333333333,90.42083333333332,97.21512015121985,112.19919369369373,98.53520098414276
2026-02-26 22:00:00,5,64.2625,79.02166666666666,90.26124920667016,118.5829158819837,103.53118032713918
2026-02-26 23:00:00,5,56.6875,78.40833333333333,92.32530203891804,118.5829158819837,101.31328089841416
2026-02-27 00:00:00,5,62.080000000000005,76.77416666666666,102.93570385837057,118.5829158819837,108.69708824584973
2026-02-27 01:00:00,5,57.91666666666666,76.0525,119.20410109681976,101.28108739837393,109.6098682519004
2026-02-27 02:00:00,5,54.00333333333333,77.83833333333334,108.99244518599755,101.28108739837393,95.28625659701021
2026-02-27 03:00:00,5,58.65083333333334,81.22166666666666,118.61553683978265,101.28108739837393,102.84533209116753
2026-02-27 04:00:00,5,57.74916666666667,82.55916666666667,108.32781913228189,101.28108739837393,105.54469153650486
2026-02-27 05:00:00,5,66.56583333333333,94.53416666666668,106.8611242028438,101.28108739837393,112.85945751716022
2026-02-27 06:00:00,5,109.93,112.7375,131.4465739204372,118.5829158819837,132.07619222939007
2026-02-27 07:00:00,5,112.1925,118.3875,148.00088692710005,154.1575938967136,139.8382649370921
2026-02-27 08:00:00,5,50.71416666666667,39.91,111.21287562511219,154.1575938967136,107.77413818913188
2026-02-27 09:00:00,5,18.566666666666663,25.34583333333333,93.03166848984898,75.02306277056273,57.96343961358542
2026-02-27 10:00:00,5,10.370833333333334,18.139166666666668,72.06336602921763,43.7181784660767,37.16021612964685
2026-02-27 11:00:00,5,8.591666666666667,14.511666666666663,55.400167207099216,43.7181784660767,31.449186769925888
2026-02-27 12:00:00,5,9.709166666666668,17.8225,52.16617600989565,43.7181784660767,27.606135266912013
2026-02-27 13:00:00,5,35.42916666666667,19.261666666666667,61.47352866765963,43.7181784660767,37.41741297183995
2026-02-27 14:00:00,5,77.51416666666667,17.719166666666666,97.1933785960164,75.02306277056273,68.67750781974009
2026-02-27 15:00:00,5,145.4225,25.449166666666667,134.1308322866721,118.97884488448848,101.88274457810186
2026-02-27 16:00:00,5,109.955,63.20250000000001,171.75224496854202,124.25871287128716,143.42799250649554
2026-02-27 17:00:00,5,106.54166666666669,77.81750000000001,192.42730312423203,260.27421339563864,161.90648108386944
2026-02-27 18:00:00,5,90.5925,114.255,164.6852523304595,167.86609463276835,154.174517597109
2026-02-27 19:00:00,5,66.8325,101.2425,138.84886329456066,139.12250809061484,139.0731275943056
2026-02-27 20:00:00,5,61.20166666666666,76.82666666666667,183.81568057571735,167.42288302277439,161.00393912077325
2026-02-27 21:00:00,5,61.99333333333333,75.595,157.69222676974084,130.7547878787879,138.4023533737448
2026-02-27 22:00:00,5,74.45,75.69416666666667,141.369257377007,130.7547878787879,116.18999977784063
2026-02-27 23:00:00,5,75.13166666666666,81.76666666666667,114.1347839257524,118.5829158819837,110.46887274835146
2026-02-28 00:00:00,5,114.32,98.94166666666666,103.20075296051877,118.5829158819837,111.52061186595932
2026-02-28 01:00:00,5,111.1,84.69,118.60128866462878,118.5829158819837,103.96449352508796
2026-02-28 02:00:00,5,55.26916666666667,93.20083333333334,111.56559399811971,101.28108739837393,96.77831077681779
2026-02-28 03:00:00,5,54.65583333333333,74.01333333333334,94.27499718714427,101.28108739837393,93.5729990549917
2026-02-28 04:00:00,5,51.49916666666667,67.63916666666667,74.0406838058236,101.28108739837393,88.7397595222231
2026-02-28 05:00:00,5,22.51333333333333,74.13916666666667,66.74897450745287,101.28108739837393,87.47048113734155
2026-02-28 06:00:00,5,24.8925,73.90583333333333,65.32569176307996,101.28108739837393,91.99663616757326
2026-02-28 07:00:00,5,11.775,56.265833333333326,51.283457937444794,101.28108739837393,75.8656178964456
2026-02-28 08:00:00,5,2.681666666666666,9.131666666666666,49.514784556489374,43.7181784660767,40.46401994765111
2026-02-28 09:00:00,5,0.8641666666666666,3.3725,51.03418648180499,12.173255813953489,21.3684089408685
2026-02-28 10:00:00,5,0.6883333333333334,7.796666666666666,40.011739292765675,12.173255813953489,12.240550188254808
2026-02-28 11:00:00,5,3.0141666666666667,8.304166666666665,23.483255999927877,11.559219858156027,6.420796290006166
2026-02-28 12:00:00,5,9.7325,7.984999999999999,30.154753913721024,11.559219858156027,14.34981739016495
2026-02-28 13:00:00,5,12.624166666666667,6.787499999999999,56.81488465767488,75.02306277056273,35.36581624301794
2026-02-28 14:00:00,5,20.874166666666667,3.0116666666666667,95.62581559360774,118.97884488448848,65.43343458727692
2026-02-28 15:00:00,5,79.68833333333333,12.03,141.42882996945607,118.97884488448848,94.68100349879333
2026-02-28 16:00:00,5,77.06083333333333,54.77583333333333,141.24986330735712,124.25871287128716,117.00141670791209
2026-02-28 17:00:00,5,71.71916666666667,66.15249999999999,125.3997350807924,124.25871287128716,111.98352548656919
2026-02-28 18:00:00,5,74.46416666666667,91.53833333333334,126.73081267552232,124.25871287128716,133.07274139321657
2026-02-28 19:00:00,5,73.58166666666666,101.51,138.31324534136263,124.25871287128716,143.67703304468847
2026-02-28 20:00:00,5,62.47666666666667,90.24666666666668,134.86961440264272,139.12250809061484,138.36887505956113
2026-02-28 21:00:00,5,57.635,86.68,117.30732127788471,139.12250809061484,122.87666757807499
2026-02-28 22:00:00,5,50.855,98.95333333333332,98.9330451115147,112.19919369369373,111.35674419969232
2026-02-28 23:00:00,5,49.95250000000001,92.43916666666668,88.68356553539246,118.5829158819837,104.03154553580683
2026-03-01 00:00:00,5,51.895,90.25666666666666,97.61843313564758,118.5829158819837,107.83459391747914
2026-03-01 01:00:00,5,51.38,79.77499999999999,119.14982306644721,118.5829158819837,106.40263070830713
2026-03-01 02:00:00,5,33.8325,72.23583333333333,106.35790050022342,101.28108739837393,98.28483210498058
2026-03-01 03:00:00,5,17.2925,59.09,87.84418499654198,101.28108739837393,88.8616490395158
2026-03-01 04:00:00,5,12.940833333333332,42.96333333333333,62.525350113116396,101.28108739837393,81.04201060431886
2026-03-01 05:00:00,5,15.825,43.09,29.934172896908684,82.06192604856511,67.76075778207172
2026-03-01 06:00:00,5,18.45,63.805,6.200581326831056,48.130280054644786,56.39591035403808
2026-03-01 07:00:00,5,15.54,47.54416666666666,-16.66763465654715,13.293813932980608,43.19392651786364
2026-03-01 08:00:00,5,12.524166666666666,36.82666666666667,-1.7144742436049683,25.355520833333326,36.21684643585327
2026-03-01 09:00:00,5,9.3375,32.274166666666666,16.382017938206253,25.355520833333326,28.327996074855818
2026-03-01 10:00:00,5,1.9741666666666664,9.4625,12.217610370545053,11.559219858156027,15.42718972747275
2026-03-01 11:00:00,5,1.1816666666666666,-0.7149999999999999,-31.431541991493148,-6.384525,-7.200636290284464
2026-03-01 12:00:00,5,-0.3633333333333333,-2.4425,-56.54709113558907,-27.087356060606076,-11.64520464181922
2026-03-01 13:00:00,5,-2.1633333333333336,-2.7525,-36.15421506463855,-14.050735815602842,1.4589482247525325
2026-03-01 14:00:00,5,18.004166666666666,-0.1958333333333333,3.8756712240535762,22.650599688473516,19.919094841396443
2026-03-01 15:00:00,5,38.017500000000005,34.05583333333333,35.23843303247062,40.80346055979643,43.430622554499394
2026-03-01 16:00:00,5,10.580833333333333,54.41,46.95340400066546,40.80346055979643,50.944286626981544
2026-03-01 17:00:00,5,27.4275,54.03333333333333,65.59017872219992,40.80346055979643,51.790027663684796
2026-03-01 18:00:00,5,37.8175,19.5275,61.770181876616014,40.80346055979643,60.74419135536772
2026-03-01 19:00:00,5,39.439166666666665,3.418333333333333,55.667261871790444,40.80346055979643,54.400718848760704
2026-03-01 20:00:00,5,49.1375,42.98666666666667,59.97007585903287,96.72414179104476,62.36810931249872
2026-03-01 21:00:00,5,11.77,57.66916666666666,37.498021176064285,40.80346055979643,49.84656746988367
2026-03-01 22:00:00,5,9.89,56.59166666666667,25.897281460930166,68.73163398692814,46.728171487238455
2026-03-01 23:00:00,5,7.194166666666667,52.22083333333333,-1.1969910879590202,22.650599688473516,38.01374663830117
2026-03-02 00:00:00,5,17.885833333333334,56.555,-20.399718867727117,0.9389149305555562,40.23231421491332
2026-03-02 01:00:00,5,16.061666666666667,65.27,-15.051648014795646,0.3824841269841271,13.80853484874924
2026-03-02 02:00:00,5,22.680833333333336,65.99666666666667,-26.724341369375708,0.3824841269841271,10.528948786179477
2026-03-02 03:00:00,5,45.93,64.67166666666667,-36.48647191955904,0.3824841269841271,9.84059218962954
2026-03-02 04:00:00,5,44.49,66.24499999999999,-36.13731204877723,0.3824841269841271,13.83945673553665
2026-03-02 05:00:00,5,48.431666666666665,69.09666666666666,-21.366642373674324,13.293813932980608,23.315626402087176
2026-03-02 06:00:00,5,52.76916666666667,73.73833333333333,12.41874479291269,22.650599688473516,45.93557051821561
2026-03-02 07:00:00,5,58.7375,70.80166666666666,40.10711254146705,96.72414179104476,70.56730904446968
2026-03-02 08:00:00,5,68.37666666666667,53.44416666666667,42.87017395128784,96.72414179104476,60.69951773116623
2026-03-02 09:00:00,5,82.93166666666666,8.829166666666666,59.231135050519654,85.98408496732027,80.46122095037084
2026-03-02 10:00:00,5,90.60416666666669,-4.245833333333334,69.54773854264643,85.98408496732027,84.06926803004504
2026-03-02 11:00:00,5,92.2575,-3.9425,66.61631114054647,85.98408496732027,62.871528837555104
2026-03-02 12:00:00,5,63.69333333333333,-3.3708333333333336,56.863688880885704,85.98408496732027,63.499387502914345
2026-03-02 13:00:00,5,40.935833333333335,-2.5825,90.47231828794207,124.25871287128716,99.61060484734259
2026-03-02 14:00:00,5,37.1875,-5.059166666666667,136.69214252506552,118.97884488448848,106.94032409922318
2026-03-02 15:00:00,5,50.44083333333333,-6.196666666666666,163.5171612774908,118.97884488448848,124.48302384962422
2026-03-02 16:00:00,5,65.07166666666667,-5.944166666666667,155.7713149290869,87.21628360215054,124.27791067036347
2026-03-02 17:00:00,5,65.86916666666667,4.061666666666667,154.27092310070734,85.98408496732027,106.53512332252336
2026-03-02 18:00:00,5,69.98416666666667,40.8625,135.38962848071907,85.98408496732027,94.27832332970604
2026-03-02 19:00:00,5,74.28833333333334,85.45,128.99317431657775,96.72414179104476,94.40135008968532
2026-03-02 20:00:00,5,75.6075,75.19916666666667,123.6450343930014,96.72414179104476,92.44913000932326
2026-03-02 21:00:00,5,79.08666666666666,65.4675,104.13345608334672,77.13341666666662,87.01406911533752
2026-03-02 22:00:00,5,80.27583333333334,63.656666666666666,73.6084002872377,68.73163398692814,78.22824721741556
2026-03-02 23:00:00,5,68.405,62.20416666666667,41.234447462962635,68.73163398692814,69.85990242384268
2026-03-03 00:00:00,5,71.29166666666667,87.50333333333333,29.2788197283892,68.73163398692814,71.70207686869176
2026-03-03 01:00:00,5,68.3275,93.0425,45.435064311034196,53.73862820512817,58.45185336631674
2026-03-03 02:00:00,5,65.21083333333333,83.69333333333334,28.586540767319505,53.73862820512817,54.07850344887184
2026-03-03 03:00:00,5,65.11,91.23666666666666,19.80591876897467,53.73862820512817,54.01675733557528
2026-03-03 04:00:00,5,65.30333333333333,96.31166666666668,13.390739136830732,53.73862820512817,55.235088818966574
2026-03-03 05:00:00,5,75.52083333333333,90.92333333333332,25.525874090386473,67.75382211538464,71.0192094133867
2026-03-03 06:00:00,5,102.70416666666668,101.77583333333332,50.98156434410102,68.73163398692814,98.86475745636206
2026-03-03 07:00:00,5,125.32583333333334,96.78666666666668,75.57051864295481,96.72414179104476,117.2865334104501
2026-03-03 08:00:00,5,110.85333333333334,74.8425,66.8134567738522,96.72414179104476,91.34640936040711
2026-03-03 09:00:00,5,74.1925,63.38333333333333,45.88897117564595,46.5629090909091,46.890342338207205
2026-03-03 10:00:00,5,39.49583333333333,57.1625,21.092575831373686,46.5629090909091,13.233348231504166
2026-03-03 11:00:00,5,13.859166666666669,46.59833333333333,0.09848883069233239,-14.012247311827956,-4.8952072826911746
2026-03-03 12:00:00,5,6.0183333333333335,52.149166666666666,-6.170582138553698,-1.2671105919003114,-13.32057436384548
2026-03-03 13:00:00,5,6.211666666666666,66.17583333333333,10.998628020955593,-22.948551660516607,-15.868482761522941
2026-03-03 14:00:00,5,-0.1275,77.39916666666666,7.015710519147433,-22.948551660516607,-24.08523665909439
2026-03-03 15:00:00,5,3.5925,64.66333333333334,37.095231210157955,-22.948551660516607,-14.03081141962761
2026-03-03 16:00:00,5,21.704166666666666,50.2175,35.200980678968186,-6.384525,9.77466470155273
2026-03-03 17:00:00,5,49.66083333333333,59.65833333333333,73.40196923694458,26.364346153846153,28.695271922487663
2026-03-03 18:00:00,5,63.17583333333334,84.58666666666666,71.51634611257509,77.13341666666662,53.90523039723186
2026-03-03 19:00:00,5,71.88250000000001,81.00416666666666,91.01218528330256,96.72414179104476,81.6372339987114
2026-03-03 20:00:00,5,73.10833333333333,71.98,100.05748526625675,96.72414179104476,97.61739963312701
2026-03-03 21:00:00,5,72.33416666666666,69.77333333333333,91.56774619870833,77.13341666666662,94.15125456855247
2026-03-03 22:00:00,5,67.28333333333333,75.7975,77.25280794091354,118.5829158819837,88.01051189813774
2026-03-03 23:00:00,5,59.9125,64.3575,64.7930405577948,118.5829158819837,85.65834508471087
2026-03-04 00:00:00,5,70.00416666666666,68.69416666666666,63.222639850995485,118.5829158819837,95.79187208311563
2026-03-04 01:00:00,5,70.6475,62.4375,78.75036399666273,82.06192604856511,88.16729241058317
2026-03-04 02:00:00,5,72.8625,56.035,67.7938745340867,82.06192604856511,79.320607575306
2026-03-04 03:00:00,5,71.99666666666667,29.3775,59.31923453448699,82.06192604856511,79.23961468297904
2026-03-04 04:00:00,5,74.84583333333333,32.87,59.494870751156945,101.28108739837393,85.83272836579482
2026-03-04 05:00:00,5,84.75666666666667,32.105,56.70399723782708,82.06192604856511,86.81412814156658
2026-03-04 06:00:00,5,88.15583333333332,66.2175,86.56851551711378,118.5829158819837,114.4194843515099
2026-03-04 07:00:00,5,87.85666666666667,64.88333333333334,111.50875567800165,154.1575938967136,132.98427890439623
2026-03-04 08:00:00,5,91.21666666666664,26.995,100.46636937366837,87.21628360215054,106.04014025569245
2026-03-04 09:00:00,5,72.9975,2.6333333333333333,76.87385252222965,87.21628360215054,66.81894939464094
2026-03-04 10:00:00,5,37.178333333333335,-6.034166666666667,70.93513745543159,75.02306277056273,47.12471202250681
2026-03-04 11:00:00,5,25.72833333333333,-3.977500000000001,63.62877216553176,46.5629090909091,40.687243377398296
2026-03-04 12:00:00,5,9.753333333333332,-0.8666666666666667,54.55118179495966,46.5629090909091,32.24307120485431
2026-03-04 13:00:00,5,14.5225,-3.9066666666666654,50.84010291964431,46.5629090909091,30.7651300775291
2026-03-04 14:00:00,5,11.152500000000002,-6.035833333333333,37.891829291693725,25.355520833333326,22.574707098430693
2026-03-04 15:00:00,5,-3.205,-3.686666666666667,27.76200447510915,25.355520833333326,17.534668315260987
2026-03-04 16:00:00,5,-90.42916666666667,-6.3425,44.97664847631698,46.5629090909091,26.09504637991008
2026-03-04 17:00:00,5,3.035833333333334,-5.110833333333334,70.67670242831645,46.5629090909091,67.95257589961977
2026-03-04 18:00:00,5,61.67666666666667,1.919166666666667,79.9161177449159,77.13341666666662,83.05459534210661
2026-03-04 19:00:00,5,92.4675,3.545,118.5938131972488,96.72414179104476,112.8997344362055
2026-03-04 20:00:00,5,89.91000000000001,6.4175,118.68459824660064,112.19919369369373,115.33676132979153
2026-03-04 21:00:00,5,85.92750000000001,9.875833333333334,110.09062236919183,112.19919369369373,107.58324750110164
2026-03-04 22:00:00,5,88.68583333333333,8.804166666666667,108.79873039274844,118.5829158819837,107.35525562718783
2026-03-04 23:00:00,5,85.44083333333333,6.618333333333333,106.43575809787268,118.5829158819837,107.00153573084015
2026-03-05 00:00:00,5,88.51416666666667,10.311666666666666,116.10520726372638,118.5829158819837,115.14242652271174
2026-03-05 01:00:00,5,97.00916666666666,6.134166666666666,147.6400253199711,118.5829158819837,117.17741527991907
2026-03-05 02:00:00,5,96.21,0.6491666666666667,135.8314977632051,101.28108739837393,112.68467656385666
2026-03-05 03:00:00,5,100.18083333333334,0.0583333333333333,118.47161471312401,101.28108739837393,106.0436509313157
2026-03-05 04:00:00,5,98.8325,-0.0033333333333333,97.15161801816521,101.28108739837393,105.10540633266862
2026-03-05 05:00:00,5,99.30833333333334,10.910833333333334,99.73072999841399,101.28108739837393,112.35200874490735
2026-03-05 06:00:00,5,114.91666666666669,13.264166666666668,128.2693172919585,118.5829158819837,139.41519163877925
2026-03-05 07:00:00,5,137.81166666666667,37.2875,161.88440118932974,154.1575938967136,156.5427482079018
2026-03-05 08:00:00,5,72.53666666666666,7.9875,142.3764541329286,118.97884488448848,111.5187576941473
2026-03-05 09:00:00,5,7.010000000000001,-5.304166666666666,111.03197349310634,75.02306277056273,60.23244968169221
2026-03-05 10:00:00,5,-7.212499999999999,-7.819166666666667,83.61872097628196,12.173255813953489,29.387106795587634
2026-03-05 11:00:00,5,-8.636666666666667,-7.91,58.91950528502441,12.173255813953489,15.522217446665607
2026-03-05 12:00:00,5,-4.8341666666666665,-12.6825,38.997884351452484,-7.3401388888888865,7.599431520985192
2026-03-05 13:00:00,5,-4.960833333333333,-19.9625,35.59590238658152,7.824608333333332,8.096194612683945
2026-03-05 14:00:00,5,-5.801666666666667,-21.664166666666663,31.503579813598527,7.824608333333332,6.937502024709161
2026-03-05 15:00:00,5,-19.124166666666664,-7.239166666666667,30.179662411032922,7.824608333333332,13.050646198462779
2026-03-05 16:00:00,5,-6.473333333333334,-1.6,41.25711797598332,11.559219858156027,33.028818525727296
2026-03-05 17:00:00,5,-2.705833333333333,14.526666666666666,70.13539771103144,46.5629090909091,60.78481456255625
2026-03-05 18:00:00,5,69.35833333333333,32.905,136.9847526040812,154.1575938967136,113.14184698038909
2026-03-05 19:00:00,5,111.5275,55.75333333333333,173.70533582818643,167.42288302277439,145.21140738015532
2026-03-05 20:00:00,5,99.21166666666666,62.07,151.16670695792686,139.12250809061484,127.9149515169222
2026-03-05 21:00:00,5,101.11083333333332,63.22083333333333,112.72694364583887,112.19919369369373,97.60129562112937
2026-03-05 22:00:00,5,78.36166666666666,64.2625,91.89429607815958,78.43058457711442,85.94825243266119
2026-03-05 23:00:00,5,69.68666666666667,56.6875,81.9039922214703,118.5829158819837,83.41437417348627
2026-03-06 00:00:00,5,70.7925,62.080000000000005,89.33699328762147,118.5829158819837,95.13959886299247
2026-03-06 01:00:00,5,65.76083333333334,57.91666666666666,112.13115786858853,67.75382211538464,95.84151232805593
2026-03-06 02:00:00,5,70.205,54.00333333333333,103.69116804112505,67.75382211538464,94.47493094966042
2026-03-06 03:00:00,5,73.71249999999999,58.65083333333334,96.04712030830561,67.75382211538464,94.9757023464407
2026-03-06 04:00:00,5,84.60166666666667,57.74916666666667,97.92118286807204,67.75382211538464,100.21319606263243
2026-03-06 05:00:00,5,91.925,66.56583333333333,112.04819235213527,67.75382211538464,112.48740904048731
2026-03-06 06:00:00,5,92.88583333333332,109.93,138.3691444856519,118.5829158819837,134.9904353777062
2026-03-06 07:00:00,5,106.99583333333334,112.1925,154.52345473725933,154.1575938967136,144.9402022748627
2026-03-06 08:00:00,5,50.79,50.71416666666667,138.49086249268635,118.97884488448848,112.7915968314545
2026-03-06 09:00:00,5,5.883333333333333,18.566666666666663,104.9965784251481,75.02306277056273,66.11550214085202
2026-03-06 10:00:00,5,28.174166666666665,10.370833333333334,80.53204186313216,43.7181784660767,37.34467756800843
2026-03-06 11:00:00,5,6.104166666666667,8.591666666666667,65.76983111784796,12.173255813953489,24.980916248761837
2026-03-06 12:00:00,5,1.98,9.709166666666668,44.739903698975354,-7.3401388888888865,8.585450465404286
2026-03-06 13:00:00,5,-4.125,35.42916666666667,36.6641349492796,7.824608333333332,2.7337131084064765
2026-03-06 14:00:00,5,-6.153333333333333,77.51416666666667,45.459953899814245,7.824608333333332,13.513203122521332
2026-03-06 15:00:00,5,-7.325833333333333,145.4225,55.988478837259194,30.40277777777779,28.16963154067429
2026-03-06 16:00:00,5,-1.385,109.955,77.20495359038152,30.40277777777779,45.850446078831624
2026-03-06 17:00:00,5,10.118333333333334,106.54166666666669,95.67221123185377,46.5629090909091,64.59843372571015
2026-03-06 18:00:00,5,65.10000000000001,90.5925,127.78656766387249,96.72414179104476,87.45914962152261
2026-03-06 19:00:00,5,77.80333333333333,66.8325,125.83701086444987,128.37354166666663,100.39395964574952
2026-03-06 20:00:00,5,80.40166666666666,61.20166666666666,104.3471328746534,96.72414179104476,92.84428110214272
2026-03-06 21:00:00,5,78.33,61.99333333333333,97.42619110267796,77.13341666666662,90.33073731934452
2026-03-06 22:00:00,5,74.84916666666666,74.45,90.79520521171585,118.5829158819837,89.61296046617636
2026-03-06 23:00:00,5,73.54416666666667,75.13166666666666,81.79946366690841,118.5829158819837,85.81005212587709
2026-03-07 00:00:00,5,74.97416666666668,114.32,88.89234607247478,118.5829158819837,92.04938615990943
2026-03-07 01:00:00,5,80.80499999999999,111.1,95.63883661699631,82.06192604856511,79.84926947213225
2026-03-07 02:00:00,5,77.57916666666667,55.26916666666667,85.44267667836345,82.06192604856511,75.04161427547737
2026-03-07 03:00:00,5,62.711666666666666,54.65583333333333,68.63341716860674,82.06192604856511,72.08344386671537
2026-03-07 04:00:00,5,59.085,51.49916666666667,57.985791331744366,45.54512557077624,69.25361121716112
2026-03-07 05:00:00,5,66.72333333333333,22.51333333333333,55.71380843089021,82.06192604856511,70.95293215705416
2026-03-07 06:00:00,5,65.61333333333333,24.8925,53.65458359688271,82.06192604856511,74.47417570832052
2026-03-07 07:00:00,5,65.72500000000001,11.775,51.15664933956307,82.06192604856511,71.13043199202131
2026-03-07 08:00:00,5,8.033333333333333,2.681666666666666,45.000247139575734,25.355520833333326,40.90476375326658
2026-03-07 09:00:00,5,-4.278333333333333,0.8641666666666666,22.679776763219223,11.559219858156027,10.561976102828169
2026-03-07 10:00:00,5,-5.910833333333333,0.6883333333333334,-1.5621297704261252,-1.2671105919003114,-14.9172365739324
2026-03-07 11:00:00,5,-4.703333333333333,3.0141666666666667,-9.339120418428593,-22.948551660516607,-20.587334468200197
2026-03-07 12:00:00,5,-9.304166666666667,9.7325,-18.55775604747346,-22.948551660516607,-26.437016594379756
2026-03-07 13:00:00,5,-15.998333333333331,12.624166666666667,-35.732242531745996,-22.948551660516607,-36.11601788327917
2026-03-07 14:00:00,5,-33.54916666666667,20.874166666666667,-49.62354223288621,-22.948551660516607,-42.659733742269054
2026-03-07 15:00:00,5,-42.00416666666667,79.68833333333333,-51.537138543106295,-36.37864141414142,-40.92142918538248
2026-03-07 16:00:00,5,-32.18666666666667,77.06083333333333,-13.075250980867708,-27.087356060606076,-22.694294131304645
2026-03-07 17:00:00,5,-9.198333333333332,71.71916666666667,16.70505122020873,-14.050735815602842,-5.602165306268077
2026-03-07 18:00:00,5,-0.1558333333333332,74.46416666666667,47.81284007360746,22.650599688473516,19.927491102935676
2026-03-07 19:00:00,5,8.720833333333333,73.58166666666666,56.240913206377456,22.650599688473516,37.664477325699075
2026-03-07 20:00:00,5,7.063333333333333,62.47666666666667,49.414830721286215,22.650599688473516,39.81192589052922
2026-03-07 21:00:00,5,0.5533333333333333,57.635,33.833705961164426,22.650599688473516,30.52391073423083
2026-03-07 22:00:00,5,-3.273333333333333,50.855,22.55265434746336,13.293813932980608,24.7469835122224
2026-03-07 23:00:00,5,-6.322500000000001,49.95250000000001,2.764377296594617,13.293813932980608,19.308848973050154
2026-03-08 00:00:00,5,-4.3125,51.895,1.8533722405086195,13.293813932980608,25.43215091742072
2026-03-08 01:00:00,5,-4.791666666666667,51.38,18.238955878054938,13.293813932980608,25.7340794372694
2026-03-08 02:00:00,5,-8.149166666666668,33.8325,3.9549868629231355,13.293813932980608,21.183393276192
2026-03-08 03:00:00,5,-14.006666666666666,17.2925,-13.626151675896395,13.293813932980608,17.09919051605835
2026-03-08 04:00:00,5,-14.179166666666667,12.940833333333332,-30.580148771772954,13.293813932980608,13.858089558691908
2026-03-08 05:00:00,5,-14.120833333333332,15.825,-34.55463383949525,13.293813932980608,13.860966311448088
2026-03-08 06:00:00,5,-7.225,18.45,-21.39656067519357,13.293813932980608,19.611691701823787
2026-03-08 07:00:00,5,-5.4383333333333335,15.54,-21.828904082326616,27.08641666666668,17.54948361019696
2026-03-08 08:00:00,5,-37.928333333333335,12.524166666666666,-23.930803335943352,-14.012247311827956,-3.4054627749993074
2026-03-08 09:00:00,5,-49.08166666666667,9.3375,-27.8118391990256,-14.012247311827956,-17.267042007383083
2026-03-08 10:00:00,5,-48.48333333333333,1.9741666666666664,-36.47920774344439,-22.948551660516607,-25.529400178426357
2026-03-08 11:00:00,5,-48.20166666666666,1.1816666666666666,-34.055621377453235,-22.948551660516607,-26.1272571375726
2026-03-08 12:00:00,5,-48.04916666666667,-0.3633333333333333,-29.05689734787994,-22.948551660516607,-28.46136414998759
2026-03-08 13:00:00,5,-55.501666666666665,-2.1633333333333336,-29.513363195979082,-17.73228741496599,-24.80851840503938
2026-03-08 14:00:00,5,-64.4675,18.004166666666666,-37.2933265960845,-46.829107142857154,-29.86204507050961
2026-03-08 15:00:00,5,-65.71333333333332,38.017500000000005,-28.390210579673607,-22.948551660516607,-23.86320445399602
2026-03-08 16:00:00,5,-49.875,10.580833333333333,0.07242054925865204,-22.948551660516607,-7.975868402678074
2026-03-08 17:00:00,5,-12.533333333333331,27.4275,25.001562054414514,-6.384525,12.329874476455956
2026-03-08 18:00:00,5,20.844166666666663,37.8175,35.77160722913133,26.364346153846153,35.90916675321875
2026-03-08 19:00:00,5,57.5325,39.439166666666665,41.63657079297643,26.364346153846153,59.11576268839289
2026-03-08 20:00:00,5,57.9125,49.1375,76.5793918708204,78.43058457711442,85.1095419439064
2026-03-08 21:00:00,5,34.10666666666666,11.77,81.95315159806678,118.5829158819837,88.31096306723781
2026-03-08 22:00:00,5,28.6275,9.89,89.58355618965429,101.28108739837393,93.66147222950242
2026-03-08 23:00:00,5,24.0375,7.194166666666667,92.34317560925123,101.28108739837393,94.24871960307172
2026-03-09 00:00:00,5,58.97416666666666,17.885833333333334,111.9380086130799,101.28108739837393,101.2599788155208
2026-03-09 01:00:00,5,61.583333333333336,16.061666666666667,137.63388502669892,101.28108739837393,83.81464931874419
2026-03-09 02:00:00,5,66.79416666666667,22.680833333333336,114.65002739242288,101.28108739837393,88.00306095031372
2026-03-09 03:00:00,5,63.32916666666667,45.93,88.42673111981665,77.24036077235766,82.07448137708691
2026-03-09 04:00:00,5,69.72500000000001,44.49,77.23645625835293,77.24036077235766,82.13892671864578
2026-03-09 05:00:00,5,71.94083333333333,48.431666666666665,58.966270718113506,77.24036077235766,80.53958718306386
2026-03-09 06:00:00,5,72.085,52.76916666666667,43.468595403239156,82.06192604856511,76.80901231873436
2026-03-09 07:00:00,5,64.5825,58.7375,33.34867193926272,82.06192604856511,66.35002816044592
2026-03-09 08:00:00,5,7.460000000000001,68.37666666666667,46.33955481679142,12.173255813953489,33.52004958301725
2026-03-09 09:00:00,5,-17.20416666666667,82.93166666666666,15.185962375053457,12.173255813953489,-1.7653149963316963
2026-03-09 10:00:00,5,-12.915,90.60416666666669,-37.74939790996038,-7.3401388888888865,-25.823116120319128
2026-03-09 11:00:00,5,-13.989166666666668,92.2575,-60.327040989732424,-22.948551660516607,-32.6043328550045
2026-03-09 12:00:00,5,-18.929166666666664,63.69333333333333,-64.56984198484572,-35.16313988095237,-37.775524248873694
2026-03-09 13:00:00,5,-27.0725,40.935833333333335,-41.65994566502255,-22.948551660516607,-25.68247776452077
2026-03-09 14:00:00,5,-17.486666666666668,37.1875,-1.1915583152213145,7.824608333333332,4.075969425344937
2026-03-09 15:00:00,5,-0.5633333333333334,50.44083333333333,37.21888808027158,30.40277777777779,35.617710956088075
2026-03-09 16:00:00,5,-1.2758333333333334,65.07166666666667,82.71474693369187,75.02306277056273,68.06969655296714
2026-03-09 17:00:00,5,-1.2958333333333334,65.86916666666667,72.01138509371454,77.13341666666662,69.55572188590858
2026-03-09 18:00:00,5,15.1025,69.98416666666667,66.84811689630828,40.80346055979643,59.7136034454788
2026-03-09 19:00:00,5,81.53666666666666,74.28833333333334,97.65291327788655,96.72414179104476,85.71358871714452
2026-03-09 20:00:00,5,86.03333333333335,75.6075,107.68291113033985,96.72414179104476,106.06491003443841
2026-03-09 21:00:00,5,86.38083333333333,79.08666666666666,101.90971536319049,118.5829158819837,105.85486300334779
2026-03-09 22:00:00,5,78.2625,80.27583333333334,86.91266389704205,118.5829158819837,92.8509456949358
2026-03-09 23:00:00,5,89.07916666666667,68.405,78.46952296882368,101.28108739837393,89.4679012447816
2026-03-10 00:00:00,5,92.65,71.29166666666667,99.92863242474027,118.5829158819837,101.73135353632307
2026-03-10 01:00:00,5,81.765,68.3275,130.10923758652947,101.28108739837393,97.64771465754464
2026-03-10 02:00:00,5,73.16083333333334,65.21083333333333,119.59960718915818,101.28108739837393,94.27916591764325
2026-03-10 03:00:00,5,70.645,65.11,116.67744372630739,101.28108739837393,92.51606276496823
2026-03-10 04:00:00,5,73.93833333333333,65.30333333333333,119.98096888299092,101.28108739837393,97.00330982384006
2026-03-10 05:00:00,5,84.98666666666666,75.52083333333333,126.6068237598814,101.28108739837393,108.38558619458173
2026-03-10 06:00:00,5,94.7325,102.70416666666668,153.2568037411254,118.5829158819837,135.20127791140175
2026-03-10 07:00:00,5,111.765,125.32583333333334,179.23796049835926,154.1575938967136,158.82236637188515
2026-03-10 08:00:00,5,33.625,110.85333333333334,168.38625723082282,118.97884488448848,115.24484561872141
2026-03-10 09:00:00,5,9.243333333333332,74.1925,136.59377211631633,75.02306277056273,65.42856288342429
2026-03-10 10:00:00,5,-0.6550000000000001,39.49583333333333,99.61493276502443,43.7181784660767,35.590816915942895
2026-03-10 11:00:00,5,-2.846666666666667,13.859166666666669,67.51983854286468,12.173255813953489,22.148993244775696
2026-03-10 12:00:00,5,-1.0291666666666668,6.0183333333333335,56.24794720211887,12.173255813953489,15.777692256693612
2026-03-10 13:00:00,5,30.465,6.211666666666666,73.03233889545183,30.40277777777779,25.061131388278298
2026-03-10 14:00:00,5,35.93833333333333,-0.1275,107.70715810218252,43.7181784660767,49.026515690636245
2026-03-10 15:00:00,5,39.21583333333333,3.5925,119.25185004753004,75.02306277056273,69.76672325890667
2026-03-10 16:00:00,5,57.905,21.704166666666666,130.57636749439737,87.21628360215054,101.58085953598767
2026-03-10 17:00:00,5,72.4075,49.66083333333333,175.96231900078124,124.25871287128716,147.9671311383913
2026-03-10 18:00:00,5,112.51083333333334,63.17583333333334,203.09215514657245,167.86609463276835,182.34195977416374
2026-03-10 19:00:00,5,114.76166666666666,71.88250000000001,189.42432753337664,167.86609463276835,180.41304210433816
2026-03-10 20:00:00,5,85.07833333333333,73.10833333333333,152.36553766532475,139.12250809061484,150.30804182484138
2026-03-10 21:00:00,5,63.0625,72.33416666666666,143.3995087639462,167.42288302277439,140.75000984096084
2026-03-10 22:00:00,5,56.245000000000005,67.28333333333333,146.5120498499205,130.7547878787879,127.50253036574135
2026-03-10 23:00:00,5,49.71666666666667,59.9125,147.445791764237,118.5829158819837,114.82354374384997
2026-03-11 00:00:00,5,19.9625,70.00416666666666,119.03096083861337,118.5829158819837,118.07467574299424
2026-03-11 01:00:00,5,6.5491666666666655,70.6475,100.55003353974001,101.28108739837393,97.47507175980894
2026-03-11 02:00:00,5,-0.4416666666666666,72.8625,41.83758319451903,53.73862820512817,62.38532993401803
2026-03-11 03:00:00,5,-3.8083333333333336,71.99666666666667,-12.1770531272942,13.293813932980608,34.07355546212876
2026-03-11 04:00:00,5,-6.095833333333334,74.84583333333333,-32.95690707121527,13.293813932980608,25.02574191153908
2026-03-11 05:00:00,5,-7.009166666666666,84.75666666666667,-28.772691271221532,13.293813932980608,33.64152770714417
2026-03-11 06:00:00,5,-5.605,88.15583333333332,-1.9991907152056285,0.9389149305555562,46.534547362901236
2026-03-11 07:00:00,5,-1.115,87.85666666666667,11.092885220418438,40.80346055979643,54.47174526497743
2026-03-11 08:00:00,5,-5.120833333333334,91.21666666666664,18.472282506486422,40.80346055979643,45.391742407579535
2026-03-11 09:00:00,5,-5.9025,72.9975,13.40050979135372,40.80346055979643,40.388241145216256
2026-03-11 10:00:00,5,-4.4025,37.178333333333335,34.08959029945803,40.80346055979643,47.61981898347689
2026-03-11 11:00:00,5,2.0425000000000004,25.72833333333333,30.384988226366644,40.80346055979643,41.69766646558729
2026-03-11 12:00:00,5,28.325,9.753333333333332,79.73748086001798,96.72414179104476,63.098956872759075
2026-03-11 13:00:00,5,-2.16,14.5225,84.58474431434371,96.72414179104476,69.59289721261655
2026-03-11 14:00:00,5,-12.379166666666668,11.152500000000002,77.7148132534211,77.13341666666662,66.74473342966684
2026-03-11 15:00:00,5,-28.593333333333334,-3.205,54.38823872504655,68.73163398692814,51.70376597660443
2026-03-11 16:00:00,5,-38.6775,-90.42916666666667,-5.517659905287573,0.9389149305555562,1.0773024936709135
2026-03-11 17:00:00,5,-16.815833333333334,3.035833333333334,-2.043718328996377,40.80346055979643,8.915905631367181
2026-03-11 18:00:00,5,-7.955000000000001,61.67666666666667,7.068490747379897,40.80346055979643,14.179349517284521
2026-03-11 19:00:00,5,-2.0325,92.4675,19.72221765824343,40.80346055979643,26.69018386339677
2026-03-11 20:00:00,5,11.785833333333334,89.91000000000001,29.277832357155745,40.80346055979643,35.08590014388991
2026-03-11 21:00:00,5,10.494166666666668,85.92750000000001,28.159769855889408,68.73163398692814,37.89293244235123
2026-03-11 22:00:00,5,10.7925,88.68583333333333,30.755535218465255,68.73163398692814,49.80244301706688
2026-03-11 23:00:00,5,10.980833333333337,85.44083333333333,18.135329997031796,53.73862820512817,49.441742479711635
2026-03-12 00:00:00,5,15.050833333333337,88.51416666666667,18.2916122407144,53.73862820512817,55.74086668499088
2026-03-12 01:00:00,5,8.631666666666666,97.00916666666666,31.146426001858835,53.73862820512817,41.15992632278706
2026-03-12 02:00:00,5,8.471666666666666,96.21,6.556313060868092,27.08641666666668,28.103533049812036
2026-03-12 03:00:00,5,9.151666666666667,100.18083333333334,-4.409749871423841,27.08641666666668,24.866689110734995
2026-03-12 04:00:00,5,13.478333333333332,98.8325,-7.099756420056025,27.08641666666668,28.087325484863577
2026-03-12 05:00:00,5,21.596666666666668,99.30833333333334,3.8838074481857348,48.130280054644786,35.58265484372241
2026-03-12 06:00:00,5,21.665000000000003,114.91666666666669,34.13762354928608,46.397907196969676,61.03560976400406
2026-03-12 07:00:00,5,25.831666666666667,137.81166666666667,78.03003991833293,77.13341666666662,90.01558584792419
2026-03-12 08:00:00,5,8.61,72.53666666666666,52.47123976388667,46.5629090909091,49.3677055773302
2026-03-12 09:00:00,5,-5.738333333333333,7.010000000000001,10.585869743116845,22.650599688473516,5.2518710142700655
2026-03-12 10:00:00,5,-5.039166666666667,-7.212499999999999,-11.359293506591499,4.997306338028166,-8.71805605085143
2026-03-12 11:00:00,5,-7.864999999999999,-8.636666666666667,-24.900175611475476,-14.050735815602842,-12.486357701436631
2026-03-12 12:00:00,5,-14.517499999999998,-4.8341666666666665,-33.517045832495356,-14.050735815602842,-13.402465065250865
2026-03-12 13:00:00,5,-20.0925,-4.960833333333333,-35.98434186324887,-14.050735815602842,-23.134784422172643
2026-03-12 14:00:00,5,-21.71083333333333,-5.801666666666667,-38.64740973544343,-14.050735815602842,-22.725306877546075
2026-03-12 15:00:00,5,-16.311666666666664,-19.124166666666664,-27.69340025696239,-14.050735815602842,-22.51194396591103
2026-03-12 16:00:00,5,-16.4625,-6.473333333333334,-13.68150996398856,-14.050735815602842,-21.508380846886055
2026-03-12 17:00:00,5,-4.6525,-2.705833333333333,13.768601930915814,0.9389149305555562,0.5181256702776409
2026-03-12 18:00:00,5,-4.134166666666666,69.35833333333333,40.516655482661456,25.384113149847085,17.52794186888321
2026-03-12 19:00:00,5,7.266666666666667,111.5275,66.51473398073581,25.384113149847085,44.879212674300774
2026-03-12 20:00:00,5,9.203333333333331,99.21166666666666,81.50434362463824,96.72414179104476,60.40411726555688
2026-03-12 21:00:00,5,13.465833333333334,101.11083333333332,74.56523816550872,77.13341666666662,58.45160812007023
2026-03-12 22:00:00,5,18.82166666666667,78.36166666666666,51.62003899184208,68.73163398692814,46.90830116911345
2026-03-12 23:00:00,5,13.281666666666666,69.68666666666667,26.170481824349338,48.130280054644786,38.34467762732861
2026-03-13 00:00:00,5,15.409999999999998,70.7925,25.097569369715146,48.130280054644786,44.28275112278066
2026-03-13 01:00:00,5,6.787499999999999,65.76083333333334,37.8038843566427,48.130280054644786,34.79493895695323
2026-03-13 02:00:00,5,0.7141666666666667,70.205,17.54833540590689,27.08641666666668,28.416891293520862
2026-03-13 03:00:00,5,0.4516666666666666,73.71249999999999,3.6157141060790394,27.08641666666668,21.85320828206374
2026-03-13 04:00:00,5,5.514166666666667,84.60166666666667,2.096215178232157,27.08641666666668,26.01896701810645
2026-03-13 05:00:00,5,12.024166666666666,91.925,12.891603814720632,48.130280054644786,35.181218530685655
2026-03-13 06:00:00,5,17.738333333333333,92.88583333333332,52.01428765613465,68.73163398692814,55.30632045948387
2026-03-13 07:00:00,5,21.156666666666663,106.99583333333334,86.81379972030233,77.13341666666662,78.81688959457293
2026-03-13 08:00:00,5,-3.6341666666666654,50.79,60.426065476600456,26.364346153846153,50.43332605531279
2026-03-13 09:00:00,5,-13.791666666666666,5.883333333333333,14.339762685392571,22.650599688473516,6.636483534377177
2026-03-13 10:00:00,5,-28.39,28.174166666666665,5.422239909867585,4.997306338028166,-9.041851283860765
2026-03-13 11:00:00,5,-15.0075,6.104166666666667,-11.185441408589227,-14.012247311827956,-20.795733766815843
2026-03-13 12:00:00,5,-17.32,1.98,-30.954626124120125,-22.948551660516607,-31.470017546426078
2026-03-13 13:00:00,5,-34.12833333333333,-4.125,-35.78679689361668,-22.948551660516607,-46.88756566980608
2026-03-13 14:00:00,5,-32.44166666666666,-6.153333333333333,-21.449637975629116,-22.948551660516607,-35.519595655650704
2026-03-13 15:00:00,5,-33.99916666666666,-7.325833333333333,16.992158929615208,-22.948551660516607,-24.01685213423366
2026-03-13 16:00:00,5,-22.079166666666666,-1.385,21.134747506548933,-14.012247311827956,-11.458692898715682
2026-03-13 17:00:00,5,-4.888333333333333,10.118333333333334,51.803666089765414,4.997306338028166,6.161931870046033
2026-03-13 18:00:00,5,15.8125,65.10000000000001,83.88249323043068,26.364346153846153,43.10251307689167
2026-03-13 19:00:00,5,14.47,77.80333333333333,98.85747216595011,77.13341666666662,82.34374402534282
2026-03-13 20:00:00,5,9.99,80.40166666666666,104.99265802228943,112.19919369369373,93.38146694534608
2026-03-13 21:00:00,5,6.633333333333333,78.33,90.21336801966238,78.43058457711442,81.12040446621117
2026-03-13 22:00:00,5,8.374166666666666,74.84916666666666,81.85294957271181,78.43058457711442,73.68987064486751
2026-03-13 23:00:00,5,7.645,73.54416666666667,70.7397480664314,82.06192604856511,71.91039345113765
2026-03-14 00:00:00,5,6.02,74.97416666666668,83.04460376822573,82.06192604856511,76.79359495224143
2026-03-14 01:00:00,5,-0.4208333333333333,80.80499999999999,98.10966052760459,82.06192604856511,69.1961343699018
2026-03-14 02:00:00,5,-3.751666666666667,77.57916666666667,69.14227747634936,82.06192604856511,64.60124259035368
2026-03-14 03:00:00,5,-4.2125,62.711666666666666,60.5998321097815,45.54512557077624,62.3905626129532
2026-03-14 04:00:00,5,-1.595,59.085,61.192943090639275,45.54512557077624,68.6292780067292
2026-03-14 05:00:00,5,9.580833333333333,66.72333333333333,61.16659407215674,101.28108739837393,80.03865077945093
2026-03-14 06:00:00,5,12.515,65.61333333333333,80.14306124736949,101.28108739837393,92.60798599658929
2026-03-14 07:00:00,5,8.609166666666667,65.72500000000001,93.65485755211319,96.27422720797725,93.66593980355408
2026-03-14 08:00:00,5,-4.113333333333333,8.033333333333333,92.17679935757558,43.7181784660767,48.1214172914503
2026-03-14 09:00:00,5,-7.185,-4.278333333333333,74.67117333874675,12.173255813953489,12.4746849229305
2026-03-14 10:00:00,5,-30.27333333333333,-5.910833333333333,40.84208917615082,-7.3401388888888865,-4.685803659541335
2026-03-14 11:00:00,5,-39.02,-4.703333333333333,18.638385091707384,-17.73228741496599,-11.403021347546044
2026-03-14 12:00:00,5,-40.056666666666665,-9.304166666666667,-1.2286883844194847,-17.73228741496599,-15.343332708152815
2026-03-14 13:00:00,5,-36.01833333333333,-15.998333333333331,-4.078665568924066,-84.96903333333337,-10.076463373015656
2026-03-14 14:00:00,5,-34.89416666666667,-33.54916666666667,11.201120627897659,-17.73228741496599,0.8242849215528167
2026-03-14 15:00:00,5,-30.274999999999995,-42.00416666666667,36.68762013481842,-17.73228741496599,3.5269145987325174
2026-03-14 16:00:00,5,-14.909999999999998,-32.18666666666667,31.41941709544063,7.824608333333332,10.135377656532285
2026-03-14 17:00:00,5,-3.3025,-9.198333333333332,50.25731115839578,11.559219858156027,31.370621602797037
2026-03-14 18:00:00,5,44.09583333333333,-0.1558333333333332,71.810627190148,46.5629090909091,60.73143399276047
2026-03-14 19:00:00,5,56.767500000000005,8.720833333333333,91.1960334116138,78.43058457711442,94.26325696720784
2026-03-14 20:00:00,5,55.553333333333335,7.063333333333333,104.75767530326968,96.27422720797725,111.30186233835127
2026-03-14 21:00:00,5,55.17083333333333,0.5533333333333333,104.66778544240859,96.27422720797725,108.55949439699643
2026-03-14 22:00:00,5,50.285,-3.273333333333333,105.95381550574137,96.27422720797725,106.98112471153283
2026-03-14 23:00:00,5,48.70166666666666,-6.322500000000001,96.57937385801644,101.28108739837393,101.99370831507034
2026-03-15 00:00:00,5,52.9975,-4.3125,104.62397482569406,101.28108739837393,104.93978845755015
2026-03-15 01:00:00,5,47.33916666666667,-4.791666666666667,139.48550447235687,101.28108739837393,85.78522170407727
2026-03-15 02:00:00,5,49.48833333333334,-8.149166666666668,125.64033723436475,101.28108739837393,82.017692043751
2026-03-15 03:00:00,5,48.34166666666667,-14.006666666666666,104.82951133370904,77.24036077235766,77.90926605212103
2026-03-15 04:00:00,5,47.52916666666667,-14.179166666666667,97.09733654720755,77.24036077235766,75.07888274897844
2026-03-15 05:00:00,5,45.24916666666667,-14.120833333333332,96.43450315936138,77.24036077235766,74.59375724162358
2026-03-15 06:00:00,5,48.6075,-7.225,94.62314183182448,122.88876633986932,77.38208956436
2026-03-15 07:00:00,5,39.2075,-5.4383333333333335,84.02786399199701,101.28108739837393,75.64787656755755
2026-03-15 08:00:00,5,-3.26,-37.928333333333335,62.73859829486145,12.173255813953489,32.8443905865997
2026-03-15 09:00:00,5,-5.420833333333333,-49.08166666666667,38.44781039966531,-7.3401388888888865,-3.487125026926279
2026-03-15 10:00:00,5,-8.955,-48.48333333333333,16.99405894457375,-7.3401388888888865,-14.439267842070052
2026-03-15 11:00:00,5,-7.888333333333333,-48.20166666666666,3.458548003769593,-17.73228741496599,-15.705349397511398
2026-03-15 12:00:00,5,-8.485,-48.04916666666667,-10.546346506715608,-17.73228741496599,-18.844971498604423
2026-03-15 13:00:00,5,-8.283333333333333,-55.501666666666665,-9.281800409645498,-17.73228741496599,-14.015109623016272
2026-03-15 14:00:00,5,-7.336666666666667,-64.4675,15.97635735298526,-17.73228741496599,-2.72144982849008
2026-03-15 15:00:00,5,-6.986666666666667,-65.71333333333332,54.49555332774047,7.824608333333332,21.591834935214685
2026-03-15 16:00:00,5,27.25333333333333,-49.875,95.19004294497196,43.7181784660767,52.170653965557115
2026-03-15 17:00:00,5,60.04,-12.533333333333331,90.22732149331371,77.13341666666662,68.64239988482502
2026-03-15 18:00:00,5,85.43333333333334,20.844166666666663,92.29536653965309,96.72414179104476,81.57431521455726
2026-03-15 19:00:00,5,88.58666666666666,57.5325,98.75436525597675,96.72414179104476,95.41515393236553
2026-03-15 20:00:00,5,96.7625,57.9125,105.39383581379754,112.19919369369373,97.80127365457565
2026-03-15 21:00:00,5,105.21916666666664,34.10666666666666,85.94706829457283,96.27422720797725,93.74256914221597
2026-03-15 22:00:00,5,91.44666666666666,28.6275,86.31349883401428,96.27422720797725,94.52661059757177
2026-03-15 23:00:00,5,83.46083333333333,24.0375,65.9934898682176,67.75382211538464,85.78750730772187
2026-03-16 00:00:00,5,73.71833333333333,58.97416666666666,73.94018626489162,96.27422720797725,90.58759446684175
2026-03-16 01:00:00,5,65.85166666666667,61.583333333333336,95.81741048651827,67.75382211538464,77.7340393508605
2026-03-16 02:00:00,5,58.7925,66.79416666666667,99.87956409624613,67.75382211538464,78.46598518654501
2026-03-16 03:00:00,5,59.5575,63.32916666666667,104.76695668009225,67.75382211538464,72.84586905447048
2026-03-16 04:00:00,5,59.335,69.72500000000001,93.87857215166287,67.75382211538464,75.3907519700701
2026-03-16 05:00:00,5,69.60000000000001,71.94083333333333,85.52449001659338,67.75382211538464,87.7082052559932
2026-03-16 06:00:00,5,82.02499999999999,72.085,73.06007082744449,96.27422720797725,97.96321866748954
2026-03-16 07:00:00,5,81.855,64.5825,108.51245345604569,154.1575938967136,124.99584478247829
2026-03-16 08:00:00,5,50.642500000000005,7.460000000000001,132.1100780005203,87.21628360215054,112.09801966572374
2026-03-16 09:00:00,5,95.65916666666668,-17.20416666666667,145.31105839387635,118.97884488448848,114.12213541235383
2026-03-16 10:00:00,5,105.22833333333334,-12.915,129.9587546812546,87.21628360215054,79.68808481064777
2026-03-16 11:00:00,5,119.36666666666667,-13.989166666666668,117.21514946424563,96.72414179104476,63.43544072478144
2026-03-16 12:00:00,5,140.80416666666667,-18.929166666666664,113.5523083806299,96.72414179104476,66.7417190144662
2026-03-16 13:00:00,5,118.02,-27.0725,115.5257428993851,87.21628360215054,77.95776524484187
2026-03-16 14:00:00,5,109.7425,-17.486666666666668,127.20257869389489,118.97884488448848,90.71246352570338
2026-03-16 15:00:00,5,124.03083333333332,-0.5633333333333334,165.39953165685156,118.97884488448848,115.519361734168
2026-03-16 16:00:00,5,148.42749999999998,-1.2758333333333334,168.94817286276503,118.97884488448848,130.91706522992632
2026-03-16 17:00:00,5,144.13083333333333,-1.2958333333333334,169.07318479168617,124.25871287128716,151.49497532236362
2026-03-16 18:00:00,5,134.74666666666667,15.1025,173.9458245124105,167.42288302277439,160.88795789437413
2026-03-16 19:00:00,5,123.24666666666668,81.53666666666666,168.69881075941962,167.42288302277439,152.11776175669507
2026-03-16 20:00:00,5,107.325,86.03333333333335,154.15648567160025,130.7547878787879,132.11439617973048
2026-03-16 21:00:00,5,100.0875,86.38083333333333,148.81805413388645,130.7547878787879,118.23112105430754
2026-03-16 22:00:00,5,98.55666666666669,78.2625,128.7183212728193,96.27422720797725,101.88788495431695
2026-03-16 23:00:00,5,99.9825,89.07916666666667,105.5572467169501,96.27422720797725,90.74131461822728
2026-03-17 00:00:00,5,101.55833333333334,92.65,113.15686265219801,96.27422720797725,96.57447686574255
2026-03-17 01:00:00,5,98.54333333333334,81.765,129.9516485684557,96.27422720797725,88.76498683864108
2026-03-17 02:00:00,5,97.27666666666666,73.16083333333334,112.57013185915469,67.75382211538464,83.36063399529901
2026-03-17 03:00:00,5,97.03666666666668,70.645,100.0045763916317,67.75382211538464,82.05230518903407
2026-03-17 04:00:00,5,98.43166666666669,73.93833333333333,89.25839228374636,67.75382211538464,84.93932185720638
2026-03-17 05:00:00,5,98.46666666666664,84.98666666666666,90.36540253997963,67.75382211538464,94.57480891289075
2026-03-17 06:00:00,5,127.46416666666666,94.7325,110.31136604591808,96.27422720797725,114.4656149051784
2026-03-17 07:00:00,5,128.76250000000002,111.765,137.83393564062794,154.1575938967136,135.436484064961
2026-03-17 08:00:00,5,132.70583333333337,33.625,145.6825165617947,154.1575938967136,137.99460613113612
2026-03-17 09:00:00,5,131.7175,9.243333333333332,125.35983666427555,154.1575938967136,121.65190662676832
2026-03-17 10:00:00,5,122.54416666666668,-0.6550000000000001,105.30697264863983,87.21628360215054,87.89018299804411
2026-03-17 11:00:00,5,87.01333333333334,-2.846666666666667,86.88520077675248,75.02306277056273,64.84483660117316
2026-03-17 12:00:00,5,81.06166666666667,-1.0291666666666668,69.2507908342785,75.02306277056273,47.09114865883572
2026-03-17 13:00:00,5,87.03666666666668,30.465,63.16955192253232,46.5629090909091,42.60606962687214
2026-03-17 14:00:00,5,85.70166666666667,35.93833333333333,55.22726470344507,46.5629090909091,32.450424870731176
2026-03-17 15:00:00,5,75.865,39.21583333333333,51.18582262576635,46.5629090909091,31.083369815022223
2026-03-17 16:00:00,5,92.81333333333332,57.905,59.51503731727727,46.5629090909091,40.77227684153908
2026-03-17 17:00:00,5,119.12,72.4075,97.62947531628666,77.13341666666662,73.05381281687603
2026-03-17 18:00:00,5,120.26666666666668,112.51083333333334,118.66703182037537,154.1575938967136,96.58387936970621
2026-03-17 19:00:00,5,113.69916666666666,114.76166666666666,121.0474036575331,112.19919369369373,109.40478392882255
2026-03-17 20:00:00,5,110.3575,85.07833333333333,119.20005418890926,112.19919369369373,106.90243982301584
2026-03-17 21:00:00,5,114.45583333333332,63.0625,97.81599987106611,96.27422720797725,88.30668788056906
2026-03-17 22:00:00,5,113.255,56.245000000000005,80.14513355521692,96.27422720797725,78.45061347859851
2026-03-17 23:00:00,5,95.32833333333332,49.71666666666667,67.1137657736759,67.75382211538464,75.37464202704696
2026-03-18 00:00:00,6,102.55166666666666,19.9625,74.13089605800126,79.31351851851849,78.43157863655007
2026-03-18 01:00:00,6,88.94,6.5491666666666655,101.2696145650111,79.31351851851849,75.75629552876877
2026-03-18 02:00:00,6,92.82583333333334,-0.4416666666666666,90.43308356327104,79.31351851851849,72.81421033786772
2026-03-18 03:00:00,6,88.55083333333333,-3.8083333333333336,77.1908580914708,73.08486033519549,69.17989966864394
2026-03-18 04:00:00,6,91.18083333333334,-6.095833333333334,76.17707812308306,79.31351851851849,73.02421842333572
2026-03-18 05:00:00,6,96.76833333333332,-7.009166666666666,88.54414431516047,96.0612813102119,85.62851286796219
2026-03-18 06:00:00,6,101.21083333333333,-5.605,114.34568432183985,101.25909557661927,111.80438551651363
2026-03-18 07:00:00,6,112.04916666666666,-1.115,147.3112993336244,149.57878167641323,132.86159277282653
2026-03-18 08:00:00,6,92.605,-5.120833333333334,147.60932894200255,84.53854856512146,97.73129457414423
2026-03-18 09:00:00,6,73.2725,-5.9025,135.18015723597193,50.142873376623385,61.09847865870351
2026-03-18 10:00:00,6,72.575,-4.4025,104.94019287053655,50.142873376623385,36.02588192077745
2026-03-18 11:00:00,6,74.51333333333334,2.0425000000000004,92.4882251529881,44.01930000000003,34.71973165055019
2026-03-18 12:00:00,6,70.41333333333334,28.325,71.65674465709611,11.019604051565382,36.46643093465997
2026-03-18 13:00:00,6,75.15833333333333,-2.16,61.30714794640687,11.019604051565382,34.080063961991165
2026-03-18 14:00:00,6,81.17,-12.379166666666668,36.75693562526651,11.019604051565382,13.988813955627677
2026-03-18 15:00:00,6,82.78750000000001,-28.593333333333334,13.688566395072158,11.019604051565382,-1.774388896848734
2026-03-18 16:00:00,6,112.00833333333333,-38.6775,-9.497508706714115,24.53604527938343,-0.7508225414241849
2026-03-18 17:00:00,6,125.60416666666669,-16.815833333333334,61.51702224944597,71.81235465116278,42.2014706055478
2026-03-18 18:00:00,6,119.28083333333336,-7.955000000000001,101.66704611914356,71.81235465116278,75.34216797199552
2026-03-18 19:00:00,6,117.6825,-2.0325,123.04205320357846,108.97338257575755,95.9548061945087
2026-03-18 20:00:00,6,103.33916666666666,11.785833333333334,119.89146790094097,108.97338257575755,95.9875067182266
2026-03-18 21:00:00,6,100.5725,10.494166666666668,105.46558145188479,108.97338257575755,86.8325436660325
2026-03-18 22:00:00,6,118.3975,10.7925,101.46755339487429,101.25909557661927,85.19399367640526
2026-03-18 23:00:00,6,97.77166666666666,10.980833333333337,85.5480840514548,101.25909557661927,81.01092903374564
2026-03-19 00:00:00,6,91.26083333333334,15.050833333333337,89.4203300633779,101.25909557661927,90.00116175101083
2026-03-19 01:00:00,6,93.495,8.631666666666666,114.85199675365159,96.0612813102119,86.05176813503341
2026-03-19 02:00:00,6,93.49333333333334,8.471666666666666,99.03965601374149,96.0612813102119,82.03416993290048
2026-03-19 03:00:00,6,92.8375,9.151666666666667,83.98916843794485,96.0612813102119,78.15673108681344
2026-03-19 04:00:00,6,94.83916666666666,13.478333333333332,80.96931768168493,96.0612813102119,81.88716348597033
2026-03-19 05:00:00,6,110.69,21.596666666666668,89.6694484543043,96.0612813102119,92.68719070368286
2026-03-19 06:00:00,6,131.79166666666666,21.665000000000003,112.70232979729894,101.25909557661927,112.4989839194244
2026-03-19 07:00:00,6,132.04166666666666,25.831666666666667,147.0500037997255,149.57878167641323,133.84289550976894
2026-03-19 08:00:00,6,136.95416666666668,8.61,108.78508575485375,149.57878167641323,92.43884443580832
2026-03-19 09:00:00,6,147.11499999999998,-5.738333333333333,83.1436700561884,71.81235465116278,65.21188093338415
2026-03-19 10:00:00,6,135.36083333333332,-5.039166666666667,74.13524334740315,71.81235465116278,44.83601125167179
2026-03-19 11:00:00,6,119.80583333333334,-7.864999999999999,60.15133866334267,71.81235465116278,33.146787661273265
2026-03-19 12:00:00,6,105.16,-14.517499999999998,66.74627415627712,23.85238013698629,33.68717023132289
2026-03-19 13:00:00,6,97.52583333333332,-20.0925,63.098287425881004,23.85238013698629,28.983318243023724
2026-03-19 14:00:00,6,92.55333333333334,-21.71083333333333,46.45268170052931,23.85238013698629,15.642624233758589
2026-03-19 15:00:00,6,94.46083333333333,-16.311666666666664,43.474054991704094,23.85238013698629,20.09078023887249
2026-03-19 16:00:00,6,92.40333333333336,-16.4625,64.4291692297552,23.85238013698629,35.236370551853945
2026-03-19 17:00:00,6,94.39333333333332,-4.6525,77.32333245134566,71.81235465116278,56.04944128170199
2026-03-19 18:00:00,6,128.67083333333332,-4.134166666666666,120.71085358177214,71.81235465116278,90.72959707937846
2026-03-19 19:00:00,6,137.4333333333333,7.266666666666667,144.96320604943656,108.97338257575755,115.61274157141807
2026-03-19 20:00:00,6,127.405,9.203333333333331,138.95982175585027,108.97338257575755,115.31182989070125
2026-03-19 21:00:00,6,111.12166666666668,13.465833333333334,125.4733338983625,108.97338257575755,104.6964352134018
2026-03-19 22:00:00,6,97.9275,18.82166666666667,98.71949167113911,101.25909557661927,91.00062639062386
2026-03-19 23:00:00,6,98.37,13.281666666666666,78.77313889254205,101.25909557661927,83.12735099467251
2026-03-20 00:00:00,6,102.71,15.409999999999998,84.05646334339964,101.25909557661927,92.19197061549609
2026-03-20 01:00:00,6,93.79833333333332,6.787499999999999,100.50738253390315,79.31351851851849,87.2706605899984
2026-03-20 02:00:00,6,86.49000000000001,0.7141666666666667,90.58539745413681,79.31351851851849,83.58567338856358
2026-03-20 03:00:00,6,81.63833333333334,0.4516666666666666,83.0417826251063,79.31351851851849,81.69375416728252
2026-03-20 04:00:00,6,86.93666666666667,5.514166666666667,83.54406186119492,96.0612813102119,83.87612453734121
2026-03-20 05:00:00,6,105.56833333333331,12.024166666666666,95.01425807401112,96.0612813102119,95.49007168585148
2026-03-20 06:00:00,6,134.64083333333335,17.738333333333333,118.32012752064661,101.25909557661927,118.48055542880377
2026-03-20 07:00:00,6,142.0716666666667,21.156666666666663,150.62047218329434,149.57878167641323,139.59636657562612
2026-03-20 08:00:00,6,121.24416666666669,-3.6341666666666654,132.7707860660767,84.53854856512146,107.82537688233512
2026-03-20 09:00:00,6,106.20583333333332,-13.791666666666666,104.09360697413399,84.53854856512146,65.7801614933008
2026-03-20 10:00:00,6,66.61666666666666,-28.39,100.06464932288156,74.66154761904758,46.204148957169664
2026-03-20 11:00:00,6,32.903333333333336,-15.0075,76.75183150169443,44.01930000000003,32.87828237660808
2026-03-20 12:00:00,6,20.41,-17.32,48.45205422047647,11.019604051565382,16.4271107865031
2026-03-20 13:00:00,6,8.008333333333333,-34.12833333333333,19.084942169299808,5.8528834808259615,-1.6320781265509368
2026-03-20 14:00:00,6,-11.005,-32.44166666666666,3.3918162607615017,5.8528834808259615,-6.5292422430993895
2026-03-20 15:00:00,6,-7.561666666666666,-33.99916666666666,-2.4953234949465184,5.8528834808259615,0.07521356499653109
2026-03-20 16:00:00,6,1.1733333333333331,-22.079166666666666,18.925646196204895,29.485416666666673,20.68538739654455
2026-03-20 17:00:00,6,53.09666666666666,-4.888333333333333,54.08092292992572,44.2507183908046,44.69895565915435
2026-03-20 18:00:00,6,91.5525,15.8125,95.08056731039397,94.2183215130024,75.62040812753087
2026-03-20 19:00:00,6,98.39666666666666,14.47,110.66448768818644,108.97338257575755,99.13927400017965
2026-03-20 20:00:00,6,93.08583333333333,9.99,111.36338932204151,108.97338257575755,98.6261265567182
2026-03-20 21:00:00,6,80.44583333333334,6.633333333333333,98.01657825936633,70.50335000000001,87.23939283890239
2026-03-20 22:00:00,6,83.0525,8.374166666666666,88.76548757988363,70.50335000000001,83.958276098778
2026-03-20 23:00:00,6,85.88749999999999,7.645,84.58669065916015,101.25909557661927,85.2515469160218
2026-03-21 00:00:00,6,88.185,6.02,98.03528323570995,101.25909557661927,96.75960710375242
2026-03-21 01:00:00,6,84.58166666666666,-0.4208333333333333,123.59077428725996,79.31351851851849,88.41011286991213
2026-03-21 02:00:00,6,86.2275,-3.751666666666667,111.3482489124269,79.31351851851849,81.53277230989679
2026-03-21 03:00:00,6,97.19083333333332,-4.2125,96.2114529595914,79.31351851851849,77.80558548487089
2026-03-21 04:00:00,6,103.84166666666664,-1.595,85.3128780893791,79.31351851851849,77.92355291410396
2026-03-21 05:00:00,6,107.11333333333332,9.580833333333333,81.64155332099841,79.31351851851849,80.02577455394689
2026-03-21 06:00:00,6,111.9925,12.515,84.7639011309143,79.31351851851849,88.43936838083067
2026-03-21 07:00:00,6,141.92083333333332,8.609166666666667,96.12344484222184,101.25909557661927,94.64873351154745
2026-03-21 08:00:00,6,90.08916666666666,-4.113333333333333,91.91013489038022,101.25909557661927,72.21706559494694
2026-03-21 09:00:00,6,16.24,-7.185,65.75774108507343,44.01930000000003,48.78698565201235
2026-03-21 10:00:00,6,0.8975,-30.27333333333333,47.557453745146404,10.03658759124088,18.34712893856561
2026-03-21 11:00:00,6,-2.3675,-39.02,27.068563915123782,-6.746565860215047,-0.07393314908767934
2026-03-21 12:00:00,6,-2.7716666666666665,-40.056666666666665,-5.295429296970582,-13.17416666666667,-15.488235159809804
2026-03-21 13:00:00,6,-4.3975,-36.01833333333333,-29.68423834179906,-13.17416666666667,-25.14357456913949
2026-03-21 14:00:00,6,-6.609166666666667,-34.89416666666667,-48.228484761512036,-13.17416666666667,-30.849617487554852
2026-03-21 15:00:00,6,-5.968333333333334,-30.274999999999995,-44.481243619761216,-22.070465686274506,-24.26973500288139
2026-03-21 16:00:00,6,-5.745833333333334,-14.909999999999998,-23.4325534893418,-22.858869047619038,-5.062037072892352
2026-03-21 17:00:00,6,3.044166666666667,-3.3025,19.144218572528118,24.53604527938343,24.769427148979084
2026-03-21 18:00:00,6,75.17083333333333,44.09583333333333,56.781183179333766,70.50335000000001,68.93349743240981
2026-03-21 19:00:00,6,87.6225,56.767500000000005,72.07048853425134,108.97338257575755,93.84297424599987
2026-03-21 20:00:00,6,85.22833333333334,55.553333333333335,78.42200654783043,101.25909557661927,99.75655731947853
2026-03-21 21:00:00,6,68.4275,55.17083333333333,71.80741667772052,101.25909557661927,94.45888812885836
2026-03-21 22:00:00,6,61.98,50.285,68.7182390007453,101.25909557661927,93.6627541516416
2026-03-21 23:00:00,6,68.25833333333334,48.70166666666666,66.15245221005397,79.31351851851849,91.61839780925688
2026-03-22 00:00:00,6,76.05166666666666,52.9975,88.82195670383128,101.25909557661927,95.89411606416525
2026-03-22 01:00:00,6,85.56,47.33916666666667,114.64608238964763,79.31351851851849,80.98008276572693
2026-03-22 02:00:00,6,88.83083333333333,49.48833333333334,80.55044124628056,79.31351851851849,74.09174299962103
2026-03-22 03:00:00,6,92.3325,48.34166666666667,61.02118896131678,73.08486033519549,68.97107180157195
2026-03-22 04:00:00,6,92.88916666666668,47.52916666666667,52.401971264318206,73.08486033519549,67.9560017937781
2026-03-22 05:00:00,6,98.53333333333336,45.24916666666667,44.83425474379837,73.08486033519549,67.60502424697171
2026-03-22 06:00:00,6,97.8525,48.6075,44.76667966345446,79.31351851851849,69.7529211955517
2026-03-22 07:00:00,6,82.905,39.2075,45.70701526851623,79.31351851851849,70.0627140665615
2026-03-22 08:00:00,6,12.434166666666668,-3.26,13.195882292610243,79.31351851851849,34.43028185840865
2026-03-22 09:00:00,6,-4.075833333333333,-5.420833333333333,-12.096570572892333,-3.096699669966995,-4.782789343209188
2026-03-22 10:00:00,6,-6.973333333333334,-8.955,-36.50981703893652,-6.746565860215047,-27.77192251175221
2026-03-22 11:00:00,6,-12.799166666666666,-7.888333333333333,-53.17089356674235,-6.746565860215047,-28.562741342028573
2026-03-22 12:00:00,6,-22.9575,-8.485,-59.27570106468332,-22.858869047619038,-31.278869813646565
2026-03-22 13:00:00,6,-24.585,-8.283333333333333,-52.49227016560614,5.8528834808259615,-28.84384545307215
2026-03-22 14:00:00,6,-24.55666666666667,-7.336666666666667,-37.822028553515096,5.8528834808259615,-18.359749822001547
2026-03-22 15:00:00,6,-8.839166666666667,-6.986666666666667,-21.969456592400903,11.019604051565382,-2.411536351904317
2026-03-22 16:00:00,6,2.661666666666666,27.25333333333333,17.122797047940587,24.53604527938343,26.90351584240296
2026-03-22 17:00:00,6,48.71083333333333,60.04,88.20397680340534,84.53854856512146,75.82818738192884
2026-03-22 18:00:00,6,98.43666666666668,85.43333333333334,122.66538955757039,115.52972500000001,109.69030405930795
2026-03-22 19:00:00,6,98.52,88.58666666666666,116.00854631114495,137.3957885906041,110.52361336874006
2026-03-22 20:00:00,6,89.87333333333333,96.7625,106.54026145513839,137.3957885906041,102.86326376927306
2026-03-22 21:00:00,6,95.6325,105.21916666666664,126.61223671393881,130.13350931677024,109.51219326239074
2026-03-22 22:00:00,6,98.66666666666669,91.44666666666666,87.26573205672852,101.25909557661927,93.23435407387586
2026-03-22 23:00:00,6,87.85916666666667,83.46083333333333,68.05759418920164,101.25909557661927,83.70660201437495
2026-03-23 00:00:00,6,101.85,73.71833333333333,91.32451218044639,101.25909557661927,92.16445338984163
2026-03-23 01:00:00,6,96.42416666666666,65.85166666666667,120.36344150905161,101.25909557661927,101.46746585752281
2026-03-23 02:00:00,6,84.41666666666667,58.7925,119.9205005915687,79.31351851851849,99.2987426728969
2026-03-23 03:00:00,6,85.18666666666667,59.5575,110.28381757414904,79.31351851851849,97.69945652270185
2026-03-23 04:00:00,6,87.57666666666667,59.335,111.2579876096427,79.31351851851849,99.89844440226778
2026-03-23 05:00:00,6,101.79166666666669,69.60000000000001,106.90291456924808,79.31351851851849,109.77646356212925
2026-03-23 06:00:00,6,108.42666666666666,82.02499999999999,126.50077054143762,101.25909557661927,133.07900883285217
2026-03-23 07:00:00,6,124.555,81.855,149.6123823204387,127.80159240924094,151.8417138341582
2026-03-23 08:00:00,6,54.51666666666667,50.642500000000005,122.78026614444553,84.53854856512146,110.18743170207001
2026-03-23 09:00:00,6,14.0175,95.65916666666668,96.92413349401761,74.66154761904758,69.2707076408486
2026-03-23 10:00:00,6,3.839166666666667,105.22833333333334,78.50071139191873,74.66154761904758,48.99339289416979
2026-03-23 11:00:00,6,5.1875,119.36666666666667,60.935832236735166,44.01930000000003,41.05627003683702
2026-03-23 12:00:00,6,7.952500000000001,140.80416666666667,47.34769287585743,11.019604051565382,34.66593207414803
2026-03-23 13:00:00,6,7.204999999999999,118.02,57.539911859483325,11.019604051565382,45.871528372492364
2026-03-23 14:00:00,6,13.335,109.7425,68.44902731086236,11.019604051565382,54.35080784893853
2026-03-23 15:00:00,6,28.390833333333333,124.03083333333332,87.60605442664775,74.66154761904758,70.94537400721582
2026-03-23 16:00:00,6,58.81,148.42749999999998,111.61162720973383,84.53854856512146,98.16918521232382
2026-03-23 17:00:00,6,117.0175,144.13083333333333,123.4020943440085,115.52972500000001,117.11378868680308
2026-03-23 18:00:00,6,78.65249999999999,134.74666666666667,134.02410893452338,115.52972500000001,140.07574327645915
2026-03-23 19:00:00,6,112.97166666666668,123.24666666666668,157.4965974231103,137.3957885906041,157.76036640186413
2026-03-23 20:00:00,6,98.38916666666668,107.325,173.94835688555344,137.3957885906041,161.34787478266855
2026-03-23 21:00:00,6,87.27499999999999,100.0875,172.85907614541475,130.13350931677024,136.131724042452
2026-03-23 22:00:00,6,85.28666666666668,98.55666666666669,153.6986784502894,130.13350931677024,123.34767932274451
2026-03-23 23:00:00,6,66.04333333333334,99.9825,129.4679101122428,101.25909557661927,115.14993862943913
2026-03-24 00:00:00,6,58.9775,101.55833333333334,112.26954643176242,101.25909557661927,114.4898515866265
2026-03-24 01:00:00,6,31.069166666666664,98.54333333333334,107.66481491078639,101.25909557661927,101.1735273917536
2026-03-24 02:00:00,6,7.1433333333333335,97.27666666666666,75.00728528118498,68.95322222222224,85.62472639728105
2026-03-24 03:00:00,6,8.888333333333334,97.03666666666668,49.74602350788462,68.95322222222224,71.69070016671903
2026-03-24 04:00:00,6,16.84,98.43166666666669,32.619434089066765,36.02641914191418,62.32783357846374
2026-03-24 05:00:00,6,58.47583333333333,98.46666666666664,33.72394667315115,43.241292134831426,65.54377955324006
2026-03-24 06:00:00,6,96.53916666666667,127.46416666666666,48.846187840460075,41.59732142857141,78.99080726349972
2026-03-24 07:00:00,6,102.5925,128.76250000000002,70.98231890986648,94.2183215130024,89.36281562575715
2026-03-24 08:00:00,6,38.07,132.70583333333337,26.564126244285916,94.2183215130024,47.263152433876144
2026-03-24 09:00:00,6,36.35583333333333,131.7175,10.139477896740502,36.02060064935065,23.06266379152133
2026-03-24 10:00:00,6,15.935,122.54416666666668,10.835377686884058,36.02060064935065,17.847864590609205
2026-03-24 11:00:00,6,5.129166666666666,87.01333333333334,-5.047240652456068,0.7030108877721948,7.54004172715301
2026-03-24 12:00:00,6,10.033333333333331,81.06166666666667,2.7542923667687376,21.368824786324794,10.673276497765038
2026-03-24 13:00:00,6,22.8925,87.03666666666668,82.86064430460394,71.81235465116278,60.97892585358288
2026-03-24 14:00:00,6,52.244166666666665,85.70166666666667,121.63215823107106,84.53854856512146,94.89698097092756
2026-03-24 15:00:00,6,72.09916666666668,75.865,73.12330374064523,44.2507183908046,55.90804511393498
2026-03-24 16:00:00,6,123.24,92.81333333333332,131.76715383455644,84.53854856512146,110.00205092624765
2026-03-24 17:00:00,6,117.59333333333332,119.12,145.2555799279504,115.52972500000001,147.85038404275377
2026-03-24 18:00:00,6,131.4391666666667,120.26666666666668,173.19083069572338,153.22589041095898,166.46672129294137
2026-03-24 19:00:00,6,130.75,113.69916666666666,176.0101531952788,153.22589041095898,166.2326193709639
2026-03-24 20:00:00,6,121.56416666666668,110.3575,133.560335154992,108.97338257575755,133.8517505580015
2026-03-24 21:00:00,6,109.4375,114.45583333333332,103.78616726709487,108.97338257575755,110.66515174485494
2026-03-24 22:00:00,6,97.95583333333332,113.255,73.16022945235245,94.3041049382716,88.74184843765654
2026-03-24 23:00:00,6,90.92333333333332,95.32833333333332,46.49820295877788,94.3041049382716,74.90405906671737
2026-03-25 00:00:00,6,82.215,102.55166666666666,24.717197023436853,64.78309440559443,73.51260434523977
2026-03-25 01:00:00,6,67.44500000000001,88.94,34.93815573980366,43.241292134831426,60.91822924061148
2026-03-25 02:00:00,6,50.3325,92.82583333333334,14.774296820993577,43.241292134831426,52.03586369356569
2026-03-25 03:00:00,6,64.3925,88.55083333333333,2.104279429473152,43.241292134831426,50.24018228094292
2026-03-25 04:00:00,6,72.71249999999999,91.18083333333334,-4.955415751689685,43.241292134831426,51.338590249508584
2026-03-25 05:00:00,6,87.83749999999999,96.76833333333332,0.9293808031405604,43.241292134831426,60.90650890100121
2026-03-25 06:00:00,6,96.16916666666668,101.21083333333333,26.277414793413023,64.78309440559443,85.13444145903452
2026-03-25 07:00:00,6,119.23333333333332,112.04916666666666,52.3272169172514,94.2183215130024,105.66505850364527
2026-03-25 08:00:00,6,40.20333333333333,92.605,47.39083193625906,71.81235465116278,78.25106172106707
2026-03-25 09:00:00,6,13.019166666666663,73.2725,43.21123029754919,44.2507183908046,55.717979864996984
2026-03-25 10:00:00,6,10.4175,72.575,35.00896653924025,44.2507183908046,39.08869529582976
2026-03-25 11:00:00,6,1.3241666666666665,74.51333333333334,24.80184804749905,24.53604527938343,28.456831477029247
2026-03-25 12:00:00,6,4.869166666666667,70.41333333333334,51.24770749186475,44.2507183908046,42.83702789788957
2026-03-25 13:00:00,6,13.289166666666668,75.15833333333333,63.396403823213866,50.142873376623385,59.798933843754234
2026-03-25 14:00:00,6,41.34666666666666,81.17,60.1413814850957,71.81235465116278,68.17307261851109
2026-03-25 15:00:00,6,50.7225,82.78750000000001,58.27227955096774,120.16629166666661,69.79904236509933
2026-03-25 16:00:00,6,89.85166666666667,112.00833333333333,65.22955097124749,120.16629166666661,68.66022960548008
2026-03-25 17:00:00,6,91.36333333333332,125.60416666666669,112.72161899152216,120.16629166666661,116.02221509374738
2026-03-25 18:00:00,6,97.6325,119.28083333333336,109.49527320482915,115.52972500000001,131.33732032230014
2026-03-25 19:00:00,6,101.3875,117.6825,148.7102989870935,137.3957885906041,161.39651712549428
2026-03-25 20:00:00,6,82.52,103.33916666666666,142.63855014945102,130.13350931677024,147.45910131604552
2026-03-25 21:00:00,6,81.05166666666666,100.5725,100.19149703272628,130.13350931677024,120.33493593564495
2026-03-25 22:00:00,6,76.595,118.3975,55.36272837486523,94.3041049382716,85.33232460293009
2026-03-25 23:00:00,6,90.98583333333332,97.77166666666666,44.311671776194686,94.3041049382716,82.7865620262778
2026-03-26 00:00:00,6,92.785,91.26083333333334,44.878618108847974,94.3041049382716,90.54310906074963
2026-03-26 01:00:00,6,78.74249999999999,93.495,58.12074865553121,68.95322222222224,85.98383441503044
2026-03-26 02:00:00,6,84.85333333333334,93.49333333333334,40.8923184181766,68.95322222222224,77.43298672421436
2026-03-26 03:00:00,6,85.5,92.8375,36.071115295980846,68.95322222222224,79.48231961512894
2026-03-26 04:00:00,6,87.46416666666666,94.83916666666666,37.6021925525522,68.95322222222224,85.16187338546499
2026-03-26 05:00:00,6,77.93833333333333,110.69,44.58268655283029,68.95322222222224,91.97606975656097
2026-03-26 06:00:00,6,102.60083333333334,131.79166666666666,59.87846087621008,94.3041049382716,107.29145363889242
2026-03-26 07:00:00,6,111.32833333333332,132.04166666666666,84.98147822020302,127.80159240924094,125.26885631714657
2026-03-26 08:00:00,6,72.46583333333334,136.95416666666668,80.88910444143596,101.25909557661927,107.67604395136298
2026-03-26 09:00:00,6,74.76666666666667,147.11499999999998,59.27766999498467,23.85238013698629,56.964817627801835
2026-03-26 10:00:00,6,3.085833333333333,135.36083333333332,13.524601252893397,4.279210239651417,9.4705194018918
2026-03-26 11:00:00,6,-5.133333333333334,119.80583333333334,-12.864419544091731,-14.263348958333335,-13.030595776230513
2026-03-26 12:00:00,6,-0.1808333333333334,105.16,-15.760345085274594,-14.029897959183675,-6.583758226937519
2026-03-26 13:00:00,6,3.6441666666666666,97.52583333333332,-25.717603404910335,-14.029897959183675,-11.0949203583518
2026-03-26 14:00:00,6,-2.5666666666666664,92.55333333333334,-41.69724770191553,-14.029897959183675,-17.642146989847546
2026-03-26 15:00:00,6,-28.13416666666667,94.46083333333333,-28.763070189549182,0.7030108877721948,-10.610787335091459
2026-03-26 16:00:00,6,-22.281666666666663,92.40333333333336,-7.205102247784254,0.7030108877721948,2.110179039165459
2026-03-26 17:00:00,6,-7.144166666666666,94.39333333333332,32.404278490017276,24.95496246246245,28.43999337256153
2026-03-26 18:00:00,6,28.411666666666665,128.67083333333332,67.44379336830855,71.81235465116278,65.67728054815211
2026-03-26 19:00:00,6,8.588333333333333,137.4333333333333,55.77779082522352,48.22080176767679,44.15910520420234
2026-03-26 20:00:00,6,-0.0833333333333333,127.405,58.649657397993174,24.95496246246245,45.067232924264005
2026-03-26 21:00:00,6,-2.740833333333333,111.12166666666668,32.59980647251959,24.95496246246245,24.359279454247627
2026-03-26 22:00:00,6,-6.822500000000001,97.9275,-2.8038572908676684,0.7030108877721948,3.3743624533825596
2026-03-26 23:00:00,6,-8.095,98.37,-29.440341679030652,1.9688809523809525,-3.1039712912981514
2026-03-27 00:00:00,6,-1.2441666666666666,102.71,-47.11000735555007,1.9688809523809525,1.4260255614046287
2026-03-27 01:00:00,6,-3.3383333333333334,93.79833333333332,-49.85503737251851,1.9688809523809525,10.675310178659728
2026-03-27 02:00:00,6,-3.8508333333333336,86.49000000000001,-62.41192062678442,1.9688809523809525,3.5652658432727833
2026-03-27 03:00:00,6,-4.464166666666666,81.63833333333334,-75.52358030037573,-5.785984848484851,-0.0799117251997501
2026-03-27 04:00:00,6,-4.611666666666666,86.93666666666667,-75.57379401941364,-5.785984848484851,-0.9567935652770103
2026-03-27 05:00:00,6,-3.494166666666666,105.56833333333331,-69.7189487016349,1.9688809523809525,4.284311319843539
2026-03-27 06:00:00,6,5.905,134.64083333333335,-46.85416226724776,0.7030108877721948,17.67038232396927
2026-03-27 07:00:00,6,22.370833333333334,142.0716666666667,-14.551771208437003,10.703991666666663,39.58778830989198
2026-03-27 08:00:00,6,6.898333333333333,121.24416666666669,-12.510092936208906,10.703991666666663,24.943654913513903
2026-03-27 09:00:00,6,-15.168333333333331,106.20583333333332,-38.42575712193094,10.703991666666663,13.059472088194951
2026-03-27 10:00:00,6,-9.42,66.61666666666666,-74.92543795550483,0.7030108877721948,12.298194527586666
2026-03-27 11:00:00,6,-8.623333333333333,32.903333333333336,-91.83477177522425,0.7030108877721948,5.497891513048231
2026-03-27 12:00:00,6,-12.689166666666669,20.41,-81.8556609742613,-14.029897959183675,-5.273367953412418
2026-03-27 13:00:00,6,-17.434166666666666,8.008333333333333,-91.1808667871473,-14.029897959183675,-16.417317628949704
2026-03-27 14:00:00,6,-20.468333333333334,-11.005,-86.24714022654547,-14.029897959183675,-21.199641227868526
2026-03-27 15:00:00,6,-14.839166666666666,-7.561666666666666,-66.7805724384751,-14.029897959183675,-23.15067397604112
2026-03-27 16:00:00,6,-18.69666666666667,1.1733333333333331,-56.377607956669394,-14.029897959183675,-22.71931302758182
2026-03-27 17:00:00,6,-5.285833333333334,53.09666666666666,-2.4135849676904684,10.703991666666663,1.3645262400737153
2026-03-27 18:00:00,6,22.245,91.5525,45.009455140802984,10.703991666666663,33.03004575233495
2026-03-27 19:00:00,6,11.32,98.39666666666666,67.96975517491568,48.22080176767679,58.990452156014385
2026-03-27 20:00:00,6,19.779166666666665,93.08583333333333,57.70513161308714,48.22080176767679,50.18493479943537
2026-03-27 21:00:00,6,24.53833333333333,80.44583333333334,44.02221919345349,24.95496246246245,40.570744941913205
2026-03-27 22:00:00,6,26.07333333333333,83.0525,26.05473041669112,24.95496246246245,30.884751554710114
2026-03-27 23:00:00,6,24.555,85.88749999999999,15.893361660822393,21.368824786324794,28.67463392833905
2026-03-28 00:00:00,6,45.469166666666666,88.185,11.783147451815616,21.368824786324794,31.975201378728975
2026-03-28 01:00:00,6,51.18666666666667,84.58166666666666,22.81041738499062,1.9688809523809525,29.33107623475614
2026-03-28 02:00:00,6,43.49166666666667,86.2275,12.181553009232971,43.241292134831426,27.01336608260467
2026-03-28 03:00:00,6,29.921666666666667,97.19083333333332,1.6380843057883965,43.241292134831426,24.825381515449166
2026-03-28 04:00:00,6,24.584166666666665,103.84166666666664,-4.823611259788308,43.241292134831426,24.173311304515323
2026-03-28 05:00:00,6,34.53333333333334,107.11333333333332,-6.180916597875608,43.241292134831426,25.039548838330624
2026-03-28 06:00:00,6,49.21416666666667,111.9925,2.637496655935024,43.241292134831426,35.86477883173998
2026-03-28 07:00:00,6,61.37833333333333,141.92083333333332,11.216911482312959,41.59732142857141,43.01585061740978
2026-03-28 08:00:00,6,14.76,90.08916666666666,49.24399882163169,64.78309440559443,76.42100271910785
2026-03-28 09:00:00,6,-0.2274999999999999,16.24,47.76122776149512,74.66154761904758,60.69131324039179
2026-03-28 10:00:00,6,-2.955,0.8975,24.34832455818851,24.53604527938343,34.80965604887785
2026-03-28 11:00:00,6,-5.230833333333333,-2.3675,-6.672233362882082,4.279210239651417,1.1864715246234283
2026-03-28 12:00:00,6,-6.145,-2.7716666666666665,-39.95170526314604,-14.263348958333335,-16.92228244621137
2026-03-28 13:00:00,6,-6.560833333333334,-4.3975,-64.37889363677621,-22.858869047619038,-29.398697732832062
2026-03-28 14:00:00,6,-7.525833333333334,-6.609166666666667,-64.88965873298218,-22.858869047619038,-27.98183012918905
2026-03-28 15:00:00,6,-5.7525,-5.968333333333334,-36.55955503185787,-14.263348958333335,-22.138977440334628
2026-03-28 16:00:00,6,-6.7941666666666665,-5.745833333333334,-16.75793641679259,-14.263348958333335,-7.066681173722472
2026-03-28 17:00:00,6,-4.76,3.044166666666667,7.090961917414518,44.2507183908046,17.636295128137654
2026-03-28 18:00:00,6,43.10583333333333,75.17083333333333,59.68878212575194,64.78309440559443,62.42392539327915
2026-03-28 19:00:00,6,64.84666666666666,87.6225,85.28095603577378,94.2183215130024,90.42853467887556
2026-03-28 20:00:00,6,69.46,85.22833333333334,91.0116749257959,108.97338257575755,98.03562008266219
2026-03-28 21:00:00,6,73.10416666666667,68.4275,91.17902304742893,94.3041049382716,99.08455166052151
2026-03-28 22:00:00,6,75.01166666666667,61.98,89.03219426833071,101.25909557661927,98.1571779125445
2026-03-28 23:00:00,6,68.00916666666667,68.25833333333334,80.60467513012115,101.25909557661927,93.303799216096
2026-03-29 00:00:00,6,71.71333333333332,76.05166666666666,83.1257621019777,101.25909557661927,96.63323934173565
2026-03-29 01:00:00,6,70.505,85.56,99.71551125471143,79.31351851851849,84.64031385216798
2026-03-29 02:00:00,6,60.35666666666666,88.83083333333333,82.76691885889835,79.31351851851849,74.57839251393585
2026-03-29 03:00:00,6,58.09666666666666,92.3325,71.650930561366,79.31351851851849,70.32081251178788
2026-03-29 04:00:00,6,57.88916666666666,92.88916666666668,74.1136819742525,79.31351851851849,74.79262844643665
2026-03-29 05:00:00,6,57.98333333333333,98.53333333333336,73.71642100151519,79.31351851851849,78.43803950746808
2026-03-29 06:00:00,6,54.21,97.8525,79.1981705111509,79.31351851851849,84.43084923866776
2026-03-29 07:00:00,6,60.1275,82.905,88.45569968434006,79.31351851851849,92.7487439255196
2026-03-29 08:00:00,6,5.275833333333334,12.434166666666668,87.84884339374679,44.01930000000003,58.297419354380224
2026-03-29 09:00:00,6,-4.117500000000001,-4.075833333333333,59.525339305768966,10.03658759124088,19.966045880758358
2026-03-29 10:00:00,6,-3.963333333333333,-6.973333333333334,32.77016764748982,-3.096699669966995,5.608367817374386
2026-03-29 11:00:00,6,-5.551666666666667,-12.799166666666666,20.109110474664647,-6.746565860215047,-6.725810086922593
2026-03-29 12:00:00,6,-9.964166666666667,-22.9575,-5.298145746803897,-13.17416666666667,-17.177621255076957
2026-03-29 13:00:00,6,-18.50166666666667,-24.585,-21.187245598875634,-13.17416666666667,-16.35805270879517
2026-03-29 14:00:00,6,-26.4975,-24.55666666666667,-25.635844617780776,-13.17416666666667,-13.963307842589813
2026-03-29 15:00:00,6,-43.37833333333333,-8.839166666666667,-20.815986586739726,-22.070465686274506,-6.693127478683252
2026-03-29 16:00:00,6,-14.8,2.661666666666666,18.647129707102387,5.8528834808259615,15.958480638412041
2026-03-29 17:00:00,6,9.596666666666666,48.71083333333333,64.45476651032737,29.485416666666673,46.09705706150076
2026-03-29 18:00:00,6,73.79333333333334,98.43666666666668,103.91236391373673,94.3041049382716,85.38911577304542
2026-03-29 19:00:00,6,74.85166666666667,98.52,118.10710621588166,108.97338257575755,106.89171971670407
2026-03-29 20:00:00,6,67.01666666666667,89.87333333333333,121.31903906544339,108.97338257575755,104.11828904914628
2026-03-29 21:00:00,6,60.75,95.6325,125.25785379459856,101.25909557661927,102.28771151921683
2026-03-29 22:00:00,6,60.8375,98.66666666666669,111.40736372040857,101.25909557661927,93.99385048390855
2026-03-29 23:00:00,6,56.05416666666667,87.85916666666667,102.74128401927442,96.0612813102119,90.59379679201169
2026-03-30 00:00:00,6,56.96,101.85,110.54295091252085,101.25909557661927,94.10286578746391
2026-03-30 01:00:00,6,59.15416666666667,96.42416666666666,128.85567534405016,79.31351851851849,92.79002417932631
2026-03-30 02:00:00,6,61.44833333333333,84.41666666666667,117.67902848326071,79.31351851851849,92.56714128179085
2026-03-30 03:00:00,6,64.0025,85.18666666666667,103.0423130177319,117.38864285714287,92.2817217424659
2026-03-30 04:00:00,6,67.38833333333334,87.57666666666667,91.59675657762222,117.38864285714287,92.26877452101115
2026-03-30 05:00:00,6,74.79166666666667,101.79166666666669,97.04449396893276,117.38864285714287,102.40331051805111
2026-03-30 06:00:00,6,88.56,108.42666666666666,117.28492648892873,127.39451851851848,129.50833384774825
2026-03-30 07:00:00,6,135.37166666666667,124.555,139.2650750911821,149.57878167641323,152.8608773231279
2026-03-30 08:00:00,6,36.1475,54.51666666666667,108.82829097134425,84.53854856512146,110.48932172385636
2026-03-30 09:00:00,6,4.0475,14.0175,92.6300419101333,74.66154761904758,56.74268653393398
2026-03-30 10:00:00,6,-0.2825,3.839166666666667,66.82730184810005,10.03658759124088,18.569412591577724
2026-03-30 11:00:00,6,-4.111666666666667,5.1875,41.455683210896844,-3.096699669966995,1.0803415688433944
2026-03-30 12:00:00,6,-3.3349999999999995,7.952500000000001,35.55509289753029,-6.746565860215047,-4.169181088382473
2026-03-30 13:00:00,6,-2.1891666666666665,7.204999999999999,36.64483366438983,5.8528834808259615,2.6511079108130957
2026-03-30 14:00:00,6,-1.3925,13.335,46.20443298033676,5.8528834808259615,12.290359112520846
2026-03-30 15:00:00,6,2.983333333333334,28.390833333333333,69.93273029615278,29.485416666666673,27.169909803553864
2026-03-30 16:00:00,6,15.995833333333332,58.81,114.41992406658645,44.01930000000003,55.07066974588561
2026-03-30 17:00:00,6,74.8775,117.0175,151.24651501990155,84.53854856512146,92.41823508562024
2026-03-30 18:00:00,6,112.65833333333336,78.65249999999999,161.44036262953364,153.22589041095898,122.99994443841999
2026-03-30 19:00:00,6,112.57,112.97166666666668,143.9708908190903,153.22589041095898,117.86922703385567
2026-03-30 20:00:00,6,94.1875,98.38916666666668,111.52806102347529,108.97338257575755,89.50175157021556
2026-03-30 21:00:00,6,95.78333333333336,87.27499999999999,87.02516171988132,108.97338257575755,70.7506709885157
2026-03-30 22:00:00,6,76.95583333333333,85.28666666666668,68.03182479746899,94.3041049382716,59.51797289865674
2026-03-30 23:00:00,6,65.10166666666667,66.04333333333334,55.8627488820751,94.3041049382716,55.95222731847267
2026-03-31 00:00:00,6,48.23916666666667,58.9775,57.04626031510461,94.3041049382716,63.73239771498116
2026-03-31 01:00:00,6,33.6525,31.069166666666664,75.55011067191776,36.02641914191418,54.897864161535416
2026-03-31 02:00:00,6,12.410833333333334,7.1433333333333335,61.366967964068245,36.02641914191418,51.489166895923184
2026-03-31 03:00:00,6,8.827499999999999,8.888333333333334,50.70010637206049,36.02641914191418,49.66508924394018
2026-03-31 04:00:00,6,4.369166666666667,16.84,40.48659780329818,36.02641914191418,45.87170560823828
2026-03-31 05:00:00,6,0.7483333333333332,58.47583333333333,40.2685044839078,43.241292134831426,48.48663450551535
2026-03-31 06:00:00,6,11.035833333333334,96.53916666666667,73.83608926008365,94.3041049382716,70.97005613059999
2026-03-31 07:00:00,6,11.109166666666669,102.5925,98.4606997666026,71.81235465116278,91.32664319528331
2026-03-31 08:00:00,6,-1.9891666666666667,38.07,88.78221485409082,71.81235465116278,60.07680149520874
2026-03-31 09:00:00,6,-5.401666666666667,36.35583333333333,69.72653814569595,23.85238013698629,22.07374290300379
2026-03-31 10:00:00,6,-9.601666666666668,15.935,51.03328833213088,10.03658759124088,5.07013301945814
2026-03-31 11:00:00,6,-14.736666666666666,5.129166666666666,4.941843470431209,-6.030206422018348,-15.672316281650893
2026-03-31 12:00:00,6,-13.888333333333334,10.033333333333331,-16.077678248394236,-22.858869047619038,-29.893628460648515
2026-03-31 13:00:00,6,-11.691666666666668,22.8925,-17.16819681329865,-22.858869047619038,-32.3360330935198
2026-03-31 14:00:00,6,-9.635833333333332,52.244166666666665,-21.307525538886566,-22.858869047619038,-29.056171207753096
2026-03-31 15:00:00,6,-7.6191666666666675,72.09916666666668,-7.697249227541306,-6.030206422018348,-13.574873880270275
2026-03-31 16:00:00,6,-2.8708333333333336,123.24,41.33648614107116,24.53604527938343,17.135630020901544
2026-03-31 17:00:00,6,15.7825,117.59333333333332,102.60762605027045,84.53854856512146,61.707219660714955
2026-03-31 18:00:00,6,50.219166666666666,131.4391666666667,133.16731871874026,153.22589041095898,97.74176984448063
2026-03-31 19:00:00,6,68.54916666666666,130.75,125.5357105727816,153.22589041095898,99.05070691460355
2026-03-31 20:00:00,6,54.09833333333333,121.56416666666668,106.06936385681999,108.97338257575755,83.0852355993103
2026-03-31 21:00:00,6,13.160833333333334,109.4375,75.32126823379178,71.81235465116278,60.015432694870725
2026-03-31 22:00:00,6,7.714166666666666,97.95583333333332,44.60216970793542,41.59732142857141,43.256886617957896
2026-03-31 23:00:00,6,0.0899999999999999,90.92333333333332,14.900340287209268,41.59732142857141,34.8918930503628
2026-04-01 00:00:00,6,0.0008333333333333,82.215,17.539769779952238,41.59732142857141,43.99889712138862
2026-04-01 01:00:00,6,-0.0666666666666666,67.44500000000001,25.304619573144315,24.764183168316826,21.37912467493522
2026-04-01 02:00:00,6,-3.426666666666667,50.3325,9.073997141988201,24.764183168316826,13.977860877301616
2026-04-01 03:00:00,6,-3.963333333333333,64.3925,-14.036602187268684,-5.785984848484851,5.276835695527282
2026-04-01 04:00:00,6,-1.7875,72.71249999999999,-27.15474547277455,-5.785984848484851,0.8241384679751889
2026-04-01 05:00:00,6,-0.0958333333333333,87.83749999999999,-23.228909886072373,24.764183168316826,6.304449498588944
2026-04-01 06:00:00,6,11.4175,96.16916666666668,8.556918861961918,0.7030108877721948,25.172246343140337
2026-04-01 07:00:00,6,13.071666666666667,119.23333333333332,43.97784867724001,36.02060064935065,46.84031722821418
2026-04-01 08:00:00,6,27.121666666666663,40.20333333333333,43.81012738234247,71.81235465116278,34.16486169793826
2026-04-01 09:00:00,6,32.51083333333333,13.019166666666663,16.97127586483439,23.85238013698629,8.811728472899553
2026-04-01 10:00:00,6,5.325,10.4175,0.7346583924810659,4.279210239651417,-11.313536417393493
2026-04-01 11:00:00,6,4.8741666666666665,1.3241666666666665,6.843840528485352,-6.030206422018348,-10.28684077936154
2026-04-01 12:00:00,6,2.5775,4.869166666666667,25.90672533241996,11.019604051565382,-1.7966991193718371
2026-04-01 13:00:00,6,26.971666666666664,13.289166666666668,76.59030968353153,24.53604527938343,32.849758686682534
2026-04-01 14:00:00,6,64.17,41.34666666666666,89.3274228203307,23.85238013698629,43.05044420956743
2026-04-01 15:00:00,6,94.16416666666667,50.7225,99.85252228204178,71.81235465116278,46.434598808587815
2026-04-01 16:00:00,6,101.3525,89.85166666666667,139.3805052566529,84.53854856512146,75.49940896083947
2026-04-01 17:00:00,6,122.10166666666667,91.36333333333332,149.92032636561962,153.22589041095898,108.40768065276279
2026-04-01 18:00:00,6,123.89583333333331,97.6325,139.13478489960494,153.22589041095898,107.7836303901567
2026-04-01 19:00:00,6,126.37916666666666,101.3875,136.79381983927678,153.22589041095898,116.76333940616382
2026-04-01 20:00:00,6,127.7375,82.52,140.389234065384,108.97338257575755,126.09184223045887
2026-04-01 21:00:00,6,122.77,81.05166666666666,133.97236717365615,108.97338257575755,121.06336972226657
2026-04-01 22:00:00,6,107.5875,76.595,136.17157674490076,130.13350931677024,116.87070160312275
2026-04-01 23:00:00,6,109.74583333333334,90.98583333333332,124.16025868723477,101.25909557661927,113.35496239722659
2026-04-02 00:00:00,6,100.92,92.785,126.82487341834857,101.25909557661927,122.55986786470024
2026-04-02 01:00:00,6,106.36333333333334,78.74249999999999,150.36862683220573,101.25909557661927,121.05082645734048
2026-04-02 02:00:00,6,99.60916666666668,84.85333333333334,138.4106973455003,96.0612813102119,115.71515495343053
2026-04-02 03:00:00,6,97.80583333333334,85.5,123.62764980297695,96.0612813102119,110.78675020632872
2026-04-02 04:00:00,6,102.81083333333332,87.46416666666666,119.59622089619636,96.0612813102119,112.45530602928704
2026-04-02 05:00:00,6,118.3475,77.93833333333333,133.4138509112708,101.25909557661927,124.42529516819631
2026-04-02 06:00:00,6,137.16916666666663,102.60083333333334,168.16726034382856,149.57878167641323,146.9998919171929
2026-04-02 07:00:00,6,170.9416666666667,111.32833333333332,201.56327745484603,149.57878167641323,176.44767188737853
2026-04-02 08:00:00,6,134.27833333333334,72.46583333333334,181.01365882120245,149.57878167641323,127.83509479237748
2026-04-02 09:00:00,6,50.18,74.76666666666667,150.8698494624947,50.142873376623385,60.36970785456906
2026-04-02 10:00:00,6,22.484166666666667,3.085833333333333,116.65755059163908,10.03658759124088,25.226895453388366
2026-04-02 11:00:00,6,4.031666666666667,-5.133333333333334,82.22043221070726,-6.746565860215047,9.14876854264633
2026-04-02 12:00:00,6,0.9241666666666668,-0.1808333333333334,55.338004802058755,-6.746565860215047,-0.704400605538126
2026-04-02 13:00:00,6,0.2308333333333333,3.6441666666666666,47.644829438435025,5.8528834808259615,-1.7421281545683058
2026-04-02 14:00:00,6,-3.6766666666666654,-2.5666666666666664,49.74484967132617,5.8528834808259615,2.922666188950089
2026-04-02 15:00:00,6,-6.861666666666667,-28.13416666666667,66.49290763466374,11.019604051565382,20.44088165410367
2026-04-02 16:00:00,6,-5.091666666666667,-22.281666666666663,98.72130187400178,24.53604527938343,57.22214948680276
2026-04-02 17:00:00,6,17.0275,-7.144166666666666,95.9936273267617,50.142873376623385,52.100231509419444
2026-04-02 18:00:00,6,78.64166666666667,28.411666666666665,111.08449180238122,149.57878167641323,80.06330296174994
2026-04-02 19:00:00,6,79.51,8.588333333333333,124.95703806757386,108.97338257575755,98.461302161965
2026-04-02 20:00:00,6,67.26083333333334,-0.0833333333333333,130.3954054709448,108.97338257575755,105.76625824739922
2026-04-02 21:00:00,6,59.02666666666667,-2.740833333333333,118.21757234588368,101.25909557661927,99.30819857001501
2026-04-02 22:00:00,6,40.90916666666666,-6.822500000000001,110.1769415836113,101.25909557661927,96.91115290510949
2026-04-02 23:00:00,6,17.508333333333333,-8.095,99.87183472285774,96.0612813102119,93.67525213432425
2026-04-03 00:00:00,6,22.115,-1.2441666666666666,102.01607952473108,101.25909557661927,98.6437238339228
2026-04-03 01:00:00,6,14.031666666666666,-3.3383333333333334,109.62595041384172,96.0612813102119,89.71544341022471
2026-04-03 02:00:00,6,10.8,-3.8508333333333336,82.81649919964232,96.0612813102119,77.64682526872748
2026-04-03 03:00:00,6,11.3925,-4.464166666666666,62.52775783951809,42.097735507246355,69.03744954180387
2026-04-03 04:00:00,6,6.715833333333333,-4.611666666666666,49.80945381395316,42.097735507246355,61.53895303170935
2026-04-03 05:00:00,6,7.596666666666667,-3.494166666666666,44.80143877813305,42.097735507246355,55.95576850665028
2026-04-03 06:00:00,6,7.990833333333334,5.905,47.59786981930117,51.113697632058255,51.91459103986479
2026-04-03 07:00:00,6,9.051666666666666,22.370833333333334,51.116931579651265,51.113697632058255,55.32911522728759
2026-04-03 08:00:00,6,-1.9458333333333333,6.898333333333333,55.48485340298646,75.73896825396827,51.440012813582925
2026-04-03 09:00:00,6,-17.401666666666667,-15.168333333333331,43.38452857436272,10.03658759124088,23.814504756798414
2026-04-03 10:00:00,6,-34.13916666666667,-9.42,15.84266622131291,-3.096699669966995,-5.034606551809716
2026-04-03 11:00:00,6,-12.804166666666667,-8.623333333333333,7.756013420306566,-3.096699669966995,-9.967623395329554
2026-04-03 12:00:00,6,-13.150833333333331,-12.689166666666669,-5.575383274605699,11.019604051565382,-19.494040015610253
2026-04-03 13:00:00,6,-18.6975,-17.434166666666666,-34.69561177864664,-22.858869047619038,-42.47607817139553
2026-04-03 14:00:00,6,-23.89583333333333,-20.468333333333334,-50.364540412919155,-22.858869047619038,-45.23842776598141
2026-04-03 15:00:00,6,-12.618333333333334,-14.839166666666666,-36.236944832004866,-22.858869047619038,-36.999104824353765
2026-04-03 16:00:00,6,-16.550833333333333,-18.69666666666667,-13.739166468206719,-14.263348958333335,-16.8221344880466
2026-04-03 17:00:00,6,-9.4,-5.285833333333334,34.75044900399559,4.279210239651417,7.989314779771547
2026-04-03 18:00:00,6,10.831666666666669,22.245,72.40891600268228,64.78309440559443,46.56814784265923
2026-04-03 19:00:00,6,9.025,11.32,86.17969321189248,64.78309440559443,63.77443418566624
2026-04-03 20:00:00,6,2.865833333333333,19.779166666666665,77.5240283482503,64.78309440559443,55.02449717488181
2026-04-03 21:00:00,6,2.6741666666666664,24.53833333333333,64.02838053335168,64.78309440559443,50.583092944995514
2026-04-03 22:00:00,6,8.533333333333333,26.07333333333333,51.75497489624112,51.113697632058255,43.56906201879904
2026-04-03 23:00:00,6,8.034166666666666,24.555,41.66174568633,51.113697632058255,41.00335663967196
2026-04-04 00:00:00,6,10.2675,45.469166666666666,47.169556649705235,51.113697632058255,48.48768315444709
2026-04-04 01:00:00,6,6.984166666666667,51.18666666666667,61.01175480396566,51.113697632058255,41.749243689604526
2026-04-04 02:00:00,6,3.628333333333333,43.49166666666667,43.27458830484157,51.113697632058255,32.22133653294547
2026-04-04 03:00:00,6,-0.0691666666666666,29.921666666666667,29.850633079291917,12.625392156862752,24.72692308518505
2026-04-04 04:00:00,6,-2.0791666666666666,24.584166666666665,27.622495416605524,12.625392156862752,26.00009795739809
2026-04-04 05:00:00,6,-2.7358333333333333,34.53333333333334,28.102127597747838,12.625392156862752,28.45110228838589
2026-04-04 06:00:00,6,-0.7008333333333333,49.21416666666667,31.314039121756977,43.241292134831426,31.684211524600308
2026-04-04 07:00:00,6,-0.0491666666666666,61.37833333333333,54.24303000501148,43.241292134831426,42.52241022353999
2026-04-04 08:00:00,6,-1.1541666666666666,14.76,41.92172878865429,24.53604527938343,26.823602838262595
2026-04-04 09:00:00,6,-19.1275,-0.2274999999999999,-15.912199716955058,-14.263348958333335,-12.214559454543405
2026-04-04 10:00:00,6,-50.90416666666667,-2.955,-56.893639828815836,-22.858869047619038,-31.471524429289218
2026-04-04 11:00:00,6,-60.35833333333333,-5.230833333333333,-73.12417660937504,-34.354856321839094,-37.96143718019202
2026-04-04 12:00:00,6,-65.34083333333334,-6.145,-85.76107489921571,-34.354856321839094,-46.72734438572891
2026-04-04 13:00:00,6,-79.81333333333333,-6.560833333333334,-90.28567956785221,-84.45548679867987,-47.57360678924722
2026-04-04 14:00:00,6,-72.12833333333333,-7.525833333333334,-89.55942469679573,-84.45548679867987,-45.674383866308446
2026-04-04 15:00:00,6,-58.85083333333333,-5.7525,-68.69745048154329,-34.354856321839094,-31.536122427371993
2026-04-04 16:00:00,6,-56.56166666666667,-6.7941666666666665,-40.776970611559236,-22.858869047619038,-14.423819201357702
2026-04-04 17:00:00,6,-19.076666666666664,-4.76,6.021528516113754,29.485416666666673,16.729678922526013
2026-04-04 18:00:00,6,26.8425,43.10583333333333,57.800429150416186,23.85238013698629,53.0377090183932
2026-04-04 19:00:00,6,19.426666666666662,64.84666666666666,73.86786254312278,70.50335000000001,72.25742011568437
2026-04-04 20:00:00,6,18.37,69.46,89.24090609239943,70.50335000000001,87.7870007347801
2026-04-04 21:00:00,6,14.608333333333333,73.10416666666667,91.88369467583419,101.25909557661927,90.00555397987964
2026-04-04 22:00:00,6,19.45,75.01166666666667,93.36995560293065,97.38223557692314,91.98137680131201
2026-04-04 23:00:00,6,17.410833333333333,68.00916666666667,103.75091896888168,97.38223557692314,90.28721444918605
2026-04-05 00:00:00,6,30.351666666666663,71.71333333333332,128.60387222967327,97.38223557692314,96.37196949851906
2026-04-05 01:00:00,6,29.15333333333333,70.505,154.00972321347987,97.38223557692314,79.33579121462235
2026-04-05 02:00:00,6,37.035833333333336,60.35666666666666,144.61835055879504,97.38223557692314,76.41793521004028
2026-04-05 03:00:00,6,44.16,58.09666666666666,129.9194209609961,73.08486033519549,76.81295433571525
2026-04-05 04:00:00,6,49.60666666666666,57.88916666666666,113.21518715114345,73.08486033519549,73.64090886797483
2026-04-05 05:00:00,6,52.373333333333335,57.98333333333333,105.93316887382156,73.08486033519549,72.74006349473377
2026-04-05 06:00:00,6,56.505,54.21,98.25631971564724,73.08486033519549,72.98928238516183
2026-04-05 07:00:00,6,63.95333333333334,60.1275,87.93699734599522,97.38223557692314,74.95815885818735
2026-04-05 08:00:00,6,15.566666666666668,5.275833333333334,33.36032498064198,10.03658759124088,34.811071453800935
2026-04-05 09:00:00,6,-9.4375,-4.117500000000001,15.298436084167143,-3.096699669966995,2.8395735006722873
2026-04-05 10:00:00,6,-31.016666666666666,-3.963333333333333,-11.3075748890477,-6.746565860215047,-14.446313100317838
2026-04-05 11:00:00,6,-37.431666666666665,-5.551666666666667,-50.20211123958765,-34.354856321839094,-29.919369596262342
2026-04-05 12:00:00,6,-37.77,-9.964166666666667,-71.42405126594252,-13.17416666666667,-39.06045943929105
2026-04-05 13:00:00,6,-43.08416666666667,-18.50166666666667,-65.27426106221739,-13.17416666666667,-34.137154290970685
2026-04-05 14:00:00,6,-36.8375,-26.4975,-55.77579697430892,-13.17416666666667,-25.808489131443082
2026-04-05 15:00:00,6,-21.92083333333333,-43.37833333333333,-36.749301945071096,-22.070465686274506,-11.479698053272017
2026-04-05 16:00:00,6,1.2608333333333333,-14.8,-1.194790814691757,5.8528834808259615,12.989774320900608
2026-04-05 17:00:00,6,54.39333333333334,9.596666666666666,56.286271027392125,29.485416666666673,48.00900537479454
2026-04-05 18:00:00,6,73.34333333333333,73.79333333333334,95.35780266544602,70.50335000000001,79.33210543465009
2026-04-05 19:00:00,6,71.87916666666666,74.85166666666667,93.87071559857847,70.50335000000001,83.41803545028151
2026-04-05 20:00:00,6,69.0525,67.01666666666667,97.81475974926633,70.50335000000001,88.45413290158977
2026-04-05 21:00:00,6,71.76333333333334,60.75,90.59717660002813,70.50335000000001,81.3180979777721
2026-04-05 22:00:00,6,72.35000000000001,60.8375,88.75274488824654,70.50335000000001,80.34813988880937
2026-04-05 23:00:00,6,71.06083333333333,56.05416666666667,83.85839108932666,96.0612813102119,81.97494642865796
2026-04-06 00:00:00,6,71.52166666666666,56.96,100.27175475130903,96.0612813102119,88.9963765988575
2026-04-06 01:00:00,6,74.41250000000001,59.15416666666667,108.24987249644141,96.0612813102119,86.59214712590902
2026-04-06 02:00:00,6,82.03750000000001,61.44833333333333,87.89924229686369,96.0612813102119,81.76571427988151
2026-04-06 03:00:00,6,80.2825,64.0025,76.20434887828681,73.08486033519549,78.18788583017047
2026-04-06 04:00:00,6,71.97,67.38833333333334,64.60059532233736,73.08486033519549,76.86892888704458
2026-04-06 05:00:00,6,57.01833333333334,74.79166666666667,57.986963945344634,73.08486033519549,76.40550866434712
2026-04-06 06:00:00,6,60.150000000000006,88.56,62.52151726910384,73.08486033519549,81.86888073684553
2026-04-06 07:00:00,6,43.18416666666667,135.37166666666667,75.05104615946446,96.0612813102119,92.12047298212208
2026-04-06 08:00:00,6,17.865833333333335,36.1475,33.88189367166958,75.73896825396827,75.64685266422866
2026-04-06 09:00:00,6,16.14916666666667,4.0475,24.23748914565531,79.31351851851849,61.34644276213814
2026-04-06 10:00:00,6,13.985,-0.2825,15.677423518858454,10.03658759124088,49.89388693806926
2026-04-06 11:00:00,6,8.834999999999999,-4.111666666666667,9.779664308259015,75.73896825396827,50.33886874196802
2026-04-06 12:00:00,6,0.7633333333333333,-3.3349999999999995,-12.27075539361347,24.53604527938343,24.709042791620888
2026-04-06 13:00:00,6,-1.2333333333333334,-2.1891666666666665,-27.8255169506957,4.279210239651417,12.882103968483918
2026-04-06 14:00:00,6,-9.2775,-1.3925,-49.18501590860471,-14.263348958333335,4.597987618904682
2026-04-06 15:00:00,6,-11.849166666666669,2.983333333333334,-53.145455670571906,-22.858869047619038,-13.367464844290097
2026-04-06 16:00:00,6,-11.364166666666668,15.995833333333332,3.473739857663375,11.019604051565382,4.738712264721528
2026-04-06 17:00:00,6,1.5424999999999998,74.8775,59.37561543243584,24.53604527938343,41.58994451324664
2026-04-06 18:00:00,6,46.25333333333333,112.65833333333336,67.01594211462965,71.81235465116278,69.30393959836276
2026-04-06 19:00:00,6,50.85916666666666,112.57,77.86559005103324,71.81235465116278,68.5442072624681
2026-04-06 20:00:00,6,43.2275,94.1875,59.27829913935048,71.81235465116278,54.66770353034537
2026-04-06 21:00:00,6,68.49583333333334,95.78333333333336,42.44814788311966,41.59732142857141,46.397872345407684
2026-04-06 22:00:00,6,57.72416666666667,76.95583333333333,28.507530604784883,41.59732142857141,40.67089333902247
2026-04-06 23:00:00,6,17.205,65.10166666666667,8.745471409327521,24.764183168316826,37.87523464269062
2026-04-07 00:00:00,6,9.1575,48.23916666666667,1.9083904983377664,24.764183168316826,42.80344080290982
2026-04-07 01:00:00,6,8.95,33.6525,10.23865723794438,24.764183168316826,25.273009254571576
2026-04-07 02:00:00,6,7.514166666666667,12.410833333333334,-14.397659071482352,-5.785984848484851,21.36915843032841
2026-04-07 03:00:00,6,6.956666666666666,8.827499999999999,-16.93702519282921,12.625392156862752,27.375392087736117
2026-04-07 04:00:00,6,9.195,4.369166666666667,-8.21883658488133,51.113697632058255,38.308140908878556
2026-04-07 05:00:00,6,7.648333333333333,0.7483333333333332,15.186150207601742,42.097735507246355,49.56195326867845
2026-04-07 06:00:00,6,9.161666666666669,11.035833333333334,40.72621464708736,75.73896825396827,63.08762343506428
2026-04-07 07:00:00,6,20.271666666666665,11.109166666666669,65.05496532341246,70.50335000000001,83.49712894171073
2026-04-07 08:00:00,6,20.2775,-1.9891666666666667,52.10611726941926,70.50335000000001,69.37015776111546
2026-04-07 09:00:00,6,2.045833333333333,-5.401666666666667,48.2225084731365,23.85238013698629,43.4274659843384
2026-04-07 10:00:00,6,0.0683333333333333,-9.601666666666668,23.813826979248226,23.85238013698629,19.872265052500104
2026-04-07 11:00:00,6,-0.89,-14.736666666666666,-1.9651031309965674,4.279210239651417,-1.4174088804690257
2026-04-07 12:00:00,6,-0.7091666666666666,-13.888333333333334,-3.5182149268381835,4.279210239651417,0.8932198876589581
2026-04-07 13:00:00,6,-4.225833333333333,-11.691666666666668,4.162681271142844,-6.030206422018348,-1.4272229754099328
2026-04-07 14:00:00,6,-3.536666666666666,-9.635833333333332,13.113926658327316,-6.030206422018348,-2.37455597066851
2026-04-07 15:00:00,6,-4.089166666666666,-7.6191666666666675,37.71503314306536,23.85238013698629,8.819428480266708
2026-04-07 16:00:00,6,-3.758333333333333,-2.8708333333333336,73.64792522850418,23.85238013698629,30.89374149790988
2026-04-07 17:00:00,6,24.9075,15.7825,91.30794213272202,71.81235465116278,56.48612279178016
2026-04-07 18:00:00,6,117.69083333333332,50.219166666666666,127.22756887116401,71.81235465116278,92.06530308848444
2026-04-07 19:00:00,6,123.245,68.54916666666666,139.41893900157635,85.62026041666662,101.73587639080296
2026-04-07 20:00:00,6,120.86333333333332,54.09833333333333,143.27789440438656,108.97338257575755,113.07024511788768
2026-04-07 21:00:00,6,128.16416666666666,13.160833333333334,130.26327113258472,108.97338257575755,105.20886694361093
2026-04-07 22:00:00,6,132.47583333333333,7.714166666666666,109.91676980602686,108.97338257575755,93.07654235776221
2026-04-07 23:00:00,6,133.30666666666667,0.0899999999999999,86.82543177454968,70.50335000000001,80.11154302793041
2026-04-08 00:00:00,6,138.54999999999998,0.0008333333333333,87.53971551112588,70.50335000000001,91.45298381542324
2026-04-08 01:00:00,6,122.48583333333332,-0.0666666666666666,109.4967448371892,101.25909557661927,93.70656756501118
2026-04-08 02:00:00,6,111.4125,-3.426666666666667,89.93344739925303,79.31351851851849,89.04651137983636
2026-04-08 03:00:00,6,106.78333333333336,-3.963333333333333,90.44730215021704,97.38223557692314,90.03400959603817
2026-04-08 04:00:00,6,117.61583333333334,-1.7875,89.68400600226742,97.38223557692314,91.2305688260204
2026-04-08 05:00:00,6,124.2375,-0.0958333333333333,95.2345170067892,97.38223557692314,94.5585086640661
2026-04-08 06:00:00,6,138.1975,11.4175,112.00636218331356,97.38223557692314,109.7067679483946
2026-04-08 07:00:00,6,153.07500000000002,13.071666666666667,141.27563474889112,127.39451851851848,135.06427535451905
2026-04-08 08:00:00,6,67.16416666666667,27.121666666666663,139.04935086127435,127.80159240924094,120.97927464327671
2026-04-08 09:00:00,6,26.929166666666664,32.51083333333333,120.78626936854144,50.142873376623385,77.7260682254058
2026-04-08 10:00:00,6,30.8825,5.325,95.0807564099129,44.01930000000003,31.105483969107773
2026-04-08 11:00:00,6,21.975,4.8741666666666665,73.66399272570598,10.03658759124088,25.43084005374358
2026-04-08 12:00:00,6,20.3325,2.5775,61.08837976514826,11.019604051565382,25.9558655463006
2026-04-08 13:00:00,6,8.430833333333334,26.971666666666664,32.52504468671116,5.8528834808259615,10.718765885911267
2026-04-08 14:00:00,6,11.915,64.17,41.37453629363392,5.8528834808259615,13.569769219573168
2026-04-08 15:00:00,6,23.9725,94.16416666666667,61.10860720570316,11.019604051565382,29.34169099029303
2026-04-08 16:00:00,6,59.00416666666666,101.3525,95.96046515433478,29.485416666666673,49.78619189572904
2026-04-08 17:00:00,6,105.21916666666668,122.10166666666667,143.51017295154475,84.53854856512146,91.84937810550099
2026-04-08 18:00:00,6,131.3325,123.89583333333331,160.78998498898386,115.52972500000001,135.11690014427484
2026-04-08 19:00:00,6,108.8725,126.37916666666666,145.26614655827484,137.3957885906041,122.35954153202492
2026-04-08 20:00:00,6,89.74416666666667,127.7375,98.93478951201314,71.81235465116278,79.2012091423297
2026-04-08 21:00:00,6,76.7,122.77,73.99687708477143,71.81235465116278,59.36600521226267
2026-04-08 22:00:00,6,32.73583333333334,107.5875,66.25273049112737,71.81235465116278,60.647800719512176
2026-04-08 23:00:00,6,4.382499999999999,109.74583333333334,57.20370527906264,64.78309440559443,57.7088079729342
2026-04-09 00:00:00,6,-0.1674999999999999,100.92,43.875238841534376,64.78309440559443,57.418086552794705
2026-04-09 01:00:00,6,-2.375833333333333,106.36333333333334,41.62846940468525,43.241292134831426,30.202075818206957
2026-04-09 02:00:00,6,-4.695833333333334,99.60916666666668,10.241172247984665,24.764183168316826,12.348105489201217
2026-04-09 03:00:00,6,-9.2375,97.80583333333334,-21.8898899875893,-5.785984848484851,0.3633280890068704
2026-04-09 04:00:00,6,-11.490833333333336,102.81083333333332,-36.23049801952952,-5.785984848484851,-2.221308656758012
2026-04-09 05:00:00,6,-12.08,118.3475,-56.56502205473846,-5.785984848484851,-3.049901159419008
2026-04-09 06:00:00,6,-6.078333333333333,137.16916666666663,-47.0725855744511,-5.785984848484851,3.1909137919473807
2026-04-09 07:00:00,6,-2.7583333333333333,170.9416666666667,-32.40907079000982,24.764183168316826,15.281418441917985
2026-04-09 08:00:00,6,-5.098333333333334,134.27833333333334,-33.14504441092343,0.7030108877721948,8.711862445895235
2026-04-09 09:00:00,6,-9.061666666666666,50.18,-41.243845823350554,0.7030108877721948,-7.635604411822371
2026-04-09 10:00:00,6,-12.629166666666668,22.484166666666667,-83.46220299467586,-14.029897959183675,-12.396254518434375
2026-04-09 11:00:00,6,-8.583333333333334,4.031666666666667,-103.8513173483818,-26.894278273809523,-18.75752528441552
2026-04-09 12:00:00,6,-4.4725,0.9241666666666668,-105.60045240283645,-14.029897959183675,-19.504078284545088
2026-04-09 13:00:00,6,-4.980833333333334,0.2308333333333333,-91.15035562698282,-14.029897959183675,-29.275829508026703
2026-04-09 14:00:00,6,-5.210833333333333,-3.6766666666666654,-56.5843661065817,-14.029897959183675,-22.153204100038963
2026-04-09 15:00:00,6,-0.0208333333333333,-6.861666666666667,-15.04601831222476,36.02060064935065,5.098238182718362
2026-04-09 16:00:00,6,0.1066666666666665,-5.091666666666667,-7.213555806356126,36.02060064935065,9.577694852249621
2026-04-09 17:00:00,6,-2.8608333333333333,17.0275,-3.9378024434294474,36.02060064935065,26.70701926146446
2026-04-09 18:00:00,6,2.335,78.64166666666667,16.61732988321269,36.02060064935065,43.03039655726512
2026-04-09 19:00:00,6,-0.3441666666666667,79.51,13.675183998414617,36.02060064935065,50.29572507352424
2026-04-09 20:00:00,6,-1.6516666666666666,67.26083333333334,29.02204409015497,36.02060064935065,55.37852021280887
2026-04-09 21:00:00,6,-1.7699999999999998,59.02666666666667,8.39523578470105,36.02060064935065,47.22832426721513
2026-04-09 22:00:00,6,-0.0916666666666666,40.90916666666666,1.7442457995290965,41.59732142857141,48.381300396320874
2026-04-09 23:00:00,6,-0.1,17.508333333333333,-15.25672036336745,41.59732142857141,44.90428604702254
2026-04-10 00:00:00,6,-0.0666666666666666,22.115,-24.220831410411577,24.764183168316826,46.23787086236908
2026-04-10 01:00:00,6,0.7083333333333334,14.031666666666666,-18.212800934155183,24.764183168316826,26.452046559722334
2026-04-10 02:00:00,6,-3.165833333333333,10.8,-39.96475205667414,-5.785984848484851,16.29382428863267
2026-04-10 03:00:00,6,-3.333333333333333,11.3925,-48.43448324351594,-5.785984848484851,15.100991668046511
2026-04-10 04:00:00,6,-4.700833333333333,6.715833333333333,-41.54320631829228,-5.785984848484851,21.02221388821362
2026-04-10 05:00:00,6,-3.065,7.596666666666667,-37.67366158674716,12.625392156862752,23.36938649116285
2026-04-10 06:00:00,6,-3.3841666666666668,7.990833333333334,-19.856534464088142,43.241292134831426,31.523132729887415
2026-04-10 07:00:00,6,-1.94,9.051666666666666,10.305736268006193,43.241292134831426,46.23655704644878
2026-04-10 08:00:00,6,-2.905,-1.9458333333333333,11.591012150362914,23.85238013698629,30.26664573160619
2026-04-10 09:00:00,6,-4.415,-17.401666666666667,-17.031196022374587,4.279210239651417,0.6348139196430793
2026-04-10 10:00:00,6,-7.915833333333333,-34.13916666666667,-28.745893013528303,-14.029897959183675,-5.237543021670561
2026-04-10 11:00:00,6,-12.5375,-12.804166666666667,-59.475732752104136,-14.029897959183675,-21.19462042106521
2026-04-10 12:00:00,6,-9.216666666666669,-13.150833333333331,-40.20840337143723,-14.029897959183675,-17.203240321889623
2026-04-10 13:00:00,6,-13.910833333333334,-18.6975,-47.277171196029855,-14.029897959183675,-18.19874366757368
2026-04-10 14:00:00,6,-13.920833333333333,-23.89583333333333,-61.85249476947982,-14.029897959183675,-26.66932694228595
2026-04-10 15:00:00,6,-22.16416666666667,-12.618333333333334,-59.59579675602362,-14.029897959183675,-27.871593791945216
2026-04-10 16:00:00,6,-13.168333333333331,-16.550833333333333,-29.05030917661587,-14.029897959183675,-18.657671440476776
2026-04-10 17:00:00,6,-3.4333333333333336,-9.4,18.173309769045723,24.95496246246245,10.159498694801094
2026-04-10 18:00:00,6,-3.1833333333333336,10.831666666666669,42.54581876166181,24.95496246246245,31.048253017049987
2026-04-10 19:00:00,6,-3.080833333333333,9.025,57.94887949906247,24.95496246246245,46.475513870848424
2026-04-10 20:00:00,6,-1.8625,2.865833333333333,44.157233204131806,24.95496246246245,34.62514660466459
2026-04-10 21:00:00,6,-0.2716666666666666,2.6741666666666664,21.990603366117604,10.703991666666663,21.954408810306205
2026-04-10 22:00:00,6,-0.8433333333333333,8.533333333333333,14.68339772295974,10.703991666666663,15.98247651000797
2026-04-10 23:00:00,6,-0.1875,8.034166666666666,3.006240488597072,0.7030108877721948,12.836256251139424
2026-04-11 00:00:00,6,-0.05,10.2675,16.2399745001091,21.368824786324794,21.434144693653778
2026-04-11 01:00:00,6,-0.7133333333333334,6.984166666666667,43.61063679730282,43.241292134831426,33.389230133254
2026-04-11 02:00:00,6,-2.8725,3.628333333333333,31.074753784794694,43.241292134831426,31.235173532242904
2026-04-11 03:00:00,6,-3.4758333333333336,-0.0691666666666666,21.037388422199008,43.241292134831426,32.99961792616953
2026-04-11 04:00:00,6,-6.498333333333334,-2.0791666666666666,11.587486013868869,51.113697632058255,33.63761266623459
2026-04-11 05:00:00,6,-4.5875,-2.7358333333333333,10.52520222410336,51.113697632058255,34.23068570453267
2026-04-11 06:00:00,6,-4.028333333333333,-0.7008333333333333,17.337253129883045,51.113697632058255,38.29982488183415
2026-04-11 07:00:00,6,0.92,-0.0491666666666666,26.995168863336353,43.241292134831426,42.92540794856028
2026-04-11 08:00:00,6,-3.71,-1.1541666666666666,6.6672852904127495,4.279210239651417,21.176250113903023
2026-04-11 09:00:00,6,-9.320833333333333,-19.1275,-11.59060007863593,4.279210239651417,-2.265101318319438
2026-04-11 10:00:00,6,-15.4925,-50.90416666666667,-63.90127764633573,-26.894278273809523,-18.65954983966003
2026-04-11 11:00:00,6,-7.776666666666666,-60.35833333333333,-67.79903745985138,-26.894278273809523,-19.426398824291297
2026-04-11 12:00:00,6,-7.609166666666667,-65.34083333333334,-52.03754853143025,-14.029897959183675,-9.995201526866708
2026-04-11 13:00:00,6,-8.606666666666667,-79.81333333333333,-53.03710316075126,-14.029897959183675,-10.909663733183223
2026-04-11 14:00:00,6,-15.675,-72.12833333333333,-63.110403755189765,-14.029897959183675,-20.861794528456457
2026-04-11 15:00:00,6,-18.471666666666668,-58.85083333333333,-44.97558969086893,-14.029897959183675,-21.943991597293802
2026-04-11 16:00:00,6,-14.851666666666668,-56.56166666666667,-16.738509410482962,-14.029897959183675,-6.3343182558065365
2026-04-11 17:00:00,6,-5.314166666666667,-19.076666666666664,25.0902694520353,23.85238013698629,31.3314994388573
2026-04-11 18:00:00,6,-0.5691666666666667,26.8425,80.77119116064941,94.2183215130024,73.5702414533433
2026-04-11 19:00:00,6,4.1691666666666665,19.426666666666662,90.27740745934591,94.2183215130024,74.52496244995798
2026-04-11 20:00:00,6,3.895,18.37,85.96039009919133,94.2183215130024,68.51587780863629
2026-04-11 21:00:00,6,-0.05,14.608333333333333,79.43992496124858,94.2183215130024,64.42800317891687
2026-04-11 22:00:00,6,-0.0875,19.45,61.17403385960293,41.59732142857141,51.43236440383667
2026-04-11 23:00:00,6,-0.1825,17.410833333333333,38.91553054175259,41.59732142857141,41.2692279108001
2026-04-12 00:00:00,6,-0.9991666666666666,30.351666666666663,30.405332528980175,21.368824786324794,39.682856834508144
2026-04-12 01:00:00,6,-2.9966666666666666,29.15333333333333,45.892395223160264,1.9688809523809525,34.622203376068576
2026-04-12 02:00:00,6,-4.0375,37.035833333333336,26.32523130911671,1.9688809523809525,27.265346237669007
2026-04-12 03:00:00,6,-11.441666666666668,44.16,3.9176156087999345,-5.785984848484851,17.142148358449937
2026-04-12 04:00:00,6,-12.593333333333334,49.60666666666666,-8.922843323805267,-5.785984848484851,13.248058625435654
2026-04-12 05:00:00,6,-11.07,52.373333333333335,-16.732082711811273,-5.785984848484851,11.458424351825172
2026-04-12 06:00:00,6,-9.223333333333334,56.505,-18.26349079301201,-5.785984848484851,13.496200012595963
2026-04-12 07:00:00,6,-4.908333333333333,63.95333333333334,-5.270697203269265,1.9688809523809525,21.506189266579014
2026-04-12 08:00:00,6,-2.9450000000000003,15.566666666666668,-0.8086596053614841,43.241292134831426,24.851869428384802
2026-04-12 09:00:00,6,-3.454166666666667,-9.4375,-5.932419386122277,4.279210239651417,5.9647582040278095
2026-04-12 10:00:00,6,-4.616666666666666,-31.016666666666666,-30.781121691961047,-14.029897959183675,-8.56800034131129
2026-04-12 11:00:00,6,-6.136666666666667,-37.431666666666665,-52.28275337268711,-14.029897959183675,-14.623909500924455
2026-04-12 12:00:00,6,-6.848333333333334,-37.77,-45.190160964806424,-14.029897959183675,-14.293055171262807
2026-04-12 13:00:00,6,-6.97,-43.08416666666667,-56.89600095334821,-14.029897959183675,-16.908387333072525
2026-04-12 14:00:00,6,-7.574166666666667,-36.8375,-51.30289327699181,-14.029897959183675,-19.50445169476373
2026-04-12 15:00:00,6,-6.715833333333333,-21.92083333333333,-48.744121018605284,-14.029897959183675,-19.705999221193593
2026-04-12 16:00:00,6,-3.5375,1.2608333333333333,-22.463299078376522,-14.029897959183675,-11.43589511108884
2026-04-12 17:00:00,6,-1.455833333333333,54.39333333333334,23.23171456929002,0.7030108877721948,17.432454418596606
2026-04-12 18:00:00,6,4.233333333333333,73.34333333333333,90.82712157030025,94.2183215130024,66.57880675712615
2026-04-12 19:00:00,6,19.136666666666667,71.87916666666666,110.72683468015848,127.08927272727271,81.06373953419737
2026-04-12 20:00:00,6,26.8825,69.0525,111.99630227616615,127.08927272727271,85.89622648219779
2026-04-12 21:00:00,6,31.8375,71.76333333333334,100.43944819613354,71.81235465116278,79.33534599901898
2026-04-12 22:00:00,6,32.1325,72.35000000000001,82.38282595353971,71.81235465116278,65.07801496684398
2026-04-12 23:00:00,6,35.35333333333333,71.06083333333333,58.925358963214165,64.78309440559443,52.64154325020665
2026-04-13 00:00:00,6,44.33416666666667,71.52166666666666,58.14274758049441,64.78309440559443,58.852661346070505
2026-04-13 01:00:00,6,63.935833333333335,74.41250000000001,66.95985874206728,64.78309440559443,53.01236151315567
2026-04-13 02:00:00,6,30.314166666666665,82.03750000000001,45.12617935986161,43.241292134831426,41.4256597342648
2026-04-13 03:00:00,6,12.965833333333334,80.2825,25.8027083880664,43.241292134831426,33.16616599147486
2026-04-13 04:00:00,6,24.059166666666663,71.97,16.23635777058523,43.241292134831426,31.008217467066693
2026-04-13 05:00:00,6,31.41333333333333,57.01833333333334,16.85636942821121,43.241292134831426,34.95306418358858
2026-04-13 06:00:00,6,49.39333333333334,60.150000000000006,34.877190150652545,43.241292134831426,48.27176033267768
2026-04-13 07:00:00,6,56.17583333333334,43.18416666666667,78.29918086661358,64.78309440559443,72.12755630632013
2026-04-13 08:00:00,6,43.84,17.865833333333335,63.49441338604797,71.81235465116278,81.22697713370873
2026-04-13 09:00:00,6,35.83583333333333,16.14916666666667,30.237116816340915,24.95496246246245,33.500518144488794
2026-04-13 10:00:00,6,18.97583333333333,13.985,19.730889975562462,24.95496246246245,22.29746395290612
2026-04-13 11:00:00,6,14.763333333333334,8.834999999999999,-3.157926601265956,21.368824786324794,11.1344829437244
2026-04-13 12:00:00,6,16.720000000000002,0.7633333333333333,-1.5938696219564576,21.368824786324794,12.76293697811699
2026-04-13 13:00:00,6,10.715833333333334,-1.2333333333333334,-7.258292734218955,21.368824786324794,6.411032851972436
2026-04-13 14:00:00,6,2.4833333333333334,-9.2775,-11.767923041525776,4.279210239651417,7.4920486724580115
2026-04-13 15:00:00,6,3.9466666666666654,-11.849166666666669,-14.313157528662444,4.279210239651417,3.4390001108534562
2026-04-13 16:00:00,6,15.483333333333334,-11.364166666666668,18.99848417565012,23.85238013698629,18.957024296266496
2026-04-13 17:00:00,6,62.961666666666666,1.5424999999999998,88.26491933376107,71.81235465116278,63.725003305967974
2026-04-13 18:00:00,6,98.15333333333332,46.25333333333333,144.07378338256314,153.22589041095898,116.06632636710623
2026-04-13 19:00:00,6,110.2625,50.85916666666666,165.91083022007953,153.22589041095898,137.1408137701013
2026-04-13 20:00:00,6,104.00166666666668,43.2275,142.9832391942835,137.3957885906041,117.05918637293397
2026-04-13 21:00:00,6,106.0475,68.49583333333334,128.94930825165824,137.3957885906041,103.72826486259373
2026-04-13 22:00:00,6,112.3425,57.72416666666667,107.57320246908893,108.97338257575755,93.93464771721762
2026-04-13 23:00:00,6,105.22333333333334,17.205,88.65998312862015,108.97338257575755,88.5904582724558
2026-04-14 00:00:00,6,101.21666666666664,9.1575,78.49681767321283,70.50335000000001,92.82464915912568
2026-04-14 01:00:00,6,98.5,8.95,93.7043366574795,101.25909557661927,88.38610675988791
2026-04-14 02:00:00,6,89.37583333333333,7.514166666666667,69.85837492438326,79.31351851851849,82.18506018580393
2026-04-14 03:00:00,6,91.86416666666666,6.956666666666666,52.139593574476145,79.31351851851849,75.36452591694149
2026-04-14 04:00:00,6,83.27499999999999,9.195,41.28585599372725,97.38223557692314,73.29041248690193
2026-04-14 05:00:00,6,85.52916666666665,7.648333333333333,43.53912127219154,97.38223557692314,80.62487614225013
2026-04-14 06:00:00,6,95.88333333333333,9.161666666666669,55.61270805001329,97.38223557692314,92.07340695168884
2026-04-14 07:00:00,6,120.60166666666667,20.271666666666665,77.92525361360296,127.80159240924094,114.33340479720721
2026-04-14 08:00:00,6,160.98749999999998,20.2775,89.1157557060169,127.80159240924094,114.86337659611915
2026-04-14 09:00:00,6,124.545,2.045833333333333,75.87668009647749,84.53854856512146,82.03283147060695
2026-04-14 10:00:00,6,72.41583333333334,0.0683333333333333,58.74307105928578,71.81235465116278,46.55714363772802
2026-04-14 11:00:00,6,37.62916666666666,-0.89,45.02576967116501,23.85238013698629,40.56846651374724
2026-04-14 12:00:00,6,48.32083333333333,-0.7091666666666666,57.46066665509848,50.142873376623385,45.93189469019624
2026-04-14 13:00:00,6,69.52166666666666,-4.225833333333333,68.26666531652724,50.142873376623385,55.73946624480081
2026-04-14 14:00:00,6,74.22250000000001,-3.536666666666666,72.61358095375982,50.142873376623385,57.92425894384838
2026-04-14 15:00:00,6,61.7175,-4.089166666666666,72.95008413043037,50.142873376623385,61.33209896960635
2026-04-14 16:00:00,6,62.49916666666667,-3.758333333333333,83.11241822632743,50.142873376623385,77.05146874711369
2026-04-14 17:00:00,6,88.945,24.9075,107.03082389088588,127.80159240924094,102.95708470276801
2026-04-14 18:00:00,6,118.3125,117.69083333333332,142.7809240685251,137.3957885906041,137.2531782115322
2026-04-14 19:00:00,6,151.3375,123.245,161.74028666004892,137.3957885906041,148.55956346907567
2026-04-14 20:00:00,6,173.5925,120.86333333333332,151.19003638700934,137.3957885906041,139.819040914563
2026-04-14 21:00:00,6,192.1341666666667,128.16416666666666,124.5020461144622,137.3957885906041,126.27260164956947
2026-04-14 22:00:00,6,149.97,132.47583333333333,101.70070278982264,108.97338257575755,109.1942838589078
2026-04-14 23:00:00,6,98.72833333333334,133.30666666666667,76.3059747847694,101.25909557661927,95.24082566289928
2026-04-15 00:00:00,7,79.2975,138.54999999999998,65.80930369632283,100.5590196078431,94.62819861400601
2026-04-15 01:00:00,7,74.68583333333333,122.48583333333332,78.86566328720492,100.5590196078431,80.75024652802273
2026-04-15 02:00:00,7,72.56333333333333,111.4125,59.593973545848584,69.00146686159844,72.66415304585443
2026-04-15 03:00:00,7,71.9225,106.78333333333336,44.16227055689493,69.00146686159844,66.63367609789135
2026-04-15 04:00:00,7,73.41416666666667,117.61583333333334,37.36822662909199,69.00146686159844,65.36925222797623
2026-04-15 05:00:00,7,72.3675,124.2375,36.079143381886524,83.26653609831037,67.92353828963627
2026-04-15 06:00:00,7,77.16166666666668,138.1975,49.20272344988331,83.26653609831037,78.4448596848462
2026-04-15 07:00:00,7,80.16333333333334,153.07500000000002,72.09785362490949,100.5590196078431,99.82242367332836
2026-04-15 08:00:00,7,73.16583333333334,67.16416666666667,89.19340404343546,130.4178208812261,92.58055217357114
2026-04-15 09:00:00,7,67.88666666666667,26.929166666666664,103.39327853266879,85.12558434959348,77.76486065477057
2026-04-15 10:00:00,7,19.774166666666662,30.8825,80.56566627200759,85.12558434959348,59.37692626596344
2026-04-15 11:00:00,7,10.636666666666668,21.975,71.166481478105,50.26759773662548,49.12554895176561
2026-04-15 12:00:00,7,8.6025,20.3325,65.58172912816337,50.26759773662548,51.82886140194465
2026-04-15 13:00:00,7,7.774999999999999,8.430833333333334,72.91808776686794,50.26759773662548,59.85791234068855
2026-04-15 14:00:00,7,7.931666666666666,11.915,95.0577252066773,50.26759773662548,67.60023673412883
2026-04-15 15:00:00,7,13.2425,23.9725,126.19866740233056,50.26759773662548,82.03919214510859
2026-04-15 16:00:00,7,21.8725,59.00416666666666,148.66761001082497,50.26759773662548,97.75105467293905
2026-04-15 17:00:00,7,100.085,105.21916666666668,175.40780582878728,130.4178208812261,126.26757886099874
2026-04-15 18:00:00,7,160.12916666666666,131.3325,206.01009014289696,149.8676886792453,164.0483435948928
2026-04-15 19:00:00,7,158.52833333333334,108.8725,213.4364307927509,149.8676886792453,169.84059687756917
2026-04-15 20:00:00,7,166.09333333333333,89.74416666666667,219.96582330487985,149.8676886792453,164.83891324435837
2026-04-15 21:00:00,7,154.735,76.7,195.37202932820895,149.8676886792453,154.03425226915567
2026-04-15 22:00:00,7,151.29083333333332,32.73583333333334,158.93023757075915,123.18329531051971,130.82826758697632
2026-04-15 23:00:00,7,124.04583333333332,4.382499999999999,124.27771548298404,123.18329531051971,104.15486976675456
2026-04-16 00:00:00,7,117.9525,-0.1674999999999999,97.28327254032159,70.52434472934473,90.04805874928412
2026-04-16 01:00:00,7,101.215,-2.375833333333333,98.50506023010041,70.52434472934473,61.025524071592194
2026-04-16 02:00:00,7,79.37,-4.695833333333334,65.7074113282075,42.3301099830795,38.8196770596179
2026-04-16 03:00:00,7,56.31166666666667,-9.2375,39.7745373385154,42.3301099830795,21.349909173141548
2026-04-16 04:00:00,7,27.57333333333333,-11.490833333333336,21.58363460604101,42.3301099830795,8.94471911722026
2026-04-16 05:00:00,7,7.0825,-12.08,17.59622552871074,2.370128205128207,4.471362943394006
2026-04-16 06:00:00,7,4.8225,-6.078333333333333,27.429231562744945,21.391430678466076,8.128403086914211
2026-04-16 07:00:00,7,12.365833333333333,-2.7583333333333333,61.30329633225354,44.81618295019158,24.425204530752893
2026-04-16 08:00:00,7,3.985,-5.098333333333334,53.05871803538184,19.371277056277055,16.957357846559262
2026-04-16 09:00:00,7,-3.703333333333333,-9.061666666666666,12.028700387708525,19.371277056277055,-0.18246383558999923
2026-04-16 10:00:00,7,-8.3725,-12.629166666666668,-22.59636860918897,-10.778391089108913,-11.883527762142052
2026-04-16 11:00:00,7,-10.27,-8.583333333333334,-57.31199262722035,-26.732234513274346,-22.885126410178827
2026-04-16 12:00:00,7,-16.099166666666665,-4.4725,-77.58968665814592,-36.41253012048194,-26.11886071111897
2026-04-16 13:00:00,7,-20.079166666666666,-4.980833333333334,-74.94360687412055,-26.732234513274346,-26.21082823596022
2026-04-16 14:00:00,7,-14.465833333333334,-5.210833333333333,-59.05771085910412,-26.732234513274346,-24.041717199819246
2026-04-16 15:00:00,7,-7.358333333333333,-0.0208333333333333,-36.01811599955069,-16.29271739130434,-13.658627776830826
2026-04-16 16:00:00,7,-0.8041666666666667,0.1066666666666665,16.798926693817407,21.729968553459113,17.06396353129567
2026-04-16 17:00:00,7,5.369166666666666,-2.8608333333333333,58.29877023484471,85.12558434959348,48.08348592611488
2026-04-16 18:00:00,7,13.456666666666663,2.335,106.84799493119465,130.4178208812261,80.6773189747631
2026-04-16 19:00:00,7,31.800833333333333,-0.3441666666666667,112.53764949361198,85.95322271386426,82.71602022072766
2026-04-16 20:00:00,7,30.727500000000003,-1.6516666666666666,109.89393386836238,123.18329531051971,87.79840041385584
2026-04-16 21:00:00,7,20.8525,-1.7699999999999998,106.40464614851426,123.18329531051971,91.09212285421614
2026-04-16 22:00:00,7,15.5075,-0.0916666666666666,82.1226049494475,70.52434472934473,79.67130184073812
2026-04-16 23:00:00,7,7.227499999999999,-0.1,66.2862728503955,100.5590196078431,79.99228169040231
2026-04-17 00:00:00,7,26.951666666666664,-0.0666666666666666,61.931638362023726,100.5590196078431,83.97409268667222
2026-04-17 01:00:00,7,31.986666666666665,0.7083333333333334,68.55602506284211,69.00146686159844,71.43540169630232
2026-04-17 02:00:00,7,27.981666666666666,-3.165833333333333,49.24276451309579,69.00146686159844,59.49510289550054
2026-04-17 03:00:00,7,33.6375,-3.333333333333333,27.88703133026514,69.00146686159844,44.46142751665905
2026-04-17 04:00:00,7,32.4025,-4.700833333333333,12.451075352944066,42.74944999999998,36.62960411051428
2026-04-17 05:00:00,7,17.55333333333333,-3.065,10.482937191541296,42.74944999999998,38.38554666240964
2026-04-17 06:00:00,7,27.579166666666666,-3.3841666666666668,23.436633010145222,42.74944999999998,51.23681464442862
2026-04-17 07:00:00,7,40.36333333333334,-1.94,48.44194076672348,70.52434472934473,71.8730125911631
2026-04-17 08:00:00,7,30.355833333333333,-2.905,66.04373451038569,130.4178208812261,72.37809071206215
2026-04-17 09:00:00,7,13.825833333333334,-4.415,40.8081072144568,72.24676155115515,31.311829754444453
2026-04-17 10:00:00,7,5.283333333333333,-7.915833333333333,3.0420825998310477,19.371277056277055,7.111211782241007
2026-04-17 11:00:00,7,2.5483333333333333,-12.5375,-2.4553542855370267,-4.980223765432096,3.00885308215436
2026-04-17 12:00:00,7,-0.7741666666666666,-9.216666666666669,-26.91630610761908,-16.29271739130434,-5.3509461202355055
2026-04-17 13:00:00,7,-4.055,-13.910833333333334,-33.36005499874716,-16.29271739130434,-12.881751028715058
2026-04-17 14:00:00,7,-8.115,-13.920833333333333,-49.32789993610173,-14.077345309381242,-21.81416155866407
2026-04-17 15:00:00,7,-13.3825,-22.16416666666667,-38.844857504499615,-14.077345309381242,-20.794320562377322
2026-04-17 16:00:00,7,-27.07166666666667,-13.168333333333331,-22.736613325462358,-16.29271739130434,-18.914648162628794
2026-04-17 17:00:00,7,8.043333333333335,-3.4333333333333336,24.33168290431685,19.371277056277055,9.360926400095174
2026-04-17 18:00:00,7,74.575,-3.1833333333333336,80.43306542997618,127.08927272727267,57.820088506075855
2026-04-17 19:00:00,7,78.14,-3.080833333333333,103.37002394110718,127.08927272727267,77.72312987782063
2026-04-17 20:00:00,7,74.18083333333333,-1.8625,90.67226827092142,127.08927272727267,64.6503186071398
2026-04-17 21:00:00,7,77.71083333333333,-0.2716666666666666,88.82959816889563,127.08927272727267,67.42216101374318
2026-04-17 22:00:00,7,75.95166666666667,-0.8433333333333333,84.46900538887101,93.84300228310505,71.53300177652393
2026-04-17 23:00:00,7,78.3025,-0.1875,71.33366445828875,93.84300228310505,71.18681832019203
2026-04-18 00:00:00,7,84.20583333333333,-0.05,70.83199268142891,93.84300228310505,80.06109909744336
2026-04-18 01:00:00,7,82.61333333333333,-0.7133333333333334,81.46588122773255,66.10895569620257,80.14903531832287
2026-04-18 02:00:00,7,77.7225,-2.8725,57.904039151134995,66.10895569620257,68.15742828467761
2026-04-18 03:00:00,7,69.66083333333334,-3.4758333333333336,37.46639157761379,69.00146686159844,59.25200269001917
2026-04-18 04:00:00,7,62.98166666666666,-6.498333333333334,26.411615384733622,69.00146686159844,55.99375774645169
2026-04-18 05:00:00,7,67.77333333333333,-4.5875,15.309246189144396,42.74944999999998,51.44849789012265
2026-04-18 06:00:00,7,69.21083333333333,-4.028333333333333,17.624907796014988,69.00146686159844,56.01826504008469
2026-04-18 07:00:00,7,78.85583333333334,0.92,27.9226785701049,66.10895569620257,66.9977353309873
2026-04-18 08:00:00,7,46.20416666666667,-3.71,47.25840552944375,70.52434472934473,74.34598882719278
2026-04-18 09:00:00,7,5.610833333333333,-9.320833333333333,31.21698665397225,41.71971943048574,41.78844320117504
2026-04-18 10:00:00,7,13.079999999999998,-15.4925,7.833114317120042,23.846031746031734,18.47638196910063
2026-04-18 11:00:00,7,9.25,-7.776666666666666,-6.1119942132928315,23.846031746031734,4.819055109583907
2026-04-18 12:00:00,7,3.8866666666666654,-7.609166666666667,-15.702057692116881,9.97720967741935,0.18646124950106469
2026-04-18 13:00:00,7,1.4233333333333331,-8.606666666666667,-35.08467543439859,9.97720967741935,-6.37270009926938
2026-04-18 14:00:00,7,-0.3341666666666666,-15.675,-42.067284349163714,4.481107660455488,-14.250449450252702
2026-04-18 15:00:00,7,-2.1166666666666667,-18.471666666666668,-39.195110126477374,4.481107660455488,-10.892462518792698
2026-04-18 16:00:00,7,6.209166666666667,-14.851666666666668,-16.820707378789464,9.97720967741935,9.436100564125404
2026-04-18 17:00:00,7,66.115,-5.314166666666667,40.3736337178907,23.846031746031734,53.68520615384854
2026-04-18 18:00:00,7,119.35,-0.5691666666666667,107.48009907351428,130.4178208812261,114.31056372070387
2026-04-18 19:00:00,7,105.23666666666666,4.1691666666666665,132.26700948180064,142.25006289308172,137.63834724060575
2026-04-18 20:00:00,7,88.15166666666666,3.895,136.15834751288887,142.25006289308172,137.1764386682156
2026-04-18 21:00:00,7,86.22333333333334,-0.05,132.03902322107754,123.18329531051971,130.3971059387088
2026-04-18 22:00:00,7,88.96249999999999,-0.0875,127.42285470317037,123.18329531051971,121.40511786179148
2026-04-18 23:00:00,7,84.55666666666667,-0.1825,121.12351326754178,123.18329531051971,113.9719580055716
2026-04-19 00:00:00,7,84.645,-0.9991666666666666,132.631800755741,123.18329531051971,110.2910937024998
2026-04-19 01:00:00,7,79.82416666666667,-2.9966666666666666,153.6589984268274,128.924030683403,90.62095399137164
2026-04-19 02:00:00,7,77.065,-4.0375,139.8999589718219,128.924030683403,82.30201215841159
2026-04-19 03:00:00,7,82.27833333333334,-11.441666666666668,124.9308673853202,83.41811881188119,80.02699608848452
2026-04-19 04:00:00,7,83.61749999999999,-12.593333333333334,119.00558384308346,83.41811881188119,77.81641111758255
2026-04-19 05:00:00,7,83.18333333333332,-11.07,116.44511645632883,83.41811881188119,75.84162659032451
2026-04-19 06:00:00,7,87.60333333333334,-9.223333333333334,117.14901115246445,83.41811881188119,79.50346917659473
2026-04-19 07:00:00,7,106.34416666666668,-4.908333333333333,131.55470751359792,128.924030683403,90.92143269006009
2026-04-19 08:00:00,7,32.905,-2.9450000000000003,107.93007711797136,128.924030683403,73.88344995394574
2026-04-19 09:00:00,7,2.214166666666667,-3.454166666666667,85.42819165082486,70.81863580246912,30.680388242668997
2026-04-19 10:00:00,7,0.2058333333333333,-4.616666666666666,66.70727474788906,43.42654761904764,9.042646783905653
2026-04-19 11:00:00,7,-2.1966666666666668,-6.136666666666667,35.26635604465467,-3.5635358255451717,0.24912653018597553
2026-04-19 12:00:00,7,-2.898333333333333,-6.848333333333334,20.158882321222762,4.481107660455488,-1.657484780883408
2026-04-19 13:00:00,7,-3.374166666666667,-6.97,4.349932841909563,-13.686034722222226,-1.4394267431904524
2026-04-19 14:00:00,7,-3.610833333333333,-7.574166666666667,-4.323939384570409,-13.686034722222226,-1.0582685090377453
2026-04-19 15:00:00,7,-2.813333333333333,-6.715833333333333,5.93475772489748,4.481107660455488,10.638372857055515
2026-04-19 16:00:00,7,3.8675,-3.5375,46.419752509503546,26.2133826754386,31.742486873915922
2026-04-19 17:00:00,7,70.39916666666666,-1.455833333333333,108.28385723139931,100.5590196078431,79.58628592786738
2026-04-19 18:00:00,7,161.9925,4.233333333333333,148.9960173740514,130.4178208812261,129.17470969986562
2026-04-19 19:00:00,7,152.8725,19.136666666666667,161.9022198004637,142.25006289308172,138.48164931361367
2026-04-19 20:00:00,7,128.2925,26.8825,169.9789900377802,142.25006289308172,140.29337715264825
2026-04-19 21:00:00,7,124.00333333333332,31.8375,167.9016253289048,123.18329531051971,129.8757135176944
2026-04-19 22:00:00,7,108.71166666666666,32.1325,149.25798989368985,123.18329531051971,116.72020206744293
2026-04-19 23:00:00,7,85.41000000000001,35.35333333333333,127.41135590982485,128.924030683403,101.87478062352635
2026-04-20 00:00:00,7,96.56,44.33416666666667,123.80855353744039,128.924030683403,100.56596786295285
2026-04-20 01:00:00,7,89.17666666666666,63.935833333333335,131.10515608845898,128.924030683403,111.29340441700973
2026-04-20 02:00:00,7,86.99916666666667,30.314166666666665,115.83944667569216,83.41811881188119,104.48508285089466
2026-04-20 03:00:00,7,80.25083333333333,12.965833333333334,106.50853328892106,83.41811881188119,101.46015561347346
2026-04-20 04:00:00,7,83.65166666666667,24.059166666666663,100.5714590746455,83.41811881188119,99.70535569952267
2026-04-20 05:00:00,7,109.41916666666668,31.41333333333333,98.1391226999064,83.41811881188119,103.23949953287763
2026-04-20 06:00:00,7,135.06666666666666,49.39333333333334,116.87345683950446,128.924030683403,119.96625537613359
2026-04-20 07:00:00,7,142.76083333333335,56.17583333333334,141.3344814683818,130.4178208812261,151.3106797023029
2026-04-20 08:00:00,7,186.41,43.84,145.57917145811945,142.25006289308172,142.81308422785645
2026-04-20 09:00:00,7,139.53416666666666,35.83583333333333,142.18480745295102,85.12558434959348,97.11734595458893
2026-04-20 10:00:00,7,34.29416666666666,18.97583333333333,104.99819782812615,50.26759773662548,45.157314272136226
2026-04-20 11:00:00,7,20.81583333333333,14.763333333333334,64.26983988028366,9.514003378378375,24.94485262957339
2026-04-20 12:00:00,7,23.175,16.720000000000002,40.32797551901555,26.2133826754386,21.361851644028135
2026-04-20 13:00:00,7,24.9525,10.715833333333334,23.28059368473707,26.2133826754386,19.032163807590997
2026-04-20 14:00:00,7,22.7775,2.4833333333333334,16.07038620265356,26.2133826754386,22.310722081145762
2026-04-20 15:00:00,7,20.354166666666668,3.9466666666666654,16.438914898615465,26.2133826754386,28.72240079789151
2026-04-20 16:00:00,7,32.3775,15.483333333333334,33.67903878451274,23.846031746031734,43.66176230432744
2026-04-20 17:00:00,7,87.36583333333333,62.961666666666666,73.61605161593818,85.12558434959348,78.02768164304882
2026-04-20 18:00:00,7,120.09499999999998,98.15333333333332,123.43196949934519,118.44861625514402,123.94171810324038
2026-04-20 19:00:00,7,113.97083333333336,110.2625,142.3531757420414,142.25006289308172,143.87055005293007
2026-04-20 20:00:00,7,97.5925,104.00166666666668,145.8144651879642,142.25006289308172,146.96343949240054
2026-04-20 21:00:00,7,86.52999999999999,106.0475,156.74339338005262,123.18329531051971,145.75217494957235
2026-04-20 22:00:00,7,80.10000000000001,112.3425,147.04308213236874,123.18329531051971,135.04039010087826
2026-04-20 23:00:00,7,73.3525,105.22333333333334,118.86063953562163,100.5590196078431,121.7938930465017
2026-04-21 00:00:00,7,67.71333333333334,101.21666666666664,112.85504214052139,100.5590196078431,122.54131400030138
2026-04-21 01:00:00,7,67.16000000000001,98.5,133.98332649575343,128.924030683403,115.64597032291107
2026-04-21 02:00:00,7,57.24166666666667,89.37583333333333,114.4422710914085,83.41811881188119,106.23586032792792
2026-04-21 03:00:00,7,57.42583333333334,91.86416666666666,98.06201498257775,83.41811881188119,99.3269377105128
2026-04-21 04:00:00,7,53.46416666666666,83.27499999999999,90.52426556420801,83.41811881188119,97.51916009984583
2026-04-21 05:00:00,7,50.6525,85.52916666666665,84.21248782909477,83.41811881188119,98.1361932973804
2026-04-21 06:00:00,7,51.42083333333333,95.88333333333333,86.18931476759096,83.41811881188119,109.21297659981138
2026-04-21 07:00:00,7,70.2975,120.60166666666667,111.68816691594557,130.4178208812261,137.1733787838321
2026-04-21 08:00:00,7,44.33583333333333,160.98749999999998,126.91676816559794,130.4178208812261,133.29902076337777
2026-04-21 09:00:00,7,-0.795,124.545,83.98177383595473,85.12558434959348,70.25537882898712
2026-04-21 10:00:00,7,-1.0875,72.41583333333334,50.282324243044485,43.42654761904764,26.487961731368408
2026-04-21 11:00:00,7,-2.935,37.62916666666666,26.029646965528876,9.514003378378375,13.126661425162624
2026-04-21 12:00:00,7,-5.670833333333333,48.32083333333333,4.078310876280767,26.2133826754386,4.256257254595582
2026-04-21 13:00:00,7,-9.483333333333333,69.52166666666666,-7.569323627245751,9.97720967741935,0.7170196940081013
2026-04-21 14:00:00,7,-6.343333333333334,74.22250000000001,-4.38144476641024,9.97720967741935,5.476584394493081
2026-04-21 15:00:00,7,-7.138333333333333,61.7175,9.28635938207131,9.97720967741935,17.33389016851678
2026-04-21 16:00:00,7,10.025833333333331,62.49916666666667,39.91059302935807,23.846031746031734,39.826946080496
2026-04-21 17:00:00,7,72.42666666666666,88.945,86.19742279583163,130.4178208812261,76.39944062765078
2026-04-21 18:00:00,7,100.83083333333332,118.3125,144.94212985447558,149.8676886792453,124.18557383884027
2026-04-21 19:00:00,7,86.67666666666666,151.3375,150.54065287243176,149.8676886792453,130.38647706624178
2026-04-21 20:00:00,7,69.57666666666667,173.5925,138.15328927183847,149.8676886792453,119.06816122251101
2026-04-21 21:00:00,7,26.52333333333333,192.1341666666667,120.60988272986127,123.18329531051971,101.57331945420376
2026-04-21 22:00:00,7,5.892499999999999,149.97,106.79846956580403,123.18329531051971,90.0231621082816
2026-04-21 23:00:00,7,0.1916666666666666,98.72833333333334,83.10223627277792,70.52434472934473,75.78240182829583
2026-04-22 00:00:00,7,-0.0625,79.2975,72.2323951725053,70.52434472934473,73.43120586702982
2026-04-22 01:00:00,7,-0.1,74.68583333333333,77.71093587052593,42.74944999999998,51.19329184190988
2026-04-22 02:00:00,7,-0.1,72.56333333333333,54.82575214107587,42.3301099830795,41.75111747092599
2026-04-22 03:00:00,7,-0.1,71.9225,40.17313797381763,42.3301099830795,36.8235974061346
2026-04-22 04:00:00,7,-0.0916666666666666,73.41416666666667,34.82645862041191,42.3301099830795,34.582294651882854
2026-04-22 05:00:00,7,-0.1,72.3675,32.97265394645585,42.3301099830795,35.55949518873406
2026-04-22 06:00:00,7,7.379166666666666,77.16166666666668,46.137322474336415,42.3301099830795,44.013193694440645
2026-04-22 07:00:00,7,15.471666666666666,80.16333333333334,73.7891805458162,66.10895569620257,63.410943250686564
2026-04-22 08:00:00,7,13.854166666666666,73.16583333333334,53.41164918341172,72.24676155115515,52.91571322838215
2026-04-22 09:00:00,7,-0.6041666666666666,67.88666666666667,20.832854782962315,41.71971943048574,15.979796030083577
2026-04-22 10:00:00,7,-1.8633333333333333,19.774166666666662,9.268455988175752,3.928960905349793,3.1777274980935886
2026-04-22 11:00:00,7,-2.3,10.636666666666668,-9.801971420313777,-5.987163742690061,-8.775384109467339
2026-04-22 12:00:00,7,-2.2625,8.6025,-9.806375645370878,-5.987163742690061,-9.734831861975664
2026-04-22 13:00:00,7,-1.6466666666666665,7.774999999999999,-2.7499858429255397,9.97720967741935,-3.3210189355527575
2026-04-22 14:00:00,7,-1.4400000000000002,7.931666666666666,13.858254492991108,9.97720967741935,10.635870858637631
2026-04-22 15:00:00,7,4.5825000000000005,13.2425,37.519904891768846,23.846031746031734,28.852569142187292
2026-04-22 16:00:00,7,33.12916666666667,21.8725,78.82386640657921,50.26759773662548,57.329593716817655
2026-04-22 17:00:00,7,78.16916666666667,100.085,109.95426236314213,85.12558434959348,83.52985216335397
2026-04-22 18:00:00,7,89.96,160.12916666666666,132.9938594035376,149.8676886792453,116.84443845492427
2026-04-22 19:00:00,7,77.17416666666666,158.52833333333334,129.6550471747164,149.8676886792453,116.81417687687293
2026-04-22 20:00:00,7,68.74416666666666,166.09333333333333,106.6460190195969,123.18329531051971,96.20837472590662
2026-04-22 21:00:00,7,69.24083333333333,154.735,91.72447152470272,123.18329531051971,87.17294539917198
2026-04-22 22:00:00,7,65.235,151.29083333333332,66.07035496358941,123.18329531051971,81.53251902803456
2026-04-22 23:00:00,7,67.99083333333333,124.04583333333332,44.71412004055751,93.08623333333334,76.91713073943606
2026-04-23 00:00:00,7,73.99416666666666,117.9525,43.54862328281801,93.08623333333334,84.22793779040023
2026-04-23 01:00:00,7,75.64,101.215,63.84015053639833,93.08623333333334,81.04177146690502
2026-04-23 02:00:00,7,75.3575,79.37,54.43227134806556,69.00146686159844,82.036166935181
2026-04-23 03:00:00,7,72.49249999999999,56.31166666666667,46.87928955654557,83.26653609831037,84.6552602670589
2026-04-23 04:00:00,7,60.485833333333325,27.57333333333333,44.44159556252875,83.26653609831037,88.52035985254845
2026-04-23 05:00:00,7,59.571666666666665,7.0825,47.73742071919885,83.26653609831037,94.39843973828744
2026-04-23 06:00:00,7,62.40833333333334,4.8225,56.54452402381334,116.55369535519124,102.8678980162611
2026-04-23 07:00:00,7,75.45666666666666,12.365833333333333,76.8996436443401,128.924030683403,123.55334240283184
2026-04-23 08:00:00,7,60.305,3.985,85.4204805628435,130.4178208812261,109.1399741026737
2026-04-23 09:00:00,7,2.2808333333333337,-3.703333333333333,62.23492172925046,100.5590196078431,57.51722527460376
2026-04-23 10:00:00,7,2.6575,-8.3725,43.74742559627266,43.42654761904764,29.246346566058477
2026-04-23 11:00:00,7,3.6566666666666654,-10.27,19.16324397830595,-3.5635358255451717,12.142496493704606
2026-04-23 12:00:00,7,1.9633333333333327,-16.099166666666665,9.74051626532765,4.481107660455488,7.677782518994164
2026-04-23 13:00:00,7,3.721666666666666,-20.079166666666666,10.698440652776078,4.481107660455488,9.433903888511097
2026-04-23 14:00:00,7,5.716666666666666,-14.465833333333334,25.537115368285185,26.2133826754386,22.496558345911183
2026-04-23 15:00:00,7,9.44,-7.358333333333333,45.97445673116083,26.2133826754386,40.795178267238384
2026-04-23 16:00:00,7,28.394166666666667,-0.8041666666666667,71.06932058060654,50.26759773662548,66.13882604119198
2026-04-23 17:00:00,7,71.43916666666667,5.369166666666666,105.09996861492723,130.4178208812261,109.24706512522887
2026-04-23 18:00:00,7,96.26833333333332,13.456666666666663,131.3652574680789,118.44861625514402,155.8264318642183
2026-04-23 19:00:00,7,84.39999999999999,31.800833333333333,134.47978099410884,118.44861625514402,159.5502052007896
2026-04-23 20:00:00,7,71.63083333333334,30.727500000000003,115.04316333045094,142.25006289308172,136.74639982598688
2026-04-23 21:00:00,7,65.10666666666667,20.8525,92.06668035834845,123.18329531051971,112.71095049167187
2026-04-23 22:00:00,7,55.065,15.5075,71.65858379533869,123.18329531051971,94.27929837789397
2026-04-23 23:00:00,7,39.5325,7.227499999999999,46.929275286075054,93.08623333333334,74.84323243000799
2026-04-24 00:00:00,7,26.37333333333333,26.951666666666664,33.277070486278944,93.08623333333334,71.10837427811896
2026-04-24 01:00:00,7,7.392499999999999,31.986666666666665,44.66871756654615,58.27517699115045,59.77016548352454
2026-04-24 02:00:00,7,2.714166666666667,27.981666666666666,25.400324878575518,42.3301099830795,50.59527507159572
2026-04-24 03:00:00,7,0.0041666666666666,33.6375,9.285434166833937,42.3301099830795,42.06445803034249
2026-04-24 04:00:00,7,-0.0791666666666666,32.4025,-3.371739000767789,42.3301099830795,35.78436359367868
2026-04-24 05:00:00,7,-0.1,17.55333333333333,-7.718231173727375,42.3301099830795,35.380997022141806
2026-04-24 06:00:00,7,-0.0208333333333333,27.579166666666666,1.6778782465068929,42.3301099830795,42.93284507643267
2026-04-24 07:00:00,7,8.319999999999999,40.36333333333334,26.698922920342426,66.10895569620257,61.799282937672395
2026-04-24 08:00:00,7,4.486666666666666,30.355833333333333,39.414624191585396,93.84300228310505,63.21937797769448
2026-04-24 09:00:00,7,-3.046666666666667,13.825833333333334,14.620358549887577,41.71971943048574,25.547422988554644
2026-04-24 10:00:00,7,-2.8716666666666666,5.283333333333333,-23.92096980932402,-14.077345309381242,-3.082097567286425
2026-04-24 11:00:00,7,-6.57,2.5483333333333333,-57.23022924104292,-26.732234513274346,-15.635768172927754
2026-04-24 12:00:00,7,-8.493333333333334,-0.7741666666666666,-65.65248632074275,-36.41253012048194,-20.06668391265808
2026-04-24 13:00:00,7,-4.7725,-4.055,-67.50864558365294,-36.41253012048194,-23.808368193406523
2026-04-24 14:00:00,7,-3.715833333333333,-8.115,-51.82293592645989,-22.71348534201954,-16.88993675380854
2026-04-24 15:00:00,7,-2.4933333333333336,-13.3825,-26.12087568385884,-5.987163742690061,1.210324922711422
2026-04-24 16:00:00,7,0.2924999999999999,-27.07166666666667,12.955360779569986,23.846031746031734,28.08461440960083
2026-04-24 17:00:00,7,47.67,8.043333333333335,53.29499277197927,85.12558434959348,66.00927992029023
2026-04-24 18:00:00,7,68.31666666666666,74.575,70.94987651969834,130.4178208812261,90.41605082240166
2026-04-24 19:00:00,7,68.25,78.14,77.01306298206009,118.44861625514402,88.44703103544762
2026-04-24 20:00:00,7,64.7025,74.18083333333333,65.20081338459882,123.18329531051971,75.05290920500548
2026-04-24 21:00:00,7,63.2175,77.71083333333333,46.29715417115463,72.24676155115515,54.498686688498026
2026-04-24 22:00:00,7,7.598333333333333,75.95166666666667,18.246945615434832,66.10895569620257,31.094105798698337
2026-04-24 23:00:00,7,0.7091666666666666,78.3025,1.3677177835071745,66.10895569620257,26.147175555454865
2026-04-25 00:00:00,7,-0.1833333333333333,84.20583333333333,0.11576753588884969,66.10895569620257,31.94661249359862
2026-04-25 01:00:00,7,-0.2749999999999999,82.61333333333333,7.927872390302333,21.391430678466076,22.18323774546542
2026-04-25 02:00:00,7,-1.2308333333333332,77.7225,-17.687023258608917,2.370128205128207,7.464514437723906
2026-04-25 03:00:00,7,-3.968333333333333,69.66083333333334,-41.90010358567248,2.370128205128207,-4.262094046486396
2026-04-25 04:00:00,7,-7.0425,62.98166666666666,-39.29996197024599,2.370128205128207,0.798326108294475
2026-04-25 05:00:00,7,-12.3975,67.77333333333333,-41.84488231153942,2.370128205128207,1.1533287692968344
2026-04-25 06:00:00,7,-11.661666666666669,69.21083333333333,-46.62577475715139,2.370128205128207,-1.1070068244074065
2026-04-25 07:00:00,7,-7.850833333333333,78.85583333333334,-43.70043201711046,2.370128205128207,1.5966558036492557
2026-04-25 08:00:00,7,-6.105833333333333,46.20416666666667,-33.25972939771424,21.391430678466076,0.4900515036023734
2026-04-25 09:00:00,7,-19.075,5.610833333333333,-54.460279176105345,-14.077345309381242,-23.932630682219738
2026-04-25 10:00:00,7,-34.178333333333335,13.079999999999998,-59.40672053602148,-22.71348534201954,-27.72035750154646
2026-04-25 11:00:00,7,-47.42166666666666,9.25,-78.29096309457316,-22.71348534201954,-35.47624205023736
2026-04-25 12:00:00,7,-44.53916666666667,3.8866666666666654,-93.82738648420468,-35.05954166666666,-40.89243612308201
2026-04-25 13:00:00,7,-49.88,1.4233333333333331,-100.99513389921742,-35.05954166666666,-43.55035391896128
2026-04-25 14:00:00,7,-51.59,-0.3341666666666666,-95.1527222521554,-35.05954166666666,-39.2162878259947
2026-04-25 15:00:00,7,-51.42416666666667,-2.1166666666666667,-73.55237935688672,-22.71348534201954,-26.916579713985442
2026-04-25 16:00:00,7,-15.394999999999998,6.209166666666667,-36.971277588964384,9.97720967741935,-3.636557446291448
2026-04-25 17:00:00,7,25.405,66.115,1.3618042407261868,23.846031746031734,26.98700355296028
2026-04-25 18:00:00,7,65.89416666666666,119.35,24.620394166273954,66.10895569620257,52.41547315534936
2026-04-25 19:00:00,7,40.88583333333333,105.23666666666666,29.261751075721513,72.24676155115515,50.99627811129977
2026-04-25 20:00:00,7,4.4775,88.15166666666666,13.100324227144426,66.10895569620257,33.325075671400924
2026-04-25 21:00:00,7,0.7050000000000001,86.22333333333334,-1.3965461978826568,44.81618295019158,20.54485418458858
2026-04-25 22:00:00,7,1.6099999999999997,88.96249999999999,-13.253901173200191,44.81618295019158,15.120083417544258
2026-04-25 23:00:00,7,0.6449999999999999,84.55666666666667,-20.77751528125664,21.391430678466076,16.979877022552543
2026-04-26 00:00:00,7,0.65,84.645,-19.65432131831848,44.81618295019158,26.1188362926691
2026-04-26 01:00:00,7,-0.0666666666666666,79.82416666666667,-3.884037318551563,21.391430678466076,25.503713851401436
2026-04-26 02:00:00,7,-0.0833333333333333,77.065,-24.56302979533791,2.370128205128207,16.533910182566906
2026-04-26 03:00:00,7,-0.3999999999999999,82.27833333333334,-43.6088774627667,2.370128205128207,10.226870171980266
2026-04-26 04:00:00,7,-0.1,83.61749999999999,-58.34525442519811,2.370128205128207,5.007218645983798
2026-04-26 05:00:00,7,-0.0483333333333333,83.18333333333332,-60.50982246069216,2.370128205128207,4.505957121108828
2026-04-26 06:00:00,7,-0.04,87.60333333333334,-58.44977703938163,2.370128205128207,6.400425406690829
2026-04-26 07:00:00,7,2.495833333333333,106.34416666666668,-53.818160340670545,2.370128205128207,8.89616702791151
2026-04-26 08:00:00,7,2.1325,32.905,-63.61836731121329,-8.355958333333334,-1.81806277250152
2026-04-26 09:00:00,7,-0.5633333333333334,2.214166666666667,-71.83505036961571,-14.077345309381242,-16.957264023124324
2026-04-26 10:00:00,7,-7.078333333333333,0.2058333333333333,-74.185566500433,-26.732234513274346,-22.94423879606542
2026-04-26 11:00:00,7,-3.748333333333333,-2.1966666666666668,-73.28428997185628,-36.41253012048194,-27.46817985560449
2026-04-26 12:00:00,7,-4.164166666666667,-2.898333333333333,-86.42395573221421,-22.71348534201954,-37.34960463064918
2026-04-26 13:00:00,7,-2.714166666666667,-3.374166666666667,-80.56016476888755,-22.71348534201954,-37.841639327026755
2026-04-26 14:00:00,7,-1.7300000000000002,-3.610833333333333,-61.25431369024716,-22.71348534201954,-22.414588258825887
2026-04-26 15:00:00,7,2.874166666666666,-2.813333333333333,-35.229062518726735,-22.71348534201954,-7.00919330481139
2026-04-26 16:00:00,7,12.0525,3.8675,-12.199183688481668,9.97720967741935,9.635830872492676
2026-04-26 17:00:00,7,40.7075,70.39916666666666,36.12236915519873,93.08623333333334,51.488115462698545
2026-04-26 18:00:00,7,79.86,161.9925,144.82423031951618,130.4178208812261,127.14564177965556
2026-04-26 19:00:00,7,82.335,152.8725,93.83076420648368,123.18329531051971,98.00998452671166
2026-04-26 20:00:00,7,81.24499999999999,128.2925,93.66261856465022,123.18329531051971,90.6493465695334
2026-04-26 21:00:00,7,80.59333333333333,124.00333333333332,123.75486553513008,100.5590196078431,103.40234052434096
2026-04-26 22:00:00,7,78.49,108.71166666666666,109.28552451920314,100.5590196078431,92.8270555759392
2026-04-26 23:00:00,7,77.71583333333334,85.41000000000001,69.05652874734221,70.52434472934473,72.09815667710072
2026-04-27 00:00:00,7,84.33,96.56,85.994208795384,100.5590196078431,83.78069528422812
2026-04-27 01:00:00,7,83.48833333333333,89.17666666666666,115.74680059625504,83.26653609831037,93.9576683556873
2026-04-27 02:00:00,7,77.78333333333333,86.99916666666667,83.87110540231701,83.26653609831037,89.78694671282622
2026-04-27 03:00:00,7,74.00916666666667,80.25083333333333,54.75342578516231,83.26653609831037,78.78978419344408
2026-04-27 04:00:00,7,71.33416666666666,83.65166666666667,53.73402501907449,83.26653609831037,78.19323957828867
2026-04-27 05:00:00,7,68.25916666666667,109.41916666666668,59.47890873683672,83.26653609831037,80.40016570481403
2026-04-27 06:00:00,7,73.44083333333333,135.06666666666666,77.96058026933855,83.26653609831037,94.09752802393497
2026-04-27 07:00:00,7,80.35166666666667,142.76083333333335,104.89329970611382,100.5590196078431,121.22975737410405
2026-04-27 08:00:00,7,79.88416666666666,186.41,138.68303162307922,130.4178208812261,137.11281585383006
2026-04-27 09:00:00,7,31.24833333333333,139.53416666666666,138.54541059456838,85.12558434959348,103.43010430673131
2026-04-27 10:00:00,7,11.21,34.29416666666666,115.10201069662921,50.26759773662548,72.85711339350499
2026-04-27 11:00:00,7,19.134166666666665,20.81583333333333,96.10932437993212,50.26759773662548,68.87797409224471
2026-04-27 12:00:00,7,22.37,23.175,77.92049064974341,43.42654761904764,57.488434053929936
2026-04-27 13:00:00,7,32.91833333333333,24.9525,49.82012840870648,26.2133826754386,46.00269240410705
2026-04-27 14:00:00,7,29.8075,22.7775,34.757796389146534,26.2133826754386,39.25076767967607
2026-04-27 15:00:00,7,31.4625,20.354166666666668,29.90069135992885,9.97720967741935,37.282855417745054
2026-04-27 16:00:00,7,33.17583333333334,32.3775,56.05014824125122,70.81863580246912,59.29716745366012
2026-04-27 17:00:00,7,100.06666666666666,87.36583333333333,113.74091432390271,130.4178208812261,108.18695736200908
2026-04-27 18:00:00,7,125.13583333333334,120.09499999999998,154.83358180291128,142.25006289308172,154.06002394211208
2026-04-27 19:00:00,7,112.57416666666668,113.97083333333336,163.74421237561546,149.8676886792453,155.37641413010033
2026-04-27 20:00:00,7,101.00416666666666,97.5925,156.0762896308109,142.25006289308172,145.4516446223796
2026-04-27 21:00:00,7,99.79333333333334,86.52999999999999,150.48581138049926,123.18329531051971,136.6158892852599
2026-04-27 22:00:00,7,95.07416666666666,80.10000000000001,148.12326048588176,123.18329531051971,132.1185316388802
2026-04-27 23:00:00,7,83.75666666666667,73.3525,137.4105729203556,100.5590196078431,123.75499350907617
2026-04-28 00:00:00,7,78.02666666666666,67.71333333333334,141.5484584050868,100.5590196078431,122.59373063650769
2026-04-28 01:00:00,7,82.95083333333334,67.16000000000001,172.97307188727288,100.5590196078431,114.67377356456498
2026-04-28 02:00:00,7,83.095,57.24166666666667,147.3280265988875,83.26653609831037,112.48222534811299
2026-04-28 03:00:00,7,74.54333333333334,57.42583333333334,121.49309100229104,83.26653609831037,101.79794986745563
2026-04-28 04:00:00,7,68.87916666666666,53.46416666666666,98.37255207897303,116.55369535519124,96.18726812619677
2026-04-28 05:00:00,7,69.955,50.6525,90.998232355948,116.55369535519124,95.43510177921677
2026-04-28 06:00:00,7,71.45166666666667,51.42083333333333,95.95026047759248,116.55369535519124,102.41455366539267
2026-04-28 07:00:00,7,92.76333333333334,70.2975,117.7724831997447,130.4178208812261,119.06003075177196
2026-04-28 08:00:00,7,74.65583333333333,44.33583333333333,142.7823121587814,130.4178208812261,116.26262371870371
2026-04-28 09:00:00,7,8.100833333333332,-0.795,111.70828868601512,85.12558434959348,71.3348044923717
2026-04-28 10:00:00,7,5.385833333333333,-1.0875,68.79568009860893,23.846031746031734,33.62730744576971
2026-04-28 11:00:00,7,7.620833333333333,-2.935,19.613308011289938,9.514003378378375,6.383907071112354
2026-04-28 12:00:00,7,7.605833333333333,-5.670833333333333,5.608329153238145,9.97720967741935,-1.5411499712993333
2026-04-28 13:00:00,7,2.185833333333333,-9.483333333333333,18.16007730901429,9.97720967741935,1.8499512812404362
2026-04-28 14:00:00,7,0.0166666666666666,-6.343333333333334,47.6292333113302,9.97720967741935,24.269596818913158
2026-04-28 15:00:00,7,6.573333333333333,-7.138333333333333,72.70217703837075,43.42654761904764,47.03680833632606
2026-04-28 16:00:00,7,46.175,10.025833333333331,98.63795991597704,50.26759773662548,66.47459773997988
2026-04-28 17:00:00,7,109.08416666666666,72.42666666666666,144.75183163071318,85.12558434959348,114.22299762823586
2026-04-28 18:00:00,7,100.975,100.83083333333332,171.25802747153776,149.8676886792453,153.9099163020071
2026-04-28 19:00:00,7,111.8325,86.67666666666666,173.00156017523685,149.8676886792453,144.83812934199372
2026-04-28 20:00:00,7,92.33416666666666,69.57666666666667,174.67879631992213,149.8676886792453,137.0105153073721
2026-04-28 21:00:00,7,83.63833333333334,26.52333333333333,183.3257707163724,123.18329531051971,135.65040775389363
2026-04-28 22:00:00,7,87.38583333333334,5.892499999999999,130.84542752068342,123.18329531051971,99.80509063947571
2026-04-28 23:00:00,7,91.8025,0.1916666666666666,86.32939774221987,93.08623333333334,79.66098459683724
2026-04-29 00:00:00,7,80.20416666666667,-0.0625,79.34692947915084,93.08623333333334,87.83751533328378
2026-04-29 01:00:00,7,83.74666666666667,-0.1,108.90438484017263,100.5590196078431,92.40460077477812
2026-04-29 02:00:00,7,80.29083333333334,-0.1,104.3664319901124,83.26653609831037,93.55067739609612
2026-04-29 03:00:00,7,73.59666666666666,-0.1,104.88124014207698,83.26653609831037,95.33840476376255
2026-04-29 04:00:00,7,73.5275,-0.0916666666666666,106.87906769832084,83.26653609831037,91.68350342468466
2026-04-29 05:00:00,7,78.97500000000001,-0.1,114.35281850178544,83.26653609831037,92.47728756696041
2026-04-29 06:00:00,7,77.535,7.379166666666666,125.70073664076429,83.26653609831037,107.63595292050198
2026-04-29 07:00:00,7,93.90666666666668,15.471666666666666,153.0729101044182,130.4178208812261,140.1289387535505
2026-04-29 08:00:00,7,101.0425,13.854166666666666,164.39860986629697,130.4178208812261,140.67498238516376
2026-04-29 09:00:00,7,33.63833333333333,-0.6041666666666666,146.7237261426607,85.12558434959348,95.51912378907647
2026-04-29 10:00:00,7,15.206666666666663,-1.8633333333333333,88.90861378850329,43.42654761904764,45.06961554467357
2026-04-29 11:00:00,7,9.995,-2.3,61.41086995608766,9.514003378378375,22.748247072340497
2026-04-29 12:00:00,7,13.026666666666666,-2.2625,47.175080455736726,26.2133826754386,23.13040944999434
2026-04-29 13:00:00,7,13.113333333333337,-1.6466666666666665,45.33310789286088,26.2133826754386,29.948133046612142
2026-04-29 14:00:00,7,22.88833333333333,-1.4400000000000002,62.113983034249046,26.2133826754386,44.84704216932015
2026-04-29 15:00:00,7,24.396666666666665,4.5825000000000005,72.0140859100611,43.42654761904764,53.51530176502473
2026-04-29 16:00:00,7,40.583333333333336,33.12916666666667,88.82165101751856,50.26759773662548,74.1283046092731
2026-04-29 17:00:00,7,75.28083333333333,78.16916666666667,137.62592406768647,130.4178208812261,110.68650812300956
2026-04-29 18:00:00,7,79.375,89.96,181.50335148508907,149.8676886792453,152.12012087709633
2026-04-29 19:00:00,7,74.68083333333333,77.17416666666666,191.72290186351646,149.8676886792453,158.50173663772264
2026-04-29 20:00:00,7,72.52083333333333,68.74416666666666,212.34763367399435,149.8676886792453,161.80410716133377
2026-04-29 21:00:00,7,65.21333333333332,69.24083333333333,189.8180622518671,123.18329531051971,145.0642031414797
2026-04-29 22:00:00,7,54.93333333333334,65.235,168.94515185813623,123.18329531051971,128.7192827225507
2026-04-29 23:00:00,7,49.4575,67.99083333333333,135.87542590370606,100.5590196078431,110.64082882629607
2026-04-30 00:00:00,7,31.64583333333333,73.99416666666666,116.58648476212755,100.5590196078431,104.46994146544898
2026-04-30 01:00:00,7,8.9625,75.64,111.00810159973562,100.5590196078431,79.98812202708966
2026-04-30 02:00:00,7,7.846666666666667,75.3575,70.54258182068534,69.00146686159844,56.551324386589314
2026-04-30 03:00:00,7,0.3816666666666666,72.49249999999999,37.203388791454394,42.74944999999998,40.88844542149647
2026-04-30 04:00:00,7,-0.0625,60.485833333333325,10.232595838494582,42.74944999999998,31.381124611444733
2026-04-30 05:00:00,7,-0.0666666666666666,59.571666666666665,-3.7893961687722992,42.74944999999998,28.98728474019645
2026-04-30 06:00:00,7,-0.0033333333333333,62.40833333333334,-2.239499430798915,42.3301099830795,29.966226606379927
2026-04-30 07:00:00,7,7.428333333333334,75.45666666666666,11.82137002534867,66.10895569620257,34.418556758120005
2026-04-30 08:00:00,7,5.205,60.305,19.349665013531613,72.24676155115515,33.31442377782236
2026-04-30 09:00:00,7,-0.6266666666666667,2.2808333333333337,-7.983161682994989,21.729968553459113,4.558040058199957
2026-04-30 10:00:00,7,-1.8008333333333333,2.6575,-22.382376728461423,3.928960905349793,-5.595793818527582
2026-04-30 11:00:00,7,-1.4800000000000002,3.6566666666666654,-24.81689667724598,-5.987163742690061,-7.015398050337794
2026-04-30 12:00:00,7,-3.490833333333333,1.9633333333333327,-20.009541982466672,-5.987163742690061,-2.054557950122472
2026-04-30 13:00:00,7,-4.885000000000001,3.721666666666666,-22.19980735816992,-5.987163742690061,-3.569046704147155
2026-04-30 14:00:00,7,-7.489166666666667,5.716666666666666,-24.902261697288168,-5.987163742690061,-8.79590384960035
2026-04-30 15:00:00,7,-4.239166666666667,9.44,-7.352215968246512,-5.987163742690061,3.684430172595299
2026-04-30 16:00:00,7,5.614166666666667,28.394166666666667,25.431685098473622,41.71971943048574,27.656950605729726
2026-04-30 17:00:00,7,63.48916666666667,71.43916666666667,55.73306045410415,72.24676155115515,55.4950828902426
2026-04-30 18:00:00,7,73.69500000000001,96.26833333333332,79.68710651672701,118.44861625514402,85.64327380228949
2026-04-30 19:00:00,7,65.14583333333333,84.39999999999999,93.1087184787085,118.44861625514402,90.82568796041278
2026-04-30 20:00:00,7,42.36666666666667,71.63083333333334,95.54057840714293,123.18329531051971,94.46273563551554
2026-04-30 21:00:00,7,13.099166666666669,65.10666666666667,67.45319181502225,123.18329531051971,73.22085215184589
2026-04-30 22:00:00,7,7.854166666666667,55.065,38.49856241949601,70.52434472934473,55.68282619030178
2026-04-30 23:00:00,7,3.1675,39.5325,14.563026878795093,66.10895569620257,47.0754897179292
2026-05-01 00:00:00,7,7.484166666666667,26.37333333333333,9.460896411056034,66.10895569620257,45.51087904578539
2026-05-01 01:00:00,7,2.9758333333333336,7.392499999999999,19.51567469927099,21.391430678466076,26.933566692325087
2026-05-01 02:00:00,7,-0.0583333333333333,2.714166666666667,-7.254776631203342,2.370128205128207,13.65468381757686
2026-05-01 03:00:00,7,-1.1808333333333334,0.0041666666666666,-23.229421579979686,2.370128205128207,6.623219457811992
2026-05-01 04:00:00,7,-2.418333333333333,-0.0791666666666666,-32.5835565864997,2.370128205128207,5.463724792730993
2026-05-01 05:00:00,7,-2.495,-0.1,-42.80005921136983,2.370128205128207,5.688929111272245
2026-05-01 06:00:00,7,-2.045,-0.0208333333333333,-30.918881057011518,21.391430678466076,12.421912194361568
2026-05-01 07:00:00,7,14.703333333333331,8.319999999999999,0.14848076456271997,44.81618295019158,29.962618697813582
2026-05-01 08:00:00,7,10.806666666666668,4.486666666666666,23.620440530602323,72.24676155115515,44.04465289916626
2026-05-01 09:00:00,7,-1.8175,-3.046666666666667,0.5764261819309837,21.729968553459113,14.921208508123101
2026-05-01 10:00:00,7,-2.874166666666667,-2.8716666666666666,-15.23024317632256,3.928960905349793,5.85107628859258
2026-05-01 11:00:00,7,-4.9525,-6.57,-38.397166113333,-5.987163742690061,-4.669158577458418
2026-05-01 12:00:00,7,-4.663333333333333,-8.493333333333334,-48.28991606821235,-5.987163742690061,-10.213988612314338
2026-05-01 13:00:00,7,-5.482500000000001,-4.7725,-51.50589994475608,-22.71348534201954,-13.436038112224566
2026-05-01 14:00:00,7,-3.0516666666666663,-3.715833333333333,-36.70822608294684,-5.987163742690061,-5.865955855320692
2026-05-01 15:00:00,7,-2.7391666666666663,-2.4933333333333336,-19.41201110795366,-5.987163742690061,8.153741829736312
2026-05-01 16:00:00,7,-1.4233333333333331,0.2924999999999999,5.566452504112526,41.71971943048574,30.126381153150994
2026-05-01 17:00:00,7,13.588333333333331,47.67,54.683727937573046,93.84300228310505,66.15946070998146
2026-05-01 18:00:00,7,18.235833333333336,68.31666666666666,88.1637468289926,93.84300228310505,83.89158107443073
2026-05-01 19:00:00,7,10.508333333333333,68.25,81.70158822087409,93.84300228310505,73.23228050918156
2026-05-01 20:00:00,7,8.434166666666666,64.7025,71.1704984454625,93.84300228310505,65.37785636374112
2026-05-01 21:00:00,7,4.105833333333333,63.2175,60.04090312597603,93.84300228310505,58.05047384575672
2026-05-01 22:00:00,7,-1.335,7.598333333333333,45.755317140149245,66.10895569620257,51.49064646579424
2026-05-01 23:00:00,7,-1.8433333333333333,0.7091666666666666,26.769733527343057,66.10895569620257,44.75892354756608
2026-05-02 00:00:00,7,-0.6633333333333333,-0.1833333333333333,23.644494620593832,42.3301099830795,49.35272997629447
2026-05-02 01:00:00,7,-0.545,-0.2749999999999999,32.251294362749924,42.3301099830795,35.60341412761282
2026-05-02 02:00:00,7,-2.115,-1.2308333333333332,13.1300358543444,2.370128205128207,27.939102313597395
2026-05-02 03:00:00,7,-2.5241666666666664,-3.968333333333333,-9.689693929019526,2.370128205128207,17.66556092957896
2026-05-02 04:00:00,7,-2.8541666666666665,-7.0425,-25.3764340626834,2.370128205128207,12.703377355923415
2026-05-02 05:00:00,7,-2.268333333333333,-12.3975,-34.20247970073871,2.370128205128207,8.635442115868834
2026-05-02 06:00:00,7,-2.2775,-11.661666666666669,-41.60424538856269,2.370128205128207,6.758977143852739
2026-05-02 07:00:00,7,-2.1366666666666667,-7.850833333333333,-39.72021736631237,-8.355958333333334,9.770857929022633
2026-05-02 08:00:00,7,-2.0716666666666668,-6.105833333333333,-43.50266690652403,0.9263849765258225,8.661744544772311
2026-05-02 09:00:00,7,-1.9216666666666664,-19.075,-54.60100164321359,-16.29271739130434,-3.4683878629352307
2026-05-02 10:00:00,7,-2.2491666666666665,-34.178333333333335,-51.98463102385428,-16.29271739130434,-8.44549449367139
2026-05-02 11:00:00,7,-2.5875,-47.42166666666666,-48.28877788305458,-16.29271739130434,-4.990466645784778
2026-05-02 12:00:00,7,-2.151666666666667,-44.53916666666667,-40.67195104492208,-16.29271739130434,-6.71804765352374
2026-05-02 13:00:00,7,-2.8541666666666665,-49.88,-47.72326568590471,-26.732234513274346,-17.6384508072464
2026-05-02 14:00:00,7,-1.4083333333333332,-51.59,-44.87351661281238,-5.987163742690061,-17.478613540147506
2026-05-02 15:00:00,7,-0.1691666666666667,-51.42416666666667,-52.44641820297949,-5.987163742690061,-21.11353903005859
2026-05-02 16:00:00,7,-1.5066666666666666,-15.394999999999998,-39.468495019629174,-5.987163742690061,-12.817704513793146
2026-05-02 17:00:00,7,-1.0741666666666667,25.405,11.709315465588183,21.729968553459113,17.461754755299005
2026-05-02 18:00:00,7,-0.045,65.89416666666666,56.33719209478745,93.84300228310505,52.31572628864216
2026-05-02 19:00:00,7,-0.0916666666666666,40.88583333333333,56.670676639026816,93.84300228310505,57.00182531029877
2026-05-02 20:00:00,7,-0.1,4.4775,36.07001380104091,44.81618295019158,41.68736431755251
2026-05-02 21:00:00,7,-3.3266666666666667,0.7050000000000001,19.02502832853021,21.391430678466076,32.11031710054893
2026-05-02 22:00:00,7,-1.6366666666666667,1.6099999999999997,26.06609823156586,42.3301099830795,44.773144793637584
2026-05-02 23:00:00,7,-4.005833333333333,0.6449999999999999,27.82291448729326,42.3301099830795,53.94283318421853
2026-05-03 00:00:00,7,-1.3724999999999998,0.65,19.274928116337016,42.3301099830795,52.851064715437765
2026-05-03 01:00:00,7,-0.0258333333333333,-0.0666666666666666,31.578379371197443,21.391430678466076,41.240209194039494
2026-05-03 02:00:00,7,-0.1,-0.0833333333333333,11.0260653352546,2.370128205128207,33.15026672050212
2026-05-03 03:00:00,7,-1.7208333333333332,-0.3999999999999999,-19.161168199438833,2.370128205128207,19.851048946177933
2026-05-03 04:00:00,7,-2.585833333333333,-0.1,-48.528967337019736,-8.355958333333334,15.057427518806733
2026-05-03 05:00:00,7,-2.3433333333333333,-0.0483333333333333,-54.710647409342286,-8.355958333333334,11.942196776236223
2026-05-03 06:00:00,7,-2.4591666666666665,-0.04,-52.17707486057235,-8.355958333333334,11.478377146987619
2026-05-03 07:00:00,7,-1.9341666666666668,2.495833333333333,-47.40989845578386,-8.355958333333334,11.026656001695457
2026-05-03 08:00:00,7,-0.5308333333333334,2.1325,-79.27188476648612,-8.355958333333334,4.555915013787178
2026-05-03 09:00:00,7,0.11,-0.5633333333333334,-86.78340043141412,-26.732234513274346,-11.063516220671644
2026-05-03 10:00:00,7,4.333333333333333,-7.078333333333333,-57.035804887879365,-10.778391089108913,-4.652802331930346
2026-05-03 11:00:00,7,1.6566666666666665,-3.748333333333333,-56.88738885366389,-4.980223765432096,0.3650488616384848
2026-05-03 12:00:00,7,4.984999999999999,-4.164166666666667,-43.07451863297102,-4.980223765432096,-0.14567720154046526
2026-05-03 13:00:00,7,-1.6166666666666665,-2.714166666666667,-60.717638893571205,-16.29271739130434,-19.113527721902116
2026-05-03 14:00:00,7,-1.1883333333333332,-1.7300000000000002,-33.27988012908865,3.928960905349793,-13.196097844003233
2026-05-03 15:00:00,7,-2.2383333333333333,2.874166666666666,-22.114708193170614,3.928960905349793,-8.760524289882156
2026-05-03 16:00:00,7,-2.810833333333333,12.0525,-11.61695079985327,3.928960905349793,-5.746242923438771
2026-05-03 17:00:00,7,-1.7108333333333334,40.7075,22.223794925053767,21.729968553459113,16.63008989356515
2026-05-03 18:00:00,7,5.71,79.86,100.14008988373814,72.24676155115515,59.607657075284166
2026-05-03 19:00:00,7,10.225833333333332,82.335,113.04429807730577,72.24676155115515,70.0119607533893
2026-05-03 20:00:00,7,4.38,81.24499999999999,93.72555048598409,72.24676155115515,57.47783016570612
2026-05-03 21:00:00,7,1.8958333333333333,80.59333333333333,84.37222180491952,66.10895569620257,53.22324741948137
2026-05-03 22:00:00,7,-0.1716666666666666,78.49,65.13538544308133,66.10895569620257,45.582977561298804
2026-05-03 23:00:00,7,-1.1525,77.71583333333334,28.770860092070002,42.3301099830795,27.75324427664139
2026-05-04 00:00:00,7,-2.1141666666666663,84.33,23.8623839093581,21.391430678466076,25.874292796394094
2026-05-04 01:00:00,7,-1.5925,83.48833333333333,26.618241701596872,21.391430678466076,10.555137783870855
2026-05-04 02:00:00,7,-1.846666666666667,77.78333333333333,8.32077700969949,2.370128205128207,4.599865744207477
2026-05-04 03:00:00,7,-0.77,74.00916666666667,-15.250451187980289,2.370128205128207,-3.404124405443369
2026-05-04 04:00:00,7,-1.9833333333333327,71.33416666666666,-29.997506521615065,2.370128205128207,-7.7725150828502905
2026-05-04 05:00:00,7,-2.4833333333333334,68.25916666666667,-27.486255207390386,-8.355958333333334,-8.412652632955442
2026-05-04 06:00:00,7,-1.795,73.44083333333333,-4.6034916857273345,-8.355958333333334,-0.516770437282176
2026-05-04 07:00:00,7,-1.155,80.35166666666667,30.39637878598446,19.371277056277055,18.50070970587258
2026-05-04 08:00:00,7,4.321666666666666,79.88416666666666,83.13224574385012,19.371277056277055,39.38809756511394
2026-05-04 09:00:00,7,-3.2016666666666667,31.24833333333333,45.016527058777186,-4.980223765432096,10.931412284453387
2026-05-04 10:00:00,7,-6.9925,11.21,-37.42115286890444,-10.778391089108913,-9.120249419738329
2026-05-04 11:00:00,7,-9.785,19.134166666666665,-70.02340873097856,-16.29271739130434,-13.619205889732257
2026-05-04 12:00:00,7,-4.7225,22.37,-78.88453495693585,-26.732234513274346,-15.324009693785015
2026-05-04 13:00:00,7,-3.800833333333333,32.91833333333333,-77.7183152271977,-26.732234513274346,-16.43927225324947
2026-05-04 14:00:00,7,-3.8775,29.8075,-68.63085239487839,-16.29271739130434,-17.139477704371018
2026-05-04 15:00:00,7,-3.655,31.4625,-53.18399591290503,-10.778391089108913,-20.429064874091438
2026-05-04 16:00:00,7,-6.7575,33.17583333333334,-17.253841801408527,-4.980223765432096,-6.236231331673636
2026-05-04 17:00:00,7,-0.9391666666666666,100.06666666666666,26.227817849263204,26.577403273809526,16.12527900464849
2026-05-04 18:00:00,7,4.585,125.13583333333334,73.9415801828717,47.4432098765432,47.060069292570105
2026-05-04 19:00:00,7,12.43,112.57416666666668,82.5731658794246,47.4432098765432,51.75850671319478
2026-05-04 20:00:00,7,6.7825,101.00416666666666,91.14930995348388,47.4432098765432,60.93299290458246
2026-05-04 21:00:00,7,6.4991666666666665,99.79333333333334,79.23987079547682,72.24676155115515,56.777372835414084
2026-05-04 22:00:00,7,8.464166666666666,95.07416666666666,60.65112083708695,72.24676155115515,49.070278006103926
2026-05-04 23:00:00,7,8.220833333333333,83.75666666666667,32.26700360447649,44.81618295019158,37.47680385512024
2026-05-05 00:00:00,7,8.595833333333333,78.02666666666666,22.169317551254707,44.81618295019158,37.9930493439822
2026-05-05 01:00:00,7,7.125,82.95083333333334,41.33701246399173,42.3301099830795,21.101762222534298
2026-05-05 02:00:00,7,8.5875,83.095,23.88289170342511,42.3301099830795,18.308084386610084
2026-05-05 03:00:00,7,9.4,74.54333333333334,12.778109787664057,42.3301099830795,16.869836449285593
2026-05-05 04:00:00,7,10.78,68.87916666666666,9.184364077878982,42.3301099830795,21.438306664193284
2026-05-05 05:00:00,7,9.5575,69.955,14.583681051720475,42.74944999999998,33.129513955295586
2026-05-05 06:00:00,7,62.3675,71.45166666666667,33.77315178367134,42.74944999999998,54.33903366221181
2026-05-05 07:00:00,7,73.73833333333333,92.76333333333334,75.46491168732472,70.52434472934473,90.64079599907097
2026-05-05 08:00:00,7,70.1375,74.65583333333333,85.24970624096233,72.24676155115515,95.90018303759217
2026-05-05 09:00:00,7,50.70916666666667,8.100833333333332,53.711549049004084,72.24676155115515,57.58790641769288
2026-05-05 10:00:00,7,54.32583333333333,5.385833333333333,30.898746498858372,21.729968553459113,29.384014763224037
2026-05-05 11:00:00,7,57.432500000000005,7.620833333333333,35.84410997681727,41.71971943048574,35.791480151684965
2026-05-05 12:00:00,7,72.09750000000001,7.605833333333333,35.42274931097605,41.71971943048574,41.127644816478835
2026-05-05 13:00:00,7,96.62166666666668,2.185833333333333,38.61831929414981,41.71971943048574,52.39054007654757
2026-05-05 14:00:00,7,112.56333333333332,0.0166666666666666,65.77564669120312,72.24676155115515,71.93991256499861
2026-05-05 15:00:00,7,103.74666666666668,6.573333333333333,81.83374283249155,85.12558434959348,85.95007839272655
2026-05-05 16:00:00,7,113.00333333333332,46.175,104.97518275741373,85.12558434959348,108.37056654452827
2026-05-05 17:00:00,7,132.59583333333333,109.08416666666666,157.46830591006528,142.25006289308172,153.1251060783547
2026-05-05 18:00:00,7,124.51416666666668,100.975,197.375860915737,142.25006289308172,190.40940510470807
2026-05-05 19:00:00,7,121.91583333333334,111.8325,207.31078227361087,142.25006289308172,199.0736675902366
2026-05-05 20:00:00,7,117.18583333333332,92.33416666666666,196.7203296053545,142.25006289308172,186.19131562771352
2026-05-05 21:00:00,7,111.42416666666666,83.63833333333334,165.99496355279575,142.25006289308172,162.20236843058933
2026-05-05 22:00:00,7,117.08083333333332,87.38583333333334,145.69682591583927,123.18329531051971,145.98805975436147
2026-05-05 23:00:00,7,113.81416666666668,91.8025,118.35130181677413,123.18329531051971,126.76009875537768
2026-05-06 00:00:00,7,105.91833333333334,80.20416666666667,104.24438062799385,123.18329531051971,123.27848464724903
2026-05-06 01:00:00,7,99.22333333333334,83.74666666666667,116.74776939561417,128.924030683403,114.76432174053993
2026-05-06 02:00:00,7,87.58916666666666,80.29083333333334,93.37633482621328,128.924030683403,102.91956490699434
2026-05-06 03:00:00,7,84.22333333333333,73.59666666666666,72.13463197515524,83.41811881188119,92.30737191992468
2026-05-06 04:00:00,7,79.60333333333334,73.5275,58.74177780513749,83.41811881188119,87.69382131557302
2026-05-06 05:00:00,7,84.44083333333333,78.97500000000001,48.86235871988876,83.41811881188119,83.38897917668571
2026-05-06 06:00:00,7,86.19666666666667,77.535,55.175468945769175,83.41811881188119,89.94960852881727
2026-05-06 07:00:00,7,108.60833333333332,93.90666666666668,80.904968542304,130.4178208812261,113.18640320081718
2026-05-06 08:00:00,7,104.17833333333334,101.0425,101.59338379391355,142.25006289308172,117.91763947368257
2026-05-06 09:00:00,7,74.01333333333334,33.63833333333333,97.05661104525451,130.4178208812261,91.08221583380866
2026-05-06 10:00:00,7,43.15166666666667,15.206666666666663,64.57998603183059,72.24676155115515,50.24522966321199
2026-05-06 11:00:00,7,8.8075,9.995,41.50955958549187,21.729968553459113,34.83620008391215
2026-05-06 12:00:00,7,5.0025,13.026666666666666,36.823035172057466,21.729968553459113,36.69273611990991
2026-05-06 13:00:00,7,3.119166666666666,13.113333333333337,13.073899980939814,21.729968553459113,19.712285200608612
2026-05-06 14:00:00,7,-0.0333333333333333,22.88833333333333,3.389549020157858,3.928960905349793,8.28195552958718
2026-05-06 15:00:00,7,0.6683333333333333,24.396666666666665,15.552650644437747,21.729968553459113,14.900697888885595
2026-05-06 16:00:00,7,0.0133333333333333,40.583333333333336,18.128442051537945,19.371277056277055,8.45945859165684
2026-05-06 17:00:00,7,3.4225,75.28083333333333,66.1857935318435,19.371277056277055,35.61663932217115
2026-05-06 18:00:00,7,0.7575,79.375,110.37082234472135,85.95322271386426,71.8545097657695
2026-05-06 19:00:00,7,0.4691666666666668,74.68083333333333,123.19517930126938,85.95322271386426,84.56611887307909
2026-05-06 20:00:00,7,-0.1,72.52083333333333,63.35435936247889,47.4432098765432,39.53271522916182
2026-05-06 21:00:00,7,2.7275,65.21333333333332,76.0916110224151,47.4432098765432,32.68719070205142
2026-05-06 22:00:00,7,-0.0375,54.93333333333334,58.897283740824946,13.507454022988501,22.98754077919824
2026-05-06 23:00:00,7,3.4075,49.4575,29.07767706648025,13.507454022988501,8.359993825303398
2026-05-07 00:00:00,7,0.5208333333333333,31.64583333333333,33.632672204121405,13.507454022988501,13.15117583974655
2026-05-07 01:00:00,7,2.4883333333333333,8.9625,55.796206891930964,19.371277056277055,6.55722244901547
2026-05-07 02:00:00,7,0.0058333333333333,7.846666666666667,35.85130168207477,0.9263849765258225,-2.270088843867569
2026-05-07 03:00:00,7,4.104166666666667,0.3816666666666666,15.130868976905795,0.9263849765258225,-10.352692399549937
2026-05-07 04:00:00,7,3.329166666666667,-0.0625,1.1815556329782595,0.9263849765258225,-12.94958044038853
2026-05-07 05:00:00,7,3.710833333333333,-0.0666666666666666,-11.625731221259201,0.9263849765258225,-13.272728406407197
2026-05-07 06:00:00,7,11.3425,-0.0033333333333333,11.696337320794058,6.223091666666668,-2.8539217822424376
2026-05-07 07:00:00,7,12.691666666666665,7.428333333333334,68.8168097606845,13.507454022988501,26.341650985587577
2026-05-07 08:00:00,7,39.73833333333334,5.205,143.20001493345163,146.03749262536874,98.425007126122
2026-05-07 09:00:00,7,22.98,-0.6266666666666667,119.76761306701046,82.98727124183007,66.26760174234595
2026-05-07 10:00:00,7,11.7925,-1.8008333333333333,98.19698651275712,82.98727124183007,45.55696701011739
2026-05-07 11:00:00,7,10.971666666666666,-1.4800000000000002,95.23633346670891,47.4432098765432,52.47029852864249
2026-05-07 12:00:00,7,5.6225,-3.490833333333333,71.64768879165457,47.4432098765432,47.613990048875806
2026-05-07 13:00:00,7,0.7041666666666666,-4.885000000000001,54.60797057799346,13.507454022988501,36.27759900723699
2026-05-07 14:00:00,7,0.075,-7.489166666666667,49.93078839812473,13.507454022988501,31.703537876508953
2026-05-07 15:00:00,7,0.8541666666666666,-4.239166666666667,52.507851439051855,13.507454022988501,28.269016432484143
2026-05-07 16:00:00,7,21.981666666666666,5.614166666666667,104.44801533091294,85.95322271386426,65.56766757117468
2026-05-07 17:00:00,7,52.1675,63.48916666666667,154.77399371626575,146.03749262536874,110.36422082659955
2026-05-07 18:00:00,7,56.29750000000001,73.69500000000001,195.6936223503352,203.0618148148148,141.15477788227003
2026-05-07 19:00:00,7,52.399166666666666,65.14583333333333,187.51555061248825,203.0618148148148,126.22907401517102
2026-05-07 20:00:00,7,48.37166666666667,42.36666666666667,161.03872190050203,146.03749262536874,97.31674723730615
2026-05-07 21:00:00,7,26.17083333333333,13.099166666666669,140.2426034245695,82.98727124183007,80.71321539499479
2026-05-07 22:00:00,7,11.054166666666667,7.854166666666667,95.7901653457617,47.4432098765432,49.06442385245835
2026-05-07 23:00:00,7,0.3825,3.1675,45.40208639672751,13.507454022988501,23.767059659236423
2026-05-08 00:00:00,7,6.685,7.484166666666667,13.506490540856689,13.507454022988501,16.852670389941714
2026-05-08 01:00:00,7,1.7366666666666666,2.9758333333333336,20.677385958122485,6.223091666666668,11.701254871300598
2026-05-08 02:00:00,7,0.5325,-0.0583333333333333,2.5076773173725115,6.223091666666668,5.49762663648557
2026-05-08 03:00:00,7,-0.0441666666666666,-1.1808333333333334,-14.014904965128608,0.9263849765258225,1.7386306542405947
2026-05-08 04:00:00,7,-0.0791666666666666,-2.418333333333333,-23.953598347213457,0.9263849765258225,-0.09680562628314249
2026-05-08 05:00:00,7,-0.0658333333333333,-2.495,-26.46859269998319,0.9263849765258225,1.0693969157439653
2026-05-08 06:00:00,7,0.3708333333333333,-2.045,-13.792523439874998,6.223091666666668,8.925430196080107
2026-05-08 07:00:00,7,11.846666666666666,14.703333333333331,27.90780343053352,13.507454022988501,32.04629423239284
2026-05-08 08:00:00,7,30.104166666666668,10.806666666666668,68.81845456448956,47.4432098765432,57.14094488892699
2026-05-08 09:00:00,7,10.268333333333333,-1.8175,56.73304137412246,47.4432098765432,39.16675632021921
2026-05-08 10:00:00,7,5.558333333333334,-2.874166666666667,16.892824705840198,13.507454022988501,14.609944530344421
2026-05-08 11:00:00,7,3.93,-4.9525,0.38793378404054124,13.507454022988501,12.90852009312951
2026-05-08 12:00:00,7,0.425,-4.663333333333333,-10.534014035280833,26.577403273809526,9.89232477583149
2026-05-08 13:00:00,7,0.3316666666666666,-5.482500000000001,-15.646337967574823,26.577403273809526,3.9830605471021556
2026-05-08 14:00:00,7,-0.6691666666666666,-3.0516666666666663,-3.1343072902599545,-4.980223765432096,1.2703876237112155
2026-05-08 15:00:00,7,-2.8316666666666666,-2.7391666666666663,7.168621483806213,-4.980223765432096,0.026947457144288478
2026-05-08 16:00:00,7,3.4091666666666662,-1.4233333333333331,30.866001850877005,19.371277056277055,11.187064967785247
2026-05-08 17:00:00,7,50.119166666666665,13.588333333333331,87.49202680244338,85.95322271386426,46.511598373876254
2026-05-08 18:00:00,7,73.53333333333333,18.235833333333336,133.79377879664688,85.95322271386426,87.56449624081941
2026-05-08 19:00:00,7,80.555,10.508333333333333,146.53848871176265,85.95322271386426,97.6103329225549
2026-05-08 20:00:00,7,78.22333333333334,8.434166666666666,145.41969566341805,85.95322271386426,100.19507209940325
2026-05-08 21:00:00,7,78.35916666666667,4.105833333333333,130.06815121938263,85.95322271386426,88.21134358323253
2026-05-08 22:00:00,7,82.67833333333333,-1.335,97.98084502683918,85.95322271386426,80.51554666791787
2026-05-08 23:00:00,7,91.11083333333332,-1.8433333333333333,80.0258095324301,72.24676155115515,77.21040454839928
2026-05-09 00:00:00,7,93.82333333333334,-0.6633333333333333,75.40092171886204,123.18329531051971,84.97816380431969
2026-05-09 01:00:00,7,93.73833333333332,-0.545,92.94850166394947,70.52434472934473,91.48325526950323
2026-05-09 02:00:00,7,97.62,-2.115,74.20581934965804,100.5590196078431,82.37426879091612
2026-05-09 03:00:00,7,89.60833333333333,-2.5241666666666664,54.46032249360821,69.00146686159844,73.78561604610464
2026-05-09 04:00:00,7,89.73416666666667,-2.8541666666666665,39.550070189684575,69.00146686159844,67.94613412382661
2026-05-09 05:00:00,7,95.96333333333332,-2.268333333333333,31.39149080095951,69.00146686159844,66.80642647140073
2026-05-09 06:00:00,7,97.625,-2.2775,34.75665169672036,69.00146686159844,75.50456170890442
2026-05-09 07:00:00,7,90.78249999999998,-2.1366666666666667,49.503528593344925,100.5590196078431,87.48139977786117
2026-05-09 08:00:00,7,93.48333333333332,-2.0716666666666668,75.2609071834447,130.4178208812261,100.20981976284929
2026-05-09 09:00:00,7,72.37,-1.9216666666666664,73.924447520342,85.12558434959348,83.88869042277213
2026-05-09 10:00:00,7,53.17,-2.2491666666666665,64.33189220756056,70.81863580246912,56.33792196750747
2026-05-09 11:00:00,7,49.8475,-2.5875,48.2476096786761,70.81863580246912,46.57246478233496
2026-05-09 12:00:00,7,72.10083333333334,-2.151666666666667,41.82079587769424,70.81863580246912,41.00362249338853
2026-05-09 13:00:00,7,62.32083333333333,-2.8541666666666665,21.11731868712033,23.846031746031734,34.63064680095176
2026-05-09 14:00:00,7,45.31166666666667,-1.4083333333333332,16.13244652923938,23.846031746031734,30.91483800642333
2026-05-09 15:00:00,7,28.290000000000003,-0.1691666666666667,14.369225691302049,23.846031746031734,33.49623000267626
2026-05-09 16:00:00,7,41.58916666666666,-1.5066666666666666,43.266019789908775,70.81863580246912,58.701257363078646
2026-05-09 17:00:00,7,95.92666666666666,-1.0741666666666667,94.1518879369811,130.4178208812261,104.56844745832649
2026-05-09 18:00:00,7,98.34,-0.045,138.15395301081946,142.25006289308172,137.0269153547411
2026-05-09 19:00:00,7,92.975,-0.0916666666666666,140.94781966291066,142.25006289308172,140.99392579677294
2026-05-09 20:00:00,7,93.80666666666669,-0.1,127.91591799694152,142.25006289308172,134.32807522071755
2026-05-09 21:00:00,7,93.20166666666668,-3.3266666666666667,119.98216174359966,123.18329531051971,125.87389858330829
2026-05-09 22:00:00,7,103.13166666666666,-1.6366666666666667,103.69412209112988,123.18329531051971,115.69929229815457
2026-05-09 23:00:00,7,104.02083333333331,-4.005833333333333,83.81481859526798,123.18329531051971,105.5366108145816
2026-05-10 00:00:00,7,102.7925,-1.3724999999999998,74.98960978274219,123.18329531051971,104.00239304680463
2026-05-10 01:00:00,7,113.11833333333334,-0.0258333333333333,89.16939609923034,100.5590196078431,87.98793858079208
2026-05-10 02:00:00,7,92.27666666666666,-0.1,71.6898108797557,100.5590196078431,78.885247641273
2026-05-10 03:00:00,7,86.53666666666668,-1.7208333333333332,58.36598112902132,83.26653609831037,72.53027011723916
2026-05-10 04:00:00,7,81.10333333333334,-2.585833333333333,52.37023011884568,83.26653609831037,69.61034455953269
2026-05-10 05:00:00,7,90.61666666666667,-2.3433333333333333,47.64767563749277,83.26653609831037,67.57648940061733
2026-05-10 06:00:00,7,99.81166666666668,-2.4591666666666665,46.84127027757222,83.26653609831037,68.20962666030908
2026-05-10 07:00:00,7,108.35,-1.9341666666666668,56.175256637239855,83.26653609831037,75.89539596570472
2026-05-10 08:00:00,7,93.25666666666666,-0.5308333333333334,72.68392385114129,100.5590196078431,79.38203127230413
2026-05-10 09:00:00,7,31.9975,0.11,74.72685915431488,70.81863580246912,61.38833177975094
2026-05-10 10:00:00,7,28.456666666666667,4.333333333333333,70.51488437186524,70.81863580246912,37.39052247437381
2026-05-10 11:00:00,7,24.95083333333333,1.6566666666666665,63.80912287254787,43.42654761904764,21.915013233693053
2026-05-10 12:00:00,7,30.1975,4.984999999999999,61.42126154001367,23.846031746031734,23.144006410487407
2026-05-10 13:00:00,7,35.556666666666665,-1.6166666666666665,49.07806823016908,23.846031746031734,21.0557854831657
2026-05-10 14:00:00,7,39.65833333333333,-1.1883333333333332,34.00065766167989,26.2133826754386,17.08740033274008
2026-05-10 15:00:00,7,5.465,-2.2383333333333333,29.599761037762477,9.97720967741935,20.8833495290261
2026-05-10 16:00:00,7,18.00166666666667,-2.810833333333333,48.95807552845308,23.846031746031734,36.78497767374187
2026-05-10 17:00:00,7,92.70333333333332,-1.7108333333333334,99.09966524189049,100.5590196078431,81.0310413490261
2026-05-10 18:00:00,7,118.29916666666668,5.71,148.17765652299371,142.25006289308172,117.41226788231259
2026-05-10 19:00:00,7,119.7575,10.225833333333332,161.72830910260635,142.25006289308172,123.3471598755229
2026-05-10 20:00:00,7,117.25416666666666,4.38,174.42432054687464,142.25006289308172,128.72480347620214
2026-05-10 21:00:00,7,124.30666666666669,1.8958333333333333,167.18905864255376,142.25006289308172,120.59065454008397
2026-05-10 22:00:00,7,126.56,-0.1716666666666666,154.24901900780017,123.18329531051971,111.36078428101268
2026-05-10 23:00:00,7,105.44166666666666,-1.1525,137.9486164732932,123.18329531051971,102.21900996640791
2026-05-11 00:00:00,7,95.72333333333334,-2.1141666666666663,139.77135289537995,123.18329531051971,102.32489404254463
2026-05-11 01:00:00,7,92.6775,-1.5925,148.8505722426534,128.924030683403,122.31227668447222
2026-05-11 02:00:00,7,78.86166666666666,-1.846666666666667,133.4694173744088,128.924030683403,116.55494886266354
2026-05-11 03:00:00,7,74.07083333333334,-0.77,123.39260567188258,128.924030683403,113.18464556722057
2026-05-11 04:00:00,7,66.885,-1.9833333333333327,117.88473195341273,83.41811881188119,111.45599152759499
2026-05-11 05:00:00,7,79.67833333333333,-2.4833333333333334,122.12809813226438,128.924030683403,116.98861270708272
2026-05-11 06:00:00,7,92.32833333333332,-1.795,144.3627542890314,128.924030683403,141.10866695764366
2026-05-11 07:00:00,7,115.89916666666666,-1.155,181.0444347170615,142.25006289308172,179.2913092433741
2026-05-11 08:00:00,7,126.37583333333332,4.321666666666666,215.2008643398787,142.25006289308172,200.06954043069362
2026-05-11 09:00:00,7,109.3625,-3.2016666666666667,183.76205809624102,142.25006289308172,152.97716640204993
2026-05-11 10:00:00,7,63.16833333333333,-6.9925,151.17050337731695,142.25006289308172,102.92227842661902
2026-05-11 11:00:00,7,38.21416666666666,-9.785,114.29931567905398,50.26759773662548,63.04753486001955
2026-05-11 12:00:00,7,38.85666666666667,-4.7225,89.72923654441341,43.42654761904764,47.60971010925756
2026-05-11 13:00:00,7,49.49916666666667,-3.800833333333333,79.51946325574795,26.2133826754386,44.68067099803267
2026-05-11 14:00:00,7,51.79166666666666,-3.8775,75.76044415311377,26.2133826754386,49.10800754844897
2026-05-11 15:00:00,7,55.7625,-3.655,74.23302264969342,43.42654761904764,57.185867424443515
2026-05-11 16:00:00,7,70.4175,-6.7575,86.36143739803774,100.5590196078431,78.23658453131071
2026-05-11 17:00:00,7,104.3725,-0.9391666666666666,136.08612921888556,130.4178208812261,119.37944406183667
2026-05-11 18:00:00,7,111.7775,4.585,178.01745198391006,193.08359078590783,159.59147744789703
2026-05-11 19:00:00,7,96.46666666666664,12.43,193.7692429408165,193.08359078590783,177.07211263765407
2026-05-11 20:00:00,7,84.78583333333334,6.7825,203.88977029576614,142.25006289308172,189.07311276552662
2026-05-11 21:00:00,7,78.99416666666666,6.4991666666666665,203.47908265709142,142.25006289308172,176.67368617968344
2026-05-11 22:00:00,7,76.65249999999999,8.464166666666666,191.6931142231157,142.25006289308172,164.7549925597744
2026-05-11 23:00:00,7,73.51333333333334,8.220833333333333,162.4567311482361,123.18329531051971,147.5089335679441
2026-05-12 00:00:00,7,75.65916666666666,8.595833333333333,149.34700992786168,123.18329531051971,143.2636199810196
2026-05-12 01:00:00,7,74.84166666666667,7.125,168.2051291867464,128.924030683403,132.8041601501793
2026-05-12 02:00:00,7,70.15833333333333,8.5875,152.00429510438101,128.924030683403,122.52199466539795
2026-05-12 03:00:00,7,68.855,9.4,136.81828387150946,128.924030683403,119.45867355600379
2026-05-12 04:00:00,7,65.52083333333333,10.78,125.70800539659263,83.41811881188119,119.10756182822614
2026-05-12 05:00:00,7,69.79916666666666,9.5575,121.685943449204,128.924030683403,122.2869960277277
2026-05-12 06:00:00,7,77.70666666666666,62.3675,136.45787612318207,128.924030683403,138.0339444028466
2026-05-12 07:00:00,7,96.885,73.73833333333333,184.30634097341567,142.25006289308172,179.0604690008166
2026-05-12 08:00:00,7,114.38666666666668,70.1375,201.35049489606328,142.25006289308172,197.0751402423956
2026-05-12 09:00:00,7,53.88583333333333,50.70916666666667,152.74219755213258,142.25006289308172,146.15602256382658
2026-05-12 10:00:00,7,39.05416666666667,54.32583333333333,125.70819390532641,85.12558434959348,99.19918277454178
2026-05-12 11:00:00,7,41.9325,57.432500000000005,93.3287601735241,50.26759773662548,62.391828278694994
2026-05-12 12:00:00,7,45.255,72.09750000000001,75.03597724329981,43.42654761904764,43.4716007255865
2026-05-12 13:00:00,7,40.60083333333333,96.62166666666668,61.991435562095674,26.2133826754386,39.659952440002904
2026-05-12 14:00:00,7,35.288333333333334,112.56333333333332,54.57517727979346,26.2133826754386,42.06261455029778
2026-05-12 15:00:00,7,24.1775,103.74666666666668,61.027959844042606,43.42654761904764,52.84434268192251
2026-05-12 16:00:00,7,53.48333333333333,113.00333333333332,91.06028985522445,50.26759773662548,75.12075746466513
2026-05-12 17:00:00,7,86.29333333333334,132.59583333333333,141.626443392426,130.4178208812261,122.46980322179658
2026-05-12 18:00:00,7,87.08583333333333,124.51416666666668,167.61069333794995,142.25006289308172,161.51804755360536
2026-05-12 19:00:00,7,87.85000000000001,121.91583333333334,187.38511927952138,193.08359078590783,176.0323315293482
2026-05-12 20:00:00,7,74.40916666666666,117.18583333333332,180.215133078956,142.25006289308172,173.10951221037192
2026-05-12 21:00:00,7,73.21,111.42416666666666,173.27213836090007,142.25006289308172,163.04137827355132
2026-05-12 22:00:00,7,66.71916666666667,117.08083333333332,171.245749036978,123.18329531051971,153.05188345265884
2026-05-12 23:00:00,7,67.0125,113.81416666666668,156.5531114113,123.18329531051971,139.48335697159087
2026-05-13 00:00:00,8,69.6575,105.91833333333334,139.89650305217276,122.06682071269492,124.5050964019365
2026-05-13 01:00:00,8,68.4775,99.22333333333334,160.6180471679611,100.36078895463508,120.27292164343254
2026-05-13 02:00:00,8,67.51416666666667,87.58916666666666,152.90420389195282,100.36078895463508,116.52910138609322
2026-05-13 03:00:00,8,63.60916666666666,84.22333333333333,141.73506271159698,113.37998106060607,114.56316413083113
2026-05-13 04:00:00,8,60.17333333333334,79.60333333333334,123.90368207022121,113.37998106060607,111.21893976874316
2026-05-13 05:00:00,8,64.25416666666666,84.44083333333333,113.73659335820378,113.37998106060607,112.81860626089508
2026-05-13 06:00:00,8,72.395,86.19666666666667,116.15206503394106,100.36078895463508,124.28482252310377
2026-05-13 07:00:00,8,85.47083333333335,108.60833333333332,152.56452788817958,122.06682071269492,157.0341867093942
2026-05-13 08:00:00,8,94.37583333333332,104.17833333333334,178.20186876319457,141.86687694704045,175.3948324426937
2026-05-13 09:00:00,8,37.19833333333333,74.01333333333334,136.03094000302224,141.86687694704045,124.51847999680423
2026-05-13 10:00:00,8,25.94833333333333,43.15166666666667,108.67091617429583,83.15345238095239,80.71074552028104
2026-05-13 11:00:00,8,19.9325,8.8075,85.104757586017,71.50397163120563,49.317601938552244
2026-05-13 12:00:00,8,20.69083333333333,5.0025,74.07630650271824,41.68876126126126,42.59533086903993
2026-05-13 13:00:00,8,17.0475,3.119166666666666,66.36767026254117,25.64921747967479,37.17039364541721
2026-05-13 14:00:00,8,30.59583333333333,-0.0333333333333333,68.43841356746518,25.64921747967479,44.14423520794939
2026-05-13 15:00:00,8,37.93416666666667,0.6683333333333333,65.12744866597214,41.68876126126126,55.038852998686295
2026-05-13 16:00:00,8,62.24166666666667,0.0133333333333333,85.5747224545303,71.50397163120563,77.79636899144823
2026-05-13 17:00:00,8,92.63,3.4225,131.0530131436994,122.06682071269492,122.35094940131346
2026-05-13 18:00:00,8,93.18166666666669,0.7575,158.91012823337866,139.13398230088492,153.8543184428483
2026-05-13 19:00:00,8,92.05083333333332,0.4691666666666668,168.26529823177043,139.13398230088492,159.91940093631047
2026-05-13 20:00:00,8,85.9325,-0.1,148.4362848857555,141.86687694704045,132.9240061163287
2026-05-13 21:00:00,8,75.15666666666667,2.7275,148.34517502704466,141.86687694704045,139.4406529966791
2026-05-13 22:00:00,8,78.385,-0.0375,149.67258835525018,122.06682071269492,147.01630312558308
2026-05-13 23:00:00,8,62.965833333333336,3.4075,140.56993469462526,122.06682071269492,136.20232109489433
2026-05-14 00:00:00,8,56.36333333333334,0.5208333333333333,125.51228345292395,122.06682071269492,133.19446014137438
2026-05-14 01:00:00,8,58.13666666666666,2.4883333333333333,129.90796979347505,100.36078895463508,126.3949676699959
2026-05-14 02:00:00,8,62.5825,0.0058333333333333,119.69320442271976,100.36078895463508,121.6654226670004
2026-05-14 03:00:00,8,61.274166666666666,4.104166666666667,95.67185430618903,113.37998106060607,110.64630742780365
2026-05-14 04:00:00,8,60.34,3.329166666666667,82.07177265971511,113.37998106060607,105.09680665397036
2026-05-14 05:00:00,8,63.96416666666666,3.710833333333333,79.42091444672413,113.37998106060607,108.24525598940652
2026-05-14 06:00:00,8,70.2025,11.3425,91.47832133334485,100.36078895463508,123.44891182212726
2026-05-14 07:00:00,8,88.69916666666667,12.691666666666665,127.24010605112437,122.06682071269492,158.87485520606674
2026-05-14 08:00:00,8,144.16666666666666,39.73833333333334,163.99940920930413,141.86687694704045,181.4138067188057
2026-05-14 09:00:00,8,29.339166666666667,22.98,137.05280672530577,141.86687694704045,126.14441733351234
2026-05-14 10:00:00,8,27.035,11.7925,118.5558402882445,83.15345238095239,86.88413092811818
2026-05-14 11:00:00,8,22.376666666666665,10.971666666666666,97.4160829028373,71.50397163120563,67.32368676142434
2026-05-14 12:00:00,8,37.6875,5.6225,71.2026217002985,71.50397163120563,58.97476877444832
2026-05-14 13:00:00,8,49.56916666666667,0.7041666666666666,35.12922335744419,23.49784757118928,38.66709687413727
2026-05-14 14:00:00,8,63.69416666666667,0.075,28.779699050016603,23.49784757118928,37.248686749113006
2026-05-14 15:00:00,8,73.33333333333333,0.8541666666666666,42.97141255537275,23.49784757118928,48.10896473075531
2026-05-14 16:00:00,8,91.1875,21.981666666666666,77.04960015647966,48.314332412523015,74.37297531357952
2026-05-14 17:00:00,8,111.12,52.1675,134.61397555541396,122.06682071269492,130.3317730935762
2026-05-14 18:00:00,8,128.56166666666667,56.29750000000001,172.0078848365043,139.13398230088492,172.8882775893244
2026-05-14 19:00:00,8,132.0025,52.399166666666666,180.0451478418097,139.13398230088492,178.33874183773509
2026-05-14 20:00:00,8,124.37583333333332,48.37166666666667,168.76769799159712,141.86687694704045,168.58779749490273
2026-05-14 21:00:00,8,107.37333333333332,26.17083333333333,142.8655110231555,141.86687694704045,148.26762256938852
2026-05-14 22:00:00,8,93.3175,11.054166666666667,126.77615738847068,122.06682071269492,135.21705238563112
2026-05-14 23:00:00,8,81.05499999999999,0.3825,102.0178091929944,122.06682071269492,116.7776053010863
2026-05-15 00:00:00,8,62.59916666666666,6.685,82.84288033915716,100.36078895463508,106.13828718651466
2026-05-15 01:00:00,8,36.6175,1.7366666666666666,84.87637911974669,100.36078895463508,93.2658712107069
2026-05-15 02:00:00,8,33.079166666666666,0.5325,59.60050434123328,69.95772083333337,76.63606087759155
2026-05-15 03:00:00,8,30.95833333333333,-0.0441666666666666,43.82466107341464,69.95772083333337,66.98637126444895
2026-05-15 04:00:00,8,21.42333333333333,-0.0791666666666666,31.938533024969708,69.95772083333337,58.817860182176744
2026-05-15 05:00:00,8,27.343333333333334,-0.0658333333333333,26.36005799657113,69.95772083333337,56.608991609439435
2026-05-15 06:00:00,8,31.035833333333333,0.3708333333333333,31.82569717430399,88.36124737945492,61.18018789266252
2026-05-15 07:00:00,8,59.965,11.846666666666666,64.36255503539475,88.36124737945492,82.03221296839337
2026-05-15 08:00:00,8,65.29666666666667,30.104166666666668,97.22366266275301,141.86687694704045,101.91577485513417
2026-05-15 09:00:00,8,23.894166666666667,10.268333333333333,78.51283330077852,115.83659326424873,69.33224429856926
2026-05-15 10:00:00,8,8.5325,5.558333333333334,47.72523033089956,47.94347463768115,38.50993902732283
2026-05-15 11:00:00,8,-1.3433333333333335,3.93,13.627911219123547,23.49784757118928,18.582300173069186
2026-05-15 12:00:00,8,-0.3366666666666666,0.425,-10.357694252042506,-4.923497023809522,7.992598672081371
2026-05-15 13:00:00,8,-6.236666666666667,0.3316666666666666,-20.434522919033526,-4.923497023809522,2.8540737620506604
2026-05-15 14:00:00,8,-5.054166666666666,-0.6691666666666666,-12.744361172610937,9.201132352941174,7.8231648264657565
2026-05-15 15:00:00,8,-0.5216666666666666,-2.8316666666666666,-0.0932411084787077,9.201132352941174,16.73984031689161
2026-05-15 16:00:00,8,22.166666666666668,3.4091666666666662,34.29716957116999,71.50397163120563,44.378264732413726
2026-05-15 17:00:00,8,74.36916666666667,50.119166666666665,73.18183332065337,88.36124737945492,78.27900235068368
2026-05-15 18:00:00,8,68.5075,73.53333333333333,92.03985749375718,139.13398230088492,95.34076905461124
2026-05-15 19:00:00,8,61.5725,80.555,88.83114935179427,139.13398230088492,84.67064943880101
2026-05-15 20:00:00,8,62.9975,78.22333333333334,83.34312586084987,88.36124737945492,79.35550992040763
2026-05-15 21:00:00,8,65.81583333333333,78.35916666666667,68.47103902207901,88.36124737945492,65.68510697646154
2026-05-15 22:00:00,8,66.22833333333334,82.67833333333333,52.877719228248225,88.36124737945492,57.3437851363894
2026-05-15 23:00:00,8,63.155,91.11083333333332,36.03034690311868,88.36124737945492,53.11468424754847
2026-05-16 00:00:00,8,52.08083333333334,93.82333333333334,27.262664594280764,88.36124737945492,54.759725433808676
2026-05-16 01:00:00,8,47.71416666666667,93.73833333333332,34.33966280538804,47.94347463768115,46.26135369658974
2026-05-16 02:00:00,8,14.441666666666665,97.62,12.644777670469246,25.376366396761124,34.327174655224034
2026-05-16 03:00:00,8,2.796666666666667,89.60833333333333,-4.1600974520624305,25.376366396761124,26.643124268555944
2026-05-16 04:00:00,8,5.033333333333333,89.73416666666667,-17.992015855181805,25.376366396761124,20.211521768918985
2026-05-16 05:00:00,8,0.1491666666666666,95.96333333333332,-27.81353869813985,-1.6162009803921569,14.603048758234294
2026-05-16 06:00:00,8,-0.0666666666666666,97.625,-33.84975236196598,22.070840579710147,12.755664562593942
2026-05-16 07:00:00,8,-1.7683333333333335,90.78249999999998,-27.807685001891187,22.070840579710147,18.78508583162649
2026-05-16 08:00:00,8,0.3058333333333333,93.48333333333332,-20.70959625548703,58.76592320261437,20.912011376812245
2026-05-16 09:00:00,8,-0.3891666666666666,72.37,-20.772657019331035,13.343885057471256,2.125052489305247
2026-05-16 10:00:00,8,-1.6366666666666667,53.17,-31.990190602828562,-13.61460317460316,-13.862148740861826
2026-05-16 11:00:00,8,-5.059166666666667,49.8475,-58.08538813827549,-25.315873983739824,-27.521730298044943
2026-05-16 12:00:00,8,-3.8716666666666666,72.10083333333334,-65.59021231487593,-25.315873983739824,-28.693600688650363
2026-05-16 13:00:00,8,-5.505833333333334,62.32083333333333,-67.7049841434147,-36.030654396728046,-33.40328314540881
2026-05-16 14:00:00,8,-5.639166666666667,45.31166666666667,-63.577696072403924,-36.030654396728046,-31.340390815092647
2026-05-16 15:00:00,8,-4.260833333333333,28.290000000000003,-54.37138479059624,-4.923497023809522,-26.13576518467798
2026-05-16 16:00:00,8,22.159166666666668,41.58916666666666,-21.44982085344475,3.526594827586206,-3.542277616912145
2026-05-16 17:00:00,8,89.03583333333334,95.92666666666666,10.794046584508408,27.674969135802467,26.68213377040368
2026-05-16 18:00:00,8,95.94416666666666,98.34,35.554244120971575,95.78516528925616,53.396363916019844
2026-05-16 19:00:00,8,100.68416666666668,92.975,40.3466745283601,95.78516528925616,54.10250186975359
2026-05-16 20:00:00,8,108.055,93.80666666666669,30.20615077934309,73.97322128851538,41.074986846814966
2026-05-16 21:00:00,8,121.10833333333332,93.20166666666668,15.171623677802586,27.674969135802467,29.58138918622165
2026-05-16 22:00:00,8,125.84833333333334,103.13166666666666,11.849023402693042,27.674969135802467,34.682269624367635
2026-05-16 23:00:00,8,123.0225,104.02083333333331,13.867973857883968,47.94347463768115,47.10238432342958
2026-05-17 00:00:00,8,139.27166666666668,102.7925,29.17583097681959,88.36124737945492,67.61733604607147
2026-05-17 01:00:00,8,142.19500000000002,113.11833333333334,67.46031586700921,100.36078895463508,76.49533236874389
2026-05-17 02:00:00,8,137.415,92.27666666666666,63.51406373956133,78.49215686274513,78.39016219410365
2026-05-17 03:00:00,8,132.2925,86.53666666666668,49.55961696370627,78.49215686274513,71.96551372380262
2026-05-17 04:00:00,8,120.12416666666668,81.10333333333334,25.267137965388514,69.95772083333337,59.170993548032456
2026-05-17 05:00:00,8,122.54833333333332,90.61666666666667,1.2917997032292163,25.376366396761124,43.382147488882666
2026-05-17 06:00:00,8,123.94166666666666,99.81166666666668,-10.496735182939574,25.376366396761124,34.140084887823896
2026-05-17 07:00:00,8,133.76583333333335,108.35,-11.831917814566467,25.376366396761124,31.78103466224438
2026-05-17 08:00:00,8,108.30333333333334,93.25666666666666,10.71116169468047,47.94347463768115,47.31461084283349
2026-05-17 09:00:00,8,120.57166666666669,31.9975,34.86729546908484,88.36124737945492,51.388221685340596
2026-05-17 10:00:00,8,113.25333333333332,28.456666666666667,50.34104982468115,100.36078895463508,56.785322479409984
2026-05-17 11:00:00,8,114.78083333333332,24.95083333333333,53.283072519674285,100.36078895463508,60.95140011511177
2026-05-17 12:00:00,8,129.7325,30.1975,73.75397115202654,83.15345238095239,69.29563879001086
2026-05-17 13:00:00,8,134.415,35.556666666666665,81.41920559964511,48.314332412523015,79.0316050583939
2026-05-17 14:00:00,8,147.9908333333333,39.65833333333333,96.68865626894573,71.50397163120563,85.77298958706376
2026-05-17 15:00:00,8,131.685,5.465,108.62879021209203,122.06682071269492,97.20594815403456
2026-05-17 16:00:00,8,149.81,18.00166666666667,118.47352634212874,122.06682071269492,110.03018042495346
2026-05-17 17:00:00,8,158.42166666666665,92.70333333333332,137.31949297603973,122.06682071269492,130.63484548530576
2026-05-17 18:00:00,8,182.0583333333333,118.29916666666668,163.71123372786428,139.13398230088492,149.43800768988916
2026-05-17 19:00:00,8,170.105,119.7575,165.37355321815116,139.13398230088492,147.8084251003408
2026-05-17 20:00:00,8,165.84583333333333,117.25416666666666,142.6237721374575,139.13398230088492,126.28002949987078
2026-05-17 21:00:00,8,142.8675,124.30666666666669,127.56748500785376,122.06682071269492,111.99971645038485
2026-05-17 22:00:00,8,142.20083333333332,126.56,111.2469659739472,122.06682071269492,100.2082884791206
2026-05-17 23:00:00,8,148.87833333333333,105.44166666666666,97.79563685720387,100.36078895463508,89.4962163190801
2026-05-18 00:00:00,8,145.73,95.72333333333334,97.56505446993367,100.36078895463508,89.70923915887956
2026-05-18 01:00:00,8,170.84166666666667,92.6775,103.46827512722356,100.36078895463508,100.44963591035264
2026-05-18 02:00:00,8,146.09833333333333,78.86166666666666,87.37199996310794,78.49215686274513,94.71131914239645
2026-05-18 03:00:00,8,138.9675,74.07083333333334,73.23914804644855,78.49215686274513,90.10317022252737
2026-05-18 04:00:00,8,131.5975,66.885,60.8533157841631,78.49215686274513,88.3049751084596
2026-05-18 05:00:00,8,136.53583333333333,79.67833333333333,55.744859122871524,78.49215686274513,89.240647877833
2026-05-18 06:00:00,8,156.0375,92.32833333333332,67.38503714805186,100.36078895463508,100.89218321776599
2026-05-18 07:00:00,8,204.7383333333333,115.89916666666666,96.90865495084616,122.06682071269492,126.58449091155344
2026-05-18 08:00:00,8,208.53333333333333,126.37583333333332,136.1277043721841,139.13398230088492,160.37767272632016
2026-05-18 09:00:00,8,230.8558333333333,109.3625,139.24134391403538,139.13398230088492,141.79961628644816
2026-05-18 10:00:00,8,256.1791666666667,63.16833333333333,131.77504758182263,139.13398230088492,116.78549745561168
2026-05-18 11:00:00,8,251.0641666666667,38.21416666666666,125.25803858704157,83.15345238095239,108.06086034195829
2026-05-18 12:00:00,8,271.5466666666667,38.85666666666667,128.65783296251556,139.13398230088492,114.14391013505232
2026-05-18 13:00:00,8,262.1791666666667,49.49916666666667,120.26565591182768,139.13398230088492,123.46141474373775
2026-05-18 14:00:00,8,257.21,51.79166666666666,115.4148340689234,139.13398230088492,122.51626537154479
2026-05-18 15:00:00,8,190.0375,55.7625,108.18873447722615,139.13398230088492,123.06348818006693
2026-05-18 16:00:00,8,150.7775,70.4175,113.30577905643003,139.13398230088492,135.00303040633293
2026-05-18 17:00:00,8,150.75666666666666,104.3725,119.42442530986008,139.13398230088492,153.74529208786396
2026-05-18 18:00:00,8,138.475,111.7775,150.64236402321183,139.13398230088492,179.96793194675007
2026-05-18 19:00:00,8,120.86166666666666,96.46666666666664,163.03872203903052,139.13398230088492,185.5312372007745
2026-05-18 20:00:00,8,115.9625,84.78583333333334,158.1822932695453,139.13398230088492,177.9414884103262
2026-05-18 21:00:00,8,108.82416666666668,78.99416666666666,147.24456597683582,139.13398230088492,161.67420933857758
2026-05-18 22:00:00,8,108.58083333333332,76.65249999999999,131.18560851692658,139.13398230088492,142.93139058597635
2026-05-18 23:00:00,8,101.27583333333332,73.51333333333334,109.08670255096555,122.06682071269492,126.31496530607174
2026-05-19 00:00:00,8,101.01583333333332,75.65916666666666,92.02287048767,122.06682071269492,119.4731037491018
2026-05-19 01:00:00,8,98.32583333333334,74.84166666666667,97.12522393330548,100.36078895463508,111.31846023907329
2026-05-19 02:00:00,8,93.01833333333332,70.15833333333333,79.38207380910183,100.36078895463508,102.63568905573796
2026-05-19 03:00:00,8,92.85,68.855,65.71799909936892,78.49215686274513,96.13298251577328
2026-05-19 04:00:00,8,89.57,65.52083333333333,61.08659354112615,78.49215686274513,94.9628130167727
2026-05-19 05:00:00,8,81.18916666666667,69.79916666666666,65.03483149196589,113.37998106060607,98.97227920226871
2026-05-19 06:00:00,8,78.0275,77.70666666666666,95.87372487771368,100.36078895463508,115.55039966245096
2026-05-19 07:00:00,8,84.86166666666666,96.885,129.4892641844184,122.06682071269492,151.1600833395131
2026-05-19 08:00:00,8,94.55833333333334,114.38666666666668,153.010633100941,141.86687694704045,171.25080919124042
2026-05-19 09:00:00,8,73.18916666666667,53.88583333333333,123.54020178898116,84.70754310344824,119.88515462227687
2026-05-19 10:00:00,8,63.20416666666667,39.05416666666667,98.6413817505343,73.97322128851538,70.99000409823674
2026-05-19 11:00:00,8,34.236666666666665,41.9325,72.03404832197063,73.97322128851538,41.18924679859502
2026-05-19 12:00:00,8,41.16333333333333,45.255,91.91059354031769,73.97322128851538,58.23498908036815
2026-05-19 13:00:00,8,32.2475,40.60083333333333,90.98176613839371,32.38668949771688,54.329002880911744
2026-05-19 14:00:00,8,11.034999999999998,35.288333333333334,101.68828773043055,73.97322128851538,65.64351102143371
2026-05-19 15:00:00,8,0.1916666666666667,24.1775,72.51396952855542,32.38668949771688,44.132201255823865
2026-05-19 16:00:00,8,-2.615,53.48333333333333,102.47681039446067,73.97322128851538,71.90973758546646
2026-05-19 17:00:00,8,42.528333333333336,86.29333333333334,135.47055184303218,115.83659326424873,108.49657229393753
2026-05-19 18:00:00,8,77.26666666666667,87.08583333333333,166.24628751711953,148.64065420560752,135.8573215182468
2026-05-19 19:00:00,8,72.24,87.85000000000001,172.95126259844074,148.64065420560752,134.59135245242277
2026-05-19 20:00:00,8,67.05333333333333,74.40916666666666,146.73798872756257,115.83659326424873,95.0952861864856
2026-05-19 21:00:00,8,58.53416666666666,73.21,133.4715516466211,115.83659326424873,83.72818263814536
2026-05-19 22:00:00,8,60.53,66.71916666666667,119.39607140234281,115.83659326424873,74.79832463493521
2026-05-19 23:00:00,8,70.295,67.0125,96.33707022984434,73.97322128851538,64.04712446576326
2026-05-20 00:00:00,8,65.96833333333333,69.6575,88.12806434537829,73.97322128851538,69.88231856160968
2026-05-20 01:00:00,8,63.5825,68.4775,107.06563468855404,52.94287272727276,73.2828167253469
2026-05-20 02:00:00,8,65.99249999999999,67.51416666666667,86.82446220590397,52.94287272727276,65.88852120927697
2026-05-20 03:00:00,8,59.310833333333335,63.60916666666666,82.1799981078944,82.59080882352944,78.61854820211582
2026-05-20 04:00:00,8,51.04749999999999,60.17333333333334,76.94440055683026,82.59080882352944,84.698027233501
2026-05-20 05:00:00,8,45.895833333333336,64.25416666666666,72.60410647032045,82.59080882352944,81.6585958744157
2026-05-20 06:00:00,8,51.85666666666666,72.395,74.93244892866423,88.36124737945492,82.23452813188355
2026-05-20 07:00:00,8,73.1775,85.47083333333335,107.24450943768316,88.36124737945492,102.74667573378673
2026-05-20 08:00:00,8,80.76,94.37583333333332,132.68087683736383,84.70754310344824,111.5487060316255
2026-05-20 09:00:00,8,38.85333333333333,37.19833333333333,127.9580781679148,84.70754310344824,95.30071352877613
2026-05-20 10:00:00,8,33.11,25.94833333333333,80.4590215946463,73.97322128851538,54.062489062870405
2026-05-20 11:00:00,8,17.221666666666668,19.9325,38.27015739417524,32.38668949771688,27.296917411180544
2026-05-20 12:00:00,8,19.30333333333333,20.69083333333333,29.156728365180037,13.343885057471256,27.79229705751046
2026-05-20 13:00:00,8,12.820833333333333,17.0475,31.743621234373457,32.38668949771688,29.508652985301325
2026-05-20 14:00:00,8,11.1975,30.59583333333333,43.26167191681057,32.38668949771688,38.84674739835371
2026-05-20 15:00:00,8,6.637499999999999,37.93416666666667,56.1233336602984,73.97322128851538,55.98272740043046
2026-05-20 16:00:00,8,36.62416666666667,62.24166666666667,77.57172380027333,73.97322128851538,76.62701494530629
2026-05-20 17:00:00,8,112.3275,92.63,111.55528524720299,115.83659326424873,123.45476422841992
2026-05-20 18:00:00,8,110.89333333333332,93.18166666666669,152.00439163460953,141.86687694704045,172.99383983106077
2026-05-20 19:00:00,8,112.78166666666668,92.05083333333332,167.29445785997478,141.86687694704045,188.17229781889796
2026-05-20 20:00:00,8,115.47,85.9325,167.2045450791179,141.86687694704045,186.01105932984083
2026-05-20 21:00:00,8,124.26416666666668,75.15666666666667,152.5019675389576,141.86687694704045,167.7655552692466
2026-05-20 22:00:00,8,120.46666666666664,78.385,129.46530536409716,141.86687694704045,147.32086561607366
2026-05-20 23:00:00,8,115.74833333333332,62.965833333333336,109.6876131420087,122.06682071269492,132.56491574366817
2026-05-21 00:00:00,8,114.56583333333332,56.36333333333334,99.14645956845749,122.06682071269492,130.87623826095148
2026-05-21 01:00:00,8,115.22166666666664,58.13666666666666,115.14516650502577,122.06682071269492,134.20274723111615
2026-05-21 02:00:00,8,112.51666666666668,62.5825,92.7578551800065,100.36078895463508,122.16148489380922
2026-05-21 03:00:00,8,118.125,61.274166666666666,78.54627515123937,100.36078895463508,113.87661026996139
2026-05-21 04:00:00,8,111.825,60.34,73.12384752897475,100.36078895463508,114.24589455226052
2026-05-21 05:00:00,8,97.61333333333334,63.96416666666666,76.01410303238724,100.36078895463508,120.23359962915677
2026-05-21 06:00:00,8,110.09333333333332,70.2025,93.50699889295659,100.36078895463508,137.43008822080822
2026-05-21 07:00:00,8,129.16583333333332,88.69916666666667,127.12644305969252,141.86687694704045,170.12459515054377
2026-05-21 08:00:00,8,126.92583333333332,144.16666666666666,174.80424473691465,141.86687694704045,194.6496043855903
2026-05-21 09:00:00,8,112.88333333333334,29.339166666666667,178.82565531767642,141.86687694704045,181.74470887868262
2026-05-21 10:00:00,8,93.20916666666666,27.035,166.39090799732935,141.86687694704045,146.20345899710196
2026-05-21 11:00:00,8,77.46166666666666,22.376666666666665,146.85944068743228,139.13398230088492,123.47579144113519
2026-05-21 12:00:00,8,76.66666666666667,37.6875,146.29262420349858,139.13398230088492,131.58762332522537
2026-05-21 13:00:00,8,93.94666666666666,49.56916666666667,145.06198523937238,139.13398230088492,137.20428795674636
2026-05-21 14:00:00,8,126.34916666666668,63.69416666666667,145.72381659259042,139.13398230088492,143.2003941711989
2026-05-21 15:00:00,8,124.68583333333332,73.33333333333333,139.1288590108849,139.13398230088492,151.71059478981192
2026-05-21 16:00:00,8,123.8725,91.1875,156.68953949507613,139.13398230088492,178.24633554507707
2026-05-21 17:00:00,8,156.55083333333332,111.12,188.52432867497896,139.13398230088492,212.02270738951876
2026-05-21 18:00:00,8,143.88250000000002,128.56166666666667,214.01190751368677,141.86687694704045,234.4839929953868
2026-05-21 19:00:00,8,122.825,132.0025,220.47367075175396,1192.6991000000003,231.97716660010184
2026-05-21 20:00:00,8,112.86166666666666,124.37583333333332,217.54233234916336,141.86687694704045,224.04078646449534
2026-05-21 21:00:00,8,111.85333333333334,107.37333333333332,191.49399374567412,141.86687694704045,198.94565961881204
2026-05-21 22:00:00,8,106.27583333333332,93.3175,168.37452203841553,141.86687694704045,179.5452242211893
2026-05-21 23:00:00,8,103.63583333333334,81.05499999999999,143.2099724017562,141.86687694704045,159.95850993912714
2026-05-22 00:00:00,8,95.34250000000002,62.59916666666666,139.41882050275308,122.06682071269492,154.0827760266279
2026-05-22 01:00:00,8,92.20416666666668,36.6175,156.2314958939033,122.06682071269492,158.9557366445472
2026-05-22 02:00:00,8,91.46083333333333,33.079166666666666,140.75339406825339,100.36078895463508,150.1598694198002
2026-05-22 03:00:00,8,91.7975,30.95833333333333,128.96663276647354,100.36078895463508,141.58626548757246
2026-05-22 04:00:00,8,93.56083333333332,21.42333333333333,125.98713705268102,100.36078895463508,142.31818288246214
2026-05-22 05:00:00,8,90.395,27.343333333333334,129.10305371017807,100.36078895463508,147.829697371933
2026-05-22 06:00:00,8,87.05583333333334,31.035833333333333,137.3469386497917,122.06682071269492,162.8850492297815
2026-05-22 07:00:00,8,118.0575,59.965,172.4550503628207,141.86687694704045,196.3256351994217
2026-05-22 08:00:00,8,100.2875,65.29666666666667,195.75081753356932,141.86687694704045,203.91568647623097
2026-05-22 09:00:00,8,67.36,23.894166666666667,196.25815925049494,141.86687694704045,187.84075944454386
2026-05-22 10:00:00,8,43.119166666666665,8.5325,155.40745774321792,141.86687694704045,137.16633347275234
2026-05-22 11:00:00,8,38.57333333333333,-1.3433333333333335,113.975495784939,120.11363036303628,97.69228936648764
2026-05-22 12:00:00,8,44.70249999999999,-0.3366666666666666,96.1815705291805,71.50397163120563,78.26169024609362
2026-05-22 13:00:00,8,40.60416666666666,-6.236666666666667,85.2456866180028,41.68876126126126,77.71358982391227
2026-05-22 14:00:00,8,23.723333333333333,-5.054166666666666,83.47578886517839,41.68876126126126,84.63379719121525
2026-05-22 15:00:00,8,14.181666666666668,-0.5216666666666666,76.97093784976354,41.68876126126126,91.55085110266552
2026-05-22 16:00:00,8,67.125,22.166666666666668,95.27974158245992,71.50397163120563,117.18281370214157
2026-05-22 17:00:00,8,124.00083333333332,74.36916666666667,165.59486607194486,139.13398230088492,183.8562827672159
2026-05-22 18:00:00,8,135.9675,68.5075,218.9329419115403,141.86687694704045,226.7074697043675
2026-05-22 19:00:00,8,110.38583333333334,61.5725,228.0630488202122,141.86687694704045,221.97268384227817
2026-05-22 20:00:00,8,117.34333333333332,62.9975,208.29085803301206,141.86687694704045,195.20218405117657
2026-05-22 21:00:00,8,110.79666666666668,65.81583333333333,200.45477221911716,141.86687694704045,182.43043621078147
2026-05-22 22:00:00,8,87.11333333333333,66.22833333333334,180.59620046884328,141.86687694704045,159.21706774742162
2026-05-22 23:00:00,8,69.1475,63.155,156.23827878356894,141.86687694704045,135.4114758501598
2026-05-23 00:00:00,8,57.884166666666665,52.08083333333334,139.62857599144266,123.80830929487176,125.23365621507752
2026-05-23 01:00:00,8,57.580000000000005,47.71416666666667,141.2546056642371,123.80830929487176,107.41316742767023
2026-05-23 02:00:00,8,48.86083333333334,14.441666666666665,118.65246487849694,109.92656446540884,95.7601582963963
2026-05-23 03:00:00,8,38.975,2.796666666666667,102.46091266569385,109.92656446540884,90.5648497484961
2026-05-23 04:00:00,8,32.25416666666667,5.033333333333333,93.28336685787006,113.37998106060607,87.68282155773622
2026-05-23 05:00:00,8,26.695833333333336,0.1491666666666666,90.86272946335765,113.37998106060607,88.16828357632937
2026-05-23 06:00:00,8,34.1075,-0.0666666666666666,89.24016264840321,113.37998106060607,90.1598680750517
2026-05-23 07:00:00,8,25.8775,-1.7683333333333335,100.07014864463048,109.92656446540884,104.40104317638261
2026-05-23 08:00:00,8,22.675,0.3058333333333333,112.03372598084687,123.80830929487176,109.08314385890367
2026-05-23 09:00:00,8,29.945833333333336,-0.3891666666666666,106.88167983682293,73.97322128851538,78.0275411553469
2026-05-23 10:00:00,8,25.38083333333333,-1.6366666666666667,96.03323029135822,120.11363036303628,62.03504055576302
2026-05-23 11:00:00,8,28.08,-5.059166666666667,94.80932779926209,120.11363036303628,62.62648884337994
2026-05-23 12:00:00,8,25.429166666666664,-3.8716666666666666,99.58727612985336,120.11363036303628,57.481910459744064
2026-05-23 13:00:00,8,16.18583333333333,-5.505833333333334,79.09500521928692,72.23023456790122,46.53767853236567
2026-05-23 14:00:00,8,19.98583333333333,-5.639166666666667,72.50368768826225,47.94347463768115,48.305827653190896
2026-05-23 15:00:00,8,46.090833333333336,-4.260833333333333,69.99166983660564,48.314332412523015,57.52358309674119
2026-05-23 16:00:00,8,63.2825,22.159166666666668,97.65952111527882,120.11363036303628,92.45112938796765
2026-05-23 17:00:00,8,89.72416666666668,89.03583333333334,139.58099655040326,154.57405480984337,134.14587009279776
2026-05-23 18:00:00,8,91.50416666666666,95.94416666666666,164.49066535232788,139.13398230088492,160.4397059725594
2026-05-23 19:00:00,8,88.01166666666667,100.68416666666668,165.5673261782997,141.86687694704045,155.1359295271593
2026-05-23 20:00:00,8,74.23583333333333,108.055,158.8402843608941,141.86687694704045,143.85123348313243
2026-05-23 21:00:00,8,70.52666666666666,121.10833333333332,141.54348774079503,141.86687694704045,121.85730373182498
2026-05-23 22:00:00,8,71.77583333333332,125.84833333333334,129.07142946065528,154.57405480984337,107.16548965947077
2026-05-23 23:00:00,8,75.81,123.0225,116.3787078163767,154.57405480984337,99.93092278064803
2026-05-24 00:00:00,8,74.1925,139.27166666666668,124.82355806223612,154.57405480984337,108.43512631674884
2026-05-24 01:00:00,8,72.69833333333334,142.19500000000002,153.27732603311523,120.61070132013202,108.17820636004558
2026-05-24 02:00:00,8,65.99833333333333,137.415,130.86044468615077,120.61070132013202,99.57743011163481
2026-05-24 03:00:00,8,58.37166666666667,132.2925,119.86777164424115,113.37998106060607,94.20033779353284
2026-05-24 04:00:00,8,49.620000000000005,120.12416666666668,110.57991986612856,113.37998106060607,90.46431595703682
2026-05-24 05:00:00,8,63.61083333333334,122.54833333333332,114.2229217017842,113.37998106060607,92.17960932644978
2026-05-24 06:00:00,8,66.20916666666666,123.94166666666666,115.47808663540941,113.37998106060607,96.35783655952409
2026-05-24 07:00:00,8,69.005,133.76583333333335,116.30215316042008,120.61070132013202,105.03637733250838
2026-05-24 08:00:00,8,67.3925,108.30333333333334,125.88458787597166,154.57405480984337,115.09059270540067
2026-05-24 09:00:00,8,61.44416666666667,120.57166666666669,104.85118836456323,120.11363036303628,91.52961092755334
2026-05-24 10:00:00,8,65.87083333333334,113.25333333333332,104.91542812197096,120.11363036303628,76.03673441596798
2026-05-24 11:00:00,8,79.09333333333333,114.78083333333332,102.27909010171172,120.11363036303628,65.60833412515072
2026-05-24 12:00:00,8,85.65333333333332,129.7325,97.18938290687238,120.11363036303628,65.73412259196513
2026-05-24 13:00:00,8,90.34583333333336,134.415,83.22523811808246,47.94347463768115,59.25778058705535
2026-05-24 14:00:00,8,90.9275,147.9908333333333,76.36360556915457,47.94347463768115,57.76341531623258
2026-05-24 15:00:00,8,106.10666666666668,131.685,76.62224940110926,73.97322128851538,77.45557662229203
2026-05-24 16:00:00,8,108.89666666666666,149.81,88.33919422652549,120.11363036303628,90.57064305097998
2026-05-24 17:00:00,8,118.3525,158.42166666666665,125.64147279309178,115.83659326424873,110.81358825087807
2026-05-24 18:00:00,8,112.81666666666666,182.0583333333333,157.83189524995538,115.83659326424873,128.52430884669383
2026-05-24 19:00:00,8,119.585,170.105,160.80836219583904,139.13398230088492,127.5600416948886
2026-05-24 20:00:00,8,118.81916666666666,165.84583333333333,150.4084918623999,139.13398230088492,121.41407005090683
2026-05-24 21:00:00,8,110.00833333333333,142.8675,137.39098058143514,139.13398230088492,108.89570487463988
2026-05-24 22:00:00,8,79.97166666666666,142.20083333333332,137.27660595501834,154.57405480984337,111.306796023705
2026-05-24 23:00:00,8,68.2725,148.87833333333333,126.44228782171811,154.57405480984337,107.92758413283529
2026-05-25 00:00:00,8,71.73916666666666,145.73,120.71572266959345,154.57405480984337,106.8904740482018
2026-05-25 01:00:00,8,71.8225,170.84166666666667,111.9813480401182,109.92656446540884,99.40964912854008
2026-05-25 02:00:00,8,67.53333333333333,146.09833333333333,87.21289733817879,109.92656446540884,89.96958946832328
2026-05-25 03:00:00,8,70.72583333333334,138.9675,73.26437579168532,82.59080882352944,86.96144180295039
2026-05-25 04:00:00,8,68.43916666666667,131.5975,70.63232882879625,93.60990054869679,91.13907941889704
2026-05-25 05:00:00,8,66.74083333333333,136.53583333333333,86.77802803372829,93.60990054869679,100.92108119478725
2026-05-25 06:00:00,8,80.1225,156.0375,109.46661889932878,120.61070132013202,118.5338055676977
2026-05-25 07:00:00,8,95.1375,204.7383333333333,151.47187078528364,154.57405480984337,153.67240224120968
2026-05-25 08:00:00,8,110.31333333333332,208.53333333333333,178.74049091907983,183.78170807453424,179.57911154226832
2026-05-25 09:00:00,8,94.98666666666666,230.8558333333333,188.48926212164392,139.13398230088492,161.94406474937628
2026-05-25 10:00:00,8,92.40333333333332,256.1791666666667,166.07256053480418,139.13398230088492,136.62504715575824
2026-05-25 11:00:00,8,97.11083333333332,251.0641666666667,132.1599326236795,120.11363036303628,100.53873812971364
2026-05-25 12:00:00,8,103.40333333333332,271.5466666666667,116.26510949770633,120.11363036303628,91.08229516074566
2026-05-25 13:00:00,8,100.51416666666668,262.1791666666667,101.66442942179165,120.11363036303628,86.68384332578516
2026-05-25 14:00:00,8,94.78166666666664,257.21,99.20806538765984,120.11363036303628,86.06395808657385
2026-05-25 15:00:00,8,100.35083333333334,190.0375,107.63516546709843,120.11363036303628,101.54037902499797
2026-05-25 16:00:00,8,101.61,150.7775,135.73444509054207,139.13398230088492,137.63582723199724
2026-05-25 17:00:00,8,120.83333333333331,150.75666666666666,152.77806309835177,139.13398230088492,164.225727452274
2026-05-25 18:00:00,8,117.325,138.475,170.6627633821537,139.13398230088492,178.3306017210279
2026-05-25 19:00:00,8,89.91083333333334,120.86166666666666,168.87337966695034,139.13398230088492,174.2771537399117
2026-05-25 20:00:00,8,92.32833333333332,115.9625,184.50324086151267,139.13398230088492,185.86421131821675
2026-05-25 21:00:00,8,77.11083333333333,108.82416666666668,184.93076272923327,139.13398230088492,169.29895314871175
2026-05-25 22:00:00,8,75.6475,108.58083333333332,170.590237041166,123.80830929487176,148.84771178674015
2026-05-25 23:00:00,8,74.54416666666667,101.27583333333332,144.15575237154005,123.80830929487176,131.04590912109336
2026-05-26 00:00:00,8,74.76333333333334,101.01583333333332,135.0915439096858,123.80830929487176,129.25109788854292
2026-05-26 01:00:00,8,76.25083333333333,98.32583333333334,141.1909938303558,120.61070132013202,133.55949593389553
2026-05-26 02:00:00,8,69.83916666666667,93.01833333333332,120.93331729791568,120.61070132013202,122.49962550415141
2026-05-26 03:00:00,8,64.105,92.85,118.41882875101211,93.60990054869679,114.94273930085677
2026-05-26 04:00:00,8,58.335,89.57,111.4866719995428,78.49215686274513,112.65021448429323
2026-05-26 05:00:00,8,58.94833333333333,81.18916666666667,108.02139643928274,93.60990054869679,117.12764936763145
2026-05-26 06:00:00,8,81.46416666666666,78.0275,114.67740740839889,120.61070132013202,130.99650794701975
2026-05-26 07:00:00,8,114.26,84.86166666666666,139.55711172596392,123.80830929487176,167.30894800555674
2026-05-26 08:00:00,8,127.365,94.55833333333334,195.88392626590212,191.49698019801977,202.75748618010806
2026-05-26 09:00:00,8,129.6025,73.18916666666667,174.01645794569254,191.49698019801977,175.0618547878058
2026-05-26 10:00:00,8,115.31,63.20416666666667,138.80372314562055,191.49698019801977,134.0117214238014
2026-05-26 11:00:00,8,92.88583333333334,34.236666666666665,98.61769514703758,120.11363036303628,88.37786897314494
2026-05-26 12:00:00,8,80.12583333333333,41.16333333333333,80.325735593342,73.97322128851538,67.02826104792295
2026-05-26 13:00:00,8,71.77833333333334,32.2475,57.33234280260572,32.38668949771688,49.14369671642744
2026-05-26 14:00:00,8,56.76916666666667,11.034999999999998,50.07316898913225,27.674969135802467,45.87027275482066
2026-05-26 15:00:00,8,77.81583333333333,0.1916666666666667,48.96524701770207,73.97322128851538,48.825694270823995
2026-05-26 16:00:00,8,78.37,-2.615,76.66268461255144,73.97322128851538,68.32129931793348
2026-05-26 17:00:00,8,76.62583333333333,42.528333333333336,106.70093445129879,115.83659326424873,99.12466153403156
2026-05-26 18:00:00,8,92.24916666666668,77.26666666666667,133.3276276270187,115.83659326424873,125.09346502723028
2026-05-26 19:00:00,8,77.18916666666667,72.24,134.64154452642452,115.83659326424873,117.25228886344621
2026-05-26 20:00:00,8,46.17916666666667,67.05333333333333,130.59587461971606,115.83659326424873,127.25342711017831
2026-05-26 21:00:00,8,37.7125,58.53416666666666,117.25378805844366,115.83659326424873,116.01920799160922
2026-05-26 22:00:00,8,21.4,60.53,105.44727488368792,154.57405480984337,112.74658249187897
2026-05-26 23:00:00,8,15.309166666666668,70.295,92.03237042231233,154.57405480984337,107.67481584090925
2026-05-27 00:00:00,8,52.54666666666666,65.96833333333333,99.5211795627298,154.57405480984337,119.71088819013403
2026-05-27 01:00:00,8,14.4375,63.5825,121.25868337775483,120.61070132013202,127.56859936509349
2026-05-27 02:00:00,8,25.2175,65.99249999999999,97.70729171179808,93.60990054869679,113.61246958430954
2026-05-27 03:00:00,8,10.455,59.310833333333335,92.0261875126533,78.49215686274513,113.2891914062339
2026-05-27 04:00:00,8,10.4875,51.04749999999999,82.65488689089335,78.49215686274513,110.07941937576916
2026-05-27 05:00:00,8,47.00833333333333,45.895833333333336,75.88882388234563,78.49215686274513,107.81564848610017
2026-05-27 06:00:00,8,98.71666666666664,51.85666666666666,82.12057434167116,109.92656446540884,115.46030507949912
2026-05-27 07:00:00,8,149.265,73.1775,118.35437327894562,154.57405480984337,149.30307277911686
2026-05-27 08:00:00,8,185.5,80.76,158.50821109264183,191.49698019801977,182.9397220913039
2026-05-27 09:00:00,8,188.11666666666667,38.85333333333333,142.50727354221027,191.49698019801977,172.33152838578434
2026-05-27 10:00:00,8,171.69500000000002,33.11,132.5791797344391,191.49698019801977,151.49262807788182
2026-05-27 11:00:00,8,155.80166666666668,17.221666666666668,119.61156935806085,120.11363036303628,135.52240268830235
2026-05-27 12:00:00,8,145.3025,19.30333333333333,118.1468279227729,120.11363036303628,141.27893993381247
2026-05-27 13:00:00,8,157.86249999999998,12.820833333333333,112.0185531751421,120.11363036303628,130.7406167564822
2026-05-27 14:00:00,8,154.14083333333335,11.1975,118.72648947207077,120.11363036303628,143.64488818174027
2026-05-27 15:00:00,8,158.49416666666667,6.637499999999999,116.87515586748837,120.11363036303628,146.1792900592275
2026-05-27 16:00:00,8,163.32166666666666,36.62416666666667,131.39238916242624,154.57405480984337,158.56972566475886
2026-05-27 17:00:00,8,174.27833333333334,112.3275,159.22196545273985,167.11975,177.04635124194579
2026-05-27 18:00:00,8,180.7483333333333,110.89333333333332,186.6370616348524,243.55143678160914,200.79455968009768
2026-05-27 19:00:00,8,170.92083333333335,112.78166666666668,195.2597080924903,243.55143678160914,205.02423848650233
2026-05-27 20:00:00,8,144.06,115.47,226.80099504445155,243.55143678160914,222.4466068663528
2026-05-27 21:00:00,8,140.56,124.26416666666668,204.70747932558152,191.49698019801977,204.45178394727003
2026-05-27 22:00:00,8,151.68166666666667,120.46666666666664,184.89761714850226,191.49698019801977,183.30735687255213
2026-05-27 23:00:00,8,135.16916666666663,115.74833333333332,152.4832068069698,154.57405480984337,159.09353756532224
2026-05-28 00:00:00,8,127.50083333333332,114.56583333333332,137.47947235734614,154.57405480984337,153.0060924674304
2026-05-28 01:00:00,8,116.23833333333334,115.22166666666664,142.16084550066034,154.57405480984337,152.42188150117687
2026-05-28 02:00:00,8,121.28416666666668,112.51666666666668,124.45669024304402,120.61070132013202,141.16483020934146
2026-05-28 03:00:00,8,114.64,118.125,118.23843436782388,120.61070132013202,137.87585925258966
2026-05-28 04:00:00,8,112.1925,111.825,111.31944304900867,120.61070132013202,135.82280274988437
2026-05-28 05:00:00,8,108.32416666666666,97.61333333333334,111.60225115503138,120.61070132013202,139.05188939887896
2026-05-28 06:00:00,8,110.25583333333331,110.09333333333332,127.4269916095771,120.61070132013202,156.1845031234395
2026-05-28 07:00:00,8,131.0225,129.16583333333332,161.833528927796,154.57405480984337,190.5364636864942
2026-05-28 08:00:00,8,160.35333333333332,126.92583333333332,201.79718570112442,167.11975,204.75360225984667
2026-05-28 09:00:00,8,167.63083333333333,112.88333333333334,147.08069032571746,115.83659326424873,143.94062244228724
2026-05-28 10:00:00,8,144.47333333333333,93.20916666666666,133.0507864716578,115.83659326424873,108.2421076280843
2026-05-28 11:00:00,8,135.38416666666666,77.46166666666666,111.22935036622506,115.83659326424873,94.16279613920024
2026-05-28 12:00:00,8,132.6858333333333,76.66666666666667,113.77560575044785,95.78516528925616,101.05935035889404
2026-05-28 13:00:00,8,138.02583333333334,93.94666666666666,119.86294962817348,120.11363036303628,113.69816931645897
2026-05-28 14:00:00,8,122.665,126.34916666666668,126.18531150319524,120.11363036303628,125.63685015840592
2026-05-28 15:00:00,8,89.96333333333332,124.68583333333332,124.59124607186916,120.11363036303628,132.81791278073356
2026-05-28 16:00:00,8,112.80083333333332,123.8725,141.0808494711913,120.11363036303628,151.533201851878
2026-05-28 17:00:00,8,161.57333333333332,156.55083333333332,176.04629152256624,167.11975,190.5348340838837
2026-05-28 18:00:00,8,167.89083333333335,143.88250000000002,219.47385597247023,243.55143678160914,227.1483914066194
2026-05-28 19:00:00,8,151.6575,122.825,228.61526866295003,243.55143678160914,226.6634637533358
2026-05-28 20:00:00,8,146.78,112.86166666666666,223.29150651644005,243.55143678160914,220.04092700825987
2026-05-28 21:00:00,8,144.80166666666668,111.85333333333334,204.1678738157289,191.49698019801977,200.6918386259967
2026-05-28 22:00:00,8,157.945,106.27583333333332,179.6621604888633,141.86687694704045,177.13064103139297
2026-05-28 23:00:00,8,157.2675,103.63583333333334,153.67601999636716,154.57405480984337,155.59670991687955
2026-05-29 00:00:00,8,136.3575,95.34250000000002,138.95649143486654,154.57405480984337,150.5657233020329
2026-05-29 01:00:00,8,123.6675,92.20416666666668,146.03259991906353,154.57405480984337,155.71578544555996
2026-05-29 02:00:00,8,122.08166666666666,91.46083333333333,123.92575399454341,120.61070132013202,142.5131532123766
2026-05-29 03:00:00,8,114.13083333333331,91.7975,104.51111412498958,120.61070132013202,132.98386987572462
2026-05-29 04:00:00,8,106.22416666666668,93.56083333333332,90.2715474257011,78.49215686274513,125.91258935035847
2026-05-29 05:00:00,8,111.03,90.395,87.43840741213286,120.61070132013202,126.08921827853642
2026-05-29 06:00:00,8,103.0875,87.05583333333334,87.80133481417225,109.92656446540884,127.53324431412504
2026-05-29 07:00:00,8,115.41,118.0575,120.4997189130994,154.57405480984337,146.97227028361937
2026-05-29 08:00:00,8,140.1825,100.2875,159.27145535016209,141.86687694704045,180.63843146286672
2026-05-29 09:00:00,8,171.76916666666668,67.36,139.3326896657299,141.86687694704045,153.20372027637077
2026-05-29 10:00:00,8,93.86916666666669,43.119166666666665,115.16140878505948,141.86687694704045,117.55606714083822
2026-05-29 11:00:00,8,76.25,38.57333333333333,81.97675314169044,120.11363036303628,75.97024950502724
2026-05-29 12:00:00,8,75.6075,44.70249999999999,79.3726557642609,71.50397163120563,74.49186150878684
2026-05-29 13:00:00,8,70.95083333333334,40.60416666666666,93.24688257593174,120.11363036303628,93.76971502666598
2026-05-29 14:00:00,8,75.39083333333333,23.723333333333333,105.88894164660766,120.11363036303628,110.90044252510643
2026-05-29 15:00:00,8,73.94916666666667,14.181666666666668,114.30495120377276,120.11363036303628,123.48743352849193
2026-05-29 16:00:00,8,76.2175,67.125,148.16351182535487,120.11363036303628,156.10160551496818
2026-05-29 17:00:00,8,104.31916666666666,124.00083333333332,205.275520767353,139.13398230088492,203.55145973270055
2026-05-29 18:00:00,8,107.4675,135.9675,239.75887296156515,141.86687694704045,241.74986338679508
2026-05-29 19:00:00,8,80.135,110.38583333333334,223.76323870761524,141.86687694704045,224.93603681758606
2026-05-29 20:00:00,8,67.21916666666667,117.34333333333332,205.4564276028238,141.86687694704045,202.0220849476056
2026-05-29 21:00:00,8,64.05916666666667,110.79666666666668,173.45734624380168,141.86687694704045,162.0538792161379
2026-05-29 22:00:00,8,51.9,87.11333333333333,142.1936357501852,141.86687694704045,128.2424856321668
2026-05-29 23:00:00,8,52.09583333333333,69.1475,107.84546486809177,88.36124737945492,96.71762910718515
2026-05-30 00:00:00,8,39.00666666666667,57.884166666666665,87.49410693780383,88.36124737945492,86.29721125164838
2026-05-30 01:00:00,8,29.06833333333333,57.580000000000005,87.33909902233204,47.94347463768115,76.83770955399316
2026-05-30 02:00:00,8,28.139166666666668,48.86083333333334,48.765816654402514,47.94347463768115,56.54066408069242
2026-05-30 03:00:00,8,15.75,38.975,24.80078336685871,40.51367208672087,43.44780266980607
2026-05-30 04:00:00,8,14.553333333333333,32.25416666666667,14.8382412318336,40.51367208672087,39.1696333900767
2026-05-30 05:00:00,8,10.474166666666669,26.695833333333336,9.42695358903331,40.51367208672087,40.83736539349461
2026-05-30 06:00:00,8,10.469166666666666,34.1075,15.56301809770845,40.51367208672087,50.01209016154104
2026-05-30 07:00:00,8,15.58,25.8775,32.77079758400327,47.94347463768115,70.74425066304764
2026-05-30 08:00:00,8,30.689166666666665,22.675,56.34591275118303,88.36124737945492,91.59130446045336
2026-05-30 09:00:00,8,31.383333333333336,29.945833333333336,76.34972091436667,88.36124737945492,86.80779385208339
2026-05-30 10:00:00,8,22.52333333333333,25.38083333333333,75.38244310071784,120.11363036303628,69.91165338478908
2026-05-30 11:00:00,8,7.5675,28.08,39.92148686642857,47.94347463768115,34.29784063969831
2026-05-30 12:00:00,8,4.996666666666667,25.429166666666664,12.099320597106043,9.201132352941174,17.62991844202311
2026-05-30 13:00:00,8,0.3941666666666666,16.18583333333333,20.02435807829267,9.201132352941174,24.660630190786236
2026-05-30 14:00:00,8,8.889166666666666,19.98583333333333,30.704349563251505,23.49784757118928,38.796546648064194
2026-05-30 15:00:00,8,11.946666666666667,46.090833333333336,46.655970353062,47.94347463768115,55.47716426388776
2026-05-30 16:00:00,8,14.381666666666666,63.2825,67.39580350035388,71.50397163120563,73.47696554091257
2026-05-30 17:00:00,8,47.21,89.72416666666668,105.66054069235113,88.36124737945492,97.60233886727332
2026-05-30 18:00:00,8,42.40083333333333,91.50416666666666,133.46449218190534,115.83659326424873,118.90978394993894
2026-05-30 19:00:00,8,31.624166666666667,88.01166666666667,135.90265786736214,115.83659326424873,110.35280612331314
2026-05-30 20:00:00,8,48.675,74.23583333333333,131.17841580121438,84.70754310344824,99.14623640984566
2026-05-30 21:00:00,8,23.105,70.52666666666666,134.11801533588738,88.36124737945492,99.75788892395747
2026-05-30 22:00:00,8,10.126666666666669,71.77583333333332,135.02730174123548,88.36124737945492,101.21070688006468
2026-05-30 23:00:00,8,10.4125,75.81,110.9326947188611,88.36124737945492,79.54220337547612
2026-05-31 00:00:00,8,13.3775,74.1925,105.13443638193121,52.94287272727276,74.00696249563073
2026-05-31 01:00:00,8,10.259166666666667,72.69833333333334,119.92536061530956,52.94287272727276,63.296081204631726
2026-05-31 02:00:00,8,9.944166666666666,65.99833333333333,97.3227018711246,52.94287272727276,51.715693678955674
2026-05-31 03:00:00,8,4.705,58.37166666666667,77.5625896533817,40.51367208672087,42.699960301132194
2026-05-31 04:00:00,8,0.3541666666666667,49.620000000000005,61.36161441194921,40.51367208672087,37.898007424392816
2026-05-31 05:00:00,8,1.1033333333333333,63.61083333333334,53.34179835128321,40.51367208672087,36.818961540152216
2026-05-31 06:00:00,8,1.9691666666666665,66.20916666666666,48.60799648753757,40.51367208672087,38.673747621044626
2026-05-31 07:00:00,8,11.239166666666668,69.005,61.57611325005209,40.51367208672087,51.13021995749576
2026-05-31 08:00:00,8,14.606666666666667,67.3925,65.32359026430889,52.94287272727276,58.67724477264363
2026-05-31 09:00:00,8,10.37,61.44416666666667,90.62769760841672,95.78516528925616,58.9266347887791
2026-05-31 10:00:00,8,7.204166666666667,65.87083333333334,63.59653344601507,13.343885057471256,22.361791338559378
2026-05-31 11:00:00,8,-0.7416666666666667,79.09333333333333,28.783138216255082,3.526594827586206,-1.8229589933142307
2026-05-31 12:00:00,8,-0.9083333333333332,85.65333333333332,33.05941803648451,-10.917146282973619,-0.4233749273212055
2026-05-31 13:00:00,8,-0.8475,90.34583333333336,27.076176857825317,-10.917146282973619,-5.813600225291708
2026-05-31 14:00:00,8,-0.4683333333333333,90.9275,61.38396861369926,3.526594827586206,14.664001428526703
2026-05-31 15:00:00,8,0.1283333333333333,106.10666666666668,86.87834859283475,72.23023456790122,51.5933851018371
2026-05-31 16:00:00,8,9.655833333333334,108.89666666666666,116.57998225017079,95.78516528925616,82.30321250622409
2026-05-31 17:00:00,8,59.81,118.3525,154.6146033419567,115.83659326424873,117.47418119042905
2026-05-31 18:00:00,8,83.29666666666667,112.81666666666666,202.08439484974156,115.83659326424873,153.40419185519568
2026-05-31 19:00:00,8,87.335,119.585,207.0015056228624,148.64065420560752,155.18118043812132
2026-05-31 20:00:00,8,85.4375,118.81916666666666,185.0202779203475,115.83659326424873,124.18512737787366
2026-05-31 21:00:00,8,90.76833333333332,110.00833333333333,165.54175381489722,115.83659326424873,109.8001804521568
2026-05-31 22:00:00,8,83.31666666666666,79.97166666666666,151.19859306297957,115.83659326424873,103.68882742788924
2026-05-31 23:00:00,8,51.78833333333333,68.2725,132.90561593155655,95.78516528925616,91.36920466451525
2026-06-01 00:00:00,8,38.34,71.73916666666666,122.23337545889167,95.78516528925616,86.41431882292974
2026-06-01 01:00:00,8,53.56916666666667,71.8225,137.32553802953493,72.23023456790122,89.44202444228672
2026-06-01 02:00:00,8,46.3775,67.53333333333333,120.74301456946245,109.92656446540884,97.25092580041895
2026-06-01 03:00:00,8,36.56916666666667,70.72583333333334,107.02108192950095,109.92656446540884,93.54778397446248
2026-06-01 04:00:00,8,34.58416666666667,68.43916666666667,85.56437054799426,82.59080882352944,75.56146824468838
2026-06-01 05:00:00,8,43.0625,66.74083333333333,84.75230069086453,109.92656446540884,76.82899546313296
2026-06-01 06:00:00,8,48.814166666666665,80.1225,97.71515406454618,72.23023456790122,80.6242472522078
2026-06-01 07:00:00,8,72.36916666666666,95.1375,147.0298276844306,95.78516528925616,107.80516799571033
2026-06-01 08:00:00,8,69.00416666666666,110.31333333333332,178.37492591012182,115.83659326424873,110.867901301187
2026-06-01 09:00:00,8,43.48,94.98666666666666,194.29759210410768,148.64065420560752,101.85675149006414
2026-06-01 10:00:00,8,29.266666666666666,92.40333333333332,178.86765221542333,48.13931098696461,74.05803447930725
2026-06-01 11:00:00,8,18.895,97.11083333333332,141.55739339789335,48.13931098696461,40.24697771376496
2026-06-01 12:00:00,8,24.41416666666667,103.40333333333332,137.26584139791055,48.13931098696461,42.55497466732518
2026-06-01 13:00:00,8,17.784166666666668,100.51416666666668,145.60057203625695,48.13931098696461,55.45541624042853
2026-06-01 14:00:00,8,24.2525,94.78166666666664,167.27583020554005,89.28192708333333,71.54306271635657
2026-06-01 15:00:00,8,8.89,100.35083333333334,136.84366569767934,89.28192708333333,70.19211606633371
2026-06-01 16:00:00,8,6.789166666666667,101.61,112.86578145042881,89.28192708333333,80.61975084620516
2026-06-01 17:00:00,8,58.99416666666667,120.83333333333331,115.96062889206719,201.4276007326007,103.59259957254012
2026-06-01 18:00:00,8,125.60083333333334,117.325,126.16030393172562,201.4276007326007,120.02280524260664
2026-06-01 19:00:00,8,135.08083333333337,89.91083333333334,108.05613897171887,201.4276007326007,114.04599951780088
2026-06-01 20:00:00,8,45.20666666666667,92.32833333333332,102.61457024099576,201.4276007326007,96.36591951418012
2026-06-01 21:00:00,8,16.145833333333332,77.11083333333333,69.41150045739451,89.28192708333333,80.1236349153724
2026-06-01 22:00:00,8,-0.3141666666666667,75.6475,31.803416216024218,48.13931098696461,60.015748262494654
2026-06-01 23:00:00,8,-0.0958333333333333,74.54416666666667,-0.5279515971267585,12.77196921443737,38.18661042235965
2026-06-02 00:00:00,8,-0.1841666666666666,74.76333333333334,-8.096284415227913,12.77196921443737,22.59254920700871
2026-06-02 01:00:00,8,-0.1,76.25083333333333,12.86588832154866,12.77196921443737,10.557959619166745
2026-06-02 02:00:00,8,-1.12,69.83916666666667,-13.382614187275621,7.192058333333332,4.24303266692489
2026-06-02 03:00:00,8,-1.85,64.105,-31.52801448180074,-3.2637953795379535,-0.6624247900966793
2026-06-02 04:00:00,8,-2.2625,58.335,-44.311600766859044,-3.2637953795379535,-2.987075983907445
2026-06-02 05:00:00,8,-2.089166666666667,58.94833333333333,-49.79851368593026,-3.2637953795379535,-0.7751976608416413
2026-06-02 06:00:00,8,-1.4441666666666668,81.46416666666666,-32.36171552998317,7.192058333333332,2.174398923413193
2026-06-02 07:00:00,8,2.8200000000000003,114.26,12.401681548476297,12.77196921443737,19.32317490394567
2026-06-02 08:00:00,8,22.8225,127.365,75.79033502296667,89.28192708333333,45.632383072447645
2026-06-02 09:00:00,8,11.15,129.6025,67.510778150597,89.28192708333333,45.05023739437155
2026-06-02 10:00:00,8,13.7925,115.31,51.14549091531724,48.13931098696461,28.40598549769929
2026-06-02 11:00:00,8,7.116666666666667,92.88583333333334,35.64474609762843,48.13931098696461,25.268709624752113
2026-06-02 12:00:00,8,18.61583333333333,80.12583333333333,59.40272939541577,48.13931098696461,36.73569126422194
2026-06-02 13:00:00,8,19.0425,71.77833333333334,64.77656168831076,48.13931098696461,46.22913666619536
2026-06-02 14:00:00,8,27.381666666666664,56.76916666666667,34.748827082817215,32.38668949771688,35.241422748024945
2026-06-02 15:00:00,8,22.809166666666663,77.81583333333333,27.595549171354342,32.38668949771688,38.122675319794965
2026-06-02 16:00:00,8,25.835,78.37,51.841695248936205,73.97322128851538,63.37723300022151
2026-06-02 17:00:00,8,56.61916666666667,76.62583333333333,106.81983655207881,115.83659326424873,115.05901832478067
2026-06-02 18:00:00,8,65.105,92.24916666666668,154.4827468427818,148.64065420560752,147.27257779770787
2026-06-02 19:00:00,8,46.92249999999999,77.18916666666667,151.36764432624557,148.64065420560752,127.23396138634129
2026-06-02 20:00:00,8,44.5275,46.17916666666667,140.97576770467532,148.64065420560752,119.8324757636043
2026-06-02 21:00:00,8,12.901666666666666,37.7125,105.065031685918,115.83659326424873,74.85883163977435
2026-06-02 22:00:00,8,-0.0833333333333333,21.4,76.90356523926475,48.13931098696461,49.74746873337191
2026-06-02 23:00:00,8,-0.5641666666666667,15.309166666666668,46.454972480961096,32.38668949771688,28.882389461936683
2026-06-03 00:00:00,8,-1.5191666666666668,52.54666666666666,29.95262339999355,32.38668949771688,23.593754809225523
2026-06-03 01:00:00,8,-0.4975,14.4375,39.97352122117903,7.192058333333332,11.663551187401595
2026-06-03 02:00:00,8,-0.1,25.2175,21.383829959544144,6.556119047619047,4.0530625659184025
2026-06-03 03:00:00,8,-1.3033333333333337,10.455,8.1273093174158,6.556119047619047,3.025350363656223
2026-06-03 04:00:00,8,-1.4983333333333333,10.4875,-1.2815500532523885,6.556119047619047,3.0273896291704077
2026-06-03 05:00:00,8,-1.2208333333333334,47.00833333333333,-6.619011624510819,6.556119047619047,0.6827147520056513
2026-06-03 06:00:00,8,-0.5341666666666667,98.71666666666664,4.307683627488672,30.55303921568627,5.0571924321214325
2026-06-03 07:00:00,8,4.8308333333333335,149.265,44.524370671621014,12.77196921443737,22.697621398829483
2026-06-03 08:00:00,8,23.27,185.5,100.8976758354554,48.13931098696461,65.15210148206022
2026-06-03 09:00:00,8,10.315833333333334,188.11666666666667,90.17692628121307,89.28192708333333,49.14900482171063
2026-06-03 10:00:00,8,5.7558333333333325,171.69500000000002,71.26057422593365,48.13931098696461,39.64036160609625
2026-06-03 11:00:00,8,1.785,155.80166666666668,37.577080487661554,48.13931098696461,18.17517425911109
2026-06-03 12:00:00,8,0.6516666666666667,145.3025,41.75749443343216,48.13931098696461,23.605196336803772
2026-06-03 13:00:00,8,-0.4408333333333333,157.86249999999998,37.471480042795136,30.55303921568627,24.032932222072105
2026-06-03 14:00:00,8,-2.1283333333333334,154.14083333333335,36.50914636765223,30.55303921568627,28.465464633080217
2026-06-03 15:00:00,8,-1.98,158.49416666666667,23.5627863416411,12.77196921443737,16.458224601474548
2026-06-03 16:00:00,8,0.1133333333333332,163.32166666666666,51.19494374961202,12.77196921443737,26.08462715811894
2026-06-03 17:00:00,8,37.16833333333333,174.27833333333334,112.15382909585787,48.13931098696461,65.57611066754026
2026-06-03 18:00:00,8,55.64416666666667,180.7483333333333,145.44319600769956,89.28192708333333,93.14427656432088
2026-06-03 19:00:00,8,23.195833333333336,170.92083333333335,154.52278051574575,201.4276007326007,93.6505055463015
2026-06-03 20:00:00,8,7.537499999999999,144.06,148.80967414839824,89.28192708333333,84.53887312861144
2026-06-03 21:00:00,8,0.8250000000000001,140.56,131.20656695966565,89.28192708333333,63.33701094373415
2026-06-03 22:00:00,8,-0.0875,151.68166666666667,106.33644848565041,48.13931098696461,44.38436010183771
2026-06-03 23:00:00,8,-0.1,135.16916666666663,65.71142164426419,12.77196921443737,19.246636247799806
2026-06-04 00:00:00,8,-0.1,127.50083333333332,46.950603555650105,12.77196921443737,11.969584889087557
2026-06-04 01:00:00,8,-0.0875,116.23833333333334,64.6956786607885,12.77196921443737,3.5039966248763434
2026-06-04 02:00:00,8,-0.0625,121.28416666666668,53.1770215571816,7.192058333333332,0.09540361336857472
2026-06-04 03:00:00,8,0.1341666666666666,114.64,45.124500780541446,7.192058333333332,-1.1427607514791447
2026-06-04 04:00:00,8,-0.0475,112.1925,27.82233753827098,-3.2637953795379535,-8.199849230881924
2026-06-04 05:00:00,8,-0.0433333333333333,108.32416666666666,18.81507969265877,-3.2637953795379535,-9.37889391774901
2026-06-04 06:00:00,8,0.3683333333333333,110.25583333333331,38.57440320684549,7.192058333333332,0.4598710503004497
2026-06-04 07:00:00,8,25.10083333333333,131.0225,88.61865551203331,48.13931098696461,27.831535971904636
2026-06-04 08:00:00,8,34.5275,160.35333333333332,133.34867281632808,89.28192708333333,60.54951016276558
2026-06-04 09:00:00,8,30.945833333333336,167.63083333333333,137.51183076080997,89.28192708333333,55.71824372367146
2026-06-04 10:00:00,8,24.151666666666667,144.47333333333333,127.8450058564386,89.28192708333333,49.6692315971424
2026-06-04 11:00:00,8,24.954166666666666,135.38416666666666,119.40585968222663,89.28192708333333,49.421567019020614
2026-06-04 12:00:00,8,28.33333333333333,132.6858333333333,118.79036084913966,89.28192708333333,54.07524489316654
2026-06-04 13:00:00,8,39.84583333333333,138.02583333333334,132.23206660837292,89.28192708333333,72.40790375269432
2026-06-04 14:00:00,8,39.04416666666666,122.665,161.25558621739918,148.64065420560752,99.26929434240026
2026-06-04 15:00:00,8,20.3275,89.96333333333332,162.11591138725657,84.70754310344824,112.9147680811967
2026-06-04 16:00:00,8,8.715,112.80083333333332,132.36018423286663,89.28192708333333,66.9869931441067
2026-06-04 17:00:00,8,56.9875,161.57333333333332,160.9613871258769,201.4276007326007,94.17779644435029
2026-06-04 18:00:00,8,69.545,167.89083333333335,163.03548227591025,201.4276007326007,107.68423379932112
2026-06-04 19:00:00,8,48.36833333333333,151.6575,146.45472956209255,201.4276007326007,103.57863174136918
2026-06-04 20:00:00,8,49.517500000000005,146.78,134.1427939489788,201.4276007326007,86.1227890413858
2026-06-04 21:00:00,8,58.0275,144.80166666666668,115.79679728357937,89.28192708333333,69.98749062448177
2026-06-04 22:00:00,8,27.3725,157.945,95.95317753966228,48.13931098696461,46.639572115734026
2026-06-04 23:00:00,8,19.15083333333333,157.2675,79.07626490064013,48.13931098696461,29.42266442247906
2026-06-05 00:00:00,8,11.408333333333331,136.3575,60.413186710430146,12.77196921443737,21.505693071085183
2026-06-05 01:00:00,8,13.976666666666668,123.6675,66.84667230457293,12.77196921443737,11.400964129282073
2026-06-05 02:00:00,8,15.31,122.08166666666666,57.992940633970406,7.192058333333332,10.33716769527593
2026-06-05 03:00:00,8,13.3975,114.13083333333331,46.14742710063976,30.55303921568627,7.04477029634279
2026-06-05 04:00:00,8,28.39333333333333,106.22416666666668,39.77545995570139,30.55303921568627,6.138404982284882
2026-06-05 05:00:00,8,41.52333333333333,111.03,45.232334371802686,30.55303921568627,15.915599749393323
2026-06-05 06:00:00,8,64.87833333333333,103.0875,64.48109630023197,52.94287272727276,37.6518974628527
2026-06-05 07:00:00,8,77.39833333333333,115.41,118.77109400742103,115.83659326424873,77.59000131393599
2026-06-05 08:00:00,8,81.46,140.1825,151.57238907796545,115.83659326424873,109.29743180303015
2026-06-05 09:00:00,8,88.76833333333333,171.76916666666668,163.87257475369645,148.64065420560752,105.2442904352438
2026-06-05 10:00:00,8,87.64666666666666,93.86916666666669,132.92751822706728,84.70754310344824,74.13274675652325
2026-06-05 11:00:00,8,81.64083333333333,76.25,89.30730468906512,48.13931098696461,34.17443283134471
2026-06-05 12:00:00,8,66.69333333333334,75.6075,79.70485205450746,32.38668949771688,36.18271683758044
2026-06-05 13:00:00,8,63.55083333333334,70.95083333333334,66.02205216968886,32.38668949771688,36.289623082082954
2026-06-05 14:00:00,8,70.5725,75.39083333333333,72.41651813676326,73.97322128851538,48.796581179519734
2026-06-05 15:00:00,8,63.54583333333333,73.94916666666667,74.85286501357947,73.97322128851538,58.76232494135297
2026-06-05 16:00:00,8,60.495000000000005,76.2175,135.6115828374933,141.86687694704045,123.3981508028634
2026-06-05 17:00:00,8,92.685,104.31916666666666,191.04503395827203,183.78170807453424,169.98847145731
2026-06-05 18:00:00,8,92.99833333333332,107.4675,226.65853848365424,201.4276007326007,197.3276075052732
2026-06-05 19:00:00,8,84.8875,80.135,216.1830273155099,183.78170807453424,185.006135211232
2026-06-05 20:00:00,8,80.55499999999999,67.21916666666667,199.49174766962852,183.78170807453424,152.5469108114023
2026-06-05 21:00:00,8,74.04333333333334,64.05916666666667,184.21547842297747,183.78170807453424,134.89813518315285
2026-06-05 22:00:00,8,65.425,51.9,154.80736332611042,141.86687694704045,110.31215770249679
2026-06-05 23:00:00,8,65.69166666666668,52.09583333333333,119.78638309784989,84.70754310344824,87.30947787740982
2026-06-06 00:00:00,8,59.97333333333333,39.00666666666667,97.85326544894652,73.97322128851538,77.47059062959099
2026-06-06 01:00:00,8,38.45333333333333,29.06833333333333,104.92119953251118,73.97322128851538,84.64658539938823
2026-06-06 02:00:00,8,29.31083333333333,28.139166666666668,81.94054874078846,47.94347463768115,75.78968711879219
2026-06-06 03:00:00,8,28.5075,15.75,60.27440738381463,47.94347463768115,66.4174279513933
2026-06-06 04:00:00,8,18.709166666666665,14.553333333333333,47.82233544278472,47.94347463768115,63.915476501239795
2026-06-06 05:00:00,8,25.14333333333333,10.474166666666669,41.35206560250171,47.94347463768115,65.92531217115159
2026-06-06 06:00:00,8,46.42250000000001,10.469166666666666,52.37762862387344,88.36124737945492,77.33444007447756
2026-06-06 07:00:00,8,57.406666666666666,15.58,64.16480459325967,88.36124737945492,93.46529562915919
2026-06-06 08:00:00,8,73.6425,30.689166666666665,88.81546199698947,122.06682071269492,116.3592383962885
2026-06-06 09:00:00,8,51.49583333333334,31.383333333333336,106.56805020913687,141.86687694704045,116.40212720545983
2026-06-06 10:00:00,8,35.4475,22.52333333333333,97.06341150647975,83.15345238095239,92.7187465581233
2026-06-06 11:00:00,8,29.06,7.5675,70.99925037849073,73.97322128851538,61.72020742073477
2026-06-06 12:00:00,8,31.665000000000003,4.996666666666667,74.01707872719513,47.94347463768115,60.152554883249536
2026-06-06 13:00:00,8,35.51916666666667,0.3941666666666666,68.97506756919518,47.94347463768115,59.340511978682564
2026-06-06 14:00:00,8,42.06916666666667,8.889166666666666,74.21131446448295,71.50397163120563,75.69142346878087
2026-06-06 15:00:00,8,41.73666666666667,11.946666666666667,86.26220002525875,71.50397163120563,77.45621893170801
2026-06-06 16:00:00,8,52.7875,14.381666666666666,113.85691725608157,83.15345238095239,109.05305796146268
2026-06-06 17:00:00,8,106.33583333333333,47.21,161.99163878876584,118.1288306451613,156.71785298547348
2026-06-06 18:00:00,8,106.365,42.40083333333333,199.47215727681157,141.86687694704045,187.5876039292952
2026-06-06 19:00:00,8,105.1375,31.624166666666667,195.62099954224982,141.86687694704045,177.27746518401864
2026-06-06 20:00:00,8,97.5775,48.675,177.0883846747453,141.86687694704045,158.7800705152468
2026-06-06 21:00:00,8,98.27083333333331,23.105,153.59976489528964,141.86687694704045,132.5427742854467
2026-06-06 22:00:00,8,106.92,10.126666666666669,135.2656322184419,141.86687694704045,113.8382243818391
2026-06-06 23:00:00,8,105.1675,10.4125,116.92008866749933,88.36124737945492,99.8172124635982
2026-06-07 00:00:00,8,90.08166666666666,13.3775,110.78780900603996,88.36124737945492,99.8552163552905
2026-06-07 01:00:00,8,88.08333333333333,10.259166666666667,131.69653262889094,122.06682071269492,102.86251433625071
2026-06-07 02:00:00,8,86.08583333333333,9.944166666666666,114.15708944185911,100.36078895463508,96.23373880053117
2026-06-07 03:00:00,8,78.87583333333333,4.705,96.51187311898784,100.36078895463508,89.58494497284447
2026-06-07 04:00:00,8,74.7475,0.3541666666666667,82.4486280372095,80.13860134003353,85.7452032120302
2026-06-07 05:00:00,8,77.28416666666666,1.1033333333333333,84.27241669546932,80.13860134003353,87.04533315942842
2026-06-07 06:00:00,8,82.23333333333333,1.9691666666666665,86.40160471716725,80.13860134003353,89.69557031318655
2026-06-07 07:00:00,8,102.5125,11.239166666666668,95.01991784287729,100.36078895463508,97.17369688651097
2026-06-07 08:00:00,8,94.43833333333332,14.606666666666667,93.16872586663305,122.06682071269492,95.56701540434207
2026-06-07 09:00:00,8,56.06,10.37,97.21541525286646,122.06682071269492,77.06327258233149
2026-06-07 10:00:00,8,39.891666666666666,7.204166666666667,85.82054112366407,48.314332412523015,48.701986790547295
2026-06-07 11:00:00,8,38.7325,-0.7416666666666667,87.27388553895914,48.314332412523015,40.032753926369125
2026-06-07 12:00:00,8,44.43416666666667,-0.9083333333333332,87.29988860285503,48.314332412523015,43.66071936045378
2026-06-07 13:00:00,8,44.5725,-0.8475,80.88698698555616,23.49784757118928,40.74730354082829
2026-06-07 14:00:00,8,48.04166666666666,-0.4683333333333333,93.59032651169233,48.314332412523015,53.8804665720734
2026-06-07 15:00:00,8,58.61333333333334,0.1283333333333333,119.50342931911567,48.314332412523015,82.6981612486303
2026-06-07 16:00:00,8,77.01416666666667,9.655833333333334,155.11791567410577,83.15345238095239,110.25624626390636
2026-06-07 17:00:00,8,102.6275,59.81,195.71942684836023,118.1288306451613,142.71798372787123
2026-06-07 18:00:00,8,102.1875,83.29666666666667,224.8519875945209,118.1288306451613,171.20300363478827
2026-06-07 19:00:00,8,98.6125,87.335,219.8259228521224,183.78170807453424,168.21093235286858
2026-06-07 20:00:00,8,89.19749999999999,85.4375,192.32070526849816,183.78170807453424,141.7500074608447
2026-06-07 21:00:00,8,89.90666666666665,90.76833333333332,177.51873708030843,141.86687694704045,128.52483930644246
2026-06-07 22:00:00,8,95.09083333333332,83.31666666666666,148.7686786112916,122.06682071269492,111.20814702221725
2026-06-07 23:00:00,8,85.91833333333334,51.78833333333333,122.1333110073212,122.06682071269492,95.90548844789747
2026-06-08 00:00:00,8,85.61166666666666,38.34,115.2563570201745,122.06682071269492,94.00885961340424
2026-06-08 01:00:00,8,90.25916666666666,53.56916666666667,124.47477819682598,122.06682071269492,111.77737270131976
2026-06-08 02:00:00,8,77.165,46.3775,106.29104816941023,100.36078895463508,105.52117519612324
2026-06-08 03:00:00,8,65.75083333333333,36.56916666666667,95.28884808700964,100.36078895463508,102.6736295336184
2026-06-08 04:00:00,8,62.47333333333333,34.58416666666667,81.38061323746757,100.36078895463508,96.26978895223976
2026-06-08 05:00:00,8,61.92,43.0625,72.63357832269598,100.36078895463508,92.10493666333142
2026-06-08 06:00:00,8,65.77166666666666,48.814166666666665,71.85140468281601,88.36124737945492,86.51243652545286
2026-06-08 07:00:00,8,77.63083333333333,72.36916666666666,85.89657731012184,88.36124737945492,94.18550649083869
2026-06-08 08:00:00,8,71.9975,69.00416666666666,102.23141997942213,122.06682071269492,103.58041188324556
2026-06-08 09:00:00,8,25.398333333333337,43.48,107.42924568997921,88.36124737945492,97.46784105356033
2026-06-08 10:00:00,8,10.686666666666667,29.266666666666666,101.17344892157669,83.15345238095239,76.16282816514342
2026-06-08 11:00:00,8,8.5375,18.895,70.73524251705486,71.50397163120563,48.13703531115401
2026-06-08 12:00:00,8,7.81,24.41416666666667,48.68534353985355,9.201132352941174,26.164963028504708
2026-06-08 13:00:00,8,5.578333333333333,17.784166666666668,40.33192677486798,9.201132352941174,23.89435931009632
2026-06-08 14:00:00,8,5.319166666666667,24.2525,44.9478845763432,9.201132352941174,31.88821454013094
2026-06-08 15:00:00,8,5.965,8.89,62.80250789462075,23.49784757118928,48.05155936219501
2026-06-08 16:00:00,8,3.7458333333333336,6.789166666666667,88.92166388442399,48.314332412523015,72.89743111059914
2026-06-08 17:00:00,8,75.2975,58.99416666666667,136.9451455261077,183.78170807453424,125.9640770176311
2026-06-08 18:00:00,8,90.81083333333332,125.60083333333334,175.83842176275945,183.78170807453424,163.6168832099806
2026-06-08 19:00:00,8,88.89999999999999,135.08083333333337,171.18052751425415,141.86687694704045,152.54419441108485
2026-06-08 20:00:00,8,77.66166666666666,45.20666666666667,167.83559836570453,141.86687694704045,147.37706153727305
2026-06-08 21:00:00,8,65.62333333333333,16.145833333333332,141.2378875404088,141.86687694704045,122.58587132519844
2026-06-08 22:00:00,8,44.07749999999999,-0.3141666666666667,112.89659635518191,141.86687694704045,92.82938053908094
2026-06-08 23:00:00,8,7.966666666666666,-0.0958333333333333,79.05074709569448,73.97322128851538,65.1285363614034
2026-06-09 00:00:00,8,9.444166666666666,-0.1841666666666666,56.0573618522417,73.97322128851538,47.021978751382235
2026-06-09 01:00:00,8,5.2716666666666665,-0.1,62.235582562020326,32.38668949771688,20.96696681464907
2026-06-09 02:00:00,8,3.0075000000000003,-1.12,33.0326885320522,13.343885057471256,6.088452252533081
2026-06-09 03:00:00,8,1.1783333333333337,-1.85,15.99511733928503,13.343885057471256,2.4095686921916837
2026-06-09 04:00:00,8,0.815,-2.2625,5.9479276815116435,6.556119047619047,4.460133250769736
2026-06-09 05:00:00,8,0.1666666666666666,-2.089166666666667,5.434966204013136,6.556119047619047,7.914743804586763
2026-06-09 06:00:00,8,0.3908333333333333,-1.4441666666666668,19.643035838502385,13.343885057471256,13.25011486536421
2026-06-09 07:00:00,8,8.666666666666666,2.8200000000000003,65.02598063459486,32.38668949771688,32.544216062526594
2026-06-09 08:00:00,8,11.749166666666667,22.8225,129.51619589736592,89.28192708333333,75.63118897207885
2026-06-09 09:00:00,8,16.289166666666667,11.15,139.92177438305902,89.28192708333333,65.50538861865655
2026-06-09 10:00:00,8,-0.2483333333333333,13.7925,113.07106109955383,89.28192708333333,48.868113391615466
2026-06-09 11:00:00,8,0.0208333333333333,7.116666666666667,66.47194946611586,48.13931098696461,28.389107150633365
2026-06-09 12:00:00,8,2.120833333333333,18.61583333333333,28.898908257450785,25.646064425770312,16.434798221211608
2026-06-09 13:00:00,8,-1.794166666666667,19.0425,-8.334487399307093,-4.426673387096772,3.2621699750103517
2026-06-09 14:00:00,8,-0.2616666666666666,27.381666666666664,-12.636220489822179,-4.426673387096772,-0.9670575411285114
2026-06-09 15:00:00,8,-0.7025,22.809166666666663,-0.10702837014031275,-4.426673387096772,-3.6973889299299856
2026-06-09 16:00:00,8,-2.829166666666667,25.835,19.563154655117593,25.646064425770312,3.5179879172180293
2026-06-09 17:00:00,8,2.2216666666666667,56.61916666666667,68.81781156695091,48.13931098696461,41.41567253564399
2026-06-09 18:00:00,8,11.8375,65.105,112.51829619450255,89.28192708333333,71.1949380247844
2026-06-09 19:00:00,8,10.124166666666666,46.92249999999999,107.5599324900324,89.28192708333333,68.09595365278629
2026-06-09 20:00:00,8,7.163333333333334,44.5275,93.60696436678481,89.28192708333333,60.11231864850909
2026-06-09 21:00:00,8,-0.2633333333333333,12.901666666666666,63.60914314766958,48.13931098696461,42.75783767880644
2026-06-09 22:00:00,8,-2.5658333333333334,-0.0833333333333333,18.57154978332715,48.13931098696461,26.189307939345966
2026-06-09 23:00:00,8,-3.814166666666667,-0.5641666666666667,-18.8923402728841,25.646064425770312,16.22563936208129
2026-06-10 00:00:00,9,-4.394166666666666,-1.5191666666666668,-26.720417391445196,25.646064425770305,11.540193060641066
2026-06-10 01:00:00,9,-3.0516666666666663,-0.4975,-29.04805259621385,6.840132398753895,7.268801804127861
2026-06-10 02:00:00,9,-3.865,-0.1,-42.08474558123828,-3.1692059748427677,0.18872984060266162
2026-06-10 03:00:00,9,-5.585,-1.3033333333333337,-60.030621265967355,-3.1692059748427677,-3.6144463821758563
2026-06-10 04:00:00,9,-3.911666666666666,-1.4983333333333333,-60.789481759225325,-3.1692059748427677,-6.806903014320923
2026-06-10 05:00:00,9,-4.104166666666667,-1.2208333333333334,-47.06760767834459,-3.1692059748427677,-6.2432666720128225
2026-06-10 06:00:00,9,-2.4475,-0.5341666666666667,-20.561637203036653,6.840132398753895,0.8436291107205705
2026-06-10 07:00:00,9,-0.3166666666666667,4.8308333333333335,26.660094722917215,12.045567061143986,18.432745625886653
2026-06-10 08:00:00,9,4.809166666666667,23.27,96.09777625954608,42.66627560521416,50.229494382967815
2026-06-10 09:00:00,9,10.5975,10.315833333333334,104.49519340441984,42.66627560521416,48.990788838248655
2026-06-10 10:00:00,9,18.464166666666667,5.7558333333333325,104.68022742011361,42.66627560521416,48.49245114528739
2026-06-10 11:00:00,9,4.91,1.785,98.7425272551549,42.66627560521416,47.18533638525605
2026-06-10 12:00:00,9,10.585833333333332,0.6516666666666667,96.3712625798844,42.66627560521416,49.897508399796436
2026-06-10 13:00:00,9,54.14333333333334,-0.4408333333333333,117.14857968272548,71.22547849462362,61.941486248426806
2026-06-10 14:00:00,9,63.517500000000005,-2.1283333333333334,131.72638674859934,102.54918776371308,78.88731870305958
2026-06-10 15:00:00,9,78.82916666666667,-1.98,135.68746950167213,102.54918776371308,89.1598453166335
2026-06-10 16:00:00,9,101.67416666666666,0.1133333333333332,155.46738841478648,146.60506775067753,112.167569983231
2026-06-10 17:00:00,9,120.76,37.16833333333333,187.35080668594526,195.85394894894895,146.45638111807008
2026-06-10 18:00:00,9,120.24,55.64416666666667,221.04093142485485,195.85394894894895,177.96316755029946
2026-06-10 19:00:00,9,117.24166666666667,23.195833333333336,214.49269627659766,195.85394894894895,171.8920399060019
2026-06-10 20:00:00,9,112.46083333333333,7.537499999999999,228.3196006078242,195.85394894894895,185.37424743046265
2026-06-10 21:00:00,9,111.055,0.8250000000000001,223.60895324730788,195.85394894894895,177.83310614439367
2026-06-10 22:00:00,9,117.53249999999998,-0.0875,209.36903819676525,146.60506775067753,164.8776286048494
2026-06-10 23:00:00,9,101.78833333333334,-0.1,181.66958683774283,146.60506775067753,145.98248698820703
2026-06-11 00:00:00,9,98.89,-0.1,173.84553025252666,107.61550976800977,145.03547987595863
2026-06-11 01:00:00,9,97.58833333333332,-0.0875,188.70716853690936,107.61550976800977,140.50564023330156
2026-06-11 02:00:00,9,98.8325,-0.0625,175.33949255247313,107.61550976800977,134.33163919187484
2026-06-11 03:00:00,9,95.145,0.1341666666666666,162.25468434807172,107.61550976800977,127.16464437146549
2026-06-11 04:00:00,9,96.0825,-0.0475,157.0347169228183,107.61550976800977,124.06729604834925
2026-06-11 05:00:00,9,98.79166666666669,-0.0433333333333333,157.46754161082953,107.61550976800977,127.99997728060632
2026-06-11 06:00:00,9,115.67083333333332,0.3683333333333333,173.69880195855632,107.61550976800977,143.2457504026616
2026-06-11 07:00:00,9,151.75,25.10083333333333,218.40894542962158,146.60506775067753,180.52900425687452
2026-06-11 08:00:00,9,175.27666666666667,34.5275,268.7152685952359,195.85394894894895,214.92716882657507
2026-06-11 09:00:00,9,138.78083333333333,30.945833333333336,274.269376464045,195.85394894894895,195.40766203224098
2026-06-11 10:00:00,9,96.21,24.151666666666667,225.52796508921136,195.85394894894895,143.3963560496013
2026-06-11 11:00:00,9,91.81833333333331,24.954166666666666,194.44415987432905,92.54724999999996,107.32507695556508
2026-06-11 12:00:00,9,90.14083333333332,28.33333333333333,182.63077763653013,92.54724999999996,100.39095687332176
2026-06-11 13:00:00,9,81.5025,39.84583333333333,160.5661290475884,69.6374748563219,90.40417212738933
2026-06-11 14:00:00,9,65.29333333333334,39.04416666666666,135.7763160725578,47.87377896613192,85.65331594313544
2026-06-11 15:00:00,9,55.25833333333333,20.3275,117.38817412595797,69.6374748563219,86.50863356896647
2026-06-11 16:00:00,9,75.73,8.715,151.9740873458158,92.54724999999996,115.00287718680804
2026-06-11 17:00:00,9,106.9025,56.9875,202.5669019338518,146.60506775067753,168.46192870781726
2026-06-11 18:00:00,9,107.02083333333331,69.545,220.03053079787685,195.85394894894895,181.69072450624626
2026-06-11 19:00:00,9,97.70333333333332,48.36833333333333,222.1932672939218,195.85394894894895,172.54930651508715
2026-06-11 20:00:00,9,83.96833333333333,49.517500000000005,198.07977758372084,195.85394894894895,140.50512236600133
2026-06-11 21:00:00,9,71.72916666666667,58.0275,171.49261534504464,195.85394894894895,110.16348320197255
2026-06-11 22:00:00,9,59.51583333333334,27.3725,147.3686832521635,76.97991352201254,84.97053531591432
2026-06-11 23:00:00,9,35.8225,19.15083333333333,122.70444955099687,69.09887301587302,69.26471776487114
2026-06-12 00:00:00,9,59.15583333333333,11.408333333333331,93.12975885666624,69.09887301587302,53.89888271247586
2026-06-12 01:00:00,9,12.466666666666669,13.976666666666668,91.9520952170489,69.09887301587302,34.78625134748786
2026-06-12 02:00:00,9,0.7166666666666667,15.31,64.9580644018809,13.249876126126125,19.325173358137334
2026-06-12 03:00:00,9,-0.5116666666666667,13.3975,46.70390967944921,13.249876126126125,13.37387829045771
2026-06-12 04:00:00,9,-0.1,28.39333333333333,35.92496699838679,6.220030303030305,13.45309759698688
2026-06-12 05:00:00,9,-0.2583333333333333,41.52333333333333,34.34375380689655,6.220030303030305,14.814295466783896
2026-06-12 06:00:00,9,-0.0916666666666666,64.87833333333333,41.25722610683143,13.249876126126125,22.681196121103916
2026-06-12 07:00:00,9,0.3816666666666666,77.39833333333333,68.66780459624312,31.976366033755273,38.20675451067548
2026-06-12 08:00:00,9,17.220833333333335,81.46,110.10666279547699,42.66627560521416,58.28949831300404
2026-06-12 09:00:00,9,3.8325,88.76833333333333,111.27123773755692,42.66627560521416,40.40142922855328
2026-06-12 10:00:00,9,-2.8891666666666667,87.64666666666666,58.492706405703686,25.646064425770305,17.43889915922081
2026-06-12 11:00:00,9,-5.145833333333333,81.64083333333333,4.533331068459297,25.646064425770305,4.030982312648021
2026-06-12 12:00:00,9,-5.728333333333334,66.69333333333334,-1.2291742086758006,25.646064425770305,7.931515129460969
2026-06-12 13:00:00,9,-7.9875,63.55083333333334,-22.439824353680592,-4.426673387096772,-8.897591134164841
2026-06-12 14:00:00,9,-10.0025,70.5725,-12.312926808512884,-4.426673387096772,-14.55827130595108
2026-06-12 15:00:00,9,-6.8675,63.54583333333333,7.3082502644882865,-4.426673387096772,-8.768031679264766
2026-06-12 16:00:00,9,-6.049166666666667,60.495000000000005,21.653393920979127,25.646064425770305,-2.552215303781068
2026-06-12 17:00:00,9,6.0375000000000005,92.685,58.62147658313962,42.66627560521416,24.573539605051266
2026-06-12 18:00:00,9,-24.953333333333333,92.99833333333332,79.91569967911438,42.66627560521416,47.38036497373102
2026-06-12 19:00:00,9,8.766666666666667,84.8875,68.93594063093973,42.66627560521416,45.76128460623275
2026-06-12 20:00:00,9,-1.211666666666667,80.55499999999999,53.797489472767026,42.66627560521416,35.92616794850213
2026-06-12 21:00:00,9,-3.640833333333333,74.04333333333334,32.087667800452635,42.66627560521416,30.760302449880257
2026-06-12 22:00:00,9,-4.758333333333334,65.425,6.689374349550064,25.646064425770305,23.827712363215888
2026-06-12 23:00:00,9,-5.175,65.69166666666668,-16.392454003517102,25.646064425770305,16.68093818232007
2026-06-13 00:00:00,9,-6.844166666666666,59.97333333333333,-33.05842443441172,25.646064425770305,15.689139560771707
2026-06-13 01:00:00,9,-6.8566666666666665,38.45333333333333,-17.509851442598503,6.840132398753895,22.398962967478226
2026-06-13 02:00:00,9,-5.424166666666667,29.31083333333333,-34.131463759571474,21.865330459770124,11.865588494985438
2026-06-13 03:00:00,9,-7.363333333333333,28.5075,-53.51003699466611,21.865330459770124,7.888378492072192
2026-06-13 04:00:00,9,-9.510833333333332,18.709166666666665,-66.97440595827604,21.865330459770124,3.899945964904923
2026-06-13 05:00:00,9,-8.000833333333333,25.14333333333333,-78.30525350869675,-3.1692059748427677,3.521597640262023
2026-06-13 06:00:00,9,-7.899999999999999,46.42250000000001,-80.73070715525756,-3.1692059748427677,5.583955822147061
2026-06-13 07:00:00,9,-3.7616666666666654,57.406666666666666,-77.24981274901577,-3.1692059748427677,13.273502856707573
2026-06-13 08:00:00,9,-2.6,73.6425,-56.163531638700334,6.840132398753895,21.73825525347685
2026-06-13 09:00:00,9,-1.0225,51.49583333333334,-24.09210044387021,12.045567061143986,24.50262589730218
2026-06-13 10:00:00,9,-0.1,35.4475,-10.189647051266036,25.646064425770305,23.482759504908458
2026-06-13 11:00:00,9,-0.0833333333333333,29.06,-8.704294316036382,25.646064425770305,27.06468139382011
2026-06-13 12:00:00,9,-0.0333333333333333,31.665000000000003,13.53123836509296,25.646064425770305,35.47035527953532
2026-06-13 13:00:00,9,7.555833333333333,35.51916666666667,21.95760884819134,25.646064425770305,38.47709179239325
2026-06-13 14:00:00,9,12.840833333333334,42.06916666666667,39.50240538477162,42.66627560521416,40.15062509172232
2026-06-13 15:00:00,9,54.11166666666667,41.73666666666667,44.917183465526435,42.66627560521416,36.7218715192606
2026-06-13 16:00:00,9,61.49666666666667,52.7875,55.634289509053445,76.97991352201254,44.11695889855057
2026-06-13 17:00:00,9,68.74583333333334,106.33583333333333,91.88194030146852,76.97991352201254,70.56117979378527
2026-06-13 18:00:00,9,71.92,106.365,117.2470568738046,102.54918776371308,96.04813230217468
2026-06-13 19:00:00,9,69.24166666666667,105.1375,126.84291844599164,112.44174948240165,113.71102876540535
2026-06-13 20:00:00,9,69.65750000000001,97.5775,141.94885791451418,140.0221108490566,126.69096952883133
2026-06-13 21:00:00,9,70.155,98.27083333333331,108.2148247784836,112.44174948240165,98.13076815822264
2026-06-13 22:00:00,9,67.5725,106.92,94.27556863755967,95.72336120401337,92.48535843335604
2026-06-13 23:00:00,9,66.02583333333334,105.1675,95.37756656422673,107.61550976800977,98.84802602247399
2026-06-14 00:00:00,9,72.30416666666666,90.08166666666666,92.82485032129867,107.61550976800977,99.3318249893776
2026-06-14 01:00:00,9,67.81750000000001,88.08333333333333,96.47395516938802,95.72336120401337,86.237676147714
2026-06-14 02:00:00,9,61.97166666666666,86.08583333333333,74.3354635682985,95.72336120401337,75.33974853582677
2026-06-14 03:00:00,9,56.76666666666667,78.87583333333333,55.474311235147816,65.13832677165354,65.78627009789453
2026-06-14 04:00:00,9,52.20166666666666,74.7475,42.58052388690065,65.13832677165354,61.32555953686128
2026-06-14 05:00:00,9,56.30166666666667,77.28416666666666,43.66578940069823,103.7862843642612,64.03804319767012
2026-06-14 06:00:00,9,55.1575,82.23333333333333,52.40466550775218,103.7862843642612,71.76328805480144
2026-06-14 07:00:00,9,61.634166666666665,102.5125,65.34052420162504,107.61550976800977,81.33173777675779
2026-06-14 08:00:00,9,70.76916666666666,94.43833333333332,86.80270935772202,107.61550976800977,97.10139624193293
2026-06-14 09:00:00,9,61.57916666666667,56.06,99.72124217713286,107.61550976800977,86.48732540141586
2026-06-14 10:00:00,9,35.303333333333335,39.891666666666666,93.80897609761364,69.6374748563219,59.84440754038857
2026-06-14 11:00:00,9,18.24083333333333,38.7325,71.16089177317633,47.87377896613192,39.2669566664415
2026-06-14 12:00:00,9,15.425,44.43416666666667,43.72614749565895,16.371301587301584,29.438412280865087
2026-06-14 13:00:00,9,16.441666666666666,44.5725,37.878593780942296,16.371301587301584,27.80514645978458
2026-06-14 14:00:00,9,21.4825,48.04166666666666,54.78352566022067,47.87377896613192,42.751227617393
2026-06-14 15:00:00,9,9.785833333333334,58.61333333333334,59.46430739820971,47.87377896613192,51.38755227893344
2026-06-14 16:00:00,9,26.33333333333333,77.01416666666667,84.40851763359875,69.6374748563219,76.75886376797632
2026-06-14 17:00:00,9,75.75416666666666,102.6275,132.10470666662943,112.44174948240165,117.45038370901256
2026-06-14 18:00:00,9,82.57000000000001,102.1875,180.80782238308961,112.44174948240165,147.05539736136387
2026-06-14 19:00:00,9,83.8475,98.6125,196.14668012679962,112.44174948240165,152.3470636539125
2026-06-14 20:00:00,9,75.93416666666667,89.19749999999999,188.68713640287996,112.44174948240165,143.0404401193487
2026-06-14 21:00:00,9,70.10166666666667,89.90666666666665,184.84523566704567,112.44174948240165,137.25175596463708
2026-06-14 22:00:00,9,65.285,95.09083333333332,170.56277569997175,140.0221108490566,127.72820166105532
2026-06-14 23:00:00,9,57.8875,85.91833333333334,148.10709716416955,140.0221108490566,116.88391813555855
2026-06-15 00:00:00,9,59.615,85.61166666666666,148.32976968285453,130.48822481914308,117.52631132281577
2026-06-15 01:00:00,9,69.61083333333333,90.25916666666666,162.09177699740405,130.48822481914308,133.2898782300358
2026-06-15 02:00:00,9,71.47583333333334,77.165,138.37576760816995,130.48822481914308,124.89001433068161
2026-06-15 03:00:00,9,66.48333333333333,65.75083333333333,118.71706842102864,130.48822481914308,116.16337197104946
2026-06-15 04:00:00,9,56.0525,62.47333333333333,104.38470738911448,130.48822481914308,113.99109314075184
2026-06-15 05:00:00,9,58.34916666666667,61.92,95.76394825368311,130.48822481914308,113.89169501692092
2026-06-15 06:00:00,9,68.52416666666666,65.77166666666666,103.03643844363837,130.48822481914308,123.78351921131136
2026-06-15 07:00:00,9,82.10083333333334,77.63083333333333,140.78780321641142,112.44174948240165,147.64628275824347
2026-06-15 08:00:00,9,92.94,71.9975,181.45363542690103,194.96066062176166,161.0911568188103
2026-06-15 09:00:00,9,67.2625,25.398333333333337,184.17387197556388,194.96066062176166,148.52544968775928
2026-06-15 10:00:00,9,42.86833333333333,10.686666666666667,161.91695268223714,112.44174948240165,129.989120528444
2026-06-15 11:00:00,9,47.30916666666667,8.5375,129.09618230343918,112.44174948240165,109.95641944302169
2026-06-15 12:00:00,9,54.91333333333333,7.81,103.12119109911389,102.54918776371308,94.98883673687354
2026-06-15 13:00:00,9,47.45,5.578333333333333,67.28135438322562,53.94121593291408,73.5050472970328
2026-06-15 14:00:00,9,38.174166666666665,5.319166666666667,63.95053902368464,71.22547849462362,66.95350066431577
2026-06-15 15:00:00,9,29.173333333333336,5.965,44.578657042659096,71.22547849462362,53.50456255442009
2026-06-15 16:00:00,9,49.259166666666665,3.7458333333333336,75.38266494356989,102.54918776371308,83.57140719017998
2026-06-15 17:00:00,9,72.4275,75.2975,131.69705873120134,102.54918776371308,128.75057828445867
2026-06-15 18:00:00,9,73.89916666666666,90.81083333333332,189.52218412777782,194.96066062176166,161.63930516355555
2026-06-15 19:00:00,9,67.33916666666667,88.89999999999999,195.98149512948208,194.96066062176166,160.45269358843365
2026-06-15 20:00:00,9,59.85583333333333,77.66166666666666,152.67606083032214,112.44174948240165,141.46136142737691
2026-06-15 21:00:00,9,52.47333333333333,65.62333333333333,114.00675140836466,102.54918776371308,108.98729627066328
2026-06-15 22:00:00,9,15.025833333333331,44.07749999999999,74.15094175290206,76.97991352201254,76.12775392088398
2026-06-15 23:00:00,9,9.5975,7.966666666666666,28.746984677314607,31.976366033755273,37.2450473247773
2026-06-16 00:00:00,9,3.3516666666666666,9.444166666666666,2.0037236224821697,12.045567061143986,24.88899971161601
2026-06-16 01:00:00,9,-0.0541666666666666,5.2716666666666665,4.783990389951946,12.045567061143986,7.756130049455209
2026-06-16 02:00:00,9,-0.245,3.0075000000000003,-26.378426407916407,6.840132398753895,-2.588123477626894
2026-06-16 03:00:00,9,-0.7225,1.1783333333333337,-46.28668738199633,21.865330459770124,-6.274670702751806
2026-06-16 04:00:00,9,-0.5908333333333333,0.815,-63.202245413698165,21.865330459770124,-7.8151089597392485
2026-06-16 05:00:00,9,-1.8133333333333328,0.1666666666666666,-64.68123576538895,21.865330459770124,-7.7686510298714495
2026-06-16 06:00:00,9,-1.2925,0.3908333333333333,-51.48742922009656,6.840132398753895,-1.1840889044335938
2026-06-16 07:00:00,9,4.178333333333334,8.666666666666666,-19.543979258913197,25.646064425770305,12.552960186721315
2026-06-16 08:00:00,9,26.22083333333333,11.749166666666667,48.309690026864985,42.66627560521416,48.16785498834797
2026-06-16 09:00:00,9,7.938333333333333,16.289166666666667,54.61098561610773,42.66627560521416,45.337285490459166
2026-06-16 10:00:00,9,5.433333333333334,-0.2483333333333333,42.36727281186468,42.66627560521416,28.84853430754422
2026-06-16 11:00:00,9,8.700000000000001,0.0208333333333333,29.805618784792408,42.66627560521416,24.00350315475501
2026-06-16 12:00:00,9,18.199166666666667,2.120833333333333,43.37095752426305,42.66627560521416,31.631415448075963
2026-06-16 13:00:00,9,18.973333333333333,-1.794166666666667,36.015028748662886,42.66627560521416,28.046663707219345
2026-06-16 14:00:00,9,25.105,-0.2616666666666666,40.02070184969866,42.66627560521416,25.81880340926361
2026-06-16 15:00:00,9,33.12833333333334,-0.7025,41.38820894229998,42.66627560521416,26.367660210043773
2026-06-16 16:00:00,9,67.68833333333333,-2.829166666666667,60.860626743346835,42.66627560521416,42.88129755361159
2026-06-16 17:00:00,9,66.69416666666667,2.2216666666666667,93.78663518803833,76.97991352201254,61.98295205940455
2026-06-16 18:00:00,9,69.01583333333333,11.8375,123.67155780059089,76.97991352201254,80.42408279098095
2026-06-16 19:00:00,9,73.35166666666667,10.124166666666666,120.71438096864364,76.97991352201254,84.90896181042267
2026-06-16 20:00:00,9,64.60916666666667,7.163333333333334,117.2145101761838,76.97991352201254,90.1843917442823
2026-06-16 21:00:00,9,54.73083333333333,-0.2633333333333333,79.02353246011616,76.97991352201254,64.58471079467017
2026-06-16 22:00:00,9,16.3675,-2.5658333333333334,48.38397044821243,53.94121593291408,46.80124843582236
2026-06-16 23:00:00,9,5.591666666666666,-3.814166666666667,24.361056374967575,53.94121593291408,38.85616332531793
2026-06-17 00:00:00,9,1.465833333333333,-4.394166666666666,12.259928274484267,53.94121593291408,39.51826844055367
2026-06-17 01:00:00,9,0.7324999999999999,-3.0516666666666663,25.185244877145763,48.6716076696165,23.934136939072296
2026-06-17 02:00:00,9,0.1091666666666666,-3.865,-4.520601460276495,21.865330459770124,6.142012200325787
2026-06-17 03:00:00,9,-0.0916666666666666,-5.585,-19.118090797082573,21.865330459770124,1.500861521141033
2026-06-17 04:00:00,9,-0.0958333333333333,-3.911666666666666,-23.41545160819409,21.865330459770124,3.8700009736960865
2026-06-17 05:00:00,9,-0.97,-4.104166666666667,-29.782128745907926,21.865330459770124,3.058300108190963
2026-06-17 06:00:00,9,-0.5933333333333334,-2.4475,-22.154176253754102,13.249876126126125,9.221932594642936
2026-06-17 07:00:00,9,4.878333333333333,-0.3166666666666667,6.060859725614826,31.976366033755273,25.521326458425307
2026-06-17 08:00:00,9,22.385,4.809166666666667,65.69388433212676,76.97991352201254,64.28457914154524
2026-06-17 09:00:00,9,26.60083333333333,10.5975,63.3424457277669,76.97991352201254,48.46186469534394
2026-06-17 10:00:00,9,7.225833333333334,18.464166666666667,42.99401586978739,76.97991352201254,32.6988525784515
2026-06-17 11:00:00,9,7.140000000000001,4.91,21.997460459721218,25.646064425770305,21.027131240887954
2026-06-17 12:00:00,9,16.131666666666668,10.585833333333332,8.085138604549293,25.646064425770305,14.24952518466965
2026-06-17 13:00:00,9,8.018333333333333,54.14333333333334,9.14366912997152,25.646064425770305,14.106264943974907
2026-06-17 14:00:00,9,21.6675,63.517500000000005,-2.1319677716148533,25.646064425770305,6.605930935269427
2026-06-17 15:00:00,9,28.299166666666665,78.82916666666667,8.053752255619436,31.976366033755273,14.841595628941405
2026-06-17 16:00:00,9,41.415,101.67416666666666,39.845594739563275,58.26354354354355,36.55578768966758
2026-06-17 17:00:00,9,22.69083333333333,120.76,74.3815243236901,76.97991352201254,53.65071689224327
2026-06-17 18:00:00,9,12.665833333333332,120.24,98.2994311896557,76.97991352201254,68.87236329742672
2026-06-17 19:00:00,9,21.724166666666665,117.24166666666667,78.24488294648037,74.97130733944952,57.461588792712156
2026-06-17 20:00:00,9,9.98,112.46083333333333,60.42802508244269,42.66627560521416,47.225125551082286
2026-06-17 21:00:00,9,10.01,111.055,40.050435574758865,42.66627560521416,38.083562032061046
2026-06-17 22:00:00,9,5.0183333333333335,117.53249999999998,20.22205732854477,58.26354354354355,30.70830393896764
2026-06-17 23:00:00,9,-1.8966666666666665,101.78833333333334,-1.056436744365186,58.26354354354355,23.55054912548772
2026-06-18 00:00:00,9,-2.115,98.89,-18.8860537517007,25.646064425770305,20.998610696435982
2026-06-18 01:00:00,9,-2.8683333333333336,97.58833333333332,-11.327014322313403,6.840132398753895,9.50595814749964
2026-06-18 02:00:00,9,-2.8625000000000003,98.8325,-35.084521270570704,21.865330459770124,3.8874188232842997
2026-06-18 03:00:00,9,-2.28,95.145,-51.18171669532856,21.865330459770124,-0.5159858703166407
2026-06-18 04:00:00,9,-2.5625,96.0825,-61.85037701525326,21.865330459770124,-2.3734883683128345
2026-06-18 05:00:00,9,-2.68,98.79166666666669,-68.61110865372467,21.865330459770124,-0.5288666265593918
2026-06-18 06:00:00,9,-2.5483333333333333,115.67083333333332,-61.73699895627135,21.865330459770124,5.779631728006599
2026-06-18 07:00:00,9,-0.3125,151.75,-24.62580613974353,25.646064425770305,18.229299383811075
2026-06-18 08:00:00,9,1.9025,175.27666666666667,21.622935734219645,42.66627560521416,36.29901264680386
2026-06-18 09:00:00,9,4.5575,138.78083333333333,18.100325153303032,42.66627560521416,25.84408201712131
2026-06-18 10:00:00,9,8.15,96.21,12.910297120423252,42.66627560521416,20.32275243671309
2026-06-18 11:00:00,9,12.540833333333332,91.81833333333331,20.720829068022937,42.66627560521416,19.05705650917063
2026-06-18 12:00:00,9,9.475833333333332,90.14083333333332,35.775512356692914,42.66627560521416,26.749630937442404
2026-06-18 13:00:00,9,8.024166666666668,81.5025,13.586840214446106,25.646064425770305,15.622078774500615
2026-06-18 14:00:00,9,5.273333333333333,65.29333333333334,14.417506163572547,25.646064425770305,12.71239424671569
2026-06-18 15:00:00,9,9.8475,55.25833333333333,9.313988698712159,25.646064425770305,12.834849588590401
2026-06-18 16:00:00,9,-0.9225,75.73,9.976785375238386,42.66627560521416,13.135242066788933
2026-06-18 17:00:00,9,3.4141666666666666,106.9025,45.23982217788721,42.66627560521416,31.284413926438503
2026-06-18 18:00:00,9,12.871666666666668,107.02083333333331,101.49047310131759,74.97130733944952,59.72489747209928
2026-06-18 19:00:00,9,9.5125,97.70333333333332,107.89372994945606,74.97130733944952,66.24794400084343
2026-06-18 20:00:00,9,10.3825,83.96833333333333,126.89600643322757,76.97991352201254,90.50843705140903
2026-06-18 21:00:00,9,9.815833333333334,71.72916666666667,113.91669863638589,76.97991352201254,74.97773952544556
2026-06-18 22:00:00,9,5.646666666666667,59.51583333333334,80.31299577047115,76.97991352201254,53.4455616152386
2026-06-18 23:00:00,9,-0.6008333333333332,35.8225,57.10687170275263,53.94121593291408,45.528250475969756
2026-06-19 00:00:00,9,-2.0475,59.15583333333333,42.82842493913013,53.94121593291408,45.67824273574425
2026-06-19 01:00:00,9,-1.6825,12.466666666666669,60.00689942903332,48.6716076696165,44.39528626842087
2026-06-19 02:00:00,9,-0.6091666666666666,0.7166666666666667,35.32322583233487,48.6716076696165,28.941927679962028
2026-06-19 03:00:00,9,-2.1416666666666666,-0.5116666666666667,11.10115000321587,6.220030303030305,12.847069336576155
2026-06-19 04:00:00,9,-2.9566666666666666,-0.1,-6.281319839846375,6.220030303030305,-1.2753747015737815
2026-06-19 05:00:00,9,-2.9725,-0.2583333333333333,-8.082173943964008,-3.1692059748427677,-2.990322216390851
2026-06-19 06:00:00,9,-2.279166666666667,-0.0916666666666666,4.443563181717963,6.840132398753895,1.525432236303601
2026-06-19 07:00:00,9,1.57,0.3816666666666666,32.14697110535395,12.045567061143986,17.78653304877163
2026-06-19 08:00:00,9,22.549166666666665,17.220833333333335,95.51188505045982,74.97130733944952,50.82862950094438
2026-06-19 09:00:00,9,12.321666666666667,3.8325,97.09001867455305,74.97130733944952,43.19478177869841
2026-06-19 10:00:00,9,1.8083333333333336,-2.8891666666666667,63.78455998283582,42.66627560521416,27.262776365331668
2026-06-19 11:00:00,9,1.2425,-5.145833333333333,64.76273652379162,42.66627560521416,22.878556187680516
2026-06-19 12:00:00,9,7.649166666666667,-5.728333333333334,49.64323306261444,42.66627560521416,26.068502847710803
2026-06-19 13:00:00,9,14.038333333333334,-7.9875,55.96794706874975,42.66627560521416,23.18098363288083
2026-06-19 14:00:00,9,36.48666666666667,-10.0025,62.235658797644646,42.66627560521416,23.45826565348696
2026-06-19 15:00:00,9,53.0925,-6.8675,61.18423330916896,12.045567061143986,19.96212365390717
2026-06-19 16:00:00,9,54.98166666666666,-6.049166666666667,74.2426021597889,42.66627560521416,25.267750095611873
2026-06-19 17:00:00,9,75.9575,6.0375000000000005,120.776265921142,74.97130733944952,55.12141138495493
2026-06-19 18:00:00,9,75.39166666666667,-24.953333333333333,143.5765770023255,74.97130733944952,69.93628551011551
2026-06-19 19:00:00,9,72.09083333333334,8.766666666666667,148.39822655554508,76.97991352201254,76.85497613298753
2026-06-19 20:00:00,9,68.8175,-1.211666666666667,156.6245630185114,102.54918776371308,95.80581712810837
2026-06-19 21:00:00,9,60.78,-3.640833333333333,143.6843865018442,112.44174948240165,92.27180660101013
2026-06-19 22:00:00,9,65.56,-4.758333333333334,128.81910984517685,112.44174948240165,87.06701869082126
2026-06-19 23:00:00,9,63.836666666666666,-5.175,110.41905282123638,95.72336120401337,81.86582397797021
2026-06-20 00:00:00,9,60.04583333333333,-6.844166666666666,93.31783181559707,73.06103488372091,73.87342408071379
2026-06-20 01:00:00,9,59.20666666666667,-6.8566666666666665,93.24833929322253,73.06103488372091,76.57384704529863
2026-06-20 02:00:00,9,54.751666666666665,-5.424166666666667,68.75708648114056,73.06103488372091,64.49308015967797
2026-06-20 03:00:00,9,50.01916666666667,-7.363333333333333,56.110818390155266,65.13832677165354,61.218392775442226
2026-06-20 04:00:00,9,49.19166666666666,-9.510833333333332,44.13034595446083,65.13832677165354,60.2565672255382
2026-06-20 05:00:00,9,50.275,-8.000833333333333,44.7052275384918,65.13832677165354,63.907050689299886
2026-06-20 06:00:00,9,51.2425,-7.899999999999999,62.086893647144684,95.72336120401337,76.43537810454733
2026-06-20 07:00:00,9,55.36333333333334,-3.7616666666666654,69.97824535288352,73.06103488372091,81.16003342113403
2026-06-20 08:00:00,9,58.90083333333334,-2.6,61.942677479101775,31.976366033755273,59.30494876071282
2026-06-20 09:00:00,9,81.635,-1.0225,62.54035300104347,42.66627560521416,53.711715735752925
2026-06-20 10:00:00,9,86.63333333333333,-0.1,58.92901429179202,76.97991352201254,52.64281486707445
2026-06-20 11:00:00,9,65.84083333333332,-0.0833333333333333,62.38373213526225,53.94121593291408,51.60233249398982
2026-06-20 12:00:00,9,55.90166666666666,-0.0333333333333333,66.0671012412614,53.94121593291408,49.54342948234701
2026-06-20 13:00:00,9,55.55916666666667,7.555833333333333,56.411101044830176,31.976366033755273,37.48037377230234
2026-06-20 14:00:00,9,42.59916666666667,12.840833333333334,51.01581961011921,31.976366033755273,28.41061810416425
2026-06-20 15:00:00,9,40.72416666666667,54.11166666666667,48.04544186116597,53.94121593291408,29.790622400659565
2026-06-20 16:00:00,9,63.63916666666666,61.49666666666667,70.33342280371889,53.94121593291408,47.24253944799141
2026-06-20 17:00:00,9,77.89833333333333,68.74583333333334,126.77224605430655,102.54918776371308,87.73816005355516
2026-06-20 18:00:00,9,87.27916666666665,71.92,165.97545418182725,102.54918776371308,126.41961942227266
2026-06-20 19:00:00,9,83.0325,69.24166666666667,181.75406639813957,112.44174948240165,144.94568993075168
2026-06-20 20:00:00,9,81.92166666666667,69.65750000000001,174.34054225203448,112.44174948240165,139.16416720047937
2026-06-20 21:00:00,9,87.70916666666666,70.155,174.52759681467734,140.0221108490566,139.9050597106457
2026-06-20 22:00:00,9,82.78,67.5725,168.13421125900913,140.0221108490566,130.25232817864583
2026-06-20 23:00:00,9,81.505,66.02583333333334,147.21993796337082,107.61550976800977,115.06772621229715
2026-06-21 00:00:00,9,80.97500000000001,72.30416666666666,131.23889093187776,107.61550976800977,108.68614451919686
2026-06-21 01:00:00,9,81.71583333333334,67.81750000000001,141.86390727917626,107.61550976800977,97.74707002938754
2026-06-21 02:00:00,9,71.79083333333334,61.97166666666666,122.22230462572867,107.61550976800977,88.77335581653497
2026-06-21 03:00:00,9,70.5675,56.76666666666667,100.78894390704149,130.48822481914308,78.94060979432096
2026-06-21 04:00:00,9,68.4675,52.20166666666666,87.62776066666527,103.7862843642612,75.50304049616541
2026-06-21 05:00:00,9,71.58083333333333,56.30166666666667,83.49880273310733,103.7862843642612,76.06390597687275
2026-06-21 06:00:00,9,72.05166666666666,55.1575,85.7710469443317,130.48822481914308,79.78532465956292
2026-06-21 07:00:00,9,81.35916666666667,61.634166666666665,102.54139122193284,130.48822481914308,90.64337719573633
2026-06-21 08:00:00,9,88.18416666666667,70.76916666666666,125.0424666365619,130.48822481914308,110.13091772556149
2026-06-21 09:00:00,9,72.17833333333333,61.57916666666667,127.37494520094842,130.48822481914308,101.03486307880392
2026-06-21 10:00:00,9,66.8025,35.303333333333335,113.03668486522017,69.6374748563219,71.6098968762257
2026-06-21 11:00:00,9,60.415,18.24083333333333,91.55933613564126,47.87377896613192,44.78490213779054
2026-06-21 12:00:00,9,58.711666666666666,15.425,73.09460578576422,47.87377896613192,39.508530909820394
2026-06-21 13:00:00,9,50.68416666666667,16.441666666666666,68.6098953433433,47.87377896613192,39.990127361134576
2026-06-21 14:00:00,9,55.27,21.4825,80.79321703329772,47.87377896613192,51.36769982923639
2026-06-21 15:00:00,9,66.01833333333333,9.785833333333334,95.7542915112511,69.6374748563219,65.21351954501175
2026-06-21 16:00:00,9,67.39833333333333,26.33333333333333,119.80795077388073,69.6374748563219,88.93945600789415
2026-06-21 17:00:00,9,106.33,75.75416666666666,159.4604596846844,140.0221108490566,125.16748958449551
2026-06-21 18:00:00,9,124.5075,82.57000000000001,199.1299048589366,140.0221108490566,152.80322510177393
2026-06-21 19:00:00,9,125.1875,83.8475,211.6701208730748,140.0221108490566,158.33327273051327
2026-06-21 20:00:00,9,132.46416666666667,75.93416666666667,214.1773209129788,140.0221108490566,156.56320617151638
2026-06-21 21:00:00,9,125.90583333333332,70.10166666666667,208.4321230716281,140.0221108490566,150.0997472134332
2026-06-21 22:00:00,9,109.65416666666664,65.285,197.98166006364482,140.0221108490566,140.13687923275307
2026-06-21 23:00:00,9,102.98083333333334,57.8875,172.95311312306842,140.0221108490566,123.2707546506974
2026-06-22 00:00:00,9,113.16916666666668,59.615,166.0412133747115,107.61550976800977,117.10490738236766
2026-06-22 01:00:00,9,96.80416666666667,69.61083333333333,175.48610981830586,107.61550976800977,130.81826043168365
2026-06-22 02:00:00,9,90.02749999999999,71.47583333333334,154.82455907154804,107.61550976800977,124.04084629352965
2026-06-22 03:00:00,9,97.0125,66.48333333333333,133.58052921060306,107.61550976800977,116.95651217444461
2026-06-22 04:00:00,9,98.97416666666668,56.0525,124.28548857926651,107.61550976800977,116.22389147985974
2026-06-22 05:00:00,9,98.3025,58.34916666666667,125.81458449749618,107.61550976800977,120.96428114960494
2026-06-22 06:00:00,9,104.52583333333332,68.52416666666666,145.35178743712822,107.61550976800977,139.2855861800001
2026-06-22 07:00:00,9,160.6525,82.10083333333334,196.73493440238937,140.0221108490566,174.667337487513
2026-06-22 08:00:00,9,220.85416666666663,92.94,241.34166094921645,1191.3064583333335,199.32933159762138
2026-06-22 09:00:00,9,276.31083333333333,67.2625,228.92245001414054,1191.3064583333335,187.62433067244547
2026-06-22 10:00:00,9,252.44000000000003,42.86833333333333,213.54082433388598,1191.3064583333335,169.41035730007653
2026-06-22 11:00:00,9,252.0675,47.30916666666667,191.99407114738133,118.54315705128201,143.86489644043337
2026-06-22 12:00:00,9,246.155,54.91333333333333,177.28818925568157,118.54315705128201,133.97142381333123
2026-06-22 13:00:00,9,259.89416666666665,47.45,168.0926584015415,118.54315705128201,134.7548611013495
2026-06-22 14:00:00,9,221.185,38.174166666666665,152.70344673439794,118.54315705128201,131.23883644378253
2026-06-22 15:00:00,9,231.84583333333333,29.173333333333336,148.9639847057354,118.54315705128201,134.3726682500502
2026-06-22 16:00:00,9,287.08666666666664,49.259166666666665,171.1544179024636,118.54315705128201,153.00916023071932
2026-06-22 17:00:00,9,246.6383333333333,72.4275,233.20080780486543,140.0221108490566,200.0155531184389
2026-06-22 18:00:00,9,254.1808333333333,73.89916666666666,280.26366620471816,1191.3064583333335,227.17717330949156
2026-06-22 19:00:00,9,215.9983333333333,67.33916666666667,284.98079658931397,1191.3064583333335,227.27838570481515
2026-06-22 20:00:00,9,177.63833333333332,59.85583333333333,264.31181694109137,1191.3064583333335,221.1867339539418
2026-06-22 21:00:00,9,134.96,52.47333333333333,236.87255896429207,1191.3064583333335,201.06265204884227
2026-06-22 22:00:00,9,130.88750000000002,15.025833333333331,192.61071743837357,140.0221108490566,173.39152112152127
2026-06-22 23:00:00,9,106.77833333333332,9.5975,135.9095696012235,140.0221108490566,139.46201509243542
2026-06-23 00:00:00,9,95.30333333333331,3.3516666666666666,113.99607708285832,140.0221108490566,126.49340765921076
2026-06-23 01:00:00,9,93.94166666666666,-0.0541666666666666,120.5508432654349,107.61550976800977,116.52375935782398
2026-06-23 02:00:00,9,88.41333333333334,-0.245,96.593057673284,95.72336120401337,105.43040952244488
2026-06-23 03:00:00,9,86.7475,-0.7225,79.5495491742727,95.72336120401337,98.40481300804464
2026-06-23 04:00:00,9,84.46249999999999,-0.5908333333333333,63.87837460464396,95.72336120401337,89.93312334279578
2026-06-23 05:00:00,9,86.81416666666667,-1.8133333333333328,64.5091347162866,95.72336120401337,94.4596891415654
2026-06-23 06:00:00,9,97.33083333333332,-1.2925,83.3175696765991,95.72336120401337,113.19709956390618
2026-06-23 07:00:00,9,154.29083333333332,4.178333333333334,131.35908155929638,112.44174948240165,148.6281988655022
2026-06-23 08:00:00,9,212.96916666666667,26.22083333333333,174.1239122983675,194.96066062176166,162.4343205062351
2026-06-23 09:00:00,9,222.8125,7.938333333333333,186.7086278221903,194.96066062176166,152.13756734974595
2026-06-23 10:00:00,9,189.46166666666667,5.433333333333334,157.96933553580772,118.54315705128201,129.88705377655364
2026-06-23 11:00:00,9,158.2125,8.700000000000001,129.25006330277853,118.54315705128201,107.14671176035068
2026-06-23 12:00:00,9,139.07416666666666,18.199166666666667,111.88039130506681,118.54315705128201,101.00816522853955
2026-06-23 13:00:00,9,132.06333333333333,18.973333333333333,115.98260305940835,118.54315705128201,106.11017192035729
2026-06-23 14:00:00,9,151.72166666666666,25.105,120.06587837360506,102.54918776371308,111.84898456155565
2026-06-23 15:00:00,9,147.955,33.12833333333334,140.16875970449956,118.54315705128201,139.43377552593554
2026-06-23 16:00:00,9,140.83166666666668,67.68833333333333,152.97045165385015,118.54315705128201,155.07699235304796
2026-06-23 17:00:00,9,166.6858333333333,66.69416666666667,181.2813797460991,140.0221108490566,185.6968453746865
2026-06-23 18:00:00,9,190.97333333333333,69.01583333333333,213.33658654121885,1191.3064583333335,205.27651503639424
2026-06-23 19:00:00,9,188.43166666666664,73.35166666666667,215.25144404435224,1191.3064583333335,202.68423618281935
2026-06-23 20:00:00,9,179.12750000000003,64.60916666666667,204.483788632141,1191.3064583333335,194.52082725753255
2026-06-23 21:00:00,9,145.095,54.73083333333333,178.86724671427257,140.0221108490566,172.85497809240422
2026-06-23 22:00:00,9,143.12083333333334,16.3675,145.5158969086561,140.0221108490566,145.21739986011892
2026-06-23 23:00:00,9,130.76000000000002,5.591666666666666,114.28592909640525,112.44174948240165,124.00964495491269
2026-06-24 00:00:00,9,119.54166666666669,1.465833333333333,95.21150458721954,112.44174948240165,113.98480776804962
2026-06-24 01:00:00,9,105.92333333333332,0.7324999999999999,106.43088510288248,95.72336120401337,107.92242721653834
2026-06-24 02:00:00,9,105.02583333333332,0.1091666666666666,88.95897399816224,95.72336120401337,101.51648349202765
2026-06-24 03:00:00,9,110.08,-0.0916666666666666,75.61494088528856,107.61550976800977,98.29490989780822
2026-06-24 04:00:00,9,106.19666666666666,-0.0958333333333333,70.69587764279576,107.61550976800977,100.0660151907741
2026-06-24 05:00:00,9,108.72416666666668,-0.97,66.89626755902388,107.61550976800977,100.54250158217678
2026-06-24 06:00:00,9,107.74,-0.5933333333333334,75.75162503176759,95.72336120401337,110.15116507217948
2026-06-24 07:00:00,9,146.60083333333333,4.878333333333333,115.73934957012341,140.0221108490566,143.2630652324824
2026-06-24 08:00:00,9,165.08166666666668,22.385,143.0618519758617,112.44174948240165,156.82710256109146
2026-06-24 09:00:00,9,174.57916666666665,26.60083333333333,175.89077258287136,1191.3064583333335,161.40579390176077
2026-06-24 10:00:00,9,156.22833333333332,7.225833333333334,177.8723485433411,118.54315705128201,149.203649615953
2026-06-24 11:00:00,9,161.11666666666667,7.140000000000001,146.23052107659285,118.54315705128201,125.86104439811575
2026-06-24 12:00:00,9,236.00666666666663,16.131666666666668,151.04916599824122,118.54315705128201,130.39779802511782
2026-06-24 13:00:00,9,170.9125,8.018333333333333,162.72135409918658,118.54315705128201,134.74690990681927
2026-06-24 14:00:00,9,152.66333333333333,21.6675,154.06074460334355,118.54315705128201,129.6266662736093
2026-06-24 15:00:00,9,119.54333333333334,28.299166666666665,164.03249220780634,118.54315705128201,136.23610382444627
2026-06-24 16:00:00,9,125.11333333333332,41.415,193.490088717809,140.0221108490566,164.76670271682661
2026-06-24 17:00:00,9,266.4825,22.69083333333333,231.45068364343956,140.0221108490566,190.89164490547984
2026-06-24 18:00:00,9,301.22583333333336,12.665833333333332,266.72399744899576,1191.3064583333335,216.39457749252776
2026-06-24 19:00:00,9,275.245,21.724166666666665,272.20950394127783,1191.3064583333335,216.23058330872638
2026-06-24 20:00:00,9,201.3,9.98,261.54897104328035,1191.3064583333335,210.5475385617849
2026-06-24 21:00:00,9,170.59166666666667,10.01,251.06332877700672,140.0221108490566,197.78991329598898
2026-06-24 22:00:00,9,160.2975,5.0183333333333335,236.11956321802415,140.0221108490566,180.2857711841878
2026-06-24 23:00:00,9,141.57583333333332,-1.8966666666666665,200.29634141142276,140.0221108490566,153.72121351459197
2026-06-25 00:00:00,9,125.07833333333332,-2.115,184.94063422094177,140.0221108490566,147.24894806096788
2026-06-25 01:00:00,9,122.9925,-2.8683333333333336,195.2180865070037,107.61550976800977,143.64159047554398
2026-06-25 02:00:00,9,131.42583333333332,-2.8625000000000003,180.79820385147258,107.61550976800977,137.4791281481002
2026-06-25 03:00:00,9,133.36666666666667,-2.28,168.06275497037905,107.61550976800977,129.7345234993173
2026-06-25 04:00:00,9,127.13,-2.5625,163.9293190480847,107.61550976800977,129.03983181794607
2026-06-25 05:00:00,9,142.32,-2.68,163.85254631690196,107.61550976800977,133.52751468224642
2026-06-25 06:00:00,9,153.56333333333333,-2.5483333333333333,183.85078788873597,107.61550976800977,151.07562394073773
2026-06-25 07:00:00,9,178.1875,-0.3125,236.90334362091673,195.85394894894895,188.58401017422463
2026-06-25 08:00:00,9,211.20166666666668,1.9025,286.62844414981294,1191.3064583333335,220.45417359688395
2026-06-25 09:00:00,9,183.205,4.5575,276.332039587213,1191.3064583333335,202.43575285141702
2026-06-25 10:00:00,9,182.48916666666665,8.15,241.89354695156024,118.54315705128201,165.7370733726226
2026-06-25 11:00:00,9,147.30416666666667,12.540833333333332,220.20584960632266,118.54315705128201,138.1192116656535
2026-06-25 12:00:00,9,150.36166666666665,9.475833333333332,200.47546252903012,118.54315705128201,130.8830896582316
2026-06-25 13:00:00,9,129.70000000000002,8.024166666666668,181.4285915494011,118.54315705128201,128.712984782269
2026-06-25 14:00:00,9,121.34,5.273333333333333,158.1380995456018,92.54724999999996,117.573592395286
2026-06-25 15:00:00,9,113.65583333333332,9.8475,144.50046279939903,92.54724999999996,116.61407956947386
2026-06-25 16:00:00,9,138.27583333333334,-0.9225,160.54147758099873,92.54724999999996,135.24280173849596
2026-06-25 17:00:00,9,194.71916666666667,3.4141666666666666,206.26057400841117,140.0221108490566,179.1421364880112
2026-06-25 18:00:00,9,198.7633333333333,12.871666666666668,241.99926981289417,1191.3064583333335,207.89026310172548
2026-06-25 19:00:00,9,171.4425,9.5125,236.6224180558107,1191.3064583333335,199.65669701381813
2026-06-25 20:00:00,9,156.52666666666667,10.3825,239.455487946956,1191.3064583333335,198.71092463669288
2026-06-25 21:00:00,9,158.3725,9.815833333333334,234.10060971851965,1191.3064583333335,193.71089245700932
2026-06-25 22:00:00,9,129.1475,5.646666666666667,222.01349456472713,140.0221108490566,176.51919865378557
2026-06-25 23:00:00,9,124.2175,-0.6008333333333332,190.6336237042774,140.0221108490566,150.69615878498394
2026-06-26 00:00:00,9,112.44166666666666,-2.0475,185.322458834258,140.0221108490566,143.11625977635097
2026-06-26 01:00:00,9,110.02916666666664,-1.6825,178.9869634836731,107.61550976800977,134.81331465111924
2026-06-26 02:00:00,9,113.09583333333336,-0.6091666666666666,150.33662571022137,107.61550976800977,126.20578901988414
2026-06-26 03:00:00,9,112.6675,-2.1416666666666666,133.1971067516357,107.61550976800977,118.93887374243741
2026-06-26 04:00:00,9,105.91416666666667,-2.9566666666666666,120.85837410238642,107.61550976800977,116.31298898129094
2026-06-26 05:00:00,9,110.98083333333334,-2.9725,114.64709653595118,107.61550976800977,118.31046590288332
2026-06-26 06:00:00,9,121.0425,-2.279166666666667,124.584476954363,107.61550976800977,132.7206528987042
2026-06-26 07:00:00,9,149.18083333333334,1.57,159.0530901283649,140.0221108490566,161.14748952368504
2026-06-26 08:00:00,9,176.4983333333333,22.549166666666665,217.3448266527613,140.0221108490566,189.32603363143045
2026-06-26 09:00:00,9,178.4425,12.321666666666667,221.8527307126733,1191.3064583333335,181.86685762126965
2026-06-26 10:00:00,9,179.06583333333333,1.8083333333333336,209.24189373627482,1191.3064583333335,154.94178759463045
2026-06-26 11:00:00,9,180.7658333333333,1.2425,185.3117584701619,118.54315705128201,130.5888865923819
2026-06-26 12:00:00,9,162.91166666666666,7.649166666666667,167.3769039491736,118.54315705128201,122.38309334042249
2026-06-26 13:00:00,9,115.87416666666668,14.038333333333334,131.30150471567765,92.54724999999996,103.26130395342102
2026-06-26 14:00:00,9,97.60666666666668,36.48666666666667,117.70570243760295,69.6374748563219,93.50557583353567
2026-06-26 15:00:00,9,74.83416666666666,53.0925,123.60312190558574,69.6374748563219,102.09310021144901
2026-06-26 16:00:00,9,104.61166666666668,54.98166666666666,145.06536087508943,92.54724999999996,127.8613428277852
2026-06-26 17:00:00,9,173.16583333333332,75.9575,163.84576189243882,140.0221108490566,158.66572117805896
2026-06-26 18:00:00,9,182.1425,75.39166666666667,173.4995840391125,1191.3064583333335,164.1154774268856
2026-06-26 19:00:00,9,177.83666666666667,72.09083333333334,188.53633398202285,1191.3064583333335,159.21722752999958
2026-06-26 20:00:00,9,175.0225,68.8175,190.9735923497305,1191.3064583333335,157.8924073100879
2026-06-26 21:00:00,9,187.2783333333333,60.78,193.46710255214703,140.0221108490566,153.92888451671755
2026-06-26 22:00:00,9,198.7675,65.56,190.73360275346857,140.0221108490566,149.76593653207613
2026-06-26 23:00:00,9,170.8658333333333,63.836666666666666,170.97023412752685,140.0221108490566,133.95313881131997
2026-06-27 00:00:00,9,158.58583333333334,60.04583333333333,149.28557891171366,140.0221108490566,123.44774533461968
2026-06-27 01:00:00,9,135.25666666666666,59.20666666666667,153.815441020665,130.48822481914308,116.24873509415758
2026-06-27 02:00:00,9,120.21416666666666,54.751666666666665,137.45201813917924,130.48822481914308,103.52105923704579
2026-06-27 03:00:00,9,115.45916666666666,50.01916666666667,124.33097619751837,130.48822481914308,93.91843606171841
2026-06-27 04:00:00,9,114.3675,49.19166666666666,119.27371008746653,130.48822481914308,88.38836632842867
2026-06-27 05:00:00,9,122.20083333333334,50.275,122.41693375528075,130.48822481914308,90.82235970889379
2026-06-27 06:00:00,9,125.80583333333334,51.2425,127.16242226483135,130.48822481914308,96.32752346194641
2026-06-27 07:00:00,9,118.3025,55.36333333333334,141.38671491575457,130.48822481914308,110.2792218287731
2026-06-27 08:00:00,9,141.55166666666665,58.90083333333334,149.51062775819935,140.0221108490566,133.34647633210386
2026-06-27 09:00:00,9,144.52166666666668,81.635,179.2478299824621,140.0221108490566,131.18936567161762
2026-06-27 10:00:00,9,110.88833333333334,86.63333333333333,185.20681958436137,118.54315705128201,111.41180842871582
2026-06-27 11:00:00,9,107.08416666666666,65.84083333333332,166.17586158054823,118.54315705128201,85.61625167793194
2026-06-27 12:00:00,9,102.71333333333332,55.90166666666666,136.367192475144,92.54724999999996,76.54921116117231
2026-06-27 13:00:00,9,89.5575,55.55916666666667,102.18239809122115,69.6374748563219,65.07234003995656
2026-06-27 14:00:00,9,87.5175,42.59916666666667,85.09683484081029,47.87377896613192,63.003717768912786
2026-06-27 15:00:00,9,91.24583333333334,40.72416666666667,91.85858616432436,47.87377896613192,69.08946948943745
2026-06-27 16:00:00,9,102.61583333333331,63.63916666666666,117.22308513607436,130.48822481914308,100.01985937046669
2026-06-27 17:00:00,9,116.1175,77.89833333333333,159.39855600886773,140.0221108490566,149.3184144150633
2026-06-27 18:00:00,9,116.7875,87.27916666666665,198.03820780540946,140.0221108490566,180.51285921081848
2026-06-27 19:00:00,9,103.9775,83.0325,207.13802228719524,140.0221108490566,181.29682718982036
2026-06-27 20:00:00,9,94.57333333333334,81.92166666666667,213.19247415373283,140.0221108490566,180.71631930353425
2026-06-27 21:00:00,9,82.62583333333333,87.70916666666666,217.24167293804697,140.0221108490566,176.3882946493684
2026-06-27 22:00:00,9,72.74333333333333,82.78,217.7346614257201,140.0221108490566,165.05532423381746
2026-06-27 23:00:00,9,72.04083333333334,81.505,207.69627121719677,140.0221108490566,148.25241035636026
2026-06-28 00:00:00,9,71.78833333333334,80.97500000000001,195.21947987896917,140.0221108490566,135.78537825722498
2026-06-28 01:00:00,9,75.23333333333333,81.71583333333334,202.2046298508463,130.48822481914308,118.72550567378804
2026-06-28 02:00:00,9,77.20166666666667,71.79083333333334,177.22109550162241,130.48822481914308,110.54574912009463
2026-06-28 03:00:00,9,75.33333333333333,70.5675,151.73583852931188,130.48822481914308,101.90386382329717
2026-06-28 04:00:00,9,73.04583333333333,68.4675,134.60139318385336,130.48822481914308,96.48681726078227
2026-06-28 05:00:00,9,70.55083333333333,71.58083333333333,125.94607344223084,130.48822481914308,94.9094185034757
2026-06-28 06:00:00,9,74.64,72.05166666666666,121.3895771078267,130.48822481914308,97.06448257321712
2026-06-28 07:00:00,9,79.05833333333334,81.35916666666667,130.22117715755726,130.48822481914308,108.19127777759172
2026-06-28 08:00:00,9,86.23333333333333,88.18416666666667,161.5864843494478,140.0221108490566,130.33534608432447
2026-06-28 09:00:00,9,82.4725,72.17833333333333,182.03352394658884,140.0221108490566,131.89708969450743
2026-06-28 10:00:00,9,71.12083333333334,66.8025,166.72932916913368,118.54315705128201,97.60195689650644
2026-06-28 11:00:00,9,64.95916666666666,60.415,132.32573200786538,69.6374748563219,69.78774389404914
2026-06-28 12:00:00,9,60.05916666666667,58.711666666666666,98.08136627188003,47.87377896613192,53.59143455486947
2026-06-28 13:00:00,9,58.0725,50.68416666666667,75.61200539901559,40.93875344352615,44.14168598059186
2026-06-28 14:00:00,9,56.425,55.27,67.84883791191365,40.93875344352615,47.292167857949565
2026-06-28 15:00:00,9,62.91583333333333,66.01833333333333,70.74504194430604,40.93875344352615,60.30159897738171
2026-06-28 16:00:00,9,78.93583333333333,67.39833333333333,104.02143124099484,110.31165043290036,98.09450399520988
2026-06-28 17:00:00,9,105.96333333333332,106.33,157.0552372110517,140.0221108490566,150.56911111753658
2026-06-28 18:00:00,9,104.21833333333332,124.5075,197.5994600167209,140.0221108490566,180.7788152450575
2026-06-28 19:00:00,9,84.42916666666666,125.1875,207.89202215619503,140.0221108490566,178.95285259948957
2026-06-28 20:00:00,9,78.08833333333332,132.46416666666667,197.9172026210942,140.0221108490566,163.62585555171785
2026-06-28 21:00:00,9,76.06416666666667,125.90583333333332,187.61843896934508,167.45319166666658,150.30639187961884
2026-06-28 22:00:00,9,68.66250000000001,109.65416666666664,167.36862008997247,167.45319166666658,134.02864588811406
2026-06-28 23:00:00,9,55.93333333333334,102.98083333333334,135.2616837722765,130.48822481914308,112.10413958321894
2026-06-29 00:00:00,9,12.408333333333331,113.16916666666668,115.8115399314192,112.34791032148897,99.90090420975294
2026-06-29 01:00:00,9,11.835,96.80416666666667,109.92568108159962,73.06103488372091,99.19666351582637
2026-06-29 02:00:00,9,11.2025,90.02749999999999,85.9357485502095,73.06103488372091,83.28008065393848
2026-06-29 03:00:00,9,8.111666666666666,97.0125,64.87573656925305,73.06103488372091,73.66065830550053
2026-06-29 04:00:00,9,7.327500000000001,98.97416666666668,45.56037829593008,37.79609166666667,62.110291072849876
2026-06-29 05:00:00,9,8.751666666666667,98.3025,38.934584083428774,73.06103488372091,59.105933627014274
2026-06-29 06:00:00,9,15.205,104.52583333333332,46.08688341190586,50.732164991624806,61.347803128665646
2026-06-29 07:00:00,9,63.51666666666667,160.6525,78.14472360684442,69.09887301587302,76.74680128507491
2026-06-29 08:00:00,9,81.11749999999999,220.85416666666663,125.40037887210387,144.5721850393701,108.73327310887825
2026-06-29 09:00:00,9,97.63583333333334,276.31083333333333,135.989547883614,144.5721850393701,96.83620033485442
2026-06-29 10:00:00,9,116.45583333333332,252.44000000000003,134.1212717761096,144.5721850393701,91.98162883404427
2026-06-29 11:00:00,9,133.17416666666665,252.0675,144.878406275325,144.5721850393701,95.58184911314935
2026-06-29 12:00:00,9,110.6725,246.155,129.20255922629218,74.97130733944952,75.9324652619387
2026-06-29 13:00:00,9,111.03000000000002,259.89416666666665,111.84706330153527,74.97130733944952,69.23097108852451
2026-06-29 14:00:00,9,114.3975,221.185,96.06662954314848,74.97130733944952,61.75874224210017
2026-06-29 15:00:00,9,126.62333333333332,231.84583333333333,82.82847326571414,42.66627560521416,57.39544406571393
2026-06-29 16:00:00,9,137.25583333333333,287.08666666666664,97.75582072522839,74.97130733944952,78.09455812662618
2026-06-29 17:00:00,9,174.20583333333332,246.6383333333333,113.66566002643398,74.97130733944952,93.61518955056353
2026-06-29 18:00:00,9,171.235,254.1808333333333,133.66560941940747,194.96066062176166,107.83261035668504
2026-06-29 19:00:00,9,120.32083333333333,215.9983333333333,127.2394689331349,194.96066062176166,97.46417016243237
2026-06-29 20:00:00,9,90.09583333333336,177.63833333333332,116.05508941278973,74.97130733944952,87.44155419588452
2026-06-29 21:00:00,9,77.87583333333333,134.96,88.47889151452078,74.97130733944952,61.745847890800476
2026-06-29 22:00:00,9,68.45083333333334,130.88750000000002,62.20554356798644,42.66627560521416,51.003695543665906
2026-06-29 23:00:00,9,71.87416666666667,106.77833333333332,37.90878517732347,27.237974999999995,42.02375660277585
2026-06-30 00:00:00,9,75.29166666666667,95.30333333333331,19.123795284473204,27.237974999999995,35.194430858785516
2026-06-30 01:00:00,9,98.995,93.94166666666666,41.6246653270935,27.237974999999995,39.748922544857834
2026-06-30 02:00:00,9,98.5975,88.41333333333334,26.903925622318567,48.6716076696165,36.48052700815407
2026-06-30 03:00:00,9,96.46,86.7475,4.280256716035488,27.237974999999995,20.09195894794408
2026-06-30 04:00:00,9,100.59083333333332,84.46249999999999,-12.056304959862018,6.220030303030305,8.176878683710164
2026-06-30 05:00:00,9,104.66,86.81416666666667,-18.30491318802271,27.237974999999995,5.215562335371274
2026-06-30 06:00:00,9,109.3025,97.33083333333332,-6.611920005448155,6.840132398753895,13.193584599778156
2026-06-30 07:00:00,9,112.38833333333334,154.29083333333332,26.699561616987666,27.237974999999995,35.58651013519181
2026-06-30 08:00:00,9,133.64916666666667,212.96916666666667,58.30569235008297,42.66627560521416,53.465840813181735
2026-06-30 09:00:00,9,155.39083333333335,222.8125,56.496924686403496,74.97130733944952,49.432021928315734
2026-06-30 10:00:00,9,181.05,189.46166666666667,59.703436186870555,74.97130733944952,52.63926390722436
2026-06-30 11:00:00,9,167.28916666666666,158.2125,63.51139013262662,74.97130733944952,55.410106937100714
2026-06-30 12:00:00,9,215.81583333333333,139.07416666666666,77.68022396426083,194.96066062176166,64.14544074311323
2026-06-30 13:00:00,9,213.4883333333333,132.06333333333333,79.98663137105486,74.97130733944952,64.93710771973464
2026-06-30 14:00:00,9,185.1891666666667,151.72166666666666,90.0462572092048,74.97130733944952,70.40153657144857
2026-06-30 15:00:00,9,157.71666666666667,147.955,96.18227841643865,74.97130733944952,79.07047146434543
2026-06-30 16:00:00,9,150.85333333333332,140.83166666666668,116.09940228924816,76.97991352201254,97.59471053020087
2026-06-30 17:00:00,9,136.0425,166.6858333333333,145.30412908107235,144.5721850393701,147.61905719825597
2026-06-30 18:00:00,9,129.50833333333333,190.97333333333333,178.40335032296247,194.96066062176166,184.12954399276015
2026-06-30 19:00:00,9,100.08833333333332,188.43166666666664,186.25318348596392,194.96066062176166,189.3571571363352
2026-06-30 20:00:00,9,94.25916666666666,179.12750000000003,179.80124812244478,247.55876947040497,192.70710639592681
2026-06-30 21:00:00,9,84.045,145.095,143.9704039096519,247.55876947040497,147.17621627101153
2026-06-30 22:00:00,9,65.38916666666667,143.12083333333334,98.1753025497522,109.84287878787879,106.99174035351953
2026-06-30 23:00:00,9,49.18083333333333,130.76000000000002,66.60275641648096,109.84287878787879,78.40947105570586
2026-07-01 00:00:00,9,17.1275,119.54166666666669,47.8661871123073,69.09887301587302,64.89604502590507
2026-07-01 01:00:00,9,12.980833333333337,105.92333333333332,62.37952225576836,69.09887301587302,67.81296458159655
2026-07-01 02:00:00,9,10.696666666666667,105.02583333333332,43.65465311313322,48.6716076696165,57.74909964872431
2026-07-01 03:00:00,9,10.904166666666669,110.08,29.57649135036786,48.6716076696165,51.57129794985406
2026-07-01 04:00:00,9,2.5375,106.19666666666666,16.02779530438272,37.79609166666667,46.16059058291181
2026-07-01 05:00:00,9,-0.0083333333333333,108.72416666666668,10.89043335933232,48.6716076696165,42.612098351414645
2026-07-01 06:00:00,9,2.544166666666667,107.74,11.59580499940271,48.6716076696165,38.9428557224588
2026-07-01 07:00:00,9,12.65,146.60083333333333,33.40247898705916,27.237974999999995,45.21423536208469
2026-07-01 08:00:00,9,29.416666666666668,165.08166666666668,78.43897458388975,144.5721850393701,71.40823483462641
2026-07-01 09:00:00,9,16.981666666666666,174.57916666666665,91.00463795382254,74.97130733944952,62.24601684655006
2026-07-01 10:00:00,9,9.998333333333331,156.22833333333332,63.97200957325238,42.66627560521416,38.2470361788431
2026-07-01 11:00:00,9,9.175833333333332,161.11666666666667,29.70935493492179,12.045567061143986,17.62155478293552
2026-07-01 12:00:00,9,9.743333333333334,236.00666666666663,17.33600243234475,25.646064425770305,9.439999350501381
2026-07-01 13:00:00,9,14.79,170.9125,7.511667151763433,25.646064425770305,5.321890852413816
2026-07-01 14:00:00,9,10.645833333333334,152.66333333333333,45.88056722956058,42.66627560521416,29.977136074185125
2026-07-01 15:00:00,9,9.711666666666666,119.54333333333334,60.42438191702773,42.66627560521416,44.23927868848523
2026-07-01 16:00:00,9,7.75,125.11333333333332,56.33392396256458,42.66627560521416,46.73163053922206
2026-07-01 17:00:00,9,28.741666666666664,266.4825,58.0695346724515,74.97130733944952,66.79931622776104
2026-07-01 18:00:00,9,52.16333333333333,301.22583333333336,60.06874796452469,74.97130733944952,87.29504620892749
2026-07-01 19:00:00,9,54.12833333333333,275.245,62.42007626882178,74.97130733944952,79.49150640234545
2026-07-01 20:00:00,9,68.60416666666667,201.3,92.177653344878,74.97130733944952,79.72642084388758
2026-07-01 21:00:00,9,5.560833333333334,170.59166666666667,80.63004930206404,74.97130733944952,64.4605251446992
2026-07-01 22:00:00,9,0.375,160.2975,47.341604952733704,42.66627560521416,31.762052510324523
2026-07-01 23:00:00,9,-0.3241666666666666,141.57583333333332,-8.164591921164416,12.045567061143986,9.119601815355459
2026-07-02 00:00:00,9,-1.575,125.07833333333332,8.267612666558911,12.045567061143986,9.66007331777903
2026-07-02 01:00:00,9,-2.7783333333333338,122.9925,27.09809594393652,12.045567061143986,10.721277480586807
2026-07-02 02:00:00,9,-6.554166666666666,131.42583333333332,-3.090002587193041,6.840132398753895,-6.395625042838461
2026-07-02 03:00:00,9,-6.671666666666667,133.36666666666667,-21.79865309718528,6.840132398753895,-13.104254557318399
2026-07-02 04:00:00,9,-6.758333333333333,127.13,-39.18708678972963,-3.1692059748427677,-16.034239946776765
2026-07-02 05:00:00,9,-7.9075,142.32,-49.754944661065096,-3.1692059748427677,-14.489948078500532
2026-07-02 06:00:00,9,-6.7875000000000005,153.56333333333333,-33.7380715871151,6.840132398753895,-8.367935003686583
2026-07-02 07:00:00,9,-5.938333333333333,178.1875,-8.005414685369743,12.045567061143986,9.896539433279656
2026-07-02 08:00:00,9,-2.35,211.20166666666668,17.36376576147392,42.66627560521416,33.72275902887834
2026-07-02 09:00:00,9,18.745833333333334,183.205,23.34055842875771,74.97130733944952,48.04618705084991
2026-07-02 10:00:00,9,3.7825,182.48916666666665,32.47960759244744,74.97130733944952,48.06317077466154
2026-07-02 11:00:00,9,-0.9499999999999998,147.30416666666667,24.973005144345827,74.97130733944952,47.999371037204625
2026-07-02 12:00:00,9,2.155,150.36166666666665,51.1521583688497,74.97130733944952,49.96893344498982
2026-07-02 13:00:00,9,26.2775,129.70000000000002,57.839971166951166,74.97130733944952,56.32476408708173
2026-07-02 14:00:00,9,0.8833333333333332,121.34,60.057928894665345,74.97130733944952,58.88855347400108
2026-07-02 15:00:00,9,-5.604166666666667,113.65583333333332,71.03990582558052,74.97130733944952,55.933601480197865
2026-07-02 16:00:00,9,20.58333333333333,138.27583333333334,77.89682492076426,74.97130733944952,66.6979374933627
2026-07-02 17:00:00,9,65.97166666666666,194.71916666666667,101.58516275928172,194.96066062176166,90.55207157474449
2026-07-02 18:00:00,9,52.5375,198.7633333333333,128.92430000741518,194.96066062176166,106.12595241944831
2026-07-02 19:00:00,9,31.14333333333333,171.4425,127.7321202554248,194.96066062176166,99.52977420384366
2026-07-02 20:00:00,9,14.508333333333333,156.52666666666667,132.6098491025035,194.96066062176166,97.52118235500605
2026-07-02 21:00:00,9,6.8075,158.3725,114.60742201660503,74.97130733944952,78.61552177329482
2026-07-02 22:00:00,9,3.7433333333333336,129.1475,83.87710625445018,74.97130733944952,50.25641840403737
2026-07-02 23:00:00,9,0.5916666666666667,124.2175,56.124330297375046,42.66627560521416,29.59099032468464
2026-07-03 00:00:00,9,-1.15,112.44166666666666,34.77030362703458,42.66627560521416,15.210791520755429
2026-07-03 01:00:00,9,-3.1441666666666666,110.02916666666664,40.7380392857191,12.045567061143986,13.328058844186359
2026-07-03 02:00:00,9,-5.3308333333333335,113.09583333333336,18.501094144760543,12.045567061143986,1.3238528017676572
2026-07-03 03:00:00,9,-6.808333333333334,112.6675,0.08067149237518834,6.840132398753895,-6.2930096183972495
2026-07-03 04:00:00,9,-6.953333333333333,105.91416666666667,-13.907172408745623,6.840132398753895,-11.138052475075568
2026-07-03 05:00:00,9,-6.9816666666666665,110.98083333333334,-16.748194807942582,6.840132398753895,-10.199508127404187
2026-07-03 06:00:00,9,-5.526666666666666,121.0425,0.6714877801302777,12.045567061143986,1.0706377375926195
2026-07-03 07:00:00,9,-1.3,149.18083333333334,43.02100529285342,42.66627560521416,29.208581145944834
2026-07-03 08:00:00,9,40.211666666666666,176.4983333333333,82.70924050341358,74.97130733944952,50.85653251664737
2026-07-03 09:00:00,9,35.44916666666666,178.4425,105.55097490752635,194.96066062176166,63.83478212286769
2026-07-03 10:00:00,9,0.2916666666666665,179.06583333333333,87.41053166933395,74.97130733944952,49.0771602148638
2026-07-03 11:00:00,9,3.9475,180.7658333333333,62.29905440947989,74.97130733944952,43.12476763306404
2026-07-03 12:00:00,9,15.806666666666668,162.91166666666666,74.94552749168578,74.97130733944952,53.26370353618566
2026-07-03 13:00:00,9,5.9,115.87416666666668,74.32095457311814,74.97130733944952,56.54896966420703
2026-07-03 14:00:00,9,-0.1466666666666666,97.60666666666668,82.05706161131225,42.66627560521416,52.591697634812924
2026-07-03 15:00:00,9,-0.5733333333333333,74.83416666666666,75.68987073444279,42.66627560521416,50.41881293144034
2026-07-03 16:00:00,9,7.826666666666667,104.61166666666668,95.099301098385,42.66627560521416,64.68898232224296
2026-07-03 17:00:00,9,55.82833333333334,173.16583333333332,140.851204710229,144.5721850393701,116.0752971801812
2026-07-03 18:00:00,9,69.13666666666667,182.1425,176.5183008386224,194.96066062176166,148.47553725152778
2026-07-03 19:00:00,9,71.71416666666666,177.83666666666667,181.57136750559582,194.96066062176166,145.32503127078328
2026-07-03 20:00:00,9,73.77083333333333,175.0225,164.58298225356106,76.97991352201254,119.45005429961148
2026-07-03 21:00:00,9,75.58833333333334,187.2783333333333,159.5318369542445,76.97991352201254,119.83016814155397
2026-07-03 22:00:00,9,75.85333333333334,198.7675,148.97128624242845,102.54918776371308,111.67736038880105
2026-07-03 23:00:00,9,56.06666666666666,170.8658333333333,118.77956507718986,102.54918776371308,93.70545700964666
2026-07-04 00:00:00,9,59.73666666666667,158.58583333333334,113.19805698739445,102.54918776371308,95.684314264051
2026-07-04 01:00:00,9,54.89000000000001,135.25666666666666,125.3057877068319,91.15821502057621,109.24362555925869
2026-07-04 02:00:00,9,47.310833333333335,120.21416666666666,100.77022452905172,91.15821502057621,95.58934334736416
2026-07-04 03:00:00,9,52.79916666666667,115.45916666666666,80.49571521223275,48.6716076696165,84.74822193684373
2026-07-04 04:00:00,9,48.75333333333333,114.3675,67.76606013343417,48.6716076696165,78.91159218314607
2026-07-04 05:00:00,9,50.41333333333333,122.20083333333334,64.85539657087091,48.6716076696165,79.24558903246493
2026-07-04 06:00:00,9,56.58166666666667,125.80583333333334,68.41877641694522,48.6716076696165,86.29667551246818
2026-07-04 07:00:00,9,69.605,118.3025,86.69699596011915,91.15821502057621,104.10639330939297
2026-07-04 08:00:00,9,60.00666666666667,141.55166666666665,101.13867131697594,109.84287878787879,113.46879744114935
2026-07-04 09:00:00,9,52.903333333333336,144.52166666666668,125.70278897995962,109.84287878787879,114.00230983418652
2026-07-04 10:00:00,9,44.0125,110.88833333333334,102.79228783921572,109.84287878787879,73.64625211265579
2026-07-04 11:00:00,9,36.9225,107.08416666666666,90.3358865014125,91.15821502057621,61.09045144045553
2026-07-04 12:00:00,9,39.93666666666667,102.71333333333332,93.71248060608339,91.15821502057621,72.6325443680442
2026-07-04 13:00:00,9,39.299166666666665,89.5575,82.20199894999065,91.15821502057621,64.34212657574888
2026-07-04 14:00:00,9,21.839166666666667,87.5175,79.3622100798297,91.15821502057621,75.16363759868696
2026-07-04 15:00:00,9,9.754166666666666,91.24583333333334,80.689822958472,91.15821502057621,72.522746537719
2026-07-04 16:00:00,9,62.80166666666667,102.61583333333331,109.5227886023593,91.15821502057621,102.57254140442262
2026-07-04 17:00:00,9,94.72583333333334,116.1175,150.92327814563495,144.5721850393701,147.41063778760198
2026-07-04 18:00:00,9,98.18333333333334,116.7875,189.72457350931245,247.55876947040497,180.37869564379463
2026-07-04 19:00:00,9,98.36666666666667,103.9775,199.64493912458096,247.55876947040497,186.23960347833
2026-07-04 20:00:00,9,100.8825,94.57333333333334,191.9938941115009,247.55876947040497,175.58335871084427
2026-07-04 21:00:00,9,97.93083333333334,82.62583333333333,179.91994857915412,247.55876947040497,156.91831044587423
2026-07-04 22:00:00,9,100.55416666666667,72.74333333333333,159.16983499287346,167.45319166666658,132.63527186500184
2026-07-04 23:00:00,9,98.85916666666668,72.04083333333334,140.9191408533097,167.45319166666658,117.44165011242517
2026-07-05 00:00:00,9,92.38416666666666,71.78833333333334,135.4819183811079,167.45319166666658,114.62842254685688
2026-07-05 01:00:00,9,89.16333333333334,75.23333333333333,149.90624665862768,95.72336120401337,116.06391977197288
2026-07-05 02:00:00,9,79.81583333333333,77.20166666666667,122.40167168470649,95.72336120401337,100.35785523356486
2026-07-05 03:00:00,9,71.30749999999999,75.33333333333333,103.59108863175895,95.72336120401337,91.76530641114667
2026-07-05 04:00:00,9,68.2075,73.04583333333333,92.42783179567603,95.72336120401337,89.07100880135663
2026-07-05 05:00:00,9,63.36833333333333,70.55083333333333,88.02559777584912,95.72336120401337,89.55627212196475
2026-07-05 06:00:00,9,58.56333333333333,74.64,84.19012625462808,95.72336120401337,88.66424700351602
2026-07-05 07:00:00,9,70.015,79.05833333333334,95.47894233120593,95.72336120401337,99.56994935656286
2026-07-05 08:00:00,9,79.30333333333333,86.23333333333333,128.66561435631525,130.48822481914308,128.78698585037606
2026-07-05 09:00:00,9,55.54750000000001,82.4725,140.8665534026681,167.45319166666658,121.17461243678184
2026-07-05 10:00:00,9,39.55416666666667,71.12083333333334,137.55108741990804,167.45319166666658,95.49199101459217
2026-07-05 11:00:00,9,29.290000000000003,64.95916666666666,108.42787509226758,53.94121593291408,65.46504797498446
2026-07-05 12:00:00,9,15.749166666666667,60.05916666666667,87.92379963654244,53.94121593291408,49.906813636967634
2026-07-05 13:00:00,9,2.9791666666666665,58.0725,67.88635865502316,30.173011695906442,40.45249424638321
2026-07-05 14:00:00,9,8.405833333333334,56.425,70.87251585155337,68.13824380165292,44.75261396381954
2026-07-05 15:00:00,9,9.683333333333334,62.91583333333333,85.12980893476197,110.31165043290036,57.93193054033948
2026-07-05 16:00:00,9,23.24416666666667,78.93583333333333,115.95647677825104,110.31165043290036,99.57165949547522
2026-07-05 17:00:00,9,77.615,105.96333333333332,161.67030872419338,192.06469771241836,136.69271159981332
2026-07-05 18:00:00,9,99.25583333333331,104.21833333333332,203.24613306555858,247.55876947040497,165.808946628947
2026-07-05 19:00:00,9,102.47666666666667,84.42916666666666,219.05838711259315,194.96066062176166,171.16733321799921
2026-07-05 20:00:00,9,93.36833333333334,78.08833333333332,229.15955794579466,247.55876947040497,179.2646964706883
2026-07-05 21:00:00,9,84.23916666666666,76.06416666666667,223.10986322613408,247.55876947040497,170.00824547963293
2026-07-05 22:00:00,9,77.87416666666667,68.66250000000001,210.21849077679565,247.55876947040497,161.0247575422921
2026-07-05 23:00:00,9,72.49666666666667,55.93333333333334,195.44104049424132,192.06469771241836,147.9660311896829
2026-07-06 00:00:00,9,71.91583333333334,12.408333333333331,196.17708085228062,192.06469771241836,144.81758625297158
2026-07-06 01:00:00,9,73.40583333333333,11.835,199.546121213868,130.48822481914308,175.2827906850327
2026-07-06 02:00:00,9,66.36083333333333,11.2025,182.8272763432413,130.48822481914308,165.60530801878338
2026-07-06 03:00:00,9,63.583333333333336,8.111666666666666,169.37239093835132,130.48822481914308,159.60302792610844
2026-07-06 04:00:00,9,66.37666666666667,7.327500000000001,161.21950251698027,130.48822481914308,159.2411767605784
2026-07-06 05:00:00,9,58.7275,8.751666666666667,160.40557011067176,130.48822481914308,165.52125777240218
2026-07-06 06:00:00,9,79.1925,15.205,178.07462539114914,130.48822481914308,185.5715183176207
2026-07-06 07:00:00,9,95.48833333333332,63.51666666666667,243.14647857712987,192.06469771241836,228.94851230083395
2026-07-06 08:00:00,9,105.19416666666666,81.11749999999999,313.969098413903,1191.3064583333335,260.64765473380737
2026-07-06 09:00:00,9,100.43916666666668,97.63583333333334,351.93149517165136,1191.3064583333335,257.6074835398058
2026-07-06 10:00:00,9,80.70583333333333,116.45583333333332,320.5328804103436,1191.3064583333335,224.0488816917998
2026-07-06 11:00:00,9,62.80416666666667,133.17416666666665,280.7054833597467,195.85394894894895,178.7001194240561
2026-07-06 12:00:00,9,51.119166666666665,110.6725,247.92974998527382,146.60506775067753,152.43538780090313
2026-07-06 13:00:00,9,49.89166666666667,111.03000000000002,221.66710088979266,110.31165043290036,135.29194841447864
2026-07-06 14:00:00,9,55.859166666666674,114.3975,193.25903263511967,110.31165043290036,130.98395610535107
2026-07-06 15:00:00,9,50.78833333333333,126.62333333333332,191.11713802955478,110.31165043290036,137.66342042007022
2026-07-06 16:00:00,9,69.47666666666667,137.25583333333333,230.11657506092484,146.60506775067753,178.48346644305465
2026-07-06 17:00:00,9,106.94333333333331,174.20583333333332,254.06919368072133,195.85394894894895,238.30527640560064
2026-07-06 18:00:00,9,117.77833333333332,171.235,309.8309916012897,194.96066062176166,274.8962966051432
2026-07-06 19:00:00,9,116.97416666666668,120.32083333333333,316.11384250622336,1191.3064583333335,273.7768636455631
2026-07-06 20:00:00,9,112.19,90.09583333333336,299.33489255772577,1191.3064583333335,267.61161559841264
2026-07-06 21:00:00,9,106.55083333333334,77.87583333333333,279.88987343727894,1191.3064583333335,259.4752415993622
2026-07-06 22:00:00,9,101.58833333333332,68.45083333333334,257.1426328732234,1191.3064583333335,240.19596850693947
2026-07-06 23:00:00,9,92.2325,71.87416666666667,212.9555646055356,140.0221108490566,207.76826136451658
2026-07-07 00:00:00,9,94.6475,75.29166666666667,191.23962921136194,140.0221108490566,190.7743425775994
2026-07-07 01:00:00,9,97.02833333333332,98.995,208.8501732914531,140.0221108490566,186.98815941860448
2026-07-07 02:00:00,9,89.22250000000001,98.5975,191.3555748536545,130.48822481914308,178.56183179943133
2026-07-07 03:00:00,9,85.84666666666668,96.46,175.53957903636876,130.48822481914308,171.62007244641995
2026-07-07 04:00:00,9,84.27583333333332,100.59083333333332,165.5299364155107,130.48822481914308,170.18212360542833
2026-07-07 05:00:00,9,88.77,104.66,163.42780688754246,130.48822481914308,173.91664405951406
2026-07-07 06:00:00,9,101.67333333333332,109.3025,184.65121801267395,140.0221108490566,194.9137790965829
2026-07-07 07:00:00,9,119.06666666666666,112.38833333333334,247.08726821375228,195.85394894894895,236.47151791510188
2026-07-07 08:00:00,9,132.09333333333333,133.64916666666667,307.53248816783787,1191.3064583333335,261.5728749668327
2026-07-07 09:00:00,9,127.50666666666666,155.39083333333335,351.4823392773769,1191.3064583333335,259.7736193913631
2026-07-07 10:00:00,9,107.91583333333334,181.05,328.6591693132374,1191.3064583333335,239.27461121264164
2026-07-07 11:00:00,9,121.35833333333332,167.28916666666666,304.21366761158947,1191.3064583333335,219.76437987011715
2026-07-07 12:00:00,9,135.53833333333333,215.81583333333333,292.68418940662286,1191.3064583333335,202.2467474303669
2026-07-07 13:00:00,9,124.33166666666666,213.4883333333333,272.90046420778765,1191.3064583333335,208.05827413610768
2026-07-07 14:00:00,9,119.0725,185.1891666666667,269.05621032953275,195.85394894894895,214.1478281374524
2026-07-07 15:00:00,9,126.27833333333336,157.71666666666667,255.08718037209044,195.85394894894895,221.18725552773859
2026-07-07 16:00:00,9,132.79416666666663,150.85333333333332,258.86471679988233,195.85394894894895,242.58990586569035
2026-07-07 17:00:00,9,158.26666666666668,136.0425,279.5775798596763,1191.3064583333335,266.8798478190426
2026-07-07 18:00:00,9,165.38,129.50833333333333,316.5889690847349,1191.3064583333335,282.58547112710824
2026-07-07 19:00:00,9,149.36166666666665,100.08833333333332,325.8505406019292,1191.3064583333335,281.9351252336951
2026-07-07 20:00:00,9,153.53416666666666,94.25916666666666,322.4992016963978,1191.3064583333335,280.71558565361266
2026-07-07 21:00:00,9,126.1825,84.045,304.0943933687398,1191.3064583333335,266.9610592652478
2026-07-07 22:00:00,9,118.09333333333336,65.38916666666667,282.5200859158021,1191.3064583333335,247.61758048425938
2026-07-07 23:00:00,9,106.96916666666668,49.18083333333333,240.3463606491528,195.85394894894895,213.9897271027427
2026-07-08 00:00:00,10,104.0975,17.1275,203.85634424473207,144.07968586387435,187.91486760515562
2026-07-08 01:00:00,10,99.91416666666667,12.980833333333337,214.4301086659193,144.07968586387435,182.52277729969504
2026-07-08 02:00:00,10,95.35083333333334,10.696666666666667,201.80915266749184,120.69722065285622,175.22780858475804
2026-07-08 03:00:00,10,94.06833333333331,10.904166666666669,190.86328100080237,120.69722065285622,169.67006017831005
2026-07-08 04:00:00,10,93.03166666666668,2.5375,180.13618855894455,120.69722065285622,168.09975788415932
2026-07-08 05:00:00,10,95.44416666666666,-0.0083333333333333,178.42084898484632,120.69722065285622,169.760623344464
2026-07-08 06:00:00,10,103.84499999999998,2.544166666666667,190.83954000684366,144.07968586387435,186.90644987405148
2026-07-08 07:00:00,10,123.03166666666668,12.65,235.5085576214143,187.52393333333333,224.99359814883076
2026-07-08 08:00:00,10,163.82,29.416666666666668,268.21315997120064,1172.1542250000002,243.4957262146952
2026-07-08 09:00:00,10,172.21666666666667,16.981666666666666,291.099177892204,1172.1542250000002,239.18703469109295
2026-07-08 10:00:00,10,183.375,9.998333333333331,277.9963530867948,1172.1542250000002,222.00699863451894
2026-07-08 11:00:00,10,234.78916666666663,9.175833333333332,255.80576410241758,187.52393333333333,195.2297885682492
2026-07-08 12:00:00,10,221.8325,9.743333333333334,253.42905681032306,187.52393333333333,177.1640556423866
2026-07-08 13:00:00,10,171.2458333333333,14.79,203.45525023156162,92.66546019900503,150.42708015946295
2026-07-08 14:00:00,10,165.67,10.645833333333334,189.65356559462046,92.66546019900503,139.3375462138598
2026-07-08 15:00:00,10,145.19,9.711666666666666,169.15744256625476,92.66546019900503,138.19781602491076
2026-07-08 16:00:00,10,195.5833333333333,7.75,185.15940167122568,145.21261154855645,170.2627729653278
2026-07-08 17:00:00,10,355.1858333333333,28.741666666666664,263.78901700611505,187.52393333333333,231.22397575718492
2026-07-08 18:00:00,10,634.4791666666666,52.16333333333333,322.46586520212554,1172.1542250000002,271.283798107711
2026-07-08 19:00:00,10,483.4483333333333,54.12833333333333,329.4407764916283,1172.1542250000002,270.281871867512
2026-07-08 20:00:00,10,3622.9166666666665,68.60416666666667,313.7818611014195,1172.1542250000002,261.0806436533106
2026-07-08 21:00:00,10,478.0208333333333,5.560833333333334,301.8405446309107,1172.1542250000002,243.32808818256132
2026-07-08 22:00:00,10,332.7375,0.375,277.68643576790697,1172.1542250000002,226.27938500210865
2026-07-08 23:00:00,10,190.55916666666667,-0.3241666666666666,242.09285044655965,187.52393333333333,201.94225320981087
2026-07-09 00:00:00,10,161.31916666666666,-1.575,222.1788736275675,187.52393333333333,189.13990561231208
2026-07-09 01:00:00,10,146.1375,-2.7783333333333338,236.5628836097657,125.01939516129036,182.3570943524462
2026-07-09 02:00:00,10,125.11833333333334,-6.554166666666666,222.0407145570982,145.21261154855645,174.6789586219379
2026-07-09 03:00:00,10,106.38916666666668,-6.671666666666667,213.88349180574932,120.69722065285622,172.3999031513388
2026-07-09 04:00:00,10,106.59499999999998,-6.758333333333333,199.44130465298016,120.69722065285622,170.90955287209073
2026-07-09 05:00:00,10,104.5275,-7.9075,200.75838998091146,120.69722065285622,176.20002820541828
2026-07-09 06:00:00,10,119.6525,-6.7875000000000005,218.3083237825913,145.21261154855645,196.21058884335355
2026-07-09 07:00:00,10,151.20166666666668,-5.938333333333333,262.4085515007054,187.52393333333333,229.29661137251423
2026-07-09 08:00:00,10,242.25,-2.35,312.06263958282864,1172.1542250000002,249.43689259882132
2026-07-09 09:00:00,10,238.9533333333333,18.745833333333334,321.17632397506117,1172.1542250000002,238.9246671337371
2026-07-09 10:00:00,10,184.08916666666667,3.7825,307.23589122145347,1172.1542250000002,217.31922401735426
2026-07-09 11:00:00,10,139.2725,-0.9499999999999998,261.0555643634035,187.52393333333333,183.48355517089118
2026-07-09 12:00:00,10,127.89166666666668,2.155,241.67941951853166,187.52393333333333,170.20230196105155
2026-07-09 13:00:00,10,101.12833333333332,26.2775,212.08109775774872,145.21261154855645,156.4802620003007
2026-07-09 14:00:00,10,84.19083333333333,0.8833333333333332,200.08808730654027,125.01939516129036,148.7014833940492
2026-07-09 15:00:00,10,77.56083333333333,-5.604166666666667,191.0970471195845,125.01939516129036,151.09558619937366
2026-07-09 16:00:00,10,95.15,20.58333333333333,211.8940319148278,187.52393333333333,177.7749984720228
2026-07-09 17:00:00,10,174.64666666666668,65.97166666666666,259.70163948491427,187.52393333333333,229.33256483661853
2026-07-09 18:00:00,10,199.2158333333333,52.5375,304.8258134754682,1172.1542250000002,253.47996713244618
2026-07-09 19:00:00,10,163.02083333333334,31.14333333333333,315.74580519119235,1172.1542250000002,253.27121755637052
2026-07-09 20:00:00,10,152.70083333333335,14.508333333333333,318.5014107816802,1172.1542250000002,248.8849905859425
2026-07-09 21:00:00,10,154.29,6.8075,320.34402965203844,1172.1542250000002,245.66329983288563
2026-07-09 22:00:00,10,160.35416666666666,3.7433333333333336,285.5125031237024,1172.1542250000002,229.37880416035136
2026-07-09 23:00:00,10,145.66666666666666,0.5916666666666667,249.0198536299598,187.52393333333333,206.42460669527725
2026-07-10 00:00:00,10,133.405,-1.15,220.74719279900773,125.01939516129036,189.44797198425186
2026-07-10 01:00:00,10,118.75083333333332,-3.1441666666666666,223.62726295739608,125.01939516129036,175.91159870465845
2026-07-10 02:00:00,10,118.03666666666668,-5.3308333333333335,199.3100339228844,125.01939516129036,166.39299392648917
2026-07-10 03:00:00,10,117.96416666666666,-6.808333333333334,179.09631626791506,120.69722065285622,158.77406055659185
2026-07-10 04:00:00,10,120.67166666666668,-6.953333333333333,159.11754415997845,120.69722065285622,150.0888131474445
2026-07-10 05:00:00,10,117.5475,-6.9816666666666665,156.14024799786483,120.69722065285622,151.2685592945344
2026-07-10 06:00:00,10,116.59166666666664,-5.526666666666666,174.1041680968463,125.01939516129036,168.7242848585248
2026-07-10 07:00:00,10,127.5875,-1.3,221.09272144394666,187.52393333333333,198.58843528188072
2026-07-10 08:00:00,10,136.59,40.211666666666666,267.1822480778167,1172.1542250000002,211.6016974049653
2026-07-10 09:00:00,10,133.4625,35.44916666666666,278.78297953733966,247.07264937106933,193.17221247993857
2026-07-10 10:00:00,10,106.7,0.2916666666666665,260.01526229626893,247.07264937106933,173.58295521723983
2026-07-10 11:00:00,10,104.02333333333333,3.9475,224.0717557796746,187.52393333333333,142.3932385716422
2026-07-10 12:00:00,10,92.60083333333334,15.806666666666668,183.6584281170136,145.21261154855645,114.35114881964358
2026-07-10 13:00:00,10,83.77416666666666,5.9,142.58930512703284,67.57982456140353,96.38974046087085
2026-07-10 14:00:00,10,73.6075,-0.1466666666666666,130.5044671065061,67.57982456140353,93.45278187144265
2026-07-10 15:00:00,10,70.69916666666667,-0.5733333333333333,126.16369744847853,67.57982456140353,96.54717020768703
2026-07-10 16:00:00,10,84.84333333333333,7.826666666666667,161.68371330298626,125.01939516129036,126.79249844512006
2026-07-10 17:00:00,10,119.90833333333336,55.82833333333334,208.27451217088245,187.52393333333333,157.6780886238605
2026-07-10 18:00:00,10,131.60333333333332,69.13666666666667,231.6091045874414,247.07264937106933,158.37033384119036
2026-07-10 19:00:00,10,111.31,71.71416666666666,227.00786635744248,247.07264937106933,142.990876753551
2026-07-10 20:00:00,10,96.9675,73.77083333333333,215.2735131710798,247.07264937106933,130.1538146282985
2026-07-10 21:00:00,10,93.31416666666668,75.58833333333334,209.11969063269493,247.07264937106933,123.20333942913078
2026-07-10 22:00:00,10,90.56333333333332,75.85333333333334,198.18669691876448,187.52393333333333,113.55322687757612
2026-07-10 23:00:00,10,82.13666666666667,56.06666666666666,161.8939101579578,70.44877415458937,88.56859198030482
2026-07-11 00:00:00,10,46.99333333333333,59.73666666666667,137.22894398357192,70.44877415458937,73.96296185004805
2026-07-11 01:00:00,10,9.429166666666664,54.89000000000001,125.47901879205267,86.52826016260158,64.42303421345784
2026-07-11 02:00:00,10,1.3641666666666667,47.310833333333335,96.8985808878475,86.52826016260158,49.224657719149974
2026-07-11 03:00:00,10,-0.0891666666666666,52.79916666666667,74.25704103677376,86.52826016260158,36.75408940719696
2026-07-11 04:00:00,10,-0.1758333333333333,48.75333333333333,57.159465712936786,37.953076923076914,28.269213043130236
2026-07-11 05:00:00,10,-0.6466666666666667,50.41333333333333,47.733836633573404,37.953076923076914,22.86619820833375
2026-07-11 06:00:00,10,-0.3075,56.58166666666667,45.97098921796355,33.940257575757585,24.33378547901745
2026-07-11 07:00:00,10,0.5091666666666667,69.605,45.60738001908449,13.210055555555558,30.101076540415377
2026-07-11 08:00:00,10,7.060833333333332,60.00666666666667,79.73991210782872,43.38016666666669,51.30235244185513
2026-07-11 09:00:00,10,8.63,52.903333333333336,95.5584108753944,30.260878243512995,50.39993917745689
2026-07-11 10:00:00,10,19.439166666666665,44.0125,80.64703650100284,30.260878243512995,44.18294443561048
2026-07-11 11:00:00,10,16.884166666666665,36.9225,48.13904143561061,18.812276688453156,23.825669837816825
2026-07-11 12:00:00,10,6.1325,39.93666666666667,52.355967389020975,18.812276688453156,38.2081010698179
2026-07-11 13:00:00,10,-1.1041666666666667,39.299166666666665,40.118764676352775,18.812276688453156,30.26039391685581
2026-07-11 14:00:00,10,-0.9575,21.839166666666667,24.08191868215181,18.812276688453156,21.024426432557647
2026-07-11 15:00:00,10,1.5008333333333332,9.754166666666666,29.947691471417187,18.812276688453156,23.802989219686722
2026-07-11 16:00:00,10,0.5708333333333333,62.80166666666667,33.84445968320208,30.260878243512995,35.99983284173726
2026-07-11 17:00:00,10,16.131666666666668,94.72583333333334,57.65079721061506,67.81420658682633,64.34632883165398
2026-07-11 18:00:00,10,17.7975,98.18333333333334,81.24345858549975,67.81420658682633,88.91454196504357
2026-07-11 19:00:00,10,12.773333333333332,98.36666666666667,79.5500667185053,67.81420658682633,89.26001759729849
2026-07-11 20:00:00,10,15.795833333333334,100.8825,110.39369022654446,67.81420658682633,81.07178660829459
2026-07-11 21:00:00,10,23.065,97.93083333333334,125.79955768941889,67.81420658682633,85.24692965172123
2026-07-11 22:00:00,10,22.859166666666667,100.55416666666667,172.30877179535116,125.01939516129036,129.5844561259699
2026-07-11 23:00:00,10,0.4658333333333335,98.85916666666668,129.27448811772373,99.83925414364643,98.57070866706574
2026-07-12 00:00:00,10,-1.1458333333333333,92.38416666666666,89.16462931836696,70.44877415458937,67.10806684969096
2026-07-12 01:00:00,10,-1.15,89.16333333333334,89.67887202265722,43.38016666666669,45.50060652097852
2026-07-12 02:00:00,10,-1.1458333333333333,79.81583333333333,54.12338999454591,13.210055555555558,26.760603381813453
2026-07-12 03:00:00,10,-1.15,71.30749999999999,31.704006436857007,0.5042307692307688,18.854617286470813
2026-07-12 04:00:00,10,-2.9691666666666667,68.2075,29.588538098470792,0.5042307692307688,21.506401710282454
2026-07-12 05:00:00,10,-2.0341666666666667,63.36833333333333,27.541535902700375,33.940257575757585,24.840931929872575
2026-07-12 06:00:00,10,-1.15,58.56333333333333,33.03682079042742,33.940257575757585,31.64368780670828
2026-07-12 07:00:00,10,-1.4391666666666667,70.015,44.110973513583005,33.940257575757585,41.44285924285152
2026-07-12 08:00:00,10,-1.1083333333333334,79.30333333333333,68.44439935103092,43.38016666666669,60.38905936711483
2026-07-12 09:00:00,10,11.005,55.54750000000001,80.3884441071207,30.260878243512995,61.22523524313251
2026-07-12 10:00:00,10,7.71,39.55416666666667,60.553370639565436,30.260878243512995,54.39692067428254
2026-07-12 11:00:00,10,-3.333333333333333,29.290000000000003,25.5429877938734,18.812276688453156,38.3524011402247
2026-07-12 12:00:00,10,14.875833333333334,15.749166666666667,28.33777856737307,30.260878243512995,52.584804016806515
2026-07-12 13:00:00,10,8.7075,2.9791666666666665,37.41512953703929,30.260878243512995,54.383185331355655
2026-07-12 14:00:00,10,8.556666666666667,8.405833333333334,46.843509060246916,30.260878243512995,57.03326090437757
2026-07-12 15:00:00,10,-4.531666666666667,9.683333333333334,59.196974943597404,30.260878243512995,50.724458192704176
2026-07-12 16:00:00,10,4.871666666666667,23.24416666666667,71.91473445872757,30.260878243512995,57.58600673396252
2026-07-12 17:00:00,10,32.8875,77.615,114.90413490360478,67.81420658682633,99.80610880527257
2026-07-12 18:00:00,10,37.25,99.25583333333331,154.4816376730758,155.2528333333333,143.79983526722862
2026-07-12 19:00:00,10,38.31583333333334,102.47666666666667,156.78909474387814,155.2528333333333,139.6057113733125
2026-07-12 20:00:00,10,27.38833333333333,93.36833333333334,141.75365562069044,141.8681965174129,125.57422973004702
2026-07-12 21:00:00,10,8.640833333333333,84.23916666666666,132.97071448995192,141.8681965174129,138.81262911750042
2026-07-12 22:00:00,10,-2.8991666666666664,77.87416666666667,108.07457062754665,141.8681965174129,114.99492681687309
2026-07-12 23:00:00,10,-5.1575,72.49666666666667,78.34857167529313,108.74478142076501,88.48035871334066
2026-07-13 00:00:00,10,-4.425,71.91583333333334,47.61994390429544,43.38016666666669,79.35771201477758
2026-07-13 01:00:00,10,-2.6166666666666667,73.40583333333333,50.47791131586886,33.940257575757585,44.95553969053496
2026-07-13 02:00:00,10,-2.03,66.36083333333333,28.73290335512563,33.940257575757585,34.18169315653892
2026-07-13 03:00:00,10,-6.1475,63.583333333333336,12.571527984256065,33.940257575757585,27.316458478234722
2026-07-13 04:00:00,10,-6.5925,66.37666666666667,2.5211038451919023,33.940257575757585,25.853534123176466
2026-07-13 05:00:00,10,-5.810833333333334,58.7275,1.9567661795091453,33.940257575757585,28.679622568251418
2026-07-13 06:00:00,10,-5.924166666666667,79.1925,18.620691488925075,33.940257575757585,38.93728006475356
2026-07-13 07:00:00,10,1.821666666666667,95.48833333333332,72.034816234351,43.38016666666669,63.16483057838183
2026-07-13 08:00:00,10,19.10833333333333,105.19416666666666,128.9280961705102,141.8681965174129,104.11730418992025
2026-07-13 09:00:00,10,30.74666666666667,100.43916666666668,144.80006792953463,155.2528333333333,104.12837682644857
2026-07-13 10:00:00,10,5.7375,80.70583333333333,126.61655709670556,67.81420658682633,87.52888497131053
2026-07-13 11:00:00,10,-53.835,62.80416666666667,91.23298453455133,67.81420658682633,64.44862669753402
2026-07-13 12:00:00,10,25.39,51.119166666666665,54.78417787464608,30.260878243512995,49.42038965608262
2026-07-13 13:00:00,10,3.053333333333333,49.89166666666667,66.99300378547237,67.81420658682633,58.83403295268026
2026-07-13 14:00:00,10,27.3775,55.859166666666674,81.65939305772856,67.81420658682633,69.21239398709666
2026-07-13 15:00:00,10,7.220833333333334,50.78833333333333,82.81582402481372,67.81420658682633,64.42327291160616
2026-07-13 16:00:00,10,15.24,69.47666666666667,102.08106589940331,67.81420658682633,76.18085438585905
2026-07-13 17:00:00,10,34.59916666666667,106.94333333333331,139.030608720767,67.81420658682633,104.68130640443701
2026-07-13 18:00:00,10,143.76333333333335,117.77833333333332,170.49311155429825,155.2528333333333,124.92513374386537
2026-07-13 19:00:00,10,93.38333333333334,116.97416666666668,162.9803064075124,155.2528333333333,119.19958020954797
2026-07-13 20:00:00,10,49.42666666666667,112.19,150.20426186660404,155.2528333333333,108.47378391778156
2026-07-13 21:00:00,10,-5.5825,106.55083333333334,136.3749597002885,141.8681965174129,95.91115068584364
2026-07-13 22:00:00,10,-3.0525000000000007,101.58833333333332,118.9264811569856,141.8681965174129,92.88531373072084
2026-07-13 23:00:00,10,-1.1375,92.2325,98.44914681064238,108.74478142076501,84.0241992873014
2026-07-14 00:00:00,10,0.0666666666666667,94.6475,84.8622388478733,86.52826016260158,79.1189221432824
2026-07-14 01:00:00,10,-0.8016666666666667,97.02833333333332,101.1518563141245,86.52826016260158,67.32560207487342
2026-07-14 02:00:00,10,-0.8366666666666668,89.22250000000001,84.84819391589812,59.2257039337474,58.12130127690318
2026-07-14 03:00:00,10,-1.1333333333333333,85.84666666666668,72.12378433828027,59.2257039337474,55.229860579122615
2026-07-14 04:00:00,10,-1.1266666666666667,84.27583333333332,63.31478606807931,59.2257039337474,51.29885770494835
2026-07-14 05:00:00,10,-2.433333333333333,88.77,63.42163016711704,59.2257039337474,56.59988180698341
2026-07-14 06:00:00,10,-1.15,101.67333333333332,74.95659388878543,59.2257039337474,66.4287878061372
2026-07-14 07:00:00,10,14.383333333333333,119.06666666666666,115.74346168388014,108.74478142076501,102.62305179895989
2026-07-14 08:00:00,10,39.795,132.09333333333333,157.3353102608521,141.8681965174129,116.8736964434149
2026-07-14 09:00:00,10,21.23333333333333,127.50666666666666,173.81844082154026,141.8681965174129,118.786387241214
2026-07-14 10:00:00,10,5.267499999999999,107.91583333333334,155.85331056712243,70.44877415458937,89.68372476604412
2026-07-14 11:00:00,10,10.2425,121.35833333333332,138.63007374343897,43.38016666666669,74.37818721331236
2026-07-14 12:00:00,10,2.9408333333333334,135.53833333333333,130.6392530627545,30.260878243512995,51.04737449031402
2026-07-14 13:00:00,10,-0.6358333333333334,124.33166666666666,92.8268443970556,13.210055555555558,22.677983402235775
2026-07-14 14:00:00,10,-0.2341666666666667,119.0725,94.22690490960605,18.812276688453156,30.396757470198104
2026-07-14 15:00:00,10,-4.508333333333334,126.27833333333336,103.60392224548794,30.260878243512995,48.939451917218406
2026-07-14 16:00:00,10,-3.575,132.79416666666663,102.30688001575739,43.38016666666669,51.13866329505373
2026-07-14 17:00:00,10,39.22416666666667,158.26666666666668,122.9402321995542,67.81420658682633,77.12802064936955
2026-07-14 18:00:00,10,66.63916666666667,165.38,167.41912980374616,155.2528333333333,123.48251499360225
2026-07-14 19:00:00,10,65.2925,149.36166666666665,185.9341306054756,155.2528333333333,150.4574376593077
2026-07-14 20:00:00,10,63.27166666666667,153.53416666666666,187.62727535843754,247.07264937106933,166.97182557521313
2026-07-14 21:00:00,10,65.73916666666666,126.1825,162.9407740703187,99.83925414364643,134.1812971272377
2026-07-14 22:00:00,10,67.14416666666666,118.09333333333336,136.1287647391719,99.83925414364643,111.78657604509635
2026-07-14 23:00:00,10,61.06333333333333,106.96916666666668,107.4108174731718,99.83925414364643,98.87800934313904
2026-07-15 00:00:00,10,73.66250000000001,104.0975,90.00333532098995,166.37869999999998,105.9790107081152
2026-07-15 01:00:00,10,63.48166666666666,99.91416666666667,101.6716054238525,71.7916005873715,111.2707271121078
2026-07-15 02:00:00,10,57.215833333333336,95.35083333333334,88.1628068039683,71.7916005873715,111.02971773925344
2026-07-15 03:00:00,10,51.57916666666667,94.06833333333331,79.035049502195,94.28554783950621,111.75680301149958
2026-07-15 04:00:00,10,46.05416666666667,93.03166666666668,69.33070964662515,94.28554783950621,113.40732491393956
2026-07-15 05:00:00,10,66.47083333333335,95.44416666666666,68.17159192236994,94.28554783950621,118.32869060341977
2026-07-15 06:00:00,10,75.4625,103.84499999999998,87.71004827787158,94.28554783950621,141.78212964732606
2026-07-15 07:00:00,10,84.2275,123.03166666666668,130.0961494357785,166.37869999999998,180.60216721711785
2026-07-15 08:00:00,10,107.68666666666668,163.82,181.67525687197843,247.07264937106933,205.5881377463793
2026-07-15 09:00:00,10,103.315,172.21666666666667,187.43007570955865,247.07264937106933,194.80559647854207
2026-07-15 10:00:00,10,71.82166666666667,183.375,173.41863061145494,247.07264937106933,179.17329469320927
2026-07-15 11:00:00,10,73.47,234.78916666666663,145.21967951932098,244.6522247706422,144.68958512181393
2026-07-15 12:00:00,10,62.49666666666667,221.8325,140.8060557935556,166.37869999999998,152.09513644545828
2026-07-15 13:00:00,10,64.0925,171.2458333333333,126.23036287782415,99.83925414364643,140.56584111965043
2026-07-15 14:00:00,10,86.09750000000001,165.67,121.77246261269795,99.83925414364643,145.3036047648386
2026-07-15 15:00:00,10,100.75416666666666,145.19,122.28318341466559,166.37869999999998,153.14116243395455
2026-07-15 16:00:00,10,121.57083333333333,195.5833333333333,146.35708888018905,166.37869999999998,194.67758385185812
2026-07-15 17:00:00,10,139.4425,355.1858333333333,187.90607730874797,244.6522247706422,241.67111940474422
2026-07-15 18:00:00,10,152.9275,634.4791666666666,226.7345502496829,1172.1542250000002,258.9242068016451
2026-07-15 19:00:00,10,133.84833333333333,483.4483333333333,229.38996489778,1172.1542250000002,253.27350730063438
2026-07-15 20:00:00,10,140.58583333333334,3622.9166666666665,251.16235133316184,1172.1542250000002,114.79867871357455
2026-07-15 21:00:00,10,147.70000000000002,478.0208333333333,190.80569789864336,244.6522247706422,222.59462880396694
2026-07-15 22:00:00,10,127.14166666666668,332.7375,161.8261426035104,244.6522247706422,192.0525634166032
2026-07-15 23:00:00,10,105.32583333333334,190.55916666666667,127.69355269650278,166.37869999999998,159.29139723712518
2026-07-16 00:00:00,10,93.99833333333332,161.31916666666666,109.8018044848325,166.37869999999998,144.92044060847678
2026-07-16 01:00:00,10,101.10666666666668,146.1375,119.45855484505657,111.84316498316495,153.00185235809897
2026-07-16 02:00:00,10,97.68916666666668,125.11833333333334,102.6452970902761,121.20961601307187,147.7295125011463
2026-07-16 03:00:00,10,89.67833333333333,106.38916666666668,87.6785990818675,155.6326682692307,142.1910382567169
2026-07-16 04:00:00,10,87.4275,106.59499999999998,77.95054914635945,155.6326682692307,138.5472372037629
2026-07-16 05:00:00,10,93.755,104.5275,76.16847933900775,155.6326682692307,141.6053024516777
2026-07-16 06:00:00,10,98.18083333333334,119.6525,91.26468231947621,121.20961601307187,159.37478651731942
2026-07-16 07:00:00,10,115.205,151.20166666666668,130.43767970978448,166.37869999999998,194.0501947135666
2026-07-16 08:00:00,10,138.4625,242.25,176.551492807727,244.6522247706422,225.22669571785013
2026-07-16 09:00:00,10,113.515,238.9533333333333,196.16224794546633,1172.1542250000002,222.50859962185314
2026-07-16 10:00:00,10,87.45583333333333,184.08916666666667,181.40233224276255,244.6522247706422,201.6411351653702
2026-07-16 11:00:00,10,83.32000000000001,139.2725,159.39377788403297,244.6522247706422,175.96235914856112
2026-07-16 12:00:00,10,93.16583333333334,127.89166666666668,163.01568219514513,166.37869999999998,188.21032760748625
2026-07-16 13:00:00,10,101.56083333333332,101.12833333333332,170.11763025751935,166.37869999999998,191.68381672541648
2026-07-16 14:00:00,10,82.30083333333333,84.19083333333333,155.3154653459411,166.37869999999998,184.11761489812255
2026-07-16 15:00:00,10,73.01166666666667,77.56083333333333,134.65159412492508,166.37869999999998,170.02129852291472
2026-07-16 16:00:00,10,49.435833333333335,95.15,149.5698660793426,166.37869999999998,181.3753254072314
2026-07-16 17:00:00,10,109.6625,174.64666666666668,191.59009658672312,244.6522247706422,227.36419008381756
2026-07-16 18:00:00,10,124.43666666666668,199.2158333333333,219.3067618619983,1172.1542250000002,244.84456837406776
2026-07-16 19:00:00,10,118.0,163.02083333333334,227.17606754833815,1172.1542250000002,243.3139087710084
2026-07-16 20:00:00,10,109.91333333333334,152.70083333333335,218.314294340095,1172.1542250000002,234.78484596179885
2026-07-16 21:00:00,10,106.44416666666666,154.29,210.35085766680854,1172.1542250000002,221.40219199024847
2026-07-16 22:00:00,10,100.74333333333334,160.35416666666666,195.893916975469,244.6522247706422,210.6993183431332
2026-07-16 23:00:00,10,97.465,145.66666666666666,172.19339860673782,166.37869999999998,190.81053571487007
2026-07-17 00:00:00,10,99.595,133.405,158.73621791561362,166.37869999999998,177.0027853975618
2026-07-17 01:00:00,10,99.7125,118.75083333333332,170.820500599819,121.20961601307187,184.35874651460477
2026-07-17 02:00:00,10,86.43666666666667,118.03666666666668,149.45916478365314,121.20961601307187,177.13807752108326
2026-07-17 03:00:00,10,95.62333333333332,117.96416666666666,134.67408125062735,121.20961601307187,170.7973306586663
2026-07-17 04:00:00,10,83.19333333333334,120.67166666666668,132.15128079044183,121.20961601307187,170.43760740909323
2026-07-17 05:00:00,10,82.77833333333334,117.5475,137.54249033865665,121.20961601307187,176.74908327532688
2026-07-17 06:00:00,10,84.91666666666667,116.59166666666664,141.17620178108442,121.20961601307187,191.27295969262428
2026-07-17 07:00:00,10,113.46666666666664,127.5875,167.49413459698917,166.37869999999998,220.2082674441051
2026-07-17 08:00:00,10,111.44,136.59,206.95425012422487,1172.1542250000002,234.46180065576453
2026-07-17 09:00:00,10,92.33083333333332,133.4625,199.8650759328152,1172.1542250000002,205.95667080339337
2026-07-17 10:00:00,10,69.08833333333332,106.7,152.64425258966034,166.37869999999998,162.24152608502078
2026-07-17 11:00:00,10,67.77,104.02333333333333,122.77432702688608,126.99002499999995,122.94864121724751
2026-07-17 12:00:00,10,62.26,92.60083333333334,102.60790701878797,126.99002499999995,102.98968961613711
2026-07-17 13:00:00,10,55.79583333333333,83.77416666666666,70.73831033719726,47.78798648648647,80.36656317947777
2026-07-17 14:00:00,10,48.26333333333333,73.6075,59.90064355737073,67.72471621621621,74.61294669778022
2026-07-17 15:00:00,10,38.634166666666665,70.69916666666667,62.77915418203178,47.78798648648647,79.22281735502342
2026-07-17 16:00:00,10,56.79833333333334,84.84333333333333,97.58289608229924,126.99002499999995,118.33677077588364
2026-07-17 17:00:00,10,114.27416666666666,119.90833333333336,160.92609588975802,166.37869999999998,180.2193466333252
2026-07-17 18:00:00,10,131.2825,131.60333333333332,199.57853076580773,244.6522247706422,211.72494470997964
2026-07-17 19:00:00,10,118.49166666666667,111.31,204.54817286618533,247.07264937106933,196.67477442483596
2026-07-17 20:00:00,10,115.62833333333332,96.9675,192.24719124371052,247.07264937106933,168.09306829515828
2026-07-17 21:00:00,10,120.685,93.31416666666668,184.35157621991993,244.6522247706422,147.8529863515502
2026-07-17 22:00:00,10,122.88083333333331,90.56333333333332,172.77131142226102,244.6522247706422,141.1557801652362
2026-07-17 23:00:00,10,107.76416666666668,82.13666666666667,143.7885337474677,166.37869999999998,124.19171759930467
2026-07-18 00:00:00,10,110.38833333333334,46.99333333333333,138.15087652209886,166.37869999999998,129.64378612262453
2026-07-18 01:00:00,10,102.14666666666666,9.429166666666664,156.1622672868828,166.37869999999998,139.8439687575073
2026-07-18 02:00:00,10,95.1225,1.3641666666666667,135.98639367481246,155.6326682692307,131.28524995429262
2026-07-18 03:00:00,10,106.19666666666669,-0.0891666666666666,115.0373413734482,94.28554783950621,118.07797408450321
2026-07-18 04:00:00,10,109.9725,-0.1758333333333333,100.97376725728037,94.28554783950621,113.63824616880167
2026-07-18 05:00:00,10,102.22333333333334,-0.6466666666666667,105.87457872061042,155.6326682692307,123.10893879232603
2026-07-18 06:00:00,10,106.845,-0.3075,111.9866585733775,155.6326682692307,130.03959180689168
2026-07-18 07:00:00,10,112.90416666666664,0.5091666666666667,133.65737678653147,155.6326682692307,146.47747000144477
2026-07-18 08:00:00,10,151.7516666666667,7.060833333333332,155.63364662291025,166.37869999999998,162.1664673240673
2026-07-18 09:00:00,10,110.36333333333332,8.63,167.44483735337508,244.6522247706422,155.87618102342026
2026-07-18 10:00:00,10,58.18166666666667,19.439166666666665,146.0939324453219,166.37869999999998,124.99691180642697
2026-07-18 11:00:00,10,52.465833333333336,16.884166666666665,125.75734981027281,126.99002499999995,95.8196343773822
2026-07-18 12:00:00,10,43.814166666666665,6.1325,113.66993281196494,126.99002499999995,75.66048353715544
2026-07-18 13:00:00,10,48.583333333333336,-1.1041666666666667,86.63690561881072,41.37905241935483,56.78575402829627
2026-07-18 14:00:00,10,46.67583333333334,-0.9575,71.16888965491297,41.37905241935483,54.9365563726233
2026-07-18 15:00:00,10,36.785,1.5008333333333332,81.15687756791706,41.37905241935483,65.18694590799825
2026-07-18 16:00:00,10,48.142500000000005,0.5708333333333333,130.53774438150046,47.78798648648647,97.58739361828914
2026-07-18 17:00:00,10,89.38333333333333,16.131666666666668,180.86442842587752,166.37869999999998,155.52720472379082
2026-07-18 18:00:00,10,102.1975,17.7975,228.4430473779635,244.6522247706422,191.8310076705068
2026-07-18 19:00:00,10,108.92583333333334,12.773333333333332,241.81907984635708,244.6522247706422,191.17268859265153
2026-07-18 20:00:00,10,107.4375,15.795833333333334,241.17262397181602,244.6522247706422,185.58970647197452
2026-07-18 21:00:00,10,106.08666666666666,23.065,235.21724284992055,244.6522247706422,178.51255879937702
2026-07-18 22:00:00,10,102.45083333333334,22.859166666666667,223.57053062185628,244.6522247706422,168.0977543035376
2026-07-18 23:00:00,10,102.36083333333332,0.4658333333333335,205.005062176515,166.37869999999998,155.44509314992067
2026-07-19 00:00:00,10,101.28916666666667,-1.1458333333333333,192.4385815546446,166.37869999999998,149.48219665014736
2026-07-19 01:00:00,10,87.2325,-1.15,206.14969603060263,166.37869999999998,147.214185129057
2026-07-19 02:00:00,10,73.51583333333333,-1.1458333333333333,172.7596354548357,155.6326682692307,137.809204634111
2026-07-19 03:00:00,10,70.7725,-1.15,143.20256815341543,155.6326682692307,125.9013043018692
2026-07-19 04:00:00,10,63.86833333333333,-2.9691666666666667,125.90067540798043,155.6326682692307,119.42521195866698
2026-07-19 05:00:00,10,59.41,-2.0341666666666667,104.34641109129298,155.6326682692307,109.2709487204533
2026-07-19 06:00:00,10,58.835,-1.15,96.13228201406557,94.28554783950621,107.32257013303433
2026-07-19 07:00:00,10,54.89083333333334,-1.4391666666666667,103.86140320388859,94.28554783950621,111.39193921388973
2026-07-19 08:00:00,10,41.2775,-1.1083333333333334,124.12747974814003,104.81858122362863,119.98014785042082
2026-07-19 09:00:00,10,37.68666666666667,11.005,124.49020670921337,104.81858122362863,100.31478388145868
2026-07-19 10:00:00,10,27.51083333333333,7.71,109.50072637575522,104.81858122362863,75.21358859025
2026-07-19 11:00:00,10,18.866666666666667,-3.333333333333333,86.46817126594249,126.99002499999995,56.97235622267833
2026-07-19 12:00:00,10,24.46666666666667,14.875833333333334,79.85489619818125,62.302124505928894,55.936548453004676
2026-07-19 13:00:00,10,28.81583333333333,8.7075,44.05647397178538,67.72471621621621,29.347341143529427
2026-07-19 14:00:00,10,18.294166666666666,8.556666666666667,36.904389900921565,16.266836419753087,24.132391133414295
2026-07-19 15:00:00,10,13.500833333333333,-4.531666666666667,43.036746488838915,28.183218599033818,31.42066872776647
2026-07-19 16:00:00,10,33.2775,4.871666666666667,70.59268109241317,67.72471621621621,59.86328226670176
2026-07-19 17:00:00,10,74.75583333333334,32.8875,122.90612641540105,94.28554783950621,103.09159459665791
2026-07-19 18:00:00,10,85.14166666666667,37.25,171.04822978923136,104.81858122362863,130.3361374251816
2026-07-19 19:00:00,10,69.3625,38.31583333333334,179.70567117236362,247.07264937106933,120.67593837251295
2026-07-19 20:00:00,10,64.37416666666667,27.38833333333333,164.54898963984402,141.8681965174129,107.47860357566273
2026-07-19 21:00:00,10,74.51916666666666,8.640833333333333,148.72668012511303,141.8681965174129,99.41772520746295
2026-07-19 22:00:00,10,67.1425,-2.8991666666666664,126.54671569069666,141.8681965174129,86.78927067242317
2026-07-19 23:00:00,10,49.57749999999999,-5.1575,95.8925480257966,70.44877415458937,69.06916561957252
2026-07-20 00:00:00,10,21.305,-4.425,78.08688252977058,86.52826016260158,59.84159102228924
2026-07-20 01:00:00,10,19.565,-2.6166666666666667,79.9325945285905,86.52826016260158,51.66598655536852
2026-07-20 02:00:00,10,20.641666666666666,-2.03,55.183651349979506,86.52826016260158,38.635434760702864
2026-07-20 03:00:00,10,10.665833333333332,-6.1475,38.70222409781735,59.2257039337474,31.168768900079833
2026-07-20 04:00:00,10,10.265,-6.5925,27.568157503496636,37.953076923076914,24.845969316056802
2026-07-20 05:00:00,10,33.0925,-5.810833333333334,27.719315421930894,59.2257039337474,31.80548133818622
2026-07-20 06:00:00,10,72.98583333333333,-5.924166666666667,73.25592278107126,86.52826016260158,72.39465404243279
2026-07-20 07:00:00,10,78.69500000000001,1.821666666666667,129.48031775259307,104.81858122362863,116.65948959881099
2026-07-20 08:00:00,10,94.77833333333332,19.10833333333333,178.4464954572654,155.2528333333333,131.88880712136617
2026-07-20 09:00:00,10,88.10583333333334,30.74666666666667,170.19759874283096,155.2528333333333,96.85938114021909
2026-07-20 10:00:00,10,63.1475,5.7375,133.53473435794052,70.44877415458937,72.22751515654052
2026-07-20 11:00:00,10,55.281666666666666,-53.835,109.85766813784065,99.83925414364643,75.82017668338422
2026-07-20 12:00:00,10,59.67666666666667,25.39,91.9947015665563,99.83925414364643,74.68080775662128
2026-07-20 13:00:00,10,51.376666666666665,3.053333333333333,81.47584523622297,86.52826016260158,75.47187456338457
2026-07-20 14:00:00,10,43.70666666666667,27.3775,82.15684447810645,62.302124505928894,74.92757542620473
2026-07-20 15:00:00,10,41.44083333333334,7.220833333333334,80.4141957648713,62.302124505928894,76.97247017787527
2026-07-20 16:00:00,10,79.90416666666667,15.24,113.3928413622091,99.83925414364643,100.29519910387151
2026-07-20 17:00:00,10,104.47583333333334,34.59916666666667,151.78232911187462,99.83925414364643,126.45181918568653
2026-07-20 18:00:00,10,109.675,143.76333333333335,187.6182410343318,155.2528333333333,151.73715080455077
2026-07-20 19:00:00,10,110.56833333333331,93.38333333333334,198.53693376192584,155.2528333333333,149.8592595005157
2026-07-20 20:00:00,10,100.39416666666666,49.42666666666667,188.27960924095714,155.2528333333333,138.18815372167307
2026-07-20 21:00:00,10,95.4,-5.5825,168.87893363987126,155.2528333333333,121.13410393341306
2026-07-20 22:00:00,10,84.68666666666667,-3.0525000000000007,144.3729358137481,70.44877415458937,105.34785564813589
2026-07-20 23:00:00,10,77.5825,-1.1375,109.09448500465756,70.44877415458937,83.48156535291199
2026-07-21 00:00:00,10,77.89416666666666,0.0666666666666667,93.68827053126296,70.44877415458937,73.99516579662175
2026-07-21 01:00:00,10,73.2175,-0.8016666666666667,108.4502887386762,86.52826016260158,68.44068507317559
2026-07-21 02:00:00,10,78.5175,-0.8366666666666668,95.9485840635143,86.52826016260158,71.02056365354369
2026-07-21 03:00:00,10,81.38,-1.1333333333333333,87.52121561180803,71.7916005873715,77.50754506699906
2026-07-21 04:00:00,10,82.25416666666666,-1.1266666666666667,80.65891381398785,71.7916005873715,79.3212991810723
2026-07-21 05:00:00,10,87.95916666666666,-2.433333333333333,80.73388536634745,71.7916005873715,80.84905585021518
2026-07-21 06:00:00,10,101.9875,-1.15,97.52198610042296,71.7916005873715,92.34865223833941
2026-07-21 07:00:00,10,113.3125,14.383333333333333,140.88795148864713,141.8681965174129,118.47337542913311
2026-07-21 08:00:00,10,151.06833333333333,39.795,186.00544645900112,155.2528333333333,128.35356955562335
2026-07-21 09:00:00,10,128.77666666666667,21.23333333333333,190.5812919138708,155.2528333333333,112.53825507139953
2026-07-21 10:00:00,10,84.3275,5.267499999999999,155.942529021219,99.83925414364643,93.95678052116419
2026-07-21 11:00:00,10,82.045,10.2425,115.08823028259089,70.44877415458937,59.25540301154615
2026-07-21 12:00:00,10,65.56666666666668,2.9408333333333334,102.0976774086511,43.38016666666669,53.859136782408385
2026-07-21 13:00:00,10,60.77166666666667,-0.6358333333333334,95.25675920280746,50.5419179229481,56.980012624799784
2026-07-21 14:00:00,10,66.01083333333334,-0.2341666666666667,115.81219985618199,99.83925414364643,79.2767076948917
2026-07-21 15:00:00,10,74.66833333333334,-4.508333333333334,133.16171130559516,99.83925414364643,95.12691906275744
2026-07-21 16:00:00,10,87.53000000000002,-3.575,144.15907181830897,99.83925414364643,109.21013970872599
2026-07-21 17:00:00,10,106.9375,39.22416666666667,183.96741930470432,187.52393333333333,149.8274079625719
2026-07-21 18:00:00,10,107.54,66.63916666666667,219.81863124924985,247.07264937106933,178.93774052493927
2026-07-21 19:00:00,10,104.61833333333334,65.2925,221.7951435325774,247.07264937106933,171.80461285847522
2026-07-21 20:00:00,10,95.73,63.27166666666667,224.05674271035338,247.07264937106933,180.2926325599489
2026-07-21 21:00:00,10,93.875,65.73916666666666,186.4310108378371,187.52393333333333,144.88920261195966
2026-07-21 22:00:00,10,86.28083333333332,67.14416666666666,157.53303957715872,104.81858122362863,123.24697465834811
2026-07-21 23:00:00,10,56.12583333333333,61.06333333333333,129.37999155923688,104.81858122362863,106.41764260548898
2026-07-22 00:00:00,10,31.2625,73.66250000000001,108.75804353386883,99.83925414364643,92.08671390005263
2026-07-22 01:00:00,10,22.14583333333333,63.48166666666666,115.75979980243632,86.52826016260158,75.17940563868066
2026-07-22 02:00:00,10,11.240833333333336,57.215833333333336,92.90027797689544,86.52826016260158,59.8189889334391
2026-07-22 03:00:00,10,8.550833333333333,51.57916666666667,68.67694086308155,59.2257039337474,41.87937896452679
2026-07-22 04:00:00,10,8.885,46.05416666666667,51.695553648519606,37.953076923076914,29.881659330937197
2026-07-22 05:00:00,10,8.663333333333332,66.47083333333335,49.93250666938397,37.953076923076914,27.048109727762622
2026-07-22 06:00:00,10,0.1116666666666666,75.4625,59.37468871189981,50.5419179229481,31.527976822564142
2026-07-22 07:00:00,10,37.0325,84.2275,101.15514863874931,108.74478142076501,51.96886529637387
2026-07-22 08:00:00,10,53.36166666666667,107.68666666666668,170.1764428784009,141.8681965174129,102.07388162275934
2026-07-22 09:00:00,10,31.836666666666662,103.315,182.40828524427536,155.2528333333333,89.45210780622399
2026-07-22 10:00:00,10,21.515,71.82166666666667,173.1526987147576,70.44877415458937,78.63269081304287
2026-07-22 11:00:00,10,14.42,73.47,171.14957519900182,99.83925414364643,76.22884118019643
2026-07-22 12:00:00,10,10.433333333333334,62.49666666666667,139.34818247824512,50.5419179229481,60.6682899701256
2026-07-22 13:00:00,10,7.150833333333334,64.0925,119.82998376842065,62.302124505928894,65.68797644966665
2026-07-22 14:00:00,10,-1.1333333333333333,86.09750000000001,104.97194397730334,39.40751207729467,59.3895184071546
2026-07-22 15:00:00,10,-1.3333333333333333,100.75416666666666,106.45599949971049,62.302124505928894,66.42254335576403
2026-07-22 16:00:00,10,20.43583333333333,121.57083333333333,153.4481922939355,99.83925414364643,104.25491993279823
2026-07-22 17:00:00,10,84.23,139.4425,250.46081408311824,99.83925414364643,166.80949128378015
2026-07-22 18:00:00,10,99.17083333333332,152.9275,394.09658148226197,247.07264937106933,231.1173739390481
2026-07-22 19:00:00,10,94.92083333333332,133.84833333333333,360.00989622732106,247.07264937106933,243.86994827879863
2026-07-22 20:00:00,10,96.04166666666669,140.58583333333334,1528.923108655197,247.07264937106933,133.7663039807195
2026-07-22 21:00:00,10,113.15500000000002,147.70000000000002,334.8019836884515,187.52393333333333,217.89240154605858
2026-07-22 22:00:00,10,116.81333333333332,127.14166666666668,262.5712230478489,187.52393333333333,186.66060047711397
2026-07-22 23:00:00,10,102.105,105.32583333333334,174.7391140618621,145.21261154855645,137.20875665614338
2026-07-23 00:00:00,10,82.72666666666667,93.99833333333332,146.0738628477198,145.21261154855645,118.51706935989486
2026-07-23 01:00:00,10,68.45166666666667,101.10666666666668,155.1792393112142,94.28554783950621,108.55336006127287
2026-07-23 02:00:00,10,56.275,97.68916666666668,132.0316465278505,94.28554783950621,101.1346610738912
2026-07-23 03:00:00,10,51.86916666666667,89.67833333333333,104.01208647189186,71.7916005873715,85.00492339273669
2026-07-23 04:00:00,10,41.69083333333333,87.4275,83.89959730435748,59.2257039337474,61.22743050820058
2026-07-23 05:00:00,10,55.803333333333335,93.755,83.8509543300465,59.2257039337474,64.7995089868665
2026-07-23 06:00:00,10,49.37083333333333,98.18083333333334,97.23734522353219,62.302124505928894,68.88189724451776
2026-07-23 07:00:00,10,45.29416666666666,115.205,135.8809832123505,70.44877415458937,86.31208322139248
2026-07-23 08:00:00,10,66.57166666666667,138.4625,223.67449105180685,155.2528333333333,140.78838597912733
2026-07-23 09:00:00,10,49.869166666666665,113.515,230.14061130476304,155.2528333333333,123.27196733921338
2026-07-23 10:00:00,10,41.49166666666667,87.45583333333333,173.97085176762954,70.44877415458937,67.37581400546111
2026-07-23 11:00:00,10,19.02833333333333,83.32000000000001,116.69511041872687,70.44877415458937,43.365212054025335
2026-07-23 12:00:00,10,13.554166666666667,93.16583333333334,93.09273349936353,43.38016666666669,35.501915954141836
2026-07-23 13:00:00,10,7.285833333333334,101.56083333333332,82.39856380647657,43.38016666666669,39.459139007444364
2026-07-23 14:00:00,10,1.3316666666666668,82.30083333333333,64.08759092276476,18.812276688453156,26.091310784044744
2026-07-23 15:00:00,10,5.566666666666666,73.01166666666667,69.61023077943803,43.38016666666669,30.01548665990905
2026-07-23 16:00:00,10,11.556666666666668,49.435833333333335,92.2916331362357,43.38016666666669,39.37461270023471
2026-07-23 17:00:00,10,47.77333333333333,109.6625,158.99967722793357,70.44877415458937,84.52893722326695
2026-07-23 18:00:00,10,72.91166666666668,124.43666666666668,212.89169599301448,155.2528333333333,124.96263832088461
2026-07-23 19:00:00,10,70.52416666666666,118.0,220.67794993164287,155.2528333333333,126.9044530564963
2026-07-23 20:00:00,10,70.96333333333334,109.91333333333334,214.53852871454345,155.2528333333333,121.78381067567832
2026-07-23 21:00:00,10,62.553333333333335,106.44416666666666,197.15149320688673,155.2528333333333,105.69286773341344
2026-07-23 22:00:00,10,48.37416666666667,100.74333333333334,176.90551835122136,70.44877415458937,88.97857668985039
2026-07-23 23:00:00,10,15.276666666666666,97.465,136.2467419430314,70.44877415458937,60.72264664488865
2026-07-24 00:00:00,10,18.875833333333333,99.595,115.51767170084271,70.44877415458937,51.13800741137064
2026-07-24 01:00:00,10,17.2475,99.7125,121.55194659693946,70.44877415458937,45.371873767620556
2026-07-24 02:00:00,10,17.8325,86.43666666666667,107.27026575653278,50.5419179229481,40.44737678879169
2026-07-24 03:00:00,10,11.509166666666667,95.62333333333332,91.91545972086132,50.5419179229481,35.34737546365321
2026-07-24 04:00:00,10,12.7025,83.19333333333334,89.77293985825467,62.302124505928894,44.436712681774296
2026-07-24 05:00:00,10,12.384166666666667,82.77833333333334,88.20405908703495,62.302124505928894,50.506577196616746
2026-07-24 06:00:00,10,26.27916666666667,84.91666666666667,102.26187422597827,62.302124505928894,67.51244991549254
2026-07-24 07:00:00,10,49.91166666666666,113.46666666666664,148.02798039927362,99.83925414364643,105.81953998181608
2026-07-24 08:00:00,10,72.72666666666667,111.44,199.00913181470952,155.2528333333333,134.31367263959768
2026-07-24 09:00:00,10,53.92249999999999,92.33083333333332,202.4064356420961,155.2528333333333,114.01543740329339
2026-07-24 10:00:00,10,46.01333333333333,69.08833333333332,172.6260490613508,99.83925414364643,89.12152765336398
2026-07-24 11:00:00,10,27.3475,67.77,143.4192248343332,99.83925414364643,69.46275000231797
2026-07-24 12:00:00,10,26.536666666666665,62.26,133.24920760415185,67.81420658682633,69.03129762352756
2026-07-24 13:00:00,10,13.475833333333334,55.79583333333333,135.18101941983363,99.83925414364643,84.37672107142834
2026-07-24 14:00:00,10,6.404166666666666,48.26333333333333,116.33471954678704,67.81420658682633,63.681978436302735
2026-07-24 15:00:00,10,3.36,38.634166666666665,115.74994515613895,70.44877415458937,66.48009086457743
2026-07-24 16:00:00,10,14.609166666666669,56.79833333333334,136.72893686097228,70.44877415458937,84.57582980562103
2026-07-24 17:00:00,10,72.40666666666667,114.27416666666666,183.69114796667571,155.2528333333333,127.28384645156468
2026-07-24 18:00:00,10,52.031666666666666,131.2825,211.33810077902191,155.2528333333333,142.00998882900964
2026-07-24 19:00:00,10,30.0475,118.49166666666667,203.22454875665392,155.2528333333333,132.39917562105381
2026-07-24 20:00:00,10,13.435833333333337,115.62833333333332,185.78089360885753,155.2528333333333,116.52359887172034
2026-07-24 21:00:00,10,13.595833333333331,120.685,171.57761690575944,155.2528333333333,104.08223995057836
2026-07-24 22:00:00,10,7.400833333333334,122.88083333333331,153.02103462901945,70.44877415458937,93.59472486847017
2026-07-24 23:00:00,10,9.9975,107.76416666666668,121.48453196538489,70.44877415458937,75.51514186335905
2026-07-25 00:00:00,10,12.415833333333332,110.38833333333334,90.09223860036063,70.44877415458937,64.618183680542
2026-07-25 01:00:00,10,8.073333333333332,102.14666666666666,75.31253718771401,62.302124505928894,68.68530359295148
2026-07-25 02:00:00,10,5.654166666666666,95.1225,45.5870367845401,50.5419179229481,52.97403275986703
2026-07-25 03:00:00,10,3.48,106.19666666666669,29.2617434221846,37.953076923076914,45.645044302165054
2026-07-25 04:00:00,10,0.1091666666666666,109.9725,14.249615422543371,37.953076923076914,38.39772963169771
2026-07-25 05:00:00,10,0.0141666666666666,102.22333333333334,10.745569093968165,59.2257039337474,42.022406557157026
2026-07-25 06:00:00,10,-0.1858333333333334,106.845,19.039347253867106,59.2257039337474,54.28938456560563
2026-07-25 07:00:00,10,6.09,112.90416666666664,36.9853084739667,86.52826016260158,72.82040391862972
2026-07-25 08:00:00,10,14.6875,151.7516666666667,78.64335887162959,111.84316498316495,111.30843472249644
2026-07-25 09:00:00,10,10.616666666666667,110.36333333333332,83.45877277593748,104.81858122362863,99.13793801396133
2026-07-25 10:00:00,10,12.860833333333334,58.18166666666667,86.33518607268522,99.83925414364643,76.83448855737419
2026-07-25 11:00:00,10,6.7058333333333335,52.465833333333336,82.55064975256711,99.83925414364643,68.79873737025486
2026-07-25 12:00:00,10,5.245,43.814166666666665,73.64282691847963,62.302124505928894,64.71350874339034
2026-07-25 13:00:00,10,0.7316666666666666,48.583333333333336,50.24840308448441,62.302124505928894,46.785063311020025
2026-07-25 14:00:00,10,-1.0941666666666665,46.67583333333334,59.80989192588497,67.72471621621621,56.893527302046785
2026-07-25 15:00:00,10,-3.189166666666667,36.785,62.9064153728114,67.72471621621621,63.982924548917005
2026-07-25 16:00:00,10,5.766666666666667,48.142500000000005,63.612743201026866,67.57982456140353,77.32393559849629
2026-07-25 17:00:00,10,37.585,89.38333333333333,100.12063277875134,104.81858122362863,109.19128543698977
2026-07-25 18:00:00,10,58.055,102.1975,136.01472446794668,104.81858122362863,132.79339082061634
2026-07-25 19:00:00,10,36.814166666666665,108.92583333333334,144.335393440222,104.81858122362863,133.59109889966788
2026-07-25 20:00:00,10,67.93083333333334,107.4375,139.6319661977762,104.81858122362863,126.99301287070045
2026-07-25 21:00:00,10,73.50583333333334,106.08666666666666,130.34631099940782,104.81858122362863,117.52161914165593
2026-07-25 22:00:00,10,74.21249999999999,102.45083333333334,114.76525268913798,104.81858122362863,105.26298048665188
2026-07-25 23:00:00,10,75.19,102.36083333333332,86.58783128575678,104.81858122362863,89.14053283154968
2026-07-26 00:00:00,10,72.34916666666668,101.28916666666667,78.61439799990195,71.7916005873715,85.66990027038774
2026-07-26 01:00:00,10,60.5675,87.2325,92.75454464072703,71.7916005873715,86.56524469773976
2026-07-26 02:00:00,10,62.08416666666667,73.51583333333333,75.56672728259326,71.7916005873715,79.33713662280033
2026-07-26 03:00:00,10,71.38,70.7725,61.193170173238464,71.7916005873715,74.1247351995752
2026-07-26 04:00:00,10,67.2625,63.86833333333333,51.39939722815709,94.28554783950621,72.19859389024145
2026-07-26 05:00:00,10,54.1575,59.41,47.23031414672443,94.28554783950621,73.18931178867072
2026-07-26 06:00:00,10,46.98416666666666,58.835,47.54960024638988,94.28554783950621,75.5001113190231
2026-07-26 07:00:00,10,23.715,54.89083333333334,56.718343628553455,94.28554783950621,86.46753875023488
2026-07-26 08:00:00,10,32.31166666666667,41.2775,81.1247270040424,120.69722065285622,104.64371429715547
2026-07-26 09:00:00,10,45.392500000000005,37.68666666666667,94.6116618846508,120.69722065285622,90.41685203575041
2026-07-26 10:00:00,10,22.50333333333333,27.51083333333333,86.3651835052149,67.57982456140353,74.49507857863087
2026-07-26 11:00:00,10,14.755,18.866666666666667,60.618698398190865,39.40751207729467,43.39846228872824
2026-07-26 12:00:00,10,15.813333333333333,24.46666666666667,62.15940743238687,39.40751207729467,44.244525215378516
2026-07-26 13:00:00,10,14.33,28.81583333333333,68.8573701973673,47.78798648648647,52.16747949413635
2026-07-26 14:00:00,10,16.045833333333334,18.294166666666666,76.16561666912699,47.78798648648647,53.3378965373823
2026-07-26 15:00:00,10,27.660833333333333,13.500833333333333,75.8863721631188,47.78798648648647,64.46375102892806
2026-07-26 16:00:00,10,17.136666666666667,33.2775,106.61275794116321,67.72471621621621,87.48644430752239
2026-07-26 17:00:00,10,84.43916666666667,74.75583333333334,162.49739809068504,125.01939516129036,128.71792130838105
2026-07-26 18:00:00,10,108.59833333333334,85.14166666666667,204.4903692396712,125.01939516129036,157.7827093691457
2026-07-26 19:00:00,10,115.21166666666666,69.3625,211.58205544516952,125.01939516129036,156.95305033280968
2026-07-26 20:00:00,10,117.67,64.37416666666667,179.54885678613107,125.01939516129036,139.57422719305708
2026-07-26 21:00:00,10,120.41083333333334,74.51916666666666,160.02300846484928,125.01939516129036,131.18337190474233
2026-07-26 22:00:00,10,112.18,67.1425,133.46666781898756,125.01939516129036,119.48179845324151
2026-07-26 23:00:00,10,102.08083333333332,49.57749999999999,104.12229372399469,120.69722065285622,104.3549988731169
2026-07-27 00:00:00,10,99.72416666666668,21.305,91.01565591299092,120.69722065285622,97.76632886249647
2026-07-27 01:00:00,10,105.85833333333332,19.565,94.14936048174474,94.28554783950621,111.48000816247287
2026-07-27 02:00:00,10,93.1575,20.641666666666666,72.31799821824836,94.28554783950621,97.73540907155933
2026-07-27 03:00:00,10,90.22,10.665833333333332,51.163131897802,71.7916005873715,86.08370075610938
2026-07-27 04:00:00,10,88.06,10.265,37.13491161623964,71.7916005873715,77.86434738570802
2026-07-27 05:00:00,10,92.33333333333331,33.0925,33.73303246215793,71.7916005873715,76.03798466748997
2026-07-27 06:00:00,10,74.97,72.98583333333333,44.49720287723099,71.7916005873715,81.50510798357797
2026-07-27 07:00:00,10,122.28416666666664,78.69500000000001,79.18574847758164,99.83925414364643,101.44412738186645
2026-07-27 08:00:00,10,170.09416666666667,94.77833333333332,122.28796846745703,99.83925414364643,115.80140729094987
2026-07-27 09:00:00,10,53.89083333333334,88.10583333333334,127.74533472016185,99.83925414364643,96.46497255552035
2026-07-27 10:00:00,10,11.3175,63.1475,105.77566902423965,99.83925414364643,84.64226915852322
2026-07-27 11:00:00,10,10.333333333333334,55.281666666666666,49.70918353743351,99.83925414364643,54.39847285641816
2026-07-27 12:00:00,10,9.954166666666667,59.67666666666667,61.07245196153947,43.38016666666669,45.56340578242168
2026-07-27 13:00:00,10,10.515,51.376666666666665,47.23423629425013,43.38016666666669,46.61524903923845
2026-07-27 14:00:00,10,9.878333333333332,43.70666666666667,61.418008574074264,50.5419179229481,54.508098048740706
2026-07-27 15:00:00,10,12.5125,41.44083333333334,58.676374823314994,70.44877415458937,55.967298890463965
2026-07-27 16:00:00,10,15.856666666666667,79.90416666666667,80.95665855917197,70.44877415458937,67.53860601961544
2026-07-27 17:00:00,10,17.1225,104.47583333333334,114.02571317823455,70.44877415458937,88.62013949777675
2026-07-27 18:00:00,10,8.814166666666665,109.675,182.22039875687398,155.2528333333333,119.58627054898491
2026-07-27 19:00:00,10,19.151666666666667,110.56833333333331,176.0469122401297,155.2528333333333,116.6653764579911
2026-07-27 20:00:00,10,34.208333333333336,100.39416666666666,146.78285555178394,155.2528333333333,98.4442228762093
2026-07-27 21:00:00,10,26.641666666666666,95.4,106.66718661815294,67.81420658682633,71.32354208353772
2026-07-27 22:00:00,10,2.669166666666667,84.68666666666667,83.28011734678296,67.81420658682633,52.647827511379305
2026-07-27 23:00:00,10,-3.3175000000000003,77.5825,46.298422344834975,30.260878243512995,28.21266087367089
2026-07-28 00:00:00,10,-3.1491666666666664,77.89416666666666,20.287440216496137,18.812276688453156,16.687195458992548
2026-07-28 01:00:00,10,-4.755,73.2175,25.832191195869783,18.812276688453156,7.252456050015084
2026-07-28 02:00:00,10,-5.215833333333333,78.5175,-2.960642889570451,13.210055555555558,-2.175911488833748
2026-07-28 03:00:00,10,-5.714166666666666,81.38,-19.646336745204394,0.5042307692307688,-7.827543008398322
2026-07-28 04:00:00,10,-6.511666666666667,82.25416666666666,-31.239793194336556,0.5042307692307688,-9.574240030835327
2026-07-28 05:00:00,10,-6.415833333333333,87.95916666666666,-43.39096115258671,0.5042307692307688,-9.732317437145298
2026-07-28 06:00:00,10,-3.485,101.9875,-35.886433604594956,13.210055555555558,-2.8265698579894263
2026-07-28 07:00:00,10,21.39,113.3125,3.906627316715891,30.260878243512995,13.532240410923677
2026-07-28 08:00:00,10,86.14833333333333,151.06833333333333,58.114555438838124,67.81420658682633,30.835024040954472
2026-07-28 09:00:00,10,-7.913333333333331,128.77666666666667,59.95404610226305,67.81420658682633,20.122479985238726
2026-07-28 10:00:00,10,-3.6275,84.3275,14.914511120304645,67.81420658682633,11.718592746724433
2026-07-28 11:00:00,10,-2.3508333333333336,82.045,-22.094657922140186,18.812276688453156,1.9086528418441873
2026-07-28 12:00:00,10,-1.4225,65.56666666666668,-48.15792082879672,13.210055555555558,-6.075719895627884
2026-07-28 13:00:00,10,-3.4633333333333334,60.77166666666667,-56.76183944616338,0.5042307692307688,-14.574373358444248
2026-07-28 14:00:00,10,-2.0733333333333333,66.01083333333334,-41.89111626150023,0.5042307692307688,-18.368345729014976
2026-07-28 15:00:00,10,-2.4058333333333333,74.66833333333334,-42.40367824472888,0.5042307692307688,-21.31469958633761
2026-07-28 16:00:00,10,2.1575,87.53000000000002,-20.86370710133677,18.812276688453156,-9.55340016202048
2026-07-28 17:00:00,10,50.13583333333333,106.9375,51.143756012585605,67.81420658682633,27.063615954242735
2026-07-28 18:00:00,10,58.33166666666667,107.54,105.1167779490037,67.81420658682633,55.21491966522245
2026-07-28 19:00:00,10,6.805833333333333,104.61833333333334,129.80044818332846,155.2528333333333,71.01964258381611
2026-07-28 20:00:00,10,3.7616666666666654,95.73,141.52279715745473,155.2528333333333,81.59538540722383
2026-07-28 21:00:00,10,34.126666666666665,93.875,118.06924035428901,67.81420658682633,53.09806272836959
2026-07-28 22:00:00,10,-36.961666666666666,86.28083333333332,126.1309912025751,70.44877415458937,74.77394247284703
2026-07-28 23:00:00,10,-2.7583333333333333,56.12583333333333,88.43836112606698,70.44877415458937,51.19257939520801
2026-07-29 00:00:00,10,-4.18,31.2625,65.7753234753947,43.38016666666669,33.13085346019053
2026-07-29 01:00:00,10,-1.15,22.14583333333333,63.49410275218985,18.812276688453156,13.556586351273829
2026-07-29 02:00:00,10,-1.1458333333333333,11.240833333333336,32.8544041375814,13.210055555555558,-2.004024340333217
2026-07-29 03:00:00,10,-1.1041666666666667,8.550833333333333,7.426200978328907,0.5042307692307688,-10.281424023327872
2026-07-29 04:00:00,10,-1.1125,8.885,-5.160763174374509,0.5042307692307688,-12.86555984643745
2026-07-29 05:00:00,10,-1.1041666666666667,8.663333333333332,8.198012362468539,0.5042307692307688,-8.967775090778645
2026-07-29 06:00:00,10,-1.1166666666666667,0.1116666666666666,29.660765297910736,13.210055555555558,3.0674905663406307
2026-07-29 07:00:00,10,2.4458333333333333,37.0325,76.4393219369761,30.260878243512995,26.81056711789143
2026-07-29 08:00:00,10,13.665,53.36166666666667,127.28300964572023,155.2528333333333,43.2527355654714
2026-07-29 09:00:00,10,9.173333333333334,31.836666666666662,142.8075967172847,155.2528333333333,52.03819530602524
2026-07-29 10:00:00,10,10.75,21.515,113.20055959234656,67.81420658682633,36.64798381648851
2026-07-29 11:00:00,10,8.175833333333333,14.42,95.94504215756639,67.81420658682633,34.81659544968521
2026-07-29 12:00:00,10,9.902500000000002,10.433333333333334,94.4239256606487,67.81420658682633,45.21412156991522
2026-07-29 13:00:00,10,4.866666666666666,7.150833333333334,83.65830402897875,30.260878243512995,43.072602298961556
2026-07-29 14:00:00,10,0.3275,-1.1333333333333333,80.6543309848716,30.260878243512995,34.80939984770157
2026-07-29 15:00:00,10,1.6766666666666663,-1.3333333333333333,80.98528765494211,30.260878243512995,28.98880737837419
2026-07-29 16:00:00,10,26.7725,20.43583333333333,105.08273262442637,43.38016666666669,40.295020125351556
2026-07-29 17:00:00,10,91.77,84.23,158.9688898992506,70.44877415458937,90.617081639617
2026-07-29 18:00:00,10,122.87166666666668,99.17083333333332,220.72872170165812,155.2528333333333,156.1283302503184
2026-07-29 19:00:00,10,125.53416666666664,94.92083333333332,245.33956021803402,247.07264937106933,185.45508637692282
2026-07-29 20:00:00,10,115.25166666666668,96.04166666666669,239.33840887555004,247.07264937106933,177.66773453392386
2026-07-29 21:00:00,10,117.56166666666668,113.15500000000002,218.49496420578984,247.07264937106933,153.2669380513928
2026-07-29 22:00:00,10,110.9375,116.81333333333332,190.26558619004277,247.07264937106933,137.43928545789095
2026-07-29 23:00:00,10,89.32583333333334,102.105,150.40603410718612,104.81858122362863,118.24556993167423
2026-07-30 00:00:00,10,90.80416666666667,82.72666666666667,134.7825512085137,104.81858122362863,115.93078145198015
2026-07-30 01:00:00,10,92.04666666666668,68.45166666666667,148.25168568806538,104.81858122362863,107.13792884767673
2026-07-30 02:00:00,10,88.3325,56.275,133.28404857441467,71.7916005873715,105.3187844772642
2026-07-30 03:00:00,10,85.00166666666667,51.86916666666667,114.49021748436348,71.7916005873715,98.72513627261574
2026-07-30 04:00:00,10,82.205,41.69083333333333,101.7402579045077,71.7916005873715,91.58959036599556
2026-07-30 05:00:00,10,85.53750000000001,55.803333333333335,98.44121199979176,71.7916005873715,90.11267986606161
2026-07-30 06:00:00,10,99.61416666666666,49.37083333333333,115.23669818775102,71.7916005873715,105.74817292017335
2026-07-30 07:00:00,10,140.345,45.29416666666666,163.86072549060407,104.81858122362863,138.8815284346653
2026-07-30 08:00:00,10,195.03083333333333,66.57166666666667,227.07133160850307,247.07264937106933,177.28008276747778
2026-07-30 09:00:00,10,141.18416666666667,49.869166666666665,227.05103674017292,247.07264937106933,169.93681722581056
2026-07-30 10:00:00,10,103.5325,41.49166666666667,193.46527400857485,247.07264937106933,133.3193150508848
2026-07-30 11:00:00,10,77.94166666666668,19.02833333333333,159.48846453085253,99.83925414364643,100.86502248681879
2026-07-30 12:00:00,10,72.68416666666667,13.554166666666667,151.7410763793551,99.83925414364643,103.69673633472883
2026-07-30 13:00:00,10,72.85,7.285833333333334,156.18910990236174,99.83925414364643,112.88016513071341
2026-07-30 14:00:00,10,73.25583333333333,1.3316666666666668,138.97648138389857,99.83925414364643,106.20822446051116
2026-07-30 15:00:00,10,59.958333333333336,5.566666666666666,139.51452270238013,125.01939516129036,119.29606465732033
2026-07-30 16:00:00,10,83.93083333333333,11.556666666666668,157.64401851839,125.01939516129036,144.45955450075738
2026-07-30 17:00:00,10,174.01666666666665,47.77333333333333,216.2468923886253,125.01939516129036,195.50169425270758
2026-07-30 18:00:00,10,224.06166666666664,72.91166666666668,256.52369736873516,1172.1542250000002,224.79732662006614
2026-07-30 19:00:00,10,220.2733333333333,70.52416666666666,268.9501275250833,1172.1542250000002,227.43869619722636
2026-07-30 20:00:00,10,189.28833333333333,70.96333333333334,260.22466801293785,1172.1542250000002,219.486470552904
2026-07-30 21:00:00,10,274.265,62.553333333333335,243.84257313982255,1172.1542250000002,206.27616088818496
2026-07-30 22:00:00,10,344.85083333333336,48.37416666666667,218.6384850530497,247.07264937106933,184.7039853888975
2026-07-30 23:00:00,10,182.6208333333333,15.276666666666666,185.68037986653445,125.01939516129036,159.23765172889387
2026-07-31 00:00:00,10,137.50083333333333,18.875833333333333,168.57646679918167,125.01939516129036,149.48256949049602
2026-07-31 01:00:00,10,135.95083333333335,17.2475,184.0344905237717,125.01939516129036,148.2757530874329
2026-07-31 02:00:00,10,127.19583333333333,17.8325,164.14220576299562,125.01939516129036,143.28422500739904
2026-07-31 03:00:00,10,130.29916666666665,11.509166666666667,155.2327328114406,120.69722065285622,140.74794397051403
2026-07-31 04:00:00,10,139.42083333333332,12.7025,143.45824080432394,120.69722065285622,139.9805749070162
2026-07-31 05:00:00,10,127.99666666666668,12.384166666666667,144.39338727991748,120.69722065285622,146.6512298817496
2026-07-31 06:00:00,10,150.87166666666667,26.27916666666667,163.76462583577558,125.01939516129036,165.26792066963577
2026-07-31 07:00:00,10,231.91583333333327,49.91166666666666,218.703977828504,125.01939516129036,203.01790334375556
2026-07-31 08:00:00,10,382.6625,72.72666666666667,263.66912431976806,1172.1542250000002,217.56502831866095
2026-07-31 09:00:00,10,158.9225,53.92249999999999,266.41317567742396,1172.1542250000002,204.0682765808296
2026-07-31 10:00:00,10,97.71083333333333,46.01333333333333,241.4567065375431,1172.1542250000002,176.23591581945192
2026-07-31 11:00:00,10,108.4725,27.3475,212.83221289558705,125.01939516129036,145.6919917239607
2026-07-31 12:00:00,10,92.6075,26.536666666666665,188.7783695184225,125.01939516129036,131.54932010957305
2026-07-31 13:00:00,10,90.765,13.475833333333334,155.16845166730224,92.66546019900503,116.58984845364618
2026-07-31 14:00:00,10,104.28833333333334,6.404166666666666,152.14118837916033,92.66546019900503,123.5781739650802
2026-07-31 15:00:00,10,109.84166666666664,3.36,154.72387539773933,125.01939516129036,129.54751213097876
2026-07-31 16:00:00,10,111.05666666666669,14.609166666666669,177.58696092632374,125.01939516129036,151.44608875806992
2026-07-31 17:00:00,10,151.39333333333337,72.40666666666667,229.51262094754165,125.01939516129036,192.4012875974835
2026-07-31 18:00:00,10,177.70166666666668,52.031666666666666,269.6202956594194,1172.1542250000002,216.04732158842057
2026-07-31 19:00:00,10,182.55666666666664,30.0475,279.4106613305494,1172.1542250000002,217.92362680849692
2026-07-31 20:00:00,10,139.765,13.435833333333337,270.6154685936391,1172.1542250000002,208.3545058056627
2026-07-31 21:00:00,10,126.00583333333331,13.595833333333331,268.3445980084822,1172.1542250000002,204.3641280939538
2026-07-31 22:00:00,10,127.56333333333332,7.400833333333334,257.9911687323888,1172.1542250000002,195.30234849779112
2026-07-31 23:00:00,10,127.68083333333334,9.9975,233.43076731600758,125.01939516129036,180.8459634633237
2026-08-01 00:00:00,10,115.175,12.415833333333332,225.90419799313156,125.01939516129036,175.2237392026696
2026-08-01 01:00:00,10,91.83833333333332,8.073333333333332,233.3965774401527,125.01939516129036,140.93108973373865
2026-08-01 02:00:00,10,78.83166666666666,5.654166666666666,212.7697641945293,125.01939516129036,134.50224186635097
2026-08-01 03:00:00,10,81.76666666666667,3.48,197.07604368685105,120.69722065285622,131.9599379814024
2026-08-01 04:00:00,10,76.42583333333333,0.1091666666666666,182.7892297193585,120.69722065285622,130.77446738099988
2026-08-01 05:00:00,10,81.2775,0.0141666666666666,168.11793883219173,120.69722065285622,132.62519296281795
2026-08-01 06:00:00,10,86.125,-0.1858333333333334,161.4268825124219,120.69722065285622,135.9899895284001
2026-08-01 07:00:00,10,90.13166666666666,6.09,168.03598426048535,125.01939516129036,145.6746111112751
2026-08-01 08:00:00,10,89.185,14.6875,202.25264105926058,187.52393333333333,159.71037887335314
2026-08-01 09:00:00,10,54.47,10.616666666666667,188.34061827557815,125.01939516129036,131.5415003360215
2026-08-01 10:00:00,10,18.811666666666667,12.860833333333334,139.27643810242392,125.01939516129036,89.47601762638504
2026-08-01 11:00:00,10,7.810833333333334,6.7058333333333335,92.12515516467681,67.57982456140353,48.23761929019881
2026-08-01 12:00:00,10,-1.5991666666666668,5.245,49.935301335134994,39.40751207729467,25.75707181572956
2026-08-01 13:00:00,10,-0.5033333333333333,0.7316666666666666,14.854925275390805,9.483496376811596,6.6693540590691285
2026-08-01 14:00:00,10,-5.2091666666666665,-1.0941666666666665,4.302677046319722,-2.087256944444444,0.0014951699906049498
2026-08-01 15:00:00,10,-5.9,-3.189166666666667,4.188771148881948,9.483496376811596,0.34706447684725106
2026-08-01 16:00:00,10,-4.283333333333333,5.766666666666667,38.288530673821796,32.22149371069182,22.274360205145335
2026-08-01 17:00:00,10,56.76916666666667,37.585,97.36705546724313,71.7916005873715,68.39249140510265
2026-08-01 18:00:00,10,80.9325,58.055,145.74680952416298,104.81858122362863,105.0822733120001
2026-08-01 19:00:00,10,78.9225,36.814166666666665,163.66606164973427,104.81858122362863,102.86917051300118
2026-08-01 20:00:00,10,68.89999999999999,67.93083333333334,163.10275428482555,104.81858122362863,102.84995140258826
2026-08-01 21:00:00,10,66.245,73.50583333333334,150.32785490999987,104.81858122362863,96.5505094738048
2026-08-01 22:00:00,10,64.23166666666667,74.21249999999999,133.52999511758009,104.81858122362863,79.22305059933032
2026-08-01 23:00:00,10,54.7475,75.19,111.80913296342288,70.44877415458937,70.89490600351688
2026-08-02 00:00:00,10,25.285,72.34916666666668,94.20220745320097,70.44877415458937,62.243163664930535
2026-08-02 01:00:00,10,10.3225,60.5675,95.19135024535599,62.302124505928894,49.43798411675495
2026-08-02 02:00:00,10,9.4,62.08416666666667,66.2793974688218,50.5419179229481,36.666457977856865
2026-08-02 03:00:00,10,6.516666666666667,71.38,44.212346731228834,37.953076923076914,26.086940688473106
2026-08-02 04:00:00,10,4.301666666666667,67.2625,28.19046485292668,37.953076923076914,22.199502042613503
2026-08-02 05:00:00,10,0.2083333333333333,54.1575,19.352214097898063,37.953076923076914,21.878076618370272
2026-08-02 06:00:00,10,-1.9958333333333336,46.98416666666666,18.224646551096285,37.953076923076914,25.272364900781085
2026-08-02 07:00:00,10,-1.169166666666667,23.715,23.195819842736597,50.5419179229481,32.4692180530452
2026-08-02 08:00:00,10,1.6725,32.31166666666667,51.549881314617835,62.302124505928894,55.01844273102725
2026-08-02 09:00:00,10,-3.540833333333333,45.392500000000005,57.95379450209097,70.44877415458937,42.38160096552218
2026-08-02 10:00:00,10,-8.383333333333333,22.50333333333333,42.878699088846545,50.5419179229481,26.38722354486439
2026-08-02 11:00:00,10,-7.785833333333334,14.755,5.6647530320441035,3.6325946969696954,7.075702798913319
2026-08-02 12:00:00,10,-20.211666666666662,15.813333333333333,-10.564358979688492,-13.551561403508776,-0.3684684423862734
2026-08-02 13:00:00,10,-21.239166666666662,14.33,-29.076357841500254,-13.551561403508776,-12.081241031084303
2026-08-02 14:00:00,10,-43.85916666666666,16.045833333333334,-42.655569320954214,-13.551561403508776,-19.532096083569314
2026-08-02 15:00:00,10,-35.39833333333333,27.660833333333333,-44.02237769379332,-13.551561403508776,-24.53228122251636
2026-08-02 16:00:00,10,-16.716666666666665,17.136666666666667,-9.368502300582037,3.6325946969696954,-14.000119288383246
2026-08-02 17:00:00,10,-1.4308333333333334,84.43916666666667,44.41348840803456,50.5419179229481,16.138932867878218
2026-08-02 18:00:00,10,22.4275,108.59833333333334,90.98504259264325,108.74478142076501,57.49477742948204
2026-08-02 19:00:00,10,12.280833333333334,115.21166666666666,108.81411442468715,141.8681965174129,73.38425110511095
2026-08-02 20:00:00,10,10.515,117.67,107.42051253233177,141.8681965174129,71.99392729236241
2026-08-02 21:00:00,10,5.200833333333333,120.41083333333334,105.90385850990104,141.8681965174129,69.8494340960132
2026-08-02 22:00:00,10,7.515,112.18,86.45848215728182,70.44877415458937,59.4263233505221
2026-08-02 23:00:00,10,4.559166666666666,102.08083333333332,56.422697351599,50.5419179229481,45.53378688045434
2026-08-03 00:00:00,10,8.419166666666667,99.72416666666668,37.192605418416385,86.52826016260158,45.17559521178751
2026-08-03 01:00:00,10,6.324166666666667,105.85833333333332,45.543045437206985,86.52826016260158,40.08063924798584
2026-08-03 02:00:00,10,2.794166666666667,93.1575,39.21103535409523,59.2257039337474,45.6780990434696
2026-08-03 03:00:00,10,0.2575,90.22,24.766234660917902,59.2257039337474,43.86325580643967
2026-08-03 04:00:00,10,2.619166666666666,88.06,13.31054780473788,59.2257039337474,35.90197816147208
2026-08-03 05:00:00,10,0.9883333333333332,92.33333333333331,16.010014777068548,37.953076923076914,32.67536344001705
2026-08-03 06:00:00,10,-0.2558333333333333,74.97,42.43757235083443,50.5419179229481,42.39205066096537
2026-08-03 07:00:00,10,19.731666666666666,122.28416666666664,82.36415951312442,108.74478142076501,63.26190543979752
2026-08-03 08:00:00,10,26.354166666666668,170.09416666666667,142.79223049180777,141.8681965174129,105.34525544345573
2026-08-03 09:00:00,10,2.455,53.89083333333334,144.78207110081615,141.8681965174129,96.92825199779222
2026-08-03 10:00:00,10,-1.0116666666666667,11.3175,116.44275386152955,99.83925414364643,85.61973783112612
2026-08-03 11:00:00,10,-1.1375,10.333333333333334,70.6897313181071,50.5419179229481,48.57650764623539
2026-08-03 12:00:00,10,-0.8216666666666668,9.954166666666667,83.22675910544068,99.83925414364643,64.4232660429207
2026-08-03 13:00:00,10,-1.1083333333333334,10.515,69.67082338904096,50.5419179229481,60.42791638130646
2026-08-03 14:00:00,10,-1.7791666666666666,9.878333333333332,49.92442175320605,50.5419179229481,48.9511573153023
2026-08-03 15:00:00,10,-2.345833333333333,12.5125,63.48873609746907,50.5419179229481,57.20129502192311
2026-08-03 16:00:00,10,-3.7,15.856666666666667,102.9280510405465,99.83925414364643,92.37701579375819
2026-08-03 17:00:00,10,64.17416666666666,17.1225,150.89227883099926,104.81858122362863,148.44498040982057
2026-08-03 18:00:00,10,95.10583333333334,8.814166666666665,193.0666163866641,247.07264937106933,184.68594122812382
2026-08-03 19:00:00,10,96.275,19.151666666666667,209.80897818041717,247.07264937106933,189.0460914109624
2026-08-03 20:00:00,10,93.06416666666668,34.208333333333336,204.52568335626762,247.07264937106933,187.65596866227366
2026-08-03 21:00:00,10,88.14833333333333,26.641666666666666,181.99302786278398,104.81858122362863,174.11692359372012
2026-08-03 22:00:00,10,68.97083333333333,2.669166666666667,148.31898781340706,104.81858122362863,152.20882553839652
2026-08-03 23:00:00,10,33.43833333333333,-3.3175000000000003,117.1022490694589,104.81858122362863,114.36709666575442
2026-08-04 00:00:00,10,28.614166666666662,-3.1491666666666664,100.34503432647273,108.74478142076501,98.84701352841896
2026-08-04 01:00:00,10,23.7575,-4.755,113.48487561189103,86.52826016260158,93.16223100058313
2026-08-04 02:00:00,10,32.166666666666664,-5.215833333333333,103.15670942356905,86.52826016260158,90.92278956626636
2026-08-04 03:00:00,10,36.810833333333335,-5.714166666666666,94.89971929876657,71.7916005873715,92.27406993383924
2026-08-04 04:00:00,10,39.303333333333335,-6.511666666666667,86.54128315624786,71.7916005873715,90.17426629134103
2026-08-04 05:00:00,10,35.873333333333335,-6.415833333333333,82.49731010688996,59.2257039337474,85.93806125703975
2026-08-04 06:00:00,10,48.03333333333333,-3.485,97.75820783855256,86.52826016260158,95.29086900527103
2026-08-04 07:00:00,10,75.36,21.39,137.50772064448938,141.8681965174129,121.81429195198857
2026-08-04 08:00:00,10,80.00833333333334,86.14833333333333,197.68486944970866,155.2528333333333,156.16411393449684
2026-08-04 09:00:00,10,59.84166666666667,-7.913333333333331,189.63014856457173,155.2528333333333,132.38103523117408
2026-08-04 10:00:00,10,53.61000000000001,-3.6275,158.77281527151553,99.83925414364643,112.43418339513622
2026-08-04 11:00:00,10,50.69166666666666,-2.3508333333333336,138.6140126465321,99.83925414364643,90.46418977325956
2026-08-04 12:00:00,10,61.95083333333333,-1.4225,138.77428870869772,70.44877415458937,95.86270048569193
2026-08-04 13:00:00,10,69.99416666666667,-3.4633333333333334,132.19798094290803,67.81420658682633,95.11758919744844
2026-08-04 14:00:00,10,98.88,-2.0733333333333333,138.5981979840372,99.83925414364643,114.66664990415734
2026-08-04 15:00:00,10,97.35666666666668,-2.4058333333333333,133.34703164229325,99.83925414364643,114.87064827063986
2026-08-04 16:00:00,10,97.97583333333334,2.1575,146.917607060151,99.83925414364643,127.85065709965008
2026-08-04 17:00:00,10,98.85583333333334,50.13583333333333,174.90844240371672,155.2528333333333,148.58938899031068
2026-08-04 18:00:00,10,125.64666666666666,58.33166666666667,208.4904257390346,247.07264937106933,181.66987919880341
2026-08-04 19:00:00,10,118.42,6.805833333333333,222.00623717100274,247.07264937106933,184.31567885419932
2026-08-04 20:00:00,10,116.485,3.7616666666666654,218.29376300735015,247.07264937106933,183.5423457894086
2026-08-04 21:00:00,10,120.40666666666668,34.126666666666665,200.5597256797698,247.07264937106933,168.25923924368078
2026-08-04 22:00:00,10,124.25333333333332,-36.961666666666666,170.7912005895687,104.81858122362863,142.58573169939854
2026-08-04 23:00:00,10,113.67083333333332,-2.7583333333333333,126.43789417389331,104.81858122362863,117.33663327090548
2026-08-05 00:00:00,11,99.545,-4.18,89.99196997039586,95.9498185941043,91.80824143586219
2026-08-05 01:00:00,11,100.22083333333336,-1.15,92.0383227790758,77.00688271604935,75.74305785504694
2026-08-05 02:00:00,11,93.76083333333334,-1.1458333333333333,70.54434344708386,77.00688271604935,66.18590233522339
2026-08-05 03:00:00,11,87.32000000000001,-1.1041666666666667,52.098381853663554,47.82225748194015,54.43280800547682
2026-08-05 04:00:00,11,77.19833333333334,-1.1125,36.4905591048462,57.46205867850099,42.65599273559918
2026-08-05 05:00:00,11,79.50083333333333,-1.1041666666666667,30.622613547491845,57.46205867850099,41.864990439824325
2026-08-05 06:00:00,11,93.6725,-1.1166666666666667,38.72329695705624,47.82225748194015,52.77632377213997
2026-08-05 07:00:00,11,115.58083333333332,2.4458333333333333,86.45195148436495,65.47474794238683,78.51748537498126
2026-08-05 08:00:00,11,125.36333333333332,13.665,126.48428099385738,117.69196078431372,87.64451012877315
2026-08-05 09:00:00,11,126.08083333333332,9.173333333333334,132.18139414751099,117.69196078431372,90.99939122382793
2026-08-05 10:00:00,11,131.735,10.75,124.23200651230232,103.81965596330278,85.91563201755966
2026-08-05 11:00:00,11,103.93666666666668,8.175833333333333,97.96482164532306,103.81965596330278,63.23481637587441
2026-08-05 12:00:00,11,104.22166666666668,9.902500000000002,91.23272608038572,103.81965596330278,62.52843772402671
2026-08-05 13:00:00,11,113.4175,4.866666666666666,93.89346828794338,103.81965596330278,73.87020983142402
2026-08-05 14:00:00,11,137.9333333333333,0.3275,102.83415974788363,103.81965596330278,85.18968830422529
2026-08-05 15:00:00,11,131.36333333333332,1.6766666666666663,95.81860904177239,103.81965596330278,76.65815607355806
2026-08-05 16:00:00,11,173.81916666666666,26.7725,114.60534207107632,103.81965596330278,90.50152018539845
2026-08-05 17:00:00,11,213.15833333333333,91.77,162.54187307640007,95.9498185941043,130.83340662700152
2026-08-05 18:00:00,11,218.1975,122.87166666666668,204.53877903503988,263.73284120734905,171.8669056320135
2026-08-05 19:00:00,11,215.78083333333333,125.53416666666664,227.64044993987687,1145.7589356435644,192.74277788428205
2026-08-05 20:00:00,11,176.41750000000002,115.25166666666668,239.0905308530899,263.73284120734905,200.8591049128551
2026-08-05 21:00:00,11,165.92916666666667,117.56166666666668,238.69502725733977,1145.7589356435644,202.60946427436912
2026-08-05 22:00:00,11,152.005,110.9375,221.02455301419317,173.79210737179488,191.244876213025
2026-08-05 23:00:00,11,135.23,89.32583333333334,186.17829239662893,144.8547363945578,170.10619601274533
2026-08-06 00:00:00,11,122.28000000000002,90.80416666666667,159.95525561719185,144.8547363945578,152.95954567154746
2026-08-06 01:00:00,11,114.19833333333334,92.04666666666668,159.4244551451034,121.96112578616362,137.57223419358832
2026-08-06 02:00:00,11,111.105,88.3325,132.93530976257762,129.51203006088278,127.7044659865644
2026-08-06 03:00:00,11,108.71583333333336,85.00166666666667,116.0317997936031,129.51203006088278,122.84797380206174
2026-08-06 04:00:00,11,109.50083333333332,82.205,105.7259521246926,129.51203006088278,123.2703936392146
2026-08-06 05:00:00,11,108.15416666666664,85.53750000000001,107.61722199287887,129.51203006088278,127.63410381204936
2026-08-06 06:00:00,11,133.0875,99.61416666666666,115.2412900726309,129.51203006088278,139.431853869498
2026-08-06 07:00:00,11,174.7825,140.345,138.2633399991234,146.66693681318682,154.8251294921586
2026-08-06 08:00:00,11,242.58166666666668,195.03083333333333,174.49741388002005,263.73284120734905,156.63576789698536
2026-08-06 09:00:00,11,109.8125,141.18416666666667,170.2134857444571,117.69196078431372,127.70898338253491
2026-08-06 10:00:00,11,90.38666666666666,103.5325,150.07063807576947,121.96112578616362,109.57536090775523
2026-08-06 11:00:00,11,69.46249999999999,77.94166666666668,112.11822607717667,121.96112578616362,86.43468461604321
2026-08-06 12:00:00,11,70.4775,72.68416666666667,56.6446200721434,47.82225748194015,41.22139454003646
2026-08-06 13:00:00,11,44.219166666666666,72.85,45.12826161386661,47.82225748194015,37.841179079799964
2026-08-06 14:00:00,11,34.30083333333334,73.25583333333333,53.67147601226104,47.82225748194015,44.34554701004865
2026-08-06 15:00:00,11,63.88666666666666,59.958333333333336,73.30538372965144,77.00688271604935,58.64621459148685
2026-08-06 16:00:00,11,94.40916666666668,83.93083333333333,110.81531819392416,95.9498185941043,88.78316756390932
2026-08-06 17:00:00,11,104.66,174.01666666666665,135.878106727309,146.66693681318682,109.45784032460797
2026-08-06 18:00:00,11,126.26,224.06166666666664,158.40764382965457,117.69196078431372,120.90903228179054
2026-08-06 19:00:00,11,126.56833333333331,220.2733333333333,164.02124293362277,117.69196078431372,111.91964878025402
2026-08-06 20:00:00,11,114.0625,189.28833333333333,171.62384025033515,117.69196078431372,126.87256829657716
2026-08-06 21:00:00,11,121.24416666666669,274.265,157.73169665984287,146.66693681318682,126.23695392426268
2026-08-06 22:00:00,11,123.0575,344.85083333333336,142.22853196087453,146.66693681318682,130.1857520433344
2026-08-06 23:00:00,11,120.48416666666668,182.6208333333333,113.55629861821635,146.66693681318682,118.33321020925122
2026-08-07 00:00:00,11,107.00416666666666,137.50083333333333,112.8113789338003,146.66693681318682,123.85652742247889
2026-08-07 01:00:00,11,103.6,135.95083333333335,125.45958563091409,129.51203006088278,118.95443018467287
2026-08-07 02:00:00,11,105.70583333333332,127.19583333333333,108.73503645729872,129.51203006088278,113.09096417593074
2026-08-07 03:00:00,11,104.75583333333331,130.29916666666665,95.36473115709174,129.51203006088278,110.89038268407575
2026-08-07 04:00:00,11,108.37416666666668,139.42083333333332,88.79675126109122,129.51203006088278,111.25735601635395
2026-08-07 05:00:00,11,120.3325,127.99666666666668,90.29082029849468,129.51203006088278,118.31168214669427
2026-08-07 06:00:00,11,109.69083333333332,150.87166666666667,110.82955103017645,129.51203006088278,136.50614084192765
2026-08-07 07:00:00,11,123.91666666666669,231.91583333333327,151.69804838612652,146.66693681318682,165.70142042917257
2026-08-07 08:00:00,11,136.15166666666667,382.6625,204.57299970798073,146.66693681318682,184.7750501469753
2026-08-07 09:00:00,11,131.41666666666666,158.9225,203.9054877767799,146.66693681318682,170.42320274964058
2026-08-07 10:00:00,11,91.87166666666668,97.71083333333333,169.1195282805956,121.96112578616362,139.5938462047747
2026-08-07 11:00:00,11,67.51333333333334,108.4725,139.46344726678657,121.96112578616362,106.28437088902695
2026-08-07 12:00:00,11,53.6825,92.6075,124.1728745116675,93.3526851851852,97.34471257158098
2026-08-07 13:00:00,11,22.117500000000003,90.765,92.24234675587564,52.39074525745258,74.79572219275748
2026-08-07 14:00:00,11,2.1875,104.28833333333334,76.0488368516743,52.39074525745258,60.68142871209356
2026-08-07 15:00:00,11,0.5466666666666667,109.84166666666664,90.36530413046525,52.39074525745258,67.44240808364574
2026-08-07 16:00:00,11,17.78,111.05666666666669,122.58238384025135,93.3526851851852,93.0916237272489
2026-08-07 17:00:00,11,101.04916666666666,151.39333333333337,152.67317090145986,146.66693681318682,138.29691198244018
2026-08-07 18:00:00,11,125.12833333333332,177.70166666666668,174.75893552931518,146.66693681318682,174.32527455372286
2026-08-07 19:00:00,11,117.87666666666668,182.55666666666664,178.97974899782358,146.66693681318682,174.7282215035308
2026-08-07 20:00:00,11,105.64916666666666,139.765,168.13234896954492,146.66693681318682,163.6812658270252
2026-08-07 21:00:00,11,105.49166666666667,126.00583333333331,144.21892684354492,146.66693681318682,140.02559731079003
2026-08-07 22:00:00,11,100.84916666666668,127.56333333333332,112.79535143436522,146.66693681318682,111.19232530498769
2026-08-07 23:00:00,11,97.71666666666664,127.68083333333334,85.46724340254774,146.66693681318682,84.22960477745713
2026-08-08 00:00:00,11,77.96333333333332,115.175,69.6427881787798,95.9498185941043,68.6374820915456
2026-08-08 01:00:00,11,33.345,91.83833333333332,66.8141552351353,77.00688271604935,57.15102972254867
2026-08-08 02:00:00,11,7.585,78.83166666666666,45.293362551658106,77.00688271604935,46.272394118442975
2026-08-08 03:00:00,11,7.409166666666667,81.76666666666667,25.341334721657518,57.46205867850099,36.318260132634535
2026-08-08 04:00:00,11,1.7283333333333333,76.42583333333333,15.62913753572419,57.46205867850099,35.14570883310406
2026-08-08 05:00:00,11,0.0058333333333333,81.2775,10.80106000040864,57.46205867850099,35.27580333892731
2026-08-08 06:00:00,11,-0.045,86.125,9.741153827842538,57.46205867850099,37.130284471453486
2026-08-08 07:00:00,11,3.3708333333333336,90.13166666666666,21.260379993219146,47.82225748194015,44.999847265814324
2026-08-08 08:00:00,11,18.15833333333333,89.185,34.81722573986159,47.82225748194015,44.0860763655917
2026-08-08 09:00:00,11,7.0683333333333325,54.47,38.94844900456539,65.47474794238683,29.571295635400638
2026-08-08 10:00:00,11,-0.1641666666666666,18.811666666666667,24.14253250589126,47.82225748194015,17.25416929372814
2026-08-08 11:00:00,11,-2.8666666666666667,7.810833333333334,3.1756535660581307,22.43159047619048,7.109829234960749
2026-08-08 12:00:00,11,-5.995833333333334,-1.5991666666666668,-18.626696150985822,-13.551561403508776,-5.725910821093933
2026-08-08 13:00:00,11,-6.644166666666667,-0.5033333333333333,-36.74601359669633,-13.551561403508776,-17.915380070637312
2026-08-08 14:00:00,11,-6.804166666666667,-5.2091666666666665,-31.706032795233895,-13.551561403508776,-13.537862958706498
2026-08-08 15:00:00,11,-6.995,-5.9,-18.78570030736016,3.6325946969696954,-8.806162450361086
2026-08-08 16:00:00,11,2.0225,-4.283333333333333,9.256853190079696,22.43159047619048,6.258999810310634
2026-08-08 17:00:00,11,12.160000000000002,56.76916666666667,54.56856160803023,47.82225748194015,36.779845823834194
2026-08-08 18:00:00,11,13.735,80.9325,87.06640233300622,101.87823987538935,67.87832396245902
2026-08-08 19:00:00,11,17.378333333333334,78.9225,87.42078827592991,101.87823987538935,66.23721800057778
2026-08-08 20:00:00,11,16.098333333333333,68.89999999999999,95.80002028797747,101.87823987538935,69.80074682835303
2026-08-08 21:00:00,11,7.309166666666667,66.245,79.99183420806699,101.87823987538935,57.2518136804229
2026-08-08 22:00:00,11,8.75,64.23166666666667,70.73458076302131,101.87823987538935,54.43229360886793
2026-08-08 23:00:00,11,8.046666666666667,54.7475,52.685423311705726,47.82225748194015,42.29188490835597
2026-08-09 00:00:00,11,9.0925,25.285,35.50146917565087,47.82225748194015,30.50774609723267
2026-08-09 01:00:00,11,0.3941666666666666,10.3225,40.13472387612249,13.09368259803921,23.05770178770488
2026-08-09 02:00:00,11,-0.0791666666666666,9.4,21.260051999262636,13.09368259803921,13.890943526254254
2026-08-09 03:00:00,11,-1.9425,6.516666666666667,4.624068871086209,-3.540687500000001,4.511324596539922
2026-08-09 04:00:00,11,-4.198333333333333,4.301666666666667,-6.396408783016426,-3.540687500000001,1.1193894733524274
2026-08-09 05:00:00,11,-4.951666666666667,0.2083333333333333,-23.49782117095002,-3.540687500000001,-1.9488001230789536
2026-08-09 06:00:00,11,-5.214166666666666,-1.9958333333333336,-30.239440745405602,-3.540687500000001,-0.23568699860933862
2026-08-09 07:00:00,11,-0.8983333333333334,-1.169166666666667,-34.722409347936036,0.35085594315245483,4.751652712493367
2026-08-09 08:00:00,11,8.84,1.6725,9.092169764168219,13.09368259803921,23.817133602895737
2026-08-09 09:00:00,11,11.466666666666669,-3.540833333333333,25.429357453468896,16.95128582202111,26.24888803621883
2026-08-09 10:00:00,11,9.733333333333333,-8.383333333333333,34.69422973715745,16.95128582202111,29.9730309219799
2026-08-09 11:00:00,11,6.624166666666667,-7.785833333333334,37.40796388267991,16.95128582202111,31.259819311158537
2026-08-09 12:00:00,11,23.031666666666663,-20.211666666666662,49.49843446603932,65.77989451476793,36.70851393151062
2026-08-09 13:00:00,11,17.124166666666667,-21.239166666666662,56.10497932902615,65.77989451476793,39.125654661994254
2026-08-09 14:00:00,11,24.8875,-43.85916666666666,49.64185381077213,65.77989451476793,41.67090227871586
2026-08-09 15:00:00,11,8.395,-35.39833333333333,53.15640364599767,65.77989451476793,37.61713011503937
2026-08-09 16:00:00,11,15.128333333333332,-16.716666666666665,51.094973361360104,65.77989451476793,39.79498217953106
2026-08-09 17:00:00,11,57.8775,-1.4308333333333334,83.96513516364759,65.77989451476793,50.06874009670544
2026-08-09 18:00:00,11,87.25333333333333,22.4275,111.27000565638934,117.69196078431372,61.17588202445964
2026-08-09 19:00:00,11,90.20416666666668,12.280833333333334,127.39247812122304,117.69196078431372,66.80848860620144
2026-08-09 20:00:00,11,91.61416666666666,10.515,140.17438735431068,132.15233539094643,75.91564677828383
2026-08-09 21:00:00,11,97.5875,5.200833333333333,123.35362515407134,132.15233539094643,66.0004524039141
2026-08-09 22:00:00,11,103.58916666666666,7.515,105.4007801612986,101.87823987538935,58.85051384608775
2026-08-09 23:00:00,11,83.82083333333334,4.559166666666666,93.5622527565732,101.87823987538935,62.624982841063854
2026-08-10 00:00:00,11,81.87083333333332,8.419166666666667,103.76520499066153,72.33343957503321,82.30266241757269
2026-08-10 01:00:00,11,80.01833333333333,6.324166666666667,125.90085265448064,92.81568051575931,101.90518688487029
2026-08-10 02:00:00,11,67.33333333333333,2.794166666666667,128.50179985905345,129.51203006088278,120.04633527249521
2026-08-10 03:00:00,11,66.42666666666666,0.2575,109.1202486571463,112.32391067538123,110.48278326785757
2026-08-10 04:00:00,11,66.92166666666667,2.619166666666666,95.0503878394219,112.32391067538123,106.5290654526032
2026-08-10 05:00:00,11,62.99916666666667,0.9883333333333332,74.57902590935065,92.81568051575931,88.03817958293968
2026-08-10 06:00:00,11,57.74583333333334,-0.2558333333333333,32.592821169113925,13.09368259803921,28.4705357405481
2026-08-10 07:00:00,11,65.22416666666668,19.731666666666666,88.70666697086605,132.15233539094643,62.83941911339797
2026-08-10 08:00:00,11,79.64916666666666,26.354166666666668,171.95057976012387,141.36507285974497,153.2895568615986
2026-08-10 09:00:00,11,84.16,2.455,145.88452246675325,117.69196078431372,137.54500082687343
2026-08-10 10:00:00,11,98.11583333333331,-1.0116666666666667,121.00774581264635,117.69196078431372,116.92096987754263
2026-08-10 11:00:00,11,86.6375,-1.1375,111.37694411389036,103.81965596330278,102.31279988662446
2026-08-10 12:00:00,11,73.25166666666667,-0.8216666666666668,105.48882256563395,103.81965596330278,96.79551022107778
2026-08-10 13:00:00,11,42.248333333333335,-1.1083333333333334,119.48980705514289,95.9498185941043,123.3820516826616
2026-08-10 14:00:00,11,46.56666666666666,-1.7791666666666666,118.12719300568972,95.9498185941043,119.16463403313881
2026-08-10 15:00:00,11,13.470833333333331,-2.345833333333333,80.77144034765654,65.47474794238683,62.611775926584855
2026-08-10 16:00:00,11,6.675,-3.7,65.55126306474486,65.77989451476793,44.4776153240128
2026-08-10 17:00:00,11,50.365833333333335,64.17416666666666,71.94530604581097,65.77989451476793,49.603124390868395
2026-08-10 18:00:00,11,87.28916666666667,95.10583333333334,81.30239133541447,117.69196078431372,57.646866051586855
2026-08-10 19:00:00,11,91.73,96.275,116.29036040796703,117.69196078431372,77.34596275629485
2026-08-10 20:00:00,11,86.23,93.06416666666668,131.05309528637468,117.69196078431372,98.95808729066145
2026-08-10 21:00:00,11,81.73333333333333,88.14833333333333,112.66361825344018,101.87823987538935,86.9315302812285
2026-08-10 22:00:00,11,86.09166666666665,68.97083333333333,81.90232099358433,101.87823987538935,68.22466422419386
2026-08-10 23:00:00,11,73.50916666666667,33.43833333333333,51.50334062426578,101.87823987538935,46.33931148513593
2026-08-11 00:00:00,11,69.97666666666667,28.614166666666662,37.137828289611704,65.47474794238683,36.88323262310907
2026-08-11 01:00:00,11,69.49499999999999,23.7575,58.438729025514455,47.82225748194015,47.02526891721193
2026-08-11 02:00:00,11,66.14583333333333,32.166666666666664,50.931092129035726,47.82225748194015,56.34197731436879
2026-08-11 03:00:00,11,56.884166666666665,36.810833333333335,47.247571551537554,57.46205867850099,66.69264598943744
2026-08-11 04:00:00,11,59.1225,39.303333333333335,48.03824202641627,72.33343957503321,79.94073796255293
2026-08-11 05:00:00,11,64.86833333333333,35.873333333333335,49.93598243238131,72.33343957503321,93.09178009960183
2026-08-11 06:00:00,11,76.705,48.03333333333333,64.72301556502889,92.81568051575931,110.02986632374964
2026-08-11 07:00:00,11,82.12833333333333,75.36,103.49522487397061,95.9498185941043,134.90157737428734
2026-08-11 08:00:00,11,86.28583333333334,80.00833333333334,163.69219331100254,95.9498185941043,157.78637618041728
2026-08-11 09:00:00,11,79.55916666666667,59.84166666666667,135.7864766430822,144.8547363945578,139.86550930191174
2026-08-11 10:00:00,11,45.931666666666665,53.61000000000001,99.46540681058174,103.81965596330278,95.75605986390981
2026-08-11 11:00:00,11,29.375833333333333,50.69166666666666,85.52804309470557,83.5042821782178,79.211250141492
2026-08-11 12:00:00,11,27.125833333333333,61.95083333333333,73.75890617291337,83.5042821782178,71.60274293796826
2026-08-11 13:00:00,11,10.2825,69.99416666666667,55.791462068856745,47.82225748194015,59.9612302498545
2026-08-11 14:00:00,11,15.784166666666666,98.88,61.81126080156562,83.5042821782178,58.35259158494322
2026-08-11 15:00:00,11,16.896666666666665,97.35666666666668,60.32446091444406,65.47474794238683,50.14597813062691
2026-08-11 16:00:00,11,39.9775,97.97583333333334,73.44160294724826,65.47474794238683,58.70944867921122
2026-08-11 17:00:00,11,75.3875,98.85583333333334,104.53707872195808,65.47474794238683,74.67078932764346
2026-08-11 18:00:00,11,75.37166666666667,125.64666666666666,139.27053141419498,117.69196078431372,100.98174493063337
2026-08-11 19:00:00,11,78.49083333333333,118.42,128.9065290855437,117.69196078431372,88.84090399033899
2026-08-11 20:00:00,11,63.42583333333334,116.485,110.9468016306765,117.69196078431372,67.26899928482449
2026-08-11 21:00:00,11,49.80916666666666,120.40666666666668,107.65499786290161,117.69196078431372,59.001550182571364
2026-08-11 22:00:00,11,6.322500000000001,124.25333333333332,56.26256109093901,65.77989451476793,35.4304601358008
2026-08-11 23:00:00,11,2.875,113.67083333333332,43.197234415648566,16.95128582202111,25.85464042994804
2026-08-12 00:00:00,11,0.0766666666666666,99.545,27.855967798618238,16.95128582202111,18.294672089760674
2026-08-12 01:00:00,11,7.888333333333333,100.22083333333336,38.96570854892417,16.95128582202111,7.922869095621962
2026-08-12 02:00:00,11,0.6233333333333333,93.76083333333334,18.08075879255059,34.76507425742575,-1.9919522638868727
2026-08-12 03:00:00,11,-0.025,87.32000000000001,0.2988048401411305,0.35085594315245483,-8.979122704076332
2026-08-12 04:00:00,11,-0.0416666666666666,77.19833333333334,-7.610229317749983,34.76507425742575,-9.397185798800791
2026-08-12 05:00:00,11,-0.0708333333333333,79.50083333333333,-8.688147482861453,34.76507425742575,-7.3225680850318895
2026-08-12 06:00:00,11,-0.0233333333333333,93.6725,1.7489186929021798,34.76507425742575,1.3499066237384199
2026-08-12 07:00:00,11,15.048333333333332,115.58083333333332,42.46326110204027,16.95128582202111,26.841103800770455
2026-08-12 08:00:00,11,11.31,125.36333333333332,98.6167816393021,65.47474794238683,68.68915612180297
2026-08-12 09:00:00,11,21.655833333333334,126.08083333333332,111.3350494085472,117.69196078431372,81.90697454937298
2026-08-12 10:00:00,11,41.965,131.735,113.3526958603093,103.81965596330278,103.16382372325879
2026-08-12 11:00:00,11,5.609999999999999,103.93666666666668,92.35460776190226,103.81965596330278,78.33412900273424
2026-08-12 12:00:00,11,5.773333333333333,104.22166666666668,74.68790235683565,83.5042821782178,57.511377197038584
2026-08-12 13:00:00,11,-0.075,113.4175,68.63726671058815,83.5042821782178,58.77981105471736
2026-08-12 14:00:00,11,0.4133333333333333,137.9333333333333,40.779917750075185,47.82225748194015,37.54112429930164
2026-08-12 15:00:00,11,-1.4983333333333333,131.36333333333332,34.6158244404098,47.82225748194015,28.121400914828314
2026-08-12 16:00:00,11,22.70833333333333,173.81916666666666,46.783184160335196,47.82225748194015,30.075890608967917
2026-08-12 17:00:00,11,50.26083333333333,213.15833333333333,108.40466469153577,65.47474794238683,77.35597214451539
2026-08-12 18:00:00,11,82.80416666666666,218.1975,155.33684232965933,65.47474794238683,104.80528993206954
2026-08-12 19:00:00,11,95.24916666666668,215.78083333333333,166.93970866013646,117.69196078431372,101.50783992353558
2026-08-12 20:00:00,11,92.175,176.41750000000002,164.50650322584895,117.69196078431372,106.69873056832753
2026-08-12 21:00:00,11,86.36166666666666,165.92916666666667,155.10632231629805,65.47474794238683,101.28257283965993
2026-08-12 22:00:00,11,80.34916666666668,152.005,139.4299135135422,103.81965596330278,100.20766331818511
2026-08-12 23:00:00,11,67.91000000000001,135.23,116.7396100365716,146.66693681318682,97.6434450087941
2026-08-13 00:00:00,11,54.73666666666667,122.28000000000002,104.23881954046885,95.9498185941043,92.64804559651435
2026-08-13 01:00:00,11,41.61416666666667,114.19833333333334,112.62637545191774,77.00688271604935,75.38210538390328
2026-08-13 02:00:00,11,53.11416666666667,111.105,89.3578404361526,77.00688271604935,61.5511541119335
2026-08-13 03:00:00,11,42.1175,108.71583333333336,74.16541456791586,57.46205867850099,54.551508757105864
2026-08-13 04:00:00,11,28.852500000000003,109.50083333333332,62.266880709758375,57.46205867850099,49.833808378802615
2026-08-13 05:00:00,11,13.336666666666666,108.15416666666664,66.34844925107951,57.46205867850099,61.705329595305166
2026-08-13 06:00:00,11,16.8775,133.0875,84.76598435027019,96.840125,79.47369539474165
2026-08-13 07:00:00,11,40.435833333333335,174.7825,133.47686026102386,173.33710167714895,111.33746384393461
2026-08-13 08:00:00,11,60.83916666666666,242.58166666666668,189.61809810802254,103.81965596330278,135.22717202223532
2026-08-13 09:00:00,11,70.41833333333334,109.8125,172.2579866549205,103.81965596330278,120.74927037874852
2026-08-13 10:00:00,11,76.5025,90.38666666666666,147.33806869848274,103.81965596330278,95.45568688420686
2026-08-13 11:00:00,11,73.07333333333334,69.46249999999999,119.4990424301979,103.81965596330278,72.11424701627875
2026-08-13 12:00:00,11,89.82416666666666,70.4775,103.84752293997808,103.81965596330278,63.43649534002536
2026-08-13 13:00:00,11,88.24333333333334,44.219166666666666,108.73645758482645,83.5042821782178,71.97245663377971
2026-08-13 14:00:00,11,88.53916666666667,34.30083333333334,132.93533428499208,121.96112578616362,103.39175863307527
2026-08-13 15:00:00,11,83.30833333333334,63.88666666666666,134.4988285231342,121.96112578616362,112.64530629513325
2026-08-13 16:00:00,11,102.64583333333331,94.40916666666668,155.6968096281963,121.96112578616362,129.47706928262787
2026-08-13 17:00:00,11,108.86416666666666,104.66,210.84404073947036,173.79210737179488,176.64261176528828
2026-08-13 18:00:00,11,123.13,126.26,249.579793384819,1145.7589356435644,205.53162381603266
2026-08-13 19:00:00,11,122.9725,126.56833333333331,250.8939433358047,263.73284120734905,201.32621247069252
2026-08-13 20:00:00,11,114.3775,114.0625,224.18162440364048,263.73284120734905,178.69400713349256
2026-08-13 21:00:00,11,115.79,121.24416666666669,235.97953682308423,141.36507285974497,173.570916652295
2026-08-13 22:00:00,11,109.4875,123.0575,244.15991636386906,141.36507285974497,172.34119812493037
2026-08-13 23:00:00,11,103.89833333333333,120.48416666666668,166.032788323163,141.36507285974497,139.22851165396042
2026-08-14 00:00:00,11,98.46083333333333,107.00416666666666,139.96656232704822,141.36507285974497,129.79673262764703
2026-08-14 01:00:00,11,95.73166666666668,103.6,154.65587813619737,92.81568051575931,121.88625257072019
2026-08-14 02:00:00,11,103.54333333333334,105.70583333333332,134.7284814173459,92.81568051575931,112.36949911983633
2026-08-14 03:00:00,11,98.19166666666666,104.75583333333331,117.5756128792277,92.81568051575931,100.60259870909609
2026-08-14 04:00:00,11,93.88583333333334,108.37416666666668,109.44894113842545,92.81568051575931,95.47511086248954
2026-08-14 05:00:00,11,87.82666666666667,120.3325,101.50697636921917,126.49815833333332,95.70629681775495
2026-08-14 06:00:00,11,85.505,109.69083333333332,120.92271694324648,92.81568051575931,112.05657313666958
2026-08-14 07:00:00,11,97.8,123.91666666666669,180.59783869355195,173.33710167714895,148.19880610770838
2026-08-14 08:00:00,11,86.205,136.15166666666667,261.97484046234615,257.51412499999986,166.4536718972205
2026-08-14 09:00:00,11,84.565,131.41666666666666,184.4385128409524,257.51412499999986,130.05292155292403
2026-08-14 10:00:00,11,96.38333333333333,91.87166666666668,151.4055484666155,121.96112578616362,100.08915093010734
2026-08-14 11:00:00,11,77.44416666666666,67.51333333333334,129.83403708306275,121.96112578616362,77.67551663944971
2026-08-14 12:00:00,11,81.44833333333334,53.6825,120.07193745501229,66.914696969697,77.75295618888038
2026-08-14 13:00:00,11,80.54833333333333,22.117500000000003,129.41397165368534,93.3526851851852,92.75575761913487
2026-08-14 14:00:00,11,61.19833333333333,2.1875,138.42988405931425,93.3526851851852,92.28457178839517
2026-08-14 15:00:00,11,45.58583333333333,0.5466666666666667,146.95122176240798,93.3526851851852,102.24840218502177
2026-08-14 16:00:00,11,65.9025,17.78,156.01361004772355,93.3526851851852,115.86241694394081
2026-08-14 17:00:00,11,121.4375,101.04916666666666,188.20747494536892,141.36507285974497,155.56321133474066
2026-08-14 18:00:00,11,157.46083333333334,125.12833333333332,210.2274424797515,257.51412499999986,177.14739261248064
2026-08-14 19:00:00,11,144.76083333333335,117.87666666666668,220.0119811272659,141.36507285974497,179.05880766552963
2026-08-14 20:00:00,11,121.48416666666668,105.64916666666666,209.37488152481401,141.36507285974497,175.46703531608216
2026-08-14 21:00:00,11,114.40666666666668,105.49166666666667,203.61806242914528,141.36507285974497,173.7821177458909
2026-08-14 22:00:00,11,112.39083333333332,100.84916666666668,200.3387960962013,173.79210737179488,170.3144700584806
2026-08-14 23:00:00,11,114.735,97.71666666666664,185.0043492581156,173.79210737179488,158.7506478396674
2026-08-15 00:00:00,11,101.23166666666668,77.96333333333332,165.24281878251918,173.79210737179488,146.070208204141
2026-08-15 01:00:00,11,113.15,33.345,159.511330526954,129.51203006088278,123.28296533239984
2026-08-15 02:00:00,11,98.59333333333332,7.585,140.98731283743152,129.51203006088278,119.24711622187698
2026-08-15 03:00:00,11,97.2625,7.409166666666667,127.87636545095988,129.51203006088278,114.13043164904553
2026-08-15 04:00:00,11,92.2675,1.7283333333333333,115.20770433098315,112.32391067538123,110.54637922399287
2026-08-15 05:00:00,11,90.46416666666666,0.0058333333333333,112.83302666420249,112.32391067538123,111.92359875722588
2026-08-15 06:00:00,11,112.6,-0.045,115.49467473201877,129.51203006088278,116.75097003314814
2026-08-15 07:00:00,11,111.8,3.3708333333333336,128.10415937921258,129.51203006088278,126.4236425598465
2026-08-15 08:00:00,11,131.19833333333335,18.15833333333333,146.8373551308871,121.96112578616362,128.85873852770845
2026-08-15 09:00:00,11,60.0125,7.0683333333333325,144.43379689577242,121.96112578616362,97.66187436398437
2026-08-15 10:00:00,11,65.77666666666667,-0.1641666666666666,119.09466982422033,93.3526851851852,63.35556328609441
2026-08-15 11:00:00,11,48.64666666666667,-2.8666666666666667,84.1040564610991,71.28286184210525,46.83076596532628
2026-08-15 12:00:00,11,64.52416666666666,-5.995833333333334,74.8883135004188,71.28286184210525,47.322539386154546
2026-08-15 13:00:00,11,65.4875,-6.644166666666667,64.36582236005154,71.28286184210525,42.52114545451478
2026-08-15 14:00:00,11,69.30916666666667,-6.804166666666667,54.76362422686245,71.28286184210525,37.067984675182814
2026-08-15 15:00:00,11,66.33749999999999,-6.995,55.69935109708963,71.28286184210525,36.06025362863514
2026-08-15 16:00:00,11,56.03416666666666,2.0225,62.516483832968774,40.96570216049385,52.0473115211798
2026-08-15 17:00:00,11,73.345,12.160000000000002,102.26906340372905,66.914696969697,87.15041962222739
2026-08-15 18:00:00,11,96.65916666666668,13.735,136.15449472476627,95.9498185941043,108.74316428593599
2026-08-15 19:00:00,11,93.5825,17.378333333333334,149.1164981319724,95.9498185941043,110.532470436431
2026-08-15 20:00:00,11,89.01916666666666,16.098333333333333,143.3592398696327,95.9498185941043,106.09435681065784
2026-08-15 21:00:00,11,87.20416666666667,7.309166666666667,137.14836201254838,95.9498185941043,101.76275389860594
2026-08-15 22:00:00,11,89.22583333333334,8.75,128.05702162945298,95.9498185941043,93.76723901830778
2026-08-15 23:00:00,11,83.22,8.046666666666667,110.6577269934047,95.9498185941043,90.37260795473281
2026-08-16 00:00:00,11,78.87,9.0925,95.58336368631784,95.9498185941043,88.2155876238589
2026-08-16 01:00:00,11,67.73833333333333,0.3941666666666666,104.34449092888912,92.81568051575931,87.59213183226808
2026-08-16 02:00:00,11,66.97166666666666,-0.0791666666666666,92.17742178817036,129.51203006088278,85.25383254553454
2026-08-16 03:00:00,11,62.807500000000005,-1.9425,87.13634806024136,129.51203006088278,86.33023915150771
2026-08-16 04:00:00,11,62.21416666666667,-4.198333333333333,90.05697542365792,112.32391067538123,89.01719932351732
2026-08-16 05:00:00,11,61.24,-4.951666666666667,101.23573543616132,112.32391067538123,89.97405791226994
2026-08-16 06:00:00,11,59.92333333333334,-5.214166666666666,110.43626983215978,129.51203006088278,94.09920908640852
2026-08-16 07:00:00,11,68.9875,-0.8983333333333334,106.9276399407691,129.51203006088278,102.86171078362567
2026-08-16 08:00:00,11,49.21666666666667,8.84,122.42437718349854,129.51203006088278,101.35235195238366
2026-08-16 09:00:00,11,44.43833333333333,11.466666666666669,125.67052447582574,121.96112578616362,79.91102622621752
2026-08-16 10:00:00,11,32.8375,9.733333333333333,116.24242220610421,93.3526851851852,57.168207161244105
2026-08-16 11:00:00,11,12.453333333333331,6.624166666666667,94.61697857092612,52.39074525745258,37.47993606180287
2026-08-16 12:00:00,11,4.3116666666666665,23.031666666666663,67.74258836929461,41.44131233595799,27.091450339651452
2026-08-16 13:00:00,11,-2.971666666666667,17.124166666666667,43.59229291361603,28.077589928057556,20.25756746793754
2026-08-16 14:00:00,11,-5.571666666666666,24.8875,27.67828409056458,4.305274451097808,20.14336870983491
2026-08-16 15:00:00,11,-12.878333333333332,8.395,17.223799156779975,28.077589928057556,15.618431409656324
2026-08-16 16:00:00,11,-1.549166666666667,15.128333333333332,24.62522214209065,9.483496376811596,19.550804526186432
2026-08-16 17:00:00,11,62.38083333333333,57.8775,58.238637939828536,40.96570216049385,50.86758172759585
2026-08-16 18:00:00,11,80.685,87.25333333333333,108.59289820234302,95.9498185941043,91.27409486649819
2026-08-16 19:00:00,11,81.99,90.20416666666668,135.18420475373125,121.96112578616362,103.64957775772481
2026-08-16 20:00:00,11,77.85833333333333,91.61416666666666,153.43606657839024,121.96112578616362,113.4572865832464
2026-08-16 21:00:00,11,72.64333333333333,97.5875,157.45177862587622,121.96112578616362,114.10760151095559
2026-08-16 22:00:00,11,68.33083333333333,103.58916666666666,148.43734132645744,121.96112578616362,111.48058448258321
2026-08-16 23:00:00,11,62.06583333333333,83.82083333333334,129.45362985205065,121.96112578616362,103.18316186341954
2026-08-17 00:00:00,11,57.11083333333334,81.87083333333332,126.84384942737779,129.51203006088278,98.16025296556275
2026-08-17 01:00:00,11,56.46416666666667,80.01833333333333,135.9622047439496,129.51203006088278,118.16389772812806
2026-08-17 02:00:00,11,52.1925,67.33333333333333,123.81864152820356,129.51203006088278,113.5751660966487
2026-08-17 03:00:00,11,51.19083333333333,66.42666666666666,114.99939913028595,112.32391067538123,111.44288852547574
2026-08-17 04:00:00,11,51.8775,66.92166666666667,105.6464860693408,112.32391067538123,112.55087462345095
2026-08-17 05:00:00,11,44.48083333333333,62.99916666666667,96.07128049553926,112.32391067538123,117.27055743243481
2026-08-17 06:00:00,11,45.48,57.74583333333334,104.39299091508131,129.51203006088278,133.059397870544
2026-08-17 07:00:00,11,56.99916666666667,65.22416666666668,143.52988737598577,144.8547363945578,163.61437291421868
2026-08-17 08:00:00,11,60.0125,79.64916666666666,179.8604893042903,144.8547363945578,179.68587336570943
2026-08-17 09:00:00,11,51.98666666666667,84.16,178.50310434576193,144.8547363945578,165.45521469671087
2026-08-17 10:00:00,11,51.575,98.11583333333331,157.97353309056035,144.8547363945578,135.66031263690707
2026-08-17 11:00:00,11,26.734166666666667,86.6375,121.51564594805554,93.3526851851852,103.78828704806998
2026-08-17 12:00:00,11,19.300833333333333,73.25166666666667,91.13082036807478,71.28286184210525,82.97722001346033
2026-08-17 13:00:00,11,21.389166666666668,42.248333333333335,60.53024970692271,41.44131233595799,55.78550839062775
2026-08-17 14:00:00,11,3.5850000000000004,46.56666666666666,45.89721204097869,41.44131233595799,47.48259248045862
2026-08-17 15:00:00,11,16.408333333333335,13.470833333333331,45.47536265364329,41.44131233595799,54.81659258588359
2026-08-17 16:00:00,11,13.003333333333332,6.675,64.06074339683803,71.28286184210525,78.22978713259819
2026-08-17 17:00:00,11,70.75,50.365833333333335,121.25479897059085,93.3526851851852,126.07196576624813
2026-08-17 18:00:00,11,84.38666666666667,87.28916666666667,168.81451662446617,144.8547363945578,171.88754625026135
2026-08-17 19:00:00,11,84.17083333333333,91.73,205.68091885249416,263.73284120734905,191.8347436870397
2026-08-17 20:00:00,11,83.6025,86.23,215.62861025613913,144.8547363945578,193.9082199779425
2026-08-17 21:00:00,11,86.14666666666666,81.73333333333333,214.15526269899723,144.8547363945578,187.2976126067125
2026-08-17 22:00:00,11,74.05833333333334,86.09166666666665,186.3624026474071,144.8547363945578,174.04956192898933
2026-08-17 23:00:00,11,56.04916666666667,73.50916666666667,141.41678176786382,144.8547363945578,151.8682512173307
2026-08-18 00:00:00,11,53.806666666666665,69.97666666666667,117.43985174349193,129.51203006088278,137.9120878302836
2026-08-18 01:00:00,11,48.0025,69.49499999999999,115.33311156442521,129.51203006088278,121.88540353839173
2026-08-18 02:00:00,11,38.270833333333336,66.14583333333333,91.28734384838609,129.51203006088278,107.72732193335561
2026-08-18 03:00:00,11,29.2725,56.884166666666665,73.59678051812448,92.81568051575931,97.61444739777603
2026-08-18 04:00:00,11,28.01333333333333,59.1225,60.12855779371367,92.81568051575931,89.34698080895593
2026-08-18 05:00:00,11,27.979166666666668,64.86833333333333,52.104965960470516,72.33343957503321,86.84639900119728
2026-08-18 06:00:00,11,28.496666666666663,76.705,64.33816614011872,72.33343957503321,96.07693997313066
2026-08-18 07:00:00,11,35.708333333333336,82.12833333333333,101.2557023562492,95.9498185941043,114.50989349986293
2026-08-18 08:00:00,11,46.56166666666667,86.28583333333334,143.14048640481656,95.9498185941043,133.2240832780667
2026-08-18 09:00:00,11,17.227500000000003,79.55916666666667,116.88222891250398,95.9498185941043,93.05799481060556
2026-08-18 10:00:00,11,7.2775,45.931666666666665,84.12723982655321,66.914696969697,60.49780076073577
2026-08-18 11:00:00,11,-2.3516666666666666,29.375833333333333,53.8378148157175,38.67063679245282,35.93717188206634
2026-08-18 12:00:00,11,-5.696666666666666,27.125833333333333,22.529929850709074,3.6325946969696954,13.659264750919974
2026-08-18 13:00:00,11,-5.700833333333333,10.2825,13.12428878508775,3.6325946969696954,5.179042915854197
2026-08-18 14:00:00,11,-1.1375,15.784166666666666,20.295813418374323,-13.551561403508776,-0.38401734503894147
2026-08-18 15:00:00,11,-0.8875000000000001,16.896666666666665,21.253330978274256,3.6325946969696954,-0.24283855848861435
2026-08-18 16:00:00,11,3.3241666666666667,39.9775,52.86900943132161,22.43159047619048,19.31213541448554
2026-08-18 17:00:00,11,22.745,75.3875,87.60641519818161,101.87823987538935,63.81240640692419
2026-08-18 18:00:00,11,17.518333333333334,75.37166666666667,132.09398238275844,132.15233539094643,108.0366437493079
2026-08-18 19:00:00,11,12.445833333333333,78.49083333333333,132.99003667197275,132.15233539094643,98.65621214336994
2026-08-18 20:00:00,11,11.7875,63.42583333333334,127.33320685886113,132.15233539094643,93.67901447208651
2026-08-18 21:00:00,11,9.51,49.80916666666666,113.78839610438082,132.15233539094643,79.01413564889238
2026-08-18 22:00:00,11,9.491666666666667,6.322500000000001,89.98399105596239,65.47474794238683,54.04762609831484
2026-08-18 23:00:00,11,8.0625,2.875,64.49736768271941,47.82225748194015,41.70300006254864
2026-08-19 00:00:00,11,-0.1566666666666666,0.0766666666666666,38.115524470050346,13.09368259803921,25.809177104561677
2026-08-19 01:00:00,11,-0.2783333333333333,7.888333333333333,36.01514868795486,12.575274822695038,4.243866349586156
2026-08-19 02:00:00,11,-3.4625,0.6233333333333333,8.785774331679818,0.35085594315245483,-3.5458727405350174
2026-08-19 03:00:00,11,-5.585,-0.025,-16.31544259654555,2.5985375816993463,-7.043134928306614
2026-08-19 04:00:00,11,-6.871666666666666,-0.0416666666666666,-39.15069721875743,2.5985375816993463,-8.125756144407873
2026-08-19 05:00:00,11,-5.741666666666667,-0.0708333333333333,-44.13261056602754,2.5985375816993463,-3.911362486250823
2026-08-19 06:00:00,11,5.399166666666666,-0.0233333333333333,-31.302533260324637,0.35085594315245483,1.4908343315194656
2026-08-19 07:00:00,11,13.589166666666666,15.048333333333332,3.7838010788696863,32.90973750000002,14.246189927013155
2026-08-19 08:00:00,11,4.9375,11.31,40.938086346113096,32.90973750000002,23.858734911618185
2026-08-19 09:00:00,11,20.09,21.655833333333334,39.62826811826123,32.90973750000002,21.624307852744224
2026-08-19 10:00:00,11,21.51833333333333,41.965,42.784954316527276,32.90973750000002,20.860019619503667
2026-08-19 11:00:00,11,12.788333333333334,5.609999999999999,40.060645866652756,32.90973750000002,24.93273483422025
2026-08-19 12:00:00,11,13.93,5.773333333333333,36.517571857254836,65.77989451476793,34.893799992866384
2026-08-19 13:00:00,11,13.8925,-0.075,39.85837417392346,65.77989451476793,32.52890794873444
2026-08-19 14:00:00,11,9.701666666666666,0.4133333333333333,36.41273096201762,32.90973750000002,25.40963650303852
2026-08-19 15:00:00,11,4.3175,-1.4983333333333333,20.346216962987675,32.90973750000002,6.946764200157233
2026-08-19 16:00:00,11,8.399166666666666,22.70833333333333,43.50490302609092,32.90973750000002,17.072031644099617
2026-08-19 17:00:00,11,34.21333333333333,50.26083333333333,100.46951356762699,32.90973750000002,35.444437451427056
2026-08-19 18:00:00,11,54.57,82.80416666666666,126.44794485152781,65.77989451476793,58.83930694124342
2026-08-19 19:00:00,11,61.998333333333335,95.24916666666668,134.1073542310458,65.77989451476793,65.91387451107586
2026-08-19 20:00:00,11,61.42416666666667,92.175,144.5823589020756,65.77989451476793,75.85104013768712
2026-08-19 21:00:00,11,58.475,86.36166666666666,130.11803604041398,65.47474794238683,68.58538423433163
2026-08-19 22:00:00,11,32.274166666666666,80.34916666666668,121.54056411985482,65.47474794238683,72.88611496193046
2026-08-19 23:00:00,11,36.42083333333333,67.91000000000001,101.59387730853756,47.82225748194015,68.69049118995936
2026-08-20 00:00:00,11,61.25833333333333,54.73666666666667,88.93087221843473,47.82225748194015,67.38282466363776
2026-08-20 01:00:00,11,60.5675,41.61416666666667,104.90900747669232,77.00688271604935,65.00412681952339
2026-08-20 02:00:00,11,52.1525,53.11416666666667,89.57249971734569,57.46205867850099,60.352615347551996
2026-08-20 03:00:00,11,49.6925,42.1175,75.710970564434,57.46205867850099,55.02233587572806
2026-08-20 04:00:00,11,57.39083333333334,28.852500000000003,73.22973120670198,72.33343957503321,60.926163790609735
2026-08-20 05:00:00,11,55.4825,13.336666666666666,76.26235258654746,72.33343957503321,72.15517727388122
2026-08-20 06:00:00,11,66.27,16.8775,96.74366093829704,72.33343957503321,90.56417369801012
2026-08-20 07:00:00,11,80.43583333333333,40.435833333333335,137.61248449121626,141.36507285974497,117.8566536166694
2026-08-20 08:00:00,11,104.15916666666668,60.83916666666666,198.27958526448995,141.36507285974497,144.21655141046588
2026-08-20 09:00:00,11,126.3875,70.41833333333334,151.97370247678015,95.9498185941043,112.06002235176646
2026-08-20 10:00:00,11,270.59666666666664,76.5025,149.55940808766695,121.96112578616362,107.19402303624119
2026-08-20 11:00:00,11,51.05083333333334,73.07333333333334,113.73691171491703,83.5042821782178,78.82376048927674
2026-08-20 12:00:00,11,26.8225,89.82416666666666,81.85490779614857,47.82225748194015,50.45238056483937
2026-08-20 13:00:00,11,16.509166666666665,88.24333333333334,63.52743793585961,47.82225748194015,43.57291278981104
2026-08-20 14:00:00,11,18.61583333333333,88.53916666666667,48.997169566443546,38.67063679245282,30.906441023913096
2026-08-20 15:00:00,11,25.9825,83.30833333333334,54.97760041863603,22.43159047619048,23.86667517731231
2026-08-20 16:00:00,11,37.37,102.64583333333331,104.89813098452109,77.00688271604935,63.881648081282094
2026-08-20 17:00:00,11,27.9325,108.86416666666666,131.3285543410925,95.9498185941043,100.65296699443962
2026-08-20 18:00:00,11,73.66000000000001,123.13,157.0190187679068,103.81965596330278,125.17582045352444
2026-08-20 19:00:00,11,63.0025,122.9725,170.91889065199558,103.81965596330278,130.105291265618
2026-08-20 20:00:00,11,82.86083333333333,114.3775,177.046526198925,141.36507285974497,150.52580113324487
2026-08-20 21:00:00,11,86.81,115.79,178.04187550804696,141.36507285974497,154.38874276727688
2026-08-20 22:00:00,11,87.21749999999999,109.4875,160.27444116725343,141.36507285974497,137.32238322101404
2026-08-20 23:00:00,11,72.99416666666667,103.89833333333333,134.08945136559367,141.36507285974497,117.3405719662579
2026-08-21 00:00:00,11,58.90416666666667,98.46083333333333,115.97702169046762,72.33343957503321,105.91635646692411
2026-08-21 01:00:00,11,59.78333333333333,95.73166666666668,123.16696726108876,72.33343957503321,92.93821113359473
2026-08-21 02:00:00,11,45.92166666666666,103.54333333333334,108.63437913033181,72.33343957503321,86.9851204247762
2026-08-21 03:00:00,11,39.64833333333333,98.19166666666666,95.52864263856218,72.33343957503321,79.29583912112165
2026-08-21 04:00:00,11,22.74083333333333,93.88583333333334,88.45474109299217,72.33343957503321,75.7647379561921
2026-08-21 05:00:00,11,17.451666666666664,87.82666666666667,86.73886520627984,72.33343957503321,72.55271562210118
2026-08-21 06:00:00,11,10.745833333333332,85.505,91.60403698804252,72.33343957503321,80.67440680105328
2026-08-21 07:00:00,11,45.61333333333334,97.8,130.68642984967997,141.36507285974497,108.87655896066629
2026-08-21 08:00:00,11,54.064166666666665,86.205,173.07955720071385,141.36507285974497,126.34895116459595
2026-08-21 09:00:00,11,45.619166666666665,84.565,163.03782925782792,141.36507285974497,102.23081039409306
2026-08-21 10:00:00,11,31.159166666666668,96.38333333333333,130.98826309397379,83.5042821782178,75.48455109397064
2026-08-21 11:00:00,11,37.42416666666667,77.44416666666666,90.25659231689099,47.82225748194015,49.49700235059858
2026-08-21 12:00:00,11,36.80916666666667,81.44833333333334,99.7678698478976,83.5042821782178,67.48672939521212
2026-08-21 13:00:00,11,41.15583333333333,80.54833333333333,90.32914163016461,77.00688271604935,69.37726554755653
2026-08-21 14:00:00,11,37.61,61.19833333333333,86.48724504002989,66.914696969697,71.1680149256564
2026-08-21 15:00:00,11,38.56333333333333,45.58583333333333,75.41655502305723,66.914696969697,68.46636006117919
2026-08-21 16:00:00,11,44.38166666666667,65.9025,87.71500295577566,66.914696969697,75.29714773448498
2026-08-21 17:00:00,11,64.205,121.4375,139.88844310040193,121.96112578616362,116.96470459894974
2026-08-21 18:00:00,11,71.14166666666667,157.46083333333334,169.35239173549473,257.51412499999986,142.07665550522114
2026-08-21 19:00:00,11,61.46083333333333,144.76083333333335,171.01121062615238,257.51412499999986,131.1571398975971
2026-08-21 20:00:00,11,21.34166666666667,121.48416666666668,150.76173939881232,103.81965596330278,107.98935588584676
2026-08-21 21:00:00,11,12.043333333333337,114.40666666666668,134.48939164866886,65.47474794238683,86.07828588484155
2026-08-21 22:00:00,11,11.545833333333334,112.39083333333332,116.21132308965755,65.47474794238683,69.76680851388787
2026-08-21 23:00:00,11,9.849166666666669,114.735,93.21608565273831,65.47474794238683,55.17935569570403
2026-08-22 00:00:00,11,8.438333333333334,101.23166666666668,79.7819681833188,47.82225748194015,53.653711365934036
2026-08-22 01:00:00,11,4.9675,113.15,67.85553935345443,47.82225748194015,52.519741945089386
2026-08-22 02:00:00,11,1.43,98.59333333333332,40.862147304237624,57.46205867850099,43.28084354731154
2026-08-22 03:00:00,11,8.0325,97.2625,28.457966064451696,57.46205867850099,39.39036299299857
2026-08-22 04:00:00,11,5.471666666666667,92.2675,22.36276452221533,57.46205867850099,44.43973599977393
2026-08-22 05:00:00,11,6.720833333333334,90.46416666666666,19.005354227231656,24.696372980910425,48.41608540024282
2026-08-22 06:00:00,11,4.253333333333333,112.6,20.00239344090366,57.46205867850099,51.48325868491888
2026-08-22 07:00:00,11,13.825,111.8,31.844424779698144,57.46205867850099,61.12586986685787
2026-08-22 08:00:00,11,18.360833333333336,131.19833333333335,55.61573395317022,96.840125,64.29979791436168
2026-08-22 09:00:00,11,23.17833333333333,60.0125,63.74333585502227,92.81568051575931,55.22586343753668
2026-08-22 10:00:00,11,11.973333333333334,65.77666666666667,33.69892509967625,47.82225748194015,23.470257408284404
2026-08-22 11:00:00,11,7.677499999999999,48.64666666666667,-6.6105590606276365,3.6325946969696954,0.606737191296034
2026-08-22 12:00:00,11,8.834999999999999,64.52416666666666,-10.787778443071119,3.6325946969696954,2.3397038853960623
2026-08-22 13:00:00,11,3.675833333333333,65.4875,-19.677890182806408,3.6325946969696954,-5.978842224308835
2026-08-22 14:00:00,11,-2.438333333333333,69.30916666666667,-22.337345810483995,-13.551561403508776,-12.132620206588612
2026-08-22 15:00:00,11,-1.2141666666666666,66.33749999999999,-3.3949651977995785,9.483496376811596,1.4417987618978856
2026-08-22 16:00:00,11,19.6975,56.03416666666666,38.69024310847047,40.96570216049385,29.487702796733153
2026-08-22 17:00:00,11,70.76666666666667,73.345,83.69857707776787,66.914696969697,74.52126193568607
2026-08-22 18:00:00,11,106.9225,96.65916666666668,121.96177157723574,121.96112578616362,109.93935152669131
2026-08-22 19:00:00,11,104.05416666666667,93.5825,146.96729195898035,121.96112578616362,119.30742444111826
2026-08-22 20:00:00,11,117.745,89.01916666666666,153.4338174549043,121.96112578616362,120.34489853420166
2026-08-22 21:00:00,11,128.7225,87.20416666666667,144.9301113308079,121.96112578616362,116.10196927717148
2026-08-22 22:00:00,11,119.98166666666668,89.22583333333334,131.98882313352675,121.96112578616362,110.94420861080482
2026-08-22 23:00:00,11,114.685,83.22,109.46525935340074,121.96112578616362,100.7194436489618
2026-08-23 00:00:00,11,117.06833333333331,78.87,102.97364390316602,121.96112578616362,96.58624686873934
2026-08-23 01:00:00,11,119.69833333333332,67.73833333333333,119.09648367566962,129.51203006088278,93.3400360402462
2026-08-23 02:00:00,11,129.91333333333333,66.97166666666666,116.07986883054807,129.51203006088278,92.01821382456748
2026-08-23 03:00:00,11,112.81333333333332,62.807500000000005,115.45003088128257,112.32391067538123,90.15136931531624
2026-08-23 04:00:00,11,109.38916666666668,62.21416666666667,105.40394339304541,112.32391067538123,88.30794635364894
2026-08-23 05:00:00,11,104.07916666666668,61.24,91.07112679703513,112.32391067538123,89.34926618134926
2026-08-23 06:00:00,11,112.7975,59.92333333333334,87.377491066151,129.51203006088278,93.11268269371408
2026-08-23 07:00:00,11,106.48166666666668,68.9875,91.65996962298962,129.51203006088278,98.92808890175033
2026-08-23 08:00:00,11,62.66833333333333,49.21666666666667,89.25673267724771,129.51203006088278,82.14829383508602
2026-08-23 09:00:00,11,14.601666666666668,44.43833333333333,78.27512053873448,66.914696969697,47.92615573190744
2026-08-23 10:00:00,11,5.538333333333333,32.8375,56.76998704092065,32.22149371069181,22.6220409321552
2026-08-23 11:00:00,11,-3.545,12.453333333333331,11.054503658807299,-2.087256944444444,-0.4784802559571659
2026-08-23 12:00:00,11,-7.079999999999999,4.3116666666666665,3.8193043461497496,4.305274451097808,-7.451032883080899
2026-08-23 13:00:00,11,-3.900833333333333,-2.971666666666667,-3.467978258565722,4.305274451097808,-10.178277801952063
2026-08-23 14:00:00,11,-2.521666666666667,-5.571666666666666,3.965333340156093,-2.087256944444444,-7.465999887023173
2026-08-23 15:00:00,11,1.4875,-12.878333333333332,2.6879261069049107,-2.087256944444444,-5.92614717842541
2026-08-23 16:00:00,11,-2.125,-1.549166666666667,21.057821058039437,9.483496376811596,12.456967672796864
2026-08-23 17:00:00,11,43.205000000000005,62.38083333333333,65.68115206191159,40.96570216049385,38.936350497294825
2026-08-23 18:00:00,11,78.63666666666667,80.685,108.52752636441184,95.9498185941043,75.87762790946113
2026-08-23 19:00:00,11,87.35833333333333,81.99,135.37657055110583,95.9498185941043,91.13672866703769
2026-08-23 20:00:00,11,84.14833333333333,77.85833333333333,146.39970760716733,95.9498185941043,101.87554724056442
2026-08-23 21:00:00,11,83.48083333333334,72.64333333333333,141.97806599263095,95.9498185941043,100.55607865808076
2026-08-23 22:00:00,11,71.9225,68.33083333333333,130.47943352226667,95.9498185941043,91.46007493598903
2026-08-23 23:00:00,11,56.814166666666665,62.06583333333333,102.80431018140406,92.81568051575931,81.64869323518431
2026-08-24 00:00:00,11,36.6475,57.11083333333334,86.05661004683567,72.33343957503321,76.12069544024375
2026-08-24 01:00:00,11,32.431666666666665,56.46416666666667,81.51851935126106,57.46205867850099,64.80139527162895
2026-08-24 02:00:00,11,20.72,52.1925,52.14253279451252,57.46205867850099,42.627320438066526
2026-08-24 03:00:00,11,17.99416666666667,51.19083333333333,34.04570233552544,57.46205867850099,31.029171874199022
2026-08-24 04:00:00,11,26.77333333333333,51.8775,31.4113963354191,57.46205867850099,37.96465459636566
2026-08-24 05:00:00,11,34.196666666666665,44.48083333333333,35.629878349020785,57.46205867850099,51.326739487526424
2026-08-24 06:00:00,11,21.15416666666667,45.48,45.74955329825251,57.46205867850099,65.36367513054554
2026-08-24 07:00:00,11,44.895,56.99916666666667,74.92847277018173,65.47474794238683,82.96110601804328
2026-08-24 08:00:00,11,44.34166666666667,60.0125,111.42442157180693,103.81965596330278,96.62854689145027
2026-08-24 09:00:00,11,20.98583333333333,51.98666666666667,105.04339966095009,101.87823987538935,82.88200419979898
2026-08-24 10:00:00,11,21.33666666666667,51.575,91.84955724316096,47.82225748194015,65.93617921300834
2026-08-24 11:00:00,11,14.223333333333334,26.734166666666667,29.977902801571723,13.09368259803921,9.35739795188475
2026-08-24 12:00:00,11,10.935833333333331,19.300833333333333,24.481399927148523,13.09368259803921,10.137666010099629
2026-08-24 13:00:00,11,8.711666666666668,21.389166666666668,19.015804481468315,3.6325946969696954,15.652340645712606
2026-08-24 14:00:00,11,18.305,3.5850000000000004,40.02075357697406,38.67063679245282,34.84070361522414
2026-08-24 15:00:00,11,37.1525,16.408333333333335,48.21938507887522,40.96570216049385,53.83134803134496
2026-08-24 16:00:00,11,88.45416666666667,13.003333333333332,54.923600023499056,77.00688271604935,58.76853253768235
2026-08-24 17:00:00,11,104.665,70.75,101.86138955540213,95.9498185941043,92.38332406608535
2026-08-24 18:00:00,11,116.05583333333334,84.38666666666667,146.15520959099575,95.9498185941043,136.78437819214093
2026-08-24 19:00:00,11,114.16583333333334,84.17083333333333,168.332348044762,144.8547363945578,151.7977551785856
2026-08-24 20:00:00,11,102.475,83.6025,171.85442179665532,144.8547363945578,161.47979811209632
2026-08-24 21:00:00,11,100.65083333333332,86.14666666666666,157.44779762469952,144.8547363945578,150.56367730900047
2026-08-24 22:00:00,11,110.6325,74.05833333333334,157.18410794458146,144.8547363945578,145.8267169181413
2026-08-24 23:00:00,11,71.23,56.04916666666667,132.85129686906927,129.51203006088278,127.58591062470884
2026-08-25 00:00:00,11,80.27416666666666,53.806666666666665,121.23819529251057,129.51203006088278,121.00011388862752
2026-08-25 01:00:00,11,97.665,48.0025,124.96257893827507,129.51203006088278,115.27646011262738
2026-08-25 02:00:00,11,83.69166666666666,38.270833333333336,104.39976710063678,129.51203006088278,105.96863045282905
2026-08-25 03:00:00,11,87.83999999999999,29.2725,87.61192082330646,112.32391067538123,101.02449541088947
2026-08-25 04:00:00,11,86.67083333333333,28.01333333333333,85.61473143119373,112.32391067538123,105.3070430337832
2026-08-25 05:00:00,11,94.38166666666666,27.979166666666668,94.93149623294805,112.32391067538123,116.79501886649095
2026-08-25 06:00:00,11,102.5575,28.496666666666663,118.25994484639072,129.51203006088278,135.52257469769637
2026-08-25 07:00:00,11,97.47,35.708333333333336,147.3993835624285,144.8547363945578,165.14541210772137
2026-08-25 08:00:00,11,99.42083333333332,46.56166666666667,188.99784699757944,144.8547363945578,182.98231035195727
2026-08-25 09:00:00,11,93.52583333333332,17.227500000000003,191.97171118568633,144.8547363945578,165.47114484451544
2026-08-25 10:00:00,11,92.645,7.2775,162.52185009509108,144.8547363945578,124.39902504945408
2026-08-25 11:00:00,11,84.00916666666667,-2.3516666666666666,149.62846204975017,144.8547363945578,119.09215918906962
2026-08-25 12:00:00,11,90.06083333333333,-5.696666666666666,155.19533564597694,144.8547363945578,129.54103630685233
2026-08-25 13:00:00,11,90.18,-5.700833333333333,127.73319914681154,144.8547363945578,128.18464167973724
2026-08-25 14:00:00,11,106.99666666666668,-1.1375,119.06625457327286,144.8547363945578,117.65209199171281
2026-08-25 15:00:00,11,97.59,-0.8875000000000001,106.88613635602988,144.8547363945578,115.78644252181925
2026-08-25 16:00:00,11,102.25416666666666,3.3241666666666667,112.06019698842834,144.8547363945578,115.61665867332044
2026-08-25 17:00:00,11,115.6,22.745,147.9532212708209,144.8547363945578,148.8391776762744
2026-08-25 18:00:00,11,138.48916666666668,17.518333333333334,160.84453750609677,144.8547363945578,155.9774597044249
2026-08-25 19:00:00,11,99.08083333333332,12.445833333333333,164.66033079411915,95.9498185941043,144.30787210814634
2026-08-25 20:00:00,11,105.45666666666666,11.7875,149.80291792348854,95.9498185941043,128.29277217721594
2026-08-25 21:00:00,11,102.39,9.51,126.30872614596396,95.9498185941043,109.40317946826643
2026-08-25 22:00:00,11,85.58583333333333,9.491666666666667,96.14394508263085,95.9498185941043,99.05928063624314
2026-08-25 23:00:00,11,68.72833333333334,8.0625,68.40095432081044,72.33343957503321,81.0521306022332
2026-08-26 00:00:00,11,56.34,-0.1566666666666666,48.831955781207185,77.00688271604935,66.64358952409701
2026-08-26 01:00:00,11,60.840833333333336,-0.2783333333333333,63.081605574206854,77.00688271604935,60.424721545465694
2026-08-26 02:00:00,11,81.9425,-3.4625,43.57189135088362,57.46205867850099,50.079681371297426
2026-08-26 03:00:00,11,86.83166666666666,-5.585,31.523019766847398,57.46205867850099,48.35649473280907
2026-08-26 04:00:00,11,76.7775,-6.871666666666666,28.131106933480027,57.46205867850099,54.63064127146404
2026-08-26 05:00:00,11,96.03333333333336,-5.741666666666667,29.8990635887438,72.33343957503321,67.07021131056781
2026-08-26 06:00:00,11,97.67833333333334,5.399166666666666,46.52312582811306,72.33343957503321,88.37140002907034
2026-08-26 07:00:00,11,113.70916666666666,13.589166666666666,80.21025916760695,95.9498185941043,111.09900964463725
2026-08-26 08:00:00,11,106.59,4.9375,109.2330554518013,95.9498185941043,117.80511787994834
2026-08-26 09:00:00,11,60.13333333333333,20.09,97.69961367048447,95.9498185941043,85.40774919370301
2026-08-26 10:00:00,11,39.24583333333333,21.51833333333333,66.18740938133566,47.82225748194015,40.39661812695476
2026-08-26 11:00:00,11,38.965833333333336,12.788333333333334,31.622768063408067,22.43159047619048,29.88827889690878
2026-08-26 12:00:00,11,51.32583333333333,13.93,25.35344337023001,22.43159047619048,29.055258324852588
2026-08-26 13:00:00,11,58.06,13.8925,12.363838966349661,22.43159047619048,22.990988820129488
2026-08-26 14:00:00,11,75.84083333333334,9.701666666666666,7.217093365814435,3.6325946969696954,16.27679739383578
2026-08-26 15:00:00,11,34.90083333333333,4.3175,8.781150623506612,3.6325946969696954,14.504049562090039
2026-08-26 16:00:00,11,13.416666666666666,8.399166666666666,28.996797498533468,38.67063679245282,22.994304481541413
2026-08-26 17:00:00,11,82.57916666666667,34.21333333333333,81.32229260466684,77.00688271604935,72.53041738887696
2026-08-26 18:00:00,11,124.46083333333333,54.57,142.04540040364253,95.9498185941043,140.70568255612517
2026-08-26 19:00:00,11,135.49499999999998,61.998333333333335,177.46115104475535,95.9498185941043,165.103713211794
2026-08-26 20:00:00,11,125.68916666666668,61.42416666666667,185.4029025570112,144.8547363945578,177.2594256624364
2026-08-26 21:00:00,11,131.46583333333334,58.475,178.97062599721937,144.8547363945578,173.40748110694724
2026-08-26 22:00:00,11,131.57666666666665,32.274166666666666,172.09485485360594,144.8547363945578,167.70585257661918
2026-08-26 23:00:00,11,136.64166666666668,36.42083333333333,154.30037928316426,144.8547363945578,153.54974486162797
2026-08-27 00:00:00,11,128.5975,61.25833333333333,138.6262380675634,144.8547363945578,147.06905795827163
2026-08-27 01:00:00,11,123.9225,60.5675,143.1585459912136,96.17444896115633,134.2419763412609
2026-08-27 02:00:00,11,130.27583333333334,52.1525,133.22542428116984,96.17444896115633,131.63784997920885
2026-08-27 03:00:00,11,129.55083333333332,49.6925,119.80393546856126,96.17444896115633,128.38382545846451
2026-08-27 04:00:00,11,134.525,57.39083333333334,109.67942248650593,96.17444896115633,128.65146366803884
2026-08-27 05:00:00,11,138.60166666666666,55.4825,95.0105388348234,96.17444896115633,129.598928861337
2026-08-27 06:00:00,11,186.155,66.27,103.46143494358137,96.17444896115633,142.71683298974085
2026-08-27 07:00:00,11,261.1691666666666,80.43583333333333,148.94078787505285,121.96112578616362,174.83269343099897
2026-08-27 08:00:00,11,162.03,104.15916666666668,190.32795104144657,121.96112578616362,176.14912867036472
2026-08-27 09:00:00,11,63.40083333333333,126.3875,184.00544411832118,146.66693681318682,143.28812003766342
2026-08-27 10:00:00,11,53.37583333333333,270.59666666666664,159.9433584213026,146.66693681318682,102.23253137764917
2026-08-27 11:00:00,11,27.385,51.05083333333334,127.6249166156652,93.3526851851852,76.07474485284138
2026-08-27 12:00:00,11,29.477500000000003,26.8225,118.83181259305789,71.28286184210525,65.27819475442493
2026-08-27 13:00:00,11,27.179166666666664,16.509166666666665,96.9321971004998,28.077589928057556,47.39635846120919
2026-08-27 14:00:00,11,24.45083333333333,18.61583333333333,84.56739382701845,28.077589928057556,39.64435048191737
2026-08-27 15:00:00,11,14.724166666666669,25.9825,79.02583578954898,28.077589928057556,39.12315205074597
2026-08-27 16:00:00,11,12.774166666666668,37.37,112.35984923834471,41.44131233595799,62.3509935643463
2026-08-27 17:00:00,11,88.03166666666668,27.9325,145.07904402222042,93.3526851851852,110.15022568908316
2026-08-27 18:00:00,11,155.1825,73.66000000000001,186.86389607849213,173.79210737179488,172.93150526942765
2026-08-27 19:00:00,11,143.395,63.0025,219.51759261697072,173.79210737179488,194.2665793079587
2026-08-27 20:00:00,11,124.69166666666666,82.86083333333333,234.7068201074232,173.79210737179488,192.21335415082285
2026-08-27 21:00:00,11,121.6875,86.81,216.30023323365063,173.79210737179488,184.0361969691408
2026-08-27 22:00:00,11,141.6158333333333,87.21749999999999,167.31330986679586,121.96112578616362,153.5673060093102
2026-08-27 23:00:00,11,180.16166666666663,72.99416666666667,134.57788363641612,121.96112578616362,125.65499106847147
2026-08-28 00:00:00,11,148.1175,58.90416666666667,118.1242123391599,114.48189444444445,110.39385665648145
2026-08-28 01:00:00,11,138.49666666666667,59.78333333333333,124.33052610824798,92.81568051575931,92.60828361510704
2026-08-28 02:00:00,11,127.22916666666669,45.92166666666666,105.04223378267265,92.81568051575931,78.24448830795106
2026-08-28 03:00:00,11,120.21999999999998,39.64833333333333,87.63827258369186,72.33343957503321,69.07959383726548
2026-08-28 04:00:00,11,86.7275,22.74083333333333,83.46686986298639,92.81568051575931,75.11603663091071
2026-08-28 05:00:00,11,74.295,17.451666666666664,81.08107935722164,92.81568051575931,80.94390197754015
2026-08-28 06:00:00,11,81.39,10.745833333333332,91.47398165785236,92.81568051575931,92.26230270155551
2026-08-28 07:00:00,11,85.89416666666666,45.61333333333334,122.97307828912741,95.9498185941043,114.16492203901515
2026-08-28 08:00:00,11,57.939166666666665,54.064166666666665,141.49180482692728,95.9498185941043,107.15825104983763
2026-08-28 09:00:00,11,33.75833333333333,45.619166666666665,136.1643762973723,121.96112578616362,95.0358129197098
2026-08-28 10:00:00,11,23.939166666666665,31.159166666666668,135.32657347050986,121.96112578616362,82.04233320926076
2026-08-28 11:00:00,11,21.058333333333334,37.42416666666667,126.91507365695468,93.3526851851852,79.36720665897397
2026-08-28 12:00:00,11,29.35666666666667,36.80916666666667,144.32366481025866,121.96112578616362,93.47850854784163
2026-08-28 13:00:00,11,40.46,41.15583333333333,132.8164903649408,121.96112578616362,84.77374712167179
2026-08-28 14:00:00,11,42.134166666666665,37.61,130.93540094639496,121.96112578616362,90.48233817816077
2026-08-28 15:00:00,11,41.80833333333333,38.56333333333333,118.06865433289059,121.96112578616362,90.56675235141037
2026-08-28 16:00:00,11,33.60166666666667,44.38166666666667,123.83061708470021,121.96112578616362,94.63805154673076
2026-08-28 17:00:00,11,111.36833333333334,64.205,173.6883707683093,141.36507285974497,145.94985982921872
2026-08-28 18:00:00,11,129.95000000000002,71.14166666666667,216.99652188133305,173.79210737179488,182.59676650451223
2026-08-28 19:00:00,11,124.7275,61.46083333333333,236.781466913594,173.79210737179488,191.6198265454515
2026-08-28 20:00:00,11,116.37083333333334,21.34166666666667,232.3694727120725,173.79210737179488,180.49991891310663
2026-08-28 21:00:00,11,104.06333333333332,12.043333333333337,219.67146559259376,173.79210737179488,171.11891306704837
2026-08-28 22:00:00,11,103.77666666666666,11.545833333333334,207.98776897639598,121.96112578616362,163.8787196469125
2026-08-28 23:00:00,11,111.36083333333332,9.849166666666669,193.40005811155663,173.79210737179488,146.76528491564605
2026-08-29 00:00:00,11,116.59833333333334,8.438333333333334,171.7252305719887,121.96112578616362,139.4344172920732
2026-08-29 01:00:00,11,106.2275,4.9675,165.83666258436904,114.48189444444445,120.4242902774894
2026-08-29 02:00:00,11,104.4925,1.43,127.51371130446972,114.48189444444445,103.37752069767953
2026-08-29 03:00:00,11,99.02666666666666,8.0325,108.5418755387706,114.48189444444445,95.1522176256166
2026-08-29 04:00:00,11,93.7325,5.471666666666667,97.34596910333008,114.48189444444445,93.53391214794603
2026-08-29 05:00:00,11,92.2175,6.720833333333334,89.49168629767414,114.48189444444445,92.35474580807805
2026-08-29 06:00:00,11,96.71916666666668,4.253333333333333,101.70292231342367,114.48189444444445,101.20532634207919
2026-08-29 07:00:00,11,102.1175,13.825,114.37171925871235,114.48189444444445,111.9034479247839
2026-08-29 08:00:00,11,66.8225,18.360833333333336,140.9716760046389,114.48189444444445,110.31351984377056
2026-08-29 09:00:00,11,13.32,23.17833333333333,116.11741137753421,93.3526851851852,68.79868002022926
2026-08-29 10:00:00,11,3.9841666666666655,11.973333333333334,97.94036807038393,71.28286184210525,40.24657657130928
2026-08-29 11:00:00,11,7.9725,7.677499999999999,63.76132833242033,32.22149371069181,23.138891974289038
2026-08-29 12:00:00,11,8.090833333333334,8.834999999999999,56.08527051501463,10.351711309523811,16.79193389420051
2026-08-29 13:00:00,11,-1.4408333333333332,3.675833333333333,29.72838387087136,4.305274451097808,-0.9590749964683027
2026-08-29 14:00:00,11,-8.341666666666667,-2.438333333333333,22.98686326512808,4.305274451097808,-2.106833619721641
2026-08-29 15:00:00,11,-14.064166666666663,-1.2141666666666666,17.467102537963243,4.305274451097808,-1.3642590776778434
2026-08-29 16:00:00,11,-10.1075,19.6975,35.261948968782505,28.077589928057556,16.552259008561578
2026-08-29 17:00:00,11,26.94666666666667,70.76666666666667,86.64879906032593,71.28286184210525,68.37327282571108
2026-08-29 18:00:00,11,88.09166666666665,106.9225,140.54755828305818,129.51203006088278,127.01731922782949
2026-08-29 19:00:00,11,91.995,104.05416666666667,164.9676485005596,121.96112578616362,137.6735759729776
2026-08-29 20:00:00,11,88.07,117.745,172.854173559341,121.96112578616362,139.06980002710307
2026-08-29 21:00:00,11,83.13833333333334,128.7225,175.77711652488645,146.66693681318682,135.53172479663857
2026-08-29 22:00:00,11,96.2075,119.98166666666668,170.6170440529479,121.96112578616362,124.52058318194938
2026-08-29 23:00:00,11,91.065,114.685,144.72801914888055,129.51203006088278,116.92388945315314
2026-08-30 00:00:00,11,84.81916666666667,117.06833333333331,128.17989705569056,129.51203006088278,107.94701357628394
2026-08-30 01:00:00,11,78.23166666666667,119.69833333333332,134.19240062685117,129.51203006088278,95.79645044518736
2026-08-30 02:00:00,11,74.02333333333333,129.91333333333333,116.91503951058792,129.51203006088278,93.60723491268581
2026-08-30 03:00:00,11,74.66666666666667,112.81333333333332,98.47703437408461,112.32391067538123,87.28365723416593
2026-08-30 04:00:00,11,66.74083333333333,109.38916666666668,86.65825205285856,112.32391067538123,82.04178868972397
2026-08-30 05:00:00,11,68.35416666666667,104.07916666666668,80.52142493359385,112.32391067538123,82.60333354247062
2026-08-30 06:00:00,11,71.62166666666667,112.7975,78.220114637431,112.32391067538123,83.99303793621151
2026-08-30 07:00:00,11,69.685,106.48166666666668,92.01715724051417,112.32391067538123,94.04135036870382
2026-08-30 08:00:00,11,30.795,62.66833333333333,97.68641317703688,129.51203006088278,84.82984545864714
2026-08-30 09:00:00,11,11.196666666666667,14.601666666666668,107.22268155615649,93.3526851851852,59.38593825332228
2026-08-30 10:00:00,11,4.9375,5.538333333333333,99.6531387492605,93.3526851851852,39.021885655535726
2026-08-30 11:00:00,11,7.1375,-3.545,74.51186283886591,71.28286184210525,25.457384356891744
2026-08-30 12:00:00,11,0.5441666666666666,-7.079999999999999,48.42203814460098,10.351711309523811,15.058747297024198
2026-08-30 13:00:00,11,-7.316666666666666,-3.900833333333333,17.769038803318807,4.305274451097808,-0.06404916569148611
2026-08-30 14:00:00,11,-10.223333333333334,-2.521666666666667,2.938759398832147,4.305274451097808,-3.9042976710014443
2026-08-30 15:00:00,11,-12.12,1.4875,-3.925733247294744,-13.518927595628416,-3.348770243408211
2026-08-30 16:00:00,11,-6.679166666666667,-2.125,18.457283849404647,4.305274451097808,11.888616541024462
2026-08-30 17:00:00,11,43.04,43.205000000000005,82.46912907352342,32.22149371069181,53.66122249152646
2026-08-30 18:00:00,11,97.14416666666666,78.63666666666667,134.76183569389207,129.51203006088278,109.93941377974033
2026-08-30 19:00:00,11,105.35333333333334,87.35833333333333,165.0873661502613,121.96112578616362,128.94532857427276
2026-08-30 20:00:00,11,101.90583333333336,84.14833333333333,176.70180172445697,121.96112578616362,128.41299158334454
2026-08-30 21:00:00,11,101.565,83.48083333333334,174.63082189553188,121.96112578616362,123.43061830716874
2026-08-30 22:00:00,11,100.46583333333332,71.9225,163.42276088885086,121.96112578616362,115.89589123912165
2026-08-30 23:00:00,11,91.36583333333334,56.814166666666665,142.13144203964242,129.51203006088278,110.33444746925491
2026-08-31 00:00:00,11,89.6475,36.6475,135.7669217164263,129.51203006088278,103.21096497448032
2026-08-31 01:00:00,11,94.67833333333334,32.431666666666665,145.42246618794366,129.51203006088278,123.18536917005454
2026-08-31 02:00:00,11,106.805,20.72,128.70688030949088,112.32391067538123,121.13655922470411
2026-08-31 03:00:00,11,114.6625,17.99416666666667,113.61234504436374,112.32391067538123,119.04322779254548
2026-08-31 04:00:00,11,95.335,26.77333333333333,101.87037953825623,112.32391067538123,118.78612685688597
2026-08-31 05:00:00,11,84.96833333333333,34.196666666666665,93.2446879396536,112.32391067538123,121.97100157456904
2026-08-31 06:00:00,11,96.24583333333334,21.15416666666667,104.802865961015,129.51203006088278,141.9727158190806
2026-08-31 07:00:00,11,92.03249999999998,44.895,135.81911152026487,144.8547363945578,175.41497869582378
2026-08-31 08:00:00,11,63.2625,44.34166666666667,177.6448688850454,144.8547363945578,180.97559597948464
2026-08-31 09:00:00,11,23.296666666666667,20.98583333333333,167.86267107095176,144.8547363945578,153.54581496470183
2026-08-31 10:00:00,11,18.7925,21.33666666666667,138.3535149854966,144.8547363945578,119.05192768597325
2026-08-31 11:00:00,11,9.394166666666669,14.223333333333334,97.10128526022228,71.28286184210525,87.28555449133026
2026-08-31 12:00:00,11,8.071666666666667,10.935833333333331,71.43476189973394,41.44131233595799,67.79388971209602
2026-08-31 13:00:00,11,6.048333333333333,8.711666666666668,54.25623577795845,28.077589928057556,37.83869657172663
2026-08-31 14:00:00,11,2.0975,18.305,46.732958695168094,28.077589928057556,36.85389033053222
2026-08-31 15:00:00,11,9.8525,37.1525,57.73172214675996,28.077589928057556,39.20655029924734
2026-08-31 16:00:00,11,14.069166666666666,88.45416666666667,74.43982067867847,41.44131233595799,54.17764629453304
2026-08-31 17:00:00,11,67.81083333333333,104.665,125.6966772952479,93.3526851851852,103.99167321941306
2026-08-31 18:00:00,11,109.16916666666668,116.05583333333334,162.87802434978562,144.8547363945578,173.25249474367502
2026-08-31 19:00:00,11,110.5575,114.16583333333334,181.39577211146928,144.8547363945578,189.47822466756384
2026-08-31 20:00:00,11,105.96666666666664,102.475,183.5909965701453,144.8547363945578,185.5770086298949
2026-08-31 21:00:00,11,99.08333333333331,100.65083333333332,163.7845250557619,144.8547363945578,167.7895075839783
2026-08-31 22:00:00,11,88.10666666666667,110.6325,125.53960980423429,95.9498185941043,134.51261119209857
2026-08-31 23:00:00,11,77.57333333333334,71.23,78.4991655084433,72.33343957503321,93.96065513639735
2026-09-01 00:00:00,11,47.01833333333334,80.27416666666666,57.13890807084545,77.00688271604935,69.70012282744055
2026-09-01 01:00:00,11,11.546666666666669,97.665,57.23941827850656,57.46205867850099,46.45690215898138
2026-09-01 02:00:00,11,5.831666666666667,83.69166666666666,33.11276508241981,57.46205867850099,29.574881521764738
2026-09-01 03:00:00,11,0.9858333333333332,87.83999999999999,10.681645403163948,57.46205867850099,15.040564096929401
2026-09-01 04:00:00,11,-0.0375,86.67083333333333,-3.4312354508114993,7.662963836477987,4.14909671103473
2026-09-01 05:00:00,11,-0.395,94.38166666666666,-12.442279743588259,7.662963836477987,-2.276738673877702
2026-09-01 06:00:00,11,-0.1991666666666667,102.5575,-10.695288541543619,34.76507425742575,-0.7969778483123804
2026-09-01 07:00:00,11,20.0925,97.47,10.528327496345995,16.95128582202111,9.70067159272314
2026-09-01 08:00:00,11,2.4058333333333333,99.42083333333332,33.9258890365483,16.95128582202111,6.8721546205200355
2026-09-01 09:00:00,11,-9.145,93.52583333333332,-6.956574269506177,12.575274822695038,-17.515807498621285
2026-09-01 10:00:00,11,-5.645,92.645,-55.52319920640308,-15.527952380952383,-25.025029632209282
2026-09-01 11:00:00,11,-30.575,84.00916666666667,-98.81664252716911,-24.98226666666666,-22.467539271315857
2026-09-01 12:00:00,11,-33.43666666666667,90.06083333333333,-113.73634884514465,-35.39964147286823,-20.751102719762002
2026-09-01 13:00:00,11,-34.88333333333333,90.18,-112.97558946488982,-35.39964147286823,-27.23394817938795
2026-09-01 14:00:00,11,-19.279166666666665,106.99666666666668,-105.14109545066927,-35.39964147286823,-45.826205419377075
2026-09-01 15:00:00,11,-8.311666666666666,97.59,-74.94516929047239,-24.98226666666666,-46.61631330492527
2026-09-01 16:00:00,11,1.0375000000000003,102.25416666666666,-22.6087704658313,0.35085594315245483,-17.686444230521502
2026-09-01 17:00:00,11,20.66,115.6,18.938172946183386,43.77647249190938,16.012587702341015
2026-09-01 18:00:00,11,9.958333333333334,138.48916666666668,35.32328851062704,43.77647249190938,41.652029752187005
2026-09-01 19:00:00,11,11.160000000000002,99.08083333333332,41.20515376941627,43.77647249190938,45.87867363826132
2026-09-01 20:00:00,11,10.265,105.45666666666666,27.103807614589947,43.77647249190938,35.886778079426264
2026-09-01 21:00:00,11,9.251666666666669,102.39,12.611630164988,16.95128582202111,23.956843875622
2026-09-01 22:00:00,11,6.926666666666667,85.58583333333333,13.748364382723942,16.95128582202111,24.474659666557102
2026-09-01 23:00:00,11,3.026666666666667,68.72833333333334,11.905486305212271,47.82225748194015,31.36504960112586
2026-09-02 00:00:00,12,9.478333333333332,56.34,4.650691179721711,21.548078431372552,31.343292882631687
2026-09-02 01:00:00,12,10.575,60.840833333333336,30.67136251420991,41.308026485788105,36.64553838450482
2026-09-02 02:00:00,12,36.64083333333333,81.9425,31.149274748064414,41.308026485788105,49.0836573875297
2026-09-02 03:00:00,12,48.685,86.83166666666666,29.4620693600815,41.86614926739926,60.318863238475025
2026-09-02 04:00:00,12,59.44916666666666,76.7775,37.88947624453209,90.32126429199651,82.09930602251646
2026-09-02 05:00:00,12,62.1225,96.03333333333336,43.94527465098851,90.32126429199651,93.37861294015812
2026-09-02 06:00:00,12,60.84916666666667,97.67833333333334,53.218206873222016,103.54657222222232,100.34805448724546
2026-09-02 07:00:00,12,72.66416666666667,113.70916666666666,76.19674918612887,123.85723615465002,118.06911894123331
2026-09-02 08:00:00,12,38.498333333333335,106.59,89.51277368097139,133.91187003968255,108.49153416640851
2026-09-02 09:00:00,12,16.57,60.13333333333333,87.4998523410076,133.91187003968255,76.05450571227925
2026-09-02 10:00:00,12,9.478333333333332,39.24583333333333,77.0771080292398,65.54631578947371,62.770025882821365
2026-09-02 11:00:00,12,11.566666666666668,38.965833333333336,63.09265518793475,71.11100441501101,45.756433845571145
2026-09-02 12:00:00,12,9.8525,51.32583333333333,65.72405849357146,71.11100441501101,48.8073045550297
2026-09-02 13:00:00,12,7.166666666666667,58.06,42.44593822933126,26.513827777777777,28.884905042121993
2026-09-02 14:00:00,12,-3.0325,75.84083333333334,23.610516259563255,26.513827777777777,11.237802529366512
2026-09-02 15:00:00,12,-3.458333333333333,34.90083333333333,29.774765244568158,26.513827777777777,22.094632693458777
2026-09-02 16:00:00,12,14.649166666666666,13.416666666666666,45.776361883208196,40.90297785547785,42.039489176281364
2026-09-02 17:00:00,12,64.69333333333333,82.57916666666667,81.8212994455258,65.54631578947371,80.12874329715365
2026-09-02 18:00:00,12,77.27083333333333,124.46083333333333,106.98136952163705,103.10483585858587,115.08239977635665
2026-09-02 19:00:00,12,77.5625,135.49499999999998,119.52731805933905,103.10483585858587,114.20101940861142
2026-09-02 20:00:00,12,75.75750000000001,125.68916666666668,116.15570162970369,103.10483585858587,108.00692318659256
2026-09-02 21:00:00,12,82.0475,131.46583333333334,111.30069532503506,103.10483585858587,109.914631154819
2026-09-02 22:00:00,12,88.03833333333334,131.57666666666665,95.51081551960138,103.10483585858587,114.31377004920095
2026-09-02 23:00:00,12,61.07333333333333,136.64166666666668,86.31974880328033,107.91515414258191,114.4378824482346
2026-09-03 00:00:00,12,21.635,128.5975,83.63217773434201,107.91515414258191,106.4049721497484
2026-09-03 01:00:00,12,15.694166666666668,123.9225,85.89214510388547,107.91515414258191,76.88242620641303
2026-09-03 02:00:00,12,7.318333333333332,130.27583333333334,55.44416818345004,41.308026485788105,46.367407684002885
2026-09-03 03:00:00,12,1.0741666666666667,129.55083333333332,33.546067571942174,23.477800842358608,26.46125745315223
2026-09-03 04:00:00,12,0.01,134.525,25.100958436398294,23.477800842358608,19.023910332270773
2026-09-03 05:00:00,12,0.01,138.60166666666666,19.394428813249334,23.477800842358608,15.632683688544383
2026-09-03 06:00:00,12,0.0124999999999999,186.155,30.953492503998653,21.548078431372552,21.827047367122773
2026-09-03 07:00:00,12,12.1325,261.1691666666666,57.28212424463449,60.457795698924734,32.74724699098025
2026-09-03 08:00:00,12,7.153333333333333,162.03,102.57929372882907,64.05213649851639,48.81707316894527
2026-09-03 09:00:00,12,-2.8525,63.40083333333333,98.64274059334586,64.05213649851639,28.925560969668027
2026-09-03 10:00:00,12,30.382500000000004,53.37583333333333,147.5379619197374,60.457795698924734,35.29608995963898
2026-09-03 11:00:00,12,51.098333333333336,27.385,62.787671845522254,60.457795698924734,39.229001318519096
2026-09-03 12:00:00,12,9.158333333333331,29.477500000000003,58.08901639953149,65.54631578947371,42.95465650990403
2026-09-03 13:00:00,12,22.986666666666665,27.179166666666664,49.10386663278591,60.457795698924734,38.289256742658395
2026-09-03 14:00:00,12,7.653333333333333,24.45083333333333,9.467881853031649,19.92253731343283,7.018381302784682
2026-09-03 15:00:00,12,-1.8,14.724166666666669,3.3831527526259606,-3.791369047619048,-4.957854527085246
2026-09-03 16:00:00,12,-4.360833333333333,12.774166666666668,21.040492489349596,19.92253731343283,4.457373810410033
2026-09-03 17:00:00,12,49.895,88.03166666666668,50.771360132332084,60.457795698924734,41.61549862736722
2026-09-03 18:00:00,12,98.97,155.1825,106.12307272883145,103.10483585858587,97.63364245465176
2026-09-03 19:00:00,12,116.7425,143.395,129.16300237746484,103.10483585858587,120.42449428153066
2026-09-03 20:00:00,12,129.2525,124.69166666666666,140.69803190984794,103.10483585858587,124.51670402360304
2026-09-03 21:00:00,12,132.7675,121.6875,146.8073916792851,103.10483585858587,139.00509438375454
2026-09-03 22:00:00,12,136.78833333333333,141.6158333333333,141.38961608021134,133.91187003968255,147.00148321978497
2026-09-03 23:00:00,12,103.11,180.16166666666663,123.53952583719978,133.91187003968255,140.05636682625945
2026-09-04 00:00:00,12,96.59666666666668,148.1175,115.59246464709418,123.85723615465002,135.8299901142576
2026-09-04 01:00:00,12,117.59333333333332,138.49666666666667,132.3684854611103,123.85723615465002,128.72816196936557
2026-09-04 02:00:00,12,94.32833333333332,127.22916666666669,111.51958205791205,123.85723615465002,123.4289379129247
2026-09-04 03:00:00,12,90.30083333333332,120.21999999999998,92.58740630717355,123.85723615465002,114.06624818246337
2026-09-04 04:00:00,12,95.3325,86.7275,75.7885570217993,103.54657222222232,108.3677248295864
2026-09-04 05:00:00,12,110.24833333333332,74.295,74.03894775995396,103.54657222222232,113.50474701621194
2026-09-04 06:00:00,12,131.44916666666666,81.39,77.00205958555843,103.54657222222232,119.26646036292107
2026-09-04 07:00:00,12,197.92916666666667,85.89416666666666,104.6237668958797,85.4646875,122.90421953566648
2026-09-04 08:00:00,12,100.895,57.939166666666665,122.80383591462996,85.4646875,92.91562321838599
2026-09-04 09:00:00,12,77.98,33.75833333333333,115.11549159725459,115.84780934343439,70.49040171443585
2026-09-04 10:00:00,12,16.20416666666667,23.939166666666665,63.797968512716594,60.457795698924734,34.52709025448784
2026-09-04 11:00:00,12,2.0075,21.058333333333334,31.185175203502894,19.92253731343283,17.9559931103445
2026-09-04 12:00:00,12,0.5633333333333334,29.35666666666667,7.991739570312603,-1.0200851851851849,4.092340496534803
2026-09-04 13:00:00,12,0.1608333333333333,40.46,-6.560483423410062,-1.0200851851851849,-8.693861052458772
2026-09-04 14:00:00,12,1.606666666666667,42.134166666666665,-12.008866897657498,-12.773490196078434,-14.564731232516323
2026-09-04 15:00:00,12,0.6216666666666666,41.80833333333333,12.70224460021096,32.92048976608187,-6.1328482793127534
2026-09-04 16:00:00,12,-0.2433333333333333,33.60166666666667,25.874203311655343,12.507266313932984,-2.7258001670206653
2026-09-04 17:00:00,12,17.225833333333334,111.36833333333334,62.92693640415788,19.58114551863044,24.146560467840438
2026-09-04 18:00:00,12,13.295833333333334,129.95000000000002,79.31721447400648,19.58114551863044,42.02108280144314
2026-09-04 19:00:00,12,7.234166666666667,124.7275,84.45671532873175,62.88346820809249,46.81704260969469
2026-09-04 20:00:00,12,-3.7725,116.37083333333334,58.06110729019831,19.58114551863044,34.02659453345474
2026-09-04 21:00:00,12,-9.63,104.06333333333332,41.544328571606286,19.58114551863044,24.270642515722315
2026-09-04 22:00:00,12,-8.509166666666667,103.77666666666666,15.200564555375706,19.58114551863044,13.143427193909247
2026-09-04 23:00:00,12,-3.294166666666667,111.36083333333332,-5.747306076863623,12.507266313932984,4.91252988424187
2026-09-05 00:00:00,12,-1.5291666666666668,116.59833333333334,-17.976926671787638,12.507266313932984,4.410025480679899
2026-09-05 01:00:00,12,-0.9583333333333334,106.2275,-21.153956683847426,0.7236385459533607,10.351053522372055
2026-09-05 02:00:00,12,-4.7125,104.4925,-41.61078936658008,6.337228888888881,2.7256038678370658
2026-09-05 03:00:00,12,-5.24,99.02666666666666,-51.883496898178635,6.337228888888881,-2.3176019119565154
2026-09-05 04:00:00,12,-5.0675,93.7325,-55.89089222249903,6.337228888888881,-5.649597219635595
2026-09-05 05:00:00,12,-5.1975,92.2175,-60.877805511934724,6.337228888888881,-5.924401317127021
2026-09-05 06:00:00,12,-5.345833333333334,96.71916666666668,-72.05838483149802,6.337228888888881,-2.698412384433965
2026-09-05 07:00:00,12,-4.7091666666666665,102.1175,-66.3160815706571,6.337228888888881,2.623622384939779
2026-09-05 08:00:00,12,-5.138333333333333,66.8225,-40.0661162705335,0.7236385459533607,5.719395597447509
2026-09-05 09:00:00,12,-4.67,13.32,-34.78350773226987,12.507266313932984,9.182072511089444
2026-09-05 10:00:00,12,-3.4858333333333333,3.9841666666666655,-34.815649030020396,0.7236385459533607,8.691704960452974
2026-09-05 11:00:00,12,-7.4075,7.9725,-45.23058323920506,-12.773490196078434,-4.214617614733612
2026-09-05 12:00:00,12,-11.140833333333331,8.090833333333334,-84.38035438574738,-21.91233796296297,-27.590897168677373
2026-09-05 13:00:00,12,-8.681666666666667,-1.4408333333333332,-68.44055594536266,-21.91233796296297,-25.668323092046492
2026-09-05 14:00:00,12,-8.378333333333332,-8.341666666666667,-88.52761467875115,-35.06442953020133,-40.25989730032747
2026-09-05 15:00:00,12,-9.039166666666668,-14.064166666666663,-77.27663145814435,-35.06442953020133,-42.32626419903555
2026-09-05 16:00:00,12,-7.5325,-10.1075,-35.93470493620356,-21.91233796296297,-29.469389054965987
2026-09-05 17:00:00,12,-10.096666666666666,26.94666666666667,20.876307519267357,12.579742547425473,-3.1845289402331787
2026-09-05 18:00:00,12,-2.0775,88.09166666666665,51.068743533609656,19.58114551863044,17.234133833609775
2026-09-05 19:00:00,12,2.9958333333333336,91.995,71.90601620496909,19.58114551863044,34.632618233548186
2026-09-05 20:00:00,12,4.921666666666666,88.07,81.20841435331384,64.05213649851639,40.186822573901026
2026-09-05 21:00:00,12,0.5666666666666668,83.13833333333334,79.9136541819991,60.457795698924734,39.38883173483761
2026-09-05 22:00:00,12,0.7541666666666665,96.2075,63.36908496502933,19.58114551863044,30.914880399522836
2026-09-05 23:00:00,12,0.01,91.065,45.05473426610814,12.579742547425473,22.33600883090176
2026-09-06 00:00:00,12,1.4983333333333333,84.81916666666667,33.18763863301946,12.507266313932984,18.979329731119833
2026-09-06 01:00:00,12,6.7075,78.23166666666667,47.944181037907775,0.7236385459533607,18.39290515183054
2026-09-06 02:00:00,12,9.5325,74.02333333333333,42.04138201444027,6.337228888888881,15.088754023681346
2026-09-06 03:00:00,12,10.055833333333334,74.66666666666667,27.56173155077046,6.337228888888881,13.323319092720013
2026-09-06 04:00:00,12,10.619166666666668,66.74083333333333,24.596869093470048,6.337228888888881,16.611594475970612
2026-09-06 05:00:00,12,13.5425,68.35416666666667,28.30112370940244,27.084249448123614,25.43576079031599
2026-09-06 06:00:00,12,20.68583333333333,71.62166666666667,40.15820488838115,23.477800842358608,37.1243603106767
2026-09-06 07:00:00,12,31.48583333333333,69.685,51.93293349401085,46.839050086355805,50.50555812907672
2026-09-06 08:00:00,12,26.50333333333333,30.795,61.20497947811249,41.308026485788105,53.28318491359077
2026-09-06 09:00:00,12,30.01333333333333,11.196666666666667,33.69241790092428,41.308026485788105,20.74675411965503
2026-09-06 10:00:00,12,10.093333333333332,4.9375,28.220721743953312,41.308026485788105,14.193196554269441
2026-09-06 11:00:00,12,14.041666666666666,7.1375,26.141262663405954,40.90297785547785,9.040724613728813
2026-09-06 12:00:00,12,17.100833333333334,0.5441666666666666,34.79302602859364,40.90297785547785,13.978375916817328
2026-09-06 13:00:00,12,12.934166666666668,-7.316666666666666,28.701570556785477,26.513827777777777,9.073300787801337
2026-09-06 14:00:00,12,14.455833333333333,-10.223333333333334,24.778006806959255,7.148523720349567,4.947404300232847
2026-09-06 15:00:00,12,18.481666666666666,-12.12,32.1990080541862,26.513827777777777,9.14893358324332
2026-09-06 16:00:00,12,27.570833333333336,-6.679166666666667,46.31288830287738,26.513827777777777,22.19052577886214
2026-09-06 17:00:00,12,69.74166666666666,43.04,93.2978672810832,51.275894308943094,65.68698976635596
2026-09-06 18:00:00,12,96.33833333333332,97.14416666666666,135.33730775069213,103.54657222222232,105.88113590540038
2026-09-06 19:00:00,12,103.39916666666666,105.35333333333334,159.35602724243535,115.84780934343439,117.58659755097753
2026-09-06 20:00:00,12,96.70333333333332,101.90583333333336,155.1245154329985,115.84780934343439,113.43880559051595
2026-09-06 21:00:00,12,104.27083333333331,101.565,146.98376409187978,115.84780934343439,110.45905489308993
2026-09-06 22:00:00,12,105.39583333333331,100.46583333333332,133.00852974900798,103.54657222222232,105.71197168537037
2026-09-06 23:00:00,12,91.52416666666666,91.36583333333334,102.3745569099286,103.54657222222232,91.60899879257524
2026-09-07 00:00:00,12,84.70333333333333,89.6475,81.14750731726673,103.54657222222232,79.79687929231973
2026-09-07 01:00:00,12,66.25,94.67833333333334,88.86112339539977,103.54657222222232,88.32454896464681
2026-09-07 02:00:00,12,34.464166666666664,106.805,71.66883933901235,103.54657222222232,83.46776393436282
2026-09-07 03:00:00,12,28.46,114.6625,57.403453045117146,90.32126429199651,78.72649391259573
2026-09-07 04:00:00,12,16.844166666666666,95.335,42.618546203749275,108.70265010351974,70.92877895093663
2026-09-07 05:00:00,12,15.265,84.96833333333333,27.780190096034765,72.22539251207728,57.620818210783504
2026-09-07 06:00:00,12,22.96166666666667,96.24583333333334,19.720397755114995,41.308026485788105,50.74861992961779
2026-09-07 07:00:00,12,42.31666666666667,92.03249999999998,52.195244988252256,60.457795698924734,67.74236644743554
2026-09-07 08:00:00,12,36.994166666666665,63.2625,75.6740145123923,64.05213649851639,63.77992271438954
2026-09-07 09:00:00,12,6.815,23.296666666666667,34.23696842878721,60.457795698924734,23.8993299819478
2026-09-07 10:00:00,12,4.193333333333333,18.7925,4.713241633699248,12.507266313932984,4.599949670120445
2026-09-07 11:00:00,12,-0.5233333333333333,9.394166666666669,-20.192031153608838,0.7236385459533607,-0.8272001594215652
2026-09-07 12:00:00,12,-0.63,8.071666666666667,-34.11329981339517,-12.773490196078434,-5.6748201408351235
2026-09-07 13:00:00,12,-1.3949999999999998,6.048333333333333,-56.26790972007407,-21.91233796296297,-20.649576221748447
2026-09-07 14:00:00,12,-0.5083333333333334,2.0975,-58.17495635796418,-21.91233796296297,-24.20723559134585
2026-09-07 15:00:00,12,-1.8958333333333333,9.8525,-46.20360148356147,-21.91233796296297,-24.7651277363436
2026-09-07 16:00:00,12,5.105833333333333,14.069166666666666,0.7907838753711047,-12.773490196078434,-6.909098174957535
2026-09-07 17:00:00,12,62.37916666666666,67.81083333333333,45.43862916766733,12.579742547425473,20.20410321020124
2026-09-07 18:00:00,12,130.36249999999998,109.16916666666668,108.1236235773209,64.05213649851639,81.42154455181527
2026-09-07 19:00:00,12,134.215,110.5575,144.31084580576157,64.05213649851639,115.18494536015373
2026-09-07 20:00:00,12,124.68833333333332,105.96666666666664,160.70997708794778,103.10483585858587,144.08667105390361
2026-09-07 21:00:00,12,125.8325,99.08333333333331,149.60754173677412,103.10483585858587,138.9483165287948
2026-09-07 22:00:00,12,119.92916666666666,88.10666666666667,137.1291891057405,103.10483585858587,132.07215881771947
2026-09-07 23:00:00,12,113.11416666666668,77.57333333333334,106.45562360982005,103.10483585858587,116.66765150242014
2026-09-08 00:00:00,12,105.0975,47.01833333333334,103.15939594422943,103.54657222222232,113.71927952330651
2026-09-08 01:00:00,12,108.64,11.546666666666669,122.56513761587792,103.54657222222232,107.35321694571769
2026-09-08 02:00:00,12,102.2225,5.831666666666667,110.78389947217093,103.54657222222232,110.67551892627763
2026-09-08 03:00:00,12,88.33416666666666,0.9858333333333332,107.06527244201443,103.54657222222232,115.37658656798581
2026-09-08 04:00:00,12,82.46249999999999,-0.0375,106.48076065733281,103.54657222222232,119.16782557548319
2026-09-08 05:00:00,12,79.01166666666667,-0.395,116.26648095558545,103.54657222222232,130.5254238112465
2026-09-08 06:00:00,12,75.02,-0.1991666666666667,139.29213747781753,103.54657222222232,150.82272766111294
2026-09-08 07:00:00,12,82.93583333333333,20.0925,168.19644980443869,133.91187003968255,176.31132238317912
2026-09-08 08:00:00,12,95.02666666666666,2.4058333333333333,195.08818910439734,133.91187003968255,154.24703431959216
2026-09-08 09:00:00,12,65.7825,-9.145,161.6379423096227,133.91187003968255,108.04393765721035
2026-09-08 10:00:00,12,40.193333333333335,-5.645,120.44882544252977,71.11100441501101,59.315622622187696
2026-09-08 11:00:00,12,28.594166666666663,-30.575,80.68476651556139,11.909645522388063,33.68501872254391
2026-09-08 12:00:00,12,23.852500000000003,-33.43666666666667,57.912942241450594,7.148523720349567,20.938269193314973
2026-09-08 13:00:00,12,18.746666666666663,-34.88333333333333,43.14869957158274,7.148523720349567,12.271447744456438
2026-09-08 14:00:00,12,12.806666666666668,-19.279166666666665,41.680511131306226,7.148523720349567,7.265516199592781
2026-09-08 15:00:00,12,22.171666666666667,-8.311666666666666,36.749380195577764,7.148523720349567,7.530416125287999
2026-09-08 16:00:00,12,32.1975,1.0375000000000003,53.441005567176404,26.513827777777777,23.04752299556246
2026-09-08 17:00:00,12,104.72916666666669,20.66,110.6335598138889,65.54631578947371,82.78876443075538
2026-09-08 18:00:00,12,131.83916666666667,9.958333333333334,161.845204144545,137.9138817204301,143.73202160916867
2026-09-08 19:00:00,12,123.0175,11.160000000000002,182.99456528444765,133.91187003968255,155.62320012389404
2026-09-08 20:00:00,12,101.1,10.265,212.907033655581,133.91187003968255,153.38220372205012
2026-09-08 21:00:00,12,94.82833333333332,9.251666666666669,187.58638448174935,133.91187003968255,150.1923852658233
2026-09-08 22:00:00,12,84.85166666666667,6.926666666666667,135.53218717302593,133.91187003968255,129.01534519472204
2026-09-08 23:00:00,12,90.79916666666666,3.026666666666667,87.07472380218303,72.32890569395019,88.02831757216731
2026-09-09 00:00:00,12,80.0275,9.478333333333332,69.95416191739184,72.32890569395019,77.61788295157646
2026-09-09 01:00:00,12,34.068333333333335,10.575,84.09961035066962,72.32890569395019,73.67192682539373
2026-09-09 02:00:00,12,5.870833333333334,36.64083333333333,79.63336417383822,89.46783264746232,71.00888942784714
2026-09-09 03:00:00,12,1.5975,48.685,54.31682415075406,40.611848370927305,45.41005558899687
2026-09-09 04:00:00,12,-0.0366666666666666,59.44916666666666,20.132919163237133,6.337228888888881,8.516002981973408
2026-09-09 05:00:00,12,-0.2225,62.1225,5.58755167054148,6.337228888888881,-6.432485978981077
2026-09-09 06:00:00,12,0.0083333333333333,60.84916666666667,10.736168217921296,0.7236385459533607,-1.097841130612494
2026-09-09 07:00:00,12,6.984166666666667,72.66416666666667,50.19574297746077,19.58114551863044,17.782541194827502
2026-09-09 08:00:00,12,10.224166666666669,38.498333333333335,85.81699906505654,64.05213649851639,32.045687059515195
2026-09-09 09:00:00,12,3.3883333333333336,16.57,35.33336550573722,19.58114551863044,2.893391861292315
2026-09-09 10:00:00,12,-7.313333333333333,9.478333333333332,-19.99870177155894,0.7236385459533607,-9.305861789500483
2026-09-09 11:00:00,12,-9.155833333333334,11.566666666666668,-51.2105690447343,-12.773490196078434,-17.403674466721853
2026-09-09 12:00:00,12,-7.579166666666667,9.8525,-58.28009097202123,-21.91233796296297,-18.477665826616473
2026-09-09 13:00:00,12,-14.392499999999998,7.166666666666667,-57.22290947499346,-21.91233796296297,-27.805091838246028
2026-09-09 14:00:00,12,-13.695833333333333,-3.0325,-33.98566690420307,-21.91233796296297,-25.417355853986905
2026-09-09 15:00:00,12,-10.3325,-3.458333333333333,-41.45919267407973,-12.773490196078434,-21.42444466942105
2026-09-09 16:00:00,12,-8.4025,14.649166666666666,-19.086805165044126,0.7236385459533607,-13.833434378482991
2026-09-09 17:00:00,12,28.9875,64.69333333333333,52.54165782120927,19.58114551863044,15.488182147726192
2026-09-09 18:00:00,12,68.05833333333334,77.27083333333333,110.82435476208082,64.05213649851639,53.872283557675814
2026-09-09 19:00:00,12,78.36416666666666,77.5625,138.29707213609538,62.88346820809249,66.90820699593016
2026-09-09 20:00:00,12,81.6375,75.75750000000001,137.8939183349268,64.05213649851639,72.94764166615083
2026-09-09 21:00:00,12,72.9025,82.0475,129.1808408894179,108.01275362318837,68.673100865731
2026-09-09 22:00:00,12,81.59750000000001,88.03833333333334,126.89693464387116,108.01275362318837,81.94154943383747
2026-09-09 23:00:00,12,88.50666666666666,61.07333333333333,120.35184813559681,137.9138817204301,90.66838584728099
2026-09-10 00:00:00,12,80.47916666666667,21.635,113.27941634104639,72.32890569395019,96.96969938225892
2026-09-10 01:00:00,12,75.42333333333333,15.694166666666668,129.72060563035316,89.46783264746232,94.77165312744192
2026-09-10 02:00:00,12,71.27583333333332,7.318333333333332,118.10140626427449,89.46783264746232,93.69695820773376
2026-09-10 03:00:00,12,73.4875,1.0741666666666667,109.09818499485999,103.54657222222232,94.81165766871044
2026-09-10 04:00:00,12,75.53083333333333,0.01,101.46342656437676,103.54657222222232,92.7968875184882
2026-09-10 05:00:00,12,75.74249999999999,0.01,92.73552567260424,89.46783264746232,83.66171201969499
2026-09-10 06:00:00,12,78.6775,0.0124999999999999,117.3983529399479,72.32890569395019,94.23399672423588
2026-09-10 07:00:00,12,95.825,12.1325,175.6687914175651,137.9138817204301,124.95229975022659
2026-09-10 08:00:00,12,69.67833333333333,7.153333333333333,168.73692819430744,137.9138817204301,117.9903632484004
2026-09-10 09:00:00,12,35.18,-2.8525,106.32976872540812,133.91187003968255,65.55402540026226
2026-09-10 10:00:00,12,7.37,30.382500000000004,68.62151993086957,60.457795698924734,37.823091862652056
2026-09-10 11:00:00,12,3.6291666666666655,51.098333333333336,44.345076749275655,41.308026485788105,28.461752840853066
2026-09-10 12:00:00,12,7.434166666666667,9.158333333333331,31.292684492081,19.92253731343283,20.559396337548222
2026-09-10 13:00:00,12,0.8758333333333335,22.986666666666665,14.80958550278369,6.099106060606059,6.093661923818956
2026-09-10 14:00:00,12,-1.4125000000000003,7.653333333333333,6.136117786419611,6.099106060606059,-0.768801442238825
2026-09-10 15:00:00,12,6.673333333333333,-1.8,9.61497066350735,6.099106060606059,3.776629605440462
2026-09-10 16:00:00,12,12.236666666666666,-4.360833333333333,30.17186103158113,40.90297785547785,24.229445407124892
2026-09-10 17:00:00,12,31.8775,49.895,95.93475401983751,41.19690690690691,69.99024151359302
2026-09-10 18:00:00,12,98.68833333333332,98.97,160.3202724257435,171.95120259481038,138.06537944076643
2026-09-10 19:00:00,12,103.91083333333334,116.7425,175.69351361115494,171.95120259481038,157.7724792147975
2026-09-10 20:00:00,12,94.89583333333331,129.2525,165.95248262956056,171.95120259481038,143.9842985041061
2026-09-10 21:00:00,12,89.96833333333335,132.7675,162.76909560118995,133.91187003968255,149.49065696037724
2026-09-10 22:00:00,12,89.95916666666666,136.78833333333333,173.90314457759624,171.95120259481038,154.9491198464919
2026-09-10 23:00:00,12,81.93416666666667,103.11,183.49140632678387,137.9138817204301,152.0976134585778
2026-09-11 00:00:00,12,77.75666666666666,96.59666666666668,171.32552429667697,103.54657222222232,143.041604090446
2026-09-11 01:00:00,12,80.6575,117.59333333333332,182.2091442830731,123.85723615465002,130.31012221941495
2026-09-11 02:00:00,12,75.66666666666667,94.32833333333332,161.22236075320808,103.54657222222232,123.18373914475342
2026-09-11 03:00:00,12,63.02666666666666,90.30083333333332,140.26357933679634,103.54657222222232,116.82506731370162
2026-09-11 04:00:00,12,58.990833333333335,95.3325,119.82245726195433,103.54657222222232,114.03025787824973
2026-09-11 05:00:00,12,61.67250000000001,110.24833333333332,114.31682150739809,123.85723615465002,117.5193830396816
2026-09-11 06:00:00,12,76.86083333333333,131.44916666666666,122.50234763207223,123.85723615465002,128.36727044558216
2026-09-11 07:00:00,12,101.69583333333333,197.92916666666667,150.86612184853357,115.84780934343439,144.56091312423746
2026-09-11 08:00:00,12,107.22166666666668,100.895,165.36057796125033,115.84780934343439,134.73496738927224
2026-09-11 09:00:00,12,27.83333333333333,77.98,141.68190468416515,115.84780934343439,95.89742272228784
2026-09-11 10:00:00,12,5.310833333333333,16.20416666666667,101.04677344874783,51.275894308943094,54.9162127863064
2026-09-11 11:00:00,12,-1.5783333333333334,2.0075,64.04626877779845,11.909645522388063,28.80417322987146
2026-09-11 12:00:00,12,-0.2033333333333332,0.5633333333333334,45.59746157232144,7.148523720349567,14.982325111294138
2026-09-11 13:00:00,12,-3.06,0.1608333333333333,30.10645345912063,7.148523720349567,3.824405833472106
2026-09-11 14:00:00,12,-7.829166666666667,1.606666666666667,24.747322276358176,7.148523720349567,-1.3301405619693156
2026-09-11 15:00:00,12,-5.625833333333333,0.6216666666666666,28.1256594250983,7.148523720349567,3.327696628599746
2026-09-11 16:00:00,12,4.265833333333333,-0.2433333333333333,42.29000407317047,26.513827777777777,18.938811270409417
2026-09-11 17:00:00,12,31.886666666666667,17.225833333333334,99.9524703146742,41.19690690690691,55.55632432238367
2026-09-11 18:00:00,12,99.9775,13.295833333333334,134.23730266951648,171.95120259481038,103.22287573987526
2026-09-11 19:00:00,12,105.82833333333332,7.234166666666667,155.77746690602274,171.95120259481038,132.9561157453361
2026-09-11 20:00:00,12,95.7475,-3.7725,158.02229794464904,115.84780934343439,134.17153447719193
2026-09-11 21:00:00,12,90.35,-9.63,166.75244711023328,115.84780934343439,137.7483582428666
2026-09-11 22:00:00,12,89.99083333333334,-8.509166666666667,170.28020554687924,115.84780934343439,140.44648580047226
2026-09-11 23:00:00,12,91.85583333333334,-3.294166666666667,174.8141626931007,115.84780934343439,138.501535030224
2026-09-12 00:00:00,12,94.02,-1.5291666666666668,170.48346327430886,103.54657222222232,136.52544452827254
2026-09-12 01:00:00,12,91.83166666666666,-0.9583333333333334,169.44808012109905,103.54657222222232,109.99599148565709
2026-09-12 02:00:00,12,91.615,-4.7125,154.1397044742314,103.54657222222232,104.30474784661742
2026-09-12 03:00:00,12,88.83083333333333,-5.24,141.76756344763524,103.54657222222232,100.10041790483947
2026-09-12 04:00:00,12,85.16916666666667,-5.0675,137.2820894515997,103.54657222222232,97.00205889991935
2026-09-12 05:00:00,12,83.87416666666667,-5.1975,125.29739647793633,103.54657222222232,97.52501637206834
2026-09-12 06:00:00,12,85.92333333333333,-5.345833333333334,114.60119786272477,103.54657222222232,100.43140683981704
2026-09-12 07:00:00,12,89.69666666666666,-4.7091666666666665,111.5735126371727,103.54657222222232,98.92305299474461
2026-09-12 08:00:00,12,24.765,-5.138333333333333,89.58380578726522,88.88258116883117,62.16815072016357
2026-09-12 09:00:00,12,-5.3975,-4.67,51.72453061720392,71.11100441501101,19.806688361743582
2026-09-12 10:00:00,12,-5.428333333333334,-3.4858333333333333,36.35318306017382,11.909645522388063,3.407752960638618
2026-09-12 11:00:00,12,-6.033333333333334,-7.4075,13.550029255232282,7.148523720349567,-5.944631657436375
2026-09-12 12:00:00,12,-4.400833333333334,-11.140833333333331,-6.6155026366803185,7.148523720349567,-17.572804502658002
2026-09-12 13:00:00,12,-1.6183333333333334,-8.681666666666667,-14.25865988268012,-11.993651960784314,-18.932109366430012
2026-09-12 14:00:00,12,-0.52,-8.378333333333332,-34.02573034184944,-11.993651960784314,-28.537585281810394
2026-09-12 15:00:00,12,4.653333333333333,-9.039166666666668,-32.38718288092919,-11.993651960784314,-19.22753040829764
2026-09-12 16:00:00,12,9.536666666666669,-7.5325,-14.866048132212413,7.148523720349567,-2.4578480343293307
2026-09-12 17:00:00,12,62.54333333333333,-10.096666666666666,28.09584875233889,40.90297785547785,30.012300402048155
2026-09-12 18:00:00,12,87.3575,-2.0775,67.25858721539976,72.32890569395019,65.01858460595332
2026-09-12 19:00:00,12,80.3425,2.9958333333333336,69.53366675435792,60.457795698924734,65.48142382603406
2026-09-12 20:00:00,12,62.98666666666667,4.921666666666666,57.29111373305725,60.457795698924734,50.487860947381236
2026-09-12 21:00:00,12,24.47666666666667,0.5666666666666668,48.50558939720058,60.457795698924734,45.4003427914935
2026-09-12 22:00:00,12,7.811666666666666,0.7541666666666665,45.423048577874994,60.457795698924734,40.46163097473113
2026-09-12 23:00:00,12,3.2891666666666666,0.01,35.737767232842664,46.839050086355805,38.99183745531242
2026-09-13 00:00:00,12,0.0091666666666666,1.4983333333333333,29.958032424853087,46.839050086355805,39.24280959929055
2026-09-13 01:00:00,12,-0.7133333333333334,6.7075,37.08114658924501,46.839050086355805,22.728358991492193
2026-09-13 02:00:00,12,-4.61,9.5325,16.531163866429452,23.477800842358608,9.929359036402936
2026-09-13 03:00:00,12,-5.623333333333334,10.055833333333334,0.5590173808918166,6.337228888888881,1.9628413897133754
2026-09-13 04:00:00,12,-6.939166666666666,10.619166666666668,-18.090245638838283,6.337228888888881,-3.5507373504600395
2026-09-13 05:00:00,12,-7.370833333333334,13.5425,-28.117783519083005,6.337228888888881,-5.0746337152445165
2026-09-13 06:00:00,12,-6.025,20.68583333333333,-34.06257222733967,6.337228888888881,-4.200707189103468
2026-09-13 07:00:00,12,-5.03,31.48583333333333,-37.130659148917545,6.337228888888881,-2.094580836242457
2026-09-13 08:00:00,12,-8.155833333333334,26.50333333333333,-49.718259976092,-12.773490196078434,-8.028583311436932
2026-09-13 09:00:00,12,-13.744166666666668,30.01333333333333,-61.73429673518794,-12.773490196078434,-14.836218424789493
2026-09-13 10:00:00,12,-7.7575,10.093333333333332,-74.69610249178379,-21.91233796296297,-23.6700674544919
2026-09-13 11:00:00,12,-8.138333333333334,14.041666666666666,-86.5800688278928,-35.06442953020133,-31.995611672675324
2026-09-13 12:00:00,12,-8.934166666666666,17.100833333333334,-84.20636721365113,-35.06442953020133,-31.186169575455935
2026-09-13 13:00:00,12,-9.810833333333331,12.934166666666668,-90.74106387437061,-43.08445355191258,-40.396071831067815
2026-09-13 14:00:00,12,-10.5875,14.455833333333333,-75.82659081034708,-35.06442953020133,-37.060764645871686
2026-09-13 15:00:00,12,-7.8625,18.481666666666666,-56.52652045015216,-22.19177999999999,-30.93912139392873
2026-09-13 16:00:00,12,-7.705833333333333,27.570833333333336,-31.32577579721014,-12.199802955665032,-16.67885302752235
2026-09-13 17:00:00,12,-0.1883333333333333,69.74166666666666,11.059724951558863,21.548078431372552,4.934822322976622
2026-09-13 18:00:00,12,12.226666666666668,96.33833333333332,45.90620053898478,60.457795698924734,34.35885973738813
2026-09-13 19:00:00,12,16.970833333333335,103.39916666666666,54.71318916018592,43.77647249190938,44.92910823225813
2026-09-13 20:00:00,12,49.57,96.70333333333332,53.89933120111757,60.457795698924734,46.377368158632294
2026-09-13 21:00:00,12,61.17333333333334,104.27083333333331,42.08699375760638,60.457795698924734,37.36298875367726
2026-09-13 22:00:00,12,48.43083333333333,105.39583333333331,31.266371804632122,32.92048976608187,32.3191897845513
2026-09-13 23:00:00,12,23.516666666666666,91.52416666666666,16.041297066280713,32.92048976608187,29.941722153169927
2026-09-14 00:00:00,12,31.25583333333333,84.70333333333333,24.10896066532893,46.839050086355805,41.134617493628134
2026-09-14 01:00:00,12,20.15,66.25,46.10498443129114,46.839050086355805,24.59351842940211
2026-09-14 02:00:00,12,42.6025,34.464166666666664,48.1056538884681,23.477800842358608,31.348602416342956
2026-09-14 03:00:00,12,52.6,28.46,46.679294002229256,23.477800842358608,36.06464837881799
2026-09-14 04:00:00,12,55.85666666666666,16.844166666666666,38.46230356234558,23.477800842358608,43.189024552462335
2026-09-14 05:00:00,12,58.10166666666667,15.265,32.91291930019955,23.477800842358608,47.6548815302672
2026-09-14 06:00:00,12,55.54333333333333,22.96166666666667,45.40215863255841,40.611848370927305,58.77099738973221
2026-09-14 07:00:00,12,50.93,42.31666666666667,67.54281373638193,72.32890569395019,81.29131220375609
2026-09-14 08:00:00,12,55.97166666666666,36.994166666666665,114.5719182427003,103.54657222222232,110.40762213136823
2026-09-14 09:00:00,12,79.9875,6.815,98.69684553116095,88.88258116883117,100.68320706268622
2026-09-14 10:00:00,12,65.84333333333333,4.193333333333333,93.5407122229216,88.88258116883117,73.21505357394021
2026-09-14 11:00:00,12,45.0225,-0.5233333333333333,80.17133546335951,51.275894308943094,60.87922125524703
2026-09-14 12:00:00,12,30.743333333333336,-0.63,58.555717509092545,26.513827777777777,39.96821559980238
2026-09-14 13:00:00,12,23.626666666666665,-1.3949999999999998,58.40064625770238,40.90297785547785,45.77921912085388
2026-09-14 14:00:00,12,14.0875,-0.5083333333333334,58.34987296727384,26.513827777777777,42.199285711666604
2026-09-14 15:00:00,12,17.66,-1.8958333333333333,53.20259308305893,40.90297785547785,35.568347996127294
2026-09-14 16:00:00,12,2.7741666666666664,5.105833333333333,43.73318993408912,40.90297785547785,32.97976697353166
2026-09-14 17:00:00,12,47.55583333333333,62.37916666666666,73.2717586589143,41.19690690690691,53.81235775416986
2026-09-14 18:00:00,12,64.81916666666667,130.36249999999998,108.10586440365967,107.91515414258191,94.03194070913389
2026-09-14 19:00:00,12,60.98083333333333,134.215,124.27135604756873,103.10483585858587,114.56893123079931
2026-09-14 20:00:00,12,54.73833333333334,124.68833333333332,123.46838308565316,103.10483585858587,115.35847638429308
2026-09-14 21:00:00,12,48.35416666666666,125.8325,108.64746718814908,107.91515414258191,103.2460764638174
2026-09-14 22:00:00,12,56.51583333333334,119.92916666666666,100.00410644649773,123.85723615465002,101.27279606407387
2026-09-14 23:00:00,12,32.1875,113.11416666666668,89.44609867532229,123.85723615465002,97.52738266181703
2026-09-15 00:00:00,12,28.45583333333333,105.0975,59.12851525949281,89.46783264746232,81.88920573563307
2026-09-15 01:00:00,12,15.440833333333332,108.64,53.47179266111446,72.32890569395019,66.26071552543712
2026-09-15 02:00:00,12,28.876666666666665,102.2225,34.186341000987056,41.86614926739926,55.99529121721487
2026-09-15 03:00:00,12,9.6425,88.33416666666666,17.750712818131362,41.86614926739926,48.30758321722021
2026-09-15 04:00:00,12,8.833333333333334,82.46249999999999,9.243750760516988,40.611848370927305,44.24044843846525
2026-09-15 05:00:00,12,9.109166666666669,79.01166666666667,2.774856955438324,40.611848370927305,40.668800445164145
2026-09-15 06:00:00,12,18.844166666666663,75.02,-5.435371929173357,27.084249448123614,29.25296389234046
2026-09-15 07:00:00,12,50.44,82.93583333333333,19.227478985129885,60.457795698924734,36.93664141539394
2026-09-15 08:00:00,12,12.605833333333337,95.02666666666666,32.94124567250937,60.457795698924734,33.42019285434143
2026-09-15 09:00:00,12,3.126666666666667,65.7825,-5.121814899081343,12.579742547425473,-4.4691158961498445
2026-09-15 10:00:00,12,-7.1308333333333325,40.193333333333335,-43.268680676425504,-12.773490196078434,-18.326570175853107
2026-09-15 11:00:00,12,-12.8675,28.594166666666663,-74.47843389863684,-21.91233796296297,-17.967943372601695
2026-09-15 12:00:00,12,-7.444166666666667,23.852500000000003,-80.10008526815545,-21.91233796296297,-21.029026512095243
2026-09-15 13:00:00,12,-8.44,18.746666666666663,-66.10899459853388,-12.773490196078434,-15.335183555298002
2026-09-15 14:00:00,12,-7.6325,12.806666666666668,-62.28901965871765,-12.773490196078434,-14.530905286968903
2026-09-15 15:00:00,12,-7.808333333333334,22.171666666666667,-66.24048928512934,-21.91233796296297,-21.243196484574028
2026-09-15 16:00:00,12,-9.015833333333331,32.1975,-44.62653356661056,-12.773490196078434,-21.942768916950257
2026-09-15 17:00:00,12,-5.949166666666667,104.72916666666669,-7.666540500863817,12.507266313932984,-7.926845812972871
2026-09-15 18:00:00,12,29.9125,131.83916666666667,33.723667219052956,19.58114551863044,29.409316413744605
2026-09-15 19:00:00,12,45.13583333333333,123.0175,61.341662685174576,62.88346820809249,47.877937570661956
2026-09-15 20:00:00,12,51.85583333333333,101.1,76.62454439791466,62.88346820809249,60.12825069473321
2026-09-15 21:00:00,12,64.0925,94.82833333333332,61.8191647090858,62.88346820809249,44.06640090184909
2026-09-15 22:00:00,12,68.99916666666667,84.85166666666667,38.76083063836437,19.58114551863044,28.52704693424449
2026-09-15 23:00:00,12,56.92,90.79916666666666,12.569062887300866,19.58114551863044,16.76220393735823
2026-09-16 00:00:00,12,48.72916666666666,80.0275,7.387440877339479,19.58114551863044,15.858750481991699
2026-09-16 01:00:00,12,46.5125,34.068333333333335,22.378733225859392,12.507266313932984,10.278126959027887
2026-09-16 02:00:00,12,54.064166666666665,5.870833333333334,19.704456262310373,12.579742547425473,7.9733068214060125
2026-09-16 03:00:00,12,50.85083333333333,1.5975,15.138626972307158,12.579742547425473,7.794427787449621
2026-09-16 04:00:00,12,41.72,-0.0366666666666666,16.85228003755598,12.579742547425473,11.86808577925951
2026-09-16 05:00:00,12,32.44833333333333,-0.2225,19.610042406614063,21.548078431372552,19.175108672769852
2026-09-16 06:00:00,12,73.18083333333334,0.0083333333333333,31.55379492494385,60.457795698924734,31.664886201829773
2026-09-16 07:00:00,12,86.90333333333332,6.984166666666667,65.94826445387639,64.05213649851639,45.743081471994344
2026-09-16 08:00:00,12,44.384166666666665,10.224166666666669,85.43058338055972,64.05213649851639,51.66799582112903
2026-09-16 09:00:00,12,20.576666666666664,3.3883333333333336,39.2324569475195,19.58114551863044,10.761298099724343
2026-09-16 10:00:00,12,0.505,-7.313333333333333,15.30933105239044,12.507266313932984,9.273051397220627
2026-09-16 11:00:00,12,10.816666666666668,-9.155833333333334,5.667801493057944,0.7236385459533607,13.499420152221134
2026-09-16 12:00:00,12,21.786666666666665,-7.579166666666667,-1.5560976143235052,12.507266313932984,9.939878172382528
2026-09-16 13:00:00,12,17.940833333333334,-14.392499999999998,-6.750571486437096,0.7236385459533607,9.62463537117928
2026-09-16 14:00:00,12,34.84166666666667,-13.695833333333333,-6.398893165486541,12.507266313932984,10.939509977427797
2026-09-16 15:00:00,12,49.0275,-10.3325,2.0707932265843425,12.507266313932984,7.50585421344185
2026-09-16 16:00:00,12,38.98083333333334,-8.4025,22.863356962060244,12.507266313932984,10.692595966890607
2026-09-16 17:00:00,12,75.735,28.9875,66.83406310553708,19.58114551863044,27.236762398232088
2026-09-16 18:00:00,12,102.47833333333334,68.05833333333334,118.0107889366455,64.05213649851639,79.59905571033902
2026-09-16 19:00:00,12,108.38166666666666,78.36416666666666,147.63292776272647,113.24729452054794,106.80201631722363
2026-09-16 20:00:00,12,102.72833333333334,81.6375,147.5319807090264,103.10483585858587,112.90310869245833
2026-09-16 21:00:00,12,92.97416666666668,72.9025,135.3281283397625,103.10483585858587,103.28234734375135
2026-09-16 22:00:00,12,94.30583333333334,81.59750000000001,124.20073478016857,64.05213649851639,92.57044616592873
2026-09-16 23:00:00,12,94.2225,88.50666666666666,100.76325325154224,103.10483585858587,92.78557857534885
2026-09-17 00:00:00,12,94.4575,80.47916666666667,81.59346971051767,89.46783264746232,94.05160350673503
2026-09-17 01:00:00,12,96.50666666666666,75.42333333333333,89.4055181920164,89.46783264746232,86.26383707247506
2026-09-17 02:00:00,12,87.76583333333333,71.27583333333332,72.27893257925012,89.46783264746232,82.01203001697444
2026-09-17 03:00:00,12,85.07833333333333,73.4875,59.459623162780844,89.46783264746232,81.98240481676581
2026-09-17 04:00:00,12,77.17,75.53083333333333,52.29651274208198,89.46783264746232,82.20164384058697
2026-09-17 05:00:00,12,73.4725,75.74249999999999,50.548820932326514,89.46783264746232,84.8089698932161
2026-09-17 06:00:00,12,86.75833333333333,78.6775,62.05934891199598,103.54657222222232,96.19177634308605
2026-09-17 07:00:00,12,89.4325,95.825,94.17735840255762,133.91187003968255,110.99476488191942
2026-09-17 08:00:00,12,76.64166666666667,69.67833333333333,120.55836871066549,133.91187003968255,104.16999603516778
2026-09-17 09:00:00,12,62.99666666666667,35.18,111.84212954819736,133.91187003968255,78.95997886027982
2026-09-17 10:00:00,12,40.43,7.37,108.13024809565498,133.91187003968255,71.8526758320615
2026-09-17 11:00:00,12,41.93083333333333,3.6291666666666655,95.60553222337036,88.88258116883117,63.759530391583176
2026-09-17 12:00:00,12,34.31583333333334,7.434166666666667,66.00252496499219,51.275894308943094,56.264393326565596
2026-09-17 13:00:00,12,20.559166666666663,0.8758333333333335,43.73777442472981,40.90297785547785,34.421656964881755
2026-09-17 14:00:00,12,2.6908333333333334,-1.4125000000000003,28.487556224298224,26.513827777777777,24.57903272176872
2026-09-17 15:00:00,12,-2.2358333333333333,6.673333333333333,19.683561921669025,7.148523720349567,16.80333621496233
2026-09-17 16:00:00,12,-5.269166666666666,12.236666666666666,37.14320189280362,26.513827777777777,30.31158192026404
2026-09-17 17:00:00,12,77.38833333333334,31.8775,94.71332637076233,51.275894308943094,73.34497144220583
2026-09-17 18:00:00,12,116.58666666666666,98.68833333333332,141.5487079939857,133.91187003968255,125.40323895463794
2026-09-17 19:00:00,12,118.45916666666666,103.91083333333334,181.48149249747917,133.91187003968255,158.08224841848136
2026-09-17 20:00:00,12,114.185,94.89583333333331,216.06904837669438,137.9138817204301,171.45794739158546
2026-09-17 21:00:00,12,115.8175,89.96833333333335,226.99350960166112,137.9138817204301,165.32740404440915
2026-09-17 22:00:00,12,114.0375,89.95916666666666,213.62569415989321,137.9138817204301,169.31154265647325
2026-09-17 23:00:00,12,111.92333333333332,81.93416666666667,171.9518225349435,133.91187003968255,152.73295849691652
2026-09-18 00:00:00,12,95.97916666666669,77.75666666666666,150.72940233612175,133.91187003968255,144.79468644736454
2026-09-18 01:00:00,12,96.59166666666664,80.6575,164.93085820590204,103.54657222222232,126.91183170818866
2026-09-18 02:00:00,12,86.70583333333333,75.66666666666667,135.65527197108923,103.54657222222232,119.42086917197696
2026-09-18 03:00:00,12,87.16083333333334,63.02666666666666,111.90882013551123,103.54657222222232,109.11964467265628
2026-09-18 04:00:00,12,84.7325,58.990833333333335,99.51727085867387,103.54657222222232,103.11279317068653
2026-09-18 05:00:00,12,84.67333333333333,61.67250000000001,93.44861018097814,103.54657222222232,96.47148934693726
2026-09-18 06:00:00,12,48.5925,76.86083333333333,97.44679544838242,72.32890569395019,87.33790208407771
2026-09-18 07:00:00,12,59.37916666666666,101.69583333333333,130.70041768249155,108.01275362318837,73.76119987635511
2026-09-18 08:00:00,12,6.4925,107.22166666666668,95.25778217998804,64.05213649851639,30.56998235354113
2026-09-18 09:00:00,12,-1.2691666666666668,27.83333333333333,68.41973864693387,60.457795698924734,18.548604047299655
2026-09-18 10:00:00,12,-9.789166666666668,5.310833333333333,2.0969542759414423,-1.0200851851851849,0.2309808433784042
2026-09-18 11:00:00,12,-26.584166666666665,-1.5783333333333334,-29.122028868679294,-12.199802955665032,-10.481574646499979
2026-09-18 12:00:00,12,-29.68,-0.2033333333333332,-40.22520253237303,-12.199802955665032,-16.842921003246687
2026-09-18 13:00:00,12,-24.745,-3.06,-49.531447140812475,-22.19177999999999,-30.607891108765784
2026-09-18 14:00:00,12,-14.894166666666663,-7.829166666666667,-53.82741085506784,-22.19177999999999,-36.678874026792556
2026-09-18 15:00:00,12,-11.7925,-5.625833333333333,-42.801944876787644,-22.19177999999999,-25.653186224264388
2026-09-18 16:00:00,12,-7.785,4.265833333333333,-18.248492950441374,-12.199802955665032,-10.35080563253699
2026-09-18 17:00:00,12,-1.5658333333333332,31.886666666666667,18.435243948286754,41.308026485788105,4.307542087927295
2026-09-18 18:00:00,12,30.416666666666668,99.9775,38.24784668113339,60.457795698924734,26.12366744518937
2026-09-18 19:00:00,12,14.2725,105.82833333333332,40.09408276463239,60.457795698924734,31.908587149682532
2026-09-18 20:00:00,12,8.041666666666666,95.7475,22.973130608515568,60.457795698924734,17.28742591780641
2026-09-18 21:00:00,12,2.9416666666666664,90.35,8.302766753685496,19.58114551863044,8.179396589446796
2026-09-18 22:00:00,12,7.016666666666667,89.99083333333334,1.4705719675849593,12.579742547425473,6.524443347575215
2026-09-18 23:00:00,12,7.590833333333333,91.85583333333334,-0.1517898507585187,60.457795698924734,7.920464381993646
2026-09-19 00:00:00,12,8.369166666666667,94.02,-4.836248637055235,21.548078431372552,9.065096955639632
2026-09-19 01:00:00,12,4.363333333333333,91.83166666666666,-4.183736704018074,12.579742547425473,11.406286394283839
2026-09-19 02:00:00,12,0.01,91.615,-21.160188920399705,6.337228888888881,5.881714891233663
2026-09-19 03:00:00,12,-0.32,88.83083333333333,-35.9221306593016,6.337228888888881,0.3403949623809126
2026-09-19 04:00:00,12,-0.5525000000000001,85.16916666666667,-44.28668607789565,-6.368062714776631,-3.4799180185002996
2026-09-19 05:00:00,12,-0.3675,83.87416666666667,-39.71517237286764,-6.368062714776631,3.2389286168392104
2026-09-19 06:00:00,12,0.01,85.92333333333333,-29.538391168704067,6.337228888888881,13.162553438769287
2026-09-19 07:00:00,12,-0.5375000000000001,89.69666666666666,-34.9711705798057,6.337228888888881,6.424863439944488
2026-09-19 08:00:00,12,-7.754166666666666,24.765,-33.78111503231736,6.337228888888881,-7.671483969480548
2026-09-19 09:00:00,12,-19.719166666666663,-5.3975,-36.89101892132214,-12.199802955665032,-14.67181658176142
2026-09-19 10:00:00,12,-24.745833333333334,-5.428333333333334,-42.840081457265484,-12.199802955665032,-17.65171947701532
2026-09-19 11:00:00,12,-27.11583333333333,-6.033333333333334,-42.849100067256984,-12.199802955665032,-15.122695913106583
2026-09-19 12:00:00,12,-36.446666666666665,-4.400833333333334,-65.0360997480746,-31.25286458333334,-36.67309234711617
2026-09-19 13:00:00,12,-42.22,-1.6183333333333334,-63.598645571931826,-31.25286458333334,-41.80443346415038
2026-09-19 14:00:00,12,-37.61333333333334,-0.52,-54.197704784351984,-31.25286458333334,-33.420857022424144
2026-09-19 15:00:00,12,-34.844166666666666,4.653333333333333,-37.76288041995933,-22.19177999999999,-16.602766229300116
2026-09-19 16:00:00,12,-8.544166666666667,9.536666666666669,-2.5964165899437717,26.513827777777777,13.324948177854175
2026-09-19 17:00:00,12,6.815833333333333,62.54333333333333,21.277740025100876,40.90297785547785,36.45961139678044
2026-09-19 18:00:00,12,52.605,87.3575,36.77144529513292,72.32890569395019,58.9806572497944
2026-09-19 19:00:00,12,72.15083333333332,80.3425,33.83205809706499,72.32890569395019,62.920631736702845
2026-09-19 20:00:00,12,79.85166666666667,62.98666666666667,33.92700520090937,72.32890569395019,63.11203648142572
2026-09-19 21:00:00,12,85.44666666666666,24.47666666666667,16.260851674562048,41.308026485788105,50.4533282858372
2026-09-19 22:00:00,12,90.57333333333334,7.811666666666666,3.131229600538717,41.308026485788105,41.713223845220824
2026-09-19 23:00:00,12,90.305,3.2891666666666666,-9.401405396418767,41.308026485788105,34.4244792302648
2026-09-20 00:00:00,12,81.07000000000001,0.0091666666666666,-15.62179822162372,23.477800842358608,33.081028821879265
2026-09-20 01:00:00,12,3.8541666666666665,-0.7133333333333334,-5.020689350854269,23.477800842358608,22.87031065257144
2026-09-20 02:00:00,12,-0.32,-4.61,-22.353856550223966,-6.368062714776631,13.025592388354426
2026-09-20 03:00:00,12,-4.677499999999999,-5.623333333333334,-40.898499281642486,-6.368062714776631,2.639833027143439
2026-09-20 04:00:00,12,-7.6625,-6.939166666666666,-55.21713689947826,-6.368062714776631,-2.4810344571543936
2026-09-20 05:00:00,12,-7.465,-7.370833333333334,-70.51450072127699,-6.368062714776631,-7.53011534213752
2026-09-20 06:00:00,12,-7.489166666666667,-6.025,-76.45410256257895,-6.368062714776631,-5.654205290330665
2026-09-20 07:00:00,12,-7.918333333333333,-5.03,-77.6440243417305,-6.368062714776631,-6.979353765786968
2026-09-20 08:00:00,12,-39.774166666666666,-8.155833333333334,-86.29565838391991,-6.368062714776631,-18.166318717175116
2026-09-20 09:00:00,12,-63.594166666666666,-13.744166666666668,-104.08048143301608,-35.06442953020133,-27.521594087143512
2026-09-20 10:00:00,12,-63.3,-7.7575,-132.34282226150833,-43.08445355191258,-30.488710066229018
2026-09-20 11:00:00,12,-64.15083333333332,-8.138333333333334,-152.24838109815408,-43.08445355191258,-33.5107493152983
2026-09-20 12:00:00,12,-65.31166666666667,-8.934166666666666,-158.26204939058624,-83.7056416666667,-34.42798030819354
2026-09-20 13:00:00,12,-66.65166666666666,-9.810833333333331,-168.88145886902308,-83.7056416666667,-32.23800849973047
2026-09-20 14:00:00,12,-66.6725,-10.5875,-159.43535019931437,-83.7056416666667,-32.278597673891554
2026-09-20 15:00:00,12,-52.99916666666667,-7.8625,-128.8374383269008,-43.08445355191258,-30.00000805933037
2026-09-20 16:00:00,12,-29.37333333333333,-7.705833333333333,-103.12714160193804,-21.91233796296297,-14.63863442410829
2026-09-20 17:00:00,12,-9.349166666666669,-0.1883333333333333,-32.23985006794682,-12.773490196078434,3.328425884297353
2026-09-20 18:00:00,12,51.67416666666667,12.226666666666668,28.35672613981903,32.92048976608187,33.056942397548255
2026-09-20 19:00:00,12,17.215833333333332,16.970833333333335,61.11073400314252,60.457795698924734,61.243256616012246
2026-09-20 20:00:00,12,-1.8416666666666668,49.57,50.769292104653935,60.457795698924734,46.39389480051911
2026-09-20 21:00:00,12,-0.9658333333333332,61.17333333333334,42.4402769124179,46.839050086355805,34.78574733102416
2026-09-20 22:00:00,12,-4.19,48.43083333333333,48.883270448805476,46.839050086355805,45.076215375054346
2026-09-20 23:00:00,12,-0.85,23.516666666666666,39.36737858738099,23.477800842358608,48.23341023140557
2026-09-21 00:00:00,12,-1.0416666666666667,31.25583333333333,35.36548771729451,23.477800842358608,51.65432716087584
2026-09-21 01:00:00,12,-1.2716666666666667,20.15,43.387596525917516,40.611848370927305,44.33974587051971
2026-09-21 02:00:00,12,-0.8733333333333334,42.6025,10.884870578238171,23.477800842358608,26.939442979801
2026-09-21 03:00:00,12,-0.3233333333333333,52.6,-15.524968108901149,-6.368062714776631,10.580462602741193
2026-09-21 04:00:00,12,-0.32,55.85666666666666,-18.29529257870226,27.084249448123614,16.8862696140542
2026-09-21 05:00:00,12,4.468333333333334,58.10166666666667,-15.245683981335873,27.084249448123614,24.09980004706727
2026-09-21 06:00:00,12,13.941666666666668,55.54333333333333,-2.0737519230724786,27.084249448123614,35.99306197446673
2026-09-21 07:00:00,12,27.141666666666666,50.93,25.83216382482926,21.548078431372552,49.32021417608071
2026-09-21 08:00:00,12,16.1725,55.97166666666666,16.230883881103104,12.579742547425473,12.384442449699002
2026-09-21 09:00:00,12,5.2283333333333335,79.9875,-0.7623127265510874,12.579742547425473,-2.759727540188976
2026-09-21 10:00:00,12,-2.9658333333333338,65.84333333333333,-15.656189194012299,-1.0200851851851849,-6.96280546047997
2026-09-21 11:00:00,12,-6.1525,45.0225,-35.63119413047474,-1.0200851851851849,-8.68871182823844
2026-09-21 12:00:00,12,-6.053333333333334,30.743333333333336,-40.07995169112695,-12.199802955665032,-14.73903079610875
2026-09-21 13:00:00,12,-5.598333333333334,23.626666666666665,-47.80354383382044,-22.19177999999999,-17.531521585918725
2026-09-21 14:00:00,12,-3.2075,14.0875,-54.24371035063943,-22.19177999999999,-20.95523436012165
2026-09-21 15:00:00,12,-4.996666666666667,17.66,-52.70110503998225,-22.19177999999999,-21.104986027560713
2026-09-21 16:00:00,12,-2.7466666666666666,2.7741666666666664,-32.14199046228677,-12.199802955665032,-10.789365622803231
2026-09-21 17:00:00,12,8.266666666666666,47.55583333333333,24.749478625161593,21.548078431372552,16.587622058596054
2026-09-21 18:00:00,12,98.07,64.81916666666667,96.62463131077274,60.457795698924734,75.94058205417224
2026-09-21 19:00:00,12,93.79833333333332,60.98083333333333,129.16288657229757,108.01275362318837,110.08238205239428
2026-09-21 20:00:00,12,90.11666666666667,54.73833333333334,134.38549545598195,171.95120259481038,119.71273074090482
2026-09-21 21:00:00,12,91.795,48.35416666666666,133.06241762680503,171.95120259481038,119.6789628989091
2026-09-21 22:00:00,12,99.82416666666666,56.51583333333334,124.66555436982296,103.10483585858587,119.16947595283523
2026-09-21 23:00:00,12,100.16583333333334,32.1875,105.38531722708058,72.32890569395019,106.83128157393936
2026-09-22 00:00:00,12,94.13666666666668,28.45583333333333,92.41315008084598,72.32890569395019,98.78195252778113
2026-09-22 01:00:00,12,93.37833333333332,15.440833333333332,109.68983589814815,89.46783264746232,93.33003404203008
2026-09-22 02:00:00,12,83.03666666666668,28.876666666666665,92.20106164130537,89.46783264746232,87.22762237471868
2026-09-22 03:00:00,12,83.325,9.6425,77.06316518153116,89.46783264746232,87.23167780141773
2026-09-22 04:00:00,12,82.34583333333333,8.833333333333334,67.82538874486009,89.46783264746232,87.6394179812943
2026-09-22 05:00:00,12,85.32666666666667,9.109166666666669,64.15330118854968,89.46783264746232,92.29717768463124
2026-09-22 06:00:00,12,81.38333333333334,18.844166666666663,70.92002525295212,89.46783264746232,100.74055019674871
2026-09-22 07:00:00,12,83.31333333333333,50.44,96.88487329074181,103.10483585858587,104.14572430982824
2026-09-22 08:00:00,12,81.1975,12.605833333333337,124.65689846614049,133.91187003968255,95.47599544490237
2026-09-22 09:00:00,12,29.99833333333333,3.126666666666667,72.12492809739877,60.457795698924734,37.46882012590847
2026-09-22 10:00:00,12,3.561666666666666,-7.1308333333333325,29.363970053021113,19.92253731343283,15.246615280688722
2026-09-22 11:00:00,12,-1.086666666666667,-12.8675,4.430473668881547,7.148523720349567,3.4447633270385865
2026-09-22 12:00:00,12,3.619166666666666,-7.444166666666667,-5.917820982786608,7.148523720349567,-3.972141265350132
2026-09-22 13:00:00,12,10.5675,-8.44,-14.820228311625016,7.148523720349567,-8.058439418492739
2026-09-22 14:00:00,12,9.750833333333334,-7.6325,-5.92820190693827,7.148523720349567,-4.375398938665697
2026-09-22 15:00:00,12,9.148333333333332,-7.808333333333334,6.6329302491831115,7.148523720349567,2.6080213455066286
2026-09-22 16:00:00,12,13.663333333333334,-9.015833333333331,13.358855271114948,6.099106060606059,7.5257558896405925
2026-09-22 17:00:00,12,43.85166666666667,-5.949166666666667,64.66516398013654,46.839050086355805,34.86966790672241
2026-09-22 18:00:00,12,100.52,29.9125,109.21288644085001,60.457795698924734,80.10134318185564
2026-09-22 19:00:00,12,109.17333333333332,45.13583333333333,133.13448151827805,103.10483585858587,107.2417896188241
2026-09-22 20:00:00,12,101.34583333333336,51.85583333333333,140.1697774722934,103.10483585858587,123.95787205060353
2026-09-22 21:00:00,12,94.69666666666666,64.0925,137.2944874021524,133.91187003968255,132.36235406377614
2026-09-22 22:00:00,12,96.88416666666669,68.99916666666667,135.3106529392163,133.91187003968255,134.75497731889482
2026-09-22 23:00:00,12,96.745,56.92,136.49574986298055,103.54657222222232,131.2129008180741
2026-09-23 00:00:00,12,91.88416666666666,48.72916666666666,133.73621671651023,103.54657222222232,128.59795817277774
2026-09-23 01:00:00,12,99.0775,46.5125,135.13407048158615,103.54657222222232,117.30953878637784
2026-09-23 02:00:00,12,93.915,54.064166666666665,112.50770541058051,103.54657222222232,113.73202277256561
2026-09-23 03:00:00,12,95.1625,50.85083333333333,101.06312132886221,103.54657222222232,113.28120835816699
2026-09-23 04:00:00,12,97.78333333333336,41.72,92.92376211988743,103.54657222222232,115.20503978029635
2026-09-23 05:00:00,12,104.75166666666668,32.44833333333333,88.27331407283393,103.54657222222232,119.82100141338145
2026-09-23 06:00:00,12,138.87,73.18083333333334,98.12459643647901,103.54657222222232,130.84079586889592
2026-09-23 07:00:00,12,145.27166666666668,86.90333333333332,128.033242298281,133.91187003968255,138.5122588968395
2026-09-23 08:00:00,12,88.70916666666666,44.384166666666665,129.84262044311234,133.91187003968255,102.42544807748305
2026-09-23 09:00:00,12,71.24249999999999,20.576666666666664,111.56889317585956,88.88258116883117,64.58247167506467
2026-09-23 10:00:00,12,12.790833333333332,0.505,64.60037626089644,40.90297785547785,31.259635406526648
2026-09-23 11:00:00,12,-1.1608333333333334,10.816666666666668,34.72698402352144,7.148523720349567,16.55940718166356
2026-09-23 12:00:00,12,-2.5525,21.786666666666665,22.145256267844857,7.148523720349567,8.001399965176269
2026-09-23 13:00:00,12,-0.5508333333333333,17.940833333333334,10.152138766118746,7.148523720349567,2.8155013527140937
2026-09-23 14:00:00,12,2.953333333333333,34.84166666666667,5.767022241009286,7.148523720349567,-0.7801892428856405
2026-09-23 15:00:00,12,4.3825,49.0275,11.28208313009597,7.148523720349567,2.2792027615622175
2026-09-23 16:00:00,12,27.793333333333333,38.98083333333334,32.457171880348795,26.513827777777777,20.458593826599937
2026-09-23 17:00:00,12,98.69916666666668,75.735,74.06761408662864,51.275894308943094,54.20621835282881
2026-09-23 18:00:00,12,115.68416666666668,102.47833333333334,108.47617482357873,103.54657222222232,98.07366633988916
2026-09-23 19:00:00,12,113.00166666666668,108.38166666666666,124.94254179960387,133.91187003968255,128.85037793721563
2026-09-23 20:00:00,12,112.90333333333332,102.72833333333334,136.525424776743,133.91187003968255,139.09692388745398
2026-09-23 21:00:00,12,116.19333333333331,92.97416666666668,147.32705593992407,133.91187003968255,139.85810828153916
2026-09-23 22:00:00,12,114.69083333333332,94.30583333333334,162.45535195846026,133.91187003968255,133.34435777249155
2026-09-23 23:00:00,12,115.665,94.2225,155.18251364764913,103.54657222222232,142.91482160987886
2026-09-24 00:00:00,12,128.29583333333332,94.4575,138.0620606197641,103.54657222222232,136.45421922112456
2026-09-24 01:00:00,12,202.98916666666665,96.50666666666666,145.50001233693803,103.54657222222232,116.42073931659831
2026-09-24 02:00:00,12,131.30833333333334,87.76583333333333,129.43528034827546,103.54657222222232,113.1762941090887
2026-09-24 03:00:00,12,108.33083333333332,85.07833333333333,105.62246119430137,103.54657222222232,104.7545205139607
2026-09-24 04:00:00,12,134.5525,77.17,82.75206237961225,86.7350688705234,91.54340847728267
2026-09-24 05:00:00,12,139.17583333333332,73.4725,67.82562667100125,86.7350688705234,82.27374664484039
2026-09-24 06:00:00,12,198.12,86.75833333333333,67.74751203470616,89.46783264746232,81.88397640547713
2026-09-24 07:00:00,12,123.21,89.4325,78.56976951493593,72.32890569395019,70.73079400084208
2026-09-24 08:00:00,12,23.939166666666665,76.64166666666667,75.47234353795892,65.54631578947371,40.874427627916845
2026-09-24 09:00:00,12,5.489999999999999,62.99666666666667,45.5342826225339,41.19690690690691,12.00939572850173
2026-09-24 10:00:00,12,-1.7300000000000002,40.43,5.759842373660348,6.099106060606059,-8.63412741029559
2026-09-24 11:00:00,12,-5.1975,41.93083333333333,-23.308159215289976,-12.199802955665032,-25.395174372581877
2026-09-24 12:00:00,12,-4.5075,34.31583333333334,-25.311906695202467,-12.199802955665032,-28.672613179677825
2026-09-24 13:00:00,12,-3.125,20.559166666666663,-21.085445971717917,-12.199802955665032,-23.4765893753073
2026-09-24 14:00:00,12,-0.1816666666666666,2.6908333333333334,-5.754071236657936,-3.791369047619048,-11.066711498051404
2026-09-24 15:00:00,12,20.829166666666666,-2.2358333333333333,13.663641261287616,6.099106060606059,2.183957444955695
2026-09-24 16:00:00,12,64.10833333333333,-5.269166666666666,48.10862617661802,41.19690690690691,28.606030932363815
2026-09-24 17:00:00,12,102.75416666666666,77.38833333333334,87.74449569968965,65.54631578947371,56.38470930538483
2026-09-24 18:00:00,12,118.97833333333334,116.58666666666666,117.86679867334868,103.10483585858587,87.12858160194885
2026-09-24 19:00:00,12,106.65166666666666,118.45916666666666,114.40756672758891,103.10483585858587,88.47085316437489
2026-09-24 20:00:00,12,89.81833333333333,114.185,98.90049898699723,103.10483585858587,75.355824114563
2026-09-24 21:00:00,12,91.08,115.8175,75.1911680026328,60.457795698924734,57.564653348601524
2026-09-24 22:00:00,12,98.55666666666669,114.0375,73.90829023283275,107.91515414258191,62.98093148842158
2026-09-24 23:00:00,12,101.27333333333333,111.92333333333332,85.0351582212178,107.91515414258191,85.10002564790116
