hour_end,fold,actual,baseline,Linear regression,Decision tree,SVR
2025-10-01 00:00:00,0,5.950833333333333,83.73416666666667,30.36753851361994,93.12987301587299,82.05131919192252
2025-10-01 01:00:00,0,8.121666666666666,36.17333333333333,34.82998229106266,36.98501650165015,54.21993060239691
2025-10-01 02:00:00,0,1.0616666666666663,19.843333333333334,8.823483380014522,36.98501650165015,41.53701835042308
2025-10-01 03:00:00,0,-9.033333333333331,14.5375,-9.56017486781208,36.98501650165015,35.15081670540464
2025-10-01 04:00:00,0,-10.0,6.585833333333333,-22.06381585653334,36.98501650165015,32.5952864166517
2025-10-01 05:00:00,0,-10.0,14.455,-30.542873727586567,36.98501650165015,29.60069656430381
2025-10-01 06:00:00,0,-10.0,48.27333333333333,-12.042218801795556,36.98501650165015,35.82996234163254
2025-10-01 07:00:00,0,-10.0,95.38916666666664,17.548634871746145,38.36568481848187,26.071288551306253
2025-10-01 08:00:00,0,-14.82,41.1625,-2.7957032833869846,29.915153769841282,1.069750245360197
2025-10-01 09:00:00,0,-14.6625,25.16,-55.76153425777737,-19.12269444444445,-12.082162710668555
2025-10-01 10:00:00,0,-13.896666666666668,4.405,-81.88122513245729,-19.12269444444445,-4.77510615467223
2025-10-01 11:00:00,0,-14.0,2.9166666666666665,-38.914348272929956,-19.12269444444445,-1.12744121589688
2025-10-01 12:00:00,0,-15.500833333333333,1.0791666666666668,-58.945801056605305,-19.12269444444445,-9.849881010564559
2025-10-01 13:00:00,0,-14.5625,10.139166666666666,-69.89537147727192,-19.12269444444445,-13.878600813691094
2025-10-01 14:00:00,0,-11.64,35.70666666666667,-83.9823192531678,-19.12269444444445,-26.61517422913539
2025-10-01 15:00:00,0,-15.905,40.486666666666665,-67.92703670442823,-19.12269444444445,-30.848036584257855
2025-10-01 16:00:00,0,-14.466666666666669,71.83666666666666,-34.3879837688269,-19.12269444444445,-17.401081690315237
2025-10-01 17:00:00,0,-9.918333333333331,78.55583333333333,4.05999472842916,29.915153769841282,0.5618521323915076
2025-10-01 18:00:00,0,-0.2541666666666667,159.04166666666666,92.468681915547,29.915153769841282,41.824936752573116
2025-10-01 19:00:00,0,19.309166666666663,174.59833333333333,170.83304695050612,46.10282539682538,80.75795420102986
2025-10-01 20:00:00,0,36.73333333333333,224.7825,155.78194631174108,46.10282539682538,81.81015410567103
2025-10-01 21:00:00,0,11.769166666666663,182.7925,107.51524193639105,29.915153769841282,59.236082684098
2025-10-01 22:00:00,0,-4.4675,125.8575,53.86834868488605,10.420995726495725,39.612928280527015
2025-10-01 23:00:00,0,-5.409166666666667,92.1125,11.211820168169083,10.420995726495725,27.425496960404168
2025-10-02 00:00:00,0,0.4174999999999998,79.4825,-0.2737539567092142,10.420995726495725,26.86172410950369
2025-10-02 01:00:00,0,-2.015,10.635,18.961176744191974,10.420995726495725,-0.599004553356508
2025-10-02 02:00:00,0,-9.6575,4.306666666666666,6.536854508911702,4.404958333333332,-5.705975404748372
2025-10-02 03:00:00,0,-10.0,8.791666666666666,-16.068393349930673,-8.968726415094343,-5.572864770225948
2025-10-02 04:00:00,0,-10.0,2.955833333333333,-37.27337498090024,-8.968726415094343,-10.495954553404488
2025-10-02 05:00:00,0,-10.399166666666666,12.216666666666669,-38.418050984393474,-8.968726415094343,-8.523360567495374
2025-10-02 06:00:00,0,-10.0,14.765,-13.985949588489746,4.404958333333332,5.54128740686248
2025-10-02 07:00:00,0,-9.683333333333334,21.69,13.471007339767667,29.915153769841282,13.593553493655676
2025-10-02 08:00:00,0,-10.030833333333334,5.445833333333333,25.417402581303087,29.915153769841282,7.538649022230828
2025-10-02 09:00:00,0,-12.014166666666666,20.24,-31.369387860776982,29.915153769841282,-4.05289516081811
2025-10-02 10:00:00,0,-16.144166666666667,-7.176666666666667,-48.21416874325634,10.420995726495725,1.9166195271704396
2025-10-02 11:00:00,0,-15.500833333333333,-10.0,-58.321855829242466,10.420995726495725,5.803055810769777
2025-10-02 12:00:00,0,-11.1475,-10.0,-47.52875414793424,10.420995726495725,8.154862977639638
2025-10-02 13:00:00,0,-11.516666666666666,-10.1025,-27.930125926397594,29.915153769841282,17.800494617554477
2025-10-02 14:00:00,0,-9.705833333333333,-10.0,-41.74932375960988,10.420995726495725,5.3767108230174046
2025-10-02 15:00:00,0,-8.620833333333334,4.65,-21.122251055780893,29.915153769841282,4.6275576138299215
2025-10-02 16:00:00,0,-10.0,-3.4483333333333337,-14.900810009679546,29.915153769841282,0.47691806982803087
2025-10-02 17:00:00,0,-7.828333333333333,31.15083333333333,16.04121054259545,29.915153769841282,27.15375721936502
2025-10-02 18:00:00,0,25.92,94.7625,104.5139588455916,46.10282539682538,61.98210075190424
2025-10-02 19:00:00,0,77.1675,115.97333333333334,142.93989721071048,85.40044934640524,87.81631780433858
2025-10-02 20:00:00,0,76.68166666666666,121.73583333333332,137.9618688189376,95.3574300254453,89.8026049497683
2025-10-02 21:00:00,0,74.9675,137.15,122.59845498412969,95.3574300254453,89.91334931837183
2025-10-02 22:00:00,0,60.67083333333333,105.46833333333332,80.30487546417409,95.3574300254453,75.75690978207393
2025-10-02 23:00:00,0,43.4825,80.1825,49.6086415050561,38.36568481848187,66.72996631739272
2025-10-03 00:00:00,0,32.42666666666667,74.37833333333333,36.019377273108276,38.36568481848187,59.22594663637937
2025-10-03 01:00:00,0,10.305,7.693333333333334,44.84450428562452,38.36568481848187,42.033676606764104
2025-10-03 02:00:00,0,5.574166666666666,1.5891666666666664,15.213780290227973,36.98501650165015,28.887001002825336
2025-10-03 03:00:00,0,8.596666666666666,17.8275,-8.484326823336886,61.27612211221124,21.558887286567185
2025-10-03 04:00:00,0,7.376666666666666,14.38,-21.926062020409717,36.98501650165015,17.990939316548506
2025-10-03 05:00:00,0,10.895,-4.553333333333334,-25.374785805875035,36.98501650165015,19.836108637035963
2025-10-03 06:00:00,0,15.945833333333333,-4.591666666666667,-13.068764485326724,36.98501650165015,29.129422661731034
2025-10-03 07:00:00,0,10.361666666666666,41.72583333333333,11.409697078180898,29.915153769841282,25.255189181305504
2025-10-03 08:00:00,0,12.591666666666669,-9.3675,14.472417685871605,38.36568481848187,25.641931750875422
2025-10-03 09:00:00,0,-4.535833333333334,-11.630833333333332,-30.76360225031391,29.915153769841282,-2.471259435027804
2025-10-03 10:00:00,0,-10.140833333333331,-13.2075,-47.134256030023224,-19.12269444444445,-12.070209060876536
2025-10-03 11:00:00,0,-13.660833333333334,-19.55333333333333,-59.33564268307076,-19.12269444444445,-13.052332396728318
2025-10-03 12:00:00,0,-13.390833333333331,-31.308333333333334,-56.75232219319459,-9.15596256684492,-15.794598203178182
2025-10-03 13:00:00,0,-13.730833333333331,-31.331666666666667,-63.52541365174672,-9.15596256684492,-22.623477126578777
2025-10-03 14:00:00,0,-14.281666666666666,-24.72833333333333,-34.452640433389334,-9.15596256684492,-13.866888262783519
2025-10-03 15:00:00,0,-13.735833333333332,-23.124166666666667,-26.391211829412327,-9.15596256684492,-15.17941777439998
2025-10-03 16:00:00,0,-9.414166666666668,-27.061666666666667,-6.8196334918359724,-9.15596256684492,-12.219948893217406
2025-10-03 17:00:00,0,1.9908333333333328,-12.721666666666666,42.826968302233276,38.36568481848187,24.928440045581823
2025-10-03 18:00:00,0,103.0425,25.04583333333333,102.19974219539347,119.09018895348831,75.18438710213002
2025-10-03 19:00:00,0,140.17999999999998,61.278333333333336,133.7187187102542,119.09018895348831,121.56539281004586
2025-10-03 20:00:00,0,169.02916666666667,62.12916666666666,158.42823201751227,252.6645802919708,146.8852632878686
2025-10-03 21:00:00,0,187.5458333333333,67.43166666666666,181.73687436502243,147.88931985294116,148.44766068557442
2025-10-03 22:00:00,0,242.28083333333333,66.44166666666666,192.06398637421574,147.88931985294116,142.96591855517988
2025-10-03 23:00:00,0,167.10166666666666,43.51416666666666,150.99124336730233,147.88931985294116,120.46438853431145
2025-10-04 00:00:00,0,121.09666666666668,24.20083333333333,128.2869129604701,119.47268998272891,109.56822894026593
2025-10-04 01:00:00,0,103.76333333333334,55.96666666666667,134.03594963640722,119.47268998272891,110.83888776609602
2025-10-04 02:00:00,0,102.66083333333334,53.77666666666667,108.95640902712793,109.38537499999997,101.10822718437713
2025-10-04 03:00:00,0,101.92416666666666,43.54166666666666,99.21333669504526,109.38537499999997,95.34501497166129
2025-10-04 04:00:00,0,106.8675,43.649166666666666,97.8207372476932,109.38537499999997,93.33188438799418
2025-10-04 05:00:00,0,101.91083333333334,60.906666666666666,94.45797350697104,109.38537499999997,91.76712194054024
2025-10-04 06:00:00,0,112.2725,69.08083333333333,83.86140739405005,109.38537499999997,87.48768050101077
2025-10-04 07:00:00,0,40.8075,36.9875,66.63613941573362,47.134360967184804,66.46622267900105
2025-10-04 08:00:00,0,-12.8275,-7.726666666666667,15.237348932365208,11.932702020202019,14.802973863650848
2025-10-04 09:00:00,0,-13.485,-9.044166666666667,-22.33642583527542,-9.694020618556694,-11.20605225161384
2025-10-04 10:00:00,0,-25.249166666666667,-12.847499999999998,-82.09175080298327,-66.84508849557525,-40.528652425617594
2025-10-04 11:00:00,0,-49.36166666666667,-20.33333333333333,-111.05551924314138,-66.84508849557525,-69.93280911573581
2025-10-04 12:00:00,0,-45.7425,-24.25,-115.68820324872631,-66.84508849557525,-78.18689547696167
2025-10-04 13:00:00,0,-40.61833333333333,-41.505,-112.45548387972703,-9.694020618556694,-77.28746847857715
2025-10-04 14:00:00,0,-49.365833333333335,-47.3325,-101.64989614108289,-66.84508849557525,-74.16599798074972
2025-10-04 15:00:00,0,-56.1575,-48.22166666666666,-84.81819031323981,-66.84508849557525,-60.632243794541324
2025-10-04 16:00:00,0,-24.3925,-40.90166666666666,-58.21662351999517,-26.486597222222226,-28.221355534923674
2025-10-04 17:00:00,0,17.1375,-17.3975,-1.9456762742011051,25.42318000000001,17.562672225758106
2025-10-04 18:00:00,0,93.75333333333332,20.106666666666666,49.838953426395605,47.134360967184804,59.25164547056289
2025-10-04 19:00:00,0,121.24583333333334,74.035,60.76535833048098,38.36568481848187,73.88010182088735
2025-10-04 20:00:00,0,89.885,13.7925,47.26582782076086,38.36568481848187,68.16621832069409
2025-10-04 21:00:00,0,38.266666666666666,45.78833333333333,24.083150108151244,38.36568481848187,51.0632983226035
2025-10-04 22:00:00,0,1.2308333333333332,61.55583333333333,-5.514301098543271,4.404958333333332,35.19172228676994
2025-10-04 23:00:00,0,-5.616666666666667,60.153333333333336,-32.88475536949096,4.404958333333332,27.732555215019346
2025-10-05 00:00:00,0,-6.5,60.38,-50.38920640071642,4.404958333333332,26.069816269805735
2025-10-05 01:00:00,0,-6.5,67.38166666666667,-54.316864641966575,-8.968726415094343,16.272397917126327
2025-10-05 02:00:00,0,-9.901666666666666,52.09166666666667,-84.73328554459876,-8.968726415094343,6.374653254178526
2025-10-05 03:00:00,0,-16.098333333333333,48.24416666666667,-107.79999424973316,-8.968726415094343,0.06505821021991665
2025-10-05 04:00:00,0,-11.326666666666668,68.27583333333332,-133.28996164917794,-8.968726415094343,-1.7371696030201917
2025-10-05 05:00:00,0,-12.101666666666668,71.26416666666667,-146.152867918605,-8.968726415094343,-0.4795958532937874
2025-10-05 06:00:00,0,-12.2875,76.80166666666666,-153.52588368308585,-8.968726415094343,3.006221045481908
2025-10-05 07:00:00,0,-12.1475,58.44916666666666,-161.57267880553263,-19.12269444444445,-0.005160317153183769
2025-10-05 08:00:00,0,-21.435,7.316666666666666,-169.84458486560698,-19.12269444444445,-8.368874331494922
2025-10-05 09:00:00,0,-30.58666666666667,-0.4558333333333333,-148.78893195906693,-19.12269444444445,-7.35565367986878
2025-10-05 10:00:00,0,-30.555,-11.855,-155.14343192019163,-19.12269444444445,-5.13487829178311
2025-10-05 11:00:00,0,-31.00333333333333,-14.3425,-154.0758843532475,-19.12269444444445,-3.5101921285378523
2025-10-05 12:00:00,0,-31.1975,-13.8625,-165.85323300329037,-39.63224899598396,-21.035011502010164
2025-10-05 13:00:00,0,-36.775,-14.094166666666666,-181.35689659761914,-39.63224899598396,-42.95316636178487
2025-10-05 14:00:00,0,-32.877500000000005,-10.96,-166.28278826856354,-39.63224899598396,-43.75089637189143
2025-10-05 15:00:00,0,-19.176666666666662,-11.075,-117.79168701149497,-19.12269444444445,-34.62257929251892
2025-10-05 16:00:00,0,-9.031666666666666,2.8775,-55.93846808319192,12.338110687022901,2.441575141934166
2025-10-05 17:00:00,0,-6.0575,37.439166666666665,18.025712182354894,47.134360967184804,37.6466218485311
2025-10-05 18:00:00,0,6.246666666666666,156.20166666666668,56.86479684520407,93.12987301587299,62.246741883557775
2025-10-05 19:00:00,0,-6.3125,182.7075,65.57903935097855,38.36568481848187,70.45972729530229
2025-10-05 20:00:00,0,-6.8075,161.1225,5.969921518226087,29.915153769841282,36.49237675773935
2025-10-05 21:00:00,0,-10.07,168.70333333333335,-24.020577988442994,4.404958333333332,29.115218678440847
2025-10-05 22:00:00,0,-6.5,144.70166666666668,-35.51659460837068,4.404958333333332,31.695704352444146
2025-10-05 23:00:00,0,-6.5,129.40583333333333,-45.8132641516557,-8.968726415094343,32.672904516340026
2025-10-06 00:00:00,0,-6.5,108.37416666666668,-52.235779043427854,-8.968726415094343,28.33365460334928
2025-10-06 01:00:00,0,-6.5,86.63916666666667,-50.097955090523655,-8.968726415094343,-3.9801967776673592
2025-10-06 02:00:00,0,-6.5,80.53166666666667,-67.22785342521213,-8.968726415094343,-5.531460271004065
2025-10-06 03:00:00,0,-6.5,80.50583333333333,-56.9355232402073,36.98501650165015,9.32895388785306
2025-10-06 04:00:00,0,-6.5,89.92333333333333,-45.68188498374748,36.98501650165015,24.16196734436234
2025-10-06 05:00:00,0,-1.2166666666666666,36.29,-20.114205077348302,36.98501650165015,45.28177964450263
2025-10-06 06:00:00,0,23.6375,17.961666666666666,29.479783320983145,69.8422796143251,77.02324144861919
2025-10-06 07:00:00,0,28.88083333333333,7.435833333333334,68.16525952073383,38.36568481848187,93.5867234869246
2025-10-06 08:00:00,0,53.56166666666667,-8.914166666666667,46.746985715106504,38.36568481848187,67.6379230845412
2025-10-06 09:00:00,0,55.064166666666665,-13.5725,28.68248659381137,38.36568481848187,47.41884403885143
2025-10-06 10:00:00,0,4.610833333333333,-23.23583333333333,-12.09294981557413,12.338110687022901,25.172120373707024
2025-10-06 11:00:00,0,-4.754166666666666,-29.945833333333336,-35.04495599791382,-9.15596256684492,11.909318798858905
2025-10-06 12:00:00,0,-2.265,-33.6525,-34.72056315355893,-9.15596256684492,12.157627263724038
2025-10-06 13:00:00,0,-9.845833333333331,-18.933333333333334,-37.870993048661944,-26.486597222222226,13.843464162270763
2025-10-06 14:00:00,0,-9.62,-21.015,-38.48588018228287,-26.486597222222226,14.311762748024563
2025-10-06 15:00:00,0,43.62083333333334,-11.914166666666668,-23.359177882605948,-26.486597222222226,17.237651377045964
2025-10-06 16:00:00,0,47.740833333333335,13.4575,10.365269904745475,25.42318000000001,36.71716211462018
2025-10-06 17:00:00,0,77.57416666666667,86.7575,73.4746378739236,69.35841981132074,78.39312349143174
2025-10-06 18:00:00,0,101.19666666666669,198.47333333333336,151.7823038141824,119.09018895348831,140.77137578631368
2025-10-06 19:00:00,0,120.56583333333332,172.51166666666666,185.59351327282144,147.88931985294116,178.5165764441404
2025-10-06 20:00:00,0,116.42083333333332,130.95833333333334,206.5700323709857,147.88931985294116,196.96964542959142
2025-10-06 21:00:00,0,123.56583333333332,136.17916666666665,210.1096521803304,147.88931985294116,189.26107785818573
2025-10-06 22:00:00,0,137.15333333333334,120.59250000000002,165.08374243054945,119.47268998272891,157.73290527182562
2025-10-06 23:00:00,0,141.98166666666663,165.08166666666668,127.43417008986805,119.47268998272891,136.25195215207418
2025-10-07 00:00:00,0,145.42666666666665,106.40833333333336,129.4122226199175,119.47268998272891,138.46432640560045
2025-10-07 01:00:00,0,148.94583333333333,87.235,152.1131622002806,119.47268998272891,113.04822218045942
2025-10-07 02:00:00,0,135.1175,73.62916666666666,134.04952999692995,109.38537499999997,108.83643913223119
2025-10-07 03:00:00,0,113.92666666666668,83.50916666666667,112.7345692765782,91.626006006006,104.34412892034766
2025-10-07 04:00:00,0,123.97666666666667,74.46166666666667,105.24631576865617,118.2558262108262,106.65506113739107
2025-10-07 05:00:00,0,150.72583333333333,66.3925,113.06374254230508,109.38537499999997,117.22108250853825
2025-10-07 06:00:00,0,195.26416666666668,79.935,138.58125358577055,119.47268998272891,135.36054448031038
2025-10-07 07:00:00,0,189.2975,5.069999999999999,149.77513452462014,119.09018895348831,116.7528374025217
2025-10-07 08:00:00,0,99.3925,9.851666666666668,131.29816887624443,69.35841981132074,76.19193937087887
2025-10-07 09:00:00,0,31.406666666666663,9.5325,38.27070219902325,47.134360967184804,13.662641844243637
2025-10-07 10:00:00,0,-18.5925,-1.8791666666666669,-44.49481997038281,-9.15596256684492,-10.752657518307217
2025-10-07 11:00:00,0,-33.51833333333334,-3.751666666666667,-61.16700470850084,-26.486597222222226,-27.645276603595093
2025-10-07 12:00:00,0,-40.98,-1.3591666666666669,-73.51790846127356,-26.486597222222226,-40.652083554184316
2025-10-07 13:00:00,0,-43.99,-2.6725,-95.09453202293922,-66.84508849557525,-56.33747528260693
2025-10-07 14:00:00,0,-55.20583333333334,-6.974166666666666,-100.84587452932892,-66.84508849557525,-50.887414777600895
2025-10-07 15:00:00,0,-52.80583333333333,-7.509166666666666,-83.157673887547,-26.486597222222226,-38.00030872331024
2025-10-07 16:00:00,0,-33.347500000000004,-8.174999999999999,-42.77348832521206,-26.486597222222226,-10.701027792900376
2025-10-07 17:00:00,0,-17.395833333333332,-0.4000000000000003,22.018141829831208,12.338110687022901,24.34817063482383
2025-10-07 18:00:00,0,58.70916666666667,100.31333333333332,108.72729200003899,93.12987301587299,88.81564459892125
2025-10-07 19:00:00,0,114.6925,126.9875,133.66306115880985,147.88931985294116,131.3458890343698
2025-10-07 20:00:00,0,121.49416666666669,113.6475,150.55747291300906,147.88931985294116,153.10751933216932
2025-10-07 21:00:00,0,116.68416666666668,85.36416666666666,128.21848334878118,119.47268998272891,127.6149693457307
2025-10-07 22:00:00,0,137.99,79.37,97.24062633135776,119.47268998272891,102.02564921784946
2025-10-07 23:00:00,0,119.38333333333333,46.11083333333334,63.41015509993333,85.63995993589744,85.92878105157757
2025-10-08 00:00:00,0,98.3425,5.950833333333333,56.1561443358768,69.8422796143251,87.61069625720408
2025-10-08 01:00:00,0,84.625,8.121666666666666,53.41388556826582,69.8422796143251,62.073613850930684
2025-10-08 02:00:00,0,77.97833333333334,1.0616666666666663,21.40249710518455,36.98501650165015,47.89150924878429
2025-10-08 03:00:00,0,60.69583333333333,-9.033333333333331,-0.7345681133550386,36.98501650165015,40.285488507360455
2025-10-08 04:00:00,0,19.0,-10.0,-15.242153098206458,36.98501650165015,36.412002592556085
2025-10-08 05:00:00,0,49.70583333333334,-10.0,-8.407020571238377,36.98501650165015,40.16172769309685
2025-10-08 06:00:00,0,100.6225,-10.0,27.705618799348905,38.36568481848187,52.447839704971365
2025-10-08 07:00:00,0,88.8125,-10.0,69.87484438741797,62.2001294498382,52.00712282958331
2025-10-08 08:00:00,0,13.314166666666669,-14.82,51.037044441529346,38.36568481848187,34.63909918200036
2025-10-08 09:00:00,0,-2.395833333333333,-14.6625,17.47952228535226,38.36568481848187,12.03418773396352
2025-10-08 10:00:00,0,-8.899166666666668,-13.896666666666668,-45.57035551472468,-9.15596256684492,-13.23513819890863
2025-10-08 11:00:00,0,-14.488333333333337,-14.0,-97.67773979934877,-39.63224899598396,-44.28678220657119
2025-10-08 12:00:00,0,-16.5775,-15.500833333333333,-137.61122842921196,-39.63224899598396,-63.068676577948764
2025-10-08 13:00:00,0,-13.380833333333332,-14.5625,-133.92651420509998,-39.63224899598396,-58.58026001243783
2025-10-08 14:00:00,0,-18.4275,-11.64,-110.76082417462293,-39.63224899598396,-52.40643171142759
2025-10-08 15:00:00,0,-22.48333333333333,-15.905,-79.57962780017421,-39.63224899598396,-49.77714448136447
2025-10-08 16:00:00,0,-14.441666666666668,-14.466666666666669,-6.168683814528592,-9.15596256684492,-12.127793301151797
2025-10-08 17:00:00,0,-16.495833333333334,-9.918333333333331,46.594869523683236,38.36568481848187,24.281453940767967
2025-10-08 18:00:00,0,-6.843333333333334,-0.2541666666666667,119.72970696401183,93.12987301587299,79.49484864050616
2025-10-08 19:00:00,0,63.0525,19.309166666666663,156.91076548370023,147.88931985294116,121.50822743828743
2025-10-08 20:00:00,0,78.71499999999999,36.73333333333333,180.05867663209696,147.88931985294116,125.82959173838258
2025-10-08 21:00:00,0,71.0925,11.769166666666663,158.14722949359745,119.47268998272891,118.3683785809358
2025-10-08 22:00:00,0,49.73333333333333,-4.4675,124.30353437879856,119.47268998272891,107.92473373691618
2025-10-08 23:00:00,0,45.0025,-5.409166666666667,86.97487010651308,109.38537499999997,92.70396770965455
2025-10-09 00:00:00,0,38.16583333333333,0.4174999999999998,72.62428768893756,109.38537499999997,90.38450978783278
2025-10-09 01:00:00,0,25.67083333333333,-2.015,50.76812061096526,85.63995993589744,61.635721907534034
2025-10-09 02:00:00,0,8.284166666666666,-9.6575,5.287753400078486,36.98501650165015,36.25876137225424
2025-10-09 03:00:00,0,9.658333333333331,-10.0,-22.3166391400689,36.98501650165015,21.06413437524769
2025-10-09 04:00:00,0,1.5741666666666667,-10.0,-37.421560520619096,36.98501650165015,17.675768915427255
2025-10-09 05:00:00,0,-3.8475,-10.399166666666666,-21.90723570814926,36.98501650165015,27.187392067217843
2025-10-09 06:00:00,0,32.55416666666667,-10.0,8.40479966950231,38.36568481848187,44.057249951252764
2025-10-09 07:00:00,0,15.8425,-9.683333333333334,23.32225049801309,38.36568481848187,33.48774030558502
2025-10-09 08:00:00,0,-8.219166666666666,-10.030833333333334,5.809942518961805,12.338110687022901,10.403043443873045
2025-10-09 09:00:00,0,-18.56583333333333,-12.014166666666666,-52.416092192665886,-9.15596256684492,-16.051056661967934
2025-10-09 10:00:00,0,-28.695000000000004,-16.144166666666667,-120.10916158050891,-39.63224899598396,-28.346177213192988
2025-10-09 11:00:00,0,-26.5775,-15.500833333333333,-156.84907739082826,-39.63224899598396,-41.22000211772732
2025-10-09 12:00:00,0,-23.561666666666667,-11.1475,-125.7204156013443,-39.63224899598396,-46.07816736723154
2025-10-09 13:00:00,0,-43.72916666666666,-11.516666666666666,-121.16944188938076,-39.63224899598396,-50.68203758421561
2025-10-09 14:00:00,0,-45.028333333333336,-9.705833333333333,-104.00597460139328,-39.63224899598396,-53.42622388911991
2025-10-09 15:00:00,0,-43.85916666666666,-8.620833333333334,-81.24985733719022,-39.63224899598396,-42.096400295451474
2025-10-09 16:00:00,0,-46.00083333333333,-10.0,-60.3344203527498,-19.12269444444445,-33.12687468000206
2025-10-09 17:00:00,0,-16.88,-7.828333333333333,-6.533378807712339,12.338110687022901,-5.615276539874628
2025-10-09 18:00:00,0,-8.184166666666666,25.92,55.192927926948,62.2001294498382,32.63991123619755
2025-10-09 19:00:00,0,63.245000000000005,77.1675,95.54042414553646,62.2001294498382,73.2192628308445
2025-10-09 20:00:00,0,64.40166666666667,76.68166666666666,106.95134657240916,119.09018895348831,83.93918105010962
2025-10-09 21:00:00,0,40.87,74.9675,86.03489372618887,62.2001294498382,63.70159745112701
2025-10-09 22:00:00,0,24.359166666666667,60.67083333333333,45.900549879142346,62.2001294498382,48.367000344584504
2025-10-09 23:00:00,0,-0.6383333333333333,43.4825,4.1951596498803525,61.27612211221124,37.450613080364704
2025-10-10 00:00:00,0,0.5533333333333331,32.42666666666667,-10.939245426238742,61.27612211221124,35.80695868866095
2025-10-10 01:00:00,0,-6.278333333333333,10.305,-28.61132335646127,-8.968726415094343,7.096988865725407
2025-10-10 02:00:00,0,-6.5,5.574166666666666,-61.90196740757197,-8.968726415094343,-3.9678574654856504
2025-10-10 03:00:00,0,-6.5,8.596666666666666,-85.83715714859055,-8.968726415094343,-10.179003900005668
2025-10-10 04:00:00,0,-6.5,7.376666666666666,-110.85971259559467,-8.968726415094343,-7.119247552210041
2025-10-10 05:00:00,0,-7.6191666666666675,10.895,-116.57387439751999,-8.968726415094343,0.134955058563051
2025-10-10 06:00:00,0,-3.675,15.945833333333333,-83.25364593489063,10.420995726495725,12.637835385740345
2025-10-10 07:00:00,0,-9.220833333333331,10.361666666666666,-36.5822074980653,10.420995726495725,13.80827007446922
2025-10-10 08:00:00,0,-43.98666666666667,12.591666666666669,-47.60165235021394,29.915153769841282,-2.9391240707458195
2025-10-10 09:00:00,0,-48.53083333333333,-4.535833333333334,-115.25255493929517,-19.12269444444445,-15.94236707705177
2025-10-10 10:00:00,0,-47.17250000000001,-10.140833333333331,-145.1824537915943,-19.12269444444445,-15.275167847596919
2025-10-10 11:00:00,0,-46.335,-13.660833333333334,-176.67217884570573,-19.12269444444445,-11.70288091774286
2025-10-10 12:00:00,0,-52.806666666666665,-13.390833333333331,-170.29073020495707,-19.12269444444445,-15.388504590103523
2025-10-10 13:00:00,0,-64.2275,-13.730833333333331,-177.94805069949763,-39.63224899598396,-20.241132758935905
2025-10-10 14:00:00,0,-67.37166666666667,-14.281666666666666,-183.54836650835722,-39.63224899598396,-26.473881673717088
2025-10-10 15:00:00,0,-61.17,-13.735833333333332,-161.2629703989922,-39.63224899598396,-34.00763277512519
2025-10-10 16:00:00,0,-34.611666666666665,-9.414166666666668,-133.34023953291694,-19.12269444444445,-33.01029221504787
2025-10-10 17:00:00,0,-21.865,1.9908333333333328,-68.68976346543543,-19.12269444444445,-18.73070079105166
2025-10-10 18:00:00,0,-31.846666666666664,103.0425,-2.29174299362343,29.915153769841282,17.350226355519737
2025-10-10 19:00:00,0,-11.550833333333332,140.17999999999998,45.46135410837819,29.915153769841282,50.28227532466221
2025-10-10 20:00:00,0,-6.5,169.02916666666667,45.85483358199826,38.36568481848187,52.84195642336703
2025-10-10 21:00:00,0,-5.2425,187.5458333333333,45.608204209935025,38.36568481848187,53.477719411318894
2025-10-10 22:00:00,0,-6.5,242.28083333333333,24.594018632263285,61.27612211221124,45.17499031543539
2025-10-10 23:00:00,0,-6.5,167.10166666666666,-3.140507292024381,61.27612211221124,38.281816586729455
2025-10-11 00:00:00,0,-0.9333333333333332,121.09666666666668,-7.144204092994002,61.27612211221124,43.31176721775151
2025-10-11 01:00:00,0,-3.45,103.76333333333334,19.28862484469998,61.27612211221124,48.380113478876794
2025-10-11 02:00:00,0,-5.398333333333333,102.66083333333334,-1.6572567073922215,36.98501650165015,39.48944193530437
2025-10-11 03:00:00,0,-5.616666666666667,101.92416666666666,-11.476148730943237,36.98501650165015,37.45750650523178
2025-10-11 04:00:00,0,0.7958333333333334,106.8675,-16.81820799030382,36.98501650165015,34.79979980816903
2025-10-11 05:00:00,0,2.958333333333333,101.91083333333334,-9.225359389102834,36.98501650165015,36.20247676682778
2025-10-11 06:00:00,0,32.339166666666664,112.2725,-1.1758799724328668,61.27612211221124,37.45775686574343
2025-10-11 07:00:00,0,-0.389166666666667,40.8075,-13.623796749070934,12.338110687022901,17.76845785581625
2025-10-11 08:00:00,0,-9.314166666666669,-12.8275,-46.56682296086514,-9.15596256684492,-11.959187575146018
2025-10-11 09:00:00,0,-11.305833333333332,-13.485,-86.37014276490042,-39.63224899598396,-30.146276399989915
2025-10-11 10:00:00,0,-22.934166666666663,-25.249166666666667,-117.13228761443288,-39.63224899598396,-32.23821823397057
2025-10-11 11:00:00,0,-26.35,-49.36166666666667,-146.17241577775854,-66.84508849557525,-40.99668140367288
2025-10-11 12:00:00,0,-31.47666666666667,-45.7425,-168.1293176727139,-66.84508849557525,-37.14402008625848
2025-10-11 13:00:00,0,-36.46416666666666,-40.61833333333333,-178.14497723832199,-66.84508849557525,-22.510852487344494
2025-10-11 14:00:00,0,-30.558333333333334,-49.365833333333335,-171.47506956961308,-66.84508849557525,-26.10325568345054
2025-10-11 15:00:00,0,-20.28833333333333,-56.1575,-162.61290985736144,-66.84508849557525,-25.49242116188057
2025-10-11 16:00:00,0,-15.889166666666666,-24.3925,-123.00105428525517,-39.63224899598396,-35.66552954586474
2025-10-11 17:00:00,0,-10.2375,17.1375,-76.61899791461254,-19.12269444444445,-23.062862054835733
2025-10-11 18:00:00,0,0.3724999999999999,93.75333333333332,-0.33512990853741087,12.338110687022901,16.263591825346253
2025-10-11 19:00:00,0,8.031666666666666,121.24583333333334,79.55656349958186,93.12987301587299,76.38606097653388
2025-10-11 20:00:00,0,63.965,89.885,64.17896488835235,119.47268998272891,84.46892356438984
2025-10-11 21:00:00,0,59.86833333333333,38.266666666666666,81.91120116876816,119.47268998272891,89.84679761160007
2025-10-11 22:00:00,0,71.3925,1.2308333333333332,90.80161406935599,109.38537499999997,89.98699440951863
2025-10-11 23:00:00,0,82.13833333333334,-5.616666666666667,87.57133309200046,109.38537499999997,84.82639146398097
2025-10-12 00:00:00,0,77.04083333333334,-6.5,90.63970383015089,109.38537499999997,85.92259083973316
2025-10-12 01:00:00,0,39.41166666666667,-6.5,110.2626476024565,109.38537499999997,84.8663567818766
2025-10-12 02:00:00,0,9.723333333333333,-9.901666666666666,69.43551471306938,83.09939567430024,73.12606307952474
2025-10-12 03:00:00,0,35.04416666666666,-16.098333333333333,38.325782385810385,54.631325000000004,61.27148913912265
2025-10-12 04:00:00,0,20.764166666666664,-11.326666666666668,28.763054944679403,54.631325000000004,53.949839154983245
2025-10-12 05:00:00,0,36.48833333333334,-12.101666666666668,19.320959575134466,54.631325000000004,47.2815875385637
2025-10-12 06:00:00,0,69.92583333333333,-12.2875,24.692875895903818,69.8422796143251,47.746460483000355
2025-10-12 07:00:00,0,22.180833333333336,-12.1475,21.344921278687934,11.932702020202019,24.68353491870741
2025-10-12 08:00:00,0,78.66166666666668,-21.435,23.453264519562225,11.932702020202019,8.160335753368273
2025-10-12 09:00:00,0,8.106666666666667,-30.58666666666667,-6.458839576787696,11.932702020202019,-4.066595172067252
2025-10-12 10:00:00,0,-8.8125,-30.555,-31.85311490410649,-26.486597222222226,-4.805730179859296
2025-10-12 11:00:00,0,-10.243333333333334,-31.00333333333333,-65.76942452247498,-26.486597222222226,-16.990229185617764
2025-10-12 12:00:00,0,-14.128333333333332,-31.1975,-114.05781908940308,-66.84508849557525,-20.62077995895052
2025-10-12 13:00:00,0,-18.688333333333333,-36.775,-110.50021009309528,-39.63224899598396,-26.513324991819175
2025-10-12 14:00:00,0,-24.3325,-32.877500000000005,-110.06156823676092,-39.63224899598396,-44.828794205658994
2025-10-12 15:00:00,0,-30.495,-19.176666666666662,-113.82830617472611,-39.63224899598396,-57.15404556223396
2025-10-12 16:00:00,0,-26.21083333333333,-9.031666666666666,-100.1258393766661,-39.63224899598396,-38.93830005453967
2025-10-12 17:00:00,0,-18.336666666666662,-6.0575,-0.4321720919499512,12.338110687022901,-1.800723458303409
2025-10-12 18:00:00,0,33.3925,6.246666666666666,93.24327482915618,62.2001294498382,29.399842915875645
2025-10-12 19:00:00,0,95.06916666666666,-6.3125,113.03289736104668,62.2001294498382,47.7431164816209
2025-10-12 20:00:00,0,96.605,-6.8075,91.69246024533373,29.915153769841282,38.98437272491553
2025-10-12 21:00:00,0,97.59,-10.07,82.24184986252568,29.915153769841282,31.836012170425157
2025-10-12 22:00:00,0,77.96249999999999,-6.5,70.63178173468664,62.2001294498382,34.72295721651205
2025-10-12 23:00:00,0,88.8625,-6.5,50.217852648621516,36.98501650165015,29.206010221898076
2025-10-13 00:00:00,0,95.3325,-6.5,51.81179331556859,36.98501650165015,37.51455426487151
2025-10-13 01:00:00,0,96.4125,-6.5,71.40844614985211,69.8422796143251,66.7129464651042
2025-10-13 02:00:00,0,104.84499999999998,-6.5,63.60189953497856,69.8422796143251,73.80895106412966
2025-10-13 03:00:00,0,107.4275,-6.5,57.649659396300365,85.63995993589744,80.64003937882983
2025-10-13 04:00:00,0,126.63583333333334,-6.5,60.1917274460767,85.63995993589744,89.48944362758878
2025-10-13 05:00:00,0,174.63083333333336,-1.2166666666666666,57.74121147442435,85.63995993589744,107.81737345495202
2025-10-13 06:00:00,0,232.775,23.6375,92.45668595518352,147.88931985294116,138.8913929008267
2025-10-13 07:00:00,0,167.95833333333334,28.88083333333333,123.107051216396,119.09018895348831,138.2808177430494
2025-10-13 08:00:00,0,113.50583333333331,53.56166666666667,112.30128515565146,147.88931985294116,101.38639270623501
2025-10-13 09:00:00,0,65.24083333333333,55.064166666666665,74.18343569403861,69.35841981132074,57.63016249558963
2025-10-13 10:00:00,0,31.62833333333333,4.610833333333333,45.46126559137568,11.932702020202019,43.42299883802794
2025-10-13 11:00:00,0,26.94583333333333,-4.754166666666666,34.267754194966436,11.932702020202019,41.42341739308382
2025-10-13 12:00:00,0,-5.355,-2.265,5.523199364391303,-9.694020618556694,28.62406983987225
2025-10-13 13:00:00,0,-12.6975,-9.845833333333331,1.567523250416528,-9.694020618556694,23.84327149612524
2025-10-13 14:00:00,0,-17.155,-9.62,-12.117001786867249,-9.694020618556694,22.013525840893692
2025-10-13 15:00:00,0,-13.856666666666667,43.62083333333334,-1.6152665518186495,-9.694020618556694,29.810080253635306
2025-10-13 16:00:00,0,-11.020833333333334,47.740833333333335,43.30963995642119,-9.694020618556694,53.34656005650776
2025-10-13 17:00:00,0,-8.362499999999999,77.57416666666667,125.51727377460708,47.134360967184804,98.185745045568
2025-10-13 18:00:00,0,148.17666666666665,101.19666666666669,191.57533334619757,119.47268998272891,146.49135137093808
2025-10-13 19:00:00,0,161.57,120.56583333333332,196.3645716903287,147.88931985294116,178.46560060624302
2025-10-13 20:00:00,0,157.1858333333333,116.42083333333332,189.41975990559118,147.88931985294116,185.12699326657145
2025-10-13 21:00:00,0,140.8975,123.56583333333332,202.60936584281188,147.88931985294116,184.96407479622206
2025-10-13 22:00:00,0,116.77416666666666,137.15333333333334,184.62472214540009,119.47268998272891,168.925807175627
2025-10-13 23:00:00,0,111.95083333333334,141.98166666666663,160.88569674617514,119.47268998272891,145.3513340102969
2025-10-14 00:00:00,0,99.0675,145.42666666666665,117.28844359565868,119.47268998272891,133.10638100641597
2025-10-14 01:00:00,0,78.04583333333333,148.94583333333333,122.55492590074127,91.626006006006,106.34557157047664
2025-10-14 02:00:00,0,59.645833333333336,135.1175,88.23177507739393,91.626006006006,92.24089273921473
2025-10-14 03:00:00,0,49.49166666666667,113.92666666666668,61.12276500144593,85.63995993589744,79.25944852665633
2025-10-14 04:00:00,0,55.056666666666665,123.97666666666667,49.97833313715265,69.8422796143251,80.54678789501978
2025-10-14 05:00:00,0,77.03916666666667,150.72583333333333,51.184445607815306,69.8422796143251,86.49226424964051
2025-10-14 06:00:00,0,104.20666666666666,195.26416666666668,86.24451189865738,119.09018895348831,103.64249064681128
2025-10-14 07:00:00,0,114.33416666666666,189.2975,87.40031627708143,95.3574300254453,92.84422326275372
2025-10-14 08:00:00,0,35.4975,99.3925,86.80148062300063,119.09018895348831,69.83080988449959
2025-10-14 09:00:00,0,-1.4400000000000002,31.406666666666663,8.496623254680898,29.915153769841282,22.104866211296923
2025-10-14 10:00:00,0,-11.770833333333334,-18.5925,-31.648084572833085,-9.15596256684492,-1.034543475542307
2025-10-14 11:00:00,0,-17.235833333333332,-33.51833333333334,-54.69792315690073,-9.15596256684492,-13.412056496099865
2025-10-14 12:00:00,0,-20.660833333333333,-40.98,-81.19518417585955,-26.486597222222226,-31.99467411380313
2025-10-14 13:00:00,0,-24.941666666666663,-43.99,-90.28428650520847,-26.486597222222226,-45.73784762944402
2025-10-14 14:00:00,0,-22.71333333333333,-55.20583333333334,-82.41486067494121,-66.84508849557525,-45.04525696089877
2025-10-14 15:00:00,0,-14.474166666666669,-52.80583333333333,-58.39734895891716,-26.486597222222226,-26.04780871805204
2025-10-14 16:00:00,0,-13.541666666666666,-33.347500000000004,-17.71482320385961,-26.486597222222226,3.938282886170356
2025-10-14 17:00:00,0,-4.190833333333333,-17.395833333333332,39.09411093315812,25.42318000000001,47.24685160273588
2025-10-14 18:00:00,0,106.00583333333331,58.70916666666667,117.21331714822675,119.47268998272891,100.82497951664733
2025-10-14 19:00:00,0,151.93333333333334,114.6925,145.57247941677377,147.88931985294116,132.78875208150026
2025-10-14 20:00:00,0,145.1858333333333,121.49416666666669,168.4870568567137,147.88931985294116,158.37697928805224
2025-10-14 21:00:00,0,144.3141666666667,116.68416666666668,159.69841047049403,119.47268998272891,153.6039738391058
2025-10-14 22:00:00,0,153.53166666666667,137.99,143.19878019682182,119.47268998272891,140.00261383594625
2025-10-14 23:00:00,0,149.91666666666666,119.38333333333333,103.87233768939396,119.47268998272891,120.97044405135324
2025-10-15 00:00:00,0,176.17416666666668,98.3425,80.91872025930095,119.47268998272891,117.74626319894418
2025-10-15 01:00:00,0,163.9275,84.625,106.63635968561768,91.626006006006,101.02728560106758
2025-10-15 02:00:00,0,158.61083333333332,77.97833333333334,102.97119332609404,109.38537499999997,103.20236178467911
2025-10-15 03:00:00,0,144.58583333333334,60.69583333333333,100.90345545629236,109.38537499999997,106.57469427195619
2025-10-15 04:00:00,0,136.26833333333337,19.0,107.00271089978531,109.38537499999997,112.30271862819409
2025-10-15 05:00:00,0,184.77166666666668,49.70583333333334,110.99599421011885,109.38537499999997,124.41098954643664
2025-10-15 06:00:00,0,225.2508333333333,100.6225,135.76369767109097,119.47268998272891,150.40518173157233
2025-10-15 07:00:00,0,144.87166666666667,88.8125,132.1112069628505,147.88931985294116,121.1471349173286
2025-10-15 08:00:00,0,6.9558333333333335,13.314166666666669,96.81015184877542,89.49258333333333,61.258691577039315
2025-10-15 09:00:00,0,-5.05,-2.395833333333333,34.47298030553316,11.932702020202019,12.484369197502616
2025-10-15 10:00:00,0,-9.525,-8.899166666666668,-20.446488544305012,-9.694020618556694,-16.43844093761318
2025-10-15 11:00:00,0,-10.326666666666666,-14.488333333333337,-48.75039059575421,-9.694020618556694,-33.25215229024292
2025-10-15 12:00:00,0,-12.463333333333331,-16.5775,-54.609427971405,-9.694020618556694,-35.90975023604308
2025-10-15 13:00:00,0,-10.578333333333331,-13.380833333333332,-52.188828242295855,-9.694020618556694,-36.15740916335065
2025-10-15 14:00:00,0,-11.071666666666667,-18.4275,-53.400934186657295,-9.694020618556694,-40.38552972242081
2025-10-15 15:00:00,0,-10.4225,-22.48333333333333,-49.70925781434953,-26.486597222222226,-33.042697810668216
2025-10-15 16:00:00,0,15.938333333333333,-14.441666666666668,-21.93393386514738,-26.486597222222226,-9.022557810308541
2025-10-15 17:00:00,0,91.87416666666668,-16.495833333333334,19.000032221096987,47.134360967184804,23.319453527004143
2025-10-15 18:00:00,0,222.2725,-6.843333333333334,58.50376254437792,38.36568481848187,63.30453841670375
2025-10-15 19:00:00,0,233.00583333333336,63.0525,99.63792147858304,119.09018895348831,111.60976512714223
2025-10-15 20:00:00,0,205.04666666666665,78.71499999999999,128.06153467974596,147.88931985294116,135.95759380866434
2025-10-15 21:00:00,0,187.7458333333333,71.0925,124.20860818746115,119.47268998272891,134.53400977577084
2025-10-15 22:00:00,0,140.64916666666667,49.73333333333333,116.18161080185804,119.47268998272891,124.65999717428662
2025-10-15 23:00:00,0,116.66833333333334,45.0025,99.14864207108354,109.38537499999997,112.5962986867857
2025-10-16 00:00:00,0,92.30666666666669,38.16583333333333,79.76169012031446,109.38537499999997,106.94480009957273
2025-10-16 01:00:00,0,57.403333333333336,25.67083333333333,80.66061690353541,109.38537499999997,86.40446676495823
2025-10-16 02:00:00,0,1.7433333333333332,8.284166666666666,22.673982467663123,69.8422796143251,58.2551461805408
2025-10-16 03:00:00,0,-6.5,9.658333333333331,-29.806380730076043,61.27612211221124,25.184550999773677
2025-10-16 04:00:00,0,-6.5,1.5741666666666667,-62.10020467588056,-8.968726415094343,7.722883229729717
2025-10-16 05:00:00,0,-4.413333333333333,-3.8475,-67.9570884739798,4.404958333333332,8.160207044332864
2025-10-16 06:00:00,0,15.5075,32.55416666666667,-51.03138817201817,10.420995726495725,19.579697838650432
2025-10-16 07:00:00,0,2.1283333333333334,15.8425,-36.8956163922701,10.420995726495725,15.652799900321185
2025-10-16 08:00:00,0,-13.263333333333334,-8.219166666666666,-86.68192588180959,-19.12269444444445,-1.6712156419134203
2025-10-16 09:00:00,0,-14.023333333333332,-18.56583333333333,-124.67870477381832,-19.12269444444445,-13.58905118265659
2025-10-16 10:00:00,0,-20.299166666666665,-28.695000000000004,-168.01529549673154,-39.63224899598396,-24.193940210733473
2025-10-16 11:00:00,0,-20.44083333333333,-26.5775,-182.64858181640153,-39.63224899598396,-31.275636672036015
2025-10-16 12:00:00,0,-20.371666666666663,-23.561666666666667,-178.35193244035509,-39.63224899598396,-32.7984720613603
2025-10-16 13:00:00,0,-17.162499999999998,-43.72916666666666,-149.71815999878538,-39.63224899598396,-50.55713049095834
2025-10-16 14:00:00,0,-9.944166666666666,-45.028333333333336,-81.1527929446987,-19.12269444444445,-39.960394828827646
2025-10-16 15:00:00,0,-1.6316666666666666,-43.85916666666666,-20.530683159815936,29.915153769841282,-2.521664445904179
2025-10-16 16:00:00,0,37.59333333333333,-46.00083333333333,0.793970813869521,29.915153769841282,15.254650591227417
2025-10-16 17:00:00,0,3.893333333333333,-16.88,27.706301990485997,38.36568481848187,37.93532214964093
2025-10-16 18:00:00,0,94.10833333333332,-8.184166666666666,59.94567028811496,38.36568481848187,84.12385240732743
2025-10-16 19:00:00,0,115.31833333333331,63.245000000000005,100.75084458279969,147.88931985294116,111.38002023596897
2025-10-16 20:00:00,0,147.23416666666665,64.40166666666667,55.106914072798396,38.36568481848187,81.83968983139256
2025-10-16 21:00:00,0,148.3675,40.87,55.748801323467106,38.36568481848187,81.43820401760625
2025-10-16 22:00:00,0,105.6125,24.359166666666667,58.42372729829211,93.12987301587299,84.50076785984919
2025-10-16 23:00:00,0,103.46416666666666,-0.6383333333333333,42.30977775320813,85.63995993589744,78.66173468376446
2025-10-17 00:00:00,0,134.74083333333334,0.5533333333333331,33.483853858763524,85.63995993589744,77.03801123352446
2025-10-17 01:00:00,0,90.3675,-6.278333333333333,50.223802865727784,85.63995993589744,59.61113516041948
2025-10-17 02:00:00,0,65.66166666666666,-6.5,34.4447001790478,85.63995993589744,53.15275547144665
2025-10-17 03:00:00,0,54.0925,-6.5,10.730270619037668,54.631325000000004,40.66044256383846
2025-10-17 04:00:00,0,55.72166666666666,-6.5,9.232956576325194,54.631325000000004,43.49789320654258
2025-10-17 05:00:00,0,60.45,-7.6191666666666675,27.59952395247975,85.63995993589744,62.35020049834816
2025-10-17 06:00:00,0,70.70666666666666,-3.675,59.12970228998077,119.47268998272891,85.56924305287393
2025-10-17 07:00:00,0,89.38333333333333,-9.220833333333331,73.79910798366643,119.47268998272891,68.56381663195063
2025-10-17 08:00:00,0,30.489166666666662,-43.98666666666667,18.319079726893108,12.338110687022901,5.066095630507704
2025-10-17 09:00:00,0,-15.0725,-48.53083333333333,-21.114388970766072,-9.15596256684492,-14.216301071004139
2025-10-17 10:00:00,0,-9.288333333333332,-47.17250000000001,-41.47153962544782,-9.15596256684492,-25.83393663030934
2025-10-17 11:00:00,0,-2.0283333333333333,-46.335,-64.81262592114807,-26.486597222222226,-43.48891176721537
2025-10-17 12:00:00,0,-21.201666666666664,-52.806666666666665,-76.21340575389645,-26.486597222222226,-53.61595970260808
2025-10-17 13:00:00,0,-27.883333333333336,-64.2275,-84.56533387493373,-26.486597222222226,-66.53135084816228
2025-10-17 14:00:00,0,-25.304166666666664,-67.37166666666667,-77.72270651586307,-26.486597222222226,-61.25407215812288
2025-10-17 15:00:00,0,-33.75666666666667,-61.17,-53.647345603425876,-26.486597222222226,-50.125610167945666
2025-10-17 16:00:00,0,-7.258333333333333,-34.611666666666665,3.25735329311253,25.42318000000001,-13.548898655873785
2025-10-17 17:00:00,0,6.45,-21.865,25.608011519098305,47.134360967184804,3.5124295262638157
2025-10-17 18:00:00,0,73.42416666666666,-31.846666666666664,109.79570214946743,69.35841981132074,56.21970262881605
2025-10-17 19:00:00,0,106.91166666666668,-11.550833333333332,137.43503784959594,119.47268998272891,91.69376907847436
2025-10-17 20:00:00,0,107.5475,-6.5,187.77624975381497,119.47268998272891,120.24327795956373
2025-10-17 21:00:00,0,112.6925,-5.2425,194.86814325488507,119.47268998272891,115.47836406467707
2025-10-17 22:00:00,0,109.81166666666668,-6.5,218.93997107964913,119.47268998272891,112.48310314845531
2025-10-17 23:00:00,0,114.33666666666666,-6.5,138.28926504845668,118.2558262108262,86.72626365954969
2025-10-18 00:00:00,0,110.66833333333334,-0.9333333333333332,84.05490605857491,118.2558262108262,71.63132138012017
2025-10-18 01:00:00,0,98.0125,-3.45,90.91494053960578,85.63995993589744,82.9128088987272
2025-10-18 02:00:00,0,78.095,-5.398333333333333,71.21295078289737,85.63995993589744,75.82962771145651
2025-10-18 03:00:00,0,72.07083333333334,-5.616666666666667,60.90729979678268,54.631325000000004,73.24556707094601
2025-10-18 04:00:00,0,78.98416666666667,0.7958333333333334,57.979547927042105,54.631325000000004,73.090647488034
2025-10-18 05:00:00,0,79.62416666666667,2.958333333333333,56.37911004543726,85.63995993589744,77.29447867234198
2025-10-18 06:00:00,0,79.06833333333333,32.339166666666664,68.69677152251396,85.63995993589744,81.64716458482924
2025-10-18 07:00:00,0,51.255,-0.389166666666667,54.857080365152555,47.134360967184804,54.63002762910558
2025-10-18 08:00:00,0,21.7175,-9.314166666666669,-1.9417027519513965,12.338110687022901,4.813952036483741
2025-10-18 09:00:00,0,22.605833333333333,-11.305833333333332,-9.85315027528138,11.932702020202019,-8.639070185403824
2025-10-18 10:00:00,0,12.418333333333337,-22.934166666666663,-40.17731327884162,-26.486597222222226,-25.403897901500585
2025-10-18 11:00:00,0,-15.785000000000002,-26.35,-80.53431114683632,-66.84508849557525,-54.471669217429934
2025-10-18 12:00:00,0,-20.76083333333333,-31.47666666666667,-97.75824868039682,-66.84508849557525,-64.46295840952035
2025-10-18 13:00:00,0,-25.45,-36.46416666666666,-96.44794787920564,-9.694020618556694,-62.99028871050018
2025-10-18 14:00:00,0,-25.058333333333337,-30.558333333333334,-78.39576028515434,-9.694020618556694,-38.98083593118528
2025-10-18 15:00:00,0,-31.92333333333333,-20.28833333333333,-49.36471054896167,-9.694020618556694,-17.824258606127188
2025-10-18 16:00:00,0,-0.8475000000000003,-15.889166666666666,-7.4970950952960465,-9.694020618556694,1.9820120680786317
2025-10-18 17:00:00,0,37.41583333333333,-10.2375,45.7139551273207,25.42318000000001,38.29076797040689
2025-10-18 18:00:00,0,133.6891666666667,0.3724999999999999,97.04743777018044,47.134360967184804,88.39519341664138
2025-10-18 19:00:00,0,129.375,8.031666666666666,126.18351372796586,119.47268998272891,116.4616050285637
2025-10-18 20:00:00,0,98.03083333333332,63.965,112.88739804542575,119.47268998272891,112.21969761930329
2025-10-18 21:00:00,0,69.86833333333334,59.86833333333333,63.75682551831457,119.47268998272891,93.87292914991484
2025-10-18 22:00:00,0,48.44,71.3925,6.9531474978763725,61.27612211221124,68.7361787804222
2025-10-18 23:00:00,0,2.4875,82.13833333333334,-31.933454538692928,61.27612211221124,52.15438039391507
2025-10-19 00:00:00,0,-3.7258333333333336,77.04083333333334,-48.54149727092046,61.27612211221124,46.259859021182194
2025-10-19 01:00:00,0,-6.5,39.41166666666667,-49.285369854576984,-8.968726415094343,27.547907364327926
2025-10-19 02:00:00,0,-8.238333333333333,9.723333333333333,-87.7430526244048,-8.968726415094343,11.094689164677362
2025-10-19 03:00:00,0,-13.003333333333332,35.04416666666666,-122.65665269501316,-8.968726415094343,3.2662646944094007
2025-10-19 04:00:00,0,-12.875833333333333,20.764166666666664,-145.4097471616431,-8.968726415094343,2.8617451304736647
2025-10-19 05:00:00,0,-12.745,36.48833333333334,-162.61781173633426,-8.968726415094343,4.295754202513493
2025-10-19 06:00:00,0,-12.569166666666668,69.92583333333333,-173.7293721779571,-8.968726415094343,9.240563384145233
2025-10-19 07:00:00,0,-15.4075,22.180833333333336,-169.51118853456313,-19.12269444444445,-0.5500222153612668
2025-10-19 08:00:00,0,-23.106666666666666,78.66166666666668,-182.0138787833476,-19.12269444444445,3.7276789251392444
2025-10-19 09:00:00,0,-41.87166666666666,8.106666666666667,-179.49880606593194,-39.63224899598396,-10.276465845732048
2025-10-19 10:00:00,0,-25.0425,-8.8125,-162.86411792475462,-19.12269444444445,-6.050982886639332
2025-10-19 11:00:00,0,-28.58083333333333,-10.243333333333334,-128.1355781522941,-19.12269444444445,-20.638408537784642
2025-10-19 12:00:00,0,-30.054166666666664,-14.128333333333332,-139.1628742760734,-19.12269444444445,-17.3617860889412
2025-10-19 13:00:00,0,-28.929166666666664,-18.688333333333333,-148.55559104248977,-19.12269444444445,-21.643350159569238
2025-10-19 14:00:00,0,-17.570833333333333,-24.3325,-107.82820415540552,-19.12269444444445,-16.088825335973965
2025-10-19 15:00:00,0,-13.193333333333332,-30.495,-89.0910867570933,-9.15596256684492,-23.905080067418226
2025-10-19 16:00:00,0,14.40333333333333,-26.21083333333333,-36.33686907721378,12.338110687022901,5.3409441172634615
2025-10-19 17:00:00,0,90.375,-18.336666666666662,38.64398869234632,69.35841981132074,52.40797914515284
2025-10-19 18:00:00,0,107.11416666666666,33.3925,98.33992021995635,119.47268998272891,105.26367909125963
2025-10-19 19:00:00,0,128.47416666666666,95.06916666666666,87.6284633081645,119.47268998272891,110.45354709525732
2025-10-19 20:00:00,0,109.1575,96.605,142.60890383882608,119.47268998272891,119.48795507929563
2025-10-19 21:00:00,0,79.73916666666666,97.59,80.36899481659677,119.47268998272891,95.7027793039981
2025-10-19 22:00:00,0,96.085,77.96249999999999,-6.8571538736600814,61.27612211221124,43.50272894492754
2025-10-19 23:00:00,0,104.06833333333331,88.8625,15.686633537089108,85.63995993589744,62.952582948143004
2025-10-20 00:00:00,0,103.0125,95.3325,60.98360988976876,118.2558262108262,83.45915134162246
2025-10-20 01:00:00,0,95.13333333333333,96.4125,87.33218068207016,91.626006006006,97.42643718281165
2025-10-20 02:00:00,0,87.29,104.84499999999998,83.34356313540752,83.09939567430024,93.52652746909159
2025-10-20 03:00:00,0,87.0625,107.4275,79.90804244525617,83.09939567430024,90.6305560474663
2025-10-20 04:00:00,0,96.43,126.63583333333334,73.19560958770484,83.09939567430024,94.3653850702034
2025-10-20 05:00:00,0,123.24916666666668,174.63083333333336,67.89620733728052,91.626006006006,101.71491803552924
2025-10-20 06:00:00,0,105.47916666666669,232.775,99.08296463312335,119.47268998272891,118.64434584636976
2025-10-20 07:00:00,0,142.33083333333337,167.95833333333334,84.84491411970481,147.88931985294116,107.08702266815878
2025-10-20 08:00:00,0,66.14333333333333,113.50583333333331,114.03109613627494,147.88931985294116,110.52682134591387
2025-10-20 09:00:00,0,106.55583333333334,65.24083333333333,92.83341726521137,119.09018895348831,73.32172753176756
2025-10-20 10:00:00,0,97.77583333333332,31.62833333333333,82.23463091787679,119.09018895348831,64.73618322644161
2025-10-20 11:00:00,0,203.2983333333333,26.94583333333333,110.94584031108926,147.88931985294116,75.6338731185704
2025-10-20 12:00:00,0,119.2225,-5.355,106.23528129525647,89.49258333333333,82.54752025550802
2025-10-20 13:00:00,0,271.3258333333333,-12.6975,114.043059084007,89.49258333333333,91.13541165272126
2025-10-20 14:00:00,0,162.225,-17.155,84.08995501896727,89.49258333333333,70.30301877171593
2025-10-20 15:00:00,0,95.90916666666668,-13.856666666666667,76.72961034836702,47.134360967184804,59.58969479265458
2025-10-20 16:00:00,0,77.68333333333334,-11.020833333333334,76.98146748941375,47.134360967184804,67.34253139438087
2025-10-20 17:00:00,0,94.14916666666666,-8.362499999999999,111.94936868595249,69.35841981132074,83.97754793039455
2025-10-20 18:00:00,0,182.63,148.17666666666665,155.13121757834955,89.49258333333333,140.22077173738063
2025-10-20 19:00:00,0,142.08666666666667,161.57,142.14030041142456,119.47268998272891,146.9627406403982
2025-10-20 20:00:00,0,140.8033333333333,157.1858333333333,124.26371777966051,119.09018895348831,122.73108060710905
2025-10-20 21:00:00,0,143.75416666666666,140.8975,123.99034171782958,119.47268998272891,126.62421573689036
2025-10-20 22:00:00,0,129.86666666666667,116.77416666666666,120.95541444304406,119.47268998272891,126.5796665559335
2025-10-20 23:00:00,0,136.0725,111.95083333333334,102.21075310679183,119.47268998272891,112.37045337312047
2025-10-21 00:00:00,0,185.94416666666663,99.0675,103.36221722456455,119.47268998272891,116.86586541818497
2025-10-21 01:00:00,0,212.4233333333333,78.04583333333333,130.8826063696466,109.38537499999997,96.95557504408634
2025-10-21 02:00:00,0,223.25666666666663,59.645833333333336,126.30729158163167,109.38537499999997,105.73847194159151
2025-10-21 03:00:00,0,226.03416666666664,49.49166666666667,129.6262397423282,109.38537499999997,113.67549200204769
2025-10-21 04:00:00,0,214.69833333333327,55.056666666666665,145.2387846661628,109.38537499999997,121.21788729818871
2025-10-21 05:00:00,0,227.425,77.03916666666667,166.57412624070096,109.38537499999997,134.04734392649144
2025-10-21 06:00:00,0,220.02916666666667,104.20666666666666,217.37851955258412,119.47268998272891,164.0886291267775
2025-10-21 07:00:00,0,268.7708333333333,114.33416666666666,228.8752735555587,147.88931985294116,142.53631774629588
2025-10-21 08:00:00,0,187.05916666666667,35.4975,167.40328180281844,89.49258333333333,77.05162765802201
2025-10-21 09:00:00,0,116.40916666666664,-1.4400000000000002,72.11307163706536,11.932702020202019,32.56920561488127
2025-10-21 10:00:00,0,68.86583333333333,-11.770833333333334,15.346769804052755,-9.694020618556694,26.94223053504478
2025-10-21 11:00:00,0,56.189166666666665,-17.235833333333332,-1.3397087477824812,-9.694020618556694,21.496594144410295
2025-10-21 12:00:00,0,71.97083333333333,-20.660833333333333,-19.930992000751957,-9.694020618556694,25.857773288332858
2025-10-21 13:00:00,0,109.68,-24.941666666666663,11.345119107190769,-9.694020618556694,45.42045458714839
2025-10-21 14:00:00,0,106.08416666666666,-22.71333333333333,16.008329632385454,-9.694020618556694,40.64044827829193
2025-10-21 15:00:00,0,171.455,-14.474166666666669,68.92353785502397,47.134360967184804,58.901074992250514
2025-10-21 16:00:00,0,181.21833333333333,-13.541666666666666,104.59089124287001,89.49258333333333,76.95807680342088
2025-10-21 17:00:00,0,167.92166666666665,-4.190833333333333,136.3493158980321,89.49258333333333,125.05087602690017
2025-10-21 18:00:00,0,190.03916666666663,106.00583333333331,130.37193381295722,147.88931985294116,139.54980349488147
2025-10-21 19:00:00,0,201.12583333333336,151.93333333333334,112.10443297778787,119.09018895348831,111.60605475153156
2025-10-21 20:00:00,0,138.3075,145.1858333333333,93.93875626967845,62.2001294498382,94.20900066340637
2025-10-21 21:00:00,0,83.15666666666667,144.3141666666667,63.86805931332667,62.2001294498382,71.81522572430593
2025-10-21 22:00:00,0,26.050833333333333,153.53166666666667,33.93131505210156,62.2001294498382,46.78427461212173
2025-10-21 23:00:00,0,-6.5,149.91666666666666,4.643164511540348,4.404958333333332,38.6513330792213
2025-10-22 00:00:00,0,-6.5,176.17416666666668,-13.986168404860507,4.404958333333332,37.49180816700116
2025-10-22 01:00:00,0,-5.62,163.9275,0.9585176132256237,4.404958333333332,5.048366023819099
2025-10-22 02:00:00,0,-5.616666666666667,158.61083333333332,-15.439155991385732,-8.968726415094343,4.029865280194727
2025-10-22 03:00:00,0,-4.733333333333333,144.58583333333334,-50.460760711984435,-8.968726415094343,-8.468129730169693
2025-10-22 04:00:00,0,-5.296666666666667,136.26833333333337,-89.2299098881884,-8.968726415094343,-15.474731614941035
2025-10-22 05:00:00,0,-3.975,184.77166666666668,-73.30977379074046,-8.968726415094343,-11.634561280335376
2025-10-22 06:00:00,0,15.5375,225.2508333333333,-24.449911803385007,4.404958333333332,1.462982034133816
2025-10-22 07:00:00,0,7.335,144.87166666666667,7.889445335470185,10.420995726495725,8.774625205871686
2025-10-22 08:00:00,0,4.911666666666666,6.9558333333333335,16.680341124833603,29.915153769841282,32.24858507145584
2025-10-22 09:00:00,0,-0.0441666666666666,-5.05,-1.2961598261254181,29.915153769841282,24.93859351844069
2025-10-22 10:00:00,0,-6.031666666666666,-9.525,-3.6152496948858897,29.915153769841282,21.579697776854132
2025-10-22 11:00:00,0,-3.9025,-10.326666666666666,-35.02154660100686,10.420995726495725,8.331441987229525
2025-10-22 12:00:00,0,-13.485833333333332,-12.463333333333331,-109.75511200903092,-19.12269444444445,-11.179737268433911
2025-10-22 13:00:00,0,-22.466666666666665,-10.578333333333331,-174.30483457015532,-39.63224899598396,-37.87199010118145
2025-10-22 14:00:00,0,-51.12916666666666,-11.071666666666667,-205.00386480257527,-19.12269444444445,3.5840852841358526
2025-10-22 15:00:00,0,-16.62,-10.4225,-215.6098263398211,-19.12269444444445,41.804117849822795
2025-10-22 16:00:00,0,-12.000833333333333,15.938333333333333,-176.34359709084134,-19.12269444444445,21.67637514566853
2025-10-22 17:00:00,0,-9.035,91.87416666666668,-105.58417637144892,10.420995726495725,8.968284464604935
2025-10-22 18:00:00,0,-20.27583333333333,222.2725,-65.73468936698647,10.420995726495725,24.734648054543733
2025-10-22 19:00:00,0,44.10666666666666,233.00583333333336,7.466982405091329,10.420995726495725,34.183549384717566
2025-10-22 20:00:00,0,64.545,205.04666666666665,38.808025187434914,10.420995726495725,33.02365238593624
2025-10-22 21:00:00,0,64.69916666666667,187.7458333333333,37.51764985638958,29.915153769841282,29.24376135249004
2025-10-22 22:00:00,0,57.48666666666667,140.64916666666667,13.390740925777664,29.915153769841282,23.72286833546066
2025-10-22 23:00:00,0,78.79083333333334,116.66833333333334,1.2063074096234772,61.27612211221124,26.48092210660021
2025-10-23 00:00:00,0,94.0475,92.30666666666669,14.257164864270706,38.36568481848187,45.22024348624375
2025-10-23 01:00:00,0,133.685,57.403333333333336,40.807251155400316,61.27612211221124,37.82266595021459
2025-10-23 02:00:00,0,138.21333333333334,1.7433333333333332,27.291768344562392,69.8422796143251,45.557839319992276
2025-10-23 03:00:00,0,154.315,-6.5,22.659775672848895,69.8422796143251,48.64669872021087
2025-10-23 04:00:00,0,146.59416666666667,-6.5,26.877060839966916,85.63995993589744,65.29536258121453
2025-10-23 05:00:00,0,163.385,-4.413333333333333,43.82462005651706,118.2558262108262,86.12853492926298
2025-10-23 06:00:00,0,162.32500000000002,15.5075,87.80118521992463,119.47268998272891,111.18890347892847
2025-10-23 07:00:00,0,125.60083333333334,2.1283333333333334,86.5597544892885,38.36568481848187,75.56561855058611
2025-10-23 08:00:00,0,89.33166666666666,-13.263333333333334,84.82881519323776,38.36568481848187,55.38866022515073
2025-10-23 09:00:00,0,95.4625,-14.023333333333332,54.79482484031724,38.36568481848187,33.97910670830899
2025-10-23 10:00:00,0,33.00083333333333,-20.299166666666665,32.85657985481176,38.36568481848187,29.681563635720288
2025-10-23 11:00:00,0,15.6125,-20.44083333333333,15.38859498313714,47.134360967184804,26.4843411812624
2025-10-23 12:00:00,0,19.87666666666667,-20.371666666666663,-7.140906393467105,11.932702020202019,21.30466181451672
2025-10-23 13:00:00,0,11.539166666666668,-17.162499999999998,-23.019142645575897,-9.694020618556694,14.08531229546871
2025-10-23 14:00:00,0,3.495833333333333,-9.944166666666666,-29.300147149816894,-9.694020618556694,-3.9634481232609318
2025-10-23 15:00:00,0,9.299166666666666,-1.6316666666666666,-10.381037754390547,-9.694020618556694,8.326418348581925
2025-10-23 16:00:00,0,93.99833333333332,37.59333333333333,27.882503763174164,25.42318000000001,23.36650290528783
2025-10-23 17:00:00,0,140.20333333333335,3.893333333333333,72.09624677418122,69.35841981132074,53.990291886546686
2025-10-23 18:00:00,0,168.85916666666665,94.10833333333332,91.24487288962281,69.35841981132074,96.00607179859885
2025-10-23 19:00:00,0,145.82083333333333,115.31833333333331,137.37436280673705,147.88931985294116,131.10540958359616
2025-10-23 20:00:00,0,148.00333333333333,147.23416666666665,156.03226527439386,147.88931985294116,148.05585637888402
2025-10-23 21:00:00,0,131.2775,148.3675,127.98222309589534,147.88931985294116,128.79147978906633
2025-10-23 22:00:00,0,108.5,105.6125,106.0796302598038,119.47268998272891,112.23421984022008
2025-10-23 23:00:00,0,115.73583333333332,103.46416666666666,66.6380129348204,119.47268998272891,95.528342293849
2025-10-24 00:00:00,0,136.465,134.74083333333334,57.266986852797324,119.47268998272891,90.90894047248615
2025-10-24 01:00:00,0,138.36,90.3675,75.5976041214539,118.2558262108262,86.75119184372974
2025-10-24 02:00:00,0,128.8675,65.66166666666666,66.7032101650957,118.2558262108262,87.75426025083418
2025-10-24 03:00:00,0,137.54583333333332,54.0925,61.034854650789924,118.2558262108262,89.05247344949169
2025-10-24 04:00:00,0,138.44833333333335,55.72166666666666,64.92978751815416,118.2558262108262,94.90509252986566
2025-10-24 05:00:00,0,175.11416666666665,60.45,89.0934031674459,118.2558262108262,111.05215309513599
2025-10-24 06:00:00,0,187.8983333333333,70.70666666666666,116.51862226644482,119.47268998272891,130.48403612989662
2025-10-24 07:00:00,0,156.5425,89.38333333333333,117.73272388606539,130.71238562091503,104.55597581241706
2025-10-24 08:00:00,0,67.45583333333333,30.489166666666662,64.00239242222281,69.35841981132074,48.84975144931689
2025-10-24 09:00:00,0,69.5575,-15.0725,24.366057594115624,38.36568481848187,17.540483338261666
2025-10-24 10:00:00,0,14.348333333333333,-9.288333333333332,13.320306633892557,47.134360967184804,10.242664335588273
2025-10-24 11:00:00,0,3.570833333333333,-2.0283333333333333,5.084304984076212,11.932702020202019,6.122648993598929
2025-10-24 12:00:00,0,-7.370833333333334,-21.201666666666664,-10.218938036857352,11.932702020202019,5.56977850960476
2025-10-24 13:00:00,0,-10.869166666666668,-27.883333333333336,-15.288645189408314,25.42318000000001,5.737480858439412
2025-10-24 14:00:00,0,-11.034999999999998,-25.304166666666664,-15.611958331790106,-9.694020618556694,8.0072642983571
2025-10-24 15:00:00,0,-9.626666666666669,-33.75666666666667,-9.63625714107927,-9.694020618556694,14.125106261145433
2025-10-24 16:00:00,0,0.8208333333333332,-7.258333333333333,33.2807275405897,25.42318000000001,27.696759050570783
2025-10-24 17:00:00,0,39.4075,6.45,76.93545831150988,47.134360967184804,60.628097105805736
2025-10-24 18:00:00,0,119.81416666666668,73.42416666666666,96.04741105998991,69.35841981132074,103.20322597429849
2025-10-24 19:00:00,0,132.63083333333333,106.91166666666668,118.28561868484479,130.71238562091503,132.36745620481182
2025-10-24 20:00:00,0,142.26916666666668,107.5475,129.15068875444126,130.71238562091503,134.51296453531157
2025-10-24 21:00:00,0,147.71583333333334,112.6925,110.13175936778116,130.71238562091503,110.54304831567887
2025-10-24 22:00:00,0,157.705,109.81166666666668,94.79386132795035,119.47268998272891,94.8642159127001
2025-10-24 23:00:00,0,155.76166666666666,114.33666666666666,81.15506979582955,119.47268998272891,83.78301856788967
2025-10-25 00:00:00,0,160.715,110.66833333333334,89.3242390461229,119.47268998272891,91.19952420430337
2025-10-25 01:00:00,0,156.2775,98.0125,119.16977867918443,91.626006006006,103.44875106422342
2025-10-25 02:00:00,0,193.8166666666667,78.095,107.94777145118152,109.38537499999997,97.51893775428778
2025-10-25 03:00:00,0,203.60083333333333,72.07083333333334,88.00703728251622,109.38537499999997,93.53223247585846
2025-10-25 04:00:00,0,180.72333333333333,78.98416666666667,73.44735191408016,109.38537499999997,89.96222140055302
2025-10-25 05:00:00,0,145.36833333333334,79.62416666666667,83.91028777622031,109.38537499999997,91.79008952899079
2025-10-25 06:00:00,0,124.41666666666669,79.06833333333333,96.3242570766026,109.38537499999997,92.2116098922903
2025-10-25 07:00:00,0,70.42666666666666,51.255,78.43659004439888,47.134360967184804,55.57888532023449
2025-10-25 08:00:00,0,38.126666666666665,21.7175,73.74987273970132,11.932702020202019,19.486038679622595
2025-10-25 09:00:00,0,18.864166666666662,22.605833333333333,51.44968118940465,11.932702020202019,0.8862038419297846
2025-10-25 10:00:00,0,20.849166666666665,12.418333333333337,33.26949548035079,-9.694020618556694,20.601246257615387
2025-10-25 11:00:00,0,30.76083333333333,-15.785000000000002,52.64000846179178,11.932702020202019,12.920668319507314
2025-10-25 12:00:00,0,40.47166666666666,-20.76083333333333,52.37728298717864,11.932702020202019,15.706312257863985
2025-10-25 13:00:00,0,31.88,-25.45,20.823489680495754,25.42318000000001,6.189048773560472
2025-10-25 14:00:00,0,44.080000000000005,-25.058333333333337,40.83175467825418,25.42318000000001,18.31831690249095
2025-10-25 15:00:00,0,56.19,-31.92333333333333,80.40534120804662,47.134360967184804,37.81726234284329
2025-10-25 16:00:00,0,74.95416666666667,-0.8475000000000003,115.30372160477148,89.49258333333333,62.73411036914334
2025-10-25 17:00:00,0,100.49916666666668,37.41583333333333,99.50737441231928,89.49258333333333,90.81198106914674
2025-10-25 18:00:00,0,112.71166666666666,133.6891666666667,99.53116869984471,119.47268998272891,95.66494896164085
2025-10-25 19:00:00,0,109.41583333333334,129.375,105.31049515615547,119.47268998272891,110.40959679392807
2025-10-25 20:00:00,0,116.665,98.03083333333332,118.76036299308404,119.47268998272891,107.57500541500946
2025-10-25 21:00:00,0,122.23333333333332,69.86833333333334,111.74131259960129,119.47268998272891,106.06310341800037
2025-10-25 22:00:00,0,119.3325,48.44,124.80545436956402,119.47268998272891,105.25948991599905
2025-10-25 23:00:00,0,85.17,2.4875,98.93406800775149,109.38537499999997,93.87827650885448
2025-10-26 00:00:00,0,105.86666666666667,-3.7258333333333336,75.09141348979878,109.38537499999997,88.56650102670751
2025-10-26 01:00:00,0,66.67416666666666,-6.5,76.05503570491918,118.2558262108262,90.3230283912198
2025-10-26 02:00:00,0,32.975833333333334,-8.238333333333333,38.371966042843376,118.2558262108262,80.3216855492808
2025-10-26 03:00:00,0,24.285,-13.003333333333332,16.26735591438431,54.631325000000004,66.17951643635593
2025-10-26 04:00:00,0,22.616666666666664,-12.875833333333333,4.0628245517702055,54.631325000000004,64.78896384638512
2025-10-26 05:00:00,0,18.4125,-12.745,-1.7350144005964552,54.631325000000004,56.96986064713901
2025-10-26 06:00:00,0,44.43416666666667,-12.569166666666668,8.05979334039101,61.27612211221124,51.28350062673328
2025-10-26 07:00:00,0,19.03833333333333,-15.4075,-8.81680423889901,11.932702020202019,25.363219005959174
2025-10-26 08:00:00,0,4.665,-23.106666666666666,-3.6882620672355273,11.932702020202019,-1.0998163036176862
2025-10-26 09:00:00,0,15.083333333333334,-41.87166666666666,-1.620870339560497,47.134360967184804,11.98341543154973
2025-10-26 10:00:00,0,16.968333333333334,-25.0425,28.126671097342857,69.35841981132074,23.881398400539737
2025-10-26 11:00:00,0,4.404166666666667,-28.58083333333333,55.326712484885675,69.35841981132074,37.47230712480297
2025-10-26 12:00:00,0,61.935,-30.054166666666664,64.62199629510954,69.35841981132074,51.33870653783714
2025-10-26 13:00:00,0,6.084166666666666,-28.929166666666664,76.24874957658096,89.49258333333333,47.897583522037685
2025-10-26 14:00:00,0,-23.549166666666668,-17.570833333333333,45.36658070786602,25.42318000000001,19.099782849803432
2025-10-26 15:00:00,0,-44.17,-13.193333333333332,-18.2329652842094,25.42318000000001,-26.43262508663065
2025-10-26 16:00:00,0,-33.32583333333333,14.40333333333333,21.436131400567504,47.134360967184804,17.499737312082488
2025-10-26 17:00:00,0,-27.586666666666662,90.375,34.02754745451934,47.134360967184804,29.172932929969704
2025-10-26 18:00:00,0,-6.531666666666666,107.11416666666666,50.6186254020444,69.35841981132074,48.41757447376388
2025-10-26 19:00:00,0,32.305,128.47416666666666,105.45761095847644,119.47268998272891,91.81432156795952
2025-10-26 20:00:00,0,14.23,109.1575,98.1364389509876,93.12987301587299,89.09523523587846
2025-10-26 21:00:00,0,13.764166666666666,79.73916666666666,35.71057498277686,29.915153769841282,41.19703144903338
2025-10-26 22:00:00,0,13.215833333333334,96.085,14.188793113789188,42.2473220064725,33.58173373299349
2025-10-26 23:00:00,0,25.07166666666667,104.06833333333331,17.057462016188808,19.652858796296304,39.43367771941379
2025-10-27 00:00:00,0,8.034999999999998,103.0125,24.361864990541285,42.2473220064725,45.61056600024402
2025-10-27 01:00:00,0,0.08,95.13333333333333,48.72856339303633,19.652858796296304,38.10743110485181
2025-10-27 02:00:00,0,-1.46,87.29,9.312174746150703,19.652858796296304,13.307179525558752
2025-10-27 03:00:00,0,-3.228333333333333,87.0625,-23.39728701686245,-8.968726415094343,-2.6937675917868376
2025-10-27 04:00:00,0,-6.7525,96.43,-34.50297731538737,-8.968726415094343,-7.7081201895175155
2025-10-27 05:00:00,0,-3.648333333333333,123.24916666666668,-2.3087786848569607,-8.968726415094343,1.277836730194096
2025-10-27 06:00:00,0,62.656666666666666,105.47916666666669,48.97619722098901,10.420995726495725,15.621345312872975
2025-10-27 07:00:00,0,14.8675,142.33083333333337,51.803666362426995,10.420995726495725,15.608933069311618
2025-10-27 08:00:00,0,25.809166666666663,66.14333333333333,22.761113531143977,10.420995726495725,13.830891367458761
2025-10-27 09:00:00,0,-3.8941666666666666,106.55583333333334,-12.010529621159904,10.420995726495725,12.947775682126789
2025-10-27 10:00:00,0,-8.446666666666667,97.77583333333332,-60.08994120137275,10.420995726495725,6.736762479004966
2025-10-27 11:00:00,0,-10.126666666666669,203.2983333333333,-53.47279728166798,-19.12269444444445,5.031320235910613
2025-10-27 12:00:00,0,-11.761666666666663,119.2225,-63.59773293180065,-19.12269444444445,13.695715548760859
2025-10-27 13:00:00,0,-11.665,271.3258333333333,-80.40679525170152,-19.12269444444445,-14.969071764157746
2025-10-27 14:00:00,0,-13.041666666666666,162.225,-94.05827356175426,-39.63224899598396,-26.389357502958276
2025-10-27 15:00:00,0,-18.965,95.90916666666668,-87.98088848640965,-39.63224899598396,-27.410070653074996
2025-10-27 16:00:00,0,-19.734166666666667,77.68333333333334,-61.69711895689311,-19.12269444444445,-18.464038695431597
2025-10-27 17:00:00,0,-11.145833333333334,94.14916666666666,-9.03970510206922,12.338110687022901,10.745562167034876
2025-10-27 18:00:00,0,49.91,182.63,110.33237319360914,62.2001294498382,70.26972325743654
2025-10-27 19:00:00,0,20.104166666666668,142.08666666666667,153.07755643836214,95.3574300254453,118.10080040161566
2025-10-27 20:00:00,0,39.490833333333335,140.8033333333333,161.82958421493245,95.3574300254453,129.0323099396348
2025-10-27 21:00:00,0,15.369166666666668,143.75416666666666,138.10864221895392,62.2001294498382,117.18238641497823
2025-10-27 22:00:00,0,17.2925,129.86666666666667,101.08186771573558,62.2001294498382,99.3011010784078
2025-10-27 23:00:00,0,16.986666666666668,136.0725,66.41603089005159,62.2001294498382,70.38589429601713
2025-10-28 00:00:00,0,21.953333333333333,185.94416666666663,53.01891741709372,62.2001294498382,66.07397029579377
2025-10-28 01:00:00,0,33.21416666666667,212.4233333333333,71.62141132543924,38.36568481848187,48.90543686289759
2025-10-28 02:00:00,0,89.96499999999999,223.25666666666663,49.22306080163031,42.2473220064725,47.2481203459526
2025-10-28 03:00:00,0,35.62416666666667,226.03416666666664,30.831850462608102,42.2473220064725,42.15155333609187
2025-10-28 04:00:00,0,33.218333333333334,214.69833333333327,36.16066638144914,42.2473220064725,50.95613157534073
2025-10-28 05:00:00,0,80.4525,227.425,68.78541406950313,93.12987301587299,74.28470948981412
2025-10-28 06:00:00,0,122.75,220.02916666666667,123.96480385649551,119.09018895348831,109.77067293552378
2025-10-28 07:00:00,0,122.60333333333334,268.7708333333333,158.6192152523883,119.09018895348831,99.65923473929236
2025-10-28 08:00:00,0,64.825,187.05916666666667,107.86047644947504,69.35841981132074,56.46259858327096
2025-10-28 09:00:00,0,-8.801666666666668,116.40916666666664,56.021332668755235,47.134360967184804,28.981172660334792
2025-10-28 10:00:00,0,-15.245,68.86583333333333,7.509021034783117,-9.694020618556694,12.277814302495173
2025-10-28 11:00:00,0,-15.728333333333332,56.189166666666665,-15.692209142162326,-9.694020618556694,2.795031757240011
2025-10-28 12:00:00,0,-17.313333333333333,71.97083333333333,-31.229930590422327,-9.694020618556694,-0.8098905152381661
2025-10-28 13:00:00,0,-20.171666666666667,109.68,-46.20097555158513,-9.694020618556694,-10.983922418050454
2025-10-28 14:00:00,0,-41.903333333333336,106.08416666666666,-60.9658712993522,-9.694020618556694,-22.435336811466925
2025-10-28 15:00:00,0,-23.314166666666665,171.455,-58.653659572543106,-66.84508849557525,-23.007890557861103
2025-10-28 16:00:00,0,-28.679166666666664,181.21833333333333,-45.15802755605144,-26.486597222222226,-14.01826294034413
2025-10-28 17:00:00,0,-29.066666666666663,167.92166666666665,-3.8017981420642997,-9.15596256684492,10.500604416832303
2025-10-28 18:00:00,0,71.98833333333333,190.03916666666663,78.90239346641657,62.2001294498382,53.54163780848708
2025-10-28 19:00:00,0,142.22166666666666,201.12583333333336,119.70690638015647,62.2001294498382,93.74915957562375
2025-10-28 20:00:00,0,148.38583333333335,138.3075,139.22099729553386,119.09018895348831,122.36115871087523
2025-10-28 21:00:00,0,145.2725,83.15666666666667,154.1901309213303,130.71238562091503,145.4773605270791
2025-10-28 22:00:00,0,147.86666666666667,26.050833333333333,156.38263614684368,119.47268998272891,138.3359796946425
2025-10-28 23:00:00,0,147.1025,-6.5,145.3437671728269,119.47268998272891,129.5330201440215
2025-10-29 00:00:00,1,155.29166666666666,-6.5,161.0686613388051,128.18008017492704,139.54728750139697
2025-10-29 01:00:00,1,152.49333333333334,-5.62,177.05403495845948,128.18008017492704,126.04235074798055
2025-10-29 02:00:00,1,153.45416666666668,-5.616666666666667,162.92651630874224,121.34596830985912,123.25099099644493
2025-10-29 03:00:00,1,158.5175,-4.733333333333333,155.64949234463694,121.34596830985912,129.1493055442935
2025-10-29 04:00:00,1,163.34416666666667,-5.296666666666667,159.6690622144203,121.34596830985912,142.54911748097328
2025-10-29 05:00:00,1,168.6,-3.975,192.00249385585855,128.18008017492704,164.0780932547612
2025-10-29 06:00:00,1,236.07083333333333,15.5375,240.12662985880854,143.27848904267583,197.40118997200318
2025-10-29 07:00:00,1,210.1241666666667,7.335,224.86904438362905,118.00000809061486,180.8536003420479
2025-10-29 08:00:00,1,112.33166666666666,4.911666666666666,124.44685517899026,85.63562499999999,97.10370839198745
2025-10-29 09:00:00,1,38.5,-0.0441666666666666,68.059816424057,13.948391577060931,48.75533474005663
2025-10-29 10:00:00,1,-5.9925,-6.031666666666666,27.64081537422419,3.61746,11.755002657440414
2025-10-29 11:00:00,1,3.8766666666666665,-3.9025,7.16885276819302,-21.795416666666664,-0.7212548100093983
2025-10-29 12:00:00,1,12.233333333333333,-13.485833333333332,-3.2346433902912963,-21.795416666666664,-0.12132522844530058
2025-10-29 13:00:00,1,0.643333333333333,-22.466666666666665,-13.334417620679147,-21.795416666666664,-5.9409327731977015
2025-10-29 14:00:00,1,5.4558333333333335,-51.12916666666666,-20.542389115728298,-21.795416666666664,-1.2134091417143793
2025-10-29 15:00:00,1,5.7625,-16.62,-29.904576075733146,-21.795416666666664,-20.198435171058563
2025-10-29 16:00:00,1,29.6575,-12.000833333333333,2.8775306318404716,-20.808371559633034,-7.699134531499112
2025-10-29 17:00:00,1,46.36333333333334,-9.035,71.93619313077129,28.86629166666665,31.9346163851364
2025-10-29 18:00:00,1,200.92,-20.27583333333333,148.84358771678566,60.09357371794871,76.03716822977478
2025-10-29 19:00:00,1,253.5041666666667,44.10666666666666,162.26930556299516,65.49653549382717,100.89042825584228
2025-10-29 20:00:00,1,220.69,64.545,164.46020552729397,132.1963194444445,118.46872010635983
2025-10-29 21:00:00,1,229.3258333333333,64.69916666666667,137.57251479212232,132.1963194444445,95.38678520167123
2025-10-29 22:00:00,1,181.1708333333333,57.48666666666667,106.73918736343327,95.77963020833337,86.90375286598281
2025-10-29 23:00:00,1,164.50666666666666,78.79083333333334,98.28620540633742,91.97704761904762,96.54914127750048
2025-10-30 00:00:00,1,168.16583333333332,94.0475,110.7772035465134,91.97704761904762,113.94706509561172
2025-10-30 01:00:00,1,156.35333333333332,133.685,137.47894491612195,91.97704761904762,118.39309973093111
2025-10-30 02:00:00,1,155.3975,138.21333333333334,112.78983535204048,91.97704761904762,115.94599248395714
2025-10-30 03:00:00,1,147.04833333333332,154.315,105.37805859732502,91.97704761904762,114.8969314980915
2025-10-30 04:00:00,1,158.90666666666667,146.59416666666667,103.73092674086915,91.97704761904762,120.51411569146528
2025-10-30 05:00:00,1,179.78083333333333,163.385,107.1485090562499,91.97704761904762,133.26437768484914
2025-10-30 06:00:00,1,220.18,162.32500000000002,131.84767498535098,128.18008017492704,154.43750936363182
2025-10-30 07:00:00,1,89.77666666666666,125.60083333333334,135.45521668498793,118.00000809061486,120.22899040702401
2025-10-30 08:00:00,1,3.583333333333333,89.33166666666666,100.19153662555541,85.63562499999999,55.07122219076783
2025-10-30 09:00:00,1,-0.8775000000000001,95.4625,49.867773111574564,13.948391577060931,5.153645807192277
2025-10-30 10:00:00,1,-8.166666666666666,33.00083333333333,-2.174472208024042,3.61746,-23.241377091130417
2025-10-30 11:00:00,1,-9.543333333333331,15.6125,-27.173992986030285,-21.795416666666664,-35.908649377231015
2025-10-30 12:00:00,1,-13.724166666666669,19.87666666666667,-33.45433071886458,-21.795416666666664,-40.87011316817957
2025-10-30 13:00:00,1,-0.9641666666666668,11.539166666666668,-7.734553421146245,-21.795416666666664,-3.088128960719814
2025-10-30 14:00:00,1,1.7625,3.495833333333333,0.7179371451626082,3.61746,-7.345364084123219
2025-10-30 15:00:00,1,18.55666666666667,9.299166666666666,8.801692900964142,3.61746,-0.23240133259398021
2025-10-30 16:00:00,1,46.66083333333333,93.99833333333332,41.495065823012034,28.86629166666665,7.344688582944173
2025-10-30 17:00:00,1,119.21333333333332,140.20333333333335,56.20829044095389,44.0713955823293,37.53389843517639
2025-10-30 18:00:00,1,243.22166666666664,168.85916666666665,100.6732082205642,60.09357371794871,62.78101409115381
2025-10-30 19:00:00,1,247.47416666666663,145.82083333333333,111.15556420891255,104.99664251207724,81.17162644391807
2025-10-30 20:00:00,1,205.97583333333333,148.00333333333333,118.67097474719243,104.99664251207724,82.88407639534753
2025-10-30 21:00:00,1,142.47833333333332,131.2775,96.80202697128377,95.77963020833337,65.03661832556209
2025-10-30 22:00:00,1,138.6,108.5,54.67166184964948,65.49653549382717,48.62001093740859
2025-10-30 23:00:00,1,85.57583333333334,115.73583333333332,40.85167149804384,36.8043894389439,45.964684541956636
2025-10-31 00:00:00,1,91.50333333333332,136.465,53.19535321457042,36.8043894389439,53.62842849292323
2025-10-31 01:00:00,1,75.7275,138.36,61.58704467904235,36.8043894389439,45.922903275614615
2025-10-31 02:00:00,1,53.34916666666667,128.8675,36.760379649523664,13.92703363914373,43.15352137401549
2025-10-31 03:00:00,1,61.560833333333335,137.54583333333332,6.9462779312664225,13.92703363914373,24.051491194340954
2025-10-31 04:00:00,1,95.62666666666668,138.44833333333335,-15.76222978795333,3.9408463541666663,7.664144089397084
2025-10-31 05:00:00,1,142.4625,175.11416666666665,-13.484849689781512,3.9408463541666663,10.530566610130307
2025-10-31 06:00:00,1,198.7033333333333,187.8983333333333,-0.03312644081931637,22.30047927461139,14.985957280896855
2025-10-31 07:00:00,1,126.59,156.5425,18.37727177265792,22.30047927461139,5.518792815421207
2025-10-31 08:00:00,1,78.25833333333334,67.45583333333333,19.068377435955284,25.65929166666665,2.456771625122883
2025-10-31 09:00:00,1,51.10583333333333,69.5575,21.09344469529819,22.30047927461139,8.375522241179794
2025-10-31 10:00:00,1,39.193333333333335,14.348333333333333,32.258712465162944,25.65929166666665,16.091622096042926
2025-10-31 11:00:00,1,24.909166666666664,3.570833333333333,87.24737171406498,118.00000809061486,54.83552557933486
2025-10-31 12:00:00,1,11.950833333333334,-7.370833333333334,95.56435019971771,85.63562499999999,63.665915698217226
2025-10-31 13:00:00,1,47.053333333333335,-10.869166666666668,83.21202233757151,85.63562499999999,56.769438585677634
2025-10-31 14:00:00,1,21.364166666666662,-11.034999999999998,68.61788692903906,44.0713955823293,48.70402903224256
2025-10-31 15:00:00,1,73.2225,-9.626666666666669,68.37347317776155,28.86629166666665,50.22008008228132
2025-10-31 16:00:00,1,152.54416666666663,0.8208333333333332,99.31638670176366,85.63562499999999,56.9295957281209
2025-10-31 17:00:00,1,176.13750000000002,39.4075,117.79824618643488,85.63562499999999,74.3091671400793
2025-10-31 18:00:00,1,174.67499999999998,119.81416666666668,143.81273227569142,118.00000809061486,99.95706427664945
2025-10-31 19:00:00,1,166.58666666666667,132.63083333333333,152.93104074517106,143.27848904267583,114.85494366952837
2025-10-31 20:00:00,1,137.74,142.26916666666668,137.51175650952325,143.27848904267583,105.06056310297433
2025-10-31 21:00:00,1,125.485,147.71583333333334,122.92498268767301,95.77963020833337,88.39705274009299
2025-10-31 22:00:00,1,115.0375,157.705,91.94436534014443,95.77963020833337,66.77855776531082
2025-10-31 23:00:00,1,126.50666666666666,155.76166666666666,82.62716428031389,83.45318318318317,66.65508191531919
2025-11-01 00:00:00,1,126.58333333333331,160.715,88.93625147729655,128.18008017492704,79.47701421746655
2025-11-01 01:00:00,1,121.105,156.2775,105.24494089405185,104.68762878787881,95.95982576216258
2025-11-01 02:00:00,1,102.8,193.8166666666667,82.44702302388987,104.68762878787881,89.793015286916
2025-11-01 03:00:00,1,103.22,203.60083333333333,71.01211141651534,104.68762878787881,89.048018502189
2025-11-01 04:00:00,1,90.88,180.72333333333333,73.20322699415368,104.68762878787881,92.6575414128966
2025-11-01 05:00:00,1,86.99166666666667,145.36833333333334,72.95521078527747,104.68762878787881,94.93618891995544
2025-11-01 06:00:00,1,94.94916666666666,124.41666666666669,77.0168423645087,104.68762878787881,93.38688851078784
2025-11-01 07:00:00,1,31.390833333333333,70.42666666666666,65.48807565444432,44.0713955823293,57.31568393411767
2025-11-01 08:00:00,1,7.843333333333333,38.126666666666665,59.36492176699501,13.948391577060931,24.58350756396448
2025-11-01 09:00:00,1,-0.2274999999999999,18.864166666666662,32.65839390107126,13.948391577060931,-2.2443089679969717
2025-11-01 10:00:00,1,-6.475833333333333,20.849166666666665,-8.053891236440364,-21.795416666666664,-25.79211774244979
2025-11-01 11:00:00,1,-17.933333333333334,30.76083333333333,-39.03342769006723,-21.795416666666664,-45.18581737409232
2025-11-01 12:00:00,1,-30.964166666666667,40.47166666666666,-68.13811958868816,-21.795416666666664,-61.103714685171184
2025-11-01 13:00:00,1,-43.29916666666667,31.88,-94.47318181760731,-67.67567656765678,-56.81191118939847
2025-11-01 14:00:00,1,-53.21,44.080000000000005,-96.13689174391199,-67.67567656765678,-59.91775210284945
2025-11-01 15:00:00,1,-40.625,56.19,-85.6444952145688,-67.67567656765678,-52.52077303054355
2025-11-01 16:00:00,1,-18.735833333333336,74.95416666666667,-40.42715838415553,-20.808371559633034,-28.531045214276304
2025-11-01 17:00:00,1,21.836666666666662,100.49916666666668,17.528767769259417,28.86629166666665,8.826704042143547
2025-11-01 18:00:00,1,95.89916666666666,112.71166666666666,102.63562611928232,44.0713955823293,72.96127943480141
2025-11-01 19:00:00,1,123.35583333333334,109.41583333333334,120.84251328379727,128.18008017492704,114.65414424463506
2025-11-01 20:00:00,1,108.72333333333334,116.665,116.22844177042947,128.18008017492704,122.02732995562604
2025-11-01 21:00:00,1,91.54083333333334,122.23333333333332,115.29226448501848,128.18008017492704,124.21561092785188
2025-11-01 22:00:00,1,96.5025,119.3325,115.88439807035662,104.68762878787881,118.44198966789276
2025-11-01 23:00:00,1,89.64083333333333,85.17,92.87457557854401,104.68762878787881,112.74121067838068
2025-11-02 00:00:00,1,71.7325,105.86666666666667,87.84411418363628,104.68762878787881,111.50575464811826
2025-11-02 01:00:00,1,63.255,66.67416666666666,100.40488254976492,121.34596830985912,109.27755546170937
2025-11-02 02:00:00,1,22.015,32.975833333333334,74.40206375354637,82.71501234567903,102.44606683329046
2025-11-02 03:00:00,1,49.76416666666666,24.285,45.73806196470927,82.71501234567903,92.9538625941304
2025-11-02 04:00:00,1,70.88250000000001,22.616666666666664,30.57194968758185,82.71501234567903,88.09623645856448
2025-11-02 05:00:00,1,38.473333333333336,18.4125,11.635360072208329,82.71501234567903,78.60811010424422
2025-11-02 06:00:00,1,-5.901666666666666,44.43416666666667,-19.63273450752567,53.06826732673269,51.953661129703654
2025-11-02 07:00:00,1,-19.70083333333333,19.03833333333333,-54.597922437476555,13.948391577060931,-2.897094221002817
2025-11-02 08:00:00,1,-32.87833333333334,4.665,-79.4653537134764,-20.808371559633034,-26.194014056719055
2025-11-02 09:00:00,1,-43.5025,15.083333333333334,-117.39426138840456,-41.70420634920635,-34.150039776937106
2025-11-02 10:00:00,1,-49.34583333333333,16.968333333333334,-133.00166213275878,-67.67567656765678,-55.5815829961206
2025-11-02 11:00:00,1,-53.26916666666667,4.404166666666667,-146.82431076799867,-67.67567656765678,-42.90641914046225
2025-11-02 12:00:00,1,-49.29916666666667,61.935,-169.8388209822716,-67.67567656765678,-35.371026030414114
2025-11-02 13:00:00,1,-51.18,6.084166666666666,-164.95580001313652,-67.67567656765678,-58.52592951487253
2025-11-02 14:00:00,1,-42.29666666666667,-23.549166666666668,-138.86256073314553,-41.70420634920635,-41.522139441394586
2025-11-02 15:00:00,1,-17.9575,-44.17,-108.574965579921,-41.70420634920635,-30.89821573658257
2025-11-02 16:00:00,1,-10.844166666666666,-33.32583333333333,-35.73613516717465,-4.692333333333335,0.6890303983595913
2025-11-02 17:00:00,1,36.74333333333333,-27.586666666666662,64.46771883584636,49.814854740061165,55.29222389204324
2025-11-02 18:00:00,1,55.025,-6.531666666666666,113.23635473371829,104.99664251207724,113.76743933761412
2025-11-02 19:00:00,1,6.454999999999999,32.305,111.67797413499568,104.99664251207724,124.57418641411955
2025-11-02 20:00:00,1,12.028333333333334,14.23,139.02547185621674,143.27848904267583,144.21624559980484
2025-11-02 21:00:00,1,70.50750000000001,13.764166666666666,28.492140823143366,22.30047927461139,66.34596996187724
2025-11-02 22:00:00,1,71.58916666666667,13.215833333333334,30.105996907915802,22.30047927461139,58.87046394407629
2025-11-02 23:00:00,1,103.5325,25.07166666666667,50.37824458305463,69.81681250000001,72.09118931763072
2025-11-03 00:00:00,1,99.16,8.034999999999998,64.60394487705047,83.45318318318317,86.20224642761076
2025-11-03 01:00:00,1,87.52749999999999,0.08,96.25945016111076,121.34596830985912,88.26629033323954
2025-11-03 02:00:00,1,91.06,-1.46,92.63443124029952,82.71501234567903,94.2919362431538
2025-11-03 03:00:00,1,81.65833333333333,-3.228333333333333,73.43107990396472,82.71501234567903,88.04488816789127
2025-11-03 04:00:00,1,79.8,-6.7525,55.050338704200996,82.71501234567903,77.08040320228788
2025-11-03 05:00:00,1,58.48166666666666,-3.648333333333333,55.6422957438076,83.45318318318317,73.70790762035097
2025-11-03 06:00:00,1,67.3125,62.656666666666666,62.3145784413565,83.45318318318317,81.90827166534154
2025-11-03 07:00:00,1,58.23416666666666,14.8675,104.22535516748508,128.18008017492704,102.24509830897178
2025-11-03 08:00:00,1,69.99249999999999,25.809166666666663,54.3936916172902,25.65929166666665,57.63848009083175
2025-11-03 09:00:00,1,46.70166666666666,-3.8941666666666666,82.45531095063389,49.814854740061165,67.4134911458566
2025-11-03 10:00:00,1,19.24333333333333,-8.446666666666667,75.11007443504636,25.65929166666665,50.33153107182566
2025-11-03 11:00:00,1,38.1675,-10.126666666666669,167.62457796607544,118.00000809061486,115.01836327419957
2025-11-03 12:00:00,1,27.1975,-11.761666666666663,144.48070448089516,118.00000809061486,122.42563963569118
2025-11-03 13:00:00,1,22.488333333333333,-11.665,224.53335147887577,85.63562499999999,128.02452981861813
2025-11-03 14:00:00,1,23.3425,-13.041666666666666,182.20987285813237,85.63562499999999,133.32692908308888
2025-11-03 15:00:00,1,20.4275,-18.965,151.11961136423514,85.63562499999999,120.40580487433567
2025-11-03 16:00:00,1,77.73916666666666,-19.734166666666667,156.95336668915462,85.63562499999999,115.63073985570657
2025-11-03 17:00:00,1,82.165,-11.145833333333334,181.9685621497021,143.27848904267583,171.91021179615632
2025-11-03 18:00:00,1,62.99583333333334,49.91,227.01875042538785,143.27848904267583,195.75821723713054
2025-11-03 19:00:00,1,78.655,20.104166666666668,218.3341449991466,143.27848904267583,200.58122432428752
2025-11-03 20:00:00,1,87.54,39.490833333333335,199.94198576171192,143.27848904267583,189.3806494290182
2025-11-03 21:00:00,1,169.89083333333335,15.369166666666668,168.18457998442534,143.27848904267583,161.84733927549385
2025-11-03 22:00:00,1,141.72916666666666,17.2925,184.39276113406734,128.18008017492704,165.24185938894271
2025-11-03 23:00:00,1,123.095,16.986666666666668,141.9557897424449,128.18008017492704,142.29184933325308
2025-11-04 00:00:00,1,122.17666666666666,21.953333333333333,151.60336748691662,128.18008017492704,142.746921177542
2025-11-04 01:00:00,1,117.93,33.21416666666667,183.10721465314077,121.34596830985912,125.66108908433822
2025-11-04 02:00:00,1,118.81333333333332,89.96499999999999,167.12100340305096,104.68762878787881,114.52281912658526
2025-11-04 03:00:00,1,95.54166666666669,35.62416666666667,152.3622805387334,121.34596830985912,111.82874206055904
2025-11-04 04:00:00,1,108.7675,33.218333333333334,136.03780555870188,121.34596830985912,107.24700797559706
2025-11-04 05:00:00,1,133.8775,80.4525,144.77018243911198,104.68762878787881,114.19712215195494
2025-11-04 06:00:00,1,195.8325,122.75,149.6070486319072,104.68762878787881,115.95281644709988
2025-11-04 07:00:00,1,87.995,122.60333333333334,172.58120800076296,44.0713955823293,98.70485669746812
2025-11-04 08:00:00,1,-3.125,64.825,100.8062299364262,44.0713955823293,42.579844466593805
2025-11-04 09:00:00,1,-11.899166666666666,-8.801666666666668,60.30190978551171,13.948391577060931,18.388462940364235
2025-11-04 10:00:00,1,-7.6675,-15.245,40.70900378125765,13.948391577060931,20.479872197029763
2025-11-04 11:00:00,1,-12.875833333333333,-15.728333333333332,4.854957647553633,-20.808371559633034,-10.132112031802649
2025-11-04 12:00:00,1,-17.074166666666667,-17.313333333333333,-8.906130059689602,-20.808371559633034,-10.872255656223459
2025-11-04 13:00:00,1,-14.53,-20.171666666666667,8.68403922946743,-20.808371559633034,-1.7689470470933628
2025-11-04 14:00:00,1,-8.7125,-41.903333333333336,2.1622415673860047,-30.42118055555556,-4.682941837561117
2025-11-04 15:00:00,1,-8.844166666666666,-23.314166666666665,8.685321445831633,-15.19995915032679,-16.624974702100488
2025-11-04 16:00:00,1,-11.954166666666666,-28.679166666666664,43.16824696903738,-13.58842679127726,5.386832924478739
2025-11-04 17:00:00,1,-9.1225,-29.066666666666663,57.81737642724602,9.986434426229506,11.969526197399375
2025-11-04 18:00:00,1,-7.095,71.98833333333333,88.46448976462452,22.30047927461139,30.840171880010004
2025-11-04 19:00:00,1,-8.833333333333334,142.22166666666666,103.75043726071179,22.30047927461139,54.54965104694391
2025-11-04 20:00:00,1,-6.609166666666667,148.38583333333335,102.75028429249792,65.49653549382717,75.6186360425834
2025-11-04 21:00:00,1,-6.5,145.2725,58.155729320319445,65.49653549382717,55.86704043686927
2025-11-04 22:00:00,1,-6.5,147.86666666666667,-13.866373134676266,22.30047927461139,22.56338672811637
2025-11-04 23:00:00,1,-6.5,147.1025,-50.934955816429024,3.9408463541666663,15.475391598458245
2025-11-05 00:00:00,1,-5.2700000000000005,155.29166666666666,-49.98929363669889,3.9408463541666663,18.96813858332675
2025-11-05 01:00:00,1,-6.255,152.49333333333334,-18.717237441732124,3.9408463541666663,-1.3700453829577555
2025-11-05 02:00:00,1,-6.5,153.45416666666668,-21.72630972695636,13.92703363914373,2.5442815832652883
2025-11-05 03:00:00,1,-6.5,158.5175,-24.905103231457005,13.92703363914373,9.000374075922124
2025-11-05 04:00:00,1,-6.5,163.34416666666667,-28.707406198339527,13.92703363914373,12.550126091533514
2025-11-05 05:00:00,1,8.67,168.6,-19.588629849319148,13.92703363914373,17.09896510298644
2025-11-05 06:00:00,1,35.07,236.07083333333333,26.273359401531017,25.65929166666665,37.18743222472137
2025-11-05 07:00:00,1,5.090833333333333,210.1241666666667,49.28045157930345,25.65929166666665,39.872438758833276
2025-11-05 08:00:00,1,-6.390000000000001,112.33166666666666,-21.001852859054793,6.780158934707901,-15.394070577699807
2025-11-05 09:00:00,1,-9.720833333333331,38.5,-34.456166925438666,-15.19995915032679,-10.292263159581793
2025-11-05 10:00:00,1,-17.044166666666666,-5.9925,-39.051092885292675,-13.58842679127726,-10.923407283994436
2025-11-05 11:00:00,1,-27.555833333333336,3.8766666666666665,-59.32373792171468,-13.58842679127726,-21.144954377419083
2025-11-05 12:00:00,1,-29.08833333333333,12.233333333333333,-68.70506897555411,-30.42118055555556,-26.782778300635442
2025-11-05 13:00:00,1,-28.500833333333333,0.643333333333333,-57.693068503211904,-13.58842679127726,-25.749939319057006
2025-11-05 14:00:00,1,-26.809166666666663,5.4558333333333335,-73.38879778911284,-30.42118055555556,-33.59655909191649
2025-11-05 15:00:00,1,-21.94083333333333,5.7625,-46.98470851530034,-13.58842679127726,-27.418740216352745
2025-11-05 16:00:00,1,-19.916666666666668,29.6575,-31.13944308413089,-13.58842679127726,-24.592907099283664
2025-11-05 17:00:00,1,-14.591666666666669,46.36333333333334,11.379199741318999,9.986434426229506,9.687198435645698
2025-11-05 18:00:00,1,34.47666666666667,200.92,38.60218312577537,65.49653549382717,47.1376370434855
2025-11-05 19:00:00,1,117.495,253.5041666666667,97.5640116193054,132.1963194444445,98.70304766040023
2025-11-05 20:00:00,1,135.775,220.69,140.12578096331518,143.27848904267583,139.68702753620826
2025-11-05 21:00:00,1,132.71083333333334,229.3258333333333,133.73108326898762,143.27848904267583,135.37779373607657
2025-11-05 22:00:00,1,140.58833333333334,181.1708333333333,118.70437320957689,128.18008017492704,124.50728656390987
2025-11-05 23:00:00,1,125.47,164.50666666666666,127.41939414092072,128.18008017492704,124.97633542892122
2025-11-06 00:00:00,1,114.84083333333332,168.16583333333332,134.72658488871355,128.18008017492704,129.92384648177642
2025-11-06 01:00:00,1,125.2225,156.35333333333332,176.03968669812957,91.97704761904762,130.19444291747297
2025-11-06 02:00:00,1,123.66583333333334,155.3975,161.07211847735033,91.97704761904762,126.79679372342824
2025-11-06 03:00:00,1,105.055,147.04833333333332,151.52828413074866,91.97704761904762,123.39123813192273
2025-11-06 04:00:00,1,115.00916666666669,158.90666666666667,140.7218771916327,91.97704761904762,124.59921858762621
2025-11-06 05:00:00,1,146.1575,179.78083333333333,151.20782204058526,91.97704761904762,132.4278861751034
2025-11-06 06:00:00,1,147.4391666666667,220.18,142.42171302410378,128.18008017492704,112.53648048775082
2025-11-06 07:00:00,1,23.814166666666665,89.77666666666666,117.5039435485579,104.99664251207724,68.205383441656
2025-11-06 08:00:00,1,-1.1900000000000002,3.583333333333333,46.28229439416767,44.0713955823293,4.033439578240888
2025-11-06 09:00:00,1,-9.680833333333334,-0.8775000000000001,-20.94836046256316,-30.42118055555556,-25.504172553660723
2025-11-06 10:00:00,1,-13.0075,-8.166666666666666,-93.92927744285267,-41.70420634920635,-42.74853051272514
2025-11-06 11:00:00,1,-13.114166666666668,-9.543333333333331,-119.01873460061579,-67.67567656765678,-55.855408322430634
2025-11-06 12:00:00,1,-12.9425,-13.724166666666669,-122.92929748983401,-67.67567656765678,-58.42377308362285
2025-11-06 13:00:00,1,-12.095,-0.9641666666666668,-86.66351496663906,-41.70420634920635,-60.08175845124492
2025-11-06 14:00:00,1,-11.2175,1.7625,-76.2532382641139,-41.70420634920635,-47.48739800278801
2025-11-06 15:00:00,1,-6.8475,18.55666666666667,-25.599791267393044,-4.692333333333335,-29.99825401438052
2025-11-06 16:00:00,1,-7.344166666666666,46.66083333333333,58.190426181376424,44.0713955823293,21.05367150426114
2025-11-06 17:00:00,1,62.59333333333333,119.21333333333332,127.92307940156954,85.63562499999999,74.05987140769582
2025-11-06 18:00:00,1,100.68666666666668,243.22166666666664,190.8872474723851,118.00000809061486,128.40464537824082
2025-11-06 19:00:00,1,123.93666666666668,247.47416666666663,207.84029085166424,143.27848904267583,156.94258518277218
2025-11-06 20:00:00,1,149.98833333333332,205.97583333333333,182.70857136350978,143.27848904267583,141.66779843655428
2025-11-06 21:00:00,1,155.09083333333334,142.47833333333332,174.30428483720002,143.27848904267583,144.67152272232644
2025-11-06 22:00:00,1,130.0641666666667,138.6,155.79947392264717,128.18008017492704,129.9207218155911
2025-11-06 23:00:00,1,95.60666666666668,85.57583333333334,140.56676290899725,104.68762878787881,117.76153947567678
2025-11-07 00:00:00,1,92.41583333333334,91.50333333333332,143.0134436031554,128.18008017492704,120.2049323799929
2025-11-07 01:00:00,1,112.14916666666666,75.7275,142.6129191782219,121.34596830985912,106.46420042085296
2025-11-07 02:00:00,1,99.2,53.34916666666667,120.72893261295641,121.34596830985912,100.83164627387632
2025-11-07 03:00:00,1,73.70416666666667,61.560833333333335,80.63768030981701,53.06826732673269,72.23192220356968
2025-11-07 04:00:00,1,7.598333333333333,95.62666666666668,80.09807020938736,82.71501234567903,74.300864625648
2025-11-07 05:00:00,1,5.6625000000000005,142.4625,72.69763596418605,69.81681250000001,61.71478335775289
2025-11-07 06:00:00,1,-1.419166666666667,198.7033333333333,102.98836470850061,95.77963020833337,79.47348593229957
2025-11-07 07:00:00,1,7.168333333333333,126.59,94.14257362502019,95.77963020833337,41.94578240319244
2025-11-07 08:00:00,1,7.394166666666667,78.25833333333334,23.84824207804749,25.65929166666665,-2.7900405822186087
2025-11-07 09:00:00,1,-5.035833333333334,51.10583333333333,3.5573141363535967,22.30047927461139,-10.18881982289372
2025-11-07 10:00:00,1,-10.146666666666668,39.193333333333335,-26.24592429645044,-26.308193069306927,-16.463339766430693
2025-11-07 11:00:00,1,-4.9,24.909166666666664,-47.29779761324686,-26.308193069306927,-13.489294448375247
2025-11-07 12:00:00,1,-6.576666666666667,11.950833333333334,-21.081604108744003,9.986434426229506,-17.86028693254623
2025-11-07 13:00:00,1,-15.048333333333334,47.053333333333335,-19.62879060562429,-13.58842679127726,-9.043503778801295
2025-11-07 14:00:00,1,-3.235,21.364166666666662,39.92499491608767,44.0713955823293,14.52411121510653
2025-11-07 15:00:00,1,10.998333333333337,73.2225,77.55666424474552,85.63562499999999,37.486279197696454
2025-11-07 16:00:00,1,38.641666666666666,152.54416666666663,120.69995895299405,118.00000809061486,88.15582114282277
2025-11-07 17:00:00,1,30.289166666666663,176.13750000000002,104.95768190673274,118.00000809061486,71.61779531858092
2025-11-07 18:00:00,1,12.588333333333331,174.67499999999998,111.57393174216205,104.99664251207724,59.59236722467716
2025-11-07 19:00:00,1,9.065,166.58666666666667,150.6505230566921,143.27848904267583,108.96878753171879
2025-11-07 20:00:00,1,12.968333333333334,137.74,172.48406328592986,143.27848904267583,121.51797278325601
2025-11-07 21:00:00,1,4.415833333333333,125.485,103.24510633396059,65.49653549382717,61.024204850722654
2025-11-07 22:00:00,1,-0.2041666666666667,115.0375,61.093019640603345,65.49653549382717,25.764743221469722
2025-11-07 23:00:00,1,-9.753333333333332,126.50666666666666,28.991987368425193,36.8043894389439,10.288336951695015
2025-11-08 00:00:00,1,-5.275,126.58333333333331,19.968340681909027,3.9408463541666663,8.685362828681122
2025-11-08 01:00:00,1,-5.7625,121.105,24.288227033934866,3.9408463541666663,1.4054932032881027
2025-11-08 02:00:00,1,-11.471666666666666,102.8,29.32938955762897,3.9408463541666663,-2.0554822344965515
2025-11-08 03:00:00,1,-13.673333333333334,103.22,22.88234580905381,3.9408463541666663,-4.6942759291649025
2025-11-08 04:00:00,1,-12.453333333333331,90.88,12.064834240140001,13.92703363914373,-3.630548038395247
2025-11-08 05:00:00,1,-8.5375,86.99166666666667,-4.586595264090647,3.9408463541666663,-3.2347416510981475
2025-11-08 06:00:00,1,-6.0375000000000005,94.94916666666666,-10.695961850844853,3.9408463541666663,-5.231393862890954
2025-11-08 07:00:00,1,-7.890000000000001,31.390833333333333,-20.77829926354019,-15.19995915032679,-6.49251901495515
2025-11-08 08:00:00,1,-7.804166666666667,7.843333333333333,-26.683105103596944,-15.19995915032679,-6.513197974508614
2025-11-08 09:00:00,1,-10.0225,-0.2274999999999999,-48.16503180270756,-15.19995915032679,-12.69565772533484
2025-11-08 10:00:00,1,-16.576666666666668,-6.475833333333333,-65.10857270854142,-15.19995915032679,-12.428021053827806
2025-11-08 11:00:00,1,-14.089166666666666,-17.933333333333334,-69.53210639672425,-15.19995915032679,-7.222687460342215
2025-11-08 12:00:00,1,-13.318333333333332,-30.964166666666667,-71.09610361720705,-15.19995915032679,-8.350157710867819
2025-11-08 13:00:00,1,-14.596666666666666,-43.29916666666667,-78.05792652847983,-15.19995915032679,-6.269569878862086
2025-11-08 14:00:00,1,-16.495833333333334,-53.21,-67.35831507531289,-15.19995915032679,-9.763557788214555
2025-11-08 15:00:00,1,-27.813333333333333,-40.625,-29.3389402139791,-15.19995915032679,-11.812909505730616
2025-11-08 16:00:00,1,-30.284166666666668,-18.735833333333336,18.489240807344473,6.780158934707901,3.639673022866873
2025-11-08 17:00:00,1,-10.49,21.836666666666662,50.49627438001647,22.30047927461139,15.670445828206041
2025-11-08 18:00:00,1,13.130833333333332,95.89916666666666,76.08641435108562,22.30047927461139,25.544766038881583
2025-11-08 19:00:00,1,16.357499999999998,123.35583333333334,86.38514556672027,22.30047927461139,43.55443989332085
2025-11-08 20:00:00,1,9.7625,108.72333333333334,114.82108362285527,95.52197916666668,71.23551075570381
2025-11-08 21:00:00,1,64.3525,91.54083333333334,104.26755977467062,65.49653549382717,64.99818192906666
2025-11-08 22:00:00,1,54.11416666666667,96.5025,89.25858878315496,65.49653549382717,62.63786908390278
2025-11-08 23:00:00,1,15.695,89.64083333333333,49.649185500964,65.49653549382717,50.14888146051218
2025-11-09 00:00:00,1,28.27083333333333,71.7325,46.971113667958655,65.49653549382717,47.155226330048265
2025-11-09 01:00:00,1,19.51,63.255,50.18694678244623,36.8043894389439,43.08791714135164
2025-11-09 02:00:00,1,16.141666666666666,22.015,26.20155373749722,36.8043894389439,43.96026484933766
2025-11-09 03:00:00,1,15.563333333333333,49.76416666666666,11.254462521847017,13.92703363914373,41.431103347905704
2025-11-09 04:00:00,1,7.893333333333333,70.88250000000001,2.196278091591495,13.92703363914373,40.28612966339182
2025-11-09 05:00:00,1,19.5025,38.473333333333336,-3.6275313490683345,13.92703363914373,40.181452470700144
2025-11-09 06:00:00,1,54.89000000000001,-5.901666666666666,-0.7927190142520999,36.8043894389439,28.233823007472118
2025-11-09 07:00:00,1,6.988333333333333,-19.70083333333333,-11.136445462341754,9.986434426229506,9.107210419590729
2025-11-09 08:00:00,1,-5.831666666666667,-32.87833333333334,-21.797328369719708,-13.58842679127726,-14.1940305695056
2025-11-09 09:00:00,1,-12.2025,-43.5025,-30.759432411122688,-13.58842679127726,-14.655878784110485
2025-11-09 10:00:00,1,-12.456666666666663,-49.34583333333333,-40.75007946423888,-30.42118055555556,-22.782603627570964
2025-11-09 11:00:00,1,-13.7875,-53.26916666666667,-58.62654801960163,-41.70420634920635,-36.00057812925502
2025-11-09 12:00:00,1,-16.91583333333333,-49.29916666666667,-45.23584041112291,-41.70420634920635,-49.54362566404731
2025-11-09 13:00:00,1,-18.031666666666663,-51.18,-76.84163274785526,-41.70420634920635,-51.64279044028268
2025-11-09 14:00:00,1,-20.876666666666665,-42.29666666666667,-87.88796282737736,-41.70420634920635,-50.42534148948752
2025-11-09 15:00:00,1,-16.954166666666666,-17.9575,-67.83781266245187,-41.70420634920635,-40.172118568797174
2025-11-09 16:00:00,1,-13.045833333333334,-10.844166666666666,-37.68620959733842,-30.42118055555556,-25.54245302673165
2025-11-09 17:00:00,1,-11.800833333333337,36.74333333333333,6.277764267957792,-4.692333333333335,7.511498320399625
2025-11-09 18:00:00,1,46.428333333333335,55.025,63.24418850237839,65.49653549382717,50.95069341300886
2025-11-09 19:00:00,1,108.145,6.454999999999999,115.16864200325983,104.99664251207724,102.37168301689579
2025-11-09 20:00:00,1,118.8525,12.028333333333334,108.07939280321011,104.99664251207724,110.38520452055627
2025-11-09 21:00:00,1,132.73166666666663,70.50750000000001,95.07374893770071,104.99664251207724,99.28258296275612
2025-11-09 22:00:00,1,110.6025,71.58916666666667,73.22218627402071,128.18008017492704,86.37266598023226
2025-11-09 23:00:00,1,114.74,103.5325,58.27238916904689,83.45318318318317,73.76843796129353
2025-11-10 00:00:00,1,120.40333333333332,99.16,39.61335266672677,83.45318318318317,69.41317431862267
2025-11-10 01:00:00,1,113.68833333333332,87.52749999999999,47.01614418350445,83.45318318318317,71.37145705482047
2025-11-10 02:00:00,1,118.30333333333334,91.06,29.432415653153605,69.81681250000001,65.23030681176952
2025-11-10 03:00:00,1,119.66833333333334,81.65833333333333,17.711910751260433,69.81681250000001,64.81222523075351
2025-11-10 04:00:00,1,120.43916666666668,79.8,19.00685062082735,83.45318318318317,72.52504382458429
2025-11-10 05:00:00,1,137.8975,58.48166666666666,31.311205843287247,83.45318318318317,85.92539089020622
2025-11-10 06:00:00,1,132.41166666666666,67.3125,80.63021416944905,95.77963020833337,98.30072105583092
2025-11-10 07:00:00,1,71.82166666666667,58.23416666666666,82.16529009665942,49.814854740061165,73.63734914297272
2025-11-10 08:00:00,1,22.601666666666663,69.99249999999999,65.99169940536092,49.814854740061165,40.934742386841556
2025-11-10 09:00:00,1,-9.9125,46.70166666666666,21.638532222787084,44.0713955823293,17.06782628631474
2025-11-10 10:00:00,1,-10.491666666666667,19.24333333333333,4.73917268820766,13.948391577060931,22.113470661883618
2025-11-10 11:00:00,1,-7.6191666666666675,38.1675,8.933791207466243,13.948391577060931,35.88582599013983
2025-11-10 12:00:00,1,-4.555833333333333,27.1975,23.898570287291506,44.0713955823293,47.7425350321637
2025-11-10 13:00:00,1,-6.635000000000001,22.488333333333333,30.582880012115112,44.0713955823293,49.521953836610116
2025-11-10 14:00:00,1,-5.900833333333334,23.3425,32.15659650288488,44.0713955823293,51.676911244713494
2025-11-10 15:00:00,1,-1.1250000000000002,20.4275,28.12507287152605,44.0713955823293,52.69704084217385
2025-11-10 16:00:00,1,21.044166666666666,77.73916666666666,30.44335746658534,44.0713955823293,47.26849334611829
2025-11-10 17:00:00,1,44.5525,82.165,84.28884900120845,49.814854740061165,91.16656152452217
2025-11-10 18:00:00,1,90.01833333333333,62.99583333333334,161.02384624845445,118.00000809061486,156.6206824558186
2025-11-10 19:00:00,1,134.8575,78.655,153.15649488835518,142.8350560897435,173.38912844623565
2025-11-10 20:00:00,1,151.56583333333333,87.54,147.28164181916117,143.27848904267583,164.51135405049
2025-11-10 21:00:00,1,160.6675,169.89083333333335,136.90091753212693,143.27848904267583,162.42879722894716
2025-11-10 22:00:00,1,120.40666666666668,141.72916666666666,122.73111936188138,143.27848904267583,148.28629014383733
2025-11-10 23:00:00,1,127.88416666666666,123.095,105.58022097136312,107.047575,135.3376262448848
2025-11-11 00:00:00,1,145.86916666666664,122.17666666666666,89.70801446066848,107.047575,129.66654298625602
2025-11-11 01:00:00,1,87.52499999999999,117.93,101.70546970769522,91.97704761904762,104.69529426678774
2025-11-11 02:00:00,1,76.87166666666667,118.81333333333332,80.22641362438783,83.45318318318317,73.21129048869247
2025-11-11 03:00:00,1,54.17416666666667,95.54166666666669,6.428336577419131,13.92703363914373,26.622889599671254
2025-11-11 04:00:00,1,66.96083333333333,108.7675,-13.254985322738662,13.92703363914373,12.493087160018888
2025-11-11 05:00:00,1,69.37,133.8775,33.16380261868747,36.8043894389439,39.99633796632571
2025-11-11 06:00:00,1,81.02833333333334,195.8325,93.54619992516976,49.814854740061165,77.2222962662087
2025-11-11 07:00:00,1,119.53916666666667,87.995,130.65691744463504,95.52197916666668,96.7991362119522
2025-11-11 08:00:00,1,27.250833333333333,-3.125,133.40031342037258,95.52197916666668,115.90094132715518
2025-11-11 09:00:00,1,-7.015000000000001,-11.899166666666666,56.126253917261295,25.65929166666665,60.239868562241604
2025-11-11 10:00:00,1,-4.444999999999999,-7.6675,-9.423665313041738,6.780158934707901,42.08715649518238
2025-11-11 11:00:00,1,-16.503333333333334,-12.875833333333333,-6.148238023858482,22.30047927461139,39.17981272617777
2025-11-11 12:00:00,1,-17.904166666666665,-17.074166666666667,-16.715907432714275,-13.58842679127726,20.742605224901908
2025-11-11 13:00:00,1,-15.336666666666666,-14.53,-19.778052222034944,-13.58842679127726,20.33572342523138
2025-11-11 14:00:00,1,-17.62,-8.7125,-59.68253460460555,-30.42118055555556,-9.454954238819226
2025-11-11 15:00:00,1,-17.881666666666668,-8.844166666666666,-38.040528387204716,-13.58842679127726,0.3288389008267387
2025-11-11 16:00:00,1,-16.734166666666667,-11.954166666666666,-16.972849096199795,-13.58842679127726,3.7604379424849412
2025-11-11 17:00:00,1,-12.446666666666667,-9.1225,19.016089938502915,25.65929166666665,24.266939328149974
2025-11-11 18:00:00,1,6.298333333333332,-7.095,90.06877042418223,65.49653549382717,56.705002571930535
2025-11-11 19:00:00,1,91.89916666666666,-8.833333333333334,162.26018008190704,95.52197916666668,120.09858028313505
2025-11-11 20:00:00,1,109.385,-6.609166666666667,185.73475130292923,172.36693888888897,146.60004549555495
2025-11-11 21:00:00,1,114.55166666666668,-6.5,180.7518653467294,172.36693888888897,147.28447344703562
2025-11-11 22:00:00,1,91.66416666666667,-6.5,159.2183366226791,143.27848904267583,133.21110509985738
2025-11-11 23:00:00,1,60.240833333333335,-6.5,124.67632899309748,95.77963020833337,107.1682713836944
2025-11-12 00:00:00,1,23.684166666666663,-5.2700000000000005,110.27734087515285,95.77963020833337,95.3845043912235
2025-11-12 01:00:00,1,9.533333333333331,-6.255,120.07560231823547,95.77963020833337,70.34938478423331
2025-11-12 02:00:00,1,8.347499999999998,-6.5,103.87739543773287,49.814854740061165,65.05917170655917
2025-11-12 03:00:00,1,8.204166666666666,-6.5,93.54786700976692,69.81681250000001,64.33055039903672
2025-11-12 04:00:00,1,12.220833333333331,-6.5,87.84832712220025,36.8043894389439,64.56755741713988
2025-11-12 05:00:00,1,2.1733333333333333,8.67,99.99548424486133,49.814854740061165,76.11752169798993
2025-11-12 06:00:00,1,60.4025,35.07,153.21278316651097,49.814854740061165,88.53173678636477
2025-11-12 07:00:00,1,1.1,5.090833333333333,169.24176064490374,95.52197916666668,79.48881155800294
2025-11-12 08:00:00,1,-7.281666666666666,-6.390000000000001,100.1019385935591,25.65929166666665,39.58896378993397
2025-11-12 09:00:00,1,-13.305833333333332,-9.720833333333331,29.516875511337687,25.65929166666665,17.757578314152383
2025-11-12 10:00:00,1,-16.831666666666667,-17.044166666666666,-2.996090266751665,9.986434426229506,13.380395943357499
2025-11-12 11:00:00,1,-19.71583333333333,-27.555833333333336,1.3372050209695487,9.986434426229506,7.506708477427637
2025-11-12 12:00:00,1,-21.945,-29.08833333333333,-10.173380457809088,-13.58842679127726,10.318941798432007
2025-11-12 13:00:00,1,-25.10333333333333,-28.500833333333333,-13.840928758668127,-13.58842679127726,12.792475633438698
2025-11-12 14:00:00,1,-30.40333333333333,-26.809166666666663,-8.720065314385849,-13.58842679127726,1.623519401749789
2025-11-12 15:00:00,1,-24.294166666666666,-21.94083333333333,3.554539260757508,28.86629166666665,7.955333624681771
2025-11-12 16:00:00,1,-18.356666666666666,-19.916666666666668,27.970252894175864,28.86629166666665,13.168161433418732
2025-11-12 17:00:00,1,-9.080833333333333,-14.591666666666669,62.94659339636237,44.0713955823293,35.950389740843654
2025-11-12 18:00:00,1,29.54833333333333,34.47666666666667,158.3142375564438,85.63562499999999,85.18428485605534
2025-11-12 19:00:00,1,100.005,117.495,221.39471604778686,118.00000809061486,140.65444485555037
2025-11-12 20:00:00,1,124.71666666666664,135.775,227.7749021656674,143.27848904267583,164.37843433078132
2025-11-12 21:00:00,1,141.74583333333334,132.71083333333334,171.17775390670596,132.1963194444445,112.65778029080776
2025-11-12 22:00:00,1,121.13833333333334,140.58833333333334,99.44003854901358,65.49653549382717,64.4735704306414
2025-11-12 23:00:00,1,97.4225,125.47,67.29242572806382,65.49653549382717,50.12560451442152
2025-11-13 00:00:00,1,144.87083333333334,114.84083333333332,73.15085119592649,65.49653549382717,60.49005011323367
2025-11-13 01:00:00,1,89.1925,125.2225,89.9473119260451,49.814854740061165,42.63935123750988
2025-11-13 02:00:00,1,6.451666666666665,123.66583333333334,53.79909492522967,36.8043894389439,19.863370261346972
2025-11-13 03:00:00,1,-1.245,105.055,27.40781204565866,3.9408463541666663,8.680718490694545
2025-11-13 04:00:00,1,-4.968333333333333,115.00916666666669,19.633783245813447,3.9408463541666663,3.7635534080388595
2025-11-13 05:00:00,1,1.596666666666667,146.1575,43.49322733045791,3.9408463541666663,17.68540641148236
2025-11-13 06:00:00,1,17.843333333333334,147.4391666666667,83.2174605584515,25.65929166666665,23.61473667615065
2025-11-13 07:00:00,1,-3.2466666666666666,23.814166666666665,37.77353439806985,25.65929166666665,6.597911792282616
2025-11-13 08:00:00,1,-5.675833333333333,-1.1900000000000002,-10.302726259235314,9.986434426229506,-8.715735376636445
2025-11-13 09:00:00,1,-13.165833333333332,-9.680833333333334,-47.42461190345803,-13.58842679127726,-26.782616591975042
2025-11-13 10:00:00,1,-19.53333333333333,-13.0075,-88.21219054915416,-30.42118055555556,-45.22254174527643
2025-11-13 11:00:00,1,-26.001666666666665,-13.114166666666668,-104.90491878494025,-41.70420634920635,-54.41390293114918
2025-11-13 12:00:00,1,-30.5,-12.9425,-107.80922546677719,-41.70420634920635,-68.16512284259585
2025-11-13 13:00:00,1,-28.66,-12.095,-108.46628750515971,-41.70420634920635,-74.95939702961346
2025-11-13 14:00:00,1,-27.386666666666667,-11.2175,-120.92730846933132,-41.70420634920635,-75.04606166926834
2025-11-13 15:00:00,1,-15.870833333333332,-6.8475,-108.2096719458546,-41.70420634920635,-61.315302313516895
2025-11-13 16:00:00,1,-8.470833333333333,-7.344166666666666,-61.22312989626367,-30.42118055555556,-55.7255756941135
2025-11-13 17:00:00,1,1.3174999999999997,62.59333333333333,23.61904906417994,-4.692333333333335,-24.19740076146799
2025-11-13 18:00:00,1,56.93666666666667,100.68666666666668,119.82491251129935,65.49653549382717,26.00458268721178
2025-11-13 19:00:00,1,78.96916666666667,123.93666666666668,135.78877793018825,65.49653549382717,50.16883545860263
2025-11-13 20:00:00,1,82.70916666666666,149.98833333333332,147.6823150111099,65.49653549382717,79.28285012324174
2025-11-13 21:00:00,1,92.505,155.09083333333334,135.20371126050054,65.49653549382717,93.00614638628056
2025-11-13 22:00:00,1,89.59666666666668,130.0641666666667,136.11840396573822,107.047575,101.80548540731
2025-11-13 23:00:00,1,112.30333333333331,95.60666666666668,103.218791502202,107.047575,97.86446383454445
2025-11-14 00:00:00,1,112.98916666666666,92.41583333333334,108.90930668914817,107.047575,105.726684264172
2025-11-14 01:00:00,1,99.64,112.14916666666666,118.75112625062715,104.68762878787881,90.28769409499347
2025-11-14 02:00:00,1,94.20083333333334,99.2,84.83539728851397,104.68762878787881,76.0197970790987
2025-11-14 03:00:00,1,86.23583333333333,73.70416666666667,75.36494397919445,121.34596830985912,72.60055007131265
2025-11-14 04:00:00,1,97.83,7.598333333333333,84.13460399405245,121.34596830985912,79.07267687851271
2025-11-14 05:00:00,1,122.29583333333332,5.6625000000000005,110.94696682738972,121.34596830985912,91.26548011379789
2025-11-14 06:00:00,1,122.6725,-1.419166666666667,154.53079035936952,107.047575,105.18212382746586
2025-11-14 07:00:00,1,102.55083333333332,7.168333333333333,144.7861290335805,104.99664251207724,94.50470210155889
2025-11-14 08:00:00,1,15.939166666666669,7.394166666666667,101.93704407665169,85.63562499999999,40.81100905796226
2025-11-14 09:00:00,1,-9.665833333333332,-5.035833333333334,43.15635846270372,13.948391577060931,-2.9911807794948118
2025-11-14 10:00:00,1,-12.070833333333333,-10.146666666666668,10.624315037925797,3.61746,-9.551903428731094
2025-11-14 11:00:00,1,-19.6475,-4.9,-16.03898958085324,-21.795416666666664,-33.57338303004937
2025-11-14 12:00:00,1,-11.211666666666666,-6.576666666666667,-37.760187765900255,-21.795416666666664,-38.32084845333098
2025-11-14 13:00:00,1,-11.52,-15.048333333333334,-33.45979427540723,-21.795416666666664,-45.654941088153976
2025-11-14 14:00:00,1,-4.6425,-3.235,-37.23498762973904,-21.795416666666664,-44.36098921495028
2025-11-14 15:00:00,1,1.7891666666666666,10.998333333333337,-1.4907196533418556,-21.795416666666664,-38.8965842456421
2025-11-14 16:00:00,1,-1.8633333333333333,38.641666666666666,54.92375041857791,3.61746,-21.738968155220633
2025-11-14 17:00:00,1,9.174166666666666,30.289166666666663,94.73454107047559,28.86629166666665,0.5056471371960782
2025-11-14 18:00:00,1,68.92583333333333,12.588333333333331,134.74892201446227,65.49653549382717,37.31279750347923
2025-11-14 19:00:00,1,118.76083333333332,9.065,148.82890131017092,104.99664251207724,78.1202637860493
2025-11-14 20:00:00,1,105.655,12.968333333333334,139.36420724534452,104.99664251207724,87.97184411477873
2025-11-14 21:00:00,1,105.78583333333334,4.415833333333333,134.24966188203524,143.27848904267583,91.93282471620319
2025-11-14 22:00:00,1,100.63666666666666,-0.2041666666666667,133.3930906827024,107.047575,97.89631434719674
2025-11-14 23:00:00,1,98.0925,-9.753333333333332,132.35282408339572,107.047575,95.19897210647792
2025-11-15 00:00:00,1,112.22583333333334,-5.275,156.83877883485317,107.047575,109.28206697888797
2025-11-15 01:00:00,1,110.78583333333334,-5.7625,173.73979481624963,91.97704761904762,112.66886617127918
2025-11-15 02:00:00,1,102.685,-11.471666666666666,150.93425958551865,91.97704761904762,107.86232128071043
2025-11-15 03:00:00,1,102.99166666666667,-13.673333333333334,121.0974839260578,91.97704761904762,99.99406169217615
2025-11-15 04:00:00,1,100.565,-12.453333333333331,87.89071235109158,91.97704761904762,89.46405810916757
2025-11-15 05:00:00,1,120.42833333333331,-8.5375,77.37910741050078,91.97704761904762,85.54380953533784
2025-11-15 06:00:00,1,143.9358333333333,-6.0375000000000005,93.97100809811491,91.97704761904762,86.04094021040557
2025-11-15 07:00:00,1,38.65833333333333,-7.890000000000001,78.88205386167932,44.0713955823293,49.74037181521154
2025-11-15 08:00:00,1,15.575,-7.804166666666667,42.492483802656814,13.948391577060931,3.082250345504164
2025-11-15 09:00:00,1,2.1425,-10.0225,17.724818998770473,3.61746,-21.382218867886678
2025-11-15 10:00:00,1,-12.016666666666666,-16.576666666666668,-8.668754353936606,-21.795416666666664,-31.485613015713582
2025-11-15 11:00:00,1,-14.155,-14.089166666666666,-44.73007968960597,-21.795416666666664,-54.11522123181422
2025-11-15 12:00:00,1,-17.315833333333334,-13.318333333333332,-60.60157005591121,-21.795416666666664,-58.99298801967876
2025-11-15 13:00:00,1,-11.488333333333337,-14.596666666666666,-56.60598252576746,-21.795416666666664,-62.49344479215429
2025-11-15 14:00:00,1,-6.271666666666666,-16.495833333333334,-58.656572691377235,-20.808371559633034,-41.82237651493958
2025-11-15 15:00:00,1,-4.2316666666666665,-27.813333333333333,-30.98818694853088,3.61746,-38.5781732731504
2025-11-15 16:00:00,1,-5.325,-30.284166666666668,10.491455232811035,3.61746,-3.6958156993523943
2025-11-15 17:00:00,1,13.114166666666668,-10.49,46.2093803781853,28.86629166666665,16.92367351864607
2025-11-15 18:00:00,1,68.54416666666667,13.130833333333332,82.97850725306783,44.0713955823293,44.04268468107309
2025-11-15 19:00:00,1,75.8975,16.357499999999998,105.15680998578182,65.49653549382717,78.84239951352855
2025-11-15 20:00:00,1,74.91166666666668,9.7625,128.4140603469558,107.047575,111.26796289017042
2025-11-15 21:00:00,1,75.66,64.3525,136.70904437606686,107.047575,116.60882710022068
2025-11-15 22:00:00,1,80.10916666666667,54.11416666666667,135.00213889368365,107.047575,109.23703685700602
2025-11-15 23:00:00,1,92.0725,15.695,125.02286630334032,91.97704761904762,104.56896883561183
2025-11-16 00:00:00,1,87.20666666666666,28.27083333333333,121.15925625014246,107.047575,110.36397896887556
2025-11-16 01:00:00,1,79.235,19.51,129.25419925133804,91.97704761904762,101.12082473016756
2025-11-16 02:00:00,1,74.5725,16.141666666666666,102.20096956806393,91.97704761904762,93.1160881076742
2025-11-16 03:00:00,1,63.48500000000001,15.563333333333333,116.35246552301948,82.71501234567903,92.69591001118282
2025-11-16 04:00:00,1,60.25749999999999,7.893333333333333,117.29638373508172,82.71501234567903,90.87310901534799
2025-11-16 05:00:00,1,22.97666666666667,19.5025,81.69910566927996,82.71501234567903,85.08362846249764
2025-11-16 06:00:00,1,-1.6541666666666668,54.89000000000001,42.32108150264973,82.71501234567903,63.29227713320855
2025-11-16 07:00:00,1,-24.044166666666666,6.988333333333333,30.265845005556194,13.948391577060931,29.767084011131438
2025-11-16 08:00:00,1,-24.335,-5.831666666666667,28.1924740333372,13.948391577060931,3.776853808209836
2025-11-16 09:00:00,1,-38.619166666666665,-12.2025,-5.579500336350904,13.948391577060931,-18.425981564235883
2025-11-16 10:00:00,1,-33.975,-12.456666666666663,-28.73137399675487,13.948391577060931,-18.03668666894511
2025-11-16 11:00:00,1,-37.3425,-13.7875,-68.9475970047266,-13.58842679127726,-31.20661011147577
2025-11-16 12:00:00,1,-32.090833333333336,-16.91583333333333,-84.62714391949301,-30.42118055555556,-28.88632352215859
2025-11-16 13:00:00,1,-24.27916666666667,-18.031666666666663,-89.92937626784531,-41.70420634920635,-58.7280769687527
2025-11-16 14:00:00,1,-21.1925,-20.876666666666665,-75.15813548858789,-41.70420634920635,-45.95740762130609
2025-11-16 15:00:00,1,-16.405833333333334,-16.954166666666666,-40.35157332298982,-20.808371559633034,-22.89594164964575
2025-11-16 16:00:00,1,-17.996666666666666,-13.045833333333334,-16.62690254118064,-20.808371559633034,-23.07415604042656
2025-11-16 17:00:00,1,-9.411666666666669,-11.800833333333337,7.099390058348774,-13.58842679127726,-13.125004512994934
2025-11-16 18:00:00,1,-2.926666666666667,46.428333333333335,43.223345853323956,22.30047927461139,12.850359429765305
2025-11-16 19:00:00,1,-6.683333333333334,108.145,15.484795836787427,22.30047927461139,25.944854130193093
2025-11-16 20:00:00,1,-6.5,118.8525,38.61567382006947,65.49653549382717,45.47969497345351
2025-11-16 21:00:00,1,-7.12,132.73166666666663,45.070842776306804,65.49653549382717,38.526204147522776
2025-11-16 22:00:00,1,-6.579166666666667,110.6025,26.450158747113306,36.8043894389439,32.95620108001948
2025-11-16 23:00:00,1,-6.5,114.74,20.827242557946796,13.92703363914373,30.684518730978198
2025-11-17 00:00:00,1,-4.753333333333333,120.40333333333332,16.717513688096133,13.92703363914373,32.56346310133412
2025-11-17 01:00:00,1,-6.0075,113.68833333333332,31.46053969463952,13.92703363914373,33.05862553189204
2025-11-17 02:00:00,1,-6.866666666666667,118.30333333333334,19.982379834432777,13.92703363914373,32.087156733415966
2025-11-17 03:00:00,1,-9.13,119.66833333333334,4.858114118314418,13.92703363914373,30.729732342294014
2025-11-17 04:00:00,1,-7.783333333333332,120.43916666666668,2.8401140789034685,13.92703363914373,34.032762132600475
2025-11-17 05:00:00,1,-6.5,137.8975,3.4872010464901706,13.92703363914373,42.00564788852446
2025-11-17 06:00:00,1,5.974166666666666,132.41166666666666,32.962221996000935,25.65929166666665,51.191729102652026
2025-11-17 07:00:00,1,-3.5850000000000004,71.82166666666667,44.180250898905214,22.30047927461139,35.820969978287444
2025-11-17 08:00:00,1,-10.9375,22.601666666666663,48.370560903731445,22.30047927461139,27.652541350448324
2025-11-17 09:00:00,1,-11.251666666666669,-9.9125,20.84994926785722,22.30047927461139,21.33530094328829
2025-11-17 10:00:00,1,-11.591666666666669,-10.491666666666667,-2.8241608727556695,22.30047927461139,17.057778954614946
2025-11-17 11:00:00,1,-11.284166666666666,-7.6191666666666675,-7.7559240275718935,9.986434426229506,12.335717643631554
2025-11-17 12:00:00,1,-11.2425,-4.555833333333333,-21.62129721715604,-15.19995915032679,9.723360136151896
2025-11-17 13:00:00,1,-10.715000000000002,-6.635000000000001,-21.92260337078696,9.986434426229506,10.418029422730172
2025-11-17 14:00:00,1,-14.783333333333331,-5.900833333333334,-27.541124262782162,-15.19995915032679,5.271212176618263
2025-11-17 15:00:00,1,-11.936666666666667,-1.1250000000000002,-2.748675024317137,9.986434426229506,18.89090405294472
2025-11-17 16:00:00,1,-8.2475,21.044166666666666,52.30549387534195,25.65929166666665,41.28751409615096
2025-11-17 17:00:00,1,-6.355,44.5525,88.49263256294327,49.814854740061165,78.00629440383608
2025-11-17 18:00:00,1,-11.688333333333333,90.01833333333333,103.50972193373423,65.49653549382717,104.10161847226641
2025-11-17 19:00:00,1,-10.525,134.8575,106.66110181655881,65.49653549382717,109.95604276437281
2025-11-17 20:00:00,1,-5.52,151.56583333333333,108.12694394862805,65.49653549382717,112.57865591216162
2025-11-17 21:00:00,1,3.1366666666666667,160.6675,117.0315129054174,65.49653549382717,98.04005599896334
2025-11-17 22:00:00,1,2.6325,120.40666666666668,84.57063504080125,65.49653549382717,87.89707246163502
2025-11-17 23:00:00,1,1.399166666666667,127.88416666666666,58.69601962514494,69.81681250000001,82.13179171705013
2025-11-18 00:00:00,1,8.756666666666666,145.86916666666664,58.63274372746545,69.81681250000001,87.96656640106505
2025-11-18 01:00:00,1,6.324999999999999,87.52499999999999,76.56210000654663,36.8043894389439,56.913059954107325
2025-11-18 02:00:00,1,8.95,76.87166666666667,64.38886583238136,69.81681250000001,55.81330461155723
2025-11-18 03:00:00,1,8.95,54.17416666666667,45.693548121010494,69.81681250000001,57.856571991990776
2025-11-18 04:00:00,1,11.610833333333334,66.96083333333333,47.89335096723516,69.81681250000001,60.297746899223185
2025-11-18 05:00:00,1,43.675,69.37,66.97518395526092,69.81681250000001,73.90407622794402
2025-11-18 06:00:00,1,77.4475,81.02833333333334,114.62876545155203,95.77963020833337,88.02438639419083
2025-11-18 07:00:00,1,13.79,119.53916666666667,105.11968180558382,132.1963194444445,82.48548352740372
2025-11-18 08:00:00,1,-1.9308333333333327,27.250833333333333,34.62257655019417,49.814854740061165,30.48091967253439
2025-11-18 09:00:00,1,-2.2566666666666664,-7.015000000000001,-37.23961439929063,-15.19995915032679,-2.9080526986945756
2025-11-18 10:00:00,1,-9.495833333333334,-4.444999999999999,-35.88155558413928,-15.19995915032679,-2.070490370599302
2025-11-18 11:00:00,1,-11.961666666666666,-16.503333333333334,-29.191626614448523,9.986434426229506,7.439037086474073
2025-11-18 12:00:00,1,-11.989166666666668,-17.904166666666665,-21.820799369709206,9.986434426229506,12.430112681997855
2025-11-18 13:00:00,1,-13.396666666666668,-15.336666666666666,-19.512499196958146,-13.58842679127726,6.333701261236683
2025-11-18 14:00:00,1,-18.480833333333333,-17.62,-25.541607244033813,-13.58842679127726,2.457446487674403
2025-11-18 15:00:00,1,-18.493333333333336,-17.881666666666668,-9.337040023790081,-13.58842679127726,7.628240001459346
2025-11-18 16:00:00,1,-21.11,-16.734166666666667,-13.85040487697178,9.986434426229506,3.214379867722542
2025-11-18 17:00:00,1,-14.970833333333331,-12.446666666666667,11.126843119032486,44.0713955823293,24.778729055657784
2025-11-18 18:00:00,1,-17.591666666666665,6.298333333333332,39.68078336241593,65.49653549382717,60.69093687448506
2025-11-18 19:00:00,1,-6.6675,91.89916666666666,52.15813840625141,65.49653549382717,87.04132009516427
2025-11-18 20:00:00,1,40.57083333333333,109.385,63.93045495217329,132.1963194444445,106.37922009388234
2025-11-18 21:00:00,1,71.43916666666667,114.55166666666668,51.77015123054004,132.1963194444445,96.44074098788333
2025-11-18 22:00:00,1,76.55,91.66416666666667,50.35725283191167,95.77963020833337,102.38289985818584
2025-11-18 23:00:00,1,82.63333333333334,60.240833333333335,54.8084586306485,107.047575,111.200202510811
2025-11-19 00:00:00,1,97.57583333333334,23.684166666666663,66.89351768076956,107.047575,121.89111001045185
2025-11-19 01:00:00,1,88.78916666666667,9.533333333333331,96.37771992777171,121.34596830985912,110.36260222987613
2025-11-19 02:00:00,1,80.9075,8.347499999999998,83.42275611216328,121.34596830985912,107.78498625513954
2025-11-19 03:00:00,1,57.653333333333336,8.204166666666666,72.20737007050093,121.34596830985912,106.57405829233977
2025-11-19 04:00:00,1,57.25666666666667,12.220833333333331,67.52392934861535,121.34596830985912,108.65106851759057
2025-11-19 05:00:00,1,79.2725,2.1733333333333333,77.08850902489478,121.34596830985912,117.95050891490999
2025-11-19 06:00:00,1,84.05416666666666,60.4025,93.71647990042155,107.047575,110.23360160129954
2025-11-19 07:00:00,1,23.686666666666667,1.1,84.84206093494365,107.047575,74.35271035293708
2025-11-19 08:00:00,1,2.0883333333333334,-7.281666666666666,44.84388450061392,44.0713955823293,18.7791562767906
2025-11-19 09:00:00,1,-8.293333333333333,-13.305833333333332,7.737101199228093,13.948391577060931,5.364248421163865
2025-11-19 10:00:00,1,-13.4075,-16.831666666666667,-23.262405201833133,13.948391577060931,-8.398794011982247
2025-11-19 11:00:00,1,-15.9425,-19.71583333333333,-56.900101648906045,-20.808371559633034,-37.51020644645763
2025-11-19 12:00:00,1,-14.935833333333331,-21.945,-71.32459980309265,-20.808371559633034,-45.663443875062484
2025-11-19 13:00:00,1,-14.201666666666666,-25.10333333333333,-63.10199939357345,-20.808371559633034,-45.42864503883325
2025-11-19 14:00:00,1,-18.686666666666667,-30.40333333333333,-58.952442962914986,-20.808371559633034,-38.54408090601633
2025-11-19 15:00:00,1,-29.059166666666663,-24.294166666666666,-50.58767096243041,-20.808371559633034,-42.158480036044494
2025-11-19 16:00:00,1,-35.73,-18.356666666666666,-36.281825045447206,-20.808371559633034,-33.55650927659116
2025-11-19 17:00:00,1,-38.79333333333333,-9.080833333333333,-0.27785419294083624,-13.58842679127726,-4.664750230503913
2025-11-19 18:00:00,1,-21.535833333333333,29.54833333333333,55.60721588649114,65.49653549382717,28.701662172118347
2025-11-19 19:00:00,1,5.539166666666667,100.005,106.60514329294932,65.49653549382717,68.05019217011288
2025-11-19 20:00:00,1,18.0125,124.71666666666664,153.5404893823831,143.27848904267583,122.367996977549
2025-11-19 21:00:00,1,48.626666666666665,141.74583333333334,147.4366760696481,143.27848904267583,119.53675027300504
2025-11-19 22:00:00,1,104.03833333333334,121.13833333333334,128.84733526239154,107.047575,103.45251489227216
2025-11-19 23:00:00,1,73.2225,97.4225,108.1817567457603,107.047575,96.2008997081975
2025-11-20 00:00:00,1,78.40583333333333,144.87083333333334,97.68411255940399,107.047575,94.96998744222248
2025-11-20 01:00:00,1,74.765,89.1925,120.55496251588194,91.97704761904762,83.28237070071057
2025-11-20 02:00:00,1,77.70166666666667,6.451666666666665,100.8854676718766,91.97704761904762,77.785781753599
2025-11-20 03:00:00,1,71.67833333333333,-1.245,75.78985346120552,91.97704761904762,69.35898719359643
2025-11-20 04:00:00,1,76.86166666666666,-4.968333333333333,71.9744982884228,83.45318318318317,69.19910789604609
2025-11-20 05:00:00,1,78.5825,1.596666666666667,88.20782508643117,83.45318318318317,78.1878489416177
2025-11-20 06:00:00,1,82.56666666666666,17.843333333333334,111.37802775427284,95.77963020833337,83.79604564947702
2025-11-20 07:00:00,1,33.07083333333333,-3.2466666666666666,69.55400293331665,49.814854740061165,50.54231154602868
2025-11-20 08:00:00,1,-8.740833333333333,-5.675833333333333,51.35135690682683,49.814854740061165,28.983826818548735
2025-11-20 09:00:00,1,-9.343333333333334,-13.165833333333332,12.026960314108024,9.986434426229506,4.702667366964391
2025-11-20 10:00:00,1,-10.468333333333334,-19.53333333333333,-27.98112242464036,-13.58842679127726,-9.431562889541723
2025-11-20 11:00:00,1,-11.351666666666668,-26.001666666666665,-46.246351590915665,-30.42118055555556,-16.300333702507174
2025-11-20 12:00:00,1,-12.805833333333334,-30.5,-56.92505409769187,-30.42118055555556,-22.028589588743344
2025-11-20 13:00:00,1,-12.661666666666669,-28.66,-54.28099162480392,-30.42118055555556,-32.61836284385642
2025-11-20 14:00:00,1,-15.6175,-27.386666666666667,-57.37646360958594,-30.42118055555556,-36.027418824951496
2025-11-20 15:00:00,1,-29.175833333333333,-15.870833333333332,-62.59779811068894,-41.70420634920635,-38.9613987098944
2025-11-20 16:00:00,1,-56.560833333333335,-8.470833333333333,-45.14488562871456,-30.42118055555556,-34.356978258970955
2025-11-20 17:00:00,1,-23.871666666666663,1.3174999999999997,13.513442804244931,-13.58842679127726,-15.503646355955524
2025-11-20 18:00:00,1,-9.746666666666668,56.93666666666667,66.34562121222368,22.30047927461139,5.137424877852737
2025-11-20 19:00:00,1,25.4125,78.96916666666667,111.14815682107943,65.49653549382717,44.87410491313543
2025-11-20 20:00:00,1,58.44166666666666,82.70916666666666,136.99266232531983,65.49653549382717,71.94231988661627
2025-11-20 21:00:00,1,55.149166666666666,92.505,136.23840247301038,65.49653549382717,73.27430054680168
2025-11-20 22:00:00,1,42.54166666666666,89.59666666666668,110.63739993349904,65.49653549382717,65.21518795820508
2025-11-20 23:00:00,1,27.309166666666663,112.30333333333331,80.36192048946553,95.77963020833337,59.39318726028781
2025-11-21 00:00:00,1,42.47416666666667,112.98916666666666,76.52185006603088,95.77963020833337,64.40847405823126
2025-11-21 01:00:00,1,14.2825,99.64,102.41429808001931,95.77963020833337,56.449960531221166
2025-11-21 02:00:00,1,9.206666666666663,94.20083333333334,78.11449304004856,69.81681250000001,48.47401292274775
2025-11-21 03:00:00,1,5.058333333333333,86.23583333333333,48.42702973098889,69.81681250000001,39.10953464203046
2025-11-21 04:00:00,1,-2.105833333333333,97.83,14.083091568439656,13.92703363914373,38.36371508566248
2025-11-21 05:00:00,1,3.3666666666666667,122.29583333333332,19.287847241791795,36.8043894389439,44.87742436694385
2025-11-21 06:00:00,1,7.535,122.6725,37.96552763150422,49.814854740061165,46.27450813576851
2025-11-21 07:00:00,1,-9.1975,102.55083333333332,38.80144263154408,25.65929166666665,13.488939380606496
2025-11-21 08:00:00,1,-14.280833333333334,15.939166666666669,6.217260711810965,9.986434426229506,-4.435470486336641
2025-11-21 09:00:00,1,-16.204166666666666,-9.665833333333332,-39.96981390566734,-13.58842679127726,-16.64349586946811
2025-11-21 10:00:00,1,-38.7025,-12.070833333333333,-69.92784466733217,-30.42118055555556,-29.4540985687823
2025-11-21 11:00:00,1,-47.8125,-19.6475,-85.19686593744895,-41.70420634920635,-46.10614017175757
2025-11-21 12:00:00,1,-59.7525,-11.211666666666666,-82.94835663424773,-41.70420634920635,-51.728447194694155
2025-11-21 13:00:00,1,-68.45166666666667,-11.52,-91.06160798003428,-67.67567656765678,-68.34058015442415
2025-11-21 14:00:00,1,-80.79666666666667,-4.6425,-102.07255622807092,-67.67567656765678,-70.5657356891482
2025-11-21 15:00:00,1,-61.06166666666667,1.7891666666666666,-84.74022884735932,-67.67567656765678,-64.14278573618802
2025-11-21 16:00:00,1,-43.695,-1.8633333333333333,-44.858528221455785,-41.70420634920635,-48.527610867821835
2025-11-21 17:00:00,1,-8.5275,9.174166666666666,-27.86057613044673,-15.19995915032679,-39.27592802256197
2025-11-21 18:00:00,1,15.208333333333334,68.92583333333333,-8.374182461097249,-15.19995915032679,-26.147616876564555
2025-11-21 19:00:00,1,50.18,118.76083333333332,25.31636931272888,65.49653549382717,3.387705629875015
2025-11-21 20:00:00,1,58.94833333333333,105.655,50.89244031181214,65.49653549382717,36.62185780009509
2025-11-21 21:00:00,1,52.0225,105.78583333333334,50.98576529402544,65.49653549382717,46.39129187456502
2025-11-21 22:00:00,1,44.4025,100.63666666666666,50.296177367890316,95.77963020833337,56.64391579005037
2025-11-21 23:00:00,1,37.46583333333333,98.0925,37.927929010484476,83.45318318318317,57.77361276993722
2025-11-22 00:00:00,1,49.9875,112.22583333333334,54.00327938125047,91.97704761904762,76.55937939653788
2025-11-22 01:00:00,1,43.445,110.78583333333334,94.82713843517158,91.97704761904762,96.29086070643282
2025-11-22 02:00:00,1,43.75416666666666,102.685,83.5393682652549,91.97704761904762,93.74197337087054
2025-11-22 03:00:00,1,54.96333333333333,102.99166666666667,63.293714096952954,91.97704761904762,88.64300375359774
2025-11-22 04:00:00,1,55.45166666666666,100.565,75.45193869018358,91.97704761904762,95.18207101584453
2025-11-22 05:00:00,1,59.58833333333334,120.42833333333331,62.0198367027858,91.97704761904762,92.41032145833591
2025-11-22 06:00:00,1,109.27833333333332,143.9358333333333,59.93602400731183,44.0713955823293,78.39818687755881
2025-11-22 07:00:00,1,60.115,38.65833333333333,59.913017760986726,44.0713955823293,42.24273375065651
2025-11-22 08:00:00,1,43.22416666666667,15.575,49.35034485279652,44.0713955823293,10.403665872144657
2025-11-22 09:00:00,1,23.05,2.1425,2.9187511712434855,13.948391577060931,-11.14015142919358
2025-11-22 10:00:00,1,1.935,-12.016666666666666,-35.31055343056464,-20.808371559633034,-40.30901750470335
2025-11-22 11:00:00,1,5.205,-14.155,-28.462082876496254,-21.795416666666664,-19.344291224698154
2025-11-22 12:00:00,1,3.608333333333333,-17.315833333333334,-44.6067442902537,-21.795416666666664,-50.58384127657695
2025-11-22 13:00:00,1,4.066666666666666,-11.488333333333337,-22.33993085874455,-21.795416666666664,-39.058766693567875
2025-11-22 14:00:00,1,9.28,-6.271666666666666,-14.921441813963852,-21.795416666666664,-26.48690975626792
2025-11-22 15:00:00,1,26.703333333333333,-4.2316666666666665,-2.002298536982309,-21.795416666666664,-5.064717855048514
2025-11-22 16:00:00,1,88.63416666666667,-5.325,30.69189622920981,28.86629166666665,6.713877392684367
2025-11-22 17:00:00,1,130.66083333333333,13.114166666666668,34.17274800116233,49.814854740061165,27.542649783615815
2025-11-22 18:00:00,1,131.92666666666665,68.54416666666667,36.98482727458074,65.49653549382717,38.53295231414941
2025-11-22 19:00:00,1,132.06833333333333,75.8975,67.78701765599594,95.77963020833337,79.89720688046387
2025-11-22 20:00:00,1,150.5975,74.91166666666668,76.43842682663245,95.77963020833337,95.75098457742678
2025-11-22 21:00:00,1,171.51999999999998,75.66,69.35427714289499,65.49653549382717,77.68022557784506
2025-11-22 22:00:00,1,175.34416666666667,80.10916666666667,52.23768299530526,95.77963020833337,73.33464030918341
2025-11-22 23:00:00,1,112.35,92.0725,32.90557567213392,69.81681250000001,73.93299021131254
2025-11-23 00:00:00,1,169.35083333333333,87.20666666666666,49.1607860377081,83.45318318318317,85.1004335866219
2025-11-23 01:00:00,1,167.35,79.235,66.74375449471087,83.45318318318317,79.11254534436743
2025-11-23 02:00:00,1,179.4675,74.5725,44.5375948431947,83.45318318318317,69.81377080027504
2025-11-23 03:00:00,1,173.3216666666667,63.48500000000001,5.499069407429403,13.92703363914373,44.07685128123203
2025-11-23 04:00:00,1,150.20583333333337,60.25749999999999,-12.66029340276873,13.92703363914373,36.35317949448173
2025-11-23 05:00:00,1,216.955,22.97666666666667,-6.830223593792795,13.92703363914373,41.31257737648008
2025-11-23 06:00:00,1,159.63833333333335,-1.6541666666666668,19.363625514910368,69.81681250000001,49.930363898031935
2025-11-23 07:00:00,1,81.48916666666666,-24.044166666666666,17.03051045339042,83.45318318318317,49.901077487512126
2025-11-23 08:00:00,1,29.77333333333333,-24.335,19.981836512322744,13.948391577060931,26.740806465279853
2025-11-23 09:00:00,1,4.65,-38.619166666666665,23.65881659735129,13.948391577060931,9.777296406551883
2025-11-23 10:00:00,1,6.642499999999999,-33.975,16.007656817308458,13.948391577060931,0.9804133259468557
2025-11-23 11:00:00,1,4.395833333333333,-37.3425,8.807922898062955,13.948391577060931,10.049323568572731
2025-11-23 12:00:00,1,-6.014166666666667,-32.090833333333336,-10.947080380783476,13.948391577060931,-5.877442955017017
2025-11-23 13:00:00,1,-5.896666666666666,-24.27916666666667,-29.853146578837325,-13.58842679127726,-17.931937306116538
2025-11-23 14:00:00,1,-10.8,-21.1925,-49.26177878325227,-30.42118055555556,-21.335342937934783
2025-11-23 15:00:00,1,-12.575833333333334,-16.405833333333334,-34.57487340706328,-30.42118055555556,-20.226308542637597
2025-11-23 16:00:00,1,-10.499166666666666,-17.996666666666666,-2.6649106237512683,28.86629166666665,-18.281851182304166
2025-11-23 17:00:00,1,-10.913333333333334,-9.411666666666669,33.28644388620603,44.0713955823293,7.636417690583741
2025-11-23 18:00:00,1,26.085,-2.926666666666667,71.18272162293249,65.49653549382717,35.69630985430197
2025-11-23 19:00:00,1,74.43333333333334,-6.683333333333334,104.07051509402052,65.49653549382717,69.21196163837575
2025-11-23 20:00:00,1,91.46666666666664,-6.5,139.75696786287503,107.047575,104.3929851394756
2025-11-23 21:00:00,1,115.03833333333334,-7.12,118.85036884918505,107.047575,90.53590061552711
2025-11-23 22:00:00,1,109.63833333333334,-6.579166666666667,89.20135370208105,91.97704761904762,80.61465943276507
2025-11-23 23:00:00,1,104.515,-6.5,76.77319899975303,91.97704761904762,76.03284617331923
2025-11-24 00:00:00,1,121.70666666666666,-4.753333333333333,82.80795989325007,91.97704761904762,81.14572661940504
2025-11-24 01:00:00,1,108.86166666666666,-6.0075,77.984696628198,83.45318318318317,69.84590320000595
2025-11-24 02:00:00,1,100.13333333333333,-6.866666666666667,61.11630598858386,53.06826732673269,63.737255493640305
2025-11-24 03:00:00,1,85.49833333333333,-9.13,74.29158836424307,82.71501234567903,83.9007605018462
2025-11-24 04:00:00,1,80.3225,-7.783333333333332,69.62059986359127,82.71501234567903,84.7149056440994
2025-11-24 05:00:00,1,102.19666666666666,-6.5,88.67685026156047,91.97704761904762,98.89043779496185
2025-11-24 06:00:00,1,119.84166666666664,5.974166666666666,105.9165626870126,107.047575,104.71639492241495
2025-11-24 07:00:00,1,51.98833333333334,-3.5850000000000004,112.94200813383694,107.047575,94.67676900976058
2025-11-24 08:00:00,1,4.0425,-10.9375,81.66976072699923,44.0713955823293,61.95308443124489
2025-11-24 09:00:00,1,0.5658333333333333,-11.251666666666669,35.68461947863297,13.948391577060931,37.730887006112326
2025-11-24 10:00:00,1,-3.780833333333333,-11.591666666666669,7.141024352686287,3.61746,17.42166733088409
2025-11-24 11:00:00,1,-6.44,-11.284166666666666,0.9094509505999895,-21.795416666666664,-2.1862695251780053
2025-11-24 12:00:00,1,-9.324166666666668,-11.2425,4.384383347931021,-21.795416666666664,2.0607726332862057
2025-11-24 13:00:00,1,-10.9875,-10.715000000000002,-8.249724844210164,-21.795416666666664,-11.191141561381798
2025-11-24 14:00:00,1,-9.8675,-14.783333333333331,-8.437888884757825,3.61746,-11.096778207709917
2025-11-24 15:00:00,1,-5.391666666666667,-11.936666666666667,3.074500102637799,28.86629166666665,16.998470579560774
2025-11-24 16:00:00,1,-4.774166666666667,-8.2475,19.692296676457033,9.986434426229506,20.734605446197726
2025-11-24 17:00:00,1,9.675,-6.355,42.08454634910555,25.65929166666665,32.807345436885456
2025-11-24 18:00:00,1,12.333333333333334,-11.688333333333333,78.0408826610885,65.49653549382717,58.65485615170965
2025-11-24 19:00:00,1,26.7875,-10.525,121.12409725214627,65.49653549382717,96.9626260339189
2025-11-24 20:00:00,1,21.88583333333333,-5.52,128.97863959027708,65.49653549382717,112.91224016373444
2025-11-24 21:00:00,1,7.644166666666666,3.1366666666666667,130.3793723500596,143.27848904267583,118.05261959916291
2025-11-24 22:00:00,1,12.021666666666668,2.6325,104.97850821172466,107.047575,112.70740736857272
2025-11-24 23:00:00,1,10.731666666666667,1.399166666666667,61.42673000768562,69.81681250000001,87.85965468621879
2025-11-25 00:00:00,1,4.310833333333333,8.756666666666666,43.55458138063923,36.8043894389439,80.36423282229411
2025-11-25 01:00:00,1,1.4966666666666668,6.324999999999999,8.735112599778503,13.92703363914373,23.391915324180367
2025-11-25 02:00:00,1,10.680833333333332,8.95,-24.860078193966984,3.9408463541666663,11.162472562326656
2025-11-25 03:00:00,1,14.126666666666663,8.95,-37.05356972125247,3.9408463541666663,10.365371638111213
2025-11-25 04:00:00,1,29.1525,11.610833333333334,-11.743126992314004,13.92703363914373,25.390976901432097
2025-11-25 05:00:00,1,24.815,43.675,14.403120182731541,36.8043894389439,48.45257804283529
2025-11-25 06:00:00,1,16.355,77.4475,37.70107394334745,36.8043894389439,50.036718802290636
2025-11-25 07:00:00,1,-4.890833333333333,13.79,81.68410170161653,107.047575,37.2988882281109
2025-11-25 08:00:00,1,-11.683333333333332,-1.9308333333333327,23.152741269106222,13.948391577060931,1.4557326537527047
2025-11-25 09:00:00,1,-19.115,-2.2566666666666664,-24.86129712173225,13.948391577060931,-17.548979353910127
2025-11-25 10:00:00,1,-18.099166666666665,-9.495833333333334,-55.881938563317576,-20.808371559633034,-29.28789217327902
2025-11-25 11:00:00,1,-40.00666666666667,-11.961666666666666,-73.92216426705629,-20.808371559633034,-48.66465834235848
2025-11-25 12:00:00,1,-54.82083333333333,-11.989166666666668,-72.92708235863442,-20.808371559633034,-51.39917556652219
2025-11-25 13:00:00,1,-45.61000000000001,-13.396666666666668,-63.511030154826315,-20.808371559633034,-49.4890055249553
2025-11-25 14:00:00,1,-55.33166666666667,-18.480833333333333,-60.23481868039555,-20.808371559633034,-46.4318298748606
2025-11-25 15:00:00,1,-79.63333333333334,-18.493333333333336,-45.41914808928546,-20.808371559633034,-33.11189400225521
2025-11-25 16:00:00,1,-29.75333333333333,-21.11,-8.78526084697522,28.86629166666665,-7.8415131865015155
2025-11-25 17:00:00,1,-2.813333333333333,-14.970833333333331,36.19135101458931,44.0713955823293,31.275909988846692
2025-11-25 18:00:00,1,9.976666666666668,-17.591666666666665,75.66680197216786,60.09357371794871,71.8570598350985
2025-11-25 19:00:00,1,91.83666666666666,-6.6675,138.94013993928445,118.00000809061486,125.90869888351952
2025-11-25 20:00:00,1,120.17666666666666,40.57083333333333,156.1562533996939,143.27848904267583,147.6140440697145
2025-11-25 21:00:00,1,127.64083333333332,71.43916666666667,159.4113643415888,143.27848904267583,145.9746494292303
2025-11-25 22:00:00,1,125.4675,76.55,118.25331887345334,107.047575,125.7215217283986
2025-11-25 23:00:00,1,125.11833333333334,82.63333333333334,83.0848115398769,104.68762878787881,110.23896027602171
2025-11-26 00:00:00,2,127.49583333333334,97.57583333333334,69.5430488858109,94.16238845144358,113.27162442869914
2025-11-26 01:00:00,2,81.95333333333333,88.78916666666667,81.69735404408698,94.16238845144358,94.07199602450702
2025-11-26 02:00:00,2,57.91916666666666,80.9075,83.12793236882646,94.16238845144358,102.34583225855992
2025-11-26 03:00:00,2,9.6775,57.653333333333336,34.499769460255536,80.72420689655173,75.85228387108646
2025-11-26 04:00:00,2,11.6825,57.25666666666667,-14.19638154130243,20.92526851851852,36.727605739405064
2025-11-26 05:00:00,2,1.6,79.2725,-32.20609064083459,20.92526851851852,29.583374838893825
2025-11-26 06:00:00,2,-3.6625,84.05416666666666,-7.832000471923109,20.92526851851852,13.085323482149121
2025-11-26 07:00:00,2,-5.038333333333333,23.686666666666667,-9.739332656244969,4.63710027100271,-0.9199396327049385
2025-11-26 08:00:00,2,-12.64,2.0883333333333334,-100.30320177949847,-14.17065789473684,-12.409468909166236
2025-11-26 09:00:00,2,-7.655,-8.293333333333333,-71.93561254197976,-14.17065789473684,-9.229371291553932
2025-11-26 10:00:00,2,-9.518333333333333,-13.4075,-88.2243079890284,-14.17065789473684,-7.286014215916168
2025-11-26 11:00:00,2,-30.977500000000003,-15.9425,-136.23348630966507,-31.25917852906287,-29.545636359528572
2025-11-26 12:00:00,2,-29.2875,-14.935833333333331,-132.4583979035644,-31.25917852906287,-24.345389264597742
2025-11-26 13:00:00,2,-42.094166666666666,-14.201666666666666,-123.47562349440472,-31.25917852906287,-35.72097466914475
2025-11-26 14:00:00,2,-50.43083333333333,-18.686666666666667,-123.85558084470108,-31.25917852906287,-46.13604533812527
2025-11-26 15:00:00,2,-51.84,-29.059166666666663,-111.08249961464341,-31.25917852906287,-48.64014862399078
2025-11-26 16:00:00,2,-42.134166666666665,-35.73,-84.61828569573242,-31.25917852906287,-42.46569449773148
2025-11-26 17:00:00,2,-35.70583333333333,-38.79333333333333,-27.98096143608032,-12.62772687609075,-16.5765223674874
2025-11-26 18:00:00,2,-18.890833333333333,-21.535833333333333,42.27984358010195,60.553991769547366,32.530378505491
2025-11-26 19:00:00,2,-13.703333333333331,5.539166666666667,101.41432004894432,118.82219494047614,79.18788236581403
2025-11-26 20:00:00,2,-3.7000000000000006,18.0125,108.8473928544816,85.57557734204796,92.68214590501671
2025-11-26 21:00:00,2,-4.724166666666666,48.626666666666665,106.93747650551902,85.57557734204796,90.09491771755202
2025-11-26 22:00:00,2,-3.478333333333333,104.03833333333334,75.91605138757244,85.57557734204796,76.82946134426425
2025-11-26 23:00:00,2,3.5866666666666664,73.2225,45.92354022769024,68.00663956639569,68.7646421040643
2025-11-27 00:00:00,2,13.699166666666663,78.40583333333333,55.25288336161243,20.92526851851852,68.08780818441986
2025-11-27 01:00:00,2,7.693333333333332,74.765,49.86278519929924,20.92526851851852,35.13348809635529
2025-11-27 02:00:00,2,18.67,77.70166666666667,4.682527545273231,20.92526851851852,33.0482415598212
2025-11-27 03:00:00,2,8.259166666666667,71.67833333333333,-12.498099636693865,20.92526851851852,27.615055871549394
2025-11-27 04:00:00,2,35.781666666666666,76.86166666666666,-9.443648566759975,52.169972451790635,35.2444672033121
2025-11-27 05:00:00,2,33.92666666666667,78.5825,-3.499490200016865,20.92526851851852,39.58456606966778
2025-11-27 06:00:00,2,44.145,82.56666666666666,13.04011469090517,20.92526851851852,36.451749882499264
2025-11-27 07:00:00,2,10.660833333333334,33.07083333333333,3.4796808875220364,4.362150959860386,6.162367145853537
2025-11-27 08:00:00,2,-2.668333333333333,-8.740833333333333,-27.58060615589673,4.63710027100271,-17.3989534783108
2025-11-27 09:00:00,2,-10.9825,-9.343333333333334,-54.01532022558263,-14.17065789473684,-19.282264139490422
2025-11-27 10:00:00,2,-15.4675,-10.468333333333334,-72.1881062637245,-14.17065789473684,-23.657707527162543
2025-11-27 11:00:00,2,-22.39833333333333,-11.351666666666668,-93.31358305605306,-31.25917852906287,-25.057865403983115
2025-11-27 12:00:00,2,-25.403333333333336,-12.805833333333334,-101.40233896748416,-31.25917852906287,-34.06224892526012
2025-11-27 13:00:00,2,-29.60333333333333,-12.661666666666669,-81.07529735012912,-31.25917852906287,-19.484267857218285
2025-11-27 14:00:00,2,-30.68583333333333,-15.6175,-66.2895797894486,-31.25917852906287,-31.89581974303981
2025-11-27 15:00:00,2,-40.24583333333333,-29.175833333333333,-57.28948410799387,-31.25917852906287,-28.338397648109122
2025-11-27 16:00:00,2,-23.54833333333333,-56.560833333333335,-39.696064858115406,-31.25917852906287,-25.919374607602364
2025-11-27 17:00:00,2,-18.0225,-23.871666666666663,-2.5972622703201296,7.080550766283529,-12.001634833536642
2025-11-27 18:00:00,2,-8.748333333333333,-9.746666666666668,61.07928535284064,36.96564814814812,26.083731115169826
2025-11-27 19:00:00,2,119.77666666666666,25.4125,104.94411082314406,105.074046184739,77.13718154839887
2025-11-27 20:00:00,2,148.07500000000002,58.44166666666666,120.48639457761641,134.87735449735453,99.93733925068346
2025-11-27 21:00:00,2,137.68833333333333,55.149166666666666,123.65028451569542,105.074046184739,102.44716971698614
2025-11-27 22:00:00,2,125.01083333333334,42.54166666666666,122.64223540927156,105.074046184739,105.39792044368207
2025-11-27 23:00:00,2,138.48166666666663,27.309166666666663,137.4281155155727,105.074046184739,111.4954879181428
2025-11-28 00:00:00,2,148.12916666666666,42.47416666666667,148.50459884537474,105.074046184739,118.78018409056821
2025-11-28 01:00:00,2,161.36916666666667,14.2825,165.88084330100352,94.16238845144358,111.89884909717811
2025-11-28 02:00:00,2,135.4,9.206666666666663,140.01478124417372,94.16238845144358,105.68526231633038
2025-11-28 03:00:00,2,124.91666666666669,5.058333333333333,113.41759120984915,94.16238845144358,98.33671261714132
2025-11-28 04:00:00,2,125.45,-2.105833333333333,105.30460450754572,94.16238845144358,97.7159062033471
2025-11-28 05:00:00,2,176.0675,3.3666666666666667,106.98447565618477,94.16238845144358,95.94310189813613
2025-11-28 06:00:00,2,107.06333333333332,7.535,112.06844992002186,105.074046184739,80.0313843111342
2025-11-28 07:00:00,2,12.285000000000002,-9.1975,116.00228832774195,58.68382398753894,45.81120977308699
2025-11-28 08:00:00,2,-5.296666666666667,-14.280833333333334,42.32035102062949,23.988664021164013,-3.3737318284454147
2025-11-28 09:00:00,2,-13.005,-16.204166666666666,-20.50389657865577,7.080550766283529,-21.544606444085076
2025-11-28 10:00:00,2,-11.731666666666667,-38.7025,-47.04530761715496,-17.854064465408797,-36.010029479042316
2025-11-28 11:00:00,2,-11.091666666666669,-47.8125,-49.98679925083874,-17.854064465408797,-40.23211240856634
2025-11-28 12:00:00,2,-10.2425,-59.7525,-48.2317870229447,-17.854064465408797,-50.36118023412989
2025-11-28 13:00:00,2,-9.405833333333334,-68.45166666666667,-61.0257581097666,-31.25917852906287,-52.09352193430324
2025-11-28 14:00:00,2,-5.713333333333334,-80.79666666666667,-20.486280923144363,-12.62772687609075,-22.532317123531186
2025-11-28 15:00:00,2,0.7083333333333334,-61.06166666666667,24.028208602085613,7.080550766283529,16.618481696710063
2025-11-28 16:00:00,2,34.8325,-43.695,59.665968717228935,58.68382398753894,23.48141062284131
2025-11-28 17:00:00,2,69.26416666666667,-8.5275,76.64538787940033,47.03040441176469,38.4134527135131
2025-11-28 18:00:00,2,107.17333333333332,15.208333333333334,117.7372466236394,105.87496052631572,70.37305347819888
2025-11-28 19:00:00,2,80.03416666666666,50.18,166.52305552507784,134.87735449735453,112.53051522068033
2025-11-28 20:00:00,2,102.76166666666668,58.94833333333333,154.89972558244511,134.87735449735453,115.57274061615303
2025-11-28 21:00:00,2,119.96583333333332,52.0225,161.95072627186505,105.074046184739,118.4485235557753
2025-11-28 22:00:00,2,104.20666666666666,44.4025,164.89313898459136,105.074046184739,116.36572019974392
2025-11-28 23:00:00,2,101.64166666666668,37.46583333333333,127.42260997109528,105.074046184739,104.39558445487741
2025-11-29 00:00:00,2,114.57666666666668,49.9875,106.61530843753192,105.074046184739,98.25849884979911
2025-11-29 01:00:00,2,104.40166666666666,43.445,155.37040113273662,94.16238845144358,100.94286925674092
2025-11-29 02:00:00,2,94.18,43.75416666666666,85.31799269080629,84.33577564102562,74.04213431530206
2025-11-29 03:00:00,2,59.34583333333333,54.96333333333333,46.44415803582745,68.00663956639569,47.037579478354004
2025-11-29 04:00:00,2,55.13083333333333,55.45166666666666,34.830606981386275,52.169972451790635,43.83585184998414
2025-11-29 05:00:00,2,42.395,59.58833333333334,32.66805219919389,20.92526851851852,38.569230591187974
2025-11-29 06:00:00,2,38.27166666666667,109.27833333333332,65.0816676327046,84.33577564102562,53.66497659521271
2025-11-29 07:00:00,2,-2.401666666666667,60.115,34.45377975491559,36.96564814814812,39.268437151775075
2025-11-29 08:00:00,2,-0.3041666666666668,43.22416666666667,-2.935996019070032,7.080550766283529,-3.9550996531231135
2025-11-29 09:00:00,2,-0.1566666666666666,23.05,-35.96483504939708,-12.62772687609075,-17.99217325893278
2025-11-29 10:00:00,2,-13.136666666666663,1.935,-65.76874617419574,-31.25917852906287,-25.020976067463607
2025-11-29 11:00:00,2,-16.819166666666664,5.205,-62.06334028748657,-31.25917852906287,-37.16076099288814
2025-11-29 12:00:00,2,-14.751666666666663,3.608333333333333,-50.841002806133446,-31.25917852906287,-44.077246401632124
2025-11-29 13:00:00,2,-24.91333333333333,4.066666666666666,-78.91796103977597,-31.25917852906287,-49.55966973966078
2025-11-29 14:00:00,2,-23.35,9.28,-64.04862917025073,-31.25917852906287,-50.95959708513986
2025-11-29 15:00:00,2,-16.219166666666666,26.703333333333333,-60.46479955080858,-31.25917852906287,-44.92713607046555
2025-11-29 16:00:00,2,-16.131666666666664,88.63416666666667,-38.063562818566325,-12.62772687609075,-31.24349684961645
2025-11-29 17:00:00,2,-13.380833333333332,130.66083333333333,-0.06199641658361088,4.63710027100271,-14.253396003101543
2025-11-29 18:00:00,2,-8.001666666666667,131.92666666666665,48.843833370244546,60.553991769547366,16.432670456497362
2025-11-29 19:00:00,2,54.26666666666667,132.06833333333333,73.70999129174864,60.553991769547366,51.775675759556975
2025-11-29 20:00:00,2,81.82333333333334,150.5975,92.63949710564523,60.553991769547366,75.0730501835645
2025-11-29 21:00:00,2,97.6925,171.51999999999998,87.62769817375626,60.553991769547366,73.5887164405769
2025-11-29 22:00:00,2,100.69333333333331,175.34416666666667,83.39911435702089,105.074046184739,74.79652712472377
2025-11-29 23:00:00,2,109.57916666666668,112.35,85.82219114763627,94.16238845144358,82.0402617206424
2025-11-30 00:00:00,2,111.66166666666668,169.35083333333333,85.32806098672087,105.074046184739,85.92592419587552
2025-11-30 01:00:00,2,85.245,167.35,102.92189465924383,94.16238845144358,69.41039336413233
2025-11-30 02:00:00,2,84.875,179.4675,84.46928505865625,94.16238845144358,66.14823578202625
2025-11-30 03:00:00,2,80.43833333333333,173.3216666666667,67.63721785625694,80.72420689655173,63.618806135323354
2025-11-30 04:00:00,2,47.307500000000005,150.20583333333337,49.13684283421182,80.72420689655173,58.98372569580621
2025-11-30 05:00:00,2,14.478333333333332,216.955,22.79512805245585,80.72420689655173,51.26393432213274
2025-11-30 06:00:00,2,8.314166666666667,159.63833333333335,-5.977494094371252,52.169972451790635,26.692641472309376
2025-11-30 07:00:00,2,2.7983333333333333,81.48916666666666,-22.547198928828976,7.080550766283529,-5.171369580972424
2025-11-30 08:00:00,2,-9.401666666666667,29.77333333333333,-42.75149197858403,-12.62772687609075,-23.826176189227283
2025-11-30 09:00:00,2,-19.20583333333333,4.65,-45.79105131092439,-12.62772687609075,-20.995677244739298
2025-11-30 10:00:00,2,-19.6775,6.642499999999999,-56.06737328753249,-31.25917852906287,-23.955260568509587
2025-11-30 11:00:00,2,-25.949166666666667,4.395833333333333,-85.76929907336196,-31.25917852906287,-30.89088273017282
2025-11-30 12:00:00,2,-21.959166666666665,-6.014166666666667,-64.13922649516408,-31.25917852906287,-16.012874358681188
2025-11-30 13:00:00,2,-26.9225,-5.896666666666666,-81.45373646878272,-31.25917852906287,-29.88980783351606
2025-11-30 14:00:00,2,-26.0325,-10.8,-105.88273815347648,-31.25917852906287,-39.075408090446174
2025-11-30 15:00:00,2,-15.148333333333332,-12.575833333333334,-57.83664627493212,-31.25917852906287,-32.37951456198692
2025-11-30 16:00:00,2,-17.935,-10.499166666666666,-59.38801719069377,-31.25917852906287,-36.66812771978796
2025-11-30 17:00:00,2,-7.983333333333333,-10.913333333333334,5.299680090437974,4.63710027100271,-7.539089809724146
2025-11-30 18:00:00,2,-5.93,26.085,60.54476560910983,58.68382398753894,42.202200199432745
2025-11-30 19:00:00,2,20.585833333333337,74.43333333333334,63.28316603973539,105.074046184739,59.8551504214891
2025-11-30 20:00:00,2,33.806666666666665,91.46666666666664,62.192619920385376,85.57557734204796,69.8352328543471
2025-11-30 21:00:00,2,12.326666666666666,115.03833333333334,55.10857318990632,85.57557734204796,67.1905110811984
2025-11-30 22:00:00,2,6.788333333333333,109.63833333333334,27.975748231523845,68.00663956639569,54.145087489213566
2025-11-30 23:00:00,2,2.595,104.515,9.527475820121765,68.00663956639569,49.03344274280163
2025-12-01 00:00:00,2,-3.6625,121.70666666666666,1.2144570745843737,20.92526851851852,45.362993397182414
2025-12-01 01:00:00,2,-3.7000000000000006,108.86166666666666,3.2076688684212797,20.92526851851852,39.37022563183
2025-12-01 02:00:00,2,-4.954166666666667,100.13333333333333,-20.19322301845051,20.92526851851852,28.681724652206427
2025-12-01 03:00:00,2,-4.253333333333334,85.49833333333333,-38.86779101545022,20.92526851851852,23.950984259641842
2025-12-01 04:00:00,2,-3.755,80.3225,-38.8678352894551,20.92526851851852,26.495565618602384
2025-12-01 05:00:00,2,-3.7000000000000006,102.19666666666666,-24.538876359192543,20.92526851851852,39.437068464984215
2025-12-01 06:00:00,2,3.380833333333333,119.84166666666664,4.271952207749365,23.37016106442577,37.257676494435735
2025-12-01 07:00:00,2,-0.3541666666666667,51.98833333333334,12.414803829682484,4.362150959860386,9.17511075502432
2025-12-01 08:00:00,2,-6.1000000000000005,4.0425,-3.493662402633646,4.362150959860386,0.8681564409138502
2025-12-01 09:00:00,2,-14.11,0.5658333333333333,-30.0264340268877,-14.17065789473684,0.034661063248449864
2025-12-01 10:00:00,2,-15.409999999999998,-3.780833333333333,-49.271657767616006,-14.17065789473684,2.1756449347982993
2025-12-01 11:00:00,2,-14.835833333333332,-6.44,-60.2686593050183,-14.17065789473684,-4.886637099253491
2025-12-01 12:00:00,2,-11.426666666666668,-9.324166666666668,-50.814824727081145,-12.62772687609075,-7.4197175816162115
2025-12-01 13:00:00,2,-13.870833333333332,-10.9875,-57.16749736747619,-14.17065789473684,3.086229179840416
2025-12-01 14:00:00,2,-9.143333333333333,-9.8675,-86.11576749192278,-14.17065789473684,-6.230418056013207
2025-12-01 15:00:00,2,-24.379166666666663,-5.391666666666667,-82.43010176686985,-14.17065789473684,-16.138729619825938
2025-12-01 16:00:00,2,-18.035,-4.774166666666667,-53.10180222296327,-14.17065789473684,-18.98821312968036
2025-12-01 17:00:00,2,-15.809166666666668,9.675,-30.42462267748118,-14.17065789473684,-11.192096125417962
2025-12-01 18:00:00,2,-8.709999999999999,12.333333333333334,-19.90993577779838,4.362150959860386,0.41021880094078256
2025-12-01 19:00:00,2,21.854166666666668,26.7875,9.68973470924746,20.472177083333328,24.866079088851606
2025-12-01 20:00:00,2,88.98166666666667,21.88583333333333,28.190527927010166,20.472177083333328,45.255151151491354
2025-12-01 21:00:00,2,93.82583333333334,7.644166666666666,33.200060303601155,60.553991769547366,52.59538974083386
2025-12-01 22:00:00,2,99.24166666666667,12.021666666666668,17.906385946865996,60.553991769547366,49.760869254384986
2025-12-01 23:00:00,2,87.91416666666667,10.731666666666667,5.644060612790327,60.553991769547366,53.29792385845825
2025-12-02 00:00:00,2,96.07083333333333,4.310833333333333,15.900664964476192,60.553991769547366,66.41110153948492
2025-12-02 01:00:00,2,85.05166666666666,1.4966666666666668,43.21510908479045,47.03040441176469,60.12376849107953
2025-12-02 02:00:00,2,84.21916666666667,10.680833333333332,35.08934153454043,68.00663956639569,64.05546942717888
2025-12-02 03:00:00,2,81.80666666666667,14.126666666666663,19.894894247304975,68.00663956639569,59.14630763063138
2025-12-02 04:00:00,2,71.48583333333333,29.1525,12.913599129256198,20.92526851851852,53.62915221635099
2025-12-02 05:00:00,2,99.99666666666668,24.815,35.573868372791985,47.03040441176469,63.19196056763235
2025-12-02 06:00:00,2,127.63416666666669,16.355,77.77978710552708,47.03040441176469,79.14804046701246
2025-12-02 07:00:00,2,110.33,-4.890833333333333,58.09379060014801,23.37016106442577,42.775778127706126
2025-12-02 08:00:00,2,45.556666666666665,-11.683333333333332,37.63054904455426,47.03040441176469,21.76270838226003
2025-12-02 09:00:00,2,-0.3858333333333334,-19.115,-5.596965751846497,7.080550766283529,-9.441099274385166
2025-12-02 10:00:00,2,-2.4683333333333333,-18.099166666666665,-10.089869299729003,7.080550766283529,-2.4845303871708637
2025-12-02 11:00:00,2,-8.556666666666667,-40.00666666666667,-9.375121536497915,7.080550766283529,16.442862722972038
2025-12-02 12:00:00,2,-9.13,-54.82083333333333,-8.878143993509866,-17.854064465408797,20.159512956784198
2025-12-02 13:00:00,2,-9.020833333333334,-45.61000000000001,-8.268129204003529,-17.854064465408797,36.3521256983728
2025-12-02 14:00:00,2,-9.07,-55.33166666666667,4.57554717389462,7.080550766283529,25.89460780801341
2025-12-02 15:00:00,2,-9.429166666666667,-79.63333333333334,5.143241778178819,7.080550766283529,19.467429366790455
2025-12-02 16:00:00,2,-14.784166666666666,-29.75333333333333,17.99684165621025,23.988664021164013,31.498852168206852
2025-12-02 17:00:00,2,2.200833333333333,-2.813333333333333,62.589311130444145,36.96564814814812,52.4737887488084
2025-12-02 18:00:00,2,22.58833333333333,9.976666666666668,96.57952841747863,77.95929166666667,82.80392424952448
2025-12-02 19:00:00,2,113.0525,91.83666666666666,130.63101003729273,105.074046184739,128.06756718896742
2025-12-02 20:00:00,2,131.61083333333332,120.17666666666666,168.32164888342658,134.87735449735453,153.64500539772905
2025-12-02 21:00:00,2,127.44333333333331,127.64083333333332,170.52760959680177,134.87735449735453,153.64915661797048
2025-12-02 22:00:00,2,125.93583333333332,125.4675,144.342343120998,105.074046184739,137.4541365913777
2025-12-02 23:00:00,2,114.63083333333331,125.11833333333334,114.38991097836995,105.074046184739,122.18104492273122
2025-12-03 00:00:00,2,126.0725,127.49583333333334,107.87440770517513,105.074046184739,120.76978099768829
2025-12-03 01:00:00,2,119.77083333333331,81.95333333333333,113.181981391639,94.16238845144358,99.4602257714634
2025-12-03 02:00:00,2,107.98416666666668,57.91916666666666,80.94853191457334,94.16238845144358,81.46285704082297
2025-12-03 03:00:00,2,83.50583333333334,9.6775,38.88664005412918,68.00663956639569,60.0125194999981
2025-12-03 04:00:00,2,77.5475,11.6825,21.999301344594706,20.92526851851852,50.17874261824203
2025-12-03 05:00:00,2,70.53416666666668,1.6,28.363620004318264,20.92526851851852,46.95796217493952
2025-12-03 06:00:00,2,27.714166666666667,-3.6625,39.32345264065756,47.03040441176469,32.047947531466704
2025-12-03 07:00:00,2,-7.163333333333334,-5.038333333333333,22.705220972005307,47.03040441176469,9.026048438625125
2025-12-03 08:00:00,2,-10.220833333333331,-12.64,-16.66493257217236,-12.62772687609075,-16.137129158170723
2025-12-03 09:00:00,2,-19.96,-7.655,-63.808428793141985,-31.25917852906287,-27.911056513604876
2025-12-03 10:00:00,2,-29.930833333333336,-9.518333333333333,-98.30743004187124,-31.25917852906287,-37.619128470614456
2025-12-03 11:00:00,2,-30.08833333333333,-30.977500000000003,-120.13181031484586,-31.25917852906287,-44.08332243920579
2025-12-03 12:00:00,2,-28.69,-29.2875,-125.99820873896977,-67.99546568627453,-46.3534986041295
2025-12-03 13:00:00,2,-27.64916666666667,-42.094166666666666,-126.01244161063869,-67.99546568627453,-48.477163794011815
2025-12-03 14:00:00,2,-37.90333333333333,-50.43083333333333,-121.22707200853733,-31.25917852906287,-47.893454691183265
2025-12-03 15:00:00,2,-25.125,-51.84,-105.96940594689781,-31.25917852906287,-40.804280315779934
2025-12-03 16:00:00,2,-13.521666666666668,-42.134166666666665,-71.21832050733562,-12.62772687609075,-22.423145373954497
2025-12-03 17:00:00,2,-6.947500000000001,-35.70583333333333,-18.20118995975635,36.96564814814812,7.651234630062788
2025-12-03 18:00:00,2,40.52166666666667,-18.890833333333333,28.62644627097999,60.553991769547366,43.07972563518319
2025-12-03 19:00:00,2,96.6175,-13.703333333333331,58.589677345674204,118.82219494047614,75.83961937940626
2025-12-03 20:00:00,2,124.90500000000002,-3.7000000000000006,51.51268102177475,60.553991769547366,83.58396905642383
2025-12-03 21:00:00,2,137.54166666666666,-4.724166666666666,42.23016861462559,60.553991769547366,72.51803519521353
2025-12-03 22:00:00,2,147.79083333333332,-3.478333333333333,27.782204218892495,60.553991769547366,56.519407489579635
2025-12-03 23:00:00,2,124.91,3.5866666666666664,-10.555597572973554,60.553991769547366,48.31118145056203
2025-12-04 00:00:00,2,112.8375,13.699166666666663,-23.613723350279557,60.553991769547366,46.04608375092088
2025-12-04 01:00:00,2,19.63083333333333,7.693333333333332,-19.71361566202441,4.975487421383647,11.353595510887658
2025-12-04 02:00:00,2,-2.466666666666667,18.67,-47.92950536531799,-7.5070408163265325,3.486930330631381
2025-12-04 03:00:00,2,-5.811666666666667,8.259166666666667,-68.36021209383384,-7.5070408163265325,2.1055262727107618
2025-12-04 04:00:00,2,-9.044166666666667,35.781666666666666,-69.42087308778193,-7.5070408163265325,2.770255181727393
2025-12-04 05:00:00,2,-6.929166666666667,33.92666666666667,-64.21541047856093,-7.5070408163265325,7.674160874646418
2025-12-04 06:00:00,2,-6.121666666666667,44.145,-54.8652448062947,-26.447597087378632,5.0476257404095435
2025-12-04 07:00:00,2,-9.5425,10.660833333333334,-62.60634014873176,30.302478741496603,-0.41447948881022967
2025-12-04 08:00:00,2,-8.94,-2.668333333333333,-76.48848169849342,30.302478741496603,-7.949656190731716
2025-12-04 09:00:00,2,-11.38,-10.9825,-70.17162142411505,-26.447597087378632,-14.302219850568122
2025-12-04 10:00:00,2,-12.409999999999998,-15.4675,-71.07522146750554,-26.447597087378632,-13.451459281098366
2025-12-04 11:00:00,2,-13.2675,-22.39833333333333,-99.51934940034326,-26.447597087378632,-19.104776823661766
2025-12-04 12:00:00,2,-13.19,-25.403333333333336,-101.74863425152711,-26.447597087378632,-24.786361941504538
2025-12-04 13:00:00,2,-11.58,-29.60333333333333,-98.96536213245767,-26.447597087378632,-23.52068025235252
2025-12-04 14:00:00,2,-7.565833333333334,-30.68583333333333,-82.20711607197819,-26.447597087378632,-17.77201558408305
2025-12-04 15:00:00,2,-6.083333333333333,-40.24583333333333,-70.69371260058651,-26.447597087378632,-22.022959959733285
2025-12-04 16:00:00,2,7.154166666666666,-23.54833333333333,-12.705107995866854,30.302478741496603,5.909583261957238
2025-12-04 17:00:00,2,8.854999999999999,-18.0225,47.8657449594653,93.00794289044285,45.31529968297785
2025-12-04 18:00:00,2,51.5525,-8.748333333333333,140.73813520845135,129.04421521035607,98.4383771300216
2025-12-04 19:00:00,2,120.56166666666668,119.77666666666666,50.99180791117116,45.58110339506174,41.96390402973964
2025-12-04 20:00:00,2,129.31166666666667,148.07500000000002,66.68879962346068,30.302478741496603,53.65828333406084
2025-12-04 21:00:00,2,124.64083333333332,137.68833333333333,80.59004856566968,60.553991769547366,69.49077991109787
2025-12-04 22:00:00,2,113.81083333333332,125.01083333333334,82.42416911241374,105.074046184739,88.88399399076174
2025-12-04 23:00:00,2,107.33083333333332,138.48166666666663,77.3729825833166,105.074046184739,96.80202775224967
2025-12-05 00:00:00,2,132.2575,148.12916666666666,76.76573495571054,105.074046184739,100.12744843119992
2025-12-05 01:00:00,2,136.97166666666666,161.36916666666667,83.16481682616414,94.16238845144358,82.15845189400201
2025-12-05 02:00:00,2,131.03333333333333,135.4,72.06157974448234,94.16238845144358,84.22646096351957
2025-12-05 03:00:00,2,145.30583333333334,124.91666666666669,63.85624633126348,94.16238845144358,86.4499969981196
2025-12-05 04:00:00,2,139.8658333333333,125.45,60.86870868276583,94.16238845144358,90.6537911580864
2025-12-05 05:00:00,2,126.85,176.0675,67.49053397601374,94.16238845144358,97.70742211886446
2025-12-05 06:00:00,2,79.94166666666666,107.06333333333332,84.10817981005746,105.074046184739,88.71597940287192
2025-12-05 07:00:00,2,44.649166666666666,12.285000000000002,88.15847050050432,77.95929166666667,53.70798970130874
2025-12-05 08:00:00,2,44.37833333333333,-5.296666666666667,87.47378081162456,77.95929166666667,22.255801947450045
2025-12-05 09:00:00,2,18.614166666666662,-13.005,66.80616846575859,36.96564814814812,6.132740738559988
2025-12-05 10:00:00,2,-0.6125000000000003,-11.731666666666667,34.37811228319609,23.988664021164013,-2.090712994412584
2025-12-05 11:00:00,2,-4.516666666666667,-11.091666666666669,11.804452059596045,3.237462686567165,-12.965227595022796
2025-12-05 12:00:00,2,2.73,-10.2425,10.980545990170526,3.237462686567165,-3.971262952203446
2025-12-05 13:00:00,2,6.194999999999999,-9.405833333333334,12.615720779212907,3.237462686567165,-6.33466030938871
2025-12-05 14:00:00,2,-1.741666666666667,-5.713333333333334,-25.553931343513938,3.237462686567165,-26.751248322733304
2025-12-05 15:00:00,2,8.237499999999999,0.7083333333333334,-19.466627133193313,3.237462686567165,-26.72638104918829
2025-12-05 16:00:00,2,28.63333333333333,34.8325,10.44219001273109,36.96564814814812,-6.438429168807332
2025-12-05 17:00:00,2,94.89166666666668,69.26416666666667,35.3209423251126,23.37016106442577,8.296481100181552
2025-12-05 18:00:00,2,109.57,107.17333333333332,70.84792610000666,60.553991769547366,36.22189965020048
2025-12-05 19:00:00,2,140.58166666666668,80.03416666666666,108.77128104763341,134.87735449735453,77.39791656659511
2025-12-05 20:00:00,2,108.6225,102.76166666666668,115.01982657391369,134.87735449735453,97.66321391483632
2025-12-05 21:00:00,2,96.92416666666666,119.96583333333332,93.37988327008597,134.87735449735453,86.30419797223192
2025-12-05 22:00:00,2,115.98333333333332,104.20666666666666,77.63329792722884,105.074046184739,81.17276703332374
2025-12-05 23:00:00,2,140.70833333333334,101.64166666666668,88.76837755982737,105.074046184739,97.20449126205877
2025-12-06 00:00:00,2,153.14583333333334,114.57666666666668,111.09602940380833,105.074046184739,110.63856988397427
2025-12-06 01:00:00,2,91.44333333333331,104.40166666666666,141.00671836569316,94.16238845144358,105.13601459928128
2025-12-06 02:00:00,2,80.0,94.18,100.49899281304899,94.16238845144358,96.99618663575318
2025-12-06 03:00:00,2,75.55583333333333,59.34583333333333,91.35978356759442,94.16238845144358,94.55704315404907
2025-12-06 04:00:00,2,57.32916666666667,55.13083333333333,84.72782284951423,94.16238845144358,93.27812372962717
2025-12-06 05:00:00,2,68.55833333333334,42.395,90.33695152487569,94.16238845144358,94.75697362009502
2025-12-06 06:00:00,2,49.61833333333333,38.27166666666667,105.67575095080072,23.988664021164013,73.14324475108805
2025-12-06 07:00:00,2,-3.6033333333333335,-2.401666666666667,87.81515644563379,23.988664021164013,36.79589790591598
2025-12-06 08:00:00,2,92.0325,-0.3041666666666668,107.6905662653341,36.96564814814812,28.23613478988836
2025-12-06 09:00:00,2,34.718333333333334,-0.1566666666666666,93.72745424657491,36.96564814814812,31.757306690282356
2025-12-06 10:00:00,2,-3.6458333333333335,-13.136666666666663,75.83497888336797,77.95929166666667,34.26435782988076
2025-12-06 11:00:00,2,-8.694166666666666,-16.819166666666664,87.38593386936176,77.95929166666667,35.579949923863666
2025-12-06 12:00:00,2,-4.235,-14.751666666666663,69.22053989932427,36.96564814814812,33.95824373773874
2025-12-06 13:00:00,2,-3.660833333333333,-24.91333333333333,59.814857016385474,36.96564814814812,21.084276134564703
2025-12-06 14:00:00,2,-4.748333333333334,-23.35,32.38275065088767,7.080550766283529,10.535738106533515
2025-12-06 15:00:00,2,2.5125,-16.219166666666666,11.07433131514334,7.080550766283529,-6.4383432581447835
2025-12-06 16:00:00,2,3.335833333333333,-16.131666666666664,1.6666125215432004,-12.62772687609075,-11.532177969992873
2025-12-06 17:00:00,2,10.095833333333331,-13.380833333333332,37.14304998472786,30.302478741496603,-5.100797726769656
2025-12-06 18:00:00,2,-0.0733333333333334,-8.001666666666667,54.09056969762535,4.362150959860386,10.87727459866349
2025-12-06 19:00:00,2,-3.889166666666666,54.26666666666667,90.86908339531233,60.553991769547366,57.96827315256145
2025-12-06 20:00:00,2,4.265,81.82333333333334,87.54792905252529,60.553991769547366,58.59630752887662
2025-12-06 21:00:00,2,6.09,97.6925,57.74564614819907,4.362150959860386,29.836061837559903
2025-12-06 22:00:00,2,8.730833333333333,100.69333333333331,35.26596090611791,4.975487421383647,17.6480476880622
2025-12-06 23:00:00,2,10.976666666666668,109.57916666666668,6.880470301047055,20.92526851851852,17.925938947737755
2025-12-07 00:00:00,2,16.1675,111.66166666666668,29.61717228039953,20.92526851851852,23.145201933699795
2025-12-07 01:00:00,2,11.676666666666668,85.245,51.382183640597944,20.92526851851852,17.532205575451002
2025-12-07 02:00:00,2,10.5775,84.875,44.215558606112715,20.92526851851852,13.94479590658429
2025-12-07 03:00:00,2,8.785833333333333,80.43833333333333,36.614421010655235,20.92526851851852,16.234124483747777
2025-12-07 04:00:00,2,8.739166666666668,47.307500000000005,27.7275152580781,20.92526851851852,20.524139772211768
2025-12-07 05:00:00,2,14.9625,14.478333333333332,57.343235502049986,20.92526851851852,27.02603742509173
2025-12-07 06:00:00,2,36.7475,8.314166666666667,49.72614254496263,52.169972451790635,22.731061360394612
2025-12-07 07:00:00,2,2.006666666666667,2.7983333333333333,4.169884496275415,-12.62772687609075,-8.389166346956827
2025-12-07 08:00:00,2,-13.3375,-9.401666666666667,-28.649560200805283,-17.854064465408797,-23.52242860760728
2025-12-07 09:00:00,2,-27.953333333333333,-19.20583333333333,-60.28145318720945,-17.854064465408797,-32.158651094715765
2025-12-07 10:00:00,2,-39.335,-19.6775,-69.21472291845822,-67.99546568627453,-42.564039047221996
2025-12-07 11:00:00,2,-51.13833333333333,-25.949166666666667,-68.66303330388112,-67.99546568627453,-41.65428939795082
2025-12-07 12:00:00,2,-56.520833333333336,-21.959166666666665,-64.3728088968561,-18.43407828282829,-38.40687893714781
2025-12-07 13:00:00,2,-54.28833333333333,-26.9225,-62.03614590617386,-18.43407828282829,-41.29873510075316
2025-12-07 14:00:00,2,-63.72416666666667,-26.0325,-58.1514565398173,-18.43407828282829,-41.292173174640936
2025-12-07 15:00:00,2,-65.7175,-15.148333333333332,-50.83024021732902,-18.43407828282829,-36.9867475043942
2025-12-07 16:00:00,2,-36.7475,-17.935,-31.324315848358637,-18.43407828282829,-23.48950809475423
2025-12-07 17:00:00,2,7.530833333333334,-7.983333333333333,4.783092808285744,3.237462686567165,-4.416660451411801
2025-12-07 18:00:00,2,37.95166666666666,-5.93,53.26585873034266,23.988664021164013,29.97143520908662
2025-12-07 19:00:00,2,85.06666666666666,20.585833333333337,95.6467096055566,105.074046184739,68.71946194787283
2025-12-07 20:00:00,2,94.05583333333334,33.806666666666665,134.05455087832618,105.074046184739,96.29355609907822
2025-12-07 21:00:00,2,86.32916666666667,12.326666666666666,153.36564195757057,105.074046184739,105.35126854124226
2025-12-07 22:00:00,2,82.64083333333333,6.788333333333333,145.435204273926,105.074046184739,100.79143160869923
2025-12-07 23:00:00,2,81.00583333333334,2.595,126.0923786515296,94.16238845144358,93.2328589900265
2025-12-08 00:00:00,2,80.13166666666667,-3.6625,104.97490162803334,94.16238845144358,88.52044686136927
2025-12-08 01:00:00,2,81.58416666666666,-3.7000000000000006,87.00529447774282,84.33577564102562,85.78567681579909
2025-12-08 02:00:00,2,84.17583333333333,-4.954166666666667,50.44127564307141,68.00663956639569,66.01704558728713
2025-12-08 03:00:00,2,69.29166666666667,-4.253333333333334,21.71740375053315,20.92526851851852,53.63247546228254
2025-12-08 04:00:00,2,18.24416666666667,-3.755,-0.8259941164777445,20.92526851851852,40.15688461563938
2025-12-08 05:00:00,2,14.805833333333334,-3.7000000000000006,-1.2989967589278848,20.92526851851852,33.32029212829894
2025-12-08 06:00:00,2,16.655833333333334,3.380833333333333,15.040376103041723,20.92526851851852,19.814285941739804
2025-12-08 07:00:00,2,5.334166666666667,-0.3541666666666667,-0.32538807881617515,23.37016106442577,1.6337632129529283
2025-12-08 08:00:00,2,-0.6691666666666668,-6.1000000000000005,-22.93795981608143,-12.62772687609075,-12.346504471989846
2025-12-08 09:00:00,2,-13.410833333333334,-14.11,-53.47328274113218,-31.25917852906287,-22.10144389467098
2025-12-08 10:00:00,2,-12.873333333333331,-15.409999999999998,-74.64199660864918,-31.25917852906287,-28.523134423748033
2025-12-08 11:00:00,2,-12.829999999999998,-14.835833333333332,-73.5455844834365,-31.25917852906287,-29.316858133272035
2025-12-08 12:00:00,2,-17.588333333333335,-11.426666666666668,-64.11256244617653,-31.25917852906287,-17.13000956244811
2025-12-08 13:00:00,2,-21.26083333333333,-13.870833333333332,-69.29933256445787,-31.25917852906287,-27.889970040119692
2025-12-08 14:00:00,2,-14.9625,-9.143333333333333,-33.8771305126573,7.080550766283529,-8.058653171036426
2025-12-08 15:00:00,2,-14.433333333333332,-24.379166666666663,-22.082736954384814,7.080550766283529,-1.6210304210973874
2025-12-08 16:00:00,2,-13.251666666666663,-18.035,-9.55021768560566,7.080550766283529,3.690653042373995
2025-12-08 17:00:00,2,-9.409166666666666,-15.809166666666668,44.44863795976214,36.96564814814812,38.9550240819092
2025-12-08 18:00:00,2,-5.433333333333334,-8.709999999999999,85.65936128777577,58.68382398753894,74.34213719935134
2025-12-08 19:00:00,2,61.77333333333333,21.854166666666668,110.50396422894018,105.87496052631572,104.38099877785422
2025-12-08 20:00:00,2,91.86,88.98166666666667,105.71075223693803,134.87735449735453,122.0165142570811
2025-12-08 21:00:00,2,82.06333333333333,93.82583333333334,78.07334209905639,134.87735449735453,115.85748465721147
2025-12-08 22:00:00,2,71.80416666666666,99.24166666666667,54.3688814199507,105.074046184739,106.54712435410981
2025-12-08 23:00:00,2,57.844166666666666,87.91416666666667,37.5887812258646,105.074046184739,103.90520611815253
2025-12-09 00:00:00,2,79.86749999999999,96.07083333333333,52.17185942995796,105.074046184739,116.51376035589044
2025-12-09 01:00:00,2,81.3275,85.05166666666666,74.20027706216807,94.16238845144358,92.59518787811174
2025-12-09 02:00:00,2,83.92916666666666,84.21916666666667,62.3318101780612,94.16238845144358,89.11529122061916
2025-12-09 03:00:00,2,84.7475,81.80666666666667,44.80292483716262,94.16238845144358,86.54781485178539
2025-12-09 04:00:00,2,86.27916666666665,71.48583333333333,45.874248350789664,94.16238845144358,88.83670779214809
2025-12-09 05:00:00,2,96.13,99.99666666666668,50.587625936126514,94.16238845144358,95.77681527903454
2025-12-09 06:00:00,2,87.75666666666666,127.63416666666669,59.64330863430985,105.074046184739,82.70705849910608
2025-12-09 07:00:00,2,22.804166666666664,110.33,48.89016155311262,58.68382398753894,40.61497844412981
2025-12-09 08:00:00,2,9.039166666666668,45.556666666666665,30.29921325838398,36.96564814814812,16.636378912973598
2025-12-09 09:00:00,2,4.041666666666667,-0.3858333333333334,9.9943968740495,36.96564814814812,14.658738637356834
2025-12-09 10:00:00,2,-0.5833333333333334,-2.4683333333333333,-19.70872229377038,7.080550766283529,0.04736356616237458
2025-12-09 11:00:00,2,-6.621666666666666,-8.556666666666667,-51.896191953805555,-17.854064465408797,1.5116535829149313
2025-12-09 12:00:00,2,-9.4325,-9.13,-77.36826743681652,-17.854064465408797,-37.1979209340185
2025-12-09 13:00:00,2,-8.5675,-9.020833333333334,-80.39100071897809,-17.854064465408797,-43.944380395841506
2025-12-09 14:00:00,2,-8.2075,-9.07,-83.33820398156607,-31.25917852906287,-41.6247352394205
2025-12-09 15:00:00,2,-6.906666666666666,-9.429166666666667,-86.48630090421204,-31.25917852906287,-36.04967217960531
2025-12-09 16:00:00,2,-3.791666666666666,-14.784166666666666,-46.79348783491511,-31.25917852906287,-24.167931409310796
2025-12-09 17:00:00,2,1.8675,2.200833333333333,-2.3293586797641552,4.63710027100271,-4.339548466108326
2025-12-09 18:00:00,2,8.363333333333333,22.58833333333333,38.464249593862,60.553991769547366,21.341944254496575
2025-12-09 19:00:00,2,72.48333333333333,113.0525,95.3159571193155,60.553991769547366,58.064884748656056
2025-12-09 20:00:00,2,96.33833333333332,131.61083333333332,108.50882933680472,60.553991769547366,81.41534000378266
2025-12-09 21:00:00,2,83.10833333333333,127.44333333333331,100.36233351551606,60.553991769547366,77.5299403236408
2025-12-09 22:00:00,2,87.35666666666667,125.93583333333332,85.83826916996313,85.57557734204796,76.73778110966305
2025-12-09 23:00:00,2,87.09583333333335,114.63083333333331,79.67560819856047,85.57557734204796,83.10335771389956
2025-12-10 00:00:00,2,85.0825,126.0725,85.57128626182705,105.074046184739,95.22393420353676
2025-12-10 01:00:00,2,81.41333333333334,119.77083333333331,97.19600173215136,94.16238845144358,87.01222328451871
2025-12-10 02:00:00,2,81.04166666666667,107.98416666666668,71.46936152994586,94.16238845144358,82.45397555784581
2025-12-10 03:00:00,2,78.86916666666666,83.50583333333334,42.014116439318535,94.16238845144358,82.241701707501
2025-12-10 04:00:00,2,76.59416666666667,77.5475,46.09938297372882,94.16238845144358,94.80784067153206
2025-12-10 05:00:00,2,80.03083333333333,70.53416666666668,55.98229282730371,94.16238845144358,109.2478180513374
2025-12-10 06:00:00,2,97.975,27.714166666666667,71.00872912982898,105.074046184739,101.46240956983839
2025-12-10 07:00:00,2,89.73,-7.163333333333334,73.55097823079176,58.68382398753894,55.081867852935176
2025-12-10 08:00:00,2,91.6325,-10.220833333333331,51.10996262200148,58.68382398753894,18.929354693248918
2025-12-10 09:00:00,2,115.51166666666668,-19.96,36.04710188638454,47.03040441176469,26.194202679728186
2025-12-10 10:00:00,2,72.94333333333333,-29.930833333333336,24.1955075698382,36.96564814814812,19.131205064949384
2025-12-10 11:00:00,2,40.861666666666665,-30.08833333333333,8.796768696739633,7.080550766283529,18.488713928852377
2025-12-10 12:00:00,2,37.09666666666666,-28.69,-4.649648674957035,7.080550766283529,12.515508544138271
2025-12-10 13:00:00,2,31.0375,-27.64916666666667,-23.799291268066227,-17.854064465408797,20.83167969184816
2025-12-10 14:00:00,2,32.01333333333333,-37.90333333333333,-11.0714900890478,7.080550766283529,16.67158250958478
2025-12-10 15:00:00,2,30.65333333333333,-25.125,-26.850985807501146,7.080550766283529,-1.1893094555219648
2025-12-10 16:00:00,2,44.805,-13.521666666666668,-15.841273703114666,7.080550766283529,1.6939178880525674
2025-12-10 17:00:00,2,22.59083333333333,-6.947500000000001,4.856908421176129,4.63710027100271,6.015830186987799
2025-12-10 18:00:00,2,34.1,40.52166666666667,22.60545634194471,60.553991769547366,12.962505252820534
2025-12-10 19:00:00,2,5.453333333333333,96.6175,36.94968078734038,60.553991769547366,38.129554376520375
2025-12-10 20:00:00,2,20.696666666666665,124.90500000000002,55.26483317128782,60.553991769547366,72.06155724617513
2025-12-10 21:00:00,2,38.2975,137.54166666666666,50.551726849445984,60.553991769547366,74.06168106881331
2025-12-10 22:00:00,2,23.117500000000003,147.79083333333332,34.7473228523368,85.57557734204796,68.4364124474995
2025-12-10 23:00:00,2,13.527500000000002,124.91,20.15974279570876,68.00663956639569,64.59038167697925
2025-12-11 00:00:00,2,35.42333333333333,112.8375,19.239315292103477,68.00663956639569,66.65614834055913
2025-12-11 01:00:00,2,45.54333333333333,19.63083333333333,38.50045643991223,68.00663956639569,49.74775170567435
2025-12-11 02:00:00,2,13.634166666666664,-2.466666666666667,33.46720861557662,68.00663956639569,53.58171281332149
2025-12-11 03:00:00,2,9.2625,-5.811666666666667,20.428107783515955,52.169972451790635,54.57258924752878
2025-12-11 04:00:00,2,7.94,-9.044166666666667,22.58235317337204,52.169972451790635,49.22918905909117
2025-12-11 05:00:00,2,9.2625,-6.929166666666667,22.825106025379682,68.00663956639569,51.06914748195186
2025-12-11 06:00:00,2,11.1125,-6.121666666666667,41.48097244746922,47.03040441176469,44.8807530522501
2025-12-11 07:00:00,2,7.744166666666666,-9.5425,25.469965738258644,23.37016106442577,11.502612557192009
2025-12-11 08:00:00,2,-1.1458333333333337,-8.94,9.024404871673653,7.080550766283529,-3.781778460980462
2025-12-11 09:00:00,2,-12.321666666666667,-11.38,-26.324838637889286,7.080550766283529,-21.332309578152916
2025-12-11 10:00:00,2,-18.7275,-12.409999999999998,-67.04303129149645,-31.25917852906287,-36.974480448886496
2025-12-11 11:00:00,2,-18.98,-13.2675,-90.01580727234654,-31.25917852906287,-50.08640193854764
2025-12-11 12:00:00,2,-22.925833333333333,-13.19,-102.20985421104623,-67.99546568627453,-54.90143467511196
2025-12-11 13:00:00,2,-33.236666666666665,-11.58,-105.49809376403837,-67.99546568627453,-61.16596880427956
2025-12-11 14:00:00,2,-23.29,-7.565833333333334,-104.38264211013325,-67.99546568627453,-59.241411288928376
2025-12-11 15:00:00,2,-28.49,-6.083333333333333,-97.92088895009076,-31.25917852906287,-59.16069224107015
2025-12-11 16:00:00,2,-24.227500000000003,7.154166666666666,-72.14436006178889,-31.25917852906287,-46.90274074640023
2025-12-11 17:00:00,2,-12.234166666666669,8.854999999999999,-26.328888529681407,-12.62772687609075,-22.11404470901323
2025-12-11 18:00:00,2,0.3358333333333334,51.5525,26.614560068002284,60.553991769547366,9.788113769768813
2025-12-11 19:00:00,2,79.13833333333334,120.56166666666668,101.67823085795737,60.553991769547366,51.56953786986332
2025-12-11 20:00:00,2,84.59583333333333,129.31166666666667,124.94828237922741,118.82219494047614,87.55153964871356
2025-12-11 21:00:00,2,105.70333333333332,124.64083333333332,126.62267285099387,105.074046184739,97.95873701415226
2025-12-11 22:00:00,2,104.73583333333332,113.81083333333332,119.78428623455004,105.074046184739,99.5653301478523
2025-12-11 23:00:00,2,82.67416666666666,107.33083333333332,127.62695405753377,94.16238845144358,103.82933173426697
2025-12-12 00:00:00,2,87.15166666666666,132.2575,152.88103906193055,94.16238845144358,117.87462358977727
2025-12-12 01:00:00,2,81.92666666666666,136.97166666666666,160.0840890582341,94.16238845144358,99.8224932902315
2025-12-12 02:00:00,2,86.70416666666667,131.03333333333333,130.13621812726143,94.16238845144358,94.66229762959921
2025-12-12 03:00:00,2,50.23666666666667,145.30583333333334,100.965434569242,94.16238845144358,84.99292339031884
2025-12-12 04:00:00,2,13.198333333333332,139.8658333333333,69.5305559477046,52.169972451790635,64.20832471637823
2025-12-12 05:00:00,2,10.798333333333332,126.85,70.62412308472882,68.00663956639569,50.27228876568127
2025-12-12 06:00:00,2,16.309166666666666,79.94166666666666,42.38781377840229,47.03040441176469,26.416099657328516
2025-12-12 07:00:00,2,7.170833333333333,44.649166666666666,4.566544841725118,47.03040441176469,0.4036156387006855
2025-12-12 08:00:00,2,2.7541666666666664,44.37833333333333,-10.763249701436308,36.96564814814812,-12.961612273527606
2025-12-12 09:00:00,2,-1.519166666666667,18.614166666666662,-57.28664516322789,-12.62772687609075,-19.865460908195985
2025-12-12 10:00:00,2,-8.641666666666667,-0.6125000000000003,-67.60831184747732,-31.25917852906287,-28.890463364117096
2025-12-12 11:00:00,2,-5.480833333333333,-4.516666666666667,-60.24238730807426,-31.25917852906287,-37.5775482901672
2025-12-12 12:00:00,2,2.864166666666667,2.73,-40.38291349472668,-17.854064465408797,-42.33525496823343
2025-12-12 13:00:00,2,3.2916666666666665,6.194999999999999,-12.058546412237504,7.080550766283529,-33.336917392666805
2025-12-12 14:00:00,2,23.86583333333333,-1.741666666666667,23.583345548117165,23.988664021164013,-13.981263423234154
2025-12-12 15:00:00,2,53.93,8.237499999999999,62.59433716180534,58.68382398753894,12.204734883331597
2025-12-12 16:00:00,2,110.98166666666668,28.63333333333333,118.2090773397267,105.87496052631572,48.696102606662215
2025-12-12 17:00:00,2,131.29083333333332,94.89166666666668,177.65957244504193,129.04421521035607,88.01863739308457
2025-12-12 18:00:00,2,115.6375,109.57,221.05080476602816,129.04421521035607,113.84874398795469
2025-12-12 19:00:00,2,133.98666666666665,140.58166666666668,209.79442674429416,129.04421521035607,135.37347087176516
2025-12-12 20:00:00,2,127.02916666666664,108.6225,220.32804620837675,186.77901149425296,153.41109710116314
2025-12-12 21:00:00,2,113.97,96.92416666666666,201.8134375910457,186.77901149425296,142.42128149936084
2025-12-12 22:00:00,2,118.43,115.98333333333332,154.5507308233311,134.87735449735453,122.45330286537668
2025-12-12 23:00:00,2,127.66666666666669,140.70833333333334,113.12859126806924,105.074046184739,104.28084627710895
2025-12-13 00:00:00,2,116.8325,153.14583333333334,83.86395785877396,85.57557734204796,91.32000299327329
2025-12-13 01:00:00,2,94.70666666666666,91.44333333333331,56.413954539935176,47.03040441176469,63.97181792661806
2025-12-13 02:00:00,2,74.7175,80.0,-10.745346401720582,4.975487421383647,35.78055034085343
2025-12-13 03:00:00,2,76.07833333333333,75.55583333333333,-57.148877279432554,-7.5070408163265325,28.43240107528466
2025-12-13 04:00:00,2,80.34333333333333,57.32916666666667,-72.18924076484782,-7.5070408163265325,26.240004761079412
2025-12-13 05:00:00,2,84.91416666666667,68.55833333333334,-87.84947479880174,-7.5070408163265325,24.664791586967894
2025-12-13 06:00:00,2,88.60916666666667,49.61833333333333,-43.05879193148732,4.63710027100271,22.037685720523058
2025-12-13 07:00:00,2,137.30083333333334,-3.6033333333333335,18.47195460236904,36.96564814814812,28.025768976324557
2025-12-13 08:00:00,2,69.29916666666666,92.0325,0.28944771991746165,36.96564814814812,6.631852281764921
2025-12-13 09:00:00,2,79.655,34.718333333333334,14.437004485119715,36.96564814814812,8.055669098773066
2025-12-13 10:00:00,2,27.27333333333333,-3.6458333333333335,3.1057236273270803,7.080550766283529,8.21542074672712
2025-12-13 11:00:00,2,20.136666666666667,-8.694166666666666,-16.07066947758561,3.237462686567165,0.035227371872508684
2025-12-13 12:00:00,2,4.255833333333333,-4.235,-48.182206660015765,-17.854064465408797,5.155479620975896
2025-12-13 13:00:00,2,2.36,-3.660833333333333,-72.48356104309423,-17.854064465408797,-24.758383115768822
2025-12-13 14:00:00,2,23.189166666666665,-4.748333333333334,-28.90909547322562,3.237462686567165,-11.76940727854982
2025-12-13 15:00:00,2,39.98,2.5125,22.0612008079244,23.988664021164013,6.85699617336887
2025-12-13 16:00:00,2,96.75833333333333,3.335833333333333,68.48997070376682,36.96564814814812,37.99973373410346
2025-12-13 17:00:00,2,11.728333333333332,10.095833333333331,70.74503232182208,23.988664021164013,47.180846697838554
2025-12-13 18:00:00,2,-4.155833333333334,-0.0733333333333334,65.29805370208452,58.68382398753894,60.235542073135534
2025-12-13 19:00:00,2,68.69,-3.889166666666666,83.4566952537965,60.553991769547366,71.92136972243148
2025-12-13 20:00:00,2,84.9175,4.265,95.12430526824151,105.074046184739,91.50109679832518
2025-12-13 21:00:00,2,78.9675,6.09,115.4648900055403,105.074046184739,106.00543657861724
2025-12-13 22:00:00,2,78.98333333333333,8.730833333333333,114.75689935841658,94.16238845144358,104.14022785573276
2025-12-13 23:00:00,2,75.31916666666667,10.976666666666668,114.68151220232645,94.16238845144358,101.86382421158591
2025-12-14 00:00:00,2,74.75333333333333,16.1675,125.4251318580735,94.16238845144358,103.23552301418674
2025-12-14 01:00:00,2,68.29916666666666,11.676666666666668,109.46169843744212,94.16238845144358,81.42864897723302
2025-12-14 02:00:00,2,61.77583333333333,10.5775,66.97837517786381,80.72420689655173,65.87354666823008
2025-12-14 03:00:00,2,4.875833333333333,8.785833333333333,29.302128360681778,52.169972451790635,49.09323057236135
2025-12-14 04:00:00,2,9.576666666666666,8.739166666666668,-1.8440515021044916,52.169972451790635,40.229272267824626
2025-12-14 05:00:00,2,9.321666666666664,14.9625,-25.855582447774026,20.92526851851852,32.995376964285256
2025-12-14 06:00:00,2,8.948333333333332,36.7475,-28.68035115878618,52.169972451790635,18.126026292401363
2025-12-14 07:00:00,2,-3.635,2.006666666666667,-28.47268732702088,-17.854064465408797,-7.239625201225181
2025-12-14 08:00:00,2,-9.174166666666666,-13.3375,-90.3334991695902,-31.25917852906287,-27.2991578680692
2025-12-14 09:00:00,2,-11.045833333333334,-27.953333333333333,-121.9249873031091,-31.25917852906287,-26.23976521176712
2025-12-14 10:00:00,2,-32.733333333333334,-39.335,-136.35379077192945,-31.25917852906287,-3.1184858840775718
2025-12-14 11:00:00,2,-39.71416666666666,-51.13833333333333,-168.34990142526524,-31.25917852906287,-5.274273833558652
2025-12-14 12:00:00,2,-51.245,-56.520833333333336,-173.15701099183144,-67.99546568627453,-28.56226047128702
2025-12-14 13:00:00,2,-52.94583333333333,-54.28833333333333,-161.128672810043,-31.25917852906287,-2.9277425426486303
2025-12-14 14:00:00,2,-62.20416666666667,-63.72416666666667,-162.94784498289792,-67.99546568627453,-3.9989911501952236
2025-12-14 15:00:00,2,-80.71249999999999,-65.7175,-151.15971076314776,-67.99546568627453,-20.20075260134145
2025-12-14 16:00:00,2,-70.77583333333334,-36.7475,-136.0690818700767,-31.25917852906287,-32.22113507767418
2025-12-14 17:00:00,2,-42.285,7.530833333333334,-96.01048738250796,-31.25917852906287,-35.89940067828958
2025-12-14 18:00:00,2,-23.569166666666664,37.95166666666666,-57.5943277941403,-14.17065789473684,-24.915611000056913
2025-12-14 19:00:00,2,-5.545000000000001,85.06666666666666,-28.8724293771744,-14.17065789473684,-6.074157249536668
2025-12-14 20:00:00,2,22.964166666666667,94.05583333333334,11.118043424925972,20.92526851851852,22.6960161172102
2025-12-14 21:00:00,2,47.6325,86.32916666666667,11.030334691376297,60.553991769547366,33.10082863272824
2025-12-14 22:00:00,2,57.12916666666666,82.64083333333333,1.6619923786264224,20.92526851851852,35.52171901223978
2025-12-14 23:00:00,2,66.06,81.00583333333334,-12.825906285114812,20.92526851851852,33.43383479216325
2025-12-15 00:00:00,2,72.28750000000001,80.13166666666667,-18.354884234127994,20.92526851851852,34.52173007205673
2025-12-15 01:00:00,2,70.83333333333333,81.58416666666666,-5.450323783824047,20.92526851851852,29.59945192879797
2025-12-15 02:00:00,2,55.76333333333333,84.17583333333333,-17.391502636941098,20.92526851851852,29.39624356651396
2025-12-15 03:00:00,2,32.50083333333333,69.29166666666667,-32.309498084065964,20.92526851851852,24.231803537293786
2025-12-15 04:00:00,2,27.324166666666667,18.24416666666667,-27.965713459841183,20.92526851851852,34.66201681852088
2025-12-15 05:00:00,2,32.23166666666667,14.805833333333334,-17.156223602423594,20.92526851851852,45.70439859981127
2025-12-15 06:00:00,2,47.5225,16.655833333333334,5.046075073500148,68.00663956639569,48.435452592653235
2025-12-15 07:00:00,2,6.1675,5.334166666666667,0.16257932649493512,4.362150959860386,17.72882551920491
2025-12-15 08:00:00,2,1.544166666666667,-0.6691666666666668,-11.606066574778296,4.63710027100271,-1.7495804526712249
2025-12-15 09:00:00,2,-6.8825,-13.410833333333334,-31.570133274340108,-12.62772687609075,-5.88715987143992
2025-12-15 10:00:00,2,-8.08,-12.873333333333331,-51.173089470596324,-12.62772687609075,-6.598444668761431
2025-12-15 11:00:00,2,-11.840833333333334,-12.829999999999998,-62.63674198525348,-12.62772687609075,1.8238563402140784
2025-12-15 12:00:00,2,-20.3575,-17.588333333333335,-75.95560582846716,-31.25917852906287,-6.19340102228476
2025-12-15 13:00:00,2,-31.0625,-21.26083333333333,-93.9148902294547,-31.25917852906287,-8.879636609575925
2025-12-15 14:00:00,2,-35.475833333333334,-14.9625,-100.27176943898584,-31.25917852906287,-19.211039487191883
2025-12-15 15:00:00,2,-47.836666666666666,-14.433333333333332,-105.03992128915428,-31.25917852906287,-30.93344562361311
2025-12-15 16:00:00,2,-17.775833333333335,-13.251666666666663,-82.12069332189179,-31.25917852906287,-20.52636315539354
2025-12-15 17:00:00,2,-8.5975,-9.409166666666666,-57.69468162949212,-14.17065789473684,-19.140514707352935
2025-12-15 18:00:00,2,-7.066666666666666,-5.433333333333334,-23.809297344026945,-14.17065789473684,-5.314836672573108
2025-12-15 19:00:00,2,22.99083333333333,61.77333333333333,14.034471228878331,4.362150959860386,21.70037114442634
2025-12-15 20:00:00,2,74.25583333333334,91.86,56.948604680767666,4.362150959860386,48.907720948606915
2025-12-15 21:00:00,2,77.845,82.06333333333333,67.55251281030945,60.553991769547366,62.13750083835265
2025-12-15 22:00:00,2,72.08083333333333,71.80416666666666,53.416877245037796,60.553991769547366,59.3113039604807
2025-12-15 23:00:00,2,57.12916666666666,57.844166666666666,33.41695113462487,20.92526851851852,58.574733002053165
2025-12-16 00:00:00,2,59.13333333333333,79.86749999999999,33.95064738454747,60.553991769547366,63.12262046566201
2025-12-16 01:00:00,2,59.2275,81.3275,55.261922452858876,20.92526851851852,43.371089285461714
2025-12-16 02:00:00,2,62.32083333333333,83.92916666666666,47.480897204196815,68.00663956639569,47.2024429546928
2025-12-16 03:00:00,2,61.92,84.7475,46.795761397107775,84.33577564102562,59.47141460718447
2025-12-16 04:00:00,2,57.37916666666666,86.27916666666665,40.68197721324639,84.33577564102562,64.464909284373
2025-12-16 05:00:00,2,64.19916666666667,96.13,63.87536154145498,84.33577564102562,79.16816108775659
2025-12-16 06:00:00,2,66.30666666666666,87.75666666666666,82.7931817342963,47.03040441176469,67.30179726559918
2025-12-16 07:00:00,2,18.609166666666667,22.804166666666664,82.79299481937518,47.03040441176469,45.637944474227616
2025-12-16 08:00:00,2,11.100833333333334,9.039166666666668,58.2339605013876,47.03040441176469,24.696431793637814
2025-12-16 09:00:00,2,12.033333333333331,4.041666666666667,13.934122453159489,36.96564814814812,10.830348799679356
2025-12-16 10:00:00,2,-2.3233333333333337,-0.5833333333333334,-22.818803362181924,7.080550766283529,-12.235734288408153
2025-12-16 11:00:00,2,-5.9125000000000005,-6.621666666666666,-56.610465066829335,-31.25917852906287,-32.48700313333853
2025-12-16 12:00:00,2,-13.455,-9.4325,-76.79465872373814,-31.25917852906287,-34.90626309210782
2025-12-16 13:00:00,2,-18.235,-8.5675,-82.68608971914549,-67.99546568627453,-40.467559285019036
2025-12-16 14:00:00,2,-10.82,-8.2075,-81.12235947986665,-67.99546568627453,-43.41694097425946
2025-12-16 15:00:00,2,-7.9941666666666675,-6.906666666666666,-74.90137408512626,-67.99546568627453,-41.075862178081294
2025-12-16 16:00:00,2,0.0933333333333332,-3.791666666666666,-54.7017504965354,-31.25917852906287,-28.111352136847813
2025-12-16 17:00:00,2,3.390833333333333,1.8675,-5.645824539091748,-12.62772687609075,-8.389249806418547
2025-12-16 18:00:00,2,16.778333333333332,8.363333333333333,33.943898348391436,60.553991769547366,15.87289340399191
2025-12-16 19:00:00,2,78.78666666666666,72.48333333333333,91.80823340472504,60.553991769547366,52.92665641864964
2025-12-16 20:00:00,2,87.76166666666666,96.33833333333332,110.08232299015539,60.553991769547366,86.47876625406523
2025-12-16 21:00:00,2,82.03,83.10833333333333,115.99097578316993,105.074046184739,100.81789424451036
2025-12-16 22:00:00,2,80.14916666666666,87.35666666666667,107.26406691738111,105.074046184739,101.1174427021536
2025-12-16 23:00:00,2,81.93333333333334,87.09583333333335,97.2660218131972,105.074046184739,102.99154511596709
2025-12-17 00:00:00,2,83.30499999999999,85.0825,113.17709137228837,105.074046184739,118.1092667228017
2025-12-17 01:00:00,2,79.86583333333333,81.41333333333334,142.44246833565927,94.16238845144358,111.13919125984805
2025-12-17 02:00:00,2,81.54666666666667,81.04166666666667,133.72838373159695,94.16238845144358,115.09360005822994
2025-12-17 03:00:00,2,75.38666666666667,78.86916666666666,120.89286770630999,94.16238845144358,116.66705534051525
2025-12-17 04:00:00,2,77.77416666666666,76.59416666666667,116.35266896750498,94.16238845144358,120.69727583863477
2025-12-17 05:00:00,2,93.89833333333333,80.03083333333333,112.03778948295027,94.16238845144358,126.65371167187234
2025-12-17 06:00:00,2,112.75666666666666,97.975,95.2384850476505,105.074046184739,105.40175597352727
2025-12-17 07:00:00,2,49.7625,89.73,75.12432724326116,58.68382398753894,51.616331267813564
2025-12-17 08:00:00,2,40.380833333333335,91.6325,46.37967543222624,36.96564814814812,1.9391969264134445
2025-12-17 09:00:00,2,13.453333333333331,115.51166666666668,-2.043520578121729,23.988664021164013,-22.166017807729304
2025-12-17 10:00:00,2,7.6116666666666655,72.94333333333333,-26.96512061775141,3.237462686567165,-30.769699287597305
2025-12-17 11:00:00,2,8.095833333333333,40.861666666666665,-21.62030465879134,3.237462686567165,-27.898549067090855
2025-12-17 12:00:00,2,10.205833333333333,37.09666666666666,-9.583692597928746,3.237462686567165,-21.236663184700518
2025-12-17 13:00:00,2,12.533333333333331,31.0375,14.114810568947348,3.237462686567165,-8.743247779722523
2025-12-17 14:00:00,2,26.1975,32.01333333333333,42.24229938830736,23.988664021164013,6.964555288973415
2025-12-17 15:00:00,2,41.81666666666666,30.65333333333333,65.32318941804931,36.96564814814812,16.673554012548863
2025-12-17 16:00:00,2,55.333333333333336,44.805,79.2548222468038,105.87496052631572,33.346772960676525
2025-12-17 17:00:00,2,99.39416666666666,22.59083333333333,97.9417284644845,93.00794289044285,64.78419573889401
2025-12-17 18:00:00,2,131.7825,34.1,121.83039860371312,93.00794289044285,86.67469930395218
2025-12-17 19:00:00,2,183.64166666666665,5.453333333333333,162.54624143856694,129.04421521035607,117.20860137295332
2025-12-17 20:00:00,2,215.3516666666667,20.696666666666665,183.5461614635663,162.35805,145.5419416459198
2025-12-17 21:00:00,2,186.78416666666664,38.2975,182.84747099897822,162.35805,146.39782954379368
2025-12-17 22:00:00,2,144.56333333333333,23.117500000000003,164.33333633977594,134.87735449735453,133.63225385506064
2025-12-17 23:00:00,2,155.5075,13.527500000000002,138.66502499383975,105.074046184739,124.85705733758007
2025-12-18 00:00:00,2,157.31666666666666,35.42333333333333,138.7287061301127,105.074046184739,130.6440826183336
2025-12-18 01:00:00,2,143.98166666666663,45.54333333333333,124.3954889640357,105.074046184739,114.34369334881842
2025-12-18 02:00:00,2,145.86666666666667,13.634166666666664,99.22380546697651,94.16238845144358,110.65788554468688
2025-12-18 03:00:00,2,126.5575,9.2625,89.87522535646713,94.16238845144358,110.05007150203107
2025-12-18 04:00:00,2,120.78833333333334,7.94,72.73106948162217,94.16238845144358,106.20877770031345
2025-12-18 05:00:00,2,127.95583333333332,9.2625,53.385972832364594,94.16238845144358,96.61240963448066
2025-12-18 06:00:00,2,112.0575,11.1125,40.97762686251853,105.074046184739,65.16637050710693
2025-12-18 07:00:00,2,27.32333333333333,7.744166666666666,23.909537302589897,85.57557734204796,18.877005979151207
2025-12-18 08:00:00,2,16.913333333333334,-1.1458333333333337,21.883210627473474,58.68382398753894,2.964243130383238
2025-12-18 09:00:00,2,18.551666666666662,-12.321666666666667,6.324184646488035,36.96564814814812,-0.9501121016344314
2025-12-18 10:00:00,2,5.13,-18.7275,-14.486798382114898,4.63710027100271,-1.5449569056149954
2025-12-18 11:00:00,2,-2.204166666666667,-18.98,-18.62258717170502,23.37016106442577,4.793250500956887
2025-12-18 12:00:00,2,5.101666666666667,-22.925833333333333,-6.2080265346145325,30.302478741496603,12.851710943766761
2025-12-18 13:00:00,2,15.494166666666668,-33.236666666666665,15.389513095502949,30.302478741496603,23.35829903953259
2025-12-18 14:00:00,2,27.758333333333336,-23.29,31.480216402392607,30.302478741496603,25.14861463662691
2025-12-18 15:00:00,2,53.94333333333333,-28.49,41.38400696163067,30.302478741496603,33.49206451269415
2025-12-18 16:00:00,2,158.40916666666666,-24.227500000000003,80.22858718457465,45.58110339506174,54.83898509182342
2025-12-18 17:00:00,2,187.04916666666668,-12.234166666666669,142.08339745517316,147.5863707165109,90.69278980689546
2025-12-18 18:00:00,2,196.9658333333333,0.3358333333333334,218.44414347448364,195.3311384976526,138.67815906599023
2025-12-18 19:00:00,2,268.27833333333336,79.13833333333334,259.7607614942216,1191.4819916666668,166.42480567167226
2025-12-18 20:00:00,2,228.135,84.59583333333333,268.86948927407354,186.77901149425296,179.92911146858907
2025-12-18 21:00:00,2,197.1025,105.70333333333332,231.4033395974313,186.77901149425296,165.65250755280408
2025-12-18 22:00:00,2,179.20833333333334,104.73583333333332,192.17073217165182,186.77901149425296,147.5442480437673
2025-12-18 23:00:00,2,156.92916666666667,82.67416666666666,185.9692712296051,134.87735449735453,133.23384008079935
2025-12-19 00:00:00,2,157.1266666666667,87.15166666666666,153.47854338865397,134.87735449735453,127.5741289863555
2025-12-19 01:00:00,2,151.79,81.92666666666666,140.69474398844332,105.074046184739,87.631957509354
2025-12-19 02:00:00,2,117.71333333333332,86.70416666666667,110.38353160722686,105.074046184739,75.62308118797547
2025-12-19 03:00:00,2,102.43416666666668,50.23666666666667,92.57294767485067,84.33577564102562,65.64991532764454
2025-12-19 04:00:00,2,85.57333333333334,13.198333333333332,76.94307220453841,68.00663956639569,59.854183543626704
2025-12-19 05:00:00,2,79.48166666666667,10.798333333333332,55.10689836977259,47.03040441176469,50.07078013584552
2025-12-19 06:00:00,2,74.88250000000001,16.309166666666666,25.641274321549403,23.37016106442577,37.78073003454049
2025-12-19 07:00:00,2,60.6875,7.170833333333333,37.332110284755515,47.03040441176469,30.47107322287583
2025-12-19 08:00:00,2,60.844166666666666,2.7541666666666664,68.68089935197577,47.03040441176469,35.09455261832533
2025-12-19 09:00:00,2,90.63083333333331,-1.519166666666667,98.64097692236658,105.87496052631572,48.28022463076561
2025-12-19 10:00:00,2,130.08333333333334,-8.641666666666667,129.23416163911457,129.04421521035607,62.59232670060375
2025-12-19 11:00:00,2,98.6825,-5.480833333333333,157.67150904613828,129.04421521035607,83.19681456658695
2025-12-19 12:00:00,2,175.3733333333333,2.864166666666667,146.38556587318675,129.04421521035607,89.25946228874051
2025-12-19 13:00:00,2,108.65,3.2916666666666665,159.1313512865682,129.04421521035607,100.79992092987905
2025-12-19 14:00:00,2,114.395,23.86583333333333,165.80689251903664,129.04421521035607,100.46948283263941
2025-12-19 15:00:00,2,98.19666666666666,53.93,146.4307937373097,129.04421521035607,87.30657347102633
2025-12-19 16:00:00,2,102.98333333333332,110.98166666666668,147.53654355746218,147.5863707165109,76.36706821664188
2025-12-19 17:00:00,2,60.274166666666666,131.29083333333332,137.19618231402174,93.00794289044285,58.076793514753234
2025-12-19 18:00:00,2,93.23416666666668,115.6375,84.83384462848045,45.58110339506174,40.694482515085035
2025-12-19 19:00:00,2,123.53416666666668,133.98666666666665,77.8289367722207,45.58110339506174,65.12627941222543
2025-12-19 20:00:00,2,126.44416666666666,127.02916666666664,117.15924426577456,93.00794289044285,97.83650947392796
2025-12-19 21:00:00,2,117.15083333333332,113.97,115.40260937827,145.79303333333334,103.16060387056018
2025-12-19 22:00:00,2,108.06916666666666,118.43,77.9405720550101,60.553991769547366,76.40842124652333
2025-12-19 23:00:00,2,112.70166666666668,127.66666666666669,94.43936644986283,85.57557734204796,87.55223995865224
2025-12-20 00:00:00,2,114.87,116.8325,137.87375128572825,105.074046184739,107.83790189735598
2025-12-20 01:00:00,2,112.78083333333336,94.70666666666666,136.7941923552477,105.074046184739,104.17577796326684
2025-12-20 02:00:00,2,113.52416666666666,74.7175,91.09476000279493,94.16238845144358,90.10397056503463
2025-12-20 03:00:00,2,98.05166666666666,76.07833333333333,77.13285536161901,94.16238845144358,85.56727874761879
2025-12-20 04:00:00,2,92.01,80.34333333333333,49.15701422346168,94.16238845144358,74.8658548429806
2025-12-20 05:00:00,2,98.4075,84.91416666666667,39.17417377392485,84.33577564102562,66.14683494323691
2025-12-20 06:00:00,2,108.0,88.60916666666667,29.217380143475246,84.33577564102562,57.25238210267618
2025-12-20 07:00:00,2,46.78333333333333,137.30083333333334,17.18565700656883,36.96564814814812,38.769039981313725
2025-12-20 08:00:00,2,50.60666666666666,69.29916666666666,74.19619555890588,36.96564814814812,33.8756697656555
2025-12-20 09:00:00,2,57.16,79.655,45.96193779474186,36.96564814814812,16.926029343869317
2025-12-20 10:00:00,2,36.91916666666667,27.27333333333333,37.0862941593981,36.96564814814812,18.960103807998777
2025-12-20 11:00:00,2,10.004166666666668,20.136666666666667,25.613706867442595,7.080550766283529,10.633740457907876
2025-12-20 12:00:00,2,9.328333333333331,4.255833333333333,10.426116019681231,7.080550766283529,17.956332185471872
2025-12-20 13:00:00,2,1.9016666666666664,2.36,3.801490645072789,7.080550766283529,-7.65345112917538
2025-12-20 14:00:00,2,19.864166666666662,23.189166666666665,-17.967434482219176,-17.854064465408797,-35.01163523792101
2025-12-20 15:00:00,2,-0.5150000000000001,39.98,-32.3877060938496,-17.854064465408797,-39.102737980572044
2025-12-20 16:00:00,2,-3.498333333333333,96.75833333333333,-31.528012558937476,-17.854064465408797,-27.927504311943267
2025-12-20 17:00:00,2,6.093333333333334,11.728333333333332,-8.429764693829455,-12.62772687609075,-3.7043605802076627
2025-12-20 18:00:00,2,48.535,-4.155833333333334,21.837979830677305,4.63710027100271,28.14753885750025
2025-12-20 19:00:00,2,120.40749999999998,68.69,51.54954516896812,60.553991769547366,63.69014515198455
2025-12-20 20:00:00,2,129.20000000000002,84.9175,59.307380511041146,60.553991769547366,86.49351628785149
2025-12-20 21:00:00,2,117.4,78.9675,59.78220421412869,85.57557734204796,91.63148283550066
2025-12-20 22:00:00,2,110.83,78.98333333333333,46.48976725265385,105.074046184739,83.77456218897514
2025-12-20 23:00:00,2,112.25833333333333,75.31916666666667,36.90216633193597,84.33577564102562,83.51232065165557
2025-12-21 00:00:00,2,135.03333333333333,74.75333333333333,48.33121753519074,105.074046184739,95.97610471433089
2025-12-21 01:00:00,2,133.20833333333334,68.29916666666666,74.79969842250568,94.16238845144358,84.22495871046475
2025-12-21 02:00:00,2,112.81,61.77583333333333,68.9278720618918,94.16238845144358,85.68310636895055
2025-12-21 03:00:00,2,103.2125,4.875833333333333,63.35569710924203,80.72420689655173,85.95812787091846
2025-12-21 04:00:00,2,101.18416666666668,9.576666666666666,57.60632924827104,80.72420689655173,85.39872831068331
2025-12-21 05:00:00,2,86.0,9.321666666666664,51.959727820092496,80.72420689655173,83.48603211192048
2025-12-21 06:00:00,2,49.89666666666667,8.948333333333332,47.05610445685362,80.72420689655173,65.11669695468657
2025-12-21 07:00:00,2,18.86083333333333,-3.635,30.85349387345981,23.988664021164013,30.105196473657372
2025-12-21 08:00:00,2,9.861666666666666,-9.174166666666666,37.90015755068046,23.988664021164013,15.013014966951289
2025-12-21 09:00:00,2,11.485833333333332,-11.045833333333334,9.248516354887755,23.988664021164013,-1.6676070705363628
2025-12-21 10:00:00,2,13.175,-32.733333333333334,-13.003510094450647,7.080550766283529,5.279453373820303
2025-12-21 11:00:00,2,23.0675,-39.71416666666666,12.226797111177333,36.96564814814812,21.23687485078635
2025-12-21 12:00:00,2,15.663333333333334,-51.245,72.38003845248012,36.96564814814812,42.67296210405482
2025-12-21 13:00:00,2,15.87,-52.94583333333333,60.15089686964391,77.95929166666667,33.677958943699196
2025-12-21 14:00:00,2,74.205,-62.20416666666667,29.914822430040658,36.96564814814812,28.07032304138704
2025-12-21 15:00:00,2,22.82916666666667,-80.71249999999999,9.524452322046656,47.03040441176469,23.741453798823784
2025-12-21 16:00:00,2,20.106666666666666,-70.77583333333334,-33.27022096019748,30.302478741496603,0.42622116786081676
2025-12-21 17:00:00,2,1.2341666666666664,-42.285,60.45222915670689,58.68382398753894,59.53105879248049
2025-12-21 18:00:00,2,-0.2966666666666668,-23.569166666666664,69.31487993540199,60.553991769547366,65.28902851250109
2025-12-21 19:00:00,2,-0.4475,-5.545000000000001,49.76086027448827,60.553991769547366,43.081003528082036
2025-12-21 20:00:00,2,8.490833333333333,22.964166666666667,93.06969516997601,125.09517759562843,86.25291421071373
2025-12-21 21:00:00,2,11.325833333333334,47.6325,49.11656612375205,60.553991769547366,53.64609951569176
2025-12-21 22:00:00,2,11.036666666666669,57.12916666666666,13.127947095511857,20.92526851851852,32.88881452107089
2025-12-21 23:00:00,2,47.53583333333333,66.06,-2.2441151284927088,20.92526851851852,26.909277444721496
2025-12-22 00:00:00,2,67.44,72.28750000000001,19.496610366533346,20.92526851851852,47.08267006927121
2025-12-22 01:00:00,2,66.9675,70.83333333333333,37.080624447310015,20.92526851851852,40.22015504300787
2025-12-22 02:00:00,2,69.08,55.76333333333333,25.98027587596686,20.92526851851852,39.42683795265726
2025-12-22 03:00:00,2,75.11,32.50083333333333,11.856872523839911,20.92526851851852,41.58619324766348
2025-12-22 04:00:00,2,81.36416666666666,27.324166666666667,-12.301561482244793,52.169972451790635,42.90524099471979
2025-12-22 05:00:00,2,49.43833333333333,32.23166666666667,-9.243453072722914,52.169972451790635,48.64487404579813
2025-12-22 06:00:00,2,24.685,47.5225,3.2482805193308053,68.00663956639569,41.692791956703594
2025-12-22 07:00:00,2,-7.19,6.1675,-29.942081865284237,4.63710027100271,-8.02591205971332
2025-12-22 08:00:00,2,-5.341666666666666,1.544166666666667,-30.454412444344143,4.63710027100271,-15.50168987780215
2025-12-22 09:00:00,2,-8.790000000000001,-6.8825,-22.68941198570036,-12.62772687609075,-7.415294517261614
2025-12-22 10:00:00,2,-6.254166666666666,-8.08,-27.803553943549133,7.080550766283529,8.13993436524646
2025-12-22 11:00:00,2,-35.0625,-11.840833333333334,-29.472449948502145,-17.854064465408797,20.150983259393904
2025-12-22 12:00:00,2,-7.261666666666667,-20.3575,-25.58877884035472,-17.854064465408797,22.563526677907007
2025-12-22 13:00:00,2,-11.346666666666666,-31.0625,-26.85896330562457,3.237462686567165,27.09540551983232
2025-12-22 14:00:00,2,-14.043333333333337,-35.475833333333334,-22.090149669014707,-18.43407828282829,31.2149789821937
2025-12-22 15:00:00,2,-13.004166666666668,-47.836666666666666,-28.853277151716185,-18.43407828282829,24.616611569743718
2025-12-22 16:00:00,2,-20.849166666666665,-17.775833333333335,-11.785713140085974,3.237462686567165,24.943537963474064
2025-12-22 17:00:00,2,-8.430833333333334,-8.5975,9.003063951309727,7.080550766283529,28.75740731681438
2025-12-22 18:00:00,2,-4.2725,-7.066666666666666,32.65309691772453,7.080550766283529,36.775334633438646
2025-12-22 19:00:00,2,73.35083333333334,22.99083333333333,84.2985901658047,58.68382398753894,74.38882405643426
2025-12-22 20:00:00,2,96.78916666666667,74.25583333333334,120.33977003058823,125.09517759562843,114.88872533657579
2025-12-22 21:00:00,2,86.4525,77.845,125.51593973716307,125.09517759562843,123.81977214842088
2025-12-22 22:00:00,2,71.83333333333333,72.08083333333333,116.02267155130536,125.09517759562843,120.49033010699594
2025-12-22 23:00:00,2,42.68666666666667,57.12916666666666,87.07592356686271,103.34318594104306,113.11763503701468
2025-12-23 00:00:00,2,22.57583333333333,59.13333333333333,72.6762995484708,103.34318594104306,109.24112115069354
2025-12-23 01:00:00,2,11.195833333333333,59.2275,70.67201158381506,103.34318594104306,74.23241043343239
2025-12-23 02:00:00,2,8.95,62.32083333333333,42.57265382886177,52.169972451790635,57.067390032812426
2025-12-23 03:00:00,2,8.086666666666666,61.92,14.608150245852357,52.169972451790635,38.36378589857222
2025-12-23 04:00:00,2,8.914166666666667,57.37916666666666,-4.618317875297109,20.92526851851852,24.826532705585095
2025-12-23 05:00:00,2,26.83083333333333,64.19916666666667,-2.2546518669060873,20.92526851851852,21.73252716958641
2025-12-23 06:00:00,2,20.71333333333333,66.30666666666666,-2.3858940384140936,20.92526851851852,17.313543810671703
2025-12-23 07:00:00,2,-4.769166666666667,18.609166666666667,-25.462272365136414,-12.62772687609075,-0.07024735899587142
2025-12-23 08:00:00,2,-15.115833333333333,11.100833333333334,-36.39503922587801,-12.62772687609075,-22.356400631654623
2025-12-23 09:00:00,2,-46.28833333333333,12.033333333333331,-61.68003652232028,-31.25917852906287,-30.59021397326309
2025-12-23 10:00:00,2,-58.07916666666667,-2.3233333333333337,-77.73393508495042,-31.25917852906287,-30.970949490647655
2025-12-23 11:00:00,2,-62.215,-5.9125000000000005,-87.8288378921635,-31.25917852906287,-39.299770417399884
2025-12-23 12:00:00,2,-55.95666666666667,-13.455,-87.36951908946264,-31.25917852906287,-40.45214315737449
2025-12-23 13:00:00,2,-65.39583333333333,-18.235,-95.442333156725,-67.99546568627453,-44.69486071634904
2025-12-23 14:00:00,2,-100.05416666666667,-10.82,-98.40765073662828,-67.99546568627453,-55.06956895968183
2025-12-23 15:00:00,2,-98.45083333333334,-7.9941666666666675,-83.27961499240294,-67.99546568627453,-47.16517383089847
2025-12-23 16:00:00,2,-63.54333333333333,0.0933333333333332,-52.858016142785544,-17.854064465408797,-35.47426852070015
2025-12-23 17:00:00,2,-33.9325,3.390833333333333,-7.995641510914339,-17.854064465408797,-9.988386180824008
2025-12-23 18:00:00,2,-8.52,16.778333333333332,26.93638049287265,7.080550766283529,19.934626911988424
2025-12-23 19:00:00,2,27.416666666666668,78.78666666666666,66.2261551198574,36.96564814814812,55.56979740691827
2025-12-23 20:00:00,2,6.545000000000001,87.76166666666666,84.74809793491661,125.09517759562843,87.5865538076309
2025-12-23 21:00:00,2,7.183333333333334,82.03,85.4133283459353,125.09517759562843,99.35774418211238
2025-12-23 22:00:00,2,10.040833333333332,80.14916666666666,77.60388719455754,103.34318594104306,97.07666770231896
2025-12-23 23:00:00,2,10.040833333333332,81.93333333333334,47.435807132561486,84.33577564102562,82.4126139209475
2025-12-24 00:00:00,3,10.823333333333332,83.30499999999999,47.309716738986204,87.27136666666665,82.26476037777068
2025-12-24 01:00:00,3,10.364166666666668,79.86583333333333,66.51261288884432,52.91399122807016,64.09946407194849
2025-12-24 02:00:00,3,9.105,81.54666666666667,48.829332460572274,52.91399122807016,55.66689538861053
2025-12-24 03:00:00,3,8.394166666666667,75.38666666666667,40.11067486083651,52.91399122807016,55.963542086735934
2025-12-24 04:00:00,3,15.3575,77.77416666666666,35.02819183126292,52.91399122807016,57.31969038784638
2025-12-24 05:00:00,3,13.1475,93.89833333333333,38.838122904261446,52.91399122807016,60.83714999580549
2025-12-24 06:00:00,3,9.02,112.75666666666666,47.50616389614978,52.91399122807016,44.92588883686212
2025-12-24 07:00:00,3,-5.224166666666666,49.7625,46.530834468639135,6.8283984375000015,7.548539144794304
2025-12-24 08:00:00,3,-5.450833333333333,40.380833333333335,22.109053678578853,-13.924773730684324,-17.571569363770863
2025-12-24 09:00:00,3,-8.741666666666667,13.453333333333331,29.635001575039908,-5.368386850152904,-11.965580775561577
2025-12-24 10:00:00,3,-18.39333333333333,7.6116666666666655,-1.7189303523097834,-5.368386850152904,-15.275005795729356
2025-12-24 11:00:00,3,-27.075,8.095833333333333,-36.41364221136921,-33.13010553129551,-24.068245113226112
2025-12-24 12:00:00,3,-49.14666666666667,10.205833333333333,-61.612349012309494,-33.13010553129551,-36.0756248337553
2025-12-24 13:00:00,3,-46.65083333333333,12.533333333333331,-67.91759146648002,-33.13010553129551,-33.65961461422512
2025-12-24 14:00:00,3,-49.21833333333333,26.1975,-76.06646410039951,-33.13010553129551,-44.776523277629266
2025-12-24 15:00:00,3,-51.28,41.81666666666666,-73.52101642603819,-33.13010553129551,-47.48142219072389
2025-12-24 16:00:00,3,-59.318333333333335,55.333333333333336,-61.5528427913124,-33.13010553129551,-44.92181363735591
2025-12-24 17:00:00,3,-56.67166666666666,99.39416666666666,-51.81513715176496,-13.88507874015748,-41.23916593290943
2025-12-24 18:00:00,3,-38.42166666666667,131.7825,-26.33347245957013,-13.88507874015748,-28.23896548409607
2025-12-24 19:00:00,3,-12.641666666666666,183.64166666666665,-30.60572893473038,-13.88507874015748,-8.192226612699955
2025-12-24 20:00:00,3,-2.015,215.3516666666667,-19.538115419173323,-3.9461872759856647,8.243163863063373
2025-12-24 21:00:00,3,2.319166666666667,186.78416666666664,-8.031239892056945,13.206296875000003,16.208001282442062
2025-12-24 22:00:00,3,2.2558333333333334,144.56333333333333,-20.591804516135056,13.206296875000003,16.54116326716411
2025-12-24 23:00:00,3,-2.7000000000000006,155.5075,-34.84527768669521,13.206296875000003,18.148623632355203
2025-12-25 00:00:00,3,-0.8583333333333334,157.31666666666666,-23.894376558761167,20.61978070175439,26.787701079688652
2025-12-25 01:00:00,3,-2.654166666666667,143.98166666666663,-2.1749499517414534,20.61978070175439,1.3448942907568124
2025-12-25 02:00:00,3,-3.6658333333333335,145.86666666666667,-31.231399521685262,20.61978070175439,-4.386091273697389
2025-12-25 03:00:00,3,-7.0625,126.5575,-52.51075395928919,13.206296875000003,-11.492304631685812
2025-12-25 04:00:00,3,-7.918333333333333,120.78833333333334,-65.335000100066,-3.9461872759856647,-14.948075109876001
2025-12-25 05:00:00,3,-7.219166666666666,127.95583333333332,-66.8372916640154,-3.9461872759856647,-15.168198432402932
2025-12-25 06:00:00,3,-5.275833333333334,112.0575,-69.76168900597102,-3.9461872759856647,-21.563945186958335
2025-12-25 07:00:00,3,-18.184166666666663,27.32333333333333,-81.02943169120056,-13.88507874015748,-34.54510182060859
2025-12-25 08:00:00,3,-28.85333333333333,16.913333333333334,-80.09038752781942,-33.13010553129551,-39.930756388943266
2025-12-25 09:00:00,3,-56.4575,18.551666666666662,-100.5868670908097,-33.13010553129551,-31.34292504050306
2025-12-25 10:00:00,3,-65.8875,5.13,-124.28733688500165,-33.13010553129551,-33.03812613632539
2025-12-25 11:00:00,3,-87.12416666666667,-2.204166666666667,-137.86264552298357,-66.86065079365079,-33.080610487772816
2025-12-25 12:00:00,3,-102.8925,5.101666666666667,-154.13653587828625,-66.86065079365079,-30.398347098244784
2025-12-25 13:00:00,3,-175.11166666666668,15.494166666666668,-175.70838982921995,-66.86065079365079,-28.96043243430546
2025-12-25 14:00:00,3,-219.6266666666667,27.758333333333336,-186.44206178201674,-66.86065079365079,-35.75900292580904
2025-12-25 15:00:00,3,-236.75833333333333,53.94333333333333,-181.97807362003388,-66.86065079365079,-41.87200895080777
2025-12-25 16:00:00,3,-151.4,158.40916666666666,-172.48315011196365,-66.86065079365079,-44.954800759468014
2025-12-25 17:00:00,3,-94.85083333333334,187.04916666666668,-142.6252670461696,-33.13010553129551,-53.0569585321643
2025-12-25 18:00:00,3,-58.3325,196.9658333333333,-105.04599814876099,-33.13010553129551,-43.562290967262456
2025-12-25 19:00:00,3,-19.354166666666668,268.27833333333336,-40.404063357058845,-13.88507874015748,-28.202028986174426
2025-12-25 20:00:00,3,-9.2525,228.135,-13.111611402832224,-3.9461872759856647,-5.195412341316455
2025-12-25 21:00:00,3,-6.84,197.1025,-0.27923225293903897,-3.9461872759856647,1.47049957099388
2025-12-25 22:00:00,3,-7.714166666666667,179.20833333333334,-5.801896244412703,13.206296875000003,2.6410372050138875
2025-12-25 23:00:00,3,-7.35,156.92916666666667,-20.287799970494504,13.206296875000003,4.479348607928358
2025-12-26 00:00:00,3,-6.705000000000001,157.1266666666667,-14.493473459616467,13.206296875000003,12.430651717551854
2025-12-26 01:00:00,3,-6.656666666666666,151.79,7.104302076477026,20.61978070175439,-6.095547656633798
2025-12-26 02:00:00,3,-7.410833333333334,117.71333333333332,-3.498687313022984,20.61978070175439,-9.817029147359207
2025-12-26 03:00:00,3,-6.573333333333333,102.43416666666668,-27.173685572542723,20.61978070175439,-10.099509402211567
2025-12-26 04:00:00,3,-7.458333333333333,85.57333333333334,-44.51157415691158,20.61978070175439,-7.5434063556773765
2025-12-26 05:00:00,3,-6.939166666666666,79.48166666666667,-48.81522968464492,20.61978070175439,-7.160527287872156
2025-12-26 06:00:00,3,-7.345833333333334,74.88250000000001,-55.85300559272599,-3.9461872759856647,-16.55962039621724
2025-12-26 07:00:00,3,-23.52916666666667,60.6875,-66.52537900204757,-13.88507874015748,-31.239718225320132
2025-12-26 08:00:00,3,-34.505,60.844166666666666,-63.51085774408534,-33.13010553129551,-35.94246831724257
2025-12-26 09:00:00,3,-54.439166666666665,90.63083333333331,-74.34409279428377,-33.13010553129551,-32.17598851004175
2025-12-26 10:00:00,3,-60.10999999999999,130.08333333333334,-95.67857811805624,-33.13010553129551,-30.203782015769704
2025-12-26 11:00:00,3,-67.10000000000001,98.6825,-114.38861137577155,-33.13010553129551,-31.999397926906724
2025-12-26 12:00:00,3,-92.81,175.3733333333333,-119.69172736497674,-66.86065079365079,-34.89065180083634
2025-12-26 13:00:00,3,-125.41666666666669,108.65,-125.49526271316546,-66.86065079365079,-38.74264595127727
2025-12-26 14:00:00,3,-134.4775,114.395,-116.30270514939119,-66.86065079365079,-44.77173600580373
2025-12-26 15:00:00,3,-134.5641666666667,98.19666666666666,-103.2352420338195,-66.86065079365079,-46.03107565440682
2025-12-26 16:00:00,3,-84.47250000000001,102.98333333333332,-67.74576329518342,-66.86065079365079,-48.88818373249157
2025-12-26 17:00:00,3,-75.44666666666667,60.274166666666666,-29.797438313784824,-33.13010553129551,-47.082427632488134
2025-12-26 18:00:00,3,-36.445,93.23416666666668,7.439544240936073,-13.924773730684324,-35.45774792128263
2025-12-26 19:00:00,3,-0.3500000000000001,123.53416666666668,40.939874666773086,-5.368386850152904,-11.220849594202193
2025-12-26 20:00:00,3,5.9925,126.44416666666666,65.7927258193394,20.61978070175439,23.406355793323534
2025-12-26 21:00:00,3,8.886666666666667,117.15083333333332,63.13769538538636,59.57185833333334,32.426081681147195
2025-12-26 22:00:00,3,-0.2241666666666667,108.06916666666666,47.30028438491898,20.61978070175439,26.477833542805918
2025-12-26 23:00:00,3,-1.799166666666667,112.70166666666668,35.61128197326111,20.61978070175439,25.40171882042992
2025-12-27 00:00:00,3,0.5483333333333332,114.87,40.04363170907641,43.714586288416086,37.77164139871422
2025-12-27 01:00:00,3,-2.0575,112.78083333333336,52.469618853823036,43.714586288416086,45.305558953931815
2025-12-27 02:00:00,3,-1.5750000000000002,113.52416666666666,33.42427119517077,52.91399122807016,43.85899437214091
2025-12-27 03:00:00,3,1.0125,98.05166666666666,23.784170350712202,52.91399122807016,41.937011323705576
2025-12-27 04:00:00,3,3.325833333333333,92.01,21.70047820464781,52.91399122807016,43.86042485483692
2025-12-27 05:00:00,3,0.8883333333333333,98.4075,24.42012013953017,52.91399122807016,47.668073432115776
2025-12-27 06:00:00,3,4.210833333333333,108.0,26.482316013774756,52.91399122807016,39.17392454772379
2025-12-27 07:00:00,3,-14.991666666666667,46.78333333333333,41.14903226472717,-18.703039215686278,6.525180178445964
2025-12-27 08:00:00,3,-26.50916666666667,50.60666666666666,17.689484593245645,3.51607545045045,-18.612396957365505
2025-12-27 09:00:00,3,-60.39000000000001,57.16,1.1025758910856922,-19.550345238095247,-30.96939984235665
2025-12-27 10:00:00,3,-88.94749999999999,36.91916666666667,-50.12457132583168,-19.550345238095247,-41.02682939356579
2025-12-27 11:00:00,3,-100.71,10.004166666666668,-79.32599014314025,-19.550345238095247,-50.01005296130383
2025-12-27 12:00:00,3,-123.81333333333332,9.328333333333331,-101.19094607395564,-66.86065079365079,-54.391881324530104
2025-12-27 13:00:00,3,-153.19333333333333,1.9016666666666664,-116.82799534084995,-66.86065079365079,-58.25849189563455
2025-12-27 14:00:00,3,-107.43,19.864166666666662,-118.97000250213563,-66.86065079365079,-60.85252974656085
2025-12-27 15:00:00,3,-128.8141666666667,-0.5150000000000001,-109.31462790615808,-66.86065079365079,-59.803502741050536
2025-12-27 16:00:00,3,-75.2275,-3.498333333333333,-70.45722575369444,-66.86065079365079,-51.47758320928081
2025-12-27 17:00:00,3,-32.248333333333335,6.093333333333334,-62.811028893278774,-18.703039215686278,-36.081489594034224
2025-12-27 18:00:00,3,-7.006666666666667,48.535,-25.201216454350515,-13.924773730684324,-11.526227502779875
2025-12-27 19:00:00,3,25.65833333333333,120.40749999999998,36.78739160720244,6.8283984375000015,22.289661214925992
2025-12-27 20:00:00,3,29.815,129.20000000000002,51.1417166659278,59.57185833333334,48.02085073093071
2025-12-27 21:00:00,3,28.8625,117.4,54.20585027830507,59.57185833333334,59.199208982222785
2025-12-27 22:00:00,3,29.299166666666668,110.83,52.2418257001674,87.27136666666665,63.79315121883881
2025-12-27 23:00:00,3,23.13416666666667,112.25833333333333,55.5981803284905,103.16900821596242,70.73274368147797
2025-12-28 00:00:00,3,28.5525,135.03333333333333,63.25783741017383,96.20404826958101,79.1614991095821
2025-12-28 01:00:00,3,27.62166666666667,133.20833333333334,84.95787650339491,96.20404826958101,65.68298891583069
2025-12-28 02:00:00,3,10.881666666666666,112.81,76.0670889972188,83.53103260869563,67.02135738370728
2025-12-28 03:00:00,3,8.95,103.2125,54.560538178902846,83.53103260869563,69.787598423347
2025-12-28 04:00:00,3,11.854166666666666,101.18416666666668,57.692025914184995,83.53103260869563,69.06110650301946
2025-12-28 05:00:00,3,8.95,86.0,57.21711401215333,83.53103260869563,67.9906617044655
2025-12-28 06:00:00,3,2.630833333333333,49.89666666666667,57.332995697628085,83.53103260869563,52.211083008154404
2025-12-28 07:00:00,3,-10.273333333333332,18.86083333333333,52.37553020478539,3.51607545045045,16.476051364442142
2025-12-28 08:00:00,3,-14.856666666666667,9.861666666666666,20.20723732625678,-19.550345238095247,-10.210491272290241
2025-12-28 09:00:00,3,-37.5775,11.485833333333332,-9.167642090887995,-19.550345238095247,-17.494933329234684
2025-12-28 10:00:00,3,-50.8625,13.175,-37.976571618067695,-19.550345238095247,-16.87105825817075
2025-12-28 11:00:00,3,-51.21,23.0675,-48.88222449863342,-19.550345238095247,-12.388186462528935
2025-12-28 12:00:00,3,-55.43083333333333,15.663333333333334,-58.347252063949725,-19.550345238095247,-10.464738084011827
2025-12-28 13:00:00,3,-51.92583333333334,15.87,-67.46736461326046,-19.550345238095247,-16.112046167021248
2025-12-28 14:00:00,3,-45.04666666666666,74.205,-75.179538650269,-19.550345238095247,-23.959297988502144
2025-12-28 15:00:00,3,-25.526666666666667,22.82916666666667,-76.8056396662621,-19.550345238095247,-25.94479554914355
2025-12-28 16:00:00,3,-9.0025,20.106666666666666,-55.11395481246504,-18.703039215686278,-15.443169855314054
2025-12-28 17:00:00,3,-3.3158333333333334,1.2341666666666664,-12.0034456009722,6.8283984375000015,10.705480155130132
2025-12-28 18:00:00,3,12.640833333333331,-0.2966666666666668,36.96651960493396,47.06151143790852,47.020200359434284
2025-12-28 19:00:00,3,49.15166666666666,-0.4475,67.68764129226649,133.9131412529552,80.02016320521089
2025-12-28 20:00:00,3,55.7875,8.490833333333333,85.38169709983733,133.9131412529552,95.40863919796331
2025-12-28 21:00:00,3,51.22666666666667,11.325833333333334,96.53396952103924,104.79032291666667,95.32605278557891
2025-12-28 22:00:00,3,47.64666666666667,11.036666666666669,96.61986144057867,104.79032291666667,95.31882975662339
2025-12-28 23:00:00,3,54.59666666666666,47.53583333333333,101.26812327249738,96.20404826958101,92.99111899281642
2025-12-29 00:00:00,3,35.013333333333335,67.44,111.6451177079077,96.20404826958101,94.3709477989733
2025-12-29 01:00:00,3,9.093333333333332,66.9675,123.6124798991948,96.20404826958101,111.71378659977368
2025-12-29 02:00:00,3,15.846666666666666,69.08,110.10140939015844,83.53103260869563,112.11099648065596
2025-12-29 03:00:00,3,11.585,75.11,92.00854191351411,83.53103260869563,110.95188232333095
2025-12-29 04:00:00,3,11.129166666666665,81.36416666666666,80.94637901947162,83.53103260869563,111.23560450022407
2025-12-29 05:00:00,3,29.199166666666667,49.43833333333333,82.61391337268452,83.53103260869563,118.08706780561008
2025-12-29 06:00:00,3,21.218333333333334,24.685,79.53660271519442,83.53103260869563,96.9511528964126
2025-12-29 07:00:00,3,-7.680833333333333,-7.19,46.952225739100015,28.737307692307695,41.25657247462261
2025-12-29 08:00:00,3,-6.956666666666667,-5.341666666666666,11.479863181352485,3.51607545045045,-1.0163425380713562
2025-12-29 09:00:00,3,-7.446666666666666,-8.790000000000001,-18.928461007733603,3.51607545045045,-13.472072843161214
2025-12-29 10:00:00,3,-12.845833333333331,-6.254166666666666,-28.109897862020688,-19.550345238095247,-14.130665359731083
2025-12-29 11:00:00,3,-10.479166666666666,-35.0625,-18.177646193261566,-19.550345238095247,-3.8757337611370275
2025-12-29 12:00:00,3,-7.268333333333333,-7.261666666666667,3.9123786037372383,-19.550345238095247,15.553103587635135
2025-12-29 13:00:00,3,-4.4775,-11.346666666666666,3.16124832470895,3.51607545045045,11.704968065277768
2025-12-29 14:00:00,3,11.155833333333334,-14.043333333333337,4.01503696244427,3.51607545045045,7.942212901075067
2025-12-29 15:00:00,3,10.566666666666668,-13.004166666666668,19.631396489415728,28.737307692307695,16.912261945671474
2025-12-29 16:00:00,3,46.27916666666667,-20.849166666666665,60.71944084528222,47.06151143790852,35.84351110051448
2025-12-29 17:00:00,3,99.64083333333332,-8.430833333333334,97.25186979660448,88.77488333333335,66.22665864012403
2025-12-29 18:00:00,3,59.5025,-4.2725,122.96474460266754,125.49067961165046,99.62514529440436
2025-12-29 19:00:00,3,87.88416666666666,73.35083333333334,136.03096749064497,125.49067961165046,121.5911506870406
2025-12-29 20:00:00,3,79.18333333333334,96.78916666666667,129.34916991478212,144.88585648148148,122.5573071819287
2025-12-29 21:00:00,3,60.77666666666666,86.4525,117.36055044932614,144.88585648148148,117.1081052282033
2025-12-29 22:00:00,3,50.40166666666666,71.83333333333333,107.428943159059,133.9131412529552,111.77624404448349
2025-12-29 23:00:00,3,36.17083333333333,42.68666666666667,83.06682735421475,104.79032291666667,103.04083531943762
2025-12-30 00:00:00,3,42.39833333333333,22.57583333333333,81.4078378937869,104.79032291666667,107.20901461815545
2025-12-30 01:00:00,3,33.270833333333336,11.195833333333333,108.42279468888475,104.79032291666667,100.7189435474858
2025-12-30 02:00:00,3,59.685,8.95,87.72254048750631,96.20404826958101,91.31816943451713
2025-12-30 03:00:00,3,59.19583333333333,8.086666666666666,59.14951187507948,96.20404826958101,76.87116515442604
2025-12-30 04:00:00,3,57.590833333333336,8.914166666666667,30.7694817532575,87.27136666666665,62.314546258111505
2025-12-30 05:00:00,3,51.330000000000005,26.83083333333333,13.138699757895296,43.714586288416086,50.13949020364478
2025-12-30 06:00:00,3,40.8125,20.71333333333333,-0.46084928603342235,20.61978070175439,29.551406796134287
2025-12-30 07:00:00,3,-2.935833333333333,-4.769166666666667,-32.30799696315866,6.8283984375000015,-1.0743873751399633
2025-12-30 08:00:00,3,-7.524999999999999,-15.115833333333333,-14.882675911291784,6.8283984375000015,-3.6686307689895585
2025-12-30 09:00:00,3,-7.734166666666667,-46.28833333333333,-6.0896874437958814,6.8283984375000015,-3.1314758769692332
2025-12-30 10:00:00,3,-14.5575,-58.07916666666667,-6.083914642131106,6.8283984375000015,2.430943884575669
2025-12-30 11:00:00,3,-19.506666666666664,-62.215,14.021479211878201,28.737307692307695,26.74551046486671
2025-12-30 12:00:00,3,-12.155833333333334,-55.95666666666667,-7.072542595454834,20.79284166666667,20.889136911312903
2025-12-30 13:00:00,3,-13.791666666666666,-65.39583333333333,-46.43910114371904,-25.081615942028982,13.291221117571538
2025-12-30 14:00:00,3,-12.815833333333332,-100.05416666666667,-65.22049984556554,-25.081615942028982,-3.7565287012373147
2025-12-30 15:00:00,3,-10.149166666666666,-98.45083333333334,-68.75890689548714,-25.081615942028982,-3.216849290784822
2025-12-30 16:00:00,3,-4.4991666666666665,-63.54333333333333,-29.124013703384932,1.259166666666667,-2.914846532122027
2025-12-30 17:00:00,3,-6.254166666666666,-33.9325,1.6455069357836436,1.259166666666667,1.09804919969838
2025-12-30 18:00:00,3,-0.8716666666666667,-8.52,23.56925180103096,20.79284166666667,13.716528058292809
2025-12-30 19:00:00,3,9.685,27.416666666666668,45.66442693190635,20.79284166666667,32.021254342605204
2025-12-30 20:00:00,3,18.399166666666662,6.545000000000001,31.268824454672348,1.259166666666667,38.19908579070847
2025-12-30 21:00:00,3,13.001666666666669,7.183333333333334,29.867007934962906,20.79284166666667,43.392776286850534
2025-12-30 22:00:00,3,17.73,10.040833333333332,10.609616240049988,20.61978070175439,39.29084009613991
2025-12-30 23:00:00,3,2.475,10.040833333333332,-7.048048566326045,-3.9461872759856647,36.86762423744963
2025-12-31 00:00:00,3,5.9575,10.823333333333332,-12.012912932072851,-3.9461872759856647,40.50228030787278
2025-12-31 01:00:00,3,-0.3741666666666667,10.364166666666668,2.8424005930872482,-3.9461872759856647,7.159824105677771
2025-12-31 02:00:00,3,-5.998333333333334,9.105,-6.973469517545951,-3.9461872759856647,3.5558582457998256
2025-12-31 03:00:00,3,-7.410833333333334,8.394166666666667,-14.076713526347831,-3.9461872759856647,3.941241685327711
2025-12-31 04:00:00,3,-7.750833333333333,15.3575,-16.307874168414614,20.61978070175439,5.673097827197381
2025-12-31 05:00:00,3,-7.4775,13.1475,-10.642178461071339,20.61978070175439,8.603600346336236
2025-12-31 06:00:00,3,-7.601666666666667,9.02,-11.19384309894322,-3.9461872759856647,2.209631520286294
2025-12-31 07:00:00,3,-13.545,-5.224166666666666,-43.396437410842765,-13.88507874015748,-13.194797142502424
2025-12-31 08:00:00,3,-39.58083333333333,-5.450833333333333,-47.88839314589461,-13.88507874015748,-24.86760467171713
2025-12-31 09:00:00,3,-53.08833333333333,-8.741666666666667,-89.36522725363923,-33.13010553129551,-25.380462756629356
2025-12-31 10:00:00,3,-60.46833333333333,-18.39333333333333,-117.14698745069165,-33.13010553129551,-25.127884378745563
2025-12-31 11:00:00,3,-62.660833333333336,-27.075,-123.82888620151488,-33.13010553129551,-27.511754306977892
2025-12-31 12:00:00,3,-60.415,-49.14666666666667,-118.09592533401238,-33.13010553129551,-31.193205082640304
2025-12-31 13:00:00,3,-61.29333333333333,-46.65083333333333,-115.99153089635541,-66.86065079365079,-34.93385545759557
2025-12-31 14:00:00,3,-59.82750000000001,-49.21833333333333,-105.46681356584449,-33.13010553129551,-32.07939480884107
2025-12-31 15:00:00,3,-62.33916666666667,-51.28,-102.28164828494542,-33.13010553129551,-35.74440072203812
2025-12-31 16:00:00,3,-54.35166666666667,-59.318333333333335,-85.18111462678212,-33.13010553129551,-36.358971342044214
2025-12-31 17:00:00,3,-47.93333333333334,-56.67166666666666,-41.177321564770736,-33.13010553129551,-30.461949595659192
2025-12-31 18:00:00,3,-17.788333333333334,-38.42166666666667,-10.846737941026134,-13.88507874015748,-23.73291437109188
2025-12-31 19:00:00,3,-6.453333333333333,-12.641666666666666,22.15043686963137,-13.88507874015748,-5.012309876719613
2025-12-31 20:00:00,3,-4.784166666666667,-2.015,56.62786027240109,-3.9461872759856647,21.71644498509002
2025-12-31 21:00:00,3,-4.215000000000001,2.319166666666667,44.44398207640032,20.61978070175439,26.375762912430517
2025-12-31 22:00:00,3,-2.205,2.2558333333333334,25.500691177327624,20.61978070175439,29.73695611908365
2025-12-31 23:00:00,3,-0.0558333333333333,-2.7000000000000006,25.279275334584312,20.61978070175439,33.97058169941149
2026-01-01 00:00:00,3,10.085,-0.8583333333333334,32.523935952924795,20.61978070175439,43.61566361639386
2026-01-01 01:00:00,3,26.953333333333333,-2.654166666666667,64.67830290439392,42.012379576107904,49.712521646278766
2026-01-01 02:00:00,3,10.501666666666669,-3.6658333333333335,54.321316766974626,42.012379576107904,47.47247923910625
2026-01-01 03:00:00,3,9.551666666666666,-7.0625,32.344686026966706,42.012379576107904,43.58430055159411
2026-01-01 04:00:00,3,5.514166666666667,-7.918333333333333,16.75550364925256,42.012379576107904,40.248049976882456
2026-01-01 05:00:00,3,10.235,-7.219166666666666,20.77486747070862,42.012379576107904,46.51770488416104
2026-01-01 06:00:00,3,6.589166666666666,-5.275833333333334,10.536677244334228,42.012379576107904,37.42208174603399
2026-01-01 07:00:00,3,-10.95,-18.184166666666663,-35.11763546231239,-42.83055961070563,-2.2228762401747417
2026-01-01 08:00:00,3,-37.23833333333334,-28.85333333333333,-46.86998025699319,-42.83055961070563,-35.72039244405674
2026-01-01 09:00:00,3,-63.75583333333333,-56.4575,-63.68028179335087,-42.83055961070563,-55.733209660360885
2026-01-01 10:00:00,3,-91.23416666666668,-65.8875,-90.25718037709188,-66.86065079365079,-66.14280405474766
2026-01-01 11:00:00,3,-92.05416666666667,-87.12416666666667,-112.43129973414534,-66.86065079365079,-77.1126524277419
2026-01-01 12:00:00,3,-109.95083333333334,-102.8925,-128.56962690648723,-66.86065079365079,-72.36584175069702
2026-01-01 13:00:00,3,-111.95083333333334,-175.11166666666668,-131.94751428140393,-66.86065079365079,-69.55345298194227
2026-01-01 14:00:00,3,-106.25583333333331,-219.6266666666667,-131.14928129884552,-66.86065079365079,-67.82352495009395
2026-01-01 15:00:00,3,-87.485,-236.75833333333333,-114.3190781409148,-66.86065079365079,-64.01829434845705
2026-01-01 16:00:00,3,-74.17166666666667,-151.4,-55.05500804427919,-66.86065079365079,-53.44247352719698
2026-01-01 17:00:00,3,-46.0025,-94.85083333333334,-4.118697864109862,-42.83055961070563,-34.49668053509686
2026-01-01 18:00:00,3,-11.0325,-58.3325,39.662944321981975,-25.081615942028982,-9.237239141797986
2026-01-01 19:00:00,3,13.858333333333334,-19.354166666666668,103.58973758370003,-5.368386850152904,30.915483593774425
2026-01-01 20:00:00,3,30.53333333333333,-9.2525,109.40894995630156,42.012379576107904,64.44995024875494
2026-01-01 21:00:00,3,17.111666666666668,-6.84,100.13495043984454,59.57185833333334,72.04836922933106
2026-01-01 22:00:00,3,13.029166666666669,-7.714166666666667,85.45721597385852,43.714586288416086,70.84331643671302
2026-01-01 23:00:00,3,7.626666666666666,-7.35,66.19468958663248,43.714586288416086,69.470996398154
2026-01-02 00:00:00,3,19.364166666666662,-6.705000000000001,67.56042381369782,43.714586288416086,77.42184014211426
2026-01-02 01:00:00,3,15.1025,-6.656666666666666,87.85800049434958,52.91399122807016,67.35837891086439
2026-01-02 02:00:00,3,14.2925,-7.410833333333334,68.75080609478276,52.91399122807016,68.22544198743793
2026-01-02 03:00:00,3,19.530833333333334,-6.573333333333333,64.83210503313698,52.91399122807016,71.71474471952004
2026-01-02 04:00:00,3,21.418333333333333,-7.458333333333333,67.50426020323238,83.53103260869563,79.10825681979028
2026-01-02 05:00:00,3,25.21333333333333,-6.939166666666666,80.42481986819939,83.53103260869563,88.02407112119852
2026-01-02 06:00:00,3,20.96,-7.345833333333334,89.3502774258974,83.53103260869563,81.24823335102452
2026-01-02 07:00:00,3,-4.006666666666667,-23.52916666666667,85.36224761354431,17.554191176470596,41.69756265165696
2026-01-02 08:00:00,3,-9.840833333333334,-34.505,60.69687901195029,3.51607545045045,1.4657609175491473
2026-01-02 09:00:00,3,-10.645,-54.439166666666665,54.13339034505696,3.51607545045045,-20.590013841601618
2026-01-02 10:00:00,3,-21.47583333333333,-60.10999999999999,42.96887362665837,-19.550345238095247,-31.131028165596575
2026-01-02 11:00:00,3,-40.89,-67.10000000000001,18.213957984380095,-19.550345238095247,-31.72882664275552
2026-01-02 12:00:00,3,-48.23833333333334,-92.81,39.40993595303423,-19.550345238095247,-35.73111333777035
2026-01-02 13:00:00,3,-24.301666666666662,-125.41666666666669,5.10919611559234,-19.550345238095247,-47.339988279044135
2026-01-02 14:00:00,3,-50.51083333333333,-134.4775,4.698522820276878,-19.550345238095247,-49.09866792635427
2026-01-02 15:00:00,3,-31.141666666666666,-134.5641666666667,14.89998559184572,-19.550345238095247,-37.703466295574145
2026-01-02 16:00:00,3,-9.609166666666669,-84.47250000000001,45.34408112091337,-42.83055961070563,-12.155345149891929
2026-01-02 17:00:00,3,-7.226666666666667,-75.44666666666667,68.95757121559235,28.737307692307695,27.091724172196997
2026-01-02 18:00:00,3,11.118333333333332,-36.445,120.89525306247826,79.35207349081365,69.9790867190399
2026-01-02 19:00:00,3,53.72,-0.3500000000000001,160.29163373597567,121.81003300330029,108.36191193808558
2026-01-02 20:00:00,3,71.16916666666667,5.9925,165.13799913944837,133.9131412529552,122.01865603232739
2026-01-02 21:00:00,3,73.07916666666667,8.886666666666667,150.27815032364128,104.79032291666667,115.6849242859502
2026-01-02 22:00:00,3,71.2825,-0.2241666666666667,135.1030489746371,104.79032291666667,105.99779523692999
2026-01-02 23:00:00,3,67.32666666666667,-1.799166666666667,132.85739740848138,104.79032291666667,98.79150795375878
2026-01-03 00:00:00,3,74.15583333333333,0.5483333333333332,146.5477391690129,104.79032291666667,99.6450295626165
2026-01-03 01:00:00,3,80.30749999999999,-2.0575,168.58557104647545,96.20404826958101,99.02206297389259
2026-01-03 02:00:00,3,78.98833333333333,-1.5750000000000002,160.26496197227172,96.20404826958101,92.59387128203338
2026-01-03 03:00:00,3,77.91833333333334,1.0125,137.04717364025774,83.53103260869563,93.44422416425888
2026-01-03 04:00:00,3,94.76666666666668,3.325833333333333,118.53931209770288,83.53103260869563,93.60019407127324
2026-01-03 05:00:00,3,104.0975,0.8883333333333333,111.86623826250829,83.53103260869563,93.0251303706246
2026-01-03 06:00:00,3,83.88416666666667,4.210833333333333,83.2179383687235,83.53103260869563,75.08486105388315
2026-01-03 07:00:00,3,11.343333333333334,-14.991666666666667,2.575235980271046,6.8283984375000015,17.38788245175099
2026-01-03 08:00:00,3,-2.7816666666666667,-26.50916666666667,-28.014224448087745,-42.83055961070563,-20.50594556244667
2026-01-03 09:00:00,3,-7.759166666666666,-60.39000000000001,-48.2171867243063,-42.83055961070563,-35.887513908123495
2026-01-03 10:00:00,3,-7.939166666666666,-88.94749999999999,-53.13125144078762,-42.83055961070563,-44.02229464761703
2026-01-03 11:00:00,3,-9.474166666666669,-100.71,-56.93800742823086,-42.83055961070563,-38.28596165994678
2026-01-03 12:00:00,3,-10.426666666666668,-123.81333333333332,-32.023506567129914,-42.83055961070563,-8.080080112453459
2026-01-03 13:00:00,3,-8.987499999999999,-153.19333333333333,-7.89105246608699,-42.83055961070563,-1.6365832156293436
2026-01-03 14:00:00,3,-6.960833333333333,-107.43,43.16654388802028,6.8283984375000015,25.68032629680073
2026-01-03 15:00:00,3,-0.3175,-128.8141666666667,68.06127456022263,45.12690000000001,46.671826131867434
2026-01-03 16:00:00,3,23.0,-75.2275,63.008773628667825,47.84446369636964,44.06435469018374
2026-01-03 17:00:00,3,40.97083333333333,-32.248333333333335,29.512701625987646,20.79284166666667,28.68719477239437
2026-01-03 18:00:00,3,14.981666666666667,-7.006666666666667,39.18730952036379,1.259166666666667,33.67982037135099
2026-01-03 19:00:00,3,34.325833333333335,25.65833333333333,88.39804770282625,47.84446369636964,60.99655613556041
2026-01-03 20:00:00,3,54.585,29.815,129.727918161513,104.79032291666667,109.19832837861321
2026-01-03 21:00:00,3,54.45249999999999,28.8625,117.17659035248855,104.79032291666667,108.35020493446449
2026-01-03 22:00:00,3,54.0525,29.299166666666668,99.89031314248564,87.27136666666665,101.44052464949512
2026-01-03 23:00:00,3,54.5025,23.13416666666667,80.79593930984207,87.27136666666665,95.01708998925393
2026-01-04 00:00:00,3,65.68416666666667,28.5525,83.38895053450547,87.27136666666665,95.77292066358604
2026-01-04 01:00:00,3,70.19666666666667,27.62166666666667,104.59489638254308,87.27136666666665,87.96022011812558
2026-01-04 02:00:00,3,68.51833333333333,10.881666666666666,74.94040035853372,52.91399122807016,78.53688731947176
2026-01-04 03:00:00,3,67.22833333333334,8.95,54.32269860944633,52.91399122807016,71.61673843553969
2026-01-04 04:00:00,3,59.4275,11.854166666666666,45.708087963130225,52.91399122807016,68.4430872024974
2026-01-04 05:00:00,3,54.19416666666667,8.95,37.88268117403007,52.91399122807016,69.06562571448939
2026-01-04 06:00:00,3,31.21333333333333,2.630833333333333,24.892913691691383,52.91399122807016,63.88233901577527
2026-01-04 07:00:00,3,1.0691666666666666,-10.273333333333332,6.8048685345163875,6.8283984375000015,36.19747666960933
2026-01-04 08:00:00,3,-8.775833333333333,-14.856666666666667,-4.137718707655466,-42.83055961070563,0.9280461250532568
2026-01-04 09:00:00,3,-13.5925,-37.5775,-26.94211158924584,-42.83055961070563,-27.785020930700597
2026-01-04 10:00:00,3,-19.716666666666665,-50.8625,-43.877716636108715,-42.83055961070563,-37.18642401310022
2026-01-04 11:00:00,3,-15.2625,-51.21,-53.27867621208682,-42.83055961070563,-31.933927387988163
2026-01-04 12:00:00,3,-23.475,-55.43083333333333,-79.53777249607543,-66.86065079365079,-48.019653736924354
2026-01-04 13:00:00,3,-33.35166666666667,-51.92583333333334,-89.28322603828204,-66.86065079365079,-53.50547404605989
2026-01-04 14:00:00,3,-25.098333333333333,-45.04666666666666,-69.67157272574474,-66.86065079365079,-45.29122331176016
2026-01-04 15:00:00,3,-26.1375,-25.526666666666667,-72.96104911761634,-66.86065079365079,-40.83506651920433
2026-01-04 16:00:00,3,-16.704166666666666,-9.0025,-52.735404580974915,-42.83055961070563,-32.78980700549256
2026-01-04 17:00:00,3,-13.954166666666666,-3.3158333333333334,-34.30158341511918,-42.83055961070563,-17.53370228922134
2026-01-04 18:00:00,3,-6.072500000000001,12.640833333333331,-5.116974838452606,-13.924773730684324,4.663654752545668
2026-01-04 19:00:00,3,14.11,49.15166666666666,19.05261433677255,7.791874999999998,33.32652394817674
2026-01-04 20:00:00,3,53.82083333333333,55.7875,41.751317176163894,70.85350290697677,68.62945177486071
2026-01-04 21:00:00,3,24.403333333333336,51.22666666666667,43.60688702675131,70.85350290697677,76.85676253212365
2026-01-04 22:00:00,3,19.405833333333334,47.64666666666667,35.02196671170895,59.57185833333334,76.58341221503254
2026-01-04 23:00:00,3,41.560833333333335,54.59666666666666,39.95370735428361,43.714586288416086,76.75274006207319
2026-01-05 00:00:00,3,44.60333333333333,35.013333333333335,53.14188444715025,87.27136666666665,86.60110732475741
2026-01-05 01:00:00,3,54.34916666666666,9.093333333333332,60.33834470309772,43.714586288416086,64.82785285211715
2026-01-05 02:00:00,3,30.09,15.846666666666666,45.460389852476865,43.714586288416086,59.558791247897176
2026-01-05 03:00:00,3,26.86,11.585,40.56996906514569,52.91399122807016,61.905812840382524
2026-01-05 04:00:00,3,41.30916666666666,11.129166666666665,40.59119367520844,52.91399122807016,68.4530369387138
2026-01-05 05:00:00,3,46.39833333333333,29.199166666666667,39.79209700394915,52.91399122807016,80.19711082168313
2026-01-05 06:00:00,3,51.67,21.218333333333334,42.98564500629321,96.20404826958101,87.64880284928768
2026-01-05 07:00:00,3,26.554166666666664,-7.680833333333333,29.445559933355533,28.738825,62.38136371632315
2026-01-05 08:00:00,3,0.0374999999999999,-6.956666666666667,24.645057666039996,28.737307692307695,19.54653844468187
2026-01-05 09:00:00,3,-3.675833333333333,-7.446666666666666,-19.487703674919032,-42.83055961070563,-18.832337119985652
2026-01-05 10:00:00,3,-9.781666666666666,-12.845833333333331,-58.06633338619983,-42.83055961070563,-35.11610707656378
2026-01-05 11:00:00,3,-11.831666666666663,-10.479166666666666,-83.89499055711644,-66.86065079365079,-40.865789754413555
2026-01-05 12:00:00,3,-14.280833333333334,-7.268333333333333,-82.75808987599814,-66.86065079365079,-43.95035041531679
2026-01-05 13:00:00,3,-16.648333333333333,-4.4775,-88.89257742459662,-66.86065079365079,-45.10478215511186
2026-01-05 14:00:00,3,-8.7825,11.155833333333334,-91.36390023140905,-66.86065079365079,-46.77365780884655
2026-01-05 15:00:00,3,-8.505,10.566666666666668,-83.28751301804323,-42.83055961070563,-44.33858045645512
2026-01-05 16:00:00,3,-5.697500000000001,46.27916666666667,-58.14862702722087,-42.83055961070563,-27.571734189531313
2026-01-05 17:00:00,3,-5.010000000000001,99.64083333333332,-15.10115222371111,-13.924773730684324,0.43323421398348216
2026-01-05 18:00:00,3,-2.1558333333333333,59.5025,24.453875754779084,47.84446369636964,29.716962856572273
2026-01-05 19:00:00,3,55.36083333333334,87.88416666666666,88.64097009084784,85.4280693069307,68.68950186498418
2026-01-05 20:00:00,3,71.0225,79.18333333333334,109.74447704775835,102.56610032362455,97.64682674243232
2026-01-05 21:00:00,3,68.76833333333333,60.77666666666666,103.35578657569309,107.17578828828827,101.1625312094883
2026-01-05 22:00:00,3,71.74249999999999,50.40166666666666,91.97658718272848,104.79032291666667,99.57430077184337
2026-01-05 23:00:00,3,69.15166666666666,36.17083333333333,76.19160076841581,104.79032291666667,99.7126051059296
2026-01-06 00:00:00,3,74.12833333333333,42.39833333333333,75.33963372610198,104.79032291666667,108.41000611381145
2026-01-06 01:00:00,3,74.91583333333334,33.270833333333336,97.11911292907544,96.20404826958101,108.82419821873604
2026-01-06 02:00:00,3,71.50833333333334,59.685,90.07986828954557,96.20404826958101,103.87174785890767
2026-01-06 03:00:00,3,63.84916666666667,59.19583333333333,83.59980552807806,96.20404826958101,103.79446068761484
2026-01-06 04:00:00,3,78.495,57.590833333333336,81.20959540512571,96.20404826958101,107.75014341258239
2026-01-06 05:00:00,3,77.29166666666667,51.330000000000005,93.46683956339952,96.20404826958101,119.13874541303764
2026-01-06 06:00:00,3,72.22,40.8125,108.36647742349587,104.79032291666667,118.98394103183972
2026-01-06 07:00:00,3,10.545833333333333,-2.935833333333333,109.13047116200536,79.35207349081365,84.82366115533173
2026-01-06 08:00:00,3,5.019166666666666,-7.524999999999999,89.03865734522185,45.12690000000001,46.52284112516725
2026-01-06 09:00:00,3,7.804166666666667,-7.734166666666667,47.38909541688987,17.554191176470596,13.778973539061724
2026-01-06 10:00:00,3,20.50916666666667,-14.5575,15.481907758030566,3.51607545045045,4.027909753482064
2026-01-06 11:00:00,3,12.335,-19.506666666666664,4.512860005532701,3.51607545045045,3.4556960380989494
2026-01-06 12:00:00,3,7.989166666666667,-12.155833333333334,-7.729374450668033,-19.550345238095247,-5.424484946226173
2026-01-06 13:00:00,3,9.568333333333332,-13.791666666666666,-13.685196500606637,3.51607545045045,-15.108475866363733
2026-01-06 14:00:00,3,20.206666666666667,-12.815833333333332,-14.78210577403732,3.51607545045045,-3.127130863444023
2026-01-06 15:00:00,3,46.14666666666667,-10.149166666666666,3.301684041731363,28.737307692307695,15.44601636313186
2026-01-06 16:00:00,3,55.23083333333333,-4.4991666666666665,48.412013498454684,79.35207349081365,50.79605568934413
2026-01-06 17:00:00,3,81.37416666666667,-6.254166666666666,94.82728188608424,85.4280693069307,91.75106234455622
2026-01-06 18:00:00,3,119.18083333333334,-0.8716666666666667,138.6744614371025,128.0223409669211,131.30246028787573
2026-01-06 19:00:00,3,159.7675,9.685,166.1806505727012,125.49067961165046,157.9089657770088
2026-01-06 20:00:00,3,177.86166666666668,18.399166666666662,147.6063498906118,144.88585648148148,159.32135330412547
2026-01-06 21:00:00,3,150.33416666666668,13.001666666666669,144.75836693744014,163.12889158576058,155.8722136907009
2026-01-06 22:00:00,3,98.24666666666668,17.73,143.53897326274273,133.9131412529552,140.39380462778246
2026-01-06 23:00:00,3,80.4575,2.475,143.1069769752091,104.79032291666667,125.55324131000111
2026-01-07 00:00:00,3,86.63583333333334,5.9575,123.61929560410252,104.79032291666667,124.12616220643838
2026-01-07 01:00:00,3,76.57833333333333,-0.3741666666666667,114.92791363176991,104.79032291666667,117.82468572604824
2026-01-07 02:00:00,3,65.89416666666666,-5.998333333333334,84.31514728867899,96.20404826958101,109.92080504053773
2026-01-07 03:00:00,3,32.8525,-7.410833333333334,58.214990994424646,87.27136666666665,102.81738235929095
2026-01-07 04:00:00,3,8.274166666666666,-7.750833333333333,29.524487738691754,59.57185833333334,91.55062390687478
2026-01-07 05:00:00,3,8.866666666666665,-7.4775,8.201537563358556,42.012379576107904,86.42167899499262
2026-01-07 06:00:00,3,8.7525,-7.601666666666667,1.4231526207731378,70.85350290697677,80.14893578412838
2026-01-07 07:00:00,3,-1.0275,-13.545,-5.07539227430081,70.85350290697677,60.372738136844845
2026-01-07 08:00:00,3,2.125833333333333,-39.58083333333333,-18.03809239473658,20.79284166666667,46.62205205809808
2026-01-07 09:00:00,3,6.150833333333334,-53.08833333333333,-10.258094761832893,1.259166666666667,36.799537246922974
2026-01-07 10:00:00,3,-0.48,-60.46833333333333,-31.676681701915683,1.259166666666667,26.638967049846293
2026-01-07 11:00:00,3,0.703333333333333,-62.660833333333336,-25.592570014048505,43.994324999999996,32.65438844562037
2026-01-07 12:00:00,3,28.460000000000004,-60.415,0.5558011840901145,43.994324999999996,45.95145743299763
2026-01-07 13:00:00,3,21.425,-61.29333333333333,40.40883876877599,48.379449404761935,66.98525753976475
2026-01-07 14:00:00,3,32.5675,-59.82750000000001,77.02672070305954,83.74314356435643,87.96605384536772
2026-01-07 15:00:00,3,161.4375,-62.33916666666667,126.92903337823196,147.53921253822634,116.43378483442712
2026-01-07 16:00:00,3,192.5641666666667,-54.35166666666667,173.85944048609946,195.4281770833333,153.68813327390308
2026-01-07 17:00:00,3,167.03666666666666,-47.93333333333334,232.9626216548473,195.4281770833333,195.63705617797103
2026-01-07 18:00:00,3,228.06833333333336,-17.788333333333334,247.65622937499168,195.4281770833333,204.30023395679547
2026-01-07 19:00:00,3,290.19083333333333,-6.453333333333333,193.5611708858188,195.4281770833333,175.48573958390045
2026-01-07 20:00:00,3,575.7841666666667,-4.784166666666667,222.75667438208,195.4281770833333,202.11435690557266
2026-01-07 21:00:00,3,725.44,-4.215000000000001,217.2345705898109,1192.088075,195.21379083429977
2026-01-07 22:00:00,3,196.5133333333333,-2.205,195.66960986866064,186.40753267973858,171.44580811838946
2026-01-07 23:00:00,3,147.17333333333332,-0.0558333333333333,172.54273108687295,186.40753267973858,145.71046285058696
2026-01-08 00:00:00,3,158.18166666666667,10.085,166.26187576100406,133.9131412529552,135.493628473243
2026-01-08 01:00:00,3,160.555,26.953333333333333,163.05580132502917,158.25140151515146,136.02946971374539
2026-01-08 02:00:00,3,142.80416666666667,10.501666666666669,138.34156729602913,104.79032291666667,131.69814693117894
2026-01-08 03:00:00,3,144.45083333333335,9.551666666666666,117.85959175685545,104.79032291666667,129.21100729757296
2026-01-08 04:00:00,3,99.09583333333336,5.514166666666667,85.56004119102906,104.79032291666667,126.30303255743814
2026-01-08 05:00:00,3,74.88000000000001,10.235,112.46557835260555,104.79032291666667,130.07013931687362
2026-01-08 06:00:00,3,66.25583333333334,6.589166666666666,70.17246678319002,85.4280693069307,127.30752959341162
2026-01-08 07:00:00,3,47.14666666666667,-10.95,60.95061211051723,85.4280693069307,107.92851506560743
2026-01-08 08:00:00,3,40.06916666666667,-37.23833333333334,75.06980155424026,88.77488333333335,91.59071145406591
2026-01-08 09:00:00,3,55.2775,-63.75583333333333,121.8070983930451,121.81003300330029,79.66177419103091
2026-01-08 10:00:00,3,64.1125,-91.23416666666668,30.995255218861892,85.4280693069307,53.22284679616313
2026-01-08 11:00:00,3,85.43333333333334,-92.05416666666667,9.643454536747669,43.994324999999996,38.53188064900067
2026-01-08 12:00:00,3,58.13666666666666,-109.95083333333334,-5.19498754758834,43.994324999999996,21.678013821655213
2026-01-08 13:00:00,3,51.81583333333333,-111.95083333333334,-14.540791607752496,47.84446369636964,25.0795105894436
2026-01-08 14:00:00,3,124.44333333333331,-106.25583333333331,-14.841077531531553,43.994324999999996,38.798482187094166
2026-01-08 15:00:00,3,72.55833333333334,-87.485,-8.632182380631306,43.994324999999996,46.60545550013326
2026-01-08 16:00:00,3,74.53166666666667,-74.17166666666667,65.50678896470171,128.0223409669211,77.8258890089102
2026-01-08 17:00:00,3,124.24416666666669,-46.0025,112.79285486122981,128.0223409669211,111.02657148868417
2026-01-08 18:00:00,3,133.67583333333334,-11.0325,130.2378164221895,147.53921253822634,124.04494774710611
2026-01-08 19:00:00,3,145.75583333333333,13.858333333333334,135.9526774433224,128.0223409669211,135.99861179157767
2026-01-08 20:00:00,3,115.27,30.53333333333333,160.66477166093557,186.40753267973858,163.83201372878472
2026-01-08 21:00:00,3,98.5175,17.111666666666668,160.87788111987913,186.40753267973858,156.0470360007909
2026-01-08 22:00:00,3,92.8925,13.029166666666669,163.03282071279972,133.9131412529552,132.12594924526968
2026-01-08 23:00:00,3,74.27333333333333,7.626666666666666,129.8613401592266,104.79032291666667,124.27244354558337
2026-01-09 00:00:00,3,67.91916666666667,19.364166666666662,104.05486488667877,104.79032291666667,122.93258810779778
2026-01-09 01:00:00,3,45.82416666666666,15.1025,103.96012537623743,104.79032291666667,123.5193929582809
2026-01-09 02:00:00,3,48.75083333333333,14.2925,4.189631162721312,70.85350290697677,76.77193411367989
2026-01-09 03:00:00,3,51.45166666666668,19.530833333333334,-14.757482505029984,13.206296875000003,72.52026235810516
2026-01-09 04:00:00,3,83.69916666666667,21.418333333333333,59.23349172837763,104.79032291666667,122.60312993186709
2026-01-09 05:00:00,3,124.55916666666668,25.21333333333333,91.57315872664228,104.79032291666667,130.65288225573647
2026-01-09 06:00:00,3,83.57666666666667,20.96,76.2800488727208,104.79032291666667,128.68147162995996
2026-01-09 07:00:00,3,21.705,-4.006666666666667,68.16060367520372,88.77488333333335,103.55068500531348
2026-01-09 08:00:00,3,15.874166666666667,-9.840833333333334,33.73084550037875,85.4280693069307,71.10243983996112
2026-01-09 09:00:00,3,16.22,-10.645,-3.7467169448472646,43.994324999999996,54.64537998841016
2026-01-09 10:00:00,3,5.536666666666666,-21.47583333333333,-34.51251112578889,43.994324999999996,32.81262565037434
2026-01-09 11:00:00,3,29.799166666666665,-40.89,-24.463373336032035,48.379449404761935,49.76000972207308
2026-01-09 12:00:00,3,29.21,-48.23833333333334,-19.233770128640003,83.74314356435643,71.5001317154169
2026-01-09 13:00:00,3,81.64666666666666,-24.301666666666662,-28.000791750056393,83.74314356435643,86.18659543513985
2026-01-09 14:00:00,3,147.8658333333333,-50.51083333333333,-11.989719485200524,195.4281770833333,101.51961353857261
2026-01-09 15:00:00,3,245.06333333333336,-31.141666666666666,56.95775819262664,195.4281770833333,116.94085454556948
2026-01-09 16:00:00,3,587.9475,-9.609166666666669,128.51928598481734,195.4281770833333,141.88198883359308
2026-01-09 17:00:00,3,269.0208333333333,-7.226666666666667,140.15786348663863,195.4281770833333,154.48786960185924
2026-01-09 18:00:00,3,44.6675,11.118333333333332,163.72389190778273,195.4281770833333,162.65449183276945
2026-01-09 19:00:00,3,85.06833333333333,53.72,178.14373244262111,195.4281770833333,172.26539098782655
2026-01-09 20:00:00,3,90.59,71.16916666666667,170.88780188239434,147.53921253822634,175.8784713650192
2026-01-09 21:00:00,3,89.27166666666666,73.07916666666667,159.40285725196895,163.12889158576058,167.9513304952414
2026-01-09 22:00:00,3,72.45583333333333,71.2825,127.37927579953512,163.12889158576058,146.75135109490176
2026-01-09 23:00:00,3,71.22333333333333,67.32666666666667,99.28865901328209,133.9131412529552,129.96981427579468
2026-01-10 00:00:00,3,21.4625,74.15583333333333,123.4262731035387,104.79032291666667,118.60812940344849
2026-01-10 01:00:00,3,1.8591666666666669,80.30749999999999,122.61528879714206,104.79032291666667,115.9689049864107
2026-01-10 02:00:00,3,-1.5425000000000002,78.98833333333333,73.23214230271591,96.20404826958101,105.09365958226027
2026-01-10 03:00:00,3,-5.9191666666666665,77.91833333333334,38.85871915404649,87.27136666666665,88.805102332357
2026-01-10 04:00:00,3,-6.853333333333333,94.76666666666668,20.246525358284295,87.27136666666665,77.07869654212519
2026-01-10 05:00:00,3,-6.896666666666667,104.0975,12.329420836499722,43.714586288416086,72.62359055416243
2026-01-10 06:00:00,3,-11.796666666666669,83.88416666666667,13.410086816152429,87.27136666666665,66.76082720437138
2026-01-10 07:00:00,3,-9.025833333333331,11.343333333333334,-10.1174497274082,-13.924773730684324,32.92041575302377
2026-01-10 08:00:00,3,-10.814166666666669,-2.7816666666666667,-40.959314944211286,-25.081615942028982,3.424217528504869
2026-01-10 09:00:00,3,-23.31833333333333,-7.759166666666666,-60.96400306930758,-13.924773730684324,-13.764530642762168
2026-01-10 10:00:00,3,-35.24333333333333,-7.939166666666666,-94.70490117627443,-42.83055961070563,-33.81009946967072
2026-01-10 11:00:00,3,-49.43416666666667,-9.474166666666669,-114.00144202938782,-42.83055961070563,-58.07945248169288
2026-01-10 12:00:00,3,-54.5975,-10.426666666666668,-139.78917960430343,-42.83055961070563,-51.95920830129755
2026-01-10 13:00:00,3,-59.845,-8.987499999999999,-157.0856990727725,-42.83055961070563,-50.683262425224385
2026-01-10 14:00:00,3,-66.68166666666667,-6.960833333333333,-146.72295932136856,-42.83055961070563,-49.983617844146366
2026-01-10 15:00:00,3,-62.028333333333336,-0.3175,-155.4821486468046,-42.83055961070563,-47.1634299976308
2026-01-10 16:00:00,3,-61.825,23.0,-117.22111153311243,-42.83055961070563,-47.21522518223044
2026-01-10 17:00:00,3,-23.90333333333333,40.97083333333333,-89.95600381257438,-25.081615942028982,-41.39889302386301
2026-01-10 18:00:00,3,-9.314166666666669,14.981666666666667,-43.928633021869274,-25.081615942028982,-15.239903592033812
2026-01-10 19:00:00,3,-5.645,34.325833333333335,3.831232921867695,1.259166666666667,20.060698256423628
2026-01-10 20:00:00,3,1.2633333333333332,54.585,32.49722268763864,20.79284166666667,77.86197173239539
2026-01-10 21:00:00,3,14.455,54.45249999999999,32.54443686713308,20.79284166666667,93.89644502515398
2026-01-10 22:00:00,3,19.151666666666667,54.0525,19.369357213389158,42.012379576107904,63.804869106639956
2026-01-10 23:00:00,3,17.57,54.5025,2.2193788941543033,42.012379576107904,56.25627571805234
2026-01-11 00:00:00,3,17.705833333333334,65.68416666666667,7.024714208017201,42.012379576107904,63.674710473919056
2026-01-11 01:00:00,3,11.433333333333332,70.19666666666667,28.70341191494486,42.012379576107904,66.34465784843852
2026-01-11 02:00:00,3,8.720833333333333,68.51833333333333,9.60943374966601,42.012379576107904,59.293088362251424
2026-01-11 03:00:00,3,9.880833333333332,67.22833333333334,-6.82675513158631,42.012379576107904,51.453271558487316
2026-01-11 04:00:00,3,7.800833333333333,59.4275,-15.32386684289203,42.012379576107904,45.65564876136994
2026-01-11 05:00:00,3,3.7466666666666666,54.19416666666667,-29.411783519263167,42.012379576107904,38.649511477692094
2026-01-11 06:00:00,3,3.746666666666666,31.21333333333333,-27.920003561608496,42.012379576107904,39.11707171999209
2026-01-11 07:00:00,3,-2.4,1.0691666666666666,-46.649196306896414,-42.83055961070563,8.31528247439384
2026-01-11 08:00:00,3,-10.606666666666667,-8.775833333333333,-56.84062565379142,-42.83055961070563,-10.315352526469795
2026-01-11 09:00:00,3,-8.155,-13.5925,-69.31936225980746,-42.83055961070563,-19.431144485032476
2026-01-11 10:00:00,3,-25.640833333333333,-19.716666666666665,-82.08298976935109,-42.83055961070563,-19.47639601025935
2026-01-11 11:00:00,3,-48.8525,-15.2625,-102.36429920489755,-66.86065079365079,-15.817423932277308
2026-01-11 12:00:00,3,-63.568333333333335,-23.475,-113.82080010408473,-66.86065079365079,-16.570258541681028
2026-01-11 13:00:00,3,-76.33,-33.35166666666667,-125.78004143605517,-66.86065079365079,-22.460004256191056
2026-01-11 14:00:00,3,-83.59583333333333,-25.098333333333333,-131.85892539248408,-66.86065079365079,-33.92455456032232
2026-01-11 15:00:00,3,-84.52166666666666,-26.1375,-122.84050917817316,-66.86065079365079,-46.686809849016896
2026-01-11 16:00:00,3,-63.47333333333333,-16.704166666666666,-96.24815902279258,-66.86065079365079,-45.632248866478974
2026-01-11 17:00:00,3,-36.865,-13.954166666666666,-58.043158301831426,-42.83055961070563,-27.54688458939792
2026-01-11 18:00:00,3,-9.074166666666668,-6.072500000000001,-11.617346965383604,-5.368386850152904,-2.769201521642927
2026-01-11 19:00:00,3,10.461666666666668,14.11,33.807688674114665,7.791874999999998,33.240175790578355
2026-01-11 20:00:00,3,15.803333333333333,53.82083333333333,61.216249614104356,70.85350290697677,71.63260383870056
2026-01-11 21:00:00,3,17.640833333333333,24.403333333333336,53.549076401456475,70.85350290697677,70.67554697136129
2026-01-11 22:00:00,3,10.5825,19.405833333333334,38.366735942444215,42.012379576107904,64.40789112680605
2026-01-11 23:00:00,3,13.619166666666668,41.560833333333335,28.528172200471822,42.012379576107904,58.6708004089613
2026-01-12 00:00:00,3,17.025833333333335,44.60333333333333,22.438172592469847,42.012379576107904,63.44751017941393
2026-01-12 01:00:00,3,12.363333333333332,54.34916666666666,26.54596395103011,43.714586288416086,44.18801038071997
2026-01-12 02:00:00,3,20.83833333333333,30.09,23.52461776257087,43.714586288416086,48.276931811979246
2026-01-12 03:00:00,3,26.311666666666667,26.86,20.95230743394336,52.91399122807016,55.32628180476469
2026-01-12 04:00:00,3,30.589166666666667,41.30916666666666,26.225477928933273,52.91399122807016,65.79012247349968
2026-01-12 05:00:00,3,32.67583333333334,46.39833333333333,51.01798806539532,52.91399122807016,87.2123676005671
2026-01-12 06:00:00,3,43.28666666666666,51.67,75.41102985019612,130.11392500000002,99.80241386100766
2026-01-12 07:00:00,3,41.26583333333333,26.554166666666664,87.11822473246592,45.12690000000001,76.47313911228257
2026-01-12 08:00:00,3,6.824166666666667,0.0374999999999999,77.23814229118308,28.737307692307695,34.95549175224557
2026-01-12 09:00:00,3,-2.7608333333333337,-3.675833333333333,50.99364998023945,3.51607545045045,10.86413385246432
2026-01-12 10:00:00,3,-4.756666666666667,-9.781666666666666,22.64994538466783,3.51607545045045,4.014336264869485
2026-01-12 11:00:00,3,-8.706666666666667,-11.831666666666663,12.447482360566966,-19.550345238095247,7.801063416766752
2026-01-12 12:00:00,3,-11.063333333333333,-14.280833333333334,1.4770833461569737,-19.550345238095247,3.9924435529761126
2026-01-12 13:00:00,3,-9.168333333333331,-16.648333333333333,-9.405104314448906,-19.550345238095247,-4.611804531835247
2026-01-12 14:00:00,3,-1.6783333333333337,-8.7825,-8.661259478834822,-42.83055961070563,-8.199236657291678
2026-01-12 15:00:00,3,-0.2741666666666667,-8.505,-8.815713145272028,-42.83055961070563,-1.4988742988261805
2026-01-12 16:00:00,3,5.189166666666667,-5.697500000000001,-16.490491142682174,-42.83055961070563,2.1368051365140417
2026-01-12 17:00:00,3,0.0374999999999998,-5.010000000000001,26.877725266455045,-25.081615942028982,-0.917980582276968
2026-01-12 18:00:00,3,3.7833333333333328,-2.1558333333333333,39.61486528107042,20.79284166666667,9.692563426249322
2026-01-12 19:00:00,3,34.54083333333333,55.36083333333334,81.78691192987912,85.4280693069307,48.621912225717644
2026-01-12 20:00:00,3,55.54,71.0225,98.32175560400205,85.4280693069307,85.15664217274146
2026-01-12 21:00:00,3,57.3075,68.76833333333333,77.8305440701351,85.4280693069307,76.75737015451472
2026-01-12 22:00:00,3,52.92,71.74249999999999,60.73136358498171,70.85350290697677,69.64359003037718
2026-01-12 23:00:00,3,53.56,69.15166666666666,46.35811114152912,59.57185833333334,69.99190346150289
2026-01-13 00:00:00,3,59.92,74.12833333333333,50.57224749099836,70.85350290697677,76.61467554504155
2026-01-13 01:00:00,3,62.28416666666666,74.91583333333334,71.03709844297099,87.27136666666665,73.51199718442152
2026-01-13 02:00:00,3,62.66833333333333,71.50833333333334,70.16220892775509,87.27136666666665,70.39662273960175
2026-01-13 03:00:00,3,58.1175,63.84916666666667,60.04563945250345,52.91399122807016,70.41382950905697
2026-01-13 04:00:00,3,63.13333333333333,78.495,55.09761608787484,52.91399122807016,73.25616452855124
2026-01-13 05:00:00,3,77.51083333333334,77.29166666666667,57.20318746986949,87.27136666666665,83.6889812553967
2026-01-13 06:00:00,3,80.52833333333334,72.22,71.8251857127245,124.50166337285904,100.22913682017938
2026-01-13 07:00:00,3,63.66833333333333,10.545833333333333,67.21725760273029,70.85350290697677,94.03439508144585
2026-01-13 08:00:00,3,45.69333333333333,5.019166666666666,78.12511088011505,79.35207349081365,74.51593066800756
2026-01-13 09:00:00,3,39.431666666666665,7.804166666666667,49.48834424357925,47.84446369636964,38.607619107394264
2026-01-13 10:00:00,3,25.5525,20.50916666666667,33.5418899834157,28.738825,18.27326692451927
2026-01-13 11:00:00,3,19.77833333333333,12.335,30.32600437254873,7.791874999999998,16.63730514224499
2026-01-13 12:00:00,3,14.7575,7.989166666666667,18.472922447920986,7.791874999999998,5.469912603687732
2026-01-13 13:00:00,3,13.753333333333336,9.568333333333332,13.335385644253236,-13.924773730684324,4.498770959779506
2026-01-13 14:00:00,3,8.420833333333333,20.206666666666667,-6.147840013671512,-13.924773730684324,-14.076576817711825
2026-01-13 15:00:00,3,8.380833333333333,46.14666666666667,-15.027595249174212,-13.924773730684324,-23.18252124742382
2026-01-13 16:00:00,3,10.619166666666668,55.23083333333333,-2.6120387648024064,-13.924773730684324,-14.091501294570548
2026-01-13 17:00:00,3,28.836666666666662,81.37416666666667,14.981254288396613,20.79284166666667,-1.9537420355921142
2026-01-13 18:00:00,3,31.33833333333333,119.18083333333334,33.76759207976259,20.79284166666667,13.992505276129819
2026-01-13 19:00:00,3,67.34,159.7675,50.82791731995188,43.994324999999996,36.50916167335752
2026-01-13 20:00:00,3,70.83916666666667,177.86166666666668,59.11264325923713,85.4280693069307,57.83748600912081
2026-01-13 21:00:00,3,63.905,150.33416666666668,33.07768719753952,20.79284166666667,41.69194102692788
2026-01-13 22:00:00,3,53.68666666666667,98.24666666666668,14.851216107284479,20.79284166666667,35.742278326632366
2026-01-13 23:00:00,3,62.68083333333333,80.4575,-2.1890871180795415,42.012379576107904,37.109987094638804
2026-01-14 00:00:00,3,64.45,86.63583333333334,-4.995674340477592,42.012379576107904,43.9005098459128
2026-01-14 01:00:00,3,60.3625,76.57833333333333,16.493385079650345,42.012379576107904,36.609518327024794
2026-01-14 02:00:00,3,57.645833333333336,65.89416666666666,-1.819091639224311,42.012379576107904,31.072058243357567
2026-01-14 03:00:00,3,56.70250000000001,32.8525,-12.959325612774109,42.012379576107904,29.898571218638843
2026-01-14 04:00:00,3,57.620000000000005,8.274166666666666,-8.46955269469926,42.012379576107904,40.459931960188705
2026-01-14 05:00:00,3,56.41166666666666,8.866666666666665,1.8473055696944556,42.012379576107904,54.887543054899716
2026-01-14 06:00:00,3,70.06500000000001,8.7525,10.279027173577163,42.012379576107904,60.72001349001033
2026-01-14 07:00:00,3,51.585,-1.0275,13.186719020280194,20.79284166666667,47.95321852199473
2026-01-14 08:00:00,3,10.529166666666669,2.125833333333333,21.368313836653087,47.84446369636964,45.33120843291263
2026-01-14 09:00:00,3,8.134166666666667,6.150833333333334,2.181396197611349,7.791874999999998,14.322917784315905
2026-01-14 10:00:00,3,8.52,-0.48,-0.9194981025830344,28.738825,3.896377853990913
2026-01-14 11:00:00,3,9.085,0.703333333333333,2.7057082857891572,6.8283984375000015,5.403116314805743
2026-01-14 12:00:00,3,11.156666666666666,28.460000000000004,-13.385974327899405,6.8283984375000015,-13.158018469922169
2026-01-14 13:00:00,3,-1.5091666666666663,21.425,-48.43014211860786,-42.83055961070563,-37.43774429722548
2026-01-14 14:00:00,3,-7.161666666666666,32.5675,-67.69535814521913,-42.83055961070563,-57.44583449847947
2026-01-14 15:00:00,3,-8.565,161.4375,-63.93295686857175,-42.83055961070563,-42.4945365914909
2026-01-14 16:00:00,3,-9.025833333333331,192.5641666666667,-45.40831849576338,-13.924773730684324,-24.0994280986601
2026-01-14 17:00:00,3,3.1875,167.03666666666666,-3.5634069460340356,7.791874999999998,6.028463921202004
2026-01-14 18:00:00,3,22.92333333333333,228.06833333333336,40.75889035241268,43.994324999999996,41.39862935946315
2026-01-14 19:00:00,3,57.92583333333334,290.19083333333333,70.98919582895886,85.4280693069307,73.22231247141241
2026-01-14 20:00:00,3,67.29666666666667,575.7841666666667,58.03127411860282,85.4280693069307,75.34092941118206
2026-01-14 21:00:00,3,66.58083333333333,725.44,58.81355485461993,85.4280693069307,79.23271453183959
2026-01-14 22:00:00,3,72.805,196.5133333333333,50.397212407535626,70.85350290697677,78.43355566025917
2026-01-14 23:00:00,3,84.45666666666666,147.17333333333332,52.58183443439334,124.50166337285904,84.78707220997
2026-01-15 00:00:00,3,119.26916666666666,158.18166666666667,67.35795872340249,124.50166337285904,95.29495177217854
2026-01-15 01:00:00,3,75.3975,160.555,95.55963503652657,103.16900821596242,96.74623280898346
2026-01-15 02:00:00,3,67.31750000000001,142.80416666666667,74.25031220886059,103.16900821596242,90.09382375297483
2026-01-15 03:00:00,3,61.3575,144.45083333333335,58.02455521413127,83.53103260869563,82.71217613984558
2026-01-15 04:00:00,3,56.79666666666666,99.09583333333336,53.02724618072719,83.53103260869563,85.2877313610492
2026-01-15 05:00:00,3,56.689166666666665,74.88000000000001,67.10437083096637,103.16900821596242,99.03910464408128
2026-01-15 06:00:00,3,61.45,66.25583333333334,79.96124385703014,103.16900821596242,111.58279201894977
2026-01-15 07:00:00,3,48.68833333333333,47.14666666666667,75.64086697738956,124.50166337285904,104.07283999577241
2026-01-15 08:00:00,3,13.120833333333332,40.06916666666667,85.0980761825853,79.35207349081365,76.94661693378278
2026-01-15 09:00:00,3,5.650833333333334,55.2775,52.2628785826566,79.35207349081365,50.05382174305691
2026-01-15 10:00:00,3,22.813333333333333,64.1125,15.07847452138467,28.738825,25.525420770802498
2026-01-15 11:00:00,3,4.975833333333333,85.43333333333334,-8.111468904143905,7.791874999999998,4.899340213474318
2026-01-15 12:00:00,3,-2.7358333333333333,58.13666666666666,-36.5070062717232,7.791874999999998,-5.181179299691436
2026-01-15 13:00:00,3,-7.906666666666666,51.81583333333333,-66.97337025193289,-25.081615942028982,-30.153517214618375
2026-01-15 14:00:00,3,-8.314166666666667,124.44333333333331,-70.1865498342795,-25.081615942028982,-36.50760112707762
2026-01-15 15:00:00,3,-9.2,72.55833333333334,-60.90154325601449,-25.081615942028982,-36.17818162635615
2026-01-15 16:00:00,3,-10.926666666666668,74.53166666666667,-69.48854668023469,-25.081615942028982,-45.176364658485824
2026-01-15 17:00:00,3,-8.529166666666667,124.24416666666669,-42.09188387163185,-25.081615942028982,-19.2542357984955
2026-01-15 18:00:00,3,-4.6925,133.67583333333334,4.767154099622147,1.259166666666667,12.858687857173507
2026-01-15 19:00:00,3,-8.35,145.75583333333333,17.336450104389435,43.994324999999996,31.358568999015674
2026-01-15 20:00:00,3,-4.694166666666667,115.27,37.33625961774574,43.994324999999996,49.92006854838496
2026-01-15 21:00:00,3,-4.6925,98.5175,14.59369669789345,1.259166666666667,42.59196907239349
2026-01-15 22:00:00,3,-6.185833333333334,92.8925,-4.022567413802008,1.259166666666667,37.1637872459132
2026-01-15 23:00:00,3,-2.7000000000000006,74.27333333333333,-25.361807173041328,-3.9461872759856647,34.188204405568264
2026-01-16 00:00:00,3,-2.7000000000000006,67.91916666666667,-26.74271106596828,-3.9461872759856647,41.90949797799213
2026-01-16 01:00:00,3,-2.7000000000000006,45.82416666666666,-10.00940873067799,-3.9461872759856647,36.68568730847491
2026-01-16 02:00:00,3,-2.7000000000000006,48.75083333333333,-22.9765534611834,-3.9461872759856647,31.812228562206748
2026-01-16 03:00:00,3,-2.7000000000000006,51.45166666666668,-29.589660181120877,-3.9461872759856647,29.445833820804353
2026-01-16 04:00:00,3,-2.7000000000000006,83.69916666666667,-30.485462426419048,-3.9461872759856647,31.29340159443293
2026-01-16 05:00:00,3,-2.7000000000000006,124.55916666666668,-25.716071813519946,-3.9461872759856647,38.81575158271618
2026-01-16 06:00:00,3,1.825833333333333,83.57666666666667,-12.235166064807956,13.206296875000003,51.259706527228076
2026-01-16 07:00:00,3,-1.4975000000000005,21.705,-38.142541550185854,-13.88507874015748,23.42499234171664
2026-01-16 08:00:00,3,-8.916666666666666,15.874166666666667,-26.625715852315253,-25.081615942028982,10.795057837950608
2026-01-16 09:00:00,3,-11.676666666666668,16.22,-52.38421481799034,-25.081615942028982,-12.207728115307575
2026-01-16 10:00:00,3,-12.1925,5.536666666666666,-71.10299296434002,-25.081615942028982,-30.405675882151655
2026-01-16 11:00:00,3,-14.511666666666668,29.799166666666665,-109.89887653132908,-42.83055961070563,-45.25031316228562
2026-01-16 12:00:00,3,-18.24083333333333,29.21,-117.32054631847984,-42.83055961070563,-49.43176665258511
2026-01-16 13:00:00,3,-14.535000000000002,81.64666666666666,-101.9738539858188,-42.83055961070563,-58.786026737647106
2026-01-16 14:00:00,3,-13.363333333333337,147.8658333333333,-116.21293424988846,-42.83055961070563,-55.47817465844186
2026-01-16 15:00:00,3,-13.465833333333334,245.06333333333336,-92.9051003994272,-42.83055961070563,-53.52064788214041
2026-01-16 16:00:00,3,-16.065833333333334,587.9475,-68.0018270725767,-25.081615942028982,-30.540086641510356
2026-01-16 17:00:00,3,-11.7375,269.0208333333333,-46.862688993700075,-25.081615942028982,-33.373745274193936
2026-01-16 18:00:00,3,-6.625,44.6675,-15.830137793984505,-25.081615942028982,-19.886279583498577
2026-01-16 19:00:00,3,-1.384166666666667,85.06833333333333,25.32829842680143,1.259166666666667,13.89939434825584
2026-01-16 20:00:00,3,0.9058333333333334,90.59,40.50634733230317,1.259166666666667,46.526238051148404
2026-01-16 21:00:00,3,2.784166666666667,89.27166666666666,33.78985171878247,1.259166666666667,47.91027630933779
2026-01-16 22:00:00,3,-1.596666666666667,72.45583333333333,21.644792114078655,-3.9461872759856647,44.813191813066595
2026-01-16 23:00:00,3,-2.7000000000000006,71.22333333333333,11.835132778947198,13.206296875000003,46.31558680678637
2026-01-17 00:00:00,3,-2.7000000000000006,21.4625,13.759784427625604,13.206296875000003,56.58992246031386
2026-01-17 01:00:00,3,-2.7000000000000006,1.8591666666666669,30.52596311393315,13.206296875000003,42.68528778852071
2026-01-17 02:00:00,3,-3.205,-1.5425000000000002,14.574803147939143,13.206296875000003,33.99362218922025
2026-01-17 03:00:00,3,-5.705000000000001,-5.9191666666666665,-0.13124640476614502,13.206296875000003,26.93796481547232
2026-01-17 04:00:00,3,-5.490000000000001,-6.853333333333333,2.3184724768522784,42.012379576107904,27.675162412962898
2026-01-17 05:00:00,3,-5.2825,-6.896666666666667,7.754624745694244,42.012379576107904,31.95783658126596
2026-01-17 06:00:00,3,-2.7000000000000006,-11.796666666666669,4.836133130862095,42.012379576107904,34.04062437204017
2026-01-17 07:00:00,3,-0.589166666666667,-9.025833333333331,-17.265631411290016,-5.368386850152904,6.332423154012815
2026-01-17 08:00:00,3,-11.5075,-10.814166666666669,-19.60390960496501,-42.83055961070563,-22.34736605154312
2026-01-17 09:00:00,3,-11.795,-23.31833333333333,-36.39255197728441,-42.83055961070563,-38.38146413512031
2026-01-17 10:00:00,3,-14.47,-35.24333333333333,-61.40127673869915,-42.83055961070563,-51.91966500351445
2026-01-17 11:00:00,3,-17.40833333333333,-49.43416666666667,-83.48004608271677,-42.83055961070563,-55.093140896522996
2026-01-17 12:00:00,3,-27.05666666666667,-54.5975,-87.88170844252099,-42.83055961070563,-63.938007106440935
2026-01-17 13:00:00,3,-26.33083333333333,-59.845,-81.32568480472668,-42.83055961070563,-58.954696146084515
2026-01-17 14:00:00,3,-21.58583333333333,-66.68166666666667,-64.92075810450422,-42.83055961070563,-53.61408035720457
2026-01-17 15:00:00,3,-11.990833333333333,-62.028333333333336,-61.96166417676329,-42.83055961070563,-53.48389522722003
2026-01-17 16:00:00,3,-7.868333333333333,-61.825,-67.64327673743728,-42.83055961070563,-48.815330060372574
2026-01-17 17:00:00,3,-5.530833333333334,-23.90333333333333,-41.49804400009329,-25.081615942028982,-38.45786576886296
2026-01-17 18:00:00,3,-5.066666666666666,-9.314166666666669,-18.763595838723234,-25.081615942028982,-7.723843342537464
2026-01-17 19:00:00,3,-1.4391666666666667,-5.645,18.01201138468162,1.259166666666667,27.5805376918222
2026-01-17 20:00:00,3,17.993333333333336,1.2633333333333332,59.726297010512205,70.85350290697677,79.8367656648687
2026-01-17 21:00:00,3,12.463333333333331,14.455,45.67348374121845,70.85350290697677,73.13320888659513
2026-01-17 22:00:00,3,8.644166666666665,19.151666666666667,39.07026600909784,70.85350290697677,72.88984454194772
2026-01-17 23:00:00,3,7.354999999999999,17.57,33.984649879949394,42.012379576107904,75.27391040073842
2026-01-18 00:00:00,3,8.589166666666666,17.705833333333334,49.98569465448232,59.57185833333334,91.18547303270961
2026-01-18 01:00:00,3,2.245,11.433333333333332,75.9655664758946,87.27136666666665,85.56078589069016
2026-01-18 02:00:00,3,-0.4641666666666666,8.720833333333333,63.92938711626229,52.91399122807016,79.47506654313706
2026-01-18 03:00:00,3,5.97,9.880833333333332,51.578380310908045,52.91399122807016,74.08101053627078
2026-01-18 04:00:00,3,4.538333333333333,7.800833333333333,43.00038089078586,52.91399122807016,72.24810781242738
2026-01-18 05:00:00,3,7.968333333333334,3.7466666666666666,37.37008331857443,52.91399122807016,71.15279128735679
2026-01-18 06:00:00,3,9.1625,3.746666666666666,25.384542747197997,52.91399122807016,62.825964874679684
2026-01-18 07:00:00,3,-0.0375000000000001,-2.4,15.221135576624206,6.8283984375000015,24.145681991155307
2026-01-18 08:00:00,3,-8.214166666666666,-10.606666666666667,9.930705309711115,3.51607545045045,-11.799702846150794
2026-01-18 09:00:00,3,-8.574166666666667,-8.155,2.8677614964468034,-19.550345238095247,-23.168356525474437
2026-01-18 10:00:00,3,-21.096666666666668,-25.640833333333333,-8.814978248913903,-19.550345238095247,-20.958198354233843
2026-01-18 11:00:00,3,-27.084166666666665,-48.8525,-9.79677894985366,-19.550345238095247,-15.078762754808864
2026-01-18 12:00:00,3,-25.535,-63.568333333333335,-29.599996261579633,-19.550345238095247,-22.236737565229575
2026-01-18 13:00:00,3,-28.59,-76.33,-22.66964177949866,-19.550345238095247,-18.792428467525454
2026-01-18 14:00:00,3,-23.493333333333336,-83.59583333333333,-1.9889635445819067,-19.550345238095247,-8.790136348162676
2026-01-18 15:00:00,3,-7.716666666666666,-84.52166666666666,5.048881759085631,3.51607545045045,-4.152465599995054
2026-01-18 16:00:00,3,-2.9491666666666667,-63.47333333333333,17.688516404329903,6.8283984375000015,4.129701901465069
2026-01-18 17:00:00,3,9.011666666666668,-36.865,14.811221116755327,7.791874999999998,12.603562964559288
2026-01-18 18:00:00,3,24.8,-9.074166666666668,38.377939364511334,43.994324999999996,40.86499861193388
2026-01-18 19:00:00,3,39.92583333333334,10.461666666666668,63.07464828357207,43.994324999999996,74.24925701877393
2026-01-18 20:00:00,3,55.54750000000001,15.803333333333333,95.46286202886787,85.4280693069307,105.97141793552836
2026-01-18 21:00:00,3,53.70583333333334,17.640833333333333,72.11696839627768,85.4280693069307,101.96116784637846
2026-01-18 22:00:00,3,40.4475,10.5825,64.7278837745091,78.17736486486487,100.21805346725418
2026-01-18 23:00:00,3,24.840833333333336,13.619166666666668,77.26655439998301,104.79032291666667,103.2254700181044
2026-01-19 00:00:00,3,35.0025,17.025833333333335,88.97671926847228,104.79032291666667,106.2816328897643
2026-01-19 01:00:00,3,11.143333333333333,12.363333333333332,105.402534878356,96.20404826958101,96.96188116907203
2026-01-19 02:00:00,3,9.096666666666666,20.83833333333333,80.98737071986832,96.20404826958101,90.13879354387194
2026-01-19 03:00:00,3,5.744166666666666,26.311666666666667,53.23593897065966,83.53103260869563,81.19374310556347
2026-01-19 04:00:00,3,8.518333333333333,30.589166666666667,30.22689697373783,52.91399122807016,70.5226635464211
2026-01-19 05:00:00,3,9.263333333333334,32.67583333333334,24.727195125707844,43.714586288416086,73.59270618001337
2026-01-19 06:00:00,3,9.89,43.28666666666666,38.35956666891793,70.85350290697677,83.10269823689079
2026-01-19 07:00:00,3,0.7716666666666664,41.26583333333333,41.587175630376265,70.85350290697677,65.33793848571347
2026-01-19 08:00:00,3,-9.616666666666667,6.824166666666667,36.93533374618966,47.84446369636964,43.046875742264405
2026-01-19 09:00:00,3,-7.738333333333333,-2.7608333333333337,20.131635437438604,28.738825,22.103814547423077
2026-01-19 10:00:00,3,-10.2675,-4.756666666666667,6.4430620921558415,6.8283984375000015,5.555725882411451
2026-01-19 11:00:00,3,-7.065,-8.706666666666667,13.441316782087227,17.554191176470596,6.652820273404927
2026-01-19 12:00:00,3,-4.4375,-11.063333333333333,34.65482398211482,28.737307692307695,26.034760578801503
2026-01-19 13:00:00,3,5.6000000000000005,-9.168333333333331,68.03312158908395,28.737307692307695,63.23162953797637
2026-01-19 14:00:00,3,27.88083333333333,-1.6783333333333337,124.58938631092033,79.35207349081365,111.72310089165296
2026-01-19 15:00:00,3,24.861666666666668,-0.2741666666666667,151.87994707655605,121.81003300330029,137.37391618320373
2026-01-19 16:00:00,3,33.583333333333336,5.189166666666667,156.697402127579,125.49067961165046,141.06603026117938
2026-01-19 17:00:00,3,2.3975,0.0374999999999998,120.30723898471639,128.0223409669211,109.3309728277381
2026-01-19 18:00:00,3,-2.869166666666666,3.7833333333333328,119.47015951797653,128.0223409669211,111.66371839989876
2026-01-19 19:00:00,3,29.680833333333336,34.54083333333333,129.42016501679493,128.0223409669211,113.20965052273563
2026-01-19 20:00:00,3,41.693333333333335,55.54,111.01959302390104,128.0223409669211,104.57096849828713
2026-01-19 21:00:00,3,37.22916666666666,57.3075,108.3116457789307,128.0223409669211,108.64652660397356
2026-01-19 22:00:00,3,34.705,52.92,107.86677820838659,133.9131412529552,109.2905233056397
2026-01-19 23:00:00,3,32.4,53.56,110.12782446840819,104.79032291666667,108.47305452380624
2026-01-20 00:00:00,3,42.90083333333333,59.92,115.14045700995231,104.79032291666667,112.49423999631026
2026-01-20 01:00:00,3,48.78666666666667,62.28416666666666,134.71285480494166,104.79032291666667,108.18247640912732
2026-01-20 02:00:00,3,52.35833333333333,62.66833333333333,136.4384550544302,96.20404826958101,106.24335185781517
2026-01-20 03:00:00,3,57.68416666666667,58.1175,128.5475693615614,96.20404826958101,108.59950412808675
2026-01-20 04:00:00,3,64.05666666666667,63.13333333333333,140.3687075474873,96.20404826958101,111.53644994343513
2026-01-20 05:00:00,3,68.44666666666667,77.51083333333334,139.2293005316982,104.79032291666667,122.24157688856246
2026-01-20 06:00:00,3,72.65416666666667,80.52833333333334,150.48292437440602,104.79032291666667,132.43392971240633
2026-01-20 07:00:00,3,60.81916666666667,63.66833333333333,144.71158258542852,121.81003300330029,112.94938280454991
2026-01-20 08:00:00,3,41.50333333333333,45.69333333333333,120.29381328992277,79.35207349081365,76.39084654379255
2026-01-20 09:00:00,3,7.06,39.431666666666665,89.00933823691787,45.12690000000001,45.36804705469705
2026-01-20 10:00:00,3,2.6508333333333334,25.5525,69.63425959555744,28.737307692307695,26.330365307580095
2026-01-20 11:00:00,3,5.239166666666667,19.77833333333333,48.33090905604838,28.737307692307695,17.585274524237278
2026-01-20 12:00:00,3,5.229166666666667,14.7575,28.02984324527158,17.554191176470596,1.8637977195492113
2026-01-20 13:00:00,3,4.888333333333334,13.753333333333336,12.22945151897369,6.8283984375000015,-6.798870732296066
2026-01-20 14:00:00,3,7.138333333333333,8.420833333333333,14.041272943577894,-13.924773730684324,-4.6826303554219635
2026-01-20 15:00:00,3,9.42,8.380833333333333,33.407045484141996,-13.924773730684324,17.325790023911097
2026-01-20 16:00:00,3,27.44833333333333,10.619166666666668,72.19083666545836,47.84446369636964,46.95511483351846
2026-01-20 17:00:00,3,54.193333333333335,28.836666666666662,123.5077378612614,85.4280693069307,86.08315312337756
2026-01-20 18:00:00,3,61.78416666666666,31.33833333333333,163.6315896739589,128.0223409669211,113.54548759379156
2026-01-20 19:00:00,3,66.695,67.34,185.23622169521994,128.0223409669211,126.53868600765436
2026-01-20 20:00:00,3,69.86,70.83916666666667,181.01995463890842,128.0223409669211,131.84503572839935
2026-01-20 21:00:00,3,68.33833333333332,63.905,178.082212161837,163.12889158576058,140.0080826033144
2026-01-20 22:00:00,3,66.37416666666667,53.68666666666667,141.88107520801668,133.9131412529552,124.58914793672628
2026-01-20 23:00:00,3,63.93333333333334,62.68083333333333,113.31522047729578,104.79032291666667,110.1862774452637
2026-01-21 00:00:00,4,63.35666666666666,64.45,109.01572370867441,102.85364449213165,102.98396197926465
2026-01-21 01:00:00,4,61.95916666666667,60.3625,123.43064918601081,102.85364449213165,99.85480084882259
2026-01-21 02:00:00,4,59.66583333333333,57.645833333333336,107.81590776414508,86.73105769230769,96.301013591225
2026-01-21 03:00:00,4,61.17250000000001,56.70250000000001,83.82480286585282,86.73105769230769,92.72756447065488
2026-01-21 04:00:00,4,69.24583333333334,57.620000000000005,59.65196745617566,86.73105769230769,86.96299026955298
2026-01-21 05:00:00,4,75.27666666666667,56.41166666666666,60.41442365153795,86.73105769230769,95.0225919589966
2026-01-21 06:00:00,4,89.96666666666665,70.06500000000001,77.12736408263115,102.85364449213165,108.38126567718686
2026-01-21 07:00:00,4,76.13000000000001,51.585,87.38172687988983,102.85364449213165,98.33250480179666
2026-01-21 08:00:00,4,40.865833333333335,10.529166666666669,98.58434599670038,76.83513784461151,68.32711970458571
2026-01-21 09:00:00,4,14.274166666666666,8.134166666666667,71.93609778048557,76.83513784461151,33.244438529864325
2026-01-21 10:00:00,4,0.2291666666666667,8.52,42.0451988521567,28.897838050314473,15.606978749879055
2026-01-21 11:00:00,4,-6.0225,9.085,12.451176542593736,-13.446931599229288,-4.027652081349331
2026-01-21 12:00:00,4,-8.493333333333334,11.156666666666666,-9.488134375052155,-13.446931599229288,-25.03244527718938
2026-01-21 13:00:00,4,-10.034166666666666,-1.5091666666666663,-16.680726551782683,-23.35937584345478,-26.533467186275942
2026-01-21 14:00:00,4,-10.4425,-7.161666666666666,-16.92636679140105,-23.35937584345478,-29.80031673490808
2026-01-21 15:00:00,4,-10.2075,-8.565,33.29833257865121,-23.35937584345478,-24.86495096178868
2026-01-21 16:00:00,4,-17.19333333333333,-9.025833333333331,54.78827506074656,-13.446931599229288,-11.010461162506019
2026-01-21 17:00:00,4,-9.546666666666669,3.1875,68.9204920890886,-14.489924242424241,-1.2297007956341872
2026-01-21 18:00:00,4,-6.339166666666667,22.92333333333333,109.5375863916243,42.72338235294116,14.98533796039986
2026-01-21 19:00:00,4,-2.8175000000000003,57.92583333333334,132.62939558916392,42.72338235294116,31.23608047403998
2026-01-21 20:00:00,4,-0.535,67.29666666666667,253.22351455040854,42.72338235294116,68.28518180592215
2026-01-21 21:00:00,4,4.230833333333334,66.58083333333333,296.40574440350963,25.579976851851846,69.52637737401369
2026-01-21 22:00:00,4,-1.4258333333333333,72.805,61.65001091120603,0.6966527001862205,23.20911995656941
2026-01-21 23:00:00,4,0.1174999999999999,84.45666666666666,27.79621484394221,0.0844141914191424,18.996426300927958
2026-01-22 00:00:00,4,9.15,119.26916666666666,45.149153149672635,0.0844141914191424,33.52266237898591
2026-01-22 01:00:00,4,10.3375,75.3975,63.515291882880405,0.0844141914191424,22.35001074875416
2026-01-22 02:00:00,4,10.985,67.31750000000001,45.52335395476379,12.530870165745865,19.009173412772633
2026-01-22 03:00:00,4,10.5175,61.3575,31.124969986795627,-7.55362612612613,14.615653538488736
2026-01-22 04:00:00,4,12.3175,56.79666666666666,14.321877142111987,-7.55362612612613,19.512231093089724
2026-01-22 05:00:00,4,11.7575,56.689166666666665,17.00415865889284,12.530870165745865,32.94152440364637
2026-01-22 06:00:00,4,10.261666666666663,61.45,31.20799012412521,45.889693877551025,46.78351971898273
2026-01-22 07:00:00,4,12.774166666666666,48.68833333333333,26.022738786939044,0.6966527001862205,25.965396477880105
2026-01-22 08:00:00,4,-6.578333333333333,13.120833333333332,12.030990587312857,-14.489924242424241,4.140399307810171
2026-01-22 09:00:00,4,-13.088333333333331,5.650833333333334,-1.3291963539076477,-14.489924242424241,-15.642838717602245
2026-01-22 10:00:00,4,-20.04833333333333,22.813333333333333,-12.424901375558463,-13.446931599229288,-22.46965479351354
2026-01-22 11:00:00,4,-23.17,4.975833333333333,-15.311959822215272,-23.35937584345478,-45.60460703791115
2026-01-22 12:00:00,4,-24.930833333333336,-2.7358333333333333,-34.14410071813708,-23.35937584345478,-55.80113161389812
2026-01-22 13:00:00,4,-27.231666666666666,-7.906666666666666,-53.3645061303918,-37.66239795918366,-65.86219574217847
2026-01-22 14:00:00,4,-23.62833333333333,-8.314166666666667,-42.90789710748453,-37.66239795918366,-63.0373440939226
2026-01-22 15:00:00,4,-15.034166666666666,-9.2,-67.12123025684028,-37.66239795918366,-56.565104793496715
2026-01-22 16:00:00,4,-10.823333333333332,-10.926666666666668,-41.13822475119818,-37.110074309978785,-52.17859250944994
2026-01-22 17:00:00,4,-6.2875000000000005,-8.529166666666667,15.209942707453003,-27.900319940476184,-28.905283608149716
2026-01-22 18:00:00,4,-3.240833333333333,-4.6925,49.18699607156216,-14.489924242424241,-9.148252100743406
2026-01-22 19:00:00,4,6.491666666666667,-8.35,88.8924056903668,22.240525000000005,22.351874978158264
2026-01-22 20:00:00,4,24.605833333333333,-4.694166666666667,105.90036377014067,101.90275462962961,62.55377410954342
2026-01-22 21:00:00,4,19.08,-4.6925,101.0455577947358,101.90275462962961,68.36764307886072
2026-01-22 22:00:00,4,19.166666666666668,-6.185833333333334,93.24930132712976,69.84961111111119,69.14094416197209
2026-01-22 23:00:00,4,30.81583333333333,-2.7000000000000006,80.97081465782448,100.68405228758171,71.20931463741702
2026-01-23 00:00:00,4,29.29583333333333,-2.7000000000000006,82.77519753249784,100.68405228758171,81.54019162255783
2026-01-23 01:00:00,4,36.318333333333335,-2.7000000000000006,98.73353073594365,75.94922275641024,87.26726426740582
2026-01-23 02:00:00,4,24.618333333333336,-2.7000000000000006,90.13595874887515,86.73105769230769,85.22800360435762
2026-01-23 03:00:00,4,30.57083333333333,-2.7000000000000006,79.58941940476322,117.06158759124092,81.83217866768207
2026-01-23 04:00:00,4,35.94,-2.7000000000000006,84.48549831676648,117.06158759124092,82.86452578598679
2026-01-23 05:00:00,4,38.744166666666665,-2.7000000000000006,107.68037384712478,117.06158759124092,95.71920129530582
2026-01-23 06:00:00,4,48.9875,1.825833333333333,115.16148592346798,102.85364449213165,110.43363940575483
2026-01-23 07:00:00,4,28.096666666666664,-1.4975000000000005,113.17834226855658,102.85364449213165,84.00736494949297
2026-01-23 08:00:00,4,-1.7633333333333334,-8.916666666666666,90.59178696520667,44.38447194719471,33.32552741132408
2026-01-23 09:00:00,4,-6.13,-11.676666666666668,65.44986038550478,12.87000651041667,4.120992859025762
2026-01-23 10:00:00,4,-6.7425,-12.1925,45.784960022001314,1.0285140562248982,-2.6935700010381822
2026-01-23 11:00:00,4,-7.945833333333333,-14.511666666666668,49.283258470704865,-17.311958598726125,2.3832314212693433
2026-01-23 12:00:00,4,-7.673333333333333,-18.24083333333333,34.94815363711055,-17.311958598726125,-3.0969134415772004
2026-01-23 13:00:00,4,-6.4375,-14.535000000000002,55.54549539576885,-17.311958598726125,-2.263423157916904
2026-01-23 14:00:00,4,0.1541666666666664,-13.363333333333337,73.18996316453071,-17.311958598726125,-10.871618458991591
2026-01-23 15:00:00,4,2.480833333333333,-13.465833333333334,100.99227401922987,1.0285140562248982,-14.188650306013173
2026-01-23 16:00:00,4,0.4299999999999997,-16.065833333333334,227.61060269518785,-0.7757727272727272,12.82069161084518
2026-01-23 17:00:00,4,5.4558333333333335,-11.7375,131.4041379449666,8.116482300884954,24.248664998144847
2026-01-23 18:00:00,4,24.570833333333336,-6.625,85.72673847325247,81.8020303030303,53.231627644182886
2026-01-23 19:00:00,4,54.748333333333335,-1.384166666666667,134.08329104604294,81.8020303030303,94.4296191352382
2026-01-23 20:00:00,4,61.48166666666666,0.9058333333333334,148.5164015659123,118.26217948717947,118.7082202121908
2026-01-23 21:00:00,4,55.82583333333333,2.784166666666667,151.9962079444233,138.72073099415206,117.51292305414191
2026-01-23 22:00:00,4,46.6325,-1.596666666666667,146.8748428056112,102.85364449213165,108.38032184836013
2026-01-23 23:00:00,4,36.88833333333333,-2.7000000000000006,146.86677221098483,102.85364449213165,99.10886145092192
2026-01-24 00:00:00,4,17.794166666666666,-2.7000000000000006,134.12952313446928,102.85364449213165,98.18081387036676
2026-01-24 01:00:00,4,14.695833333333333,-2.7000000000000006,133.59337701371965,100.83382800608821,103.07548453071837
2026-01-24 02:00:00,4,23.296666666666667,-3.205,103.16291172354754,100.83382800608821,97.0702693579818
2026-01-24 03:00:00,4,19.18,-5.705000000000001,83.75798531552003,100.83382800608821,92.63840310570664
2026-01-24 04:00:00,4,19.1475,-5.490000000000001,66.4561268552998,76.77339453860635,87.74773573598614
2026-01-24 05:00:00,4,19.694166666666664,-5.2825,42.31614928799762,76.77339453860635,80.04526948750501
2026-01-24 06:00:00,4,14.24,-2.7000000000000006,21.41338234554597,75.94922275641024,68.09705464513375
2026-01-24 07:00:00,4,-0.4583333333333332,-0.589166666666667,16.063539906673796,10.796803160919536,32.85819254191979
2026-01-24 08:00:00,4,-7.665,-11.5075,13.473359704332552,-0.7757727272727272,-1.237815511459715
2026-01-24 09:00:00,4,-6.743333333333333,-11.795,-13.432536414397049,1.0285140562248982,-17.81079121931468
2026-01-24 10:00:00,4,-7.083333333333333,-14.47,-48.23310870683164,-23.35937584345478,-29.880744865549786
2026-01-24 11:00:00,4,-8.3725,-17.40833333333333,-52.79255239294598,-23.35937584345478,-30.500747132752295
2026-01-24 12:00:00,4,-8.919166666666667,-27.05666666666667,-26.998586008851134,1.0285140562248982,-15.750992874932678
2026-01-24 13:00:00,4,-10.0225,-26.33083333333333,-0.6988749938067116,-0.7757727272727272,2.0334809575902995
2026-01-24 14:00:00,4,-6.966666666666666,-21.58583333333333,21.295504398986708,30.746153846153852,18.99201346983933
2026-01-24 15:00:00,4,-2.1925000000000003,-11.990833333333333,61.243810161790634,76.83513784461151,45.06882821010916
2026-01-24 16:00:00,4,20.13416666666667,-7.868333333333333,110.9002550505808,87.7563430420712,84.17364157944512
2026-01-24 17:00:00,4,59.96333333333333,-5.530833333333334,162.45218188521883,124.83673742138365,120.67831621152249
2026-01-24 18:00:00,4,72.60166666666667,-5.066666666666666,199.2619286337976,202.8803685897436,166.31547500601636
2026-01-24 19:00:00,4,103.7925,-1.4391666666666667,190.2040385152,202.8803685897436,181.86213681972947
2026-01-24 20:00:00,4,123.0825,17.993333333333336,180.6764511024967,202.8803685897436,178.70547865529514
2026-01-24 21:00:00,4,118.91416666666667,12.463333333333331,152.12533662545843,202.8803685897436,162.65280370331288
2026-01-24 22:00:00,4,118.825,8.644166666666665,105.96875119648027,147.03104910714293,139.46439228952835
2026-01-24 23:00:00,4,110.8025,7.354999999999999,106.54531671087338,140.91379449838186,127.6588299932957
2026-01-25 00:00:00,4,89.77083333333333,8.589166666666666,107.49354592013137,140.91379449838186,123.64748132247874
2026-01-25 01:00:00,4,82.225,2.245,129.7283885837802,154.97251333333335,113.81621416505382
2026-01-25 02:00:00,4,86.66250000000001,-0.4641666666666666,121.12620283527505,102.85364449213165,107.55080190047872
2026-01-25 03:00:00,4,85.60583333333334,5.97,107.47241509368446,102.85364449213165,99.30541264156999
2026-01-25 04:00:00,4,77.03833333333333,4.538333333333333,90.0464932501283,86.73105769230769,91.22344006735237
2026-01-25 05:00:00,4,64.83083333333333,7.968333333333334,50.953535797410225,75.94922275641024,81.40224024740753
2026-01-25 06:00:00,4,64.29083333333334,9.1625,40.370432042355475,84.4826375404531,71.83104314162294
2026-01-25 07:00:00,4,34.31166666666667,-0.0375000000000001,41.264009583776215,28.897838050314473,41.05002077860321
2026-01-25 08:00:00,4,21.98,-8.214166666666666,36.531439004541305,10.796803160919536,10.014397822639161
2026-01-25 09:00:00,4,19.77833333333333,-8.574166666666667,31.984316586325164,10.796803160919536,-3.38953946049854
2026-01-25 10:00:00,4,0.5483333333333333,-21.096666666666668,1.9081749954247869,-0.7757727272727272,-15.730096494004854
2026-01-25 11:00:00,4,-1.9358333333333333,-27.084166666666665,-45.946668801858735,-23.35937584345478,-34.85571379781949
2026-01-25 12:00:00,4,-4.333333333333333,-25.535,-66.1408262090093,-37.66239795918366,-42.609543974404744
2026-01-25 13:00:00,4,-5.275,-28.59,-73.47353746768601,-37.66239795918366,-42.04327321741758
2026-01-25 14:00:00,4,-6.1066666666666665,-23.493333333333336,-65.25000387982107,-23.35937584345478,-36.02441443786337
2026-01-25 15:00:00,4,-0.0141666666666664,-7.716666666666666,-47.42536619041266,-23.35937584345478,-22.170410133651103
2026-01-25 16:00:00,4,14.885833333333332,-2.9491666666666667,-11.772335085475518,-13.446931599229288,-4.0630545589215075
2026-01-25 17:00:00,4,31.6075,9.011666666666668,37.87247025891463,47.462782152230965,24.718791032268406
2026-01-25 18:00:00,4,82.2725,24.8,79.04882026896394,81.8020303030303,53.006693111654776
2026-01-25 19:00:00,4,144.66,39.92583333333334,98.37662185773638,81.8020303030303,72.28590781153649
2026-01-25 20:00:00,4,127.25,55.54750000000001,93.12814473692445,81.8020303030303,80.49988321973852
2026-01-25 21:00:00,4,107.275,53.70583333333334,90.64328777331798,81.8020303030303,82.85295675483137
2026-01-25 22:00:00,4,81.14833333333333,40.4475,70.67833746942532,69.84961111111119,76.08096904507197
2026-01-25 23:00:00,4,67.845,24.840833333333336,57.54321727248927,69.84961111111119,73.53988413516696
2026-01-26 00:00:00,4,66.40333333333334,35.0025,63.38515543420428,100.68405228758171,81.87997351906105
2026-01-26 01:00:00,4,37.4975,11.143333333333333,79.37780809929058,86.73105769230769,90.05199223827584
2026-01-26 02:00:00,4,28.9575,9.096666666666666,72.65948772719605,86.73105769230769,88.51298339762006
2026-01-26 03:00:00,4,38.1375,5.744166666666666,68.40386092641224,86.73105769230769,87.82994045115315
2026-01-26 04:00:00,4,44.428333333333335,8.518333333333333,65.97612920780801,86.73105769230769,88.57730420445094
2026-01-26 05:00:00,4,49.10416666666666,9.263333333333334,69.17511143597768,86.73105769230769,94.53768498303424
2026-01-26 06:00:00,4,45.67666666666667,9.89,74.44407666843388,86.73105769230769,97.81234479214643
2026-01-26 07:00:00,4,16.6225,0.7716666666666664,72.11259152115497,44.38447194719471,73.28378061546113
2026-01-26 08:00:00,4,1.12,-9.616666666666667,54.28856687193836,12.87000651041667,30.83356276627812
2026-01-26 09:00:00,4,1.1125,-7.738333333333333,28.84445688178367,12.87000651041667,4.552149901077897
2026-01-26 10:00:00,4,-2.0391666666666666,-10.2675,-7.524748452715286,-17.311958598726125,-16.858735493422145
2026-01-26 11:00:00,4,-5.608333333333333,-7.065,-17.906043619223624,-17.311958598726125,-14.410132963763786
2026-01-26 12:00:00,4,-2.6508333333333334,-4.4375,-12.501425620834695,-17.311958598726125,-8.803652833107037
2026-01-26 13:00:00,4,-0.8658333333333333,5.6000000000000005,-4.460929199654473,1.0285140562248982,-2.804657088649293
2026-01-26 14:00:00,4,4.433333333333334,27.88083333333333,12.14154165629482,-0.7757727272727272,8.015823501409642
2026-01-26 15:00:00,4,30.5325,24.861666666666668,48.00043529212092,28.897838050314473,36.55223849185641
2026-01-26 16:00:00,4,29.3875,33.583333333333336,95.93917073792119,87.7563430420712,75.21522408730553
2026-01-26 17:00:00,4,96.06666666666666,2.3975,137.73535781110763,127.66399382716045,115.49170452404077
2026-01-26 18:00:00,4,110.34833333333334,-2.869166666666666,173.12165331833933,147.03104910714293,150.23796020955837
2026-01-26 19:00:00,4,151.92916666666667,29.680833333333336,196.21814486241936,202.8803685897436,171.82791488753503
2026-01-26 20:00:00,4,191.9375,41.693333333333335,186.38448935131652,140.91379449838186,166.23176388926083
2026-01-26 21:00:00,4,102.74583333333334,37.22916666666666,158.27929703980496,140.91379449838186,143.52127225552726
2026-01-26 22:00:00,4,129.19333333333333,34.705,146.09148504239886,140.91379449838186,132.60112963998122
2026-01-26 23:00:00,4,65.62083333333334,32.4,133.32479602054622,138.72073099415206,120.18633474706641
2026-01-27 00:00:00,4,61.6,42.90083333333333,137.6526180199807,138.72073099415206,120.21467207378254
2026-01-27 01:00:00,4,56.307500000000005,48.78666666666667,154.00073924846907,102.85364449213165,115.70356393766325
2026-01-27 02:00:00,4,54.45249999999999,52.35833333333333,148.20821168125468,102.85364449213165,108.46496575480973
2026-01-27 03:00:00,4,52.10416666666666,57.68416666666667,142.49573909576048,86.73105769230769,103.58558179259921
2026-01-27 04:00:00,4,49.70166666666666,64.05666666666667,135.43345047728076,86.73105769230769,108.79558859519784
2026-01-27 05:00:00,4,48.32083333333333,68.44666666666667,143.67196440200382,102.85364449213165,122.93006468425425
2026-01-27 06:00:00,4,47.7625,72.65416666666667,151.8380142588245,102.85364449213165,136.80353981714012
2026-01-27 07:00:00,4,19.171666666666667,60.81916666666667,115.55514282652152,154.97251333333335,104.40423538383111
2026-01-27 08:00:00,4,23.724166666666665,41.50333333333333,86.53675446673411,87.7563430420712,65.47956535294718
2026-01-27 09:00:00,4,34.5525,7.06,47.70776167062833,47.462782152230965,39.83712111015435
2026-01-27 10:00:00,4,34.30083333333334,2.6508333333333334,18.925683536663534,0.6966527001862205,26.45626957419305
2026-01-27 11:00:00,4,22.02083333333333,5.239166666666667,29.697322716653844,42.72338235294116,33.72951660530663
2026-01-27 12:00:00,4,17.9925,5.229166666666667,58.39477759014676,48.28743644067798,52.05223856098789
2026-01-27 13:00:00,4,26.94333333333333,4.888333333333334,99.11018056513039,83.73286666666668,76.40445679898627
2026-01-27 14:00:00,4,64.47166666666666,7.138333333333333,143.11199094616217,83.73286666666668,105.68826256239012
2026-01-27 15:00:00,4,116.87833333333332,9.42,195.50395871222435,202.8803685897436,140.21372499018216
2026-01-27 16:00:00,4,283.72166666666664,27.44833333333333,247.48549271502696,202.8803685897436,175.30289098028084
2026-01-27 17:00:00,4,455.035,54.193333333333335,286.9034495482033,202.8803685897436,207.56629827369835
2026-01-27 18:00:00,4,1115.3233333333335,61.78416666666666,311.3175323988757,202.8803685897436,215.7242596064813
2026-01-27 19:00:00,4,502.7791666666666,66.695,294.2918317150197,202.8803685897436,206.9755922823074
2026-01-27 20:00:00,4,237.63583333333327,69.86,284.5357728729856,202.8803685897436,203.9385459213773
2026-01-27 21:00:00,4,115.38916666666668,68.33833333333332,222.37933276079357,202.8803685897436,180.14380974499926
2026-01-27 22:00:00,4,110.66083333333334,66.37416666666667,170.46290996829555,202.8803685897436,155.43686770094973
2026-01-27 23:00:00,4,141.0025,63.93333333333334,163.15411878431377,140.91379449838186,153.79089180607656
2026-01-28 00:00:00,4,95.94333333333331,63.35666666666666,164.2028826295083,185.2090870488324,149.07155301107161
2026-01-28 01:00:00,4,91.43333333333334,61.95916666666667,174.9629353014031,154.97251333333335,144.45270935027762
2026-01-28 02:00:00,4,89.0125,59.66583333333333,137.98812130585196,154.97251333333335,132.97490528582716
2026-01-28 03:00:00,4,97.73,61.17250000000001,117.20990151284317,102.85364449213165,127.75429695589429
2026-01-28 04:00:00,4,96.1625,69.24583333333334,93.83461544996678,82.04663095238092,119.10717119713564
2026-01-28 05:00:00,4,103.455,75.27666666666667,93.29333879254929,100.68405228758171,123.7730609346825
2026-01-28 06:00:00,4,136.11249999999998,89.96666666666665,123.88340259252215,154.97251333333335,144.52449403398714
2026-01-28 07:00:00,4,134.98999999999998,76.13000000000001,138.0269708263914,140.91379449838186,133.5997961327699
2026-01-28 08:00:00,4,52.82083333333333,40.865833333333335,113.84657632835595,81.8020303030303,97.28563071191138
2026-01-28 09:00:00,4,22.3475,14.274166666666666,80.41590031630588,81.8020303030303,56.204110039824414
2026-01-28 10:00:00,4,5.55,0.2291666666666667,45.4846015041097,47.462782152230965,26.38094402850161
2026-01-28 11:00:00,4,9.351666666666668,-6.0225,31.322305188782856,0.6966527001862205,22.22320078852583
2026-01-28 12:00:00,4,9.155833333333334,-8.493333333333334,40.26900356245376,22.240525000000005,20.810913801808596
2026-01-28 13:00:00,4,8.470833333333333,-10.034166666666666,54.21851180417943,22.240525000000005,33.355648597028626
2026-01-28 14:00:00,4,12.4275,-10.4425,36.856145761514185,0.6966527001862205,25.36670865992734
2026-01-28 15:00:00,4,33.00416666666667,-10.2075,47.00230022096764,42.72338235294116,36.551478814666574
2026-01-28 16:00:00,4,50.51583333333334,-17.19333333333333,77.2451587906319,48.28743644067798,52.64232577880234
2026-01-28 17:00:00,4,28.89833333333333,-9.546666666666669,93.07187004244474,48.28743644067798,61.757217923081456
2026-01-28 18:00:00,4,64.91666666666667,-6.339166666666667,115.16911207368844,48.28743644067798,75.38054066123466
2026-01-28 19:00:00,4,70.90666666666667,-2.8175000000000003,122.25379555673271,48.28743644067798,84.59722913029164
2026-01-28 20:00:00,4,67.61333333333333,-0.535,131.30428434142144,127.66399382716045,109.50259646445431
2026-01-28 21:00:00,4,62.3225,4.230833333333334,113.97514279857478,81.8020303030303,100.04508279937042
2026-01-28 22:00:00,4,45.51499999999999,-1.4258333333333333,86.08134802041229,81.8020303030303,80.03720234192245
2026-01-28 23:00:00,4,28.084166666666665,0.1174999999999999,69.72786513575696,69.84961111111119,71.65385880270371
2026-01-29 00:00:00,4,20.36,9.15,73.04074339340222,69.84961111111119,72.47515290872335
2026-01-29 01:00:00,4,17.065833333333334,10.3375,78.58015644639983,69.84961111111119,66.59599740719774
2026-01-29 02:00:00,4,18.63,10.985,68.3663231094157,38.21341820987654,67.82502225882136
2026-01-29 03:00:00,4,11.388333333333334,10.5175,48.911193477347624,38.21341820987654,60.300762283022635
2026-01-29 04:00:00,4,8.549166666666666,12.3175,40.80668335285366,38.21341820987654,62.1574302362057
2026-01-29 05:00:00,4,13.404166666666669,11.7575,53.878599833355025,38.21341820987654,80.9648277971678
2026-01-29 06:00:00,4,44.85,10.261666666666663,86.87999708013655,69.84961111111119,110.64667182799867
2026-01-29 07:00:00,4,39.75083333333333,12.774166666666666,111.17956456789676,81.8020303030303,105.17526239315096
2026-01-29 08:00:00,4,12.808333333333332,-6.578333333333333,107.39571243792213,87.7563430420712,73.57873634982472
2026-01-29 09:00:00,4,19.114166666666662,-13.088333333333331,92.0098100923054,76.83513784461151,51.57466451163302
2026-01-29 10:00:00,4,16.68,-20.04833333333333,60.34921088767467,28.897838050314473,25.470134005415474
2026-01-29 11:00:00,4,14.901666666666666,-23.17,32.67034922538997,-0.7757727272727272,7.8707516106019
2026-01-29 12:00:00,4,14.066666666666668,-24.930833333333336,23.436530602699598,-0.7757727272727272,-2.3957512670617973
2026-01-29 13:00:00,4,19.34,-27.231666666666666,19.06601030788093,-13.446931599229288,1.5181153467449207
2026-01-29 14:00:00,4,29.771666666666665,-23.62833333333333,51.64541690900893,47.462782152230965,30.361892630983668
2026-01-29 15:00:00,4,55.925,-15.034166666666666,93.72181768917042,81.8020303030303,68.27138193458853
2026-01-29 16:00:00,4,33.4625,-10.823333333333332,96.9521347739578,81.8020303030303,75.84667276961426
2026-01-29 17:00:00,4,28.5825,-6.2875000000000005,110.49415744350677,127.66399382716045,79.68321613082796
2026-01-29 18:00:00,4,64.68416666666667,-3.240833333333333,132.6899879401079,127.66399382716045,103.71016851791416
2026-01-29 19:00:00,4,92.0325,6.491666666666667,128.47118465825693,127.66399382716045,120.48428673136777
2026-01-29 20:00:00,4,94.59666666666668,24.605833333333333,133.580813017271,140.91379449838186,142.83341966271885
2026-01-29 21:00:00,4,96.49083333333334,19.08,131.16334027006332,140.91379449838186,138.75042135773634
2026-01-29 22:00:00,4,95.47166666666668,19.166666666666668,122.13675042999598,138.72073099415206,128.8500166839621
2026-01-29 23:00:00,4,84.83583333333333,30.81583333333333,102.3490806422625,102.85364449213165,115.38405943904135
2026-01-30 00:00:00,4,91.87166666666668,29.29583333333333,106.94349254319906,138.72073099415206,119.58632490619509
2026-01-30 01:00:00,4,75.90083333333332,36.318333333333335,128.32793289846578,102.85364449213165,121.91088280926348
2026-01-30 02:00:00,4,71.33083333333333,24.618333333333336,123.52331481459694,102.85364449213165,119.18849430566056
2026-01-30 03:00:00,4,77.23916666666666,30.57083333333333,120.33979724101366,102.85364449213165,115.52183747096512
2026-01-30 04:00:00,4,83.5,35.94,109.3884779719175,102.85364449213165,119.49584010352908
2026-01-30 05:00:00,4,100.80666666666669,38.744166666666665,91.66439148669664,102.85364449213165,124.45241885065741
2026-01-30 06:00:00,4,111.79833333333332,48.9875,115.98124697839933,154.97251333333335,140.55264296334133
2026-01-30 07:00:00,4,112.695,28.096666666666664,149.42891282925825,120.50301779935275,128.76361752234095
2026-01-30 08:00:00,4,92.81416666666668,-1.7633333333333334,160.04947199926508,120.50301779935275,96.69571825488836
2026-01-30 09:00:00,4,74.99416666666666,-6.13,141.63665422098347,120.50301779935275,75.26511420890468
2026-01-30 10:00:00,4,80.87166666666667,-6.7425,113.7706398134417,120.50301779935275,60.49246746549339
2026-01-30 11:00:00,4,91.2225,-7.945833333333333,96.80475973349172,76.83513784461151,51.62096470477596
2026-01-30 12:00:00,4,103.7125,-7.673333333333333,91.82068721841259,76.83513784461151,47.19410506104347
2026-01-30 13:00:00,4,104.5825,-6.4375,95.2650217956039,87.7563430420712,50.8377776559779
2026-01-30 14:00:00,4,84.48166666666667,0.1541666666666664,94.50049353110471,81.8020303030303,57.83149385042667
2026-01-30 15:00:00,4,56.5725,2.480833333333333,103.58249848034694,127.66399382716045,75.92448363858905
2026-01-30 16:00:00,4,94.03166666666668,0.4299999999999997,137.71672705634342,127.66399382716045,115.89892369478014
2026-01-30 17:00:00,4,106.885,5.4558333333333335,180.85215073159702,202.8803685897436,152.97000434769774
2026-01-30 18:00:00,4,120.7275,24.570833333333336,207.37160602236202,202.8803685897436,163.882795608994
2026-01-30 19:00:00,4,134.76583333333335,54.748333333333335,206.97783912054186,202.8803685897436,191.03159463202937
2026-01-30 20:00:00,4,123.79,61.48166666666666,190.47941827483004,202.8803685897436,192.04190479486613
2026-01-30 21:00:00,4,103.945,55.82583333333333,177.48717718292863,140.91379449838186,181.07965898693845
2026-01-30 22:00:00,4,100.36333333333334,46.6325,147.4822070524827,140.91379449838186,160.99986805458735
2026-01-30 23:00:00,4,93.49833333333332,36.88833333333333,118.305146026649,118.26217948717947,145.05221222096918
2026-01-31 00:00:00,4,104.305,17.794166666666666,108.1232223528859,118.26217948717947,142.760024250429
2026-01-31 01:00:00,4,114.415,14.695833333333333,126.45165913964041,154.97251333333335,134.5941718446189
2026-01-31 02:00:00,4,116.18583333333332,23.296666666666667,124.49174791607375,125.27169963369965,130.70634641234005
2026-01-31 03:00:00,4,100.3075,19.18,111.3307964774758,125.27169963369965,124.49481968279561
2026-01-31 04:00:00,4,103.235,19.1475,102.27519064562942,125.27169963369965,122.24095112912642
2026-01-31 05:00:00,4,120.19083333333332,19.694166666666664,98.49309803691446,125.27169963369965,121.92982724613117
2026-01-31 06:00:00,4,142.95166666666668,14.24,101.38132061019462,125.27169963369965,125.68502697872088
2026-01-31 07:00:00,4,144.70833333333334,-0.4583333333333332,107.78481283227214,76.83513784461151,104.5257985660709
2026-01-31 08:00:00,4,193.9466666666667,-7.665,107.62681705097846,76.83513784461151,67.01323026254325
2026-01-31 09:00:00,4,153.57,-6.743333333333333,109.56893557610772,76.83513784461151,43.10338723857936
2026-01-31 10:00:00,4,32.204166666666666,-7.083333333333333,82.2199232113162,44.38447194719471,25.08749309285227
2026-01-31 11:00:00,4,31.710833333333337,-8.3725,48.027316757922435,12.87000651041667,12.01254386190356
2026-01-31 12:00:00,4,38.38583333333333,-8.919166666666667,40.637557669467114,28.897838050314473,16.09382873832488
2026-01-31 13:00:00,4,46.3825,-10.0225,54.34886386735591,28.897838050314473,27.630254716945508
2026-01-31 14:00:00,4,65.58833333333332,-6.966666666666666,117.15171940578969,81.8020303030303,72.56289818942986
2026-01-31 15:00:00,4,35.723333333333336,-2.1925000000000003,83.44547163099223,81.8020303030303,54.195061697776666
2026-01-31 16:00:00,4,15.4575,20.13416666666667,74.76603625750397,42.72338235294116,55.48019429277677
2026-01-31 17:00:00,4,11.445,59.96333333333333,77.65068014039984,42.72338235294116,59.031389329161314
2026-01-31 18:00:00,4,43.8775,72.60166666666667,94.34457978571886,127.66399382716045,81.71977769178739
2026-01-31 19:00:00,4,86.39,103.7925,90.35508176907071,127.66399382716045,78.78103664051136
2026-01-31 20:00:00,4,78.4525,123.0825,90.46177054688279,81.8020303030303,89.00395482597538
2026-01-31 21:00:00,4,66.1875,118.91416666666667,65.57223908490603,81.8020303030303,71.03348908480777
2026-01-31 22:00:00,4,34.7,118.825,41.93141894551468,69.84961111111119,55.02007578551446
2026-01-31 23:00:00,4,34.634166666666665,110.8025,20.25409521125686,22.240525000000005,41.805784759615946
2026-02-01 00:00:00,4,45.97166666666666,89.77083333333333,13.022043238462999,22.240525000000005,41.7361923936903
2026-02-01 01:00:00,4,31.992500000000003,82.225,31.16084921565661,45.889693877551025,46.530248855407734
2026-02-01 02:00:00,4,33.70583333333333,86.66250000000001,25.06286669314151,45.889693877551025,46.49721861192549
2026-02-01 03:00:00,4,28.4225,85.60583333333334,24.51046697997701,54.84579301075266,48.81130228764995
2026-02-01 04:00:00,4,33.865833333333335,77.03833333333333,21.635124122394252,46.1234159779614,51.007984916108704
2026-02-01 05:00:00,4,20.255,64.83083333333333,15.686553605001542,46.1234159779614,48.808271135044514
2026-02-01 06:00:00,4,14.346666666666666,64.29083333333334,3.6753240973673655,54.84579301075266,41.446518231628886
2026-02-01 07:00:00,4,28.3775,34.31166666666667,-18.36730275201917,45.889693877551025,11.235907173209782
2026-02-01 08:00:00,4,36.43833333333333,21.98,-27.851375979547242,-6.231011450381684,-9.732658559873911
2026-02-01 09:00:00,4,-6.05,19.77833333333333,-53.55247612167152,-37.110074309978785,-30.520785454313327
2026-02-01 10:00:00,4,-8.785833333333334,0.5483333333333333,-71.96797233865934,-37.110074309978785,-38.477574732555226
2026-02-01 11:00:00,4,-29.534166666666668,-1.9358333333333333,-73.21328961478144,-37.66239795918366,-39.42364535120173
2026-02-01 12:00:00,4,-44.9275,-4.333333333333333,-105.73113533989621,-37.66239795918366,-50.69050326042294
2026-02-01 13:00:00,4,-52.30833333333334,-5.275,-114.01277216325565,-37.66239795918366,-53.37916365796384
2026-02-01 14:00:00,4,-48.78916666666667,-6.1066666666666665,-91.52325793434036,-37.110074309978785,-45.47797999513992
2026-02-01 15:00:00,4,-28.469166666666663,-0.0141666666666664,-85.46541043876769,-37.110074309978785,-41.07403909170041
2026-02-01 16:00:00,4,-29.840833333333336,14.885833333333332,-76.92711613763021,-27.900319940476184,-40.153513126151665
2026-02-01 17:00:00,4,-17.008333333333333,31.6075,-62.84423576247494,-14.489924242424241,-36.946548723425636
2026-02-01 18:00:00,4,-10.394166666666669,82.2725,-37.947923129454196,-14.489924242424241,-30.1836043069474
2026-02-01 19:00:00,4,-7.495833333333334,144.66,-24.78255291933877,-14.489924242424241,-18.781074682612214
2026-02-01 20:00:00,4,-3.3375,127.25,-4.532890083113756,0.6966527001862205,-5.783802445658608
2026-02-01 21:00:00,4,2.6016666666666666,107.275,-2.92843115637433,0.6966527001862205,-4.32548714318682
2026-02-01 22:00:00,4,7.039166666666667,81.14833333333333,-26.075066960397706,0.0844141914191424,-8.485722140853952
2026-02-01 23:00:00,4,4.234166666666667,67.845,-34.87890926024269,-7.55362612612613,-7.147959214696911
2026-02-02 00:00:00,4,11.295833333333334,66.40333333333334,-22.03850851905929,0.0844141914191424,3.970753405329887
2026-02-02 01:00:00,4,10.123333333333331,37.4975,-6.15389411834623,-7.55362612612613,10.047243016148002
2026-02-02 02:00:00,4,10.155,28.9575,-10.677708726060075,12.530870165745865,14.026144612930409
2026-02-02 03:00:00,4,9.006666666666666,38.1375,-13.471251428030882,13.067591666666663,20.6655114989899
2026-02-02 04:00:00,4,13.319166666666666,44.428333333333335,-5.797038678456815,45.889693877551025,31.22943425955505
2026-02-02 05:00:00,4,23.38166666666667,49.10416666666666,15.684904058434014,54.84579301075266,53.679133489719376
2026-02-02 06:00:00,4,42.134166666666665,45.67666666666667,43.61862397592219,69.84961111111119,81.97758224331093
2026-02-02 07:00:00,4,40.96333333333333,16.6225,55.12000193524695,81.8020303030303,71.27483939195704
2026-02-02 08:00:00,4,-2.770833333333333,1.12,28.747027783713733,47.462782152230965,28.8036262270503
2026-02-02 09:00:00,4,-12.0775,1.1125,-4.148118290590347,-6.231011450381684,-8.019645795729957
2026-02-02 10:00:00,4,-11.865833333333333,-2.0391666666666666,-27.691817676002486,-23.35937584345478,-26.929014920176144
2026-02-02 11:00:00,4,-13.4775,-5.608333333333333,-42.11378041728946,-23.35937584345478,-37.0138035596366
2026-02-02 12:00:00,4,-15.024166666666666,-2.6508333333333334,-57.21071445256442,-49.80529647435898,-42.662009287636735
2026-02-02 13:00:00,4,-17.108333333333334,-0.8658333333333333,-64.08572056354757,-49.80529647435898,-50.17130443365291
2026-02-02 14:00:00,4,-13.065833333333332,4.433333333333334,-64.35959218534163,-49.80529647435898,-46.87506523627728
2026-02-02 15:00:00,4,-10.61,30.5325,-63.36625802034695,-49.80529647435898,-44.40516930631635
2026-02-02 16:00:00,4,-8.701666666666666,29.3875,-42.727016614229385,-23.35937584345478,-31.649284496553292
2026-02-02 17:00:00,4,-7.006666666666667,96.06666666666666,-26.590400859293126,-6.231011450381684,-17.511022422523638
2026-02-02 18:00:00,4,2.3925,110.34833333333334,4.411008541430178,-14.489924242424241,0.8621988033607124
2026-02-02 19:00:00,4,44.68083333333333,151.92916666666667,50.35607503571376,42.72338235294116,36.7884163950337
2026-02-02 20:00:00,4,61.4575,191.9375,71.84655275511099,81.8020303030303,69.35070184620321
2026-02-02 21:00:00,4,60.62833333333333,102.74583333333334,68.98549678448515,81.8020303030303,74.18764453853096
2026-02-02 22:00:00,4,29.94,129.19333333333333,52.6809594790674,69.84961111111119,66.26898357552216
2026-02-02 23:00:00,4,15.765,65.62083333333334,49.45472016381987,84.4826375404531,74.07284684508964
2026-02-03 00:00:00,4,47.96833333333333,61.6,69.78196317027589,125.27169963369965,94.50772663973692
2026-02-03 01:00:00,4,56.97666666666667,56.307500000000005,111.85758150636558,117.06158759124092,105.27415228853604
2026-02-03 02:00:00,4,55.34916666666666,54.45249999999999,129.0447553271744,100.83382800608821,108.4015179758304
2026-02-03 03:00:00,4,54.223333333333336,52.10416666666666,122.20194095575589,100.83382800608821,104.92741852254211
2026-02-03 04:00:00,4,58.895833333333336,49.70166666666666,105.75662052973621,117.06158759124092,104.96436590193704
2026-02-03 05:00:00,4,60.626666666666665,48.32083333333333,98.26948639173916,117.06158759124092,107.88085820577032
2026-02-03 06:00:00,4,51.5275,47.7625,104.78326024326057,125.27169963369965,123.30746762236299
2026-02-03 07:00:00,4,30.6125,19.171666666666667,77.45900366921879,82.04663095238092,81.40325609656685
2026-02-03 08:00:00,4,2.8016666666666663,23.724166666666665,34.4387229501744,47.462782152230965,26.593875169969074
2026-02-03 09:00:00,4,-5.734166666666667,34.5525,-44.09750696366535,-14.489924242424241,-13.00495525650166
2026-02-03 10:00:00,4,-6.7375,34.30083333333334,-80.94078863104528,-37.110074309978785,-33.719984502838514
2026-02-03 11:00:00,4,-6.7941666666666665,22.02083333333333,-99.75701451444007,-49.80529647435898,-44.298353671451494
2026-02-03 12:00:00,4,-7.538333333333333,17.9925,-97.69204770690459,-49.80529647435898,-48.300175645164444
2026-02-03 13:00:00,4,-8.705,26.94333333333333,-84.92816462795832,-49.80529647435898,-47.597136124235035
2026-02-03 14:00:00,4,-6.65,64.47166666666666,-58.44856187295673,-23.35937584345478,-38.49632743637994
2026-02-03 15:00:00,4,-0.4166666666666667,116.87833333333332,-27.175759614070643,-23.35937584345478,-20.975144866417182
2026-02-03 16:00:00,4,36.29416666666666,283.72166666666664,31.626996286648108,-6.231011450381684,24.379470204748053
2026-02-03 17:00:00,4,70.55333333333333,455.035,96.84275847116741,81.8020303030303,78.35817817023593
2026-02-03 18:00:00,4,87.03083333333332,1115.3233333333335,147.37191655628305,124.83673742138365,126.55642812775002
2026-02-03 19:00:00,4,100.36666666666667,502.7791666666666,152.6576325020268,140.91379449838186,147.66702714523922
2026-02-03 20:00:00,4,95.6225,237.63583333333327,137.6759481073505,140.91379449838186,148.38531967299917
2026-02-03 21:00:00,4,89.115,115.38916666666668,138.9661359508624,140.91379449838186,143.2108483084296
2026-02-03 22:00:00,4,80.17583333333333,110.66083333333334,124.06080265559169,138.72073099415206,126.15489809583534
2026-02-03 23:00:00,4,90.74833333333332,141.0025,92.60373198602811,125.27169963369965,107.35376056826848
2026-02-04 00:00:00,4,97.47916666666669,95.94333333333331,70.16287126710897,82.04663095238092,103.52815782937236
2026-02-04 01:00:00,4,89.11333333333333,91.43333333333334,71.3417929131924,82.04663095238092,81.15387012918598
2026-02-04 02:00:00,4,82.94333333333333,89.0125,45.89621389703028,45.889693877551025,64.32930649205277
2026-02-04 03:00:00,4,79.27166666666666,97.73,24.86277706659053,45.889693877551025,50.50133615680454
2026-02-04 04:00:00,4,74.8275,96.1625,16.182261198974842,12.530870165745865,45.578656705493046
2026-02-04 05:00:00,4,76.4725,103.455,18.447476398281438,12.530870165745865,50.07321308462362
2026-02-04 06:00:00,4,77.18833333333333,136.11249999999998,35.08110579954907,69.84961111111119,61.11010638618049
2026-02-04 07:00:00,4,53.70249999999999,134.98999999999998,41.112750822550574,81.8020303030303,52.133851484308636
2026-02-04 08:00:00,4,1.7141666666666666,52.82083333333333,15.080591602358787,22.240525000000005,27.89824340534397
2026-02-04 09:00:00,4,-1.5766666666666669,22.3475,-0.45637576418366166,0.6966527001862205,14.628767740540098
2026-02-04 10:00:00,4,-0.6308333333333334,5.55,1.2048563328301896,0.6966527001862205,15.90103663206424
2026-02-04 11:00:00,4,23.329166666666666,9.351666666666668,29.338078407347425,42.72338235294116,35.523455038459616
2026-02-04 12:00:00,4,55.79749999999999,9.155833333333334,49.976688412089985,81.8020303030303,48.97910894674557
2026-02-04 13:00:00,4,40.365833333333335,8.470833333333333,66.56984753848077,81.8020303030303,64.11653010713852
2026-02-04 14:00:00,4,36.009166666666665,12.4275,83.61774764283811,76.83513784461151,76.96374849181998
2026-02-04 15:00:00,4,64.35416666666667,33.00416666666667,92.88870227017858,81.8020303030303,83.31140211763116
2026-02-04 16:00:00,4,83.05666666666666,50.51583333333334,93.25668185668984,81.8020303030303,83.19115790715276
2026-02-04 17:00:00,4,95.37666666666668,28.89833333333333,105.93835843746153,81.8020303030303,96.01337574999509
2026-02-04 18:00:00,4,136.04916666666665,64.91666666666667,112.89258171647566,127.66399382716045,108.51497319443293
2026-02-04 19:00:00,4,177.5275,70.90666666666667,128.69302501502253,140.91379449838186,138.06157240177026
2026-02-04 20:00:00,4,157.12416666666667,67.61333333333333,148.69213047727573,185.2090870488324,160.050864377332
2026-02-04 21:00:00,4,146.32500000000002,62.3225,121.58046753829356,138.72073099415206,136.16259883698422
2026-02-04 22:00:00,4,141.19833333333335,45.51499999999999,91.64084696776457,125.27169963369965,112.48639806590606
2026-02-04 23:00:00,4,108.29833333333332,28.084166666666665,81.7445857875693,125.27169963369965,106.0226219735942
2026-02-05 00:00:00,4,123.18,20.36,76.4832414353568,125.27169963369965,106.69131736155444
2026-02-05 01:00:00,4,123.07083333333333,17.065833333333334,69.31555323912303,84.4826375404531,83.75099102534924
2026-02-05 02:00:00,4,126.02083333333331,18.63,54.670201462785116,84.4826375404531,76.69131663157519
2026-02-05 03:00:00,4,128.0641666666667,11.388333333333334,53.70398602803471,75.94922275641024,83.913292902583
2026-02-05 04:00:00,4,137.5025,8.549166666666666,57.39263340276945,86.73105769230769,92.10694225031932
2026-02-05 05:00:00,4,151.31916666666666,13.404166666666669,56.14835839067359,86.73105769230769,96.90404873124142
2026-02-05 06:00:00,4,176.94083333333333,44.85,75.47960412715037,125.27169963369965,119.38884367092547
2026-02-05 07:00:00,4,148.80583333333334,39.75083333333333,95.85747792906714,125.27169963369965,113.73358515602601
2026-02-05 08:00:00,4,55.458333333333336,12.808333333333332,98.40271823147498,76.83513784461151,77.95749928043152
2026-02-05 09:00:00,4,38.2625,19.114166666666662,68.38174569879487,76.83513784461151,34.5246217435348
2026-02-05 10:00:00,4,29.468333333333334,16.68,42.79911034408008,10.796803160919536,18.697965017534884
2026-02-05 11:00:00,4,16.536666666666665,14.901666666666666,9.999318611696388,-0.7757727272727272,-2.8168431226916795
2026-02-05 12:00:00,4,10.5825,14.066666666666668,-3.1703554971608696,-0.7757727272727272,-13.850710538284972
2026-02-05 13:00:00,4,11.8275,19.34,-10.059223526945672,-13.446931599229288,-13.733898229849729
2026-02-05 14:00:00,4,11.935,29.771666666666665,-14.968623562331004,-23.35937584345478,-18.2402781217462
2026-02-05 15:00:00,4,-60.37416666666667,55.925,-12.597254779703803,-13.446931599229288,-16.238558247150507
2026-02-05 16:00:00,4,-1.695833333333333,33.4625,-1.4696443823972771,-13.446931599229288,-5.214673954925473
2026-02-05 17:00:00,4,10.902499999999998,28.5825,29.819270139040597,22.240525000000005,19.733587545698946
2026-02-05 18:00:00,4,30.655833333333334,64.68416666666667,67.24688391617558,42.72338235294116,49.299858327835
2026-02-05 19:00:00,4,128.4175,92.0325,96.24860365586301,81.8020303030303,80.03238908085075
2026-02-05 20:00:00,4,136.5975,94.59666666666668,109.60739304334352,81.8020303030303,104.16111952103486
2026-02-05 21:00:00,4,121.5875,96.49083333333334,99.07337106542397,81.8020303030303,100.54244969064416
2026-02-05 22:00:00,4,104.03416666666668,95.47166666666668,86.90672593345047,100.68405228758171,93.96493198807268
2026-02-05 23:00:00,4,100.7275,84.83583333333333,75.07472404316123,100.68405228758171,85.06170304465192
2026-02-06 00:00:00,4,106.17333333333332,91.87166666666668,70.72450853467635,100.68405228758171,88.44624657629984
2026-02-06 01:00:00,4,127.20333333333332,75.90083333333332,102.57509914383081,125.27169963369965,101.89871446276237
2026-02-06 02:00:00,4,130.13833333333332,71.33083333333333,95.68313540561707,86.73105769230769,104.36121292813536
2026-02-06 03:00:00,4,139.04666666666665,77.23916666666666,91.73210849943774,86.73105769230769,101.81929313507999
2026-02-06 04:00:00,4,151.92833333333334,83.5,93.30142548446717,86.73105769230769,106.00961411067264
2026-02-06 05:00:00,4,157.95333333333335,100.80666666666669,104.15636372077205,86.73105769230769,116.38134666444263
2026-02-06 06:00:00,4,176.16,111.79833333333332,133.0155114468203,125.27169963369965,139.04895118981216
2026-02-06 07:00:00,4,123.775,112.695,146.18858803096413,154.97251333333335,126.29482211696546
2026-02-06 08:00:00,4,56.33583333333333,92.81416666666668,115.06765309140599,76.83513784461151,65.70512064057452
2026-02-06 09:00:00,4,47.88333333333333,74.99416666666666,82.70852811353613,44.38447194719471,28.783079728418173
2026-02-06 10:00:00,4,30.85,80.87166666666667,54.887739997925166,12.87000651041667,12.281939439487488
2026-02-06 11:00:00,4,6.344166666666666,91.2225,24.82402128275895,1.0285140562248982,-3.587941662310186
2026-02-06 12:00:00,4,18.581666666666667,103.7125,4.489141699189062,1.0285140562248982,-17.45047276349655
2026-02-06 13:00:00,4,-59.6075,104.5825,-5.676580979876746,-17.311958598726125,-25.798515389809353
2026-02-06 14:00:00,4,-16.8,84.48166666666667,3.047524218060275,1.0285140562248982,-20.606137879138075
2026-02-06 15:00:00,4,8.1175,56.5725,7.154478748570753,-23.35937584345478,-13.951611453557987
2026-02-06 16:00:00,4,86.30666666666667,94.03166666666668,25.91625990507402,-6.231011450381684,12.076265150775292
2026-02-06 17:00:00,4,92.56666666666666,106.885,56.18997024856375,47.462782152230965,41.19535398079976
2026-02-06 18:00:00,4,89.32083333333333,120.7275,96.96117239800785,81.8020303030303,71.90007064315213
2026-02-06 19:00:00,4,115.52166666666666,134.76583333333335,126.78625597927785,127.66399382716045,97.86785203807274
2026-02-06 20:00:00,4,97.44916666666666,123.79,121.68444067551135,81.8020303030303,103.99574238138308
2026-02-06 21:00:00,4,84.375,103.945,111.49906928985729,81.8020303030303,97.87473459084148
2026-02-06 22:00:00,4,81.375,100.36333333333334,98.49654907143538,100.68405228758171,93.08441687343834
2026-02-06 23:00:00,4,76.09,93.49833333333332,87.73092125935906,125.27169963369965,92.3199373682154
2026-02-07 00:00:00,4,75.79583333333333,104.305,86.45313217527868,125.27169963369965,100.1080514071619
2026-02-07 01:00:00,4,69.17583333333333,114.415,97.96773716577503,125.27169963369965,99.7052426027126
2026-02-07 02:00:00,4,74.3325,116.18583333333332,91.57962552649224,100.83382800608821,96.77995691298734
2026-02-07 03:00:00,4,78.0175,100.3075,81.60402342091953,100.83382800608821,94.87755082282979
2026-02-07 04:00:00,4,68.69583333333334,103.235,77.66321731714778,100.83382800608821,94.69088309883405
2026-02-07 05:00:00,4,60.3225,120.19083333333332,79.86813031931172,100.83382800608821,96.53655430742542
2026-02-07 06:00:00,4,65.22500000000001,142.95166666666668,85.025393777406,100.83382800608821,98.78893346542972
2026-02-07 07:00:00,4,52.54833333333334,144.70833333333334,88.57580329392265,44.38447194719471,71.41873941541085
2026-02-07 08:00:00,4,23.53333333333333,193.9466666666667,79.92376432561498,12.87000651041667,20.25740308439368
2026-02-07 09:00:00,4,16.25166666666667,153.57,42.04126393607106,12.87000651041667,-5.614266321445129
2026-02-07 10:00:00,4,9.4075,32.204166666666666,6.881018967857017,1.0285140562248982,-21.037961830158565
2026-02-07 11:00:00,4,12.285000000000002,31.710833333333337,-12.547330523059031,-17.311958598726125,-27.987437663945926
2026-02-07 12:00:00,4,29.22,38.38583333333333,-32.23710636177479,-17.311958598726125,-36.47544928593783
2026-02-07 13:00:00,4,36.388333333333335,46.3825,-31.02528498875968,-17.311958598726125,-35.76140899526372
2026-02-07 14:00:00,4,49.875,65.58833333333332,-27.003407862362053,-37.66239795918366,-32.44536239383817
2026-02-07 15:00:00,4,32.16416666666667,35.723333333333336,-10.997116205373757,-23.35937584345478,-19.69206798875237
2026-02-07 16:00:00,4,53.1575,15.4575,24.381956892141964,-6.231011450381684,6.908015221031576
2026-02-07 17:00:00,4,86.55416666666667,11.445,79.32171742352827,47.462782152230965,41.268907579952945
2026-02-07 18:00:00,4,74.99666666666667,43.8775,113.54946923701516,81.8020303030303,78.64077203084177
2026-02-07 19:00:00,4,77.4175,86.39,139.60223184807893,87.7563430420712,113.66632096976636
2026-02-07 20:00:00,4,85.7425,78.4525,152.97722420977283,118.26217948717947,133.35587978234616
2026-02-07 21:00:00,4,84.445,66.1875,149.57502325481238,138.72073099415206,131.7163039406128
2026-02-07 22:00:00,4,67.01,34.7,147.01347890590372,125.27169963369965,126.36820708355359
2026-02-07 23:00:00,4,52.20249999999999,34.634166666666665,132.6585384080273,125.27169963369965,115.50286118175529
2026-02-08 00:00:00,4,32.48500000000001,45.97166666666666,125.51539970696938,125.27169963369965,114.05787113725131
2026-02-08 01:00:00,4,43.24916666666667,31.992500000000003,137.78603083354318,100.83382800608821,105.68174560873544
2026-02-08 02:00:00,4,27.945833333333336,33.70583333333333,105.77933743545378,100.83382800608821,96.72576342776578
2026-02-08 03:00:00,4,12.783333333333331,28.4225,60.858602505929596,46.1234159779614,75.08000048478505
2026-02-08 04:00:00,4,3.806666666666666,33.865833333333335,26.987305491795603,45.889693877551025,58.584080159417965
2026-02-08 05:00:00,4,0.9216666666666664,20.255,-3.259175916672646,12.530870165745865,45.42328957501985
2026-02-08 06:00:00,4,8.17,14.346666666666666,-14.104436667993497,12.530870165745865,46.35651802770917
2026-02-08 07:00:00,4,8.95,28.3775,-25.525522775639644,-6.231011450381684,27.21916155132086
2026-02-08 08:00:00,4,5.246666666666666,36.43833333333333,-16.916376425663827,-6.231011450381684,2.1043342145035098
2026-02-08 09:00:00,4,-2.84,-6.05,-9.970447822839859,-0.7757727272727272,-8.934202936616984
2026-02-08 10:00:00,4,-5.206666666666666,-8.785833333333334,-15.672977327807985,-23.35937584345478,-17.93738451321211
2026-02-08 11:00:00,4,21.6275,-29.534166666666668,24.165091909513457,-0.7757727272727272,-0.3058372701475065
2026-02-08 12:00:00,4,27.15,-44.9275,65.86886249787169,12.87000651041667,21.313123415323226
2026-02-08 13:00:00,4,33.3025,-52.30833333333334,97.26882064210801,76.83513784461151,43.37165066584048
2026-02-08 14:00:00,4,30.32166666666667,-48.78916666666667,47.143980330877895,10.796803160919536,26.59373958365748
2026-02-08 15:00:00,4,25.734166666666667,-28.469166666666663,35.03860885577893,28.897838050314473,15.32829932868956
2026-02-08 16:00:00,4,77.33666666666666,-29.840833333333336,55.93242062065257,47.462782152230965,36.41059624901119
2026-02-08 17:00:00,4,82.1425,-17.008333333333333,144.75313193024968,127.66399382716045,107.82423215425871
2026-02-08 18:00:00,4,100.82,-10.394166666666669,215.69510647740955,124.83673742138365,157.88505315368076
2026-02-08 19:00:00,4,94.7,-7.495833333333334,224.30329772192118,124.83673742138365,163.9008818877162
2026-02-08 20:00:00,4,80.725,-3.3375,195.9524796489202,185.2090870488324,156.0571350478836
2026-02-08 21:00:00,4,72.0675,2.6016666666666666,133.57039232230653,118.26217948717947,120.78812754576109
2026-02-08 22:00:00,4,75.01416666666667,7.039166666666667,88.43063148045051,81.8020303030303,89.07446447917292
2026-02-08 23:00:00,4,95.7925,4.234166666666667,95.33024807919148,100.68405228758171,102.81555477623635
2026-02-09 00:00:00,4,103.82916666666668,11.295833333333334,116.01631599648636,125.27169963369965,115.50507227856176
2026-02-09 01:00:00,4,105.87666666666668,10.123333333333331,122.85755525308949,125.27169963369965,112.96496386600961
2026-02-09 02:00:00,4,103.25583333333331,10.155,94.92946356049713,100.83382800608821,105.0225845366673
2026-02-09 03:00:00,4,94.37166666666668,9.006666666666666,88.30397059412498,100.83382800608821,104.5013149471652
2026-02-09 04:00:00,4,98.22166666666668,13.319166666666666,93.24991542028552,100.83382800608821,109.06123319554997
2026-02-09 05:00:00,4,114.15166666666666,23.38166666666667,100.65415317860703,125.27169963369965,121.58987716276792
2026-02-09 06:00:00,4,127.76083333333334,42.134166666666665,115.82496209542674,125.27169963369965,142.73635918226998
2026-02-09 07:00:00,4,124.18166666666669,40.96333333333333,125.1513871719564,154.97251333333335,142.0160694769923
2026-02-09 08:00:00,4,91.47583333333334,-2.770833333333333,126.1370192649436,87.7563430420712,112.27011132786808
2026-02-09 09:00:00,4,97.66083333333334,-12.0775,117.88734377460379,87.7563430420712,93.7509382798949
2026-02-09 10:00:00,4,100.82166666666666,-11.865833333333333,105.41345489189061,87.7563430420712,83.50990663915587
2026-02-09 11:00:00,4,90.45666666666666,-13.4775,98.29069564935479,87.7563430420712,82.41006886782041
2026-02-09 12:00:00,4,70.77583333333332,-15.024166666666666,94.50218661004618,81.8020303030303,79.73144872167134
2026-02-09 13:00:00,4,61.67083333333333,-17.108333333333334,95.42502923508927,81.8020303030303,77.61021204553032
2026-02-09 14:00:00,4,65.94833333333334,-13.065833333333332,83.2254293913536,81.8020303030303,68.86318542781258
2026-02-09 15:00:00,4,76.70333333333333,-10.61,79.48915374011379,81.8020303030303,53.819384619521784
2026-02-09 16:00:00,4,67.17583333333333,-8.701666666666666,80.00329575393009,81.8020303030303,56.55517689699539
2026-02-09 17:00:00,4,52.590833333333336,-7.006666666666667,107.71300694685641,101.90275462962961,59.73794822790465
2026-02-09 18:00:00,4,89.66333333333334,2.3925,130.72643632932932,101.90275462962961,84.28668354558367
2026-02-09 19:00:00,4,109.98833333333334,44.68083333333333,150.78500071166383,101.90275462962961,105.88416662346387
2026-02-09 20:00:00,4,98.67916666666667,61.4575,169.94545927579094,101.90275462962961,123.33889268886159
2026-02-09 21:00:00,4,96.13166666666666,60.62833333333333,132.105255014825,101.90275462962961,116.91512238808636
2026-02-09 22:00:00,4,87.0,29.94,113.4345309711174,69.84961111111119,97.74988082412636
2026-02-09 23:00:00,4,88.92416666666666,15.765,70.07171931363347,82.04663095238092,87.05183948548205
2026-02-10 00:00:00,4,84.33333333333333,47.96833333333333,65.56531793002024,69.84961111111119,89.62186647988484
2026-02-10 01:00:00,4,95.635,56.97666666666667,79.62833068597163,84.4826375404531,76.41010017267196
2026-02-10 02:00:00,4,103.01333333333334,55.34916666666666,70.71842133191302,84.4826375404531,77.37759578392053
2026-02-10 03:00:00,4,100.73333333333332,54.223333333333336,60.14546298092183,84.4826375404531,76.8515718158482
2026-02-10 04:00:00,4,119.2125,58.895833333333336,60.22950660813146,84.4826375404531,84.32358308742087
2026-02-10 05:00:00,4,127.18083333333334,60.626666666666665,77.89980514954928,100.83382800608821,105.67803427803963
2026-02-10 06:00:00,4,137.2775,51.5275,95.94448216529061,125.27169963369965,129.30433886409548
2026-02-10 07:00:00,4,134.465,30.6125,106.10818352824526,154.97251333333335,137.4128242844673
2026-02-10 08:00:00,4,81.22083333333333,2.8016666666666663,112.52667671602451,87.7563430420712,114.26932053598375
2026-02-10 09:00:00,4,77.47583333333333,-5.734166666666667,122.60041692323261,120.50301779935275,89.99138139438726
2026-02-10 10:00:00,4,63.74,-6.7375,125.24709416954084,76.83513784461151,82.13358939712943
2026-02-10 11:00:00,4,67.78916666666667,-6.7941666666666665,113.21828181855739,76.83513784461151,76.26219781810912
2026-02-10 12:00:00,4,53.281666666666666,-7.538333333333333,97.19726333755368,76.83513784461151,68.45075154111133
2026-02-10 13:00:00,4,21.449166666666667,-8.705,69.50178673565995,30.746153846153852,49.190677827387766
2026-02-10 14:00:00,4,16.264166666666664,-6.65,70.36113609760669,30.746153846153852,27.077263231797062
2026-02-10 15:00:00,4,9.518333333333333,-0.4166666666666667,85.62842032911588,30.746153846153852,23.919571948904277
2026-02-10 16:00:00,4,21.63,36.29416666666666,169.81550166527174,30.746153846153852,52.814303477536555
2026-02-10 17:00:00,4,106.30083333333332,70.55333333333333,265.18999812746017,76.83513784461151,94.80029076581125
2026-02-10 18:00:00,4,126.74666666666668,87.03083333333332,545.187265124865,87.7563430420712,140.25152706108906
2026-02-10 19:00:00,4,146.23749999999998,100.36666666666667,335.99696622646263,162.85711257309939,173.997995099025
2026-02-10 20:00:00,4,132.73333333333332,95.6225,230.64934355175518,162.85711257309939,171.08160480758286
2026-02-10 21:00:00,4,130.30666666666667,89.115,183.4459301614806,185.2090870488324,158.3194638833464
2026-02-10 22:00:00,4,122.29916666666666,80.17583333333333,180.99733090525135,138.72073099415206,142.66014068183034
2026-02-10 23:00:00,4,120.9425,90.74833333333332,188.33772089718335,125.27169963369965,128.0208956433038
2026-02-11 00:00:00,4,130.35333333333332,97.47916666666669,148.78735970070005,125.27169963369965,124.61152544458662
2026-02-11 01:00:00,4,122.0025,89.11333333333333,142.57189361738597,125.27169963369965,115.18412886444514
2026-02-11 02:00:00,4,109.39166666666668,82.94333333333333,102.25361000752139,100.83382800608821,95.79153291986235
2026-02-11 03:00:00,4,77.0225,79.27166666666666,65.9292945623202,54.84579301075266,72.43210648735477
2026-02-11 04:00:00,4,72.77583333333332,74.8275,29.183178021527567,45.889693877551025,47.59493890725983
2026-02-11 05:00:00,4,51.15416666666667,76.4725,13.863547048926144,12.530870165745865,41.37857655857241
2026-02-11 06:00:00,4,44.46,77.18833333333333,32.82381838061115,69.84961111111119,54.556981350791304
2026-02-11 07:00:00,4,50.63666666666666,53.70249999999999,46.683011482105485,42.72338235294116,53.43312956987251
2026-02-11 08:00:00,4,26.581666666666667,1.7141666666666666,15.944388029835451,42.72338235294116,30.465053853257167
2026-02-11 09:00:00,4,10.836666666666666,-1.5766666666666669,11.761398633720496,22.240525000000005,19.563195821018887
2026-02-11 10:00:00,4,1.5391666666666666,-0.6308333333333334,10.478232010504009,47.462782152230965,18.058151395841342
2026-02-11 11:00:00,4,1.3116666666666663,23.329166666666666,41.37053841362509,47.462782152230965,32.97219726309628
2026-02-11 12:00:00,4,47.9925,55.79749999999999,86.71280288646001,81.8020303030303,68.20387957478513
2026-02-11 13:00:00,4,88.13333333333333,40.365833333333335,109.52487185617957,127.66399382716045,97.62012618930532
2026-02-11 14:00:00,4,33.487500000000004,36.009166666666665,70.34606556284254,48.28743644067798,80.3376678768057
2026-02-11 15:00:00,4,38.244166666666665,64.35416666666667,50.5432800662477,48.28743644067798,43.272400193637694
2026-02-11 16:00:00,4,31.309166666666663,83.05666666666666,94.98798699197837,48.28743644067798,53.8792280965233
2026-02-11 17:00:00,4,71.14166666666667,95.37666666666668,125.00145827099038,127.66399382716045,102.09498589072723
2026-02-11 18:00:00,4,111.5,136.04916666666665,141.07710620523386,140.91379449838186,135.52982542200198
2026-02-11 19:00:00,4,90.13166666666666,177.5275,134.26885091232168,118.26217948717947,128.67492425722733
2026-02-11 20:00:00,4,114.54416666666668,157.12416666666667,92.37367929922279,81.8020303030303,79.76113772448171
2026-02-11 21:00:00,4,121.40916666666668,146.32500000000002,77.6555177403229,69.84961111111119,67.65333683579843
2026-02-11 22:00:00,4,96.62416666666668,141.19833333333335,44.9961256660777,69.84961111111119,48.89601514321785
2026-02-11 23:00:00,4,62.830000000000005,108.29833333333332,22.93987276108065,45.889693877551025,44.87389958745997
2026-02-12 00:00:00,4,65.74083333333333,123.18,19.51246446889523,45.889693877551025,52.2455241686311
2026-02-12 01:00:00,4,62.88083333333333,123.07083333333333,27.294824367046395,45.889693877551025,35.70477880550376
2026-02-12 02:00:00,4,46.678333333333335,126.02083333333331,8.853171481484168,45.889693877551025,25.411041845405883
2026-02-12 03:00:00,4,39.6375,128.0641666666667,-3.9688496236566237,13.067591666666663,21.369882081616296
2026-02-12 04:00:00,4,48.67,137.5025,-2.706664205758017,13.067591666666663,29.39536986942668
2026-02-12 05:00:00,4,44.494166666666665,151.31916666666666,20.9791500541063,54.84579301075266,55.423493224986146
2026-02-12 06:00:00,4,20.1675,176.94083333333333,55.84269861570522,69.84961111111119,81.74228340575878
2026-02-12 07:00:00,4,8.553333333333333,148.80583333333334,62.2041385675824,47.462782152230965,70.88059153989396
2026-02-12 08:00:00,4,-6.115833333333334,55.458333333333336,7.616828711088445,0.6966527001862205,6.7061795666725885
2026-02-12 09:00:00,4,-10.48,38.2625,-15.931537788706976,-14.489924242424241,-16.42135077635828
2026-02-12 10:00:00,4,-18.281666666666663,29.468333333333334,-29.767852228947348,-14.489924242424241,-26.372517623185402
2026-02-12 11:00:00,4,-13.605,16.536666666666665,-44.235808255859695,-27.900319940476184,-32.1063172187291
2026-02-12 12:00:00,4,-21.256666666666668,10.5825,-60.253716984168165,-37.110074309978785,-50.79910537524961
2026-02-12 13:00:00,4,-25.493333333333336,11.8275,-53.90943038140274,-37.110074309978785,-49.478807058141285
2026-02-12 14:00:00,4,-34.439166666666665,11.935,-60.794516544972055,-37.110074309978785,-68.21260460620698
2026-02-12 15:00:00,4,-30.256666666666664,-60.37416666666667,-51.297416927078984,-49.80529647435898,-64.16234964550904
2026-02-12 16:00:00,4,-22.625,-1.695833333333333,-39.91049636920398,-37.110074309978785,-58.182411474153895
2026-02-12 17:00:00,4,-10.646666666666668,10.902499999999998,-16.00188026232169,-27.900319940476184,-36.06897274286696
2026-02-12 18:00:00,4,8.144166666666665,30.655833333333334,30.45127567135909,-14.489924242424241,-5.708690430880694
2026-02-12 19:00:00,4,62.28083333333333,128.4175,71.25030079895755,22.240525000000005,36.511096892334045
2026-02-12 20:00:00,4,63.16,136.5975,89.68812351992406,101.90275462962961,61.6893765231568
2026-02-12 21:00:00,4,47.88,121.5875,91.31020029500263,101.90275462962961,67.9129885987244
2026-02-12 22:00:00,4,9.097499999999998,104.03416666666668,75.0016256108365,69.84961111111119,62.33975773468043
2026-02-12 23:00:00,4,8.5,100.7275,62.937940537530785,54.84579301075266,64.15710690920108
2026-02-13 00:00:00,4,23.99083333333333,106.17333333333332,72.65086700784227,69.84961111111119,77.25959295281045
2026-02-13 01:00:00,4,20.17333333333333,127.20333333333332,89.63255480123767,84.4826375404531,79.02699412734486
2026-02-13 02:00:00,4,29.95833333333333,130.13833333333332,78.94302953770945,84.4826375404531,79.91043818193157
2026-02-13 03:00:00,4,28.23,139.04666666666665,76.3513960932196,75.94922275641024,81.68327197089509
2026-02-13 04:00:00,4,21.156666666666663,151.92833333333334,76.75277668296668,100.83382800608821,87.018718120427
2026-02-13 05:00:00,4,21.0075,157.95333333333335,89.75985073316835,100.83382800608821,99.85970190675663
2026-02-13 06:00:00,4,46.53,176.16,107.27691954033082,100.68405228758171,116.24451919412812
2026-02-13 07:00:00,4,23.2175,123.775,115.21492601096332,101.90275462962961,106.23615138494421
2026-02-13 08:00:00,4,-4.6075,56.33583333333333,109.58500217263557,76.83513784461151,63.77261381435292
2026-02-13 09:00:00,4,-6.849166666666666,47.88333333333333,65.02729415773041,28.897838050314473,15.398274105632893
2026-02-13 10:00:00,4,-7.780833333333334,30.85,47.30321578573664,-6.231011450381684,-4.671618304238265
2026-02-13 11:00:00,4,-9.418333333333331,6.344166666666666,30.21863546462562,-6.231011450381684,-18.760610426103867
2026-02-13 12:00:00,4,-9.61,18.581666666666667,21.771623860555287,-23.35937584345478,-32.00328368426143
2026-02-13 13:00:00,4,-12.058333333333332,-59.6075,7.316538845099728,-23.35937584345478,-45.35424441043807
2026-02-13 14:00:00,4,-12.166666666666666,-16.8,-17.710190307452123,-49.80529647435898,-58.347073292241674
2026-02-13 15:00:00,4,-22.387500000000003,8.1175,-37.46534228689373,-49.80529647435898,-59.33911986747222
2026-02-13 16:00:00,4,-12.6325,86.30666666666667,-11.836031157014588,-37.110074309978785,-43.4725750220732
2026-02-13 17:00:00,4,-7.458333333333333,92.56666666666666,23.168818295256898,-27.900319940476184,-26.201808284568898
2026-02-13 18:00:00,4,-0.6875000000000001,89.32083333333333,61.44954691772437,8.116482300884954,7.395222265259434
2026-02-13 19:00:00,4,18.585,115.52166666666666,93.88535150875377,47.462782152230965,46.11595514491758
2026-02-13 20:00:00,4,8.119166666666667,97.44916666666666,105.33369410287911,101.90275462962961,76.18462028192688
2026-02-13 21:00:00,4,6.1925,84.375,88.56289068832311,69.84961111111119,70.59231536677741
2026-02-13 22:00:00,4,6.8308333333333335,81.375,69.64650865479733,69.84961111111119,61.01138498925425
2026-02-13 23:00:00,4,9.149166666666666,76.09,55.213898300011465,45.889693877551025,59.05134478002742
2026-02-14 00:00:00,4,13.108333333333334,75.79583333333333,62.13954346474695,54.84579301075266,70.61922166848915
2026-02-14 01:00:00,4,7.34,69.17583333333333,78.6159881761576,54.84579301075266,58.254115969453224
2026-02-14 02:00:00,4,9.145,74.3325,66.21840341247508,54.84579301075266,52.66631043044296
2026-02-14 03:00:00,4,8.949166666666665,78.0175,52.26441472804841,54.84579301075266,49.41215209191644
2026-02-14 04:00:00,4,8.861666666666666,68.69583333333334,51.76016033139576,46.1234159779614,54.68642489413105
2026-02-14 05:00:00,4,15.446666666666667,60.3225,69.71687086930925,46.1234159779614,69.05947329217858
2026-02-14 06:00:00,4,17.778333333333332,65.22500000000001,96.27784910378733,100.83382800608821,85.31156146220951
2026-02-14 07:00:00,4,16.546666666666667,52.54833333333334,108.91393464630237,100.83382800608821,74.57091797940987
2026-02-14 08:00:00,4,-7.093333333333334,23.53333333333333,123.96470603068693,12.87000651041667,36.040490705432426
2026-02-14 09:00:00,4,-6.161666666666666,16.25166666666667,100.20802480690925,12.87000651041667,0.7894478087066545
2026-02-14 10:00:00,4,-7.5225,9.4075,27.008196962883893,1.0285140562248982,-20.578843341170412
2026-02-14 11:00:00,4,-17.413333333333334,12.285000000000002,4.27396016689525,-17.311958598726125,-29.52781586576421
2026-02-14 12:00:00,4,-29.468333333333334,29.22,-7.836048859334454,-17.311958598726125,-30.155779222244405
2026-02-14 13:00:00,4,-33.100833333333334,36.388333333333335,-18.24385515726675,-84.96903333333337,-37.23624815846989
2026-02-14 14:00:00,4,-30.86583333333333,49.875,-15.705051916010433,-17.311958598726125,-41.38509701061405
2026-02-14 15:00:00,4,-20.320833333333333,32.16416666666667,-23.82936834373642,-49.80529647435898,-33.71750048160109
2026-02-14 16:00:00,4,-10.405833333333332,53.1575,-14.357466912961371,-23.35937584345478,-18.087023306607875
2026-02-14 17:00:00,4,-7.850833333333333,86.55416666666667,16.119123169353138,-6.231011450381684,6.365523007373156
2026-02-14 18:00:00,4,-1.9941666666666664,74.99666666666667,52.873607998275446,8.116482300884954,34.5744293552777
2026-02-14 19:00:00,4,17.580833333333334,77.4175,95.77906478362479,47.462782152230965,78.11526690406879
2026-02-14 20:00:00,4,30.285833333333333,85.7425,90.69373948236421,81.8020303030303,88.73569271799941
2026-02-14 21:00:00,4,33.04833333333333,84.445,95.21128918135497,100.68405228758171,100.88735683848392
2026-02-14 22:00:00,4,24.686666666666667,67.01,79.77730172497485,125.27169963369965,99.30552325294256
2026-02-14 23:00:00,4,29.0175,52.20249999999999,76.66865692019753,100.83382800608821,97.88117126121477
2026-02-15 00:00:00,4,32.65,32.48500000000001,88.94954636273867,100.83382800608821,103.30972534150645
2026-02-15 01:00:00,4,31.82583333333333,43.24916666666667,107.64797796642864,100.83382800608821,95.87202423698614
2026-02-15 02:00:00,4,36.675,27.945833333333336,97.84479186472618,100.83382800608821,91.26997619981239
2026-02-15 03:00:00,4,36.675,12.783333333333331,90.09985802980056,76.77339453860635,87.74931103410297
2026-02-15 04:00:00,4,36.67166666666667,3.806666666666666,99.78387584345006,76.77339453860635,87.17153436656781
2026-02-15 05:00:00,4,33.189166666666665,0.9216666666666664,87.11641792117257,76.77339453860635,85.55701984257502
2026-02-15 06:00:00,4,36.02916666666667,8.17,83.41208122067889,76.77339453860635,84.10519252760417
2026-02-15 07:00:00,4,22.78,8.95,81.64450157821847,76.77339453860635,61.40865858918354
2026-02-15 08:00:00,4,-3.7783333333333338,5.246666666666666,67.68734560576368,12.87000651041667,10.893324391430617
2026-02-15 09:00:00,4,-4.552499999999999,-2.84,31.116314732588698,1.0285140562248982,-17.722506605939586
2026-02-15 10:00:00,4,-6.023333333333333,-5.206666666666666,2.4547915320008826,-17.311958598726125,-21.276025256678338
2026-02-15 11:00:00,4,-6.954999999999999,21.6275,-9.765948344398439,-17.311958598726125,-16.47796406261064
2026-02-15 12:00:00,4,-8.858333333333333,27.15,-2.4860219987540546,-17.311958598726125,-0.8779934984226685
2026-02-15 13:00:00,4,-5.459166666666667,33.3025,-3.4449429959317683,-17.311958598726125,-8.599013500548025
2026-02-15 14:00:00,4,-3.5925,30.32166666666667,-6.276384558456584,1.0285140562248982,-10.540147023790055
2026-02-15 15:00:00,4,-5.553333333333334,25.734166666666667,12.945254160160069,-0.7757727272727272,1.0216067317316089
2026-02-15 16:00:00,4,-1.1758333333333335,77.33666666666666,31.642606518000584,28.897838050314473,24.286262615217332
2026-02-15 17:00:00,4,4.4925,82.1425,69.91802558983423,81.8020303030303,56.01867523003632
2026-02-15 18:00:00,4,37.67416666666667,100.82,121.67768058668061,124.83673742138365,109.88979051688241
2026-02-15 19:00:00,4,59.30083333333334,94.7,139.51432979029204,140.91379449838186,142.05066718015576
2026-02-15 20:00:00,4,57.26916666666667,80.725,135.45546119860293,140.91379449838186,142.20300799202775
2026-02-15 21:00:00,4,55.785,72.0675,113.6654293978163,140.91379449838186,125.62533267241886
2026-02-15 22:00:00,4,51.994166666666665,75.01416666666667,91.40936512932711,125.27169963369965,105.98666310785438
2026-02-15 23:00:00,4,38.95083333333333,95.7925,78.9408551053807,125.27169963369965,95.81362481699689
2026-02-16 00:00:00,4,20.595,103.82916666666668,90.91603350130845,125.27169963369965,98.00071648751356
2026-02-16 01:00:00,4,19.738333333333333,105.87666666666668,105.03302292981928,86.73105769230769,99.88203890068124
2026-02-16 02:00:00,4,18.65083333333333,103.25583333333331,86.7246918535775,86.73105769230769,92.72017089806266
2026-02-16 03:00:00,4,18.04833333333333,94.37166666666668,70.26078582813375,86.73105769230769,88.25650962508391
2026-02-16 04:00:00,4,18.996666666666663,98.22166666666668,43.474754304701236,86.73105769230769,80.71846155018262
2026-02-16 05:00:00,4,35.534166666666664,114.15166666666666,18.172610718563753,54.84579301075266,68.21225602955536
2026-02-16 06:00:00,4,49.49166666666667,127.76083333333334,30.129150457566872,69.84961111111119,77.62672902896945
2026-02-16 07:00:00,4,40.04,124.18166666666669,39.46052211242355,81.8020303030303,67.95191004287946
2026-02-16 08:00:00,4,0.8333333333333335,91.47583333333334,26.680468817792658,47.462782152230965,45.35690631194694
2026-02-16 09:00:00,4,-0.1341666666666666,97.66083333333334,-0.8303961539197786,47.462782152230965,19.838971525660646
2026-02-16 10:00:00,4,1.2475,100.82166666666666,-2.2662614367079073,8.116482300884954,16.661214330254467
2026-02-16 11:00:00,4,0.6675,90.45666666666666,-0.7087702575359742,-13.446931599229288,13.790720469698307
2026-02-16 12:00:00,4,0.45,70.77583333333332,25.745041418497365,28.897838050314473,26.662501967840576
2026-02-16 13:00:00,4,17.149166666666666,61.67083333333333,75.04750731364183,76.83513784461151,57.49936965078338
2026-02-16 14:00:00,4,42.321666666666665,65.94833333333334,131.4591852415491,120.50301779935275,92.96411171932156
2026-02-16 15:00:00,4,75.79083333333334,76.70333333333333,168.48185955821413,124.83673742138365,133.34550313012446
2026-02-16 16:00:00,4,114.10583333333334,67.17583333333333,205.1077681708411,124.83673742138365,159.48152165752447
2026-02-16 17:00:00,4,162.2,52.590833333333336,237.69997453243295,1192.5984500000002,192.18319180972495
2026-02-16 18:00:00,4,143.63166666666666,89.66333333333334,265.96077911235693,1192.5984500000002,214.47637455148475
2026-02-16 19:00:00,4,136.65833333333333,109.98833333333334,270.9206532880823,1192.5984500000002,221.71061805826872
2026-02-16 20:00:00,4,136.44083333333333,98.67916666666667,256.3066853501247,1192.5984500000002,212.76392877483775
2026-02-16 21:00:00,4,107.09166666666664,96.13166666666666,219.69428612074577,185.2090870488324,189.75666774128723
2026-02-16 22:00:00,4,64.265,87.0,162.80492065767152,185.2090870488324,155.3619670403325
2026-02-16 23:00:00,4,24.33583333333333,88.92416666666666,117.25478740855625,138.72073099415206,128.5005843150688
2026-02-17 00:00:00,4,6.8,84.33333333333333,101.06867132867805,118.26217948717947,118.44976055070956
2026-02-17 01:00:00,4,5.797499999999999,95.635,92.3668743186288,82.04663095238092,91.9112674955767
2026-02-17 02:00:00,4,0.0141666666666666,103.01333333333334,57.61319883092628,69.84961111111119,73.32891057622503
2026-02-17 03:00:00,4,-0.4383333333333333,100.73333333333332,33.90521023753912,45.889693877551025,61.94788112804791
2026-02-17 04:00:00,4,-3.4716666666666662,119.2125,18.72991550438377,12.530870165745865,54.91001617053513
2026-02-17 05:00:00,4,-1.0275,127.18083333333334,6.241420947381357,69.84961111111119,50.56193062596019
2026-02-17 06:00:00,4,4.759166666666666,137.2775,11.948530033617274,42.72338235294116,59.157426994189436
2026-02-17 07:00:00,4,9.133333333333336,134.465,16.321354721857283,42.72338235294116,56.385903193164566
2026-02-17 08:00:00,4,-2.0933333333333333,81.22083333333333,10.67001903006031,42.72338235294116,39.5154683516156
2026-02-17 09:00:00,4,-3.6533333333333338,77.47583333333333,-10.345064716183046,42.72338235294116,26.251251992578965
2026-02-17 10:00:00,4,-4.960833333333333,63.74,-20.643971713484135,0.6966527001862205,18.506130708672636
2026-02-17 11:00:00,4,-4.166666666666667,67.78916666666667,-14.950205238957707,0.6966527001862205,19.876778335442076
2026-02-17 12:00:00,4,-3.270833333333333,53.281666666666666,-11.089914192635746,42.72338235294116,25.924115716861458
2026-02-17 13:00:00,4,71.8,21.449166666666667,29.767540617885587,48.28743644067798,51.21809394772797
2026-02-17 14:00:00,4,90.5275,16.264166666666664,58.2749858955224,48.28743644067798,78.59271629284976
2026-02-17 15:00:00,4,149.48333333333332,9.518333333333333,115.51923270108223,202.8803685897436,126.1097230492136
2026-02-17 16:00:00,4,74.77499999999999,21.63,156.88557020759228,202.8803685897436,147.7270746931311
2026-02-17 17:00:00,4,114.75333333333332,106.30083333333332,199.46996745511672,202.8803685897436,157.7564302377308
2026-02-17 18:00:00,4,53.8675,126.74666666666668,191.72848705926427,147.03104910714293,163.44580807638678
2026-02-17 19:00:00,4,65.35916666666667,146.23749999999998,207.26524635910982,140.91379449838186,184.4777857305467
2026-02-17 20:00:00,4,67.08833333333332,132.73333333333332,152.92437377273956,127.66399382716045,133.3417277069028
2026-02-17 21:00:00,4,60.42666666666667,130.30666666666667,102.42338875870466,101.90275462962961,80.37533106428623
2026-02-17 22:00:00,4,59.215833333333336,122.29916666666666,74.75145850999544,81.8020303030303,63.643291044885686
2026-02-17 23:00:00,4,55.60333333333333,120.9425,81.27789358924457,69.84961111111119,76.3130730520093
2026-02-18 00:00:00,5,47.95333333333334,130.35333333333332,80.61052308368585,68.73163398692813,79.51970323074673
2026-02-18 01:00:00,5,40.05166666666667,122.0025,91.2309904981771,85.91925480769235,73.18334409683992
2026-02-18 02:00:00,5,49.98500000000001,109.39166666666668,80.13120499737029,85.91925480769235,72.59111200078209
2026-02-18 03:00:00,5,51.195,77.0225,74.28389776823623,85.91925480769235,75.3976768870241
2026-02-18 04:00:00,5,49.83416666666667,72.77583333333332,69.03304513006482,98.32201901566002,78.14381395899983
2026-02-18 05:00:00,5,49.835,51.15416666666667,75.40894316822715,85.91925480769235,89.11808259642802
2026-02-18 06:00:00,5,57.85666666666666,44.46,89.48229250073226,90.77113636363634,106.67775330398638
2026-02-18 07:00:00,5,53.6625,50.63666666666666,101.41691190731777,154.1575938967135,106.32691803075475
2026-02-18 08:00:00,5,4.591666666666667,26.581666666666667,58.0803585332933,46.30180930930932,46.3691095756071
2026-02-18 09:00:00,5,-11.2325,10.836666666666666,32.646141319162076,25.355520833333326,10.159307317873363
2026-02-18 10:00:00,5,-7.7175,1.5391666666666666,8.926925628057717,3.3909593023255806,-7.448357780527644
2026-02-18 11:00:00,5,-8.229999999999999,1.3116666666666663,18.300978609377893,12.130443089430889,-7.645617923509889
2026-02-18 12:00:00,5,-8.589166666666666,47.9925,30.464558840588786,-7.341724637681153,-8.793992827705495
2026-02-18 13:00:00,5,-19.3,88.13333333333333,21.41044306371036,7.824608333333336,-12.159378851805727
2026-02-18 14:00:00,5,-30.5925,33.487500000000004,17.00082767601419,7.824608333333336,-13.34132029337205
2026-02-18 15:00:00,5,-28.73333333333333,38.244166666666665,26.088034408059812,7.824608333333336,-10.962709278903603
2026-02-18 16:00:00,5,-12.658333333333331,31.309166666666663,55.991107161804756,12.130443089430889,12.127163808947799
2026-02-18 17:00:00,5,-5.08,71.14166666666667,96.71242276474332,25.355520833333326,58.34689529340264
2026-02-18 18:00:00,5,3.04,111.5,150.61788698115635,87.21628360215057,101.47877127676328
2026-02-18 19:00:00,5,65.0575,90.13166666666666,193.3713627419125,130.75478787878794,138.69834288292094
2026-02-18 20:00:00,5,71.23166666666667,114.54416666666668,180.25683265900926,130.75478787878794,138.59796377460444
2026-02-18 21:00:00,5,67.05,121.40916666666668,164.44518104709118,130.75478787878794,125.90854875145384
2026-02-18 22:00:00,5,69.46249999999999,96.62416666666668,143.4004519624564,98.28589257503958,108.14634838625824
2026-02-18 23:00:00,5,73.62916666666666,62.830000000000005,123.31698071455752,98.28589257503958,100.73796633646994
2026-02-19 00:00:00,5,74.98,65.74083333333333,136.74233303622088,98.28589257503958,105.8150955283759
2026-02-19 01:00:00,5,73.89083333333333,62.88083333333333,150.88953464339235,98.32201901566002,101.20676170387304
2026-02-19 02:00:00,5,66.7275,46.678333333333335,130.05086426102264,98.32201901566002,91.29094696843543
2026-02-19 03:00:00,5,61.33916666666667,39.6375,115.76418411882983,98.32201901566002,87.8457233434248
2026-02-19 04:00:00,5,45.37916666666666,48.67,108.1003986839323,98.32201901566002,87.74370622579514
2026-02-19 05:00:00,5,58.75666666666666,44.494166666666665,115.95206624753379,98.32201901566002,98.91626519479634
2026-02-19 06:00:00,5,72.5275,20.1675,144.50761959337245,98.28589257503958,125.1523099710005
2026-02-19 07:00:00,5,62.14333333333334,8.553333333333333,155.65835339909398,154.1575938967135,127.31683321703116
2026-02-19 08:00:00,5,11.076666666666668,-6.115833333333334,116.38388411268582,75.02306277056272,73.07038337522475
2026-02-19 09:00:00,5,-1.3666666666666665,-10.48,91.86993626338464,43.7181784660767,37.08046203790659
2026-02-19 10:00:00,5,-4.450833333333333,-18.281666666666663,65.67291674557954,3.3909593023255806,18.08509592944703
2026-02-19 11:00:00,5,-2.205,-13.605,31.609009197752535,12.130443089430889,-1.9651533856846726
2026-02-19 12:00:00,5,-4.003333333333333,-21.256666666666668,-0.7243399240513497,-7.341724637681153,-23.476616764858832
2026-02-19 13:00:00,5,-4.382499999999999,-25.493333333333336,-8.006042047113922,-22.90243872549019,-27.192844343599106
2026-02-19 14:00:00,5,-3.4883333333333333,-34.439166666666665,3.5853602537546436,7.824608333333336,-16.504222352039037
2026-02-19 15:00:00,5,-3.540833333333333,-30.256666666666664,-6.777670231266001,12.130443089430889,-2.3467467647539735
2026-02-19 16:00:00,5,-4.1225,-22.625,36.83557016104055,12.130443089430889,27.71022048164577
2026-02-19 17:00:00,5,13.339999999999998,-10.646666666666668,69.41148769125432,46.30180930930932,59.97223938660558
2026-02-19 18:00:00,5,69.23,8.144166666666665,101.93456804542696,99.52381535947715,85.0675733801898
2026-02-19 19:00:00,5,116.20666666666666,62.28083333333333,155.55095213054352,122.69065616797899,114.04281469911157
2026-02-19 20:00:00,5,114.70416666666668,63.16,157.59948893131127,122.69065616797899,122.2350382379474
2026-02-19 21:00:00,5,90.42083333333332,47.88,140.35405116158944,112.1991936936937,110.73702979043091
2026-02-19 22:00:00,5,79.02166666666666,9.097499999999998,115.04263464290496,112.1991936936937,95.63396735899417
2026-02-19 23:00:00,5,78.40833333333333,8.5,104.44095508145094,77.05030172413795,90.21574450553848
2026-02-20 00:00:00,5,76.77416666666666,23.99083333333333,112.94232741472979,98.28589257503958,97.70370229467952
2026-02-20 01:00:00,5,76.0525,20.17333333333333,144.19668287432683,98.28589257503958,99.69662363825728
2026-02-20 02:00:00,5,77.83833333333334,29.95833333333333,142.33154971167755,98.32201901566002,100.6719347680257
2026-02-20 03:00:00,5,81.22166666666666,28.23,142.37086406417555,98.32201901566002,99.60013842629927
2026-02-20 04:00:00,5,82.55916666666667,21.156666666666663,151.340410813946,98.32201901566002,104.04721059407224
2026-02-20 05:00:00,5,94.53416666666668,21.0075,164.44361747562056,98.28589257503958,113.97451756324119
2026-02-20 06:00:00,5,112.7375,46.53,190.03664316359544,98.28589257503958,137.38565708411355
2026-02-20 07:00:00,5,118.3875,23.2175,184.96102365958234,154.1575938967135,138.4308416690365
2026-02-20 08:00:00,5,39.91,-4.6075,145.3180176354532,75.02306277056272,80.66745800116202
2026-02-20 09:00:00,5,25.34583333333333,-6.849166666666666,116.31658746527106,43.7181784660767,35.04712546984146
2026-02-20 10:00:00,5,18.139166666666668,-7.780833333333334,88.38948306754872,3.3909593023255806,20.520567695690417
2026-02-20 11:00:00,5,14.511666666666663,-9.418333333333331,62.49301371951001,-7.341724637681153,11.979032817190458
2026-02-20 12:00:00,5,17.8225,-9.61,66.68607424533442,-7.341724637681153,19.17707902034938
2026-02-20 13:00:00,5,19.261666666666667,-12.058333333333332,36.379223404965444,7.824608333333336,23.39567385223382
2026-02-20 14:00:00,5,17.719166666666666,-12.166666666666666,59.08989240095143,29.63905448717948,28.740110456403464
2026-02-20 15:00:00,5,25.449166666666667,-22.387500000000003,81.60702752017453,29.63905448717948,43.30563427930397
2026-02-20 16:00:00,5,63.20250000000001,-12.6325,135.00476765221674,75.02306277056272,66.90735409538006
2026-02-20 17:00:00,5,77.81750000000001,-7.458333333333333,164.7874273382776,87.21628360215057,103.87260637012307
2026-02-20 18:00:00,5,114.255,-0.6875000000000001,185.78062176959412,144.11420321637425,137.52180980922097
2026-02-20 19:00:00,5,101.2425,18.585,207.81765603441204,194.91157051282056,156.5378768389641
2026-02-20 20:00:00,5,76.82666666666667,8.119166666666667,186.7267410720138,144.11420321637425,144.68828041821587
2026-02-20 21:00:00,5,75.595,6.1925,182.28426255986346,165.74901315789475,133.7475644756173
2026-02-20 22:00:00,5,75.69416666666667,6.8308333333333335,121.13208983599043,112.1991936936937,102.21071761345885
2026-02-20 23:00:00,5,81.76666666666667,9.149166666666666,55.04714568386565,68.73163398692813,63.15362997425148
2026-02-21 00:00:00,5,98.94166666666666,13.108333333333334,55.664881457718096,68.73163398692813,70.60625614040659
2026-02-21 01:00:00,5,84.69,7.34,84.34411936406948,77.05030172413795,72.99365770456286
2026-02-21 02:00:00,5,93.20083333333334,9.145,87.87529649208267,85.91925480769235,77.9285225338378
2026-02-21 03:00:00,5,74.01333333333334,8.949166666666665,88.85553458978387,98.32201901566002,80.73454920758637
2026-02-21 04:00:00,5,67.63916666666667,8.861666666666666,87.88369829794203,98.32201901566002,85.11252894595751
2026-02-21 05:00:00,5,74.13916666666667,15.446666666666667,86.78381086236311,98.32201901566002,89.79925848911651
2026-02-21 06:00:00,5,73.90583333333333,17.778333333333332,97.79219530017636,98.32201901566002,98.47390307597962
2026-02-21 07:00:00,5,56.265833333333326,16.546666666666667,96.88084828238794,98.28589257503958,85.49022167963203
2026-02-21 08:00:00,5,9.131666666666666,-7.093333333333334,84.66711484155029,43.7181784660767,41.26923909486145
2026-02-21 09:00:00,5,3.3725,-6.161666666666666,68.13395795394918,3.3909593023255806,14.168469234971695
2026-02-21 10:00:00,5,7.796666666666666,-7.5225,35.94598943915456,3.3909593023255806,-2.142025281193497
2026-02-21 11:00:00,5,8.304166666666665,-17.413333333333334,11.294281052887648,-7.341724637681153,-12.769925411056718
2026-02-21 12:00:00,5,7.984999999999999,-29.468333333333334,8.392031009580172,-17.855657453936356,-16.16672080845734
2026-02-21 13:00:00,5,6.787499999999999,-33.100833333333334,15.340326441297883,-17.855657453936356,-13.806165421214061
2026-02-21 14:00:00,5,3.0116666666666667,-30.86583333333333,29.412516788555777,7.824608333333336,-7.812598700542466
2026-02-21 15:00:00,5,12.03,-20.320833333333333,51.03391859080973,29.63905448717948,13.691572372941089
2026-02-21 16:00:00,5,54.77583333333333,-10.405833333333332,93.85259925650453,75.02306277056272,45.86947566269518
2026-02-21 17:00:00,5,66.15249999999999,-7.850833333333333,132.2032833142983,78.94009713701429,77.642166088999
2026-02-21 18:00:00,5,91.53833333333334,-1.9941666666666664,146.47910724848578,129.84442234848493,106.05783020808883
2026-02-21 19:00:00,5,101.51,17.580833333333334,160.14282353997166,129.84442234848493,135.0285455522056
2026-02-21 20:00:00,5,90.24666666666668,30.285833333333333,159.64550816037786,144.11420321637425,137.73780720832838
2026-02-21 21:00:00,5,86.68,33.04833333333333,173.3287565085095,130.75478787878794,135.8614574033999
2026-02-21 22:00:00,5,98.95333333333332,24.686666666666667,163.15030564648364,130.75478787878794,124.6609237694289
2026-02-21 23:00:00,5,92.43916666666668,29.0175,132.94950076949857,98.28589257503958,111.46063607715249
2026-02-22 00:00:00,5,90.25666666666666,32.65,109.34278689199652,98.28589257503958,106.694013352217
2026-02-22 01:00:00,5,79.77499999999999,31.82583333333333,105.2432034646749,71.77225206611574,84.85440910595298
2026-02-22 02:00:00,5,72.23583333333333,36.675,51.57338831701142,71.77225206611574,63.3221142048014
2026-02-22 03:00:00,5,59.09,36.675,16.0776581308267,35.33289603960395,49.6814663163741
2026-02-22 04:00:00,5,42.96333333333333,36.67166666666667,-12.35125602700117,27.086416666666665,42.916936131815866
2026-02-22 05:00:00,5,43.09,33.189166666666665,-51.53250456261215,13.293813932980607,39.685480721366204
2026-02-22 06:00:00,5,63.805,36.02916666666667,-20.441943430171747,13.293813932980607,49.634385779672385
2026-02-22 07:00:00,5,47.54416666666666,22.78,5.68151003872056,35.33289603960395,56.78745405330177
2026-02-22 08:00:00,5,36.82666666666667,-3.7783333333333338,47.70707971768077,43.7181784660767,53.11726760514766
2026-02-22 09:00:00,5,32.274166666666666,-4.552499999999999,45.66996405467073,75.02306277056272,53.27305028859563
2026-02-22 10:00:00,5,9.4625,-6.023333333333333,34.62748123217849,75.02306277056272,34.06717136406242
2026-02-22 11:00:00,5,-0.7149999999999999,-6.954999999999999,21.466187042125853,68.73163398692813,26.257600252625032
2026-02-22 12:00:00,5,-2.4425,-8.858333333333333,15.385270691786026,26.364346153846153,21.21003204947702
2026-02-22 13:00:00,5,-2.7525,-5.459166666666667,13.183665131253811,68.73163398692813,27.417307793940424
2026-02-22 14:00:00,5,-0.1958333333333333,-3.5925,5.420477586239983,0.9389149305555562,19.505615929601802
2026-02-22 15:00:00,5,34.05583333333333,-5.553333333333334,28.44594067818118,26.364346153846153,29.356591936715475
2026-02-22 16:00:00,5,54.41,-1.1758333333333335,62.59841175016362,78.94009713701429,46.31416732214722
2026-02-22 17:00:00,5,54.03333333333333,4.4925,73.68889190720334,78.94009713701429,60.495171095576815
2026-02-22 18:00:00,5,19.5275,37.67416666666667,96.76490873659225,78.94009713701429,79.37823802452512
2026-02-22 19:00:00,5,3.418333333333333,59.30083333333334,71.17117574047472,40.80346055979643,59.73201253159426
2026-02-22 20:00:00,5,42.98666666666667,57.26916666666667,55.23254962651136,40.80346055979643,43.74495253606118
2026-02-22 21:00:00,5,57.66916666666666,55.785,56.37882899595681,68.73163398692813,48.44227522982516
2026-02-22 22:00:00,5,56.59166666666667,51.994166666666665,55.47619000748956,35.33289603960395,55.67676446180948
2026-02-22 23:00:00,5,52.22083333333333,38.95083333333333,55.231087869390265,35.33289603960395,57.68092790131972
2026-02-23 00:00:00,5,56.555,20.595,66.86215348517287,85.91925480769235,69.57360382295403
2026-02-23 01:00:00,5,65.27,19.738333333333333,93.04722704201397,98.32201901566002,66.34000779174623
2026-02-23 02:00:00,5,65.99666666666667,18.65083333333333,77.42000200251245,85.91925480769235,63.17865867230033
2026-02-23 03:00:00,5,64.67166666666667,18.04833333333333,53.86588108166008,43.241205808080785,55.69859636714794
2026-02-23 04:00:00,5,66.24499999999999,18.996666666666663,57.16066096183033,43.241205808080785,62.58326852106791
2026-02-23 05:00:00,5,69.09666666666666,35.534166666666664,68.99234628706942,85.91925480769235,73.58214057831202
2026-02-23 06:00:00,5,73.73833333333333,49.49166666666667,95.87910346632725,77.05030172413795,98.22991638130767
2026-02-23 07:00:00,5,70.80166666666666,40.04,119.81136773425322,154.1575938967135,108.6416049519596
2026-02-23 08:00:00,5,53.44416666666667,0.8333333333333335,94.4341227946413,75.02306277056272,54.43378517606524
2026-02-23 09:00:00,5,8.829166666666666,-0.1341666666666666,60.72790754608616,3.3909593023255806,13.15767150449561
2026-02-23 10:00:00,5,-4.245833333333334,1.2475,38.41418379030076,3.3909593023255806,0.30335585653485
2026-02-23 11:00:00,5,-3.9425,0.6675,14.798546068240228,-22.90243872549019,-10.342717458227
2026-02-23 12:00:00,5,-3.3708333333333336,0.45,-11.466950489325725,-22.90243872549019,-22.549155453194743
2026-02-23 13:00:00,5,-2.5825,17.149166666666666,-21.406270217786684,-35.031792035398226,-26.362888233482934
2026-02-23 14:00:00,5,-5.059166666666667,42.321666666666665,-22.4614960959253,-35.031792035398226,-27.21017742277151
2026-02-23 15:00:00,5,-6.196666666666666,75.79083333333334,-1.0135191433913633,-22.90243872549019,-13.345972089686583
2026-02-23 16:00:00,5,-5.944166666666667,114.10583333333334,19.531169154740944,-6.399042904290429,7.885901676135845
2026-02-23 17:00:00,5,4.061666666666667,162.2,47.31153563464581,4.948414918414915,33.817757736242896
2026-02-23 18:00:00,5,40.8625,143.63166666666666,93.71354241782507,99.52381535947715,63.58410423260389
2026-02-23 19:00:00,5,85.45,136.65833333333333,120.63063857927116,78.94009713701429,94.41900097711763
2026-02-23 20:00:00,5,75.19916666666667,136.44083333333333,118.39989998761426,112.1991936936937,102.73031022258641
2026-02-23 21:00:00,5,65.4675,107.09166666666664,118.26746384031688,112.1991936936937,103.22642417325909
2026-02-23 22:00:00,5,63.656666666666666,64.265,109.80448298375511,98.28589257503958,97.98425136725328
2026-02-23 23:00:00,5,62.20416666666667,24.33583333333333,108.27102644610618,98.28589257503958,94.0547269819377
2026-02-24 00:00:00,5,87.50333333333333,6.8,116.20804164183292,98.28589257503958,102.22147217205138
2026-02-24 01:00:00,5,93.0425,5.797499999999999,144.66983169756168,98.32201901566002,93.65006038489838
2026-02-24 02:00:00,5,83.69333333333334,0.0141666666666666,139.82324224883496,98.32201901566002,90.97766082635863
2026-02-24 03:00:00,5,91.23666666666666,-0.4383333333333333,131.08925864756506,98.32201901566002,89.80794745325083
2026-02-24 04:00:00,5,96.31166666666668,-3.4716666666666662,133.13953860613304,98.32201901566002,94.92887816493501
2026-02-24 05:00:00,5,90.92333333333332,-1.0275,137.75344168405195,98.32201901566002,108.53706221341409
2026-02-24 06:00:00,5,101.77583333333332,4.759166666666666,155.71866838520702,98.28589257503958,133.97635215254286
2026-02-24 07:00:00,5,96.78666666666668,9.133333333333336,171.3776808301055,154.1575938967135,147.22715953627534
2026-02-24 08:00:00,5,74.8425,-2.0933333333333333,146.64313642508,154.1575938967135,104.27697298423696
2026-02-24 09:00:00,5,63.38333333333333,-3.6533333333333338,123.61098133746634,75.02306277056272,58.07696233690799
2026-02-24 10:00:00,5,57.1625,-4.960833333333333,117.4724606839952,75.02306277056272,48.07176378087025
2026-02-24 11:00:00,5,46.59833333333333,-4.166666666666667,112.00568918659519,43.7181784660767,45.781813657206044
2026-02-24 12:00:00,5,52.149166666666666,-3.270833333333333,113.27167906386981,75.02306277056272,63.400072809034626
2026-02-24 13:00:00,5,66.17583333333333,71.8,122.16907124163843,118.97884488448844,94.45417725135293
2026-02-24 14:00:00,5,77.39916666666666,90.5275,100.95659694902568,78.94009713701429,83.72676430393554
2026-02-24 15:00:00,5,64.66333333333334,149.48333333333332,91.75939914369413,78.94009713701429,74.74169769251573
2026-02-24 16:00:00,5,50.2175,74.77499999999999,68.69260898208964,46.30180930930932,62.779986626163975
2026-02-24 17:00:00,5,59.65833333333333,114.75333333333332,102.88073960768607,46.30180930930932,65.80173746485985
2026-02-24 18:00:00,5,84.58666666666666,53.8675,140.1071078333809,78.94009713701429,104.79466513424362
2026-02-24 19:00:00,5,81.00416666666666,65.35916666666667,150.83495266477854,112.1991936936937,118.39442539954399
2026-02-24 20:00:00,5,71.98,67.08833333333332,162.5366255330697,130.75478787878794,135.83149170260216
2026-02-24 21:00:00,5,69.77333333333333,60.42666666666667,117.20188121432989,112.1991936936937,94.88800071238455
2026-02-24 22:00:00,5,75.7975,59.215833333333336,83.77570578756331,68.73163398692813,72.7259554310056
2026-02-24 23:00:00,5,64.3575,55.60333333333333,79.74686811120438,85.91925480769235,77.48536491678892
2026-02-25 00:00:00,5,68.69416666666666,47.95333333333334,76.96545911286377,68.73163398692813,78.75965295934985
2026-02-25 01:00:00,5,62.4375,40.05166666666667,79.41465790372935,35.33289603960395,60.03101397947253
2026-02-25 02:00:00,5,56.035,49.98500000000001,66.15777573665636,35.33289603960395,60.59758879380853
2026-02-25 03:00:00,5,29.3775,51.195,40.796443790057694,35.33289603960395,55.23401364839787
2026-02-25 04:00:00,5,32.87,49.83416666666667,16.441947454583,27.086416666666665,40.364939027776714
2026-02-25 05:00:00,5,32.105,49.835,-1.9026020718451235,27.086416666666665,36.364617620049714
2026-02-25 06:00:00,5,66.2175,57.85666666666666,36.106411371473854,68.73163398692813,72.75662993883884
2026-02-25 07:00:00,5,64.88333333333334,53.6625,64.72775165442312,78.94009713701429,91.74663999603595
2026-02-25 08:00:00,5,26.995,4.591666666666667,54.076230581068174,68.73163398692813,57.93796676942918
2026-02-25 09:00:00,5,2.6333333333333333,-11.2325,24.550470117075953,26.364346153846153,17.40097101628138
2026-02-25 10:00:00,5,-6.034166666666667,-7.7175,4.546896599961258,4.948414918414915,-1.5128921987507482
2026-02-25 11:00:00,5,-3.977500000000001,-8.229999999999999,5.247395789504267,4.948414918414915,-0.7025178294202163
2026-02-25 12:00:00,5,-0.8666666666666667,-8.589166666666666,22.490001114972586,4.948414918414915,-4.482309942670341
2026-02-25 13:00:00,5,-3.9066666666666654,-19.3,30.791430723957014,4.948414918414915,-9.120564548437528
2026-02-25 14:00:00,5,-6.035833333333333,-30.5925,11.225408782330213,-6.399042904290429,-11.690224156483538
2026-02-25 15:00:00,5,-3.686666666666667,-28.73333333333333,9.800139107099703,-6.399042904290429,-14.672583948004558
2026-02-25 16:00:00,5,-6.3425,-12.658333333333331,2.60596938901854,-6.399042904290429,-17.97817053163061
2026-02-25 17:00:00,5,-5.110833333333334,-5.08,24.353377622591033,4.948414918414915,-8.397579979039307
2026-02-25 18:00:00,5,1.919166666666667,3.04,64.88711466713674,22.650599688473513,15.855992038341697
2026-02-25 19:00:00,5,3.545,65.0575,76.12279726857288,78.94009713701429,48.26076704506575
2026-02-25 20:00:00,5,6.4175,71.23166666666667,93.89285521735628,78.94009713701429,69.4301330779543
2026-02-25 21:00:00,5,9.875833333333334,67.05,90.12897759255559,68.73163398692813,70.0574498049524
2026-02-25 22:00:00,5,8.804166666666667,69.46249999999999,70.5366238832605,90.77113636363634,66.04513135475702
2026-02-25 23:00:00,5,6.618333333333333,73.62916666666666,39.57721037369357,35.33289603960395,57.27430274029829
2026-02-26 00:00:00,5,10.311666666666666,74.98,46.76924508679545,35.33289603960395,67.62699565283582
2026-02-26 01:00:00,5,6.134166666666666,73.89083333333333,67.41302946375546,35.33289603960395,67.64552158028332
2026-02-26 02:00:00,5,0.6491666666666667,66.7275,58.00121713857034,85.91925480769235,71.19583241666577
2026-02-26 03:00:00,5,0.0583333333333333,61.33916666666667,56.571680715831235,43.241205808080785,75.84445356694646
2026-02-26 04:00:00,5,-0.0033333333333333,45.37916666666666,62.7606089727061,75.74153703703699,81.98768090982261
2026-02-26 05:00:00,5,10.910833333333334,58.75666666666666,74.37279777885067,98.32201901566002,96.41645934685627
2026-02-26 06:00:00,5,13.264166666666668,72.5275,87.95999132321863,123.08864819004525,117.79621643276842
2026-02-26 07:00:00,5,37.2875,62.14333333333334,112.79850552739322,154.1575938967135,130.70753227441674
2026-02-26 08:00:00,5,7.9875,11.076666666666668,127.52061145210095,75.02306277056272,91.69692706312114
2026-02-26 09:00:00,5,-5.304166666666666,-1.3666666666666665,109.95231673383667,75.02306277056272,56.833793299722934
2026-02-26 10:00:00,5,-7.819166666666667,-4.450833333333333,77.99035001013888,43.7181784660767,35.51660869103798
2026-02-26 11:00:00,5,-7.91,-2.205,50.82415596241343,12.130443089430889,22.61218765562463
2026-02-26 12:00:00,5,-12.6825,-4.003333333333333,29.539056295789308,12.130443089430889,8.693953201566991
2026-02-26 13:00:00,5,-19.9625,-4.382499999999999,13.114857663068776,12.130443089430889,2.5640551773526
2026-02-26 14:00:00,5,-21.664166666666663,-3.4883333333333333,12.877785044669132,12.130443089430889,1.0852793179624598
2026-02-26 15:00:00,5,-7.239166666666667,-3.540833333333333,27.923205349799957,12.130443089430889,18.197327401088145
2026-02-26 16:00:00,5,-1.6,-4.1225,26.923869548661827,25.355520833333326,25.167263659527983
2026-02-26 17:00:00,5,14.526666666666666,13.339999999999998,51.12795561569786,26.364346153846153,43.732647362405864
2026-02-26 18:00:00,5,32.905,69.23,85.97211542276521,78.94009713701429,81.7080624262625
2026-02-26 19:00:00,5,55.75333333333333,116.20666666666666,113.25877684331508,94.85151351351348,101.9818310664478
2026-02-26 20:00:00,5,62.07,114.70416666666668,111.18987814151767,78.94009713701429,104.98706634256855
2026-02-26 21:00:00,5,63.22083333333333,90.42083333333332,96.80930050409802,112.1991936936937,98.04976907591818
2026-02-26 22:00:00,5,64.2625,79.02166666666666,89.92452266486478,98.28589257503958,102.6845628796598
2026-02-26 23:00:00,5,56.6875,78.40833333333333,91.999206753501,98.28589257503958,100.24270447036375
2026-02-27 00:00:00,5,62.080000000000005,76.77416666666666,102.7082734488416,98.28589257503958,108.49109250831444
2026-02-27 01:00:00,5,57.91666666666666,76.0525,119.08243306483878,98.32201901566002,108.47613600325789
2026-02-27 02:00:00,5,54.00333333333333,77.83833333333334,108.98442604837155,98.32201901566002,93.72048475227949
2026-02-27 03:00:00,5,58.65083333333334,81.22166666666666,118.6239159056285,98.32201901566002,101.81486119771942
2026-02-27 04:00:00,5,57.74916666666667,82.55916666666667,108.28977726895495,98.32201901566002,105.46297569320919
2026-02-27 05:00:00,5,66.56583333333333,94.53416666666668,106.75323166200806,98.32201901566002,113.06370621771417
2026-02-27 06:00:00,5,109.93,112.7375,131.21879200674857,123.08864819004525,133.0091317107089
2026-02-27 07:00:00,5,112.1925,118.3875,147.70408465883025,154.1575938967135,140.71737961154633
2026-02-27 08:00:00,5,50.71416666666667,39.91,110.98724020152844,154.1575938967135,108.27588689918116
2026-02-27 09:00:00,5,18.566666666666663,25.34583333333333,92.74630162134098,75.02306277056272,60.00129028059624
2026-02-27 10:00:00,5,10.370833333333334,18.139166666666668,71.85037719712088,43.7181784660767,38.94272785929828
2026-02-27 11:00:00,5,8.591666666666667,14.511666666666663,55.302222012352615,43.7181784660767,32.87171662288236
2026-02-27 12:00:00,5,9.709166666666668,17.8225,52.15362742298319,43.7181784660767,28.55262943303564
2026-02-27 13:00:00,5,35.42916666666667,19.261666666666667,61.38311029219721,43.7181784660767,39.64688913812184
2026-02-27 14:00:00,5,77.51416666666667,17.719166666666666,97.09280998022874,75.02306277056272,71.00860038704744
2026-02-27 15:00:00,5,145.4225,25.449166666666667,134.00411351453374,118.97884488448844,103.33163191182821
2026-02-27 16:00:00,5,109.955,63.20250000000001,171.68325256336652,129.84442234848493,146.45046968653526
2026-02-27 17:00:00,5,106.54166666666669,77.81750000000001,192.26709009857416,129.84442234848493,165.48355112450773
2026-02-27 18:00:00,5,90.5925,114.255,164.47690427490562,129.84442234848493,158.77995122513084
2026-02-27 19:00:00,5,66.8325,101.2425,138.82335612156447,129.84442234848493,141.8653650419899
2026-02-27 20:00:00,5,61.20166666666666,76.82666666666667,184.03583273342306,129.84442234848493,163.415075401854
2026-02-27 21:00:00,5,61.99333333333333,75.595,157.9565515180986,130.75478787878794,141.5762767410505
2026-02-27 22:00:00,5,74.45,75.69416666666667,141.623760760022,130.75478787878794,119.44748103097464
2026-02-27 23:00:00,5,75.13166666666666,81.76666666666667,114.43381755174727,123.08864819004525,113.42397215932175
2026-02-28 00:00:00,5,114.32,98.94166666666666,103.56363723591375,123.08864819004525,112.9998674661451
2026-02-28 01:00:00,5,111.1,84.69,118.51040023643664,123.08864819004525,101.45382652130131
2026-02-28 02:00:00,5,55.26916666666667,93.20083333333334,111.43216546439902,98.32201901566002,94.99956271369702
2026-02-28 03:00:00,5,54.65583333333333,74.01333333333334,94.31621492317785,98.32201901566002,90.53271850129258
2026-02-28 04:00:00,5,51.49916666666667,67.63916666666667,73.97592620902267,98.32201901566002,86.305325323521
2026-02-28 05:00:00,5,22.51333333333333,74.13916666666667,66.52872802095845,98.32201901566002,85.64962318809465
2026-02-28 06:00:00,5,24.8925,73.90583333333333,65.0016653953855,98.32201901566002,91.6813990516914
2026-02-28 07:00:00,5,11.775,56.265833333333326,50.88445928357598,98.32201901566002,75.19578998065728
2026-02-28 08:00:00,5,2.681666666666666,9.131666666666666,49.23988672199596,43.7181784660767,39.40489493773309
2026-02-28 09:00:00,5,0.8641666666666666,3.3725,50.86272800023954,3.3909593023255806,19.71835790693779
2026-02-28 10:00:00,5,0.6883333333333334,7.796666666666666,39.849287239061084,3.3909593023255806,12.459803657451523
2026-02-28 11:00:00,5,3.0141666666666667,8.304166666666665,23.244965379710848,12.130443089430889,7.642251894062682
2026-02-28 12:00:00,5,9.7325,7.984999999999999,29.923666920388776,12.130443089430889,15.725964369914358
2026-02-28 13:00:00,5,12.624166666666667,6.787499999999999,56.573112508106284,75.02306277056272,36.891413222021114
2026-02-28 14:00:00,5,20.874166666666667,3.0116666666666667,95.36307398516738,118.97884488448844,66.57426288575168
2026-02-28 15:00:00,5,79.68833333333333,12.03,141.1043708524238,118.97884488448844,95.61486552218193
2026-02-28 16:00:00,5,77.06083333333333,54.77583333333333,140.88569189515044,129.84442234848493,115.31122868134024
2026-02-28 17:00:00,5,71.71916666666667,66.15249999999999,124.9675981184796,129.84442234848493,111.25926686738953
2026-02-28 18:00:00,5,74.46416666666667,91.53833333333334,126.29601299548176,129.84442234848493,129.42641298782237
2026-02-28 19:00:00,5,73.58166666666666,101.51,137.77692498711102,129.84442234848493,138.8662095529686
2026-02-28 20:00:00,5,62.47666666666667,90.24666666666668,134.34821353235915,129.84442234848493,133.45228032444643
2026-02-28 21:00:00,5,57.635,86.68,116.82241568814855,129.84442234848493,117.88006591351883
2026-02-28 22:00:00,5,50.855,98.95333333333332,98.49703371521097,112.1991936936937,105.78181970505207
2026-02-28 23:00:00,5,49.95250000000001,92.43916666666668,88.22130449823226,123.08864819004525,98.66395625278686
2026-03-01 00:00:00,5,51.895,90.25666666666666,97.13329398363626,123.08864819004525,102.2410633406779
2026-03-01 01:00:00,5,51.38,79.77499999999999,118.76662244463213,123.08864819004525,99.11472691727359
2026-03-01 02:00:00,5,33.8325,72.23583333333333,106.01205120911601,98.32201901566002,91.451484798606
2026-03-01 03:00:00,5,17.2925,59.09,87.45938842663944,98.32201901566002,83.93090539313896
2026-03-01 04:00:00,5,12.940833333333332,42.96333333333333,62.102235557342034,98.32201901566002,76.64580494862918
2026-03-01 05:00:00,5,15.825,43.09,29.42996411365459,85.91925480769235,64.44011808495328
2026-03-01 06:00:00,5,18.45,63.805,5.775396523077816,48.13028005464481,52.15617848314345
2026-03-01 07:00:00,5,15.54,47.54416666666666,-17.168882636313484,13.293813932980607,40.27440070173756
2026-03-01 08:00:00,5,12.524166666666666,36.82666666666667,-2.2746785259677154,25.355520833333326,33.98274426936578
2026-03-01 09:00:00,5,9.3375,32.274166666666666,15.868804120848594,25.355520833333326,26.60194025575189
2026-03-01 10:00:00,5,1.9741666666666664,9.4625,11.784720887705447,3.3909593023255806,14.38740470214399
2026-03-01 11:00:00,5,1.1816666666666666,-0.7149999999999999,-31.77148046416947,-6.399042904290429,-4.546550965734468
2026-03-01 12:00:00,5,-0.3633333333333333,-2.4425,-56.85813988426854,-27.087356060606076,-8.384510269132207
2026-03-01 13:00:00,5,-2.1633333333333336,-2.7525,-36.498406064343115,-14.050735815602842,4.410091906488688
2026-03-01 14:00:00,5,18.004166666666666,-0.1958333333333333,3.338185375637508,22.650599688473513,22.100235385456955
2026-03-01 15:00:00,5,38.017500000000005,34.05583333333333,34.51219659290512,40.80346055979643,43.95159066455604
2026-03-01 16:00:00,5,10.580833333333333,54.41,46.1316254965237,40.80346055979643,49.93009927403473
2026-03-01 17:00:00,5,27.4275,54.03333333333333,64.6959102557387,40.80346055979643,49.96072008690598
2026-03-01 18:00:00,5,37.8175,19.5275,60.95387372330928,40.80346055979643,61.34761485090178
2026-03-01 19:00:00,5,39.439166666666665,3.418333333333333,54.78419500506624,40.80346055979643,56.08816121167199
2026-03-01 20:00:00,5,49.1375,42.98666666666667,59.10112396012573,78.94009713701429,64.12525436115122
2026-03-01 21:00:00,5,11.77,57.66916666666666,36.72549931706712,40.80346055979643,52.02377565313287
2026-03-01 22:00:00,5,9.89,56.59166666666667,25.207264505376237,68.73163398692813,48.97456295037519
2026-03-01 23:00:00,5,7.194166666666667,52.22083333333333,-1.7942033329962754,22.650599688473513,40.372775505049304
2026-03-02 00:00:00,5,17.885833333333334,56.555,-20.978217113613425,0.9389149305555562,42.28981242968279
2026-03-02 01:00:00,5,16.061666666666667,65.27,-15.44981760319564,0.3824841269841264,20.588909373431747
2026-03-02 02:00:00,5,22.680833333333336,65.99666666666667,-27.12655739404245,0.3824841269841264,17.287536715979783
2026-03-02 03:00:00,5,45.93,64.67166666666667,-36.88872412590737,0.3824841269841264,16.381377734871577
2026-03-02 04:00:00,5,44.49,66.24499999999999,-36.56361938242409,0.3824841269841264,20.022660693858164
2026-03-02 05:00:00,5,48.431666666666665,69.09666666666666,-21.816852884095994,13.293813932980607,29.06433996904787
2026-03-02 06:00:00,5,52.76916666666667,73.73833333333333,11.75740383962291,22.650599688473513,53.37899784867196
2026-03-02 07:00:00,5,58.7375,70.80166666666666,39.462139669653546,99.52381535947715,76.49137341560521
2026-03-02 08:00:00,5,68.37666666666667,53.44416666666667,42.29133458613268,78.94009713701429,64.65401463056358
2026-03-02 09:00:00,5,82.93166666666666,8.829166666666666,58.67446374142429,94.85151351351348,84.54870918397964
2026-03-02 10:00:00,5,90.60416666666669,-4.245833333333334,68.9764515230564,94.85151351351348,88.35966703444103
2026-03-02 11:00:00,5,92.2575,-3.9425,65.99346842194075,94.85151351351348,67.06186182436197
2026-03-02 12:00:00,5,63.69333333333333,-3.3708333333333336,56.26310998870495,94.85151351351348,68.62878653196213
2026-03-02 13:00:00,5,40.935833333333335,-2.5825,89.78332993848089,129.84442234848493,107.1485848869143
2026-03-02 14:00:00,5,37.1875,-5.059166666666667,135.92212169765938,118.97884488448844,111.28610590425403
2026-03-02 15:00:00,5,50.44083333333333,-6.196666666666666,162.77162468670707,118.97884488448844,129.5647224269253
2026-03-02 16:00:00,5,65.07166666666667,-5.944166666666667,155.1061679334113,87.21628360215057,133.03973014204976
2026-03-02 17:00:00,5,65.86916666666667,4.061666666666667,153.598198007553,94.85151351351348,116.36340461343212
2026-03-02 18:00:00,5,69.98416666666667,40.8625,134.81450698497963,94.85151351351348,102.19740425725543
2026-03-02 19:00:00,5,74.28833333333334,85.45,128.62759367347252,78.94009713701429,99.70183098318874
2026-03-02 20:00:00,5,75.6075,75.19916666666667,123.3198236099794,78.94009713701429,96.58227481605921
2026-03-02 21:00:00,5,79.08666666666666,65.4675,103.88126677243515,78.94009713701429,90.44317682808213
2026-03-02 22:00:00,5,80.27583333333334,63.656666666666666,73.41585799575384,68.73163398692813,81.52610464525324
2026-03-02 23:00:00,5,68.405,62.20416666666667,41.075972416637136,68.73163398692813,73.38838530643457
2026-03-03 00:00:00,5,71.29166666666667,87.50333333333333,29.006274781337012,68.73163398692813,75.81941065894911
2026-03-03 01:00:00,5,68.3275,93.0425,45.15512545128999,35.33289603960395,66.52682794111145
2026-03-03 02:00:00,5,65.21083333333333,83.69333333333334,28.51802323688503,35.33289603960395,59.40674244327819
2026-03-03 03:00:00,5,65.11,91.23666666666666,19.744564576436666,35.33289603960395,58.4651268151385
2026-03-03 04:00:00,5,65.30333333333333,96.31166666666668,13.29463885386729,35.33289603960395,59.063039496515515
2026-03-03 05:00:00,5,75.52083333333333,90.92333333333332,25.48378793171927,85.91925480769235,71.96223552646097
2026-03-03 06:00:00,5,102.70416666666668,101.77583333333332,50.99025959250673,68.73163398692813,95.91698407228047
2026-03-03 07:00:00,5,125.32583333333334,96.78666666666668,75.53394881938824,78.94009713701429,113.19196574069491
2026-03-03 08:00:00,5,110.85333333333334,74.8425,66.51766254060007,78.94009713701429,90.25665622940564
2026-03-03 09:00:00,5,74.1925,63.38333333333333,45.48630702594076,46.30180930930932,47.26733654574255
2026-03-03 10:00:00,5,39.49583333333333,57.1625,20.66100020693512,46.30180930930932,13.593982189301578
2026-03-03 11:00:00,5,13.859166666666669,46.59833333333333,-0.2873978304934326,-14.012247311827956,-4.502182152980396
2026-03-03 12:00:00,5,6.0183333333333335,52.149166666666666,-6.547676359589275,12.130443089430889,-12.60268415905405
2026-03-03 13:00:00,5,6.211666666666666,66.17583333333333,10.668054689446066,-22.90243872549019,-14.739529378808442
2026-03-03 14:00:00,5,-0.1275,77.39916666666666,6.860882965150466,-22.90243872549019,-22.723041794441954
2026-03-03 15:00:00,5,3.5925,64.66333333333334,37.01811693378956,-22.90243872549019,-11.950670090966753
2026-03-03 16:00:00,5,21.704166666666666,50.2175,34.909063790048116,-6.399042904290429,12.30834819536853
2026-03-03 17:00:00,5,49.66083333333333,59.65833333333333,73.06977862678457,26.364346153846153,28.77747403303279
2026-03-03 18:00:00,5,63.17583333333334,84.58666666666666,71.05390875689714,78.94009713701429,52.499546398290725
2026-03-03 19:00:00,5,71.88250000000001,81.00416666666666,90.43534559570615,78.94009713701429,81.18805353649378
2026-03-03 20:00:00,5,73.10833333333333,71.98,99.52145027151141,78.94009713701429,97.0728781508623
2026-03-03 21:00:00,5,72.33416666666666,69.77333333333333,91.11856936550866,78.94009713701429,93.09969686683081
2026-03-03 22:00:00,5,67.28333333333333,75.7975,76.91815244645812,77.05030172413795,85.63130423398425
2026-03-03 23:00:00,5,59.9125,64.3575,64.48675794289896,77.05030172413795,82.71344507357757
2026-03-04 00:00:00,5,70.00416666666666,68.69416666666666,63.058738447137394,77.05030172413795,89.47525947395177
2026-03-04 01:00:00,5,70.6475,62.4375,78.58926855817073,85.91925480769235,83.00366078134945
2026-03-04 02:00:00,5,72.8625,56.035,67.46039746932317,85.91925480769235,77.22979232825901
2026-03-04 03:00:00,5,71.99666666666667,29.3775,59.049874107924445,85.91925480769235,75.65809258933315
2026-03-04 04:00:00,5,74.84583333333333,32.87,59.19024903631483,98.32201901566002,82.01533868683464
2026-03-04 05:00:00,5,84.75666666666667,32.105,56.27459476886957,85.91925480769235,85.59637576235515
2026-03-04 06:00:00,5,88.15583333333332,66.2175,86.08020253433149,98.28589257503958,113.89008478726151
2026-03-04 07:00:00,5,87.85666666666667,64.88333333333334,110.92958571530367,154.1575938967135,133.17155016805242
2026-03-04 08:00:00,5,91.21666666666664,26.995,99.8686790571163,87.21628360215057,105.78473164878427
2026-03-04 09:00:00,5,72.9975,2.6333333333333333,76.29899307756426,87.21628360215057,66.37838364664847
2026-03-04 10:00:00,5,37.178333333333335,-6.034166666666667,70.33841202541473,75.02306277056272,47.081362478121534
2026-03-04 11:00:00,5,25.72833333333333,-3.977500000000001,63.10767916757469,46.30180930930932,40.94019483023051
2026-03-04 12:00:00,5,9.753333333333332,-0.8666666666666667,53.99778797621723,46.30180930930932,32.94387994538068
2026-03-04 13:00:00,5,14.5225,-3.9066666666666654,50.36219340383468,46.30180930930932,31.302754007565255
2026-03-04 14:00:00,5,11.152500000000002,-6.035833333333333,37.426588065949744,25.355520833333326,23.120478224450437
2026-03-04 15:00:00,5,-3.205,-3.686666666666667,27.60240378745997,25.355520833333326,16.997096092055607
2026-03-04 16:00:00,5,-90.42916666666667,-6.3425,44.85410346757258,46.30180930930932,25.451874057048855
2026-03-04 17:00:00,5,3.035833333333334,-5.110833333333334,70.45673156460032,46.30180930930932,65.97650767985307
2026-03-04 18:00:00,5,61.67666666666667,1.919166666666667,79.680747608107,78.94009713701429,80.73220489367066
2026-03-04 19:00:00,5,92.4675,3.545,118.26279050838329,78.94009713701429,110.05107444838599
2026-03-04 20:00:00,5,89.91000000000001,6.4175,118.22476211660269,112.1991936936937,112.98923805362784
2026-03-04 21:00:00,5,85.92750000000001,9.875833333333334,109.7620993200446,112.1991936936937,103.49688389606855
2026-03-04 22:00:00,5,88.68583333333333,8.804166666666667,108.45745123803363,98.28589257503958,102.89459041793575
2026-03-04 23:00:00,5,85.44083333333333,6.618333333333333,106.18751527145287,98.28589257503958,102.08413709494207
2026-03-05 00:00:00,5,88.51416666666667,10.311666666666666,115.83221999145542,98.28589257503958,110.31632693473307
2026-03-05 01:00:00,5,97.00916666666666,6.134166666666666,147.40957849173896,98.28589257503958,110.90890062208024
2026-03-05 02:00:00,5,96.21,0.6491666666666667,135.4720788272998,98.32201901566002,108.48081839170777
2026-03-05 03:00:00,5,100.18083333333334,0.0583333333333333,117.89345280868216,98.32201901566002,104.7785878596869
2026-03-05 04:00:00,5,98.8325,-0.0033333333333333,96.54039417641224,98.32201901566002,104.78615957415582
2026-03-05 05:00:00,5,99.30833333333334,10.910833333333334,99.09179777805268,98.32201901566002,112.58854864506714
2026-03-05 06:00:00,5,114.91666666666669,13.264166666666668,127.5944583658773,98.28589257503958,140.03559083319232
2026-03-05 07:00:00,5,137.81166666666667,37.2875,161.0995243503654,154.1575938967135,158.07000953341156
2026-03-05 08:00:00,5,72.53666666666666,7.9875,141.65151522331763,118.97884488448844,113.01037227016391
2026-03-05 09:00:00,5,7.010000000000001,-5.304166666666666,110.28996918060324,75.02306277056272,61.93920919966938
2026-03-05 10:00:00,5,-7.212499999999999,-7.819166666666667,82.88941686248857,3.3909593023255806,30.428817221209762
2026-03-05 11:00:00,5,-8.636666666666667,-7.91,58.26045840624894,12.130443089430889,17.733158814970132
2026-03-05 12:00:00,5,-4.8341666666666665,-12.6825,38.51926177307101,-7.341724637681153,9.572511778444685
2026-03-05 13:00:00,5,-4.960833333333333,-19.9625,35.28613081095456,7.824608333333336,9.381024204469647
2026-03-05 14:00:00,5,-5.801666666666667,-21.664166666666663,31.412168506059693,7.824608333333336,7.923712808522026
2026-03-05 15:00:00,5,-19.124166666666664,-7.239166666666667,30.20332634303675,7.824608333333336,14.387086172193285
2026-03-05 16:00:00,5,-6.473333333333334,-1.6,41.144323573173125,29.63905448717948,35.6510155076798
2026-03-05 17:00:00,5,-2.705833333333333,14.526666666666666,70.07988523459161,46.30180930930932,64.1811628759029
2026-03-05 18:00:00,5,69.35833333333333,32.905,136.82596671857007,154.1575938967135,117.2764215900323
2026-03-05 19:00:00,5,111.5275,55.75333333333333,173.31063191395825,165.74901315789475,149.7351169576651
2026-03-05 20:00:00,5,99.21166666666666,62.07,150.77442227660046,144.11420321637425,131.28913728870074
2026-03-05 21:00:00,5,101.11083333333332,63.22083333333333,112.22774963986664,112.1991936936937,103.57285294650137
2026-03-05 22:00:00,5,78.36166666666666,64.2625,91.43283358835792,77.05030172413795,91.83273672044106
2026-03-05 23:00:00,5,69.68666666666667,56.6875,81.52395811142549,77.05030172413795,88.7107829276365
2026-03-06 00:00:00,5,70.7925,62.080000000000005,88.97510516455199,77.05030172413795,99.32754868845643
2026-03-06 01:00:00,5,65.76083333333334,57.91666666666666,111.7551867448417,98.32201901566002,100.04566674914395
2026-03-06 02:00:00,5,70.205,54.00333333333333,103.34597955192757,98.32201901566002,97.8334460435816
2026-03-06 03:00:00,5,73.71249999999999,58.65083333333334,95.85148778975162,98.32201901566002,97.30882225250181
2026-03-06 04:00:00,5,84.60166666666667,57.74916666666667,97.82192001504697,98.32201901566002,103.19468551165573
2026-03-06 05:00:00,5,91.925,66.56583333333333,111.89547463362507,98.32201901566002,115.9103039094115
2026-03-06 06:00:00,5,92.88583333333332,109.93,137.9990372576744,98.28589257503958,139.9820916370482
2026-03-06 07:00:00,5,106.99583333333334,112.1925,154.12580670211068,154.1575938967135,151.30426134539704
2026-03-06 08:00:00,5,50.79,50.71416666666667,138.28188087392118,118.97884488448844,116.03032615001894
2026-03-06 09:00:00,5,5.883333333333333,18.566666666666663,105.02747182700247,75.02306277056272,66.42030100448383
2026-03-06 10:00:00,5,28.174166666666665,10.370833333333334,80.73599777718633,43.7181784660767,35.66910747642921
2026-03-06 11:00:00,5,6.104166666666667,8.591666666666667,66.10253270042323,12.130443089430889,22.68025440570326
2026-03-06 12:00:00,5,1.98,9.709166666666668,44.94613894049165,-7.341724637681153,5.860036624853777
2026-03-06 13:00:00,5,-4.125,35.42916666666667,36.71790821202381,7.824608333333336,2.047970657508259
2026-03-06 14:00:00,5,-6.153333333333333,77.51416666666667,45.482852676320505,7.824608333333336,12.394912905535385
2026-03-06 15:00:00,5,-7.325833333333333,145.4225,56.052353998401806,29.63905448717948,26.832875125674676
2026-03-06 16:00:00,5,-1.385,109.955,77.27930067693477,29.63905448717948,44.49631167012196
2026-03-06 17:00:00,5,10.118333333333334,106.54166666666669,95.5756681427567,46.30180930930932,63.70677258518775
2026-03-06 18:00:00,5,65.10000000000001,90.5925,127.55798113701745,78.94009713701429,85.9872525729688
2026-03-06 19:00:00,5,77.80333333333333,66.8325,125.51900457294431,94.85151351351348,98.78840189901378
2026-03-06 20:00:00,5,80.40166666666666,61.20166666666666,104.02710556869175,78.94009713701429,91.22524936500099
2026-03-06 21:00:00,5,78.33,61.99333333333333,97.13602031816922,78.94009713701429,87.94896262468072
2026-03-06 22:00:00,5,74.84916666666666,74.45,90.55017340218545,77.05030172413795,86.43532574442392
2026-03-06 23:00:00,5,73.54416666666667,75.13166666666666,81.54447426943392,77.05030172413795,82.70828376650576
2026-03-07 00:00:00,5,74.97416666666668,114.32,88.57413137609073,77.05030172413795,88.9121978819362
2026-03-07 01:00:00,5,80.80499999999999,111.1,94.73271397409316,85.91925480769235,78.44172776730102
2026-03-07 02:00:00,5,77.57916666666667,55.26916666666667,84.54090644043147,85.91925480769235,73.98276147938
2026-03-07 03:00:00,5,62.711666666666666,54.65583333333333,67.77286727157606,85.91925480769235,72.07382385768106
2026-03-07 04:00:00,5,59.085,51.49916666666667,57.09628391499484,43.241205808080785,70.3498590592793
2026-03-07 05:00:00,5,66.72333333333333,22.51333333333333,54.87702248482823,85.91925480769235,72.25177208572681
2026-03-07 06:00:00,5,65.61333333333333,24.8925,52.87505239023977,85.91925480769235,74.62035121682179
2026-03-07 07:00:00,5,65.72500000000001,11.775,50.46899277428416,85.91925480769235,69.76239593533349
2026-03-07 08:00:00,5,8.033333333333333,2.681666666666666,44.321562953389446,25.355520833333326,41.84180344610628
2026-03-07 09:00:00,5,-4.278333333333333,0.8641666666666666,21.959231500063993,3.3909593023255806,13.183498123885187
2026-03-07 10:00:00,5,-5.910833333333333,0.6883333333333334,-2.29896806700647,3.3909593023255806,-13.059556560483742
2026-03-07 11:00:00,5,-4.703333333333333,3.0141666666666667,-10.103838192260739,-22.90243872549019,-18.604475382703896
2026-03-07 12:00:00,5,-9.304166666666667,9.7325,-19.32203229336652,-22.90243872549019,-26.104065309307316
2026-03-07 13:00:00,5,-15.998333333333331,12.624166666666667,-36.48421722514318,-22.90243872549019,-36.040200940014216
2026-03-07 14:00:00,5,-33.54916666666667,20.874166666666667,-50.304293329068344,-22.90243872549019,-41.646637868998454
2026-03-07 15:00:00,5,-42.00416666666667,79.68833333333333,-52.246559613246774,-36.37864141414144,-40.9965189640011
2026-03-07 16:00:00,5,-32.18666666666667,77.06083333333333,-13.48396480861274,-27.087356060606076,-24.879995676501366
2026-03-07 17:00:00,5,-9.198333333333332,71.71916666666667,16.10959271233518,-14.050735815602842,-6.485662220529434
2026-03-07 18:00:00,5,-0.1558333333333332,74.46416666666667,47.03935359295083,22.650599688473513,19.075516099332447
2026-03-07 19:00:00,5,8.720833333333333,73.58166666666666,55.39311506842638,22.650599688473513,38.191817595915445
2026-03-07 20:00:00,5,7.063333333333333,62.47666666666667,48.61901366184327,22.650599688473513,40.397028651632134
2026-03-07 21:00:00,5,0.5533333333333333,57.635,33.131409745688366,22.650599688473513,30.984869674684298
2026-03-07 22:00:00,5,-3.273333333333333,50.855,21.89732890621908,13.293813932980607,25.29546725235908
2026-03-07 23:00:00,5,-6.322500000000001,49.95250000000001,2.156342620941743,13.293813932980607,20.011045288978572
2026-03-08 00:00:00,5,-4.3125,51.895,1.2857763560290323,13.293813932980607,25.463238091146586
2026-03-08 01:00:00,5,-4.791666666666667,51.38,17.64470754530003,13.293813932980607,23.503444213798524
2026-03-08 02:00:00,5,-8.149166666666668,33.8325,3.4013672977215066,13.293813932980607,18.593663581099285
2026-03-08 03:00:00,5,-14.006666666666666,17.2925,-14.15679105272865,13.293813932980607,14.750057205858631
2026-03-08 04:00:00,5,-14.179166666666667,12.940833333333332,-31.078845711784496,13.293813932980607,11.422591483264164
2026-03-08 05:00:00,5,-14.120833333333332,15.825,-35.048176404270606,13.293813932980607,10.939324429477253
2026-03-08 06:00:00,5,-7.225,18.45,-21.958677986880005,13.293813932980607,16.921591061014936
2026-03-08 07:00:00,5,-5.4383333333333335,15.54,-22.449735957319717,27.086416666666665,16.071407807216552
2026-03-08 08:00:00,5,-37.928333333333335,12.524166666666666,-24.23195276992807,-14.012247311827956,-8.23209224153544
2026-03-08 09:00:00,5,-49.08166666666667,9.3375,-27.968945825786193,-14.012247311827956,-22.514174246994187
2026-03-08 10:00:00,5,-48.48333333333333,1.9741666666666664,-36.693936163662684,-22.90243872549019,-27.513874550403727
2026-03-08 11:00:00,5,-48.20166666666666,1.1816666666666666,-34.27112018196823,-22.90243872549019,-27.473097612389537
2026-03-08 12:00:00,5,-48.04916666666667,-0.3633333333333333,-29.331926043645822,-22.90243872549019,-30.019548097804602
2026-03-08 13:00:00,5,-55.501666666666665,-2.1633333333333336,-29.69645838565519,-17.855657453936356,-26.259239642110245
2026-03-08 14:00:00,5,-64.4675,18.004166666666666,-37.41739336637998,-46.829107142857126,-31.168476563602212
2026-03-08 15:00:00,5,-65.71333333333332,38.017500000000005,-28.53154183532037,-22.90243872549019,-25.289635818946095
2026-03-08 16:00:00,5,-49.875,10.580833333333333,-0.4656807347284513,-22.90243872549019,-9.436368514133093
2026-03-08 17:00:00,5,-12.533333333333331,27.4275,24.750286419618227,-6.399042904290429,9.737499118373435
2026-03-08 18:00:00,5,20.844166666666663,37.8175,35.41287910456525,26.364346153846153,35.653688301131005
2026-03-08 19:00:00,5,57.5325,39.439166666666665,41.17020956524733,26.364346153846153,60.41750782546496
2026-03-08 20:00:00,5,57.9125,49.1375,76.10032116772226,90.77113636363634,85.64230607847716
2026-03-08 21:00:00,5,34.10666666666666,11.77,81.49011395032075,123.08864819004525,88.67450268178814
2026-03-08 22:00:00,5,28.6275,9.89,89.22033145965744,98.32201901566002,92.68164755869549
2026-03-08 23:00:00,5,24.0375,7.194166666666667,92.02292197193398,98.32201901566002,92.80526889742752
2026-03-09 00:00:00,5,58.97416666666666,17.885833333333334,111.75573848809901,98.32201901566002,99.73613728822455
2026-03-09 01:00:00,5,61.583333333333336,16.061666666666667,137.71506013867287,98.32201901566002,78.55164373267472
2026-03-09 02:00:00,5,66.79416666666667,22.680833333333336,114.65053513031225,98.32201901566002,83.83627201977284
2026-03-09 03:00:00,5,63.32916666666667,45.93,88.28829058786012,75.74153703703699,78.43997998186799
2026-03-09 04:00:00,5,69.72500000000001,44.49,77.00315374429206,75.74153703703699,79.12140049246003
2026-03-09 05:00:00,5,71.94083333333333,48.431666666666665,58.665858336781994,75.74153703703699,77.84993113730442
2026-03-09 06:00:00,5,72.085,52.76916666666667,43.12086905261813,85.91925480769235,72.90039223990662
2026-03-09 07:00:00,5,64.5825,58.7375,33.05586942689654,85.91925480769235,60.98394623696311
2026-03-09 08:00:00,5,7.460000000000001,68.37666666666667,46.06918569152242,3.3909593023255806,30.85524529118195
2026-03-09 09:00:00,5,-17.20416666666667,82.93166666666666,14.962114036986279,3.3909593023255806,-1.3220573157853863
2026-03-09 10:00:00,5,-12.915,90.60416666666669,-38.02761564017379,-7.341724637681153,-23.459089604956546
2026-03-09 11:00:00,5,-13.989166666666668,92.2575,-60.45821406857554,-22.90243872549019,-31.025422321538542
2026-03-09 12:00:00,5,-18.929166666666664,63.69333333333333,-64.59858788572664,-35.031792035398226,-36.311425842477036
2026-03-09 13:00:00,5,-27.0725,40.935833333333335,-41.66808959881938,-22.90243872549019,-24.923453858678045
2026-03-09 14:00:00,5,-17.486666666666668,37.1875,-1.1233532301807685,7.824608333333336,5.2753149233752765
2026-03-09 15:00:00,5,-0.5633333333333334,50.44083333333333,37.15991263845427,12.130443089430889,37.078723388455614
2026-03-09 16:00:00,5,-1.2758333333333334,65.07166666666667,82.66142844448842,75.02306277056272,69.16652087556835
2026-03-09 17:00:00,5,-1.2958333333333334,65.86916666666667,71.70098113513677,78.94009713701429,72.29994693367209
2026-03-09 18:00:00,5,15.1025,69.98416666666667,66.49520455588038,40.80346055979643,59.72479752474212
2026-03-09 19:00:00,5,81.53666666666666,74.28833333333334,97.39754734352766,78.94009713701429,83.54989866122862
2026-03-09 20:00:00,5,86.03333333333335,75.6075,107.32057239437265,78.94009713701429,104.46550057011771
2026-03-09 21:00:00,5,86.38083333333333,79.08666666666666,101.53985356714908,123.08864819004525,103.37575543716936
2026-03-09 22:00:00,5,78.2625,80.27583333333334,86.58603715353715,123.08864819004525,91.79973497888328
2026-03-09 23:00:00,5,89.07916666666667,68.405,78.18297584124586,98.32201901566002,88.58976391532836
2026-03-10 00:00:00,5,92.65,71.29166666666667,99.62767596458119,123.08864819004525,100.01483626714182
2026-03-10 01:00:00,5,81.765,68.3275,129.7483020756548,98.32201901566002,96.10209920483001
2026-03-10 02:00:00,5,73.16083333333334,65.21083333333333,119.29367057642062,98.32201901566002,92.27110631176805
2026-03-10 03:00:00,5,70.645,65.11,116.47778006401072,98.32201901566002,89.92005427158989
2026-03-10 04:00:00,5,73.93833333333333,65.30333333333333,119.8306425620976,98.32201901566002,93.59997781009673
2026-03-10 05:00:00,5,84.98666666666666,75.52083333333333,126.39622997724808,98.32201901566002,104.99497383708457
2026-03-10 06:00:00,5,94.7325,102.70416666666668,152.9608487175776,123.08864819004525,132.0132486361593
2026-03-10 07:00:00,5,111.765,125.32583333333334,178.93717156146272,154.1575938967135,154.71086492459233
2026-03-10 08:00:00,5,33.625,110.85333333333334,168.00839902450457,118.97884488448844,113.03270232395597
2026-03-10 09:00:00,5,9.243333333333332,74.1925,136.09521488871903,75.02306277056272,65.96674151413475
2026-03-10 10:00:00,5,-0.6550000000000001,39.49583333333333,99.32188865329056,43.7181784660767,35.32613958904434
2026-03-10 11:00:00,5,-2.846666666666667,13.859166666666669,67.25039526904818,29.63905448717948,22.678303083145387
2026-03-10 12:00:00,5,-1.0291666666666668,6.0183333333333335,56.0504267456494,29.63905448717948,16.233555064707396
2026-03-10 13:00:00,5,30.465,6.211666666666666,72.87422408348449,29.63905448717948,25.242779912004835
2026-03-10 14:00:00,5,35.93833333333333,-0.1275,107.59856110050475,43.7181784660767,48.75981660599214
2026-03-10 15:00:00,5,39.21583333333333,3.5925,119.24922387076143,75.02306277056272,69.24446740723258
2026-03-10 16:00:00,5,57.905,21.704166666666666,130.52960122534748,87.21628360215057,102.10134993365753
2026-03-10 17:00:00,5,72.4075,49.66083333333333,175.73524336232475,129.84442234848493,148.0758157912882
2026-03-10 18:00:00,5,112.51083333333334,63.17583333333334,202.9276250730435,194.91157051282056,179.5741003372866
2026-03-10 19:00:00,5,114.76166666666666,71.88250000000001,189.17837429939544,129.84442234848493,176.52514059840755
2026-03-10 20:00:00,5,85.07833333333333,73.10833333333333,152.15900352741045,129.84442234848493,146.01001354508423
2026-03-10 21:00:00,5,63.0625,72.33416666666666,143.1539245409248,129.84442234848493,136.43751272259652
2026-03-10 22:00:00,5,56.245000000000005,67.28333333333333,146.59793221544038,130.75478787878794,122.9002798303735
2026-03-10 23:00:00,5,49.71666666666667,59.9125,147.5188270859177,123.08864819004525,109.92832838597803
2026-03-11 00:00:00,5,19.9625,70.00416666666666,119.10691774084262,98.28589257503958,112.11828468689222
2026-03-11 01:00:00,5,6.5491666666666655,70.6475,100.48371862727976,98.32201901566002,90.85774347053388
2026-03-11 02:00:00,5,-0.4416666666666666,72.8625,41.75366792705779,35.33289603960395,57.26926721557294
2026-03-11 03:00:00,5,-3.8083333333333336,71.99666666666667,-12.323174649716222,13.293813932980607,30.393881065116844
2026-03-11 04:00:00,5,-6.095833333333334,74.84583333333333,-33.10065907328651,13.293813932980607,21.344395249590818
2026-03-11 05:00:00,5,-7.009166666666666,84.75666666666667,-28.890092262617202,13.293813932980607,29.070172400643408
2026-03-11 06:00:00,5,-5.605,88.15583333333332,-2.1996141206830515,0.9389149305555562,41.90342556360632
2026-03-11 07:00:00,5,-1.115,87.85666666666667,10.887502230112148,40.80346055979643,49.93632160849825
2026-03-11 08:00:00,5,-5.120833333333334,91.21666666666664,18.106768767406216,40.80346055979643,41.87308378786075
2026-03-11 09:00:00,5,-5.9025,72.9975,13.04646785025686,40.80346055979643,37.608160055438766
2026-03-11 10:00:00,5,-4.4025,37.178333333333335,33.81776034910489,40.80346055979643,46.18235587292045
2026-03-11 11:00:00,5,2.0425000000000004,25.72833333333333,29.956857336472304,40.80346055979643,42.52887402997669
2026-03-11 12:00:00,5,28.325,9.753333333333332,79.3619156383438,78.94009713701429,64.31311874565031
2026-03-11 13:00:00,5,-2.16,14.5225,84.20986547093852,78.94009713701429,70.22968400096207
2026-03-11 14:00:00,5,-12.379166666666668,11.152500000000002,77.23991397464027,78.94009713701429,67.72046858845098
2026-03-11 15:00:00,5,-28.593333333333334,-3.205,53.9968941793106,68.73163398692813,52.423141152957996
2026-03-11 16:00:00,5,-38.6775,-90.42916666666667,-5.984892774956037,0.9389149305555562,2.559212418781456
2026-03-11 17:00:00,5,-16.815833333333334,3.035833333333334,-2.7107777156656,40.80346055979643,6.508916504287683
2026-03-11 18:00:00,5,-7.955000000000001,61.67666666666667,6.289226997545597,40.80346055979643,12.766987877029344
2026-03-11 19:00:00,5,-2.0325,92.4675,18.85223135499512,40.80346055979643,25.447802953423036
2026-03-11 20:00:00,5,11.785833333333334,89.91000000000001,28.45906969759151,40.80346055979643,34.40340633630273
2026-03-11 21:00:00,5,10.494166666666668,85.92750000000001,27.49288515349663,68.73163398692813,37.92041210554142
2026-03-11 22:00:00,5,10.7925,88.68583333333333,30.152676935627518,68.73163398692813,50.12437398818455
2026-03-11 23:00:00,5,10.980833333333337,85.44083333333333,17.59124053857191,35.33289603960395,49.69624424542163
2026-03-12 00:00:00,5,15.050833333333337,88.51416666666667,17.641694789028456,35.33289603960395,56.88298483057254
2026-03-12 01:00:00,5,8.631666666666666,97.00916666666666,30.503521453603376,35.33289603960395,45.16849016694434
2026-03-12 02:00:00,5,8.471666666666666,96.21,5.918932041263247,27.086416666666665,31.992486316855874
2026-03-12 03:00:00,5,9.151666666666667,100.18083333333334,-5.023512528954669,27.086416666666665,28.498227254180428
2026-03-12 04:00:00,5,13.478333333333332,98.8325,-7.713859040424936,27.086416666666665,31.864068791506604
2026-03-12 05:00:00,5,21.596666666666668,99.30833333333334,3.239451752630245,48.13028005464481,39.19088604656134
2026-03-12 06:00:00,5,21.665000000000003,114.91666666666669,33.44356567359508,46.39790719696969,65.1250630234448
2026-03-12 07:00:00,5,25.831666666666667,137.81166666666667,77.26439587307152,78.94009713701429,94.94715397066523
2026-03-12 08:00:00,5,8.61,72.53666666666666,51.89827597704313,46.30180930930932,51.24437204881149
2026-03-12 09:00:00,5,-5.738333333333333,7.010000000000001,10.14162716044779,22.650599688473513,3.8878979677785708
2026-03-12 10:00:00,5,-5.039166666666667,-7.212499999999999,-11.788527785603563,4.948414918414915,-10.516104345953678
2026-03-12 11:00:00,5,-7.864999999999999,-8.636666666666667,-25.347354357252485,-14.050735815602842,-14.442261240185559
2026-03-12 12:00:00,5,-14.517499999999998,-4.8341666666666665,-33.98309691141438,-14.050735815602842,-13.578984468898327
2026-03-12 13:00:00,5,-20.0925,-4.960833333333333,-36.44311531374365,-14.050735815602842,-24.23601684274381
2026-03-12 14:00:00,5,-21.71083333333333,-5.801666666666667,-39.05756419738846,-14.050735815602842,-24.470293833921104
2026-03-12 15:00:00,5,-16.311666666666664,-19.124166666666664,-28.13921504908808,-14.050735815602842,-23.93203108956874
2026-03-12 16:00:00,5,-16.4625,-6.473333333333334,-14.101159782036646,-14.050735815602842,-22.83186571124797
2026-03-12 17:00:00,5,-4.6525,-2.705833333333333,13.396948278131227,0.9389149305555562,-0.0711097309549018
2026-03-12 18:00:00,5,-4.134166666666666,69.35833333333333,40.15598295931545,25.384113149847092,16.807007473134647
2026-03-12 19:00:00,5,7.266666666666667,111.5275,66.09009453115185,25.384113149847092,45.24272074618574
2026-03-12 20:00:00,5,9.203333333333331,99.21166666666666,81.07674936155317,78.94009713701429,61.60465633487753
2026-03-12 21:00:00,5,13.465833333333334,101.11083333333332,74.09126049051574,78.94009713701429,61.04294073607643
2026-03-12 22:00:00,5,18.82166666666667,78.36166666666666,51.253007498140555,68.73163398692813,49.660026437293254
2026-03-12 23:00:00,5,13.281666666666666,69.68666666666667,25.797819898963127,48.13028005464481,41.79594042472789
2026-03-13 00:00:00,5,15.409999999999998,70.7925,24.881558290956043,48.13028005464481,46.03270904260036
2026-03-13 01:00:00,5,6.787499999999999,65.76083333333334,37.62525592102178,48.13028005464481,36.972777766378634
2026-03-13 02:00:00,5,0.7141666666666667,70.205,17.439557951070547,27.086416666666665,29.271123525273396
2026-03-13 03:00:00,5,0.4516666666666666,73.71249999999999,3.486848701222641,27.086416666666665,22.037346046059916
2026-03-13 04:00:00,5,5.514166666666667,84.60166666666667,1.9302518153007924,27.086416666666665,25.652503317882243
2026-03-13 05:00:00,5,12.024166666666666,91.925,12.645633448812163,48.13028005464481,35.166055083746535
2026-03-13 06:00:00,5,17.738333333333333,92.88583333333332,51.598572174080225,68.73163398692813,55.66653122249856
2026-03-13 07:00:00,5,21.156666666666663,106.99583333333334,86.1934337569988,99.52381535947715,80.9812851202086
2026-03-13 08:00:00,5,-3.6341666666666654,50.79,59.91657635741677,26.364346153846153,49.74891523717887
2026-03-13 09:00:00,5,-13.791666666666666,5.883333333333333,13.84898495122058,22.650599688473513,4.227998494416482
2026-03-13 10:00:00,5,-28.39,28.174166666666665,5.000832624616081,4.948414918414915,-11.601565897827783
2026-03-13 11:00:00,5,-15.0075,6.104166666666667,-11.533469640910283,-14.012247311827956,-23.037265200511214
2026-03-13 12:00:00,5,-17.32,1.98,-31.345474905742364,-22.90243872549019,-32.77815916031548
2026-03-13 13:00:00,5,-34.12833333333333,-4.125,-36.25644705062517,-22.90243872549019,-48.157027511718084
2026-03-13 14:00:00,5,-32.44166666666666,-6.153333333333333,-21.9702264154446,-22.90243872549019,-35.49482373959681
2026-03-13 15:00:00,5,-33.99916666666666,-7.325833333333333,16.565850957460327,-22.90243872549019,-23.89561095772673
2026-03-13 16:00:00,5,-22.079166666666666,-1.385,20.651291002191293,-14.012247311827956,-10.922054679550413
2026-03-13 17:00:00,5,-4.888333333333333,10.118333333333334,51.290719975861585,4.948414918414915,7.140455416933094
2026-03-13 18:00:00,5,15.8125,65.10000000000001,83.22967359940411,26.364346153846153,46.8605438057273
2026-03-13 19:00:00,5,14.47,77.80333333333333,98.37377271260667,99.52381535947715,83.92234103693873
2026-03-13 20:00:00,5,9.99,80.40166666666666,104.56091524137373,112.1991936936937,92.75235034749372
2026-03-13 21:00:00,5,6.633333333333333,78.33,89.83403345707711,77.05030172413795,78.76439132757938
2026-03-13 22:00:00,5,8.374166666666666,74.84916666666666,81.47904278444689,77.05030172413795,71.0134091396182
2026-03-13 23:00:00,5,7.645,73.54416666666667,70.4365544964446,85.91925480769235,67.9061688179397
2026-03-14 00:00:00,5,6.02,74.97416666666668,82.81381754035544,85.91925480769235,70.6339703822027
2026-03-14 01:00:00,5,-0.4208333333333333,80.80499999999999,97.21217854559262,85.91925480769235,62.995827246319436
2026-03-14 02:00:00,5,-3.751666666666667,77.57916666666667,68.16219282245817,85.91925480769235,59.37299202874437
2026-03-14 03:00:00,5,-4.2125,62.711666666666666,59.57139788984126,43.241205808080785,57.92594971584117
2026-03-14 04:00:00,5,-1.595,59.085,60.2570041568399,75.74153703703699,64.31887514558574
2026-03-14 05:00:00,5,9.580833333333333,66.72333333333333,60.424402709680166,98.32201901566002,75.46852133804197
2026-03-14 06:00:00,5,12.515,65.61333333333333,79.3301541243624,98.32201901566002,88.40494715155053
2026-03-14 07:00:00,5,8.609166666666667,65.72500000000001,92.78180433050748,98.28589257503958,89.47442802864386
2026-03-14 08:00:00,5,-4.113333333333333,8.033333333333333,91.09234689369464,43.7181784660767,46.17349195360545
2026-03-14 09:00:00,5,-7.185,-4.278333333333333,73.56908569777275,3.3909593023255806,9.251568498754168
2026-03-14 10:00:00,5,-30.27333333333333,-5.910833333333333,39.80659140327922,-7.341724637681153,-10.353689756195266
2026-03-14 11:00:00,5,-39.02,-4.703333333333333,17.557052244701715,-17.855657453936356,-13.030847208183346
2026-03-14 12:00:00,5,-40.056666666666665,-9.304166666666667,-2.2995037314280182,-17.855657453936356,-15.347291095710844
2026-03-14 13:00:00,5,-36.01833333333333,-15.998333333333331,-4.879952430344062,-84.4554867986799,-11.889464962105606
2026-03-14 14:00:00,5,-34.89416666666667,-33.54916666666667,10.532605436161546,-17.855657453936356,-2.130852892803162
2026-03-14 15:00:00,5,-30.274999999999995,-42.00416666666667,36.169282143918906,-17.855657453936356,-0.8403674920891433
2026-03-14 16:00:00,5,-14.909999999999998,-32.18666666666667,31.000578442470136,7.824608333333336,5.681256736877501
2026-03-14 17:00:00,5,-3.3025,-9.198333333333332,49.696347130704574,29.63905448717948,27.701889790113434
2026-03-14 18:00:00,5,44.09583333333333,-0.1558333333333332,71.18301533227212,46.30180930930932,55.370712354227095
2026-03-14 19:00:00,5,56.767500000000005,8.720833333333333,90.40190263188612,77.05030172413795,87.43052461890261
2026-03-14 20:00:00,5,55.553333333333335,7.063333333333333,103.75261667501692,77.05030172413795,104.52622229052828
2026-03-14 21:00:00,5,55.17083333333333,0.5533333333333333,103.56111874997484,98.28589257503958,102.37508290358723
2026-03-14 22:00:00,5,50.285,-3.273333333333333,104.8883624426106,98.28589257503958,101.25446592439202
2026-03-14 23:00:00,5,48.70166666666666,-6.322500000000001,95.53321820745505,98.32201901566002,97.37858855168083
2026-03-15 00:00:00,5,52.9975,-4.3125,103.54170848598307,98.32201901566002,102.00105555144796
2026-03-15 01:00:00,5,47.33916666666667,-4.791666666666667,138.35351463211168,98.32201901566002,79.65134242698852
2026-03-15 02:00:00,5,49.48833333333334,-8.149166666666668,124.62969155614988,98.32201901566002,77.35351668814391
2026-03-15 03:00:00,5,48.34166666666667,-14.006666666666666,103.77904274541825,75.74153703703699,74.86380055472522
2026-03-15 04:00:00,5,47.52916666666667,-14.179166666666667,95.91644558960611,75.74153703703699,74.2124474356078
2026-03-15 05:00:00,5,45.24916666666667,-14.120833333333332,95.15929345932861,75.74153703703699,75.4891764785366
2026-03-15 06:00:00,5,48.6075,-7.225,93.30079717530326,71.77225206611574,78.37156217374242
2026-03-15 07:00:00,5,39.2075,-5.4383333333333335,82.71470076643227,71.77225206611574,74.9383596262632
2026-03-15 08:00:00,5,-3.26,-37.928333333333335,61.565838108635205,3.3909593023255806,29.36622901476803
2026-03-15 09:00:00,5,-5.420833333333333,-49.08166666666667,37.47379490838535,-7.341724637681153,-9.242705303303339
2026-03-15 10:00:00,5,-8.955,-48.48333333333333,16.149928175055024,-7.341724637681153,-19.862115588231333
2026-03-15 11:00:00,5,-7.888333333333333,-48.20166666666666,2.7357340742124876,-17.855657453936356,-18.190822935290598
2026-03-15 12:00:00,5,-8.485,-48.04916666666667,-11.038530508937228,-17.855657453936356,-20.944628060332903
2026-03-15 13:00:00,5,-8.283333333333333,-55.501666666666665,-9.867461581024372,-17.855657453936356,-15.803444313585345
2026-03-15 14:00:00,5,-7.336666666666667,-64.4675,15.405949059133377,-17.855657453936356,-6.826103630206148
2026-03-15 15:00:00,5,-6.986666666666667,-65.71333333333332,53.86894854760075,7.824608333333336,15.07714892233507
2026-03-15 16:00:00,5,27.25333333333333,-49.875,94.5086235739386,43.7181784660767,46.50167637603997
2026-03-15 17:00:00,5,60.04,-12.533333333333331,89.3527491271243,78.94009713701429,66.46358573970646
2026-03-15 18:00:00,5,85.43333333333334,20.844166666666663,91.36261685066499,78.94009713701429,81.41072808105201
2026-03-15 19:00:00,5,88.58666666666666,57.5325,97.76773978934335,78.94009713701429,95.75114101054461
2026-03-15 20:00:00,5,96.7625,57.9125,104.51650824563461,112.1991936936937,96.97013382196837
2026-03-15 21:00:00,5,105.21916666666664,34.10666666666666,85.08204451775117,98.28589257503958,92.83835794052571
2026-03-15 22:00:00,5,91.44666666666666,28.6275,85.48021744827072,98.28589257503958,93.35434137198801
2026-03-15 23:00:00,5,83.46083333333333,24.0375,65.23599665255726,71.77225206611574,85.35983892870635
2026-03-16 00:00:00,5,73.71833333333333,58.97416666666666,73.14757428094431,98.28589257503958,89.90385790624781
2026-03-16 01:00:00,5,65.85166666666667,61.583333333333336,95.16665298702787,71.77225206611574,78.36241276926644
2026-03-16 02:00:00,5,58.7925,66.79416666666667,99.31625199050694,71.77225206611574,78.73375933178193
2026-03-16 03:00:00,5,59.5575,63.32916666666667,104.19985114683939,71.77225206611574,72.97622287952285
2026-03-16 04:00:00,5,59.335,69.72500000000001,93.30906191716336,71.77225206611574,75.87940455399024
2026-03-16 05:00:00,5,69.60000000000001,71.94083333333333,84.88448867315329,71.77225206611574,88.12368648433099
2026-03-16 06:00:00,5,82.02499999999999,72.085,72.21834070713193,77.05030172413795,99.01201247757041
2026-03-16 07:00:00,5,81.855,64.5825,107.61592544405174,154.1575938967135,125.75715191243262
2026-03-16 08:00:00,5,50.642500000000005,7.460000000000001,131.26670702365766,87.21628360215057,112.3621003787953
2026-03-16 09:00:00,5,95.65916666666668,-17.20416666666667,144.43907262789168,118.97884488448844,115.48835428775448
2026-03-16 10:00:00,5,105.22833333333334,-12.915,129.07703714354807,87.21628360215057,82.01051206366184
2026-03-16 11:00:00,5,119.36666666666667,-13.989166666666668,116.24040478138718,78.94009713701429,66.59207939463448
2026-03-16 12:00:00,5,140.80416666666667,-18.929166666666664,112.53546372439479,78.94009713701429,70.17779037171422
2026-03-16 13:00:00,5,118.02,-27.0725,114.57934622322978,87.21628360215057,80.99062536324035
2026-03-16 14:00:00,5,109.7425,-17.486666666666668,126.27940588662858,118.97884488448844,92.11923981377407
2026-03-16 15:00:00,5,124.03083333333332,-0.5633333333333334,164.48369302191716,118.97884488448844,115.38087075810813
2026-03-16 16:00:00,5,148.42749999999998,-1.2758333333333334,167.96757583974275,118.97884488448844,132.3527878835877
2026-03-16 17:00:00,5,144.13083333333333,-1.2958333333333334,168.01859167365427,129.84442234848493,154.01523152447388
2026-03-16 18:00:00,5,134.74666666666667,15.1025,172.71344835562985,129.84442234848493,163.84362001706228
2026-03-16 19:00:00,5,123.24666666666668,81.53666666666666,167.58656120849156,129.84442234848493,154.20126744069148
2026-03-16 20:00:00,5,107.325,86.03333333333335,153.19456042283076,130.75478787878794,133.47039975599353
2026-03-16 21:00:00,5,100.0875,86.38083333333333,148.02500093297812,130.75478787878794,118.30792239202086
2026-03-16 22:00:00,5,98.55666666666669,78.2625,127.94975018644172,98.28589257503958,100.96889563272711
2026-03-16 23:00:00,5,99.9825,89.07916666666667,104.78879759743774,98.28589257503958,89.85113324718532
2026-03-17 00:00:00,5,101.55833333333334,92.65,112.42148867286896,98.28589257503958,95.13604556978154
2026-03-17 01:00:00,5,98.54333333333334,81.765,129.2276704982042,98.28589257503958,87.0315148050727
2026-03-17 02:00:00,5,97.27666666666666,73.16083333333334,111.87055375773426,71.77225206611574,82.16568441422852
2026-03-17 03:00:00,5,97.03666666666668,70.645,99.31419051025227,71.77225206611574,81.26406333764075
2026-03-17 04:00:00,5,98.43166666666669,73.93833333333333,88.55836061311017,71.77225206611574,84.5023956160249
2026-03-17 05:00:00,5,98.46666666666664,84.98666666666666,89.59191148954419,71.77225206611574,94.7947876170062
2026-03-17 06:00:00,5,127.46416666666666,94.7325,109.43548881806231,98.28589257503958,115.07517441554347
2026-03-17 07:00:00,5,128.76250000000002,111.765,136.84529980321278,154.1575938967135,136.78494072182315
2026-03-17 08:00:00,5,132.70583333333337,33.625,144.66604806231027,154.1575938967135,139.88377762217368
2026-03-17 09:00:00,5,131.7175,9.243333333333332,124.34446172775569,154.1575938967135,124.21189067554792
2026-03-17 10:00:00,5,122.54416666666668,-0.6550000000000001,104.35032131606903,87.21628360215057,90.57192540874206
2026-03-17 11:00:00,5,87.01333333333334,-2.846666666666667,86.09163820666295,75.02306277056272,66.15900961688631
2026-03-17 12:00:00,5,81.06166666666667,-1.0291666666666668,68.43144163247467,75.02306277056272,48.84842594931544
2026-03-17 13:00:00,5,87.03666666666668,30.465,62.216379761389746,46.30180930930932,46.448716048144306
2026-03-17 14:00:00,5,85.70166666666667,35.93833333333333,54.288280143660884,46.30180930930932,36.15474483249687
2026-03-17 15:00:00,5,75.865,39.21583333333333,50.266813454637905,46.30180930930932,35.176811425842764
2026-03-17 16:00:00,5,92.81333333333332,57.905,58.62212782555801,46.30180930930932,44.872157944443614
2026-03-17 17:00:00,5,119.12,72.4075,96.76396284057715,78.94009713701429,76.72316452952725
2026-03-17 18:00:00,5,120.26666666666668,112.51083333333334,117.64525331763997,154.1575938967135,100.26582963927144
2026-03-17 19:00:00,5,113.69916666666666,114.76166666666666,119.8957386174851,112.1991936936937,112.73219803052204
2026-03-17 20:00:00,5,110.3575,85.07833333333333,118.04608334542837,112.1991936936937,109.78909278233579
2026-03-17 21:00:00,5,114.45583333333332,63.0625,96.701417261512,77.05030172413795,90.73433383678673
2026-03-17 22:00:00,5,113.255,56.245000000000005,79.12350632108799,77.05030172413795,80.03347677197709
2026-03-17 23:00:00,5,95.32833333333332,49.71666666666667,66.14802203030251,71.77225206611574,76.43554818806574
2026-03-18 00:00:00,6,102.55166666666666,19.9625,72.91781444678624,76.89763429752067,80.2254075615914
2026-03-18 01:00:00,6,88.94,6.5491666666666655,100.03583943075475,76.89763429752067,78.45762960879716
2026-03-18 02:00:00,6,92.82583333333334,-0.4416666666666666,89.33122828962176,76.89763429752067,76.1044094310448
2026-03-18 03:00:00,6,88.55083333333333,-3.8083333333333336,76.02964686349442,74.61619270833332,72.60776145502966
2026-03-18 04:00:00,6,91.18083333333334,-6.095833333333334,75.03429322263705,76.89763429752067,76.77920640106721
2026-03-18 05:00:00,6,96.76833333333332,-7.009166666666666,87.402515932018,76.89763429752067,89.17458463387806
2026-03-18 06:00:00,6,101.21083333333333,-5.605,113.51671112197533,80.90716013071899,116.94326274265319
2026-03-18 07:00:00,6,112.04916666666666,-1.115,146.43020152996445,116.98252670940171,138.18866344626701
2026-03-18 08:00:00,6,92.605,-5.120833333333334,146.93492242050547,85.24106512141279,101.45869911742142
2026-03-18 09:00:00,6,73.2725,-5.9025,134.4259446169977,69.71796348314604,63.886470596836155
2026-03-18 10:00:00,6,72.575,-4.4025,104.04839589232613,69.71796348314604,37.97535001232443
2026-03-18 11:00:00,6,74.51333333333334,2.0425000000000004,91.5402800065855,43.99690833333333,35.219270711803404
2026-03-18 12:00:00,6,70.41333333333334,28.325,70.77118177342756,11.019604051565384,34.81194684759547
2026-03-18 13:00:00,6,75.15833333333333,-2.16,60.625797924914394,11.019604051565384,31.987424540628716
2026-03-18 14:00:00,6,81.17,-12.379166666666668,36.363765811713385,11.019604051565384,13.020467409105827
2026-03-18 15:00:00,6,82.78750000000001,-28.593333333333334,13.524347091739024,11.019604051565384,-0.6088217797251474
2026-03-18 16:00:00,6,112.00833333333333,-38.6775,-9.725082244966146,24.384262452107276,2.940294438297002
2026-03-18 17:00:00,6,125.60416666666669,-16.815833333333334,61.162413100207345,70.45042748917747,49.7341588092704
2026-03-18 18:00:00,6,119.28083333333336,-7.955000000000001,101.32127703707485,70.45042748917747,82.1247836035819
2026-03-18 19:00:00,6,117.6825,-2.0325,122.59260946464465,116.98252670940171,102.29857775859384
2026-03-18 20:00:00,6,103.33916666666666,11.785833333333334,119.32812206034777,116.98252670940171,102.55709055950409
2026-03-18 21:00:00,6,100.5725,10.494166666666668,104.9879664871537,101.48539855072465,93.78099088048472
2026-03-18 22:00:00,6,118.3975,10.7925,101.1458352673768,101.48539855072465,91.3169130003755
2026-03-18 23:00:00,6,97.77166666666666,10.980833333333337,85.4098064543865,101.48539855072465,86.52075678989189
2026-03-19 00:00:00,6,91.26083333333334,15.050833333333337,89.37068330494836,80.90716013071899,93.8900715652166
2026-03-19 01:00:00,6,93.495,8.631666666666666,114.73143344362128,76.89763429752067,90.59717113749142
2026-03-19 02:00:00,6,93.49333333333334,8.471666666666666,98.94486020746507,76.89763429752067,85.55394819018171
2026-03-19 03:00:00,6,92.8375,9.151666666666667,83.97337150916125,76.89763429752067,82.21190722657688
2026-03-19 04:00:00,6,94.83916666666666,13.478333333333332,80.85322475208338,76.89763429752067,85.84881825615945
2026-03-19 05:00:00,6,110.69,21.596666666666668,89.4556934349261,76.89763429752067,97.67159999123956
2026-03-19 06:00:00,6,131.79166666666666,21.665000000000003,112.33387514962466,101.48539855072465,118.10455199428179
2026-03-19 07:00:00,6,132.04166666666666,25.831666666666667,146.5845040828438,116.98252670940171,140.11383761566674
2026-03-19 08:00:00,6,136.95416666666668,8.61,108.39099810282616,116.98252670940171,98.98853681328123
2026-03-19 09:00:00,6,147.11499999999998,-5.738333333333333,82.57737730458113,70.45042748917747,73.02123742033469
2026-03-19 10:00:00,6,135.36083333333332,-5.039166666666667,73.46787165634709,70.45042748917747,52.20396711342675
2026-03-19 11:00:00,6,119.80583333333334,-7.864999999999999,59.48327153229831,93.00089622641512,40.70090655870561
2026-03-19 12:00:00,6,105.16,-14.517499999999998,66.00009723904843,41.76366459627331,41.53722849964465
2026-03-19 13:00:00,6,97.52583333333332,-20.0925,62.40449719405709,41.76366459627331,35.330928156409314
2026-03-19 14:00:00,6,92.55333333333334,-21.71083333333333,45.882695350831085,41.76366459627331,21.4036607328785
2026-03-19 15:00:00,6,94.46083333333333,-16.311666666666664,42.84195116098573,41.76366459627331,28.13890457075226
2026-03-19 16:00:00,6,92.40333333333336,-16.4625,63.879533758382124,41.76366459627331,44.79423109586912
2026-03-19 17:00:00,6,94.39333333333332,-4.6525,77.00731963682985,93.00089622641512,66.42893282039202
2026-03-19 18:00:00,6,128.67083333333332,-4.134166666666666,120.4606208420611,93.00089622641512,100.50519580863742
2026-03-19 19:00:00,6,137.4333333333333,7.266666666666667,144.6370703817249,116.98252670940171,125.38023012176538
2026-03-19 20:00:00,6,127.405,9.203333333333331,138.64024704928653,116.98252670940171,122.96412123481419
2026-03-19 21:00:00,6,111.12166666666668,13.465833333333334,125.34518196650502,116.98252670940171,110.6574690557405
2026-03-19 22:00:00,6,97.9275,18.82166666666667,98.59829395983752,101.48539855072465,97.43657750762267
2026-03-19 23:00:00,6,98.37,13.281666666666666,78.64290717188084,101.48539855072465,90.03444426654107
2026-03-20 00:00:00,6,102.71,15.409999999999998,83.9494091753806,101.48539855072465,99.1356821743722
2026-03-20 01:00:00,6,93.79833333333332,6.787499999999999,100.18692928408004,95.99805669398899,94.3896435950077
2026-03-20 02:00:00,6,86.49000000000001,0.7141666666666667,90.30703307695933,95.99805669398899,91.1458006114453
2026-03-20 03:00:00,6,81.63833333333334,0.4516666666666666,82.80651168174978,95.99805669398899,89.48452127047858
2026-03-20 04:00:00,6,86.93666666666667,5.514166666666667,83.28972876428782,95.99805669398899,92.55243303679336
2026-03-20 05:00:00,6,105.56833333333331,12.024166666666666,94.71074219427763,95.99805669398899,103.73548469229442
2026-03-20 06:00:00,6,134.64083333333335,17.738333333333333,117.89813931625253,101.48539855072465,127.70375361097145
2026-03-20 07:00:00,6,142.0716666666667,21.156666666666663,150.04439977898556,116.98252670940171,148.1673641215693
2026-03-20 08:00:00,6,121.24416666666669,-3.6341666666666654,132.44354312780013,85.24106512141279,118.97649495192724
2026-03-20 09:00:00,6,106.20583333333332,-13.791666666666666,103.90593925372386,85.24106512141279,73.13564897590226
2026-03-20 10:00:00,6,66.61666666666666,-28.39,99.86349722233513,69.71796348314604,51.73209163116209
2026-03-20 11:00:00,6,32.903333333333336,-15.0075,76.60209469430062,43.99690833333333,35.47690351492303
2026-03-20 12:00:00,6,20.41,-17.32,48.39389501420276,11.019604051565384,16.765188231790155
2026-03-20 13:00:00,6,8.008333333333333,-34.12833333333333,18.915619567000405,5.670752923976609,-0.4632827009584446
2026-03-20 14:00:00,6,-11.005,-32.44166666666666,3.1561862293501832,5.670752923976609,-4.9446726038146664
2026-03-20 15:00:00,6,-7.561666666666666,-33.99916666666666,-2.594905609750171,5.670752923976609,0.40869059368505134
2026-03-20 16:00:00,6,1.1733333333333331,-22.079166666666666,18.916020384593594,29.173150793650798,20.40331721550138
2026-03-20 17:00:00,6,53.09666666666666,-4.888333333333333,54.00582709337702,41.76366459627331,44.45965413537656
2026-03-20 18:00:00,6,91.5525,15.8125,94.70543356497893,93.00089622641512,74.65130791651981
2026-03-20 19:00:00,6,98.39666666666666,14.47,110.04889772830848,116.98252670940171,98.39965275348297
2026-03-20 20:00:00,6,93.08583333333333,9.99,110.60126651376946,116.98252670940171,98.95570209312369
2026-03-20 21:00:00,6,80.44583333333334,6.633333333333333,97.24555168557784,101.48539855072465,88.57341213515922
2026-03-20 22:00:00,6,83.0525,8.374166666666666,88.04883618142946,101.48539855072465,85.45728906638722
2026-03-20 23:00:00,6,85.88749999999999,7.645,83.96512079140649,101.48539855072465,85.07483090515115
2026-03-21 00:00:00,6,88.185,6.02,97.36496799780298,101.48539855072465,96.08307599245317
2026-03-21 01:00:00,6,84.58166666666666,-0.4208333333333333,122.65177689906383,95.99805669398899,92.23475796139768
2026-03-21 02:00:00,6,86.2275,-3.751666666666667,110.48391510214101,95.99805669398899,86.18817195542341
2026-03-21 03:00:00,6,97.19083333333332,-4.2125,95.43089930461647,95.99805669398899,82.99001786387467
2026-03-21 04:00:00,6,103.84166666666664,-1.595,84.69664395780185,95.99805669398899,85.0922529131288
2026-03-21 05:00:00,6,107.11333333333332,9.580833333333333,80.99117092122007,95.99805669398899,88.94608656668402
2026-03-21 06:00:00,6,111.9925,12.515,84.12419717567818,95.99805669398899,96.02488056635731
2026-03-21 07:00:00,6,141.92083333333332,8.609166666666667,95.4055661892676,101.48539855072465,103.07882402660607
2026-03-21 08:00:00,6,90.08916666666666,-4.113333333333333,91.18638248439096,101.48539855072465,78.74293135507439
2026-03-21 09:00:00,6,16.24,-7.185,65.17596703818307,43.99690833333333,55.03834527173174
2026-03-21 10:00:00,6,0.8975,-30.27333333333333,46.90980268251334,9.911793478260874,25.18105000762479
2026-03-21 11:00:00,6,-2.3675,-39.02,26.355234729754613,-6.934779999999993,6.7187327949275115
2026-03-21 12:00:00,6,-2.7716666666666665,-40.056666666666665,-6.018289802120876,-13.63268081761006,-11.220133722593275
2026-03-21 13:00:00,6,-4.3975,-36.01833333333333,-30.26684060671714,-13.63268081761006,-21.25120528131785
2026-03-21 14:00:00,6,-6.609166666666667,-34.89416666666667,-48.74099273410472,-13.63268081761006,-25.344532584379465
2026-03-21 15:00:00,6,-5.968333333333334,-30.274999999999995,-45.028647648832745,-22.31233173076924,-17.5893382203287
2026-03-21 16:00:00,6,-5.745833333333334,-14.909999999999998,-23.92211195177387,-22.858869047619038,3.572850133609677
2026-03-21 17:00:00,6,3.044166666666667,-3.3025,18.65509677627479,24.384262452107276,31.768897669704245
2026-03-21 18:00:00,6,75.17083333333333,44.09583333333333,56.06998019622647,87.24806451612905,73.33869858090235
2026-03-21 19:00:00,6,87.6225,56.767500000000005,71.06920231257621,118.25219827586204,96.5555307853713
2026-03-21 20:00:00,6,85.22833333333334,55.553333333333335,77.4102019714669,137.39391113281246,101.18573560313844
2026-03-21 21:00:00,6,68.4275,55.17083333333333,70.86856104159007,114.55544849537033,94.90435982011611
2026-03-21 22:00:00,6,61.98,50.285,68.14884169270336,114.55544849537033,95.19557354763138
2026-03-21 23:00:00,6,68.25833333333334,48.70166666666666,65.86013457861743,95.99805669398899,92.98389500724116
2026-03-22 00:00:00,6,76.05166666666666,52.9975,88.5515834607409,114.55544849537033,95.34296918545189
2026-03-22 01:00:00,6,85.56,47.33916666666667,114.40923840245551,95.99805669398899,87.30581511156991
2026-03-22 02:00:00,6,88.83083333333333,49.48833333333334,80.17885859269273,95.99805669398899,80.62399818914535
2026-03-22 03:00:00,6,92.3325,48.34166666666667,60.81274409142829,74.61619270833332,76.75825117150504
2026-03-22 04:00:00,6,92.88916666666668,47.52916666666667,52.215923833501165,74.61619270833332,76.4732065565203
2026-03-22 05:00:00,6,98.53333333333336,45.24916666666667,44.58762723912507,74.61619270833332,77.44364021974336
2026-03-22 06:00:00,6,97.8525,48.6075,44.44643758598964,95.99805669398899,81.16280753826078
2026-03-22 07:00:00,6,82.905,39.2075,45.333918303768755,95.99805669398899,80.05777195201094
2026-03-22 08:00:00,6,12.434166666666668,-3.26,12.753982091101996,95.99805669398899,45.912262149289404
2026-03-22 09:00:00,6,-4.075833333333333,-5.420833333333333,-12.500810459656506,-3.0966996699669966,9.701930721919418
2026-03-22 10:00:00,6,-6.973333333333334,-8.955,-36.762712371612636,-6.934779999999993,-15.680728817757071
2026-03-22 11:00:00,6,-12.799166666666666,-7.888333333333333,-53.26501267155763,-6.934779999999993,-17.159061001593642
2026-03-22 12:00:00,6,-22.9575,-8.485,-59.26131745340659,-22.858869047619038,-20.963620666467804
2026-03-22 13:00:00,6,-24.585,-8.283333333333333,-52.3784624706188,5.670752923976609,-19.25743435420172
2026-03-22 14:00:00,6,-24.55666666666667,-7.336666666666667,-37.592941324984054,5.670752923976609,-8.671547153488206
2026-03-22 15:00:00,6,-8.839166666666667,-6.986666666666667,-21.60821260015571,11.019604051565384,8.258724674927272
2026-03-22 16:00:00,6,2.661666666666666,27.25333333333333,17.548358828636296,24.384262452107276,36.90573689568488
2026-03-22 17:00:00,6,48.71083333333333,60.04,88.28772541802317,85.24106512141279,84.03135747604422
2026-03-22 18:00:00,6,98.43666666666668,85.43333333333334,122.43860574317836,115.90717500000001,117.58310630716542
2026-03-22 19:00:00,6,98.52,88.58666666666666,115.61784830234758,134.6806690140845,117.05604117290676
2026-03-22 20:00:00,6,89.87333333333333,96.7625,105.91031049639446,134.6806690140845,109.29545600026162
2026-03-22 21:00:00,6,95.6325,105.21916666666664,126.3489603169021,137.39391113281246,114.54789260169039
2026-03-22 22:00:00,6,98.66666666666669,91.44666666666666,87.29055825518205,137.39391113281246,96.06714450126364
2026-03-22 23:00:00,6,87.85916666666667,83.46083333333333,68.01738697990874,114.55544849537033,86.76517805898395
2026-03-23 00:00:00,6,101.85,73.71833333333333,91.18738258638521,114.55544849537033,94.73396864572689
2026-03-23 01:00:00,6,96.42416666666666,65.85166666666667,120.78688624604263,114.55544849537033,98.41797925375376
2026-03-23 02:00:00,6,84.41666666666667,58.7925,120.45322641740918,95.99805669398899,94.92748757270833
2026-03-23 03:00:00,6,85.18666666666667,59.5575,110.89762127304314,95.99805669398899,93.47422225951232
2026-03-23 04:00:00,6,87.57666666666667,59.335,111.71507417628945,95.99805669398899,95.62185413454826
2026-03-23 05:00:00,6,101.79166666666669,69.60000000000001,107.13614771533113,95.99805669398899,104.92101750301961
2026-03-23 06:00:00,6,108.42666666666666,82.02499999999999,126.56273040466033,137.39391113281246,126.59149065071946
2026-03-23 07:00:00,6,124.555,81.855,149.5523598185558,137.39391113281246,144.4036577276811
2026-03-23 08:00:00,6,54.51666666666667,50.642500000000005,122.89886464651545,85.24106512141279,101.2383812689275
2026-03-23 09:00:00,6,14.0175,95.65916666666668,97.0926851939237,69.71796348314604,61.07196344449624
2026-03-23 10:00:00,6,3.839166666666667,105.22833333333334,78.70376952166302,69.71796348314604,43.2872320260944
2026-03-23 11:00:00,6,5.1875,119.36666666666667,61.210622600393435,43.99690833333333,36.9394087146043
2026-03-23 12:00:00,6,7.952500000000001,140.80416666666667,47.563047605410524,11.019604051565384,32.48255767923925
2026-03-23 13:00:00,6,7.204999999999999,118.02,57.67175884270637,11.019604051565384,44.67639131495635
2026-03-23 14:00:00,6,13.335,109.7425,68.93478731088528,11.019604051565384,52.79303648826297
2026-03-23 15:00:00,6,28.390833333333333,124.03083333333332,88.16641228585209,69.71796348314604,67.40510900819211
2026-03-23 16:00:00,6,58.81,148.42749999999998,112.21290336163685,85.24106512141279,93.82653454145425
2026-03-23 17:00:00,6,117.0175,144.13083333333333,123.5856554709144,115.90717500000001,113.76901272942588
2026-03-23 18:00:00,6,78.65249999999999,134.74666666666667,134.0389570767622,115.90717500000001,134.64304638133456
2026-03-23 19:00:00,6,112.97166666666668,123.24666666666668,157.23888712697044,134.6806690140845,152.6372396789651
2026-03-23 20:00:00,6,98.38916666666668,107.325,174.23066468411486,134.6806690140845,157.25425028697674
2026-03-23 21:00:00,6,87.27499999999999,100.0875,173.14945295321996,137.39391113281246,132.95778283697283
2026-03-23 22:00:00,6,85.28666666666668,98.55666666666669,154.31458249541987,137.39391113281246,121.56925827567571
2026-03-23 23:00:00,6,66.04333333333334,99.9825,129.91130502654312,114.55544849537033,113.29432259293793
2026-03-24 00:00:00,6,58.9775,101.55833333333334,112.57427772001662,114.55544849537033,111.3808654518127
2026-03-24 01:00:00,6,31.069166666666664,98.54333333333334,107.80782286363781,114.55544849537033,99.5333269621966
2026-03-24 02:00:00,6,7.1433333333333335,97.27666666666666,75.02371367495684,61.76084983498352,84.76547179892292
2026-03-24 03:00:00,6,8.888333333333334,97.03666666666668,49.640925429482586,61.76084983498352,71.82377483468184
2026-03-24 04:00:00,6,16.84,98.43166666666669,32.48737177721147,51.665391344383025,62.324734608703245
2026-03-24 05:00:00,6,58.47583333333333,98.46666666666664,33.609819611799885,43.241292134831454,64.00386750347052
2026-03-24 06:00:00,6,96.53916666666667,127.46416666666666,48.69733235891469,41.5973214285714,75.25416724964794
2026-03-24 07:00:00,6,102.5925,128.76250000000002,70.78776188957536,93.00089622641512,86.27366654754638
2026-03-24 08:00:00,6,38.07,132.70583333333337,26.716910107463818,93.00089622641512,42.56914978604379
2026-03-24 09:00:00,6,36.35583333333333,131.7175,10.45453094163149,36.020600649350634,16.767096622263225
2026-03-24 10:00:00,6,15.935,122.54416666666668,11.510492478602195,36.020600649350634,14.786890887855577
2026-03-24 11:00:00,6,5.129166666666666,87.01333333333334,-4.288755542509975,0.7030108877721943,6.262558764218184
2026-03-24 12:00:00,6,10.033333333333331,81.06166666666667,3.428691066062953,21.36882478632478,10.866149767852072
2026-03-24 13:00:00,6,22.8925,87.03666666666668,83.186778984649,70.45042748917747,64.34452237192363
2026-03-24 14:00:00,6,52.244166666666665,85.70166666666667,121.71138095985435,119.10549166666662,98.75996141085464
2026-03-24 15:00:00,6,72.09916666666668,75.865,73.03142513368596,41.76366459627331,58.1070874327591
2026-03-24 16:00:00,6,123.24,92.81333333333332,131.50900045334737,119.10549166666662,114.19678837022082
2026-03-24 17:00:00,6,117.59333333333332,119.12,145.22886998686351,115.90717500000001,148.61033124643586
2026-03-24 18:00:00,6,131.4391666666667,120.26666666666668,173.01387015642842,151.76688709677427,167.9906717910228
2026-03-24 19:00:00,6,130.75,113.69916666666666,175.90575520573856,151.76688709677427,168.01647241068116
2026-03-24 20:00:00,6,121.56416666666668,110.3575,133.5303807414081,137.39391113281246,135.86581843602966
2026-03-24 21:00:00,6,109.4375,114.45583333333332,103.83180674350925,137.39391113281246,112.28995818170168
2026-03-24 22:00:00,6,97.95583333333332,113.255,73.3326175535833,87.24806451612905,89.08111611575495
2026-03-24 23:00:00,6,90.92333333333332,95.32833333333332,46.78616072550409,87.24806451612905,74.81372889227573
2026-03-25 00:00:00,6,82.215,102.55166666666666,25.04166904090556,64.78309440559448,72.97186927168832
2026-03-25 01:00:00,6,67.44500000000001,88.94,35.066919890138955,43.241292134831454,64.06517659952792
2026-03-25 02:00:00,6,50.3325,92.82583333333334,14.940880117022779,43.241292134831454,54.571295387418566
2026-03-25 03:00:00,6,64.3925,88.55083333333333,2.332009570939178,43.241292134831454,51.436902194557625
2026-03-25 04:00:00,6,72.71249999999999,91.18083333333334,-4.680976521307471,43.241292134831454,51.71413649773723
2026-03-25 05:00:00,6,87.83749999999999,96.76833333333332,1.1807147396679625,43.241292134831454,61.25745864907137
2026-03-25 06:00:00,6,96.16916666666668,101.21083333333333,26.421330912059915,64.78309440559448,84.76965444602267
2026-03-25 07:00:00,6,119.23333333333332,112.04916666666666,52.57941574131227,70.45042748917747,101.6885869259257
2026-03-25 08:00:00,6,40.20333333333333,92.605,47.752437810387995,70.45042748917747,73.43930473337137
2026-03-25 09:00:00,6,13.019166666666663,73.2725,43.555932035951386,41.76366459627331,55.027392261976516
2026-03-25 10:00:00,6,10.4175,72.575,35.5280006394188,41.76366459627331,39.461154727926335
2026-03-25 11:00:00,6,1.3241666666666665,74.51333333333334,25.4181488169813,24.384262452107276,29.05498617536781
2026-03-25 12:00:00,6,4.869166666666667,70.41333333333334,51.836281623777275,18.977222222222217,43.93399000660391
2026-03-25 13:00:00,6,13.289166666666668,75.15833333333333,63.752420901167426,69.71796348314604,60.309267533175564
2026-03-25 14:00:00,6,41.34666666666666,81.17,60.28656209046668,70.45042748917747,69.2769281888921
2026-03-25 15:00:00,6,50.7225,82.78750000000001,58.20177978588099,119.10549166666662,72.994700953683
2026-03-25 16:00:00,6,89.85166666666667,112.00833333333333,65.45127787325573,119.10549166666662,72.94998636200695
2026-03-25 17:00:00,6,91.36333333333332,125.60416666666669,112.69276449313537,119.10549166666662,121.63321846873104
2026-03-25 18:00:00,6,97.6325,119.28083333333336,109.29266399611875,115.90717500000001,134.38929409093203
2026-03-25 19:00:00,6,101.3875,117.6825,148.78492046183567,134.6806690140845,162.39108086569723
2026-03-25 20:00:00,6,82.52,103.33916666666666,142.80759155844476,137.39391113281246,148.2916131399249
2026-03-25 21:00:00,6,81.05166666666666,100.5725,100.39984212542969,137.39391113281246,123.72405119189557
2026-03-25 22:00:00,6,76.595,118.3975,55.77001552237563,87.24806451612905,89.89873572199714
2026-03-25 23:00:00,6,90.98583333333332,97.77166666666666,44.909438261628324,87.24806451612905,85.62452430789067
2026-03-26 00:00:00,6,92.785,91.26083333333334,45.45534605352307,87.24806451612905,93.0025755554779
2026-03-26 01:00:00,6,78.74249999999999,93.495,58.71703242481371,61.76084983498352,89.2247907423453
2026-03-26 02:00:00,6,84.85333333333334,93.49333333333334,41.506422913795774,61.76084983498352,79.17935807650639
2026-03-26 03:00:00,6,85.5,92.8375,36.674857916056176,61.76084983498352,80.44278143286404
2026-03-26 04:00:00,6,87.46416666666666,94.83916666666666,38.1426405642238,61.76084983498352,85.9046033423836
2026-03-26 05:00:00,6,77.93833333333333,110.69,45.03366186172902,61.76084983498352,93.19752276246672
2026-03-26 06:00:00,6,102.60083333333334,131.79166666666666,60.153984391012436,87.24806451612905,108.80002946226625
2026-03-26 07:00:00,6,111.32833333333332,132.04166666666666,85.00782180972277,118.25219827586204,128.09784554326086
2026-03-26 08:00:00,6,72.46583333333334,136.95416666666668,80.92900890378263,137.39391113281246,111.00800247870299
2026-03-26 09:00:00,6,74.76666666666667,147.11499999999998,59.427980283855,41.76366459627331,57.423308723005334
2026-03-26 10:00:00,6,3.085833333333333,135.36083333333332,13.720216312150058,4.279210239651415,7.991412574561771
2026-03-26 11:00:00,6,-5.133333333333334,119.80583333333334,-12.74736785205286,-14.263348958333339,-15.451962600657197
2026-03-26 12:00:00,6,-0.1808333333333334,105.16,-15.901961358411839,-14.029897959183675,-9.58921427022264
2026-03-26 13:00:00,6,3.6441666666666666,97.52583333333332,-26.022398752714864,-14.029897959183675,-14.574035431633021
2026-03-26 14:00:00,6,-2.5666666666666664,92.55333333333334,-42.00777517342223,-14.029897959183675,-20.972512840354824
2026-03-26 15:00:00,6,-28.13416666666667,94.46083333333333,-29.079736385246832,0.7030108877721943,-13.082795848153623
2026-03-26 16:00:00,6,-22.281666666666663,92.40333333333336,-7.881889342513361,0.7030108877721943,1.1284290201019331
2026-03-26 17:00:00,6,-7.144166666666666,94.39333333333332,31.73017102320719,24.954962462462454,29.69430378953799
2026-03-26 18:00:00,6,28.411666666666665,128.67083333333332,67.07277292131312,93.00089622641512,63.20395961937349
2026-03-26 19:00:00,6,8.588333333333333,137.4333333333333,55.43411340318944,48.220801767676775,42.80560428207772
2026-03-26 20:00:00,6,-0.0833333333333333,127.405,58.40872530967995,24.954962462462454,43.80170497236122
2026-03-26 21:00:00,6,-2.740833333333333,111.12166666666668,32.57681278889295,24.954962462462454,22.226908086304725
2026-03-26 22:00:00,6,-6.822500000000001,97.9275,-2.667343310801698,0.7030108877721943,1.0121297665066464
2026-03-26 23:00:00,6,-8.095,98.37,-29.12063723686866,1.9688809523809525,-5.465930879675085
2026-03-27 00:00:00,6,-1.2441666666666666,102.71,-46.58937608257283,1.9688809523809525,-1.0128425945755595
2026-03-27 01:00:00,6,-3.3383333333333334,93.79833333333332,-49.326584862974414,1.9688809523809525,6.908053546031283
2026-03-27 02:00:00,6,-3.8508333333333336,86.49000000000001,-61.84960904928208,1.9688809523809525,-0.9599693705352195
2026-03-27 03:00:00,6,-4.464166666666666,81.63833333333334,-74.93568838832012,-5.785984848484851,-4.592621974760732
2026-03-27 04:00:00,6,-4.611666666666666,86.93666666666667,-75.05526123120246,-5.785984848484851,-5.0919353955212046
2026-03-27 05:00:00,6,-3.494166666666666,105.56833333333331,-69.30171594190044,1.9688809523809525,1.9959759939646347
2026-03-27 06:00:00,6,5.905,134.64083333333335,-46.70032506824923,0.7030108877721943,17.973947628554605
2026-03-27 07:00:00,6,22.370833333333334,142.0716666666667,-14.471725577250709,10.70399166666666,40.48540863702194
2026-03-27 08:00:00,6,6.898333333333333,121.24416666666669,-12.568870739941772,10.70399166666666,24.23233649360352
2026-03-27 09:00:00,6,-15.168333333333331,106.20583333333332,-38.618671254987945,10.70399166666666,11.791328898162206
2026-03-27 10:00:00,6,-9.42,66.61666666666666,-75.11293842110415,0.7030108877721943,8.595627851301302
2026-03-27 11:00:00,6,-8.623333333333333,32.903333333333336,-91.96622502266341,0.7030108877721943,1.4920901857726108
2026-03-27 12:00:00,6,-12.689166666666669,20.41,-81.99340432172708,-14.029897959183675,-11.305484633381937
2026-03-27 13:00:00,6,-17.434166666666666,8.008333333333333,-91.39114533569607,-14.029897959183675,-21.372312181318378
2026-03-27 14:00:00,6,-20.468333333333334,-11.005,-86.5525653091175,-14.029897959183675,-26.910058147980806
2026-03-27 15:00:00,6,-14.839166666666666,-7.561666666666666,-67.11430245292213,-14.029897959183675,-28.041695952972063
2026-03-27 16:00:00,6,-18.69666666666667,1.1733333333333331,-56.61961649616002,-14.029897959183675,-26.930500145408615
2026-03-27 17:00:00,6,-5.285833333333334,53.09666666666666,-2.538484998263783,10.70399166666666,-3.939713153405407
2026-03-27 18:00:00,6,22.245,91.5525,44.55337791950829,10.70399166666666,30.887599909292135
2026-03-27 19:00:00,6,11.32,98.39666666666666,67.69227494990146,48.220801767676775,55.56561858875436
2026-03-27 20:00:00,6,19.779166666666665,93.08583333333333,57.48914673446046,48.220801767676775,47.079455526402185
2026-03-27 21:00:00,6,24.53833333333333,80.44583333333334,43.91221425941542,24.954962462462454,37.704979835371375
2026-03-27 22:00:00,6,26.07333333333333,83.0525,26.033705932940904,24.954962462462454,27.745669343700143
2026-03-27 23:00:00,6,24.555,85.88749999999999,15.91685012454733,21.36882478632478,26.465526470170232
2026-03-28 00:00:00,6,45.469166666666666,88.185,11.863050216182444,21.36882478632478,29.925748029941985
2026-03-28 01:00:00,6,51.18666666666667,84.58166666666666,22.01689039926424,1.9688809523809525,25.877567814683488
2026-03-28 02:00:00,6,43.49166666666667,86.2275,11.434983191375366,43.241292134831454,23.688896552741696
2026-03-28 03:00:00,6,29.921666666666667,97.19083333333332,0.9212480334217759,43.241292134831454,22.484154577645405
2026-03-28 04:00:00,6,24.584166666666665,103.84166666666664,-5.544547344396534,43.241292134831454,22.065213889700345
2026-03-28 05:00:00,6,34.53333333333334,107.11333333333332,-6.8374285629397775,43.241292134831454,21.546719964204804
2026-03-28 06:00:00,6,49.21416666666667,111.9925,2.0500914941314505,43.241292134831454,30.760585019280576
2026-03-28 07:00:00,6,61.37833333333333,141.92083333333332,10.489149127500312,41.5973214285714,38.51717967715774
2026-03-28 08:00:00,6,14.76,90.08916666666666,48.44440234792762,64.78309440559448,69.64814062495607
2026-03-28 09:00:00,6,-0.2274999999999999,16.24,47.12716709594648,69.71796348314604,52.280836646056166
2026-03-28 10:00:00,6,-2.955,0.8975,23.68536182641359,24.384262452107276,28.38893895558295
2026-03-28 11:00:00,6,-5.230833333333333,-2.3675,-7.224327117921348,4.279210239651415,-2.5468489253176188
2026-03-28 12:00:00,6,-6.145,-2.7716666666666665,-40.397933839769564,-14.263348958333339,-18.93076720496896
2026-03-28 13:00:00,6,-6.560833333333334,-4.3975,-64.70319082923855,-22.858869047619038,-30.65378978943407
2026-03-28 14:00:00,6,-7.525833333333334,-6.609166666666667,-65.1251262150224,-22.858869047619038,-27.942666141170974
2026-03-28 15:00:00,6,-5.7525,-5.968333333333334,-36.88756768099198,-14.263348958333339,-21.815665067404126
2026-03-28 16:00:00,6,-6.7941666666666665,-5.745833333333334,-16.94050233749553,-14.263348958333339,-6.684532906084286
2026-03-28 17:00:00,6,-4.76,3.044166666666667,6.808089298366319,41.76366459627331,16.152562932877082
2026-03-28 18:00:00,6,43.10583333333333,75.17083333333333,59.15219386469692,64.78309440559448,58.20964350914667
2026-03-28 19:00:00,6,64.84666666666666,87.6225,84.62076398923311,93.00089622641512,85.05500748275591
2026-03-28 20:00:00,6,69.46,85.22833333333334,90.40525963699707,118.25219827586204,91.35128755398624
2026-03-28 21:00:00,6,73.10416666666667,68.4275,90.47529210477063,137.39391113281246,92.35780005386445
2026-03-28 22:00:00,6,75.01166666666667,61.98,88.31611193544774,114.55544849537033,91.36858749152486
2026-03-28 23:00:00,6,68.00916666666667,68.25833333333334,79.84441790048083,114.55544849537033,87.74019623900399
2026-03-29 00:00:00,6,71.71333333333332,76.05166666666666,82.44942624543575,114.55544849537033,91.70600070520598
2026-03-29 01:00:00,6,70.505,85.56,98.8874826719861,95.99805669398899,83.01680991574943
2026-03-29 02:00:00,6,60.35666666666666,88.83083333333333,81.80059478480197,95.99805669398899,74.63224653187817
2026-03-29 03:00:00,6,58.09666666666666,92.3325,70.57905917025072,95.99805669398899,69.93194395927475
2026-03-29 04:00:00,6,57.88916666666666,92.88916666666668,73.30386038474958,95.99805669398899,75.67855852904427
2026-03-29 05:00:00,6,57.98333333333333,98.53333333333336,73.12827307738172,95.99805669398899,78.57278812713642
2026-03-29 06:00:00,6,54.21,97.8525,78.60708852925175,95.99805669398899,85.87717573326586
2026-03-29 07:00:00,6,60.1275,82.905,87.80508533992088,95.99805669398899,92.18427103195982
2026-03-29 08:00:00,6,5.275833333333334,12.434166666666668,86.92817702679301,43.99690833333333,58.918242816707384
2026-03-29 09:00:00,6,-4.117500000000001,-4.075833333333333,58.59356392634267,9.911793478260874,22.36728671840894
2026-03-29 10:00:00,6,-3.963333333333333,-6.973333333333334,32.12669559070304,-3.0966996699669966,3.6224037895767225
2026-03-29 11:00:00,6,-5.551666666666667,-12.799166666666666,19.37380660325828,-6.934779999999993,-9.883638871971272
2026-03-29 12:00:00,6,-9.964166666666667,-22.9575,-6.2718430056525705,-13.63268081761006,-18.918631916584616
2026-03-29 13:00:00,6,-18.50166666666667,-24.585,-22.176721835542864,-13.63268081761006,-17.148995610960966
2026-03-29 14:00:00,6,-26.4975,-24.55666666666667,-26.364844778966102,-13.63268081761006,-15.563767539100766
2026-03-29 15:00:00,6,-43.37833333333333,-8.839166666666667,-21.33785522459796,-22.31233173076924,-10.246219228016585
2026-03-29 16:00:00,6,-14.8,2.661666666666666,18.309255713554094,5.670752923976609,10.29278098736421
2026-03-29 17:00:00,6,9.596666666666666,48.71083333333333,64.06666833361481,29.173150793650798,38.46846729531351
2026-03-29 18:00:00,6,73.79333333333334,98.43666666666668,102.98489653018461,87.24806451612905,75.5579114876819
2026-03-29 19:00:00,6,74.85166666666667,98.52,116.98536372219216,137.39391113281246,93.52707686961492
2026-03-29 20:00:00,6,67.01666666666667,89.87333333333333,120.05188335385597,137.39391113281246,90.77057482132578
2026-03-29 21:00:00,6,60.75,95.6325,123.97719783927134,137.39391113281246,88.55262444804393
2026-03-29 22:00:00,6,60.8375,98.66666666666669,110.82447624000588,114.55544849537033,82.46507787553259
2026-03-29 23:00:00,6,56.05416666666667,87.85916666666667,102.3058769129083,76.89763429752067,78.21941608241788
2026-03-30 00:00:00,6,56.96,101.85,109.8919773177033,114.55544849537033,81.02068132536886
2026-03-30 01:00:00,6,59.15416666666667,96.42416666666666,128.2899060853247,76.89763429752067,86.4991698979657
2026-03-30 02:00:00,6,61.44833333333333,84.41666666666667,117.50626807137033,76.89763429752067,87.07216642322959
2026-03-30 03:00:00,6,64.0025,85.18666666666667,102.65478229048881,109.2814901960785,90.57469943614943
2026-03-30 04:00:00,6,67.38833333333334,87.57666666666667,91.10988426276471,109.2814901960785,91.16172987231846
2026-03-30 05:00:00,6,74.79166666666667,101.79166666666669,96.4578967885669,109.2814901960785,102.00638226904476
2026-03-30 06:00:00,6,88.56,108.42666666666666,116.55760018490776,137.39391113281246,127.47316456027062
2026-03-30 07:00:00,6,135.37166666666667,124.555,138.27756899438498,137.39391113281246,150.49173293243553
2026-03-30 08:00:00,6,36.1475,54.51666666666667,107.72463724410068,85.24106512141279,106.76112441556167
2026-03-30 09:00:00,6,4.0475,14.0175,91.77979920648968,69.71796348314604,51.62960460043967
2026-03-30 10:00:00,6,-0.2825,3.839166666666667,65.79156881703601,9.911793478260874,17.543768294564288
2026-03-30 11:00:00,6,-4.111666666666667,5.1875,40.5847779361705,-3.0966996699669966,0.7627738350153948
2026-03-30 12:00:00,6,-3.3349999999999995,7.952500000000001,34.7669888851888,-6.934779999999993,-3.6958778863101287
2026-03-30 13:00:00,6,-2.1891666666666665,7.204999999999999,35.849427749372175,5.670752923976609,2.903149507468086
2026-03-30 14:00:00,6,-1.3925,13.335,45.42356151953011,5.670752923976609,12.45708053781729
2026-03-30 15:00:00,6,2.983333333333334,28.390833333333333,69.08586783301463,29.173150793650798,27.71327316984064
2026-03-30 16:00:00,6,15.995833333333332,58.81,113.70472833542689,43.99690833333333,54.83818197250417
2026-03-30 17:00:00,6,74.8775,117.0175,150.19620827016615,85.24106512141279,90.47810469470714
2026-03-30 18:00:00,6,112.65833333333336,78.65249999999999,160.29889443125714,151.76688709677427,118.44965015099932
2026-03-30 19:00:00,6,112.57,112.97166666666668,142.6571092830252,151.76688709677427,115.86539970869225
2026-03-30 20:00:00,6,94.1875,98.38916666666668,110.1469501904869,118.25219827586204,89.81344096047602
2026-03-30 21:00:00,6,95.78333333333336,87.27499999999999,85.75164055255979,118.25219827586204,72.0510470746976
2026-03-30 22:00:00,6,76.95583333333333,85.28666666666668,66.80676115013266,87.24806451612905,61.64132402213753
2026-03-30 23:00:00,6,65.10166666666667,66.04333333333334,54.75687315566901,87.24806451612905,58.303724431704275
2026-03-31 00:00:00,6,48.23916666666667,58.9775,55.95005584023583,87.24806451612905,66.42778137116055
2026-03-31 01:00:00,6,33.6525,31.069166666666664,74.36630874764798,51.665391344383025,59.935845190731996
2026-03-31 02:00:00,6,12.410833333333334,7.1433333333333335,60.26586917586086,51.665391344383025,55.69442477777172
2026-03-31 03:00:00,6,8.827499999999999,8.888333333333334,49.665250231148505,51.665391344383025,53.29696171869009
2026-03-31 04:00:00,6,4.369166666666667,16.84,39.423073353218484,51.665391344383025,49.50845136757533
2026-03-31 05:00:00,6,0.7483333333333332,58.47583333333333,39.103912929361655,43.241292134831454,53.25991798623491
2026-03-31 06:00:00,6,11.035833333333334,96.53916666666667,72.52830811531403,87.24806451612905,76.57486358446704
2026-03-31 07:00:00,6,11.109166666666669,102.5925,97.12116571926549,70.45042748917747,96.23512292587756
2026-03-31 08:00:00,6,-1.9891666666666667,38.07,87.9173297144685,70.45042748917747,62.457817457345115
2026-03-31 09:00:00,6,-5.401666666666667,36.35583333333333,68.9888278051138,18.977222222222217,24.46973726850684
2026-03-31 10:00:00,6,-9.601666666666668,15.935,50.82299834081583,9.911793478260874,6.935580361010565
2026-03-31 11:00:00,6,-14.736666666666666,5.129166666666666,4.885693022263723,-6.030206422018348,-14.030668261426172
2026-03-31 12:00:00,6,-13.888333333333334,10.033333333333331,-16.100914506903692,-22.858869047619038,-28.491544395218952
2026-03-31 13:00:00,6,-11.691666666666668,22.8925,-17.23249369291672,-22.858869047619038,-31.069024059369994
2026-03-31 14:00:00,6,-9.635833333333332,52.244166666666665,-21.361913200425064,-22.858869047619038,-27.73277896933031
2026-03-31 15:00:00,6,-7.6191666666666675,72.09916666666668,-7.753608322604563,-6.030206422018348,-11.459880754185434
2026-03-31 16:00:00,6,-2.8708333333333336,123.24,41.09813852625777,24.384262452107276,21.50578792202979
2026-03-31 17:00:00,6,15.7825,117.59333333333332,102.1475557615754,85.24106512141279,67.95329117597015
2026-03-31 18:00:00,6,50.219166666666666,131.4391666666667,132.41117063903948,151.76688709677427,104.59103734557385
2026-03-31 19:00:00,6,68.54916666666666,130.75,124.58796965484434,151.76688709677427,107.63673645558718
2026-03-31 20:00:00,6,54.09833333333333,121.56416666666668,105.0873838659679,116.98252670940171,90.69283937843034
2026-03-31 21:00:00,6,13.160833333333334,109.4375,74.49346213561776,70.45042748917747,66.84095754532541
2026-03-31 22:00:00,6,7.714166666666666,97.95583333333332,43.907209449674234,41.5973214285714,49.333659773137796
2026-03-31 23:00:00,6,0.0899999999999999,90.92333333333332,14.313523595275413,41.5973214285714,39.74023115511537
2026-04-01 00:00:00,6,0.0008333333333333,82.215,17.13202814475075,41.5973214285714,47.18132583760557
2026-04-01 01:00:00,6,-0.0666666666666666,67.44500000000001,24.92375316068471,24.76418316831683,26.61521727599468
2026-04-01 02:00:00,6,-3.426666666666667,50.3325,8.773833983523815,24.76418316831683,18.09636523311341
2026-04-01 03:00:00,6,-3.963333333333333,64.3925,-14.316797610514115,-5.785984848484851,9.036453766402104
2026-04-01 04:00:00,6,-1.7875,72.71249999999999,-27.4360463207163,-5.785984848484851,3.7102653583859535
2026-04-01 05:00:00,6,-0.0958333333333333,87.83749999999999,-23.471513527354276,24.76418316831683,8.463432053121409
2026-04-01 06:00:00,6,11.4175,96.16916666666668,8.207534079540814,0.7030108877721943,27.190092528787204
2026-04-01 07:00:00,6,13.071666666666667,119.23333333333332,43.53236679258933,36.020600649350634,48.85691125153355
2026-04-01 08:00:00,6,27.121666666666663,40.20333333333333,43.42375523917497,70.45042748917747,35.166639012368215
2026-04-01 09:00:00,6,32.51083333333333,13.019166666666663,16.60473886391315,18.977222222222217,9.019364513005328
2026-04-01 10:00:00,6,5.325,10.4175,0.8667662739393904,4.279210239651415,-11.228660911017371
2026-04-01 11:00:00,6,4.8741666666666665,1.3241666666666665,6.991269030632829,-6.030206422018348,-9.167061139301737
2026-04-01 12:00:00,6,2.5775,4.869166666666667,26.024441239121785,11.019604051565384,-0.51329667605998
2026-04-01 13:00:00,6,26.971666666666664,13.289166666666668,76.67361081182258,24.384262452107276,34.80890256480892
2026-04-01 14:00:00,6,64.17,41.34666666666666,89.43077006896382,18.977222222222217,46.107804266152556
2026-04-01 15:00:00,6,94.16416666666667,50.7225,99.8593446612878,70.45042748917747,49.85068470177944
2026-04-01 16:00:00,6,101.3525,89.85166666666667,139.06320689152875,85.24106512141279,79.23720501861249
2026-04-01 17:00:00,6,122.10166666666667,91.36333333333332,149.4701162477241,151.76688709677427,112.12016694473897
2026-04-01 18:00:00,6,123.89583333333331,97.6325,138.51642631579062,151.76688709677427,111.0059638773171
2026-04-01 19:00:00,6,126.37916666666666,101.3875,136.29710459390333,151.76688709677427,118.04546508369833
2026-04-01 20:00:00,6,127.7375,82.52,139.98669888332637,116.98252670940171,125.70520582237585
2026-04-01 21:00:00,6,122.77,81.05166666666666,133.57982534225187,116.98252670940171,119.04926049017932
2026-04-01 22:00:00,6,107.5875,76.595,135.74080337612364,80.90716013071899,113.89417630682962
2026-04-01 23:00:00,6,109.74583333333334,90.98583333333332,123.9852961333909,80.90716013071899,110.24451255647847
2026-04-02 00:00:00,6,100.92,92.785,126.71717833153298,80.90716013071899,118.45436947068941
2026-04-02 01:00:00,6,106.36333333333334,78.74249999999999,149.94599505278933,80.90716013071899,117.63487910474849
2026-04-02 02:00:00,6,99.60916666666668,84.85333333333334,138.04602441180438,76.89763429752067,113.90147082194598
2026-04-02 03:00:00,6,97.80583333333334,85.5,123.2496308798138,76.89763429752067,110.10847873229676
2026-04-02 04:00:00,6,102.81083333333332,87.46416666666666,119.15147377262483,76.89763429752067,112.66233623462512
2026-04-02 05:00:00,6,118.3475,77.93833333333333,132.89125136974008,80.90716013071899,124.92553919597083
2026-04-02 06:00:00,6,137.16916666666663,102.60083333333334,167.4460429063836,101.48539855072465,148.5654150790956
2026-04-02 07:00:00,6,170.9416666666667,111.32833333333332,200.85347912353632,116.98252670940171,180.20037669914285
2026-04-02 08:00:00,6,134.27833333333334,72.46583333333334,180.45898216331068,116.98252670940171,130.264675335048
2026-04-02 09:00:00,6,50.18,74.76666666666667,150.26801468204752,69.71796348314604,62.203157894705086
2026-04-02 10:00:00,6,22.484166666666667,3.085833333333333,116.07563899233637,9.911793478260874,26.61767241913106
2026-04-02 11:00:00,6,4.031666666666667,-5.133333333333334,81.68133772035691,-6.934779999999993,9.990626217711522
2026-04-02 12:00:00,6,0.9241666666666668,-0.1808333333333334,54.79794984510488,-6.934779999999993,-0.5050474242505487
2026-04-02 13:00:00,6,0.2308333333333333,3.6441666666666666,47.13172542410511,5.670752923976609,-2.2616256799636005
2026-04-02 14:00:00,6,-3.6766666666666654,-2.5666666666666664,49.313462438362365,5.670752923976609,1.4995536225302146
2026-04-02 15:00:00,6,-6.861666666666667,-28.13416666666667,66.0442111066413,11.019604051565384,19.379992477797565
2026-04-02 16:00:00,6,-5.091666666666667,-22.281666666666663,98.37170860986991,24.384262452107276,57.788781250217895
2026-04-02 17:00:00,6,17.0275,-7.144166666666666,95.43940497844817,69.71796348314604,55.7428802364316
2026-04-02 18:00:00,6,78.64166666666667,28.411666666666665,110.47660409720979,116.98252670940171,82.35050562430226
2026-04-02 19:00:00,6,79.51,8.588333333333333,124.23193968845649,116.98252670940171,100.99677448492024
2026-04-02 20:00:00,6,67.26083333333334,-0.0833333333333333,129.67033679135088,116.98252670940171,106.97750483860068
2026-04-02 21:00:00,6,59.02666666666667,-2.740833333333333,117.45682059105395,101.48539855072465,100.6682624446822
2026-04-02 22:00:00,6,40.90916666666666,-6.822500000000001,109.48862915709068,101.48539855072465,95.824563195705
2026-04-02 23:00:00,6,17.508333333333333,-8.095,99.76579893223692,76.89763429752067,93.19631002622477
2026-04-03 00:00:00,6,22.115,-1.2441666666666666,101.7053285277337,80.90716013071899,95.83037042435726
2026-04-03 01:00:00,6,14.031666666666666,-3.3383333333333334,109.09270489119997,76.89763429752067,85.33338511137444
2026-04-03 02:00:00,6,10.8,-3.8508333333333336,82.44113881381725,76.89763429752067,72.36887450627471
2026-04-03 03:00:00,6,11.3925,-4.464166666666666,62.207692866293655,43.69357966457022,63.73874015971865
2026-04-03 04:00:00,6,6.715833333333333,-4.611666666666666,49.659782893216146,43.69357966457022,56.45266021296235
2026-04-03 05:00:00,6,7.596666666666667,-3.494166666666666,44.72307628966178,43.69357966457022,50.53599743812934
2026-04-03 06:00:00,6,7.990833333333334,5.905,47.62287538064835,35.34989482200647,46.45082678992296
2026-04-03 07:00:00,6,9.051666666666666,22.370833333333334,51.3018563265214,35.34989482200647,46.30098684613213
2026-04-03 08:00:00,6,-1.9458333333333333,6.898333333333333,55.27443177247339,79.24571428571433,47.66970933957387
2026-04-03 09:00:00,6,-17.401666666666667,-15.168333333333331,43.1197296190082,9.911793478260874,20.75139114864927
2026-04-03 10:00:00,6,-34.13916666666667,-9.42,15.566408587705894,-3.0966996699669966,-8.516886829176073
2026-04-03 11:00:00,6,-12.804166666666667,-8.623333333333333,7.418188674650878,-3.0966996699669966,-13.165768329620121
2026-04-03 12:00:00,6,-13.150833333333331,-12.689166666666669,-5.975990923060024,11.019604051565384,-22.050856100486925
2026-04-03 13:00:00,6,-18.6975,-17.434166666666666,-35.123466065279544,-22.858869047619038,-44.48207289480203
2026-04-03 14:00:00,6,-23.89583333333333,-20.468333333333334,-50.76600999892398,-22.858869047619038,-46.92515238747728
2026-04-03 15:00:00,6,-12.618333333333334,-14.839166666666666,-36.7453079763269,-22.858869047619038,-38.52116745006498
2026-04-03 16:00:00,6,-16.550833333333333,-18.69666666666667,-14.218330033100102,-14.263348958333339,-19.84013193672405
2026-04-03 17:00:00,6,-9.4,-5.285833333333334,34.46125239541106,4.279210239651415,1.2765570779202875
2026-04-03 18:00:00,6,10.831666666666669,22.245,71.99827308921688,64.78309440559448,36.855144058487134
2026-04-03 19:00:00,6,9.025,11.32,85.58018607716758,64.78309440559448,54.15567814918144
2026-04-03 20:00:00,6,2.865833333333333,19.779166666666665,76.90048130515727,64.78309440559448,45.36364356955934
2026-04-03 21:00:00,6,2.6741666666666664,24.53833333333333,63.49167346839087,64.78309440559448,37.84386612141888
2026-04-03 22:00:00,6,8.533333333333333,26.07333333333333,51.2175205964823,35.34989482200647,31.94773690580991
2026-04-03 23:00:00,6,8.034166666666666,24.555,41.178663789306704,35.34989482200647,29.877355482423198
2026-04-04 00:00:00,6,10.2675,45.469166666666666,46.64305577996491,35.34989482200647,38.26807896631705
2026-04-04 01:00:00,6,6.984166666666667,51.18666666666667,59.57912050006975,35.34989482200647,37.328360588540576
2026-04-04 02:00:00,6,3.628333333333333,43.49166666666667,41.794016576122075,35.34989482200647,28.82423920483196
2026-04-04 03:00:00,6,-0.0691666666666666,29.921666666666667,28.400461961839106,12.625392156862745,21.91086421424366
2026-04-04 04:00:00,6,-2.0791666666666666,24.584166666666665,26.127651909665467,12.625392156862745,23.717355066375163
2026-04-04 05:00:00,6,-2.7358333333333333,34.53333333333334,26.43899864892383,12.625392156862745,26.30325859547522
2026-04-04 06:00:00,6,-0.7008333333333333,49.21416666666667,29.60787458135639,43.241292134831454,29.418950784388883
2026-04-04 07:00:00,6,-0.0491666666666666,61.37833333333333,52.40642403514241,43.241292134831454,39.53452631404829
2026-04-04 08:00:00,6,-1.1541666666666666,14.76,40.061043312751906,24.384262452107276,23.665388680820982
2026-04-04 09:00:00,6,-19.1275,-0.2274999999999999,-17.40875968209768,-14.263348958333339,-13.409396217685753
2026-04-04 10:00:00,6,-50.90416666666667,-2.955,-58.32546591131653,-22.858869047619038,-31.83916318655102
2026-04-04 11:00:00,6,-60.35833333333333,-5.230833333333333,-74.58650956191882,-34.35485632183908,-37.278201101206804
2026-04-04 12:00:00,6,-65.34083333333334,-6.145,-87.18944324661858,-34.35485632183908,-45.927802007570335
2026-04-04 13:00:00,6,-79.81333333333333,-6.560833333333334,-91.77389327921956,-83.98061274509809,-45.89917154458341
2026-04-04 14:00:00,6,-72.12833333333333,-7.525833333333334,-91.05760852152217,-83.98061274509809,-42.52680782029641
2026-04-04 15:00:00,6,-58.85083333333333,-5.7525,-70.19232707871613,-34.35485632183908,-27.209943099462407
2026-04-04 16:00:00,6,-56.56166666666667,-6.7941666666666665,-42.15956748664456,-22.858869047619038,-9.949356044023943
2026-04-04 17:00:00,6,-19.076666666666664,-4.76,4.540312010078537,29.173150793650798,20.61784672609207
2026-04-04 18:00:00,6,26.8425,43.10583333333333,56.10256642133216,18.977222222222217,54.39696745349971
2026-04-04 19:00:00,6,19.426666666666662,64.84666666666666,72.07315975985595,101.48539855072465,71.9174333552305
2026-04-04 20:00:00,6,18.37,69.46,87.33765992179238,101.48539855072465,87.27008261179071
2026-04-04 21:00:00,6,14.608333333333333,73.10416666666667,89.92305958240931,101.48539855072465,91.45826223861098
2026-04-04 22:00:00,6,19.45,75.01166666666667,91.87627205265717,109.2814901960785,93.39531974397747
2026-04-04 23:00:00,6,17.410833333333333,68.00916666666667,102.320416079216,95.99805669398899,92.21790327652288
2026-04-05 00:00:00,6,30.351666666666663,71.71333333333332,127.37878511780059,95.99805669398899,97.00166496987812
2026-04-05 01:00:00,6,29.15333333333333,70.505,152.6405301354158,109.2814901960785,83.8267926661925
2026-04-05 02:00:00,6,37.035833333333336,60.35666666666666,143.4952832547445,109.2814901960785,81.90814023737579
2026-04-05 03:00:00,6,44.16,58.09666666666666,128.90938422395595,74.61619270833332,83.3549202214298
2026-04-05 04:00:00,6,49.60666666666666,57.88916666666666,112.05018437466342,74.61619270833332,80.68995372674492
2026-04-05 05:00:00,6,52.373333333333335,57.98333333333333,104.6490714821779,74.61619270833332,81.21913838908836
2026-04-05 06:00:00,6,56.505,54.21,96.7468193052844,74.61619270833332,81.83232427260394
2026-04-05 07:00:00,6,63.95333333333334,60.1275,86.38125716484,109.2814901960785,86.07100344855459
2026-04-05 08:00:00,6,15.566666666666668,5.275833333333334,31.955833843104564,9.911793478260874,41.17443392550217
2026-04-05 09:00:00,6,-9.4375,-4.117500000000001,14.33946925343615,-3.0966996699669966,5.097666400867041
2026-04-05 10:00:00,6,-31.016666666666666,-3.963333333333333,-12.023717874199448,-6.934779999999993,-11.85594139543197
2026-04-05 11:00:00,6,-37.431666666666665,-5.551666666666667,-50.70555980132619,-34.35485632183908,-27.3706578300076
2026-04-05 12:00:00,6,-37.77,-9.964166666666667,-71.83977101697958,-13.63268081761006,-36.12052425573397
2026-04-05 13:00:00,6,-43.08416666666667,-18.50166666666667,-65.62827078320457,-13.63268081761006,-31.553209062162892
2026-04-05 14:00:00,6,-36.8375,-26.4975,-55.88117908232235,-13.63268081761006,-24.588872942414028
2026-04-05 15:00:00,6,-21.92083333333333,-43.37833333333333,-36.68142723513665,-22.31233173076924,-11.457349348665502
2026-04-05 16:00:00,6,1.2608333333333333,-14.8,-1.1744398796903255,5.670752923976609,12.047154736501085
2026-04-05 17:00:00,6,54.39333333333334,9.596666666666666,55.97661185987951,29.173150793650798,45.470224519977336
2026-04-05 18:00:00,6,73.34333333333333,73.79333333333334,94.59201198119462,101.48539855072465,79.60479445763964
2026-04-05 19:00:00,6,71.87916666666666,74.85166666666667,93.05568811897545,101.48539855072465,83.32638355471278
2026-04-05 20:00:00,6,69.0525,67.01666666666667,97.07378691587684,80.90716013071899,85.96509706988805
2026-04-05 21:00:00,6,71.76333333333334,60.75,89.9278026780831,80.90716013071899,78.18680593874772
2026-04-05 22:00:00,6,72.35000000000001,60.8375,88.06552320949444,80.90716013071899,76.07002764654507
2026-04-05 23:00:00,6,71.06083333333333,56.05416666666667,83.30178042552012,76.89763429752067,75.09178873707434
2026-04-06 00:00:00,6,71.52166666666666,56.96,99.71959308227578,76.89763429752067,81.72055984690937
2026-04-06 01:00:00,6,74.41250000000001,59.15416666666667,107.88251596834355,76.89763429752067,78.14060370851182
2026-04-06 02:00:00,6,82.03750000000001,61.44833333333333,87.54764472790201,76.89763429752067,73.3027639879599
2026-04-06 03:00:00,6,80.2825,64.0025,75.83512634576248,74.61619270833332,69.58550679168661
2026-04-06 04:00:00,6,71.97,67.38833333333334,64.16907416442422,74.61619270833332,68.02549445141558
2026-04-06 05:00:00,6,57.01833333333334,74.79166666666667,57.546972124499675,74.61619270833332,66.87607728713814
2026-04-06 06:00:00,6,60.150000000000006,88.56,61.9756931545285,74.61619270833332,71.10962757288897
2026-04-06 07:00:00,6,43.18416666666667,135.37166666666667,74.52218484864866,76.89763429752067,79.62638743786161
2026-04-06 08:00:00,6,17.865833333333335,36.1475,33.218119882467896,79.24571428571433,62.10835266693296
2026-04-06 09:00:00,6,16.14916666666667,4.0475,23.372190563421647,76.89763429752067,53.16166609780879
2026-04-06 10:00:00,6,13.985,-0.2825,14.925541572913666,9.911793478260874,43.00879090375542
2026-04-06 11:00:00,6,8.834999999999999,-4.111666666666667,8.915656777494853,79.24571428571433,44.82438172059625
2026-04-06 12:00:00,6,0.7633333333333333,-3.3349999999999995,-13.328765049492603,24.384262452107276,18.814261003554698
2026-04-06 13:00:00,6,-1.2333333333333334,-2.1891666666666665,-28.89523771199245,4.279210239651415,7.092464149707389
2026-04-06 14:00:00,6,-9.2775,-1.3925,-49.959205397371505,-14.263348958333339,-0.5108655218593583
2026-04-06 15:00:00,6,-11.849166666666669,2.983333333333334,-53.684454912691734,-22.858869047619038,-16.601264457719154
2026-04-06 16:00:00,6,-11.364166666666668,15.995833333333332,2.8022981809978376,11.019604051565384,1.7876413994372342
2026-04-06 17:00:00,6,1.5424999999999998,74.8775,58.55932651058477,24.384262452107276,36.32707221496009
2026-04-06 18:00:00,6,46.25333333333333,112.65833333333336,66.21129482038032,70.45042748917747,58.993221738135446
2026-04-06 19:00:00,6,50.85916666666666,112.57,76.9743174513077,70.45042748917747,58.36366345891825
2026-04-06 20:00:00,6,43.2275,94.1875,58.47277177115332,70.45042748917747,45.58484410859165
2026-04-06 21:00:00,6,68.49583333333334,95.78333333333336,41.652893008821394,41.5973214285714,38.248701683701384
2026-04-06 22:00:00,6,57.72416666666667,76.95583333333333,27.79795759392622,41.5973214285714,34.50695282651088
2026-04-06 23:00:00,6,17.205,65.10166666666667,8.138005853056924,24.76418316831683,33.7947953097301
2026-04-07 00:00:00,6,9.1575,48.23916666666667,1.3813924301361595,24.76418316831683,38.60612422381415
2026-04-07 01:00:00,6,8.95,33.6525,9.580933122474448,24.76418316831683,23.10127384697971
2026-04-07 02:00:00,6,7.514166666666667,12.410833333333334,-14.975522668818542,-5.785984848484851,18.673043768064595
2026-04-07 03:00:00,6,6.956666666666666,8.827499999999999,-17.516951347511906,12.625392156862745,24.377519425172373
2026-04-07 04:00:00,6,9.195,4.369166666666667,-8.824190033005337,35.34989482200647,35.71946348908363
2026-04-07 05:00:00,6,7.648333333333333,0.7483333333333332,14.519670068743082,43.69357966457022,47.6026214213046
2026-04-07 06:00:00,6,9.161666666666669,11.035833333333334,39.94407491131889,79.24571428571433,62.00401295120369
2026-04-07 07:00:00,6,20.271666666666665,11.109166666666669,64.31029634936216,80.90716013071899,82.70530202411418
2026-04-07 08:00:00,6,20.2775,-1.9891666666666667,51.53347525111812,80.90716013071899,68.5489330682506
2026-04-07 09:00:00,6,2.045833333333333,-5.401666666666667,47.77578285092976,18.977222222222217,43.15956275099679
2026-04-07 10:00:00,6,0.0683333333333333,-9.601666666666668,23.42367693043777,18.977222222222217,20.078923188066916
2026-04-07 11:00:00,6,-0.89,-14.736666666666666,-2.1969612083631347,4.279210239651415,-1.3070354760798608
2026-04-07 12:00:00,6,-0.7091666666666666,-13.888333333333334,-3.7931833636466905,4.279210239651415,0.9390655220824726
2026-04-07 13:00:00,6,-4.225833333333333,-11.691666666666668,3.7756497902449695,-6.030206422018348,0.06265492845570009
2026-04-07 14:00:00,6,-3.536666666666666,-9.635833333333332,12.591017701271582,-6.030206422018348,-0.019856956992995833
2026-04-07 15:00:00,6,-4.089166666666666,-7.6191666666666675,37.245403799387155,18.977222222222217,9.831716045988877
2026-04-07 16:00:00,6,-3.758333333333333,-2.8708333333333336,73.03854150255896,18.977222222222217,31.862068094927224
2026-04-07 17:00:00,6,24.9075,15.7825,90.58842496749418,70.45042748917747,56.7005624540076
2026-04-07 18:00:00,6,117.69083333333332,50.219166666666666,126.2821812144148,70.45042748917747,93.13671091025608
2026-04-07 19:00:00,6,123.245,68.54916666666666,138.48368154032858,93.59584188034187,102.28464241682205
2026-04-07 20:00:00,6,120.86333333333332,54.09833333333333,142.3289734591446,116.98252670940171,113.73048140850364
2026-04-07 21:00:00,6,128.16416666666666,13.160833333333334,129.40573663035457,116.98252670940171,104.8960037008074
2026-04-07 22:00:00,6,132.47583333333333,7.714166666666666,109.18926405098028,80.90716013071899,92.06967298728554
2026-04-07 23:00:00,6,133.30666666666667,0.0899999999999999,86.17406504790547,80.90716013071899,78.87302753806503
2026-04-08 00:00:00,6,138.54999999999998,0.0008333333333333,86.85382696176134,80.90716013071899,90.17276656391212
2026-04-08 01:00:00,6,122.48583333333332,-0.0666666666666666,108.66314197432706,80.90716013071899,94.49788045916742
2026-04-08 02:00:00,6,111.4125,-3.426666666666667,88.9957759875192,76.89763429752067,90.03846255485345
2026-04-08 03:00:00,6,106.78333333333336,-3.963333333333333,89.47714855072596,76.89763429752067,91.98410676569691
2026-04-08 04:00:00,6,117.61583333333334,-1.7875,88.52363821735173,109.2814901960785,94.38885234413942
2026-04-08 05:00:00,6,124.2375,-0.0958333333333333,94.02177938563597,109.2814901960785,98.33662169668483
2026-04-08 06:00:00,6,138.1975,11.4175,110.69927941342087,109.2814901960785,114.75118894129218
2026-04-08 07:00:00,6,153.07500000000002,13.071666666666667,139.8316552496458,80.90716013071899,140.7646700572389
2026-04-08 08:00:00,6,67.16416666666667,27.121666666666663,138.07995848334127,116.98252670940171,124.22718996648194
2026-04-08 09:00:00,6,26.929166666666664,32.51083333333333,119.81764643266558,69.71796348314604,80.57447822508601
2026-04-08 10:00:00,6,30.8825,5.325,93.90696313190405,43.99690833333333,33.70712436933324
2026-04-08 11:00:00,6,21.975,4.8741666666666665,72.36776953633272,9.911793478260874,27.066608033730482
2026-04-08 12:00:00,6,20.3325,2.5775,59.76204982671391,11.019604051565384,26.8231686129809
2026-04-08 13:00:00,6,8.430833333333334,26.971666666666664,31.336679416784968,5.670752923976609,9.047561770713337
2026-04-08 14:00:00,6,11.915,64.17,40.273580317283916,5.670752923976609,11.719702639543343
2026-04-08 15:00:00,6,23.9725,94.16416666666667,60.04185819823907,11.019604051565384,29.36361646307204
2026-04-08 16:00:00,6,59.00416666666666,101.3525,95.0045570258394,29.173150793650798,52.72379207042539
2026-04-08 17:00:00,6,105.21916666666668,122.10166666666667,142.42624351444925,85.24106512141279,96.57991297766102
2026-04-08 18:00:00,6,131.3325,123.89583333333331,159.70701772336582,115.90717500000001,139.40395480874753
2026-04-08 19:00:00,6,108.8725,126.37916666666666,144.04423245349938,134.6806690140845,127.81406325947131
2026-04-08 20:00:00,6,89.74416666666667,127.7375,98.05818767106545,70.45042748917747,83.22932554831173
2026-04-08 21:00:00,6,76.7,122.77,73.37389454455246,70.45042748917747,62.922349888117914
2026-04-08 22:00:00,6,32.73583333333334,107.5875,65.75958271296656,70.45042748917747,64.6469273011117
2026-04-08 23:00:00,6,4.382499999999999,109.74583333333334,56.75064159229399,64.78309440559448,62.15372239780442
2026-04-09 00:00:00,6,-0.1674999999999999,100.92,43.55718335886412,64.78309440559448,61.09194256720784
2026-04-09 01:00:00,6,-2.375833333333333,106.36333333333334,41.146410597528714,43.241292134831454,35.99690770529975
2026-04-09 02:00:00,6,-4.695833333333334,99.60916666666668,9.887870261694374,24.76418316831683,16.133971270573227
2026-04-09 03:00:00,6,-9.2375,97.80583333333334,-22.081712026331743,-5.785984848484851,1.7496560758164463
2026-04-09 04:00:00,6,-11.490833333333336,102.81083333333332,-36.37718066976228,-5.785984848484851,-2.145447635845258
2026-04-09 05:00:00,6,-12.08,118.3475,-56.68470358709298,-5.785984848484851,-4.705952035836631
2026-04-09 06:00:00,6,-6.078333333333333,137.16916666666663,-47.27420683079988,-5.785984848484851,1.48252430750739
2026-04-09 07:00:00,6,-2.7583333333333333,170.9416666666667,-32.64147866570326,24.76418316831683,12.634240682597962
2026-04-09 08:00:00,6,-5.098333333333334,134.27833333333334,-33.53109392264203,0.7030108877721943,6.373942168729165
2026-04-09 09:00:00,6,-9.061666666666666,50.18,-41.95708195364831,0.7030108877721943,-9.463260444350752
2026-04-09 10:00:00,6,-12.629166666666668,22.484166666666667,-83.80609273557774,-14.029897959183675,-13.761977243843077
2026-04-09 11:00:00,6,-8.583333333333334,4.031666666666667,-104.10184402499745,-26.894278273809526,-19.72394061793807
2026-04-09 12:00:00,6,-4.4725,0.9241666666666668,-105.75522355260584,-14.029897959183675,-20.61192799102669
2026-04-09 13:00:00,6,-4.980833333333334,0.2308333333333333,-91.33329265493252,-14.029897959183675,-31.296642082902252
2026-04-09 14:00:00,6,-5.210833333333333,-3.6766666666666654,-57.00391853179768,-14.029897959183675,-24.235985669641863
2026-04-09 15:00:00,6,-0.0208333333333333,-6.861666666666667,-15.628413088053009,36.020600649350634,1.7108392135129549
2026-04-09 16:00:00,6,0.1066666666666665,-5.091666666666667,-7.657354276327169,36.020600649350634,4.578458923231111
2026-04-09 17:00:00,6,-2.8608333333333333,17.0275,-4.172197881221294,36.020600649350634,20.10878577746292
2026-04-09 18:00:00,6,2.335,78.64166666666667,16.316246018055914,36.020600649350634,36.33936887852668
2026-04-09 19:00:00,6,-0.3441666666666667,79.51,13.444740988807375,36.020600649350634,43.59751199948285
2026-04-09 20:00:00,6,-1.6516666666666666,67.26083333333334,28.781566903443306,36.020600649350634,50.58681235865398
2026-04-09 21:00:00,6,-1.7699999999999998,59.02666666666667,8.178713035537399,36.020600649350634,43.52709008337209
2026-04-09 22:00:00,6,-0.0916666666666666,40.90916666666666,1.5820403640367147,41.5973214285714,44.80150775044808
2026-04-09 23:00:00,6,-0.1,17.508333333333333,-15.130611388556972,41.5973214285714,39.40678887778877
2026-04-10 00:00:00,6,-0.0666666666666666,22.115,-24.002932744902665,24.76418316831683,40.26889758108648
2026-04-10 01:00:00,6,0.7083333333333334,14.031666666666666,-18.16216310786713,24.76418316831683,21.132370411204384
2026-04-10 02:00:00,6,-3.165833333333333,10.8,-39.93454933662056,-5.785984848484851,9.459646940044372
2026-04-10 03:00:00,6,-3.333333333333333,11.3925,-48.38517094074736,-5.785984848484851,7.921066909620755
2026-04-10 04:00:00,6,-4.700833333333333,6.715833333333333,-41.58207219365167,-5.785984848484851,14.004735044842342
2026-04-10 05:00:00,6,-3.065,7.596666666666667,-37.866681929472364,12.625392156862745,17.016865123366365
2026-04-10 06:00:00,6,-3.3841666666666668,7.990833333333334,-20.229549887793382,43.241292134831454,24.910206441915037
2026-04-10 07:00:00,6,-1.94,9.051666666666666,9.605294915803071,43.241292134831454,41.38188627093918
2026-04-10 08:00:00,6,-2.905,-1.9458333333333333,10.882922675274756,18.977222222222217,26.268396896990687
2026-04-10 09:00:00,6,-4.415,-17.401666666666667,-17.57334618050524,4.279210239651415,-4.664463109656182
2026-04-10 10:00:00,6,-7.915833333333333,-34.13916666666667,-29.25357960103456,-14.029897959183675,-8.712540936102073
2026-04-10 11:00:00,6,-12.5375,-12.804166666666667,-59.94690051705469,-14.029897959183675,-23.916767235527743
2026-04-10 12:00:00,6,-9.216666666666669,-13.150833333333331,-40.78287685747358,-14.029897959183675,-20.268101885730147
2026-04-10 13:00:00,6,-13.910833333333334,-18.6975,-47.8881653094453,-14.029897959183675,-21.846915587506658
2026-04-10 14:00:00,6,-13.920833333333333,-23.89583333333333,-62.516497258668366,-14.029897959183675,-29.968860569250154
2026-04-10 15:00:00,6,-22.16416666666667,-12.618333333333334,-60.317890504204044,-14.029897959183675,-31.786351405201813
2026-04-10 16:00:00,6,-13.168333333333331,-16.550833333333333,-29.843902280463155,-14.029897959183675,-23.94436742365197
2026-04-10 17:00:00,6,-3.4333333333333336,-9.4,17.273770597124006,24.954962462462454,4.8444218288324095
2026-04-10 18:00:00,6,-3.1833333333333336,10.831666666666669,41.49417613349708,24.954962462462454,27.39574232541441
2026-04-10 19:00:00,6,-3.080833333333333,9.025,56.986210786729885,24.954962462462454,43.28904407180026
2026-04-10 20:00:00,6,-1.8625,2.865833333333333,43.26582490763482,24.954962462462454,31.490248730020774
2026-04-10 21:00:00,6,-0.2716666666666666,2.6741666666666664,21.327849127856688,10.70399166666666,17.630995620773625
2026-04-10 22:00:00,6,-0.8433333333333333,8.533333333333333,14.086363842887444,10.70399166666666,13.091412462645522
2026-04-10 23:00:00,6,-0.1875,8.034166666666666,2.437342699958478,0.7030108877721943,12.715905704753467
2026-04-11 00:00:00,6,-0.05,10.2675,15.668317754683756,21.36882478632478,23.606883987636834
2026-04-11 01:00:00,6,-0.7133333333333334,6.984166666666667,42.33385196543356,43.241292134831454,35.2848996662711
2026-04-11 02:00:00,6,-2.8725,3.628333333333333,29.8039173796966,43.241292134831454,32.517952120770474
2026-04-11 03:00:00,6,-3.4758333333333336,-0.0691666666666666,19.688409474754103,43.241292134831454,34.15540151580541
2026-04-11 04:00:00,6,-6.498333333333334,-2.0791666666666666,10.187036419412877,35.34989482200647,35.76828343704132
2026-04-11 05:00:00,6,-4.5875,-2.7358333333333333,9.080437943400042,35.34989482200647,36.88885488633511
2026-04-11 06:00:00,6,-4.028333333333333,-0.7008333333333333,15.804716440453397,35.34989482200647,41.44957357304038
2026-04-11 07:00:00,6,0.92,-0.0491666666666666,25.428143843906177,43.241292134831454,45.4578596526256
2026-04-11 08:00:00,6,-3.71,-1.1541666666666666,5.412659644286975,4.279210239651415,18.194833007596536
2026-04-11 09:00:00,6,-9.320833333333333,-19.1275,-12.472463063253556,4.279210239651415,-7.005942864326485
2026-04-11 10:00:00,6,-15.4925,-50.90416666666667,-64.69391333521325,-26.894278273809526,-23.195990881733067
2026-04-11 11:00:00,6,-7.776666666666666,-60.35833333333333,-68.59617178650628,-26.894278273809526,-23.486441674385972
2026-04-11 12:00:00,6,-7.609166666666667,-65.34083333333334,-52.75032462042208,-14.029897959183675,-12.177768822174258
2026-04-11 13:00:00,6,-8.606666666666667,-79.81333333333333,-53.713126464156275,-14.029897959183675,-12.414077594284834
2026-04-11 14:00:00,6,-15.675,-72.12833333333333,-63.910004035554934,-14.029897959183675,-23.60187732037062
2026-04-11 15:00:00,6,-18.471666666666668,-58.85083333333333,-45.95349168086943,-14.029897959183675,-23.08344154516645
2026-04-11 16:00:00,6,-14.851666666666668,-56.56166666666667,-17.91093420287278,-14.029897959183675,-5.64524319295829
2026-04-11 17:00:00,6,-5.314166666666667,-19.076666666666664,23.930518002491056,41.76366459627331,37.269321069070095
2026-04-11 18:00:00,6,-0.5691666666666667,26.8425,79.67102228768016,93.00089622641512,76.03031153756254
2026-04-11 19:00:00,6,4.1691666666666665,19.426666666666662,89.28858550094293,93.00089622641512,75.99802140740391
2026-04-11 20:00:00,6,3.895,18.37,85.0259440980682,93.00089622641512,68.72606498659594
2026-04-11 21:00:00,6,-0.05,14.608333333333333,78.70002114167164,93.00089622641512,63.233325211598014
2026-04-11 22:00:00,6,-0.0875,19.45,60.605135640262574,41.5973214285714,47.94799196182832
2026-04-11 23:00:00,6,-0.1825,17.410833333333333,38.49796809013777,41.5973214285714,36.68874645946276
2026-04-12 00:00:00,6,-0.9991666666666666,30.351666666666663,30.01837038268752,21.36882478632478,34.33232885757944
2026-04-12 01:00:00,6,-2.9966666666666666,29.15333333333333,45.3129326375558,1.9688809523809525,26.67438885477486
2026-04-12 02:00:00,6,-4.0375,37.035833333333336,25.664675458506238,1.9688809523809525,19.63393776173895
2026-04-12 03:00:00,6,-11.441666666666668,44.16,3.212216296730773,-5.785984848484851,10.088017859409021
2026-04-12 04:00:00,6,-12.593333333333334,49.60666666666666,-9.637296772033508,-5.785984848484851,6.442216325137352
2026-04-12 05:00:00,6,-11.07,52.373333333333335,-17.582038181160527,-5.785984848484851,5.023923842272097
2026-04-12 06:00:00,6,-9.223333333333334,56.505,-19.167580529267994,-5.785984848484851,7.332064296848657
2026-04-12 07:00:00,6,-4.908333333333333,63.95333333333334,-6.363987917467924,1.9688809523809525,14.730015528540797
2026-04-12 08:00:00,6,-2.9450000000000003,15.566666666666668,-2.3020843835934386,43.241292134831454,20.75410480754236
2026-04-12 09:00:00,6,-3.454166666666667,-9.4375,-7.4997898162263965,4.279210239651415,3.689678051510626
2026-04-12 10:00:00,6,-4.616666666666666,-31.016666666666666,-32.30947834470429,-14.029897959183675,-10.07082367269743
2026-04-12 11:00:00,6,-6.136666666666667,-37.431666666666665,-53.81417061225402,-14.029897959183675,-14.937488870009517
2026-04-12 12:00:00,6,-6.848333333333334,-37.77,-46.87490479556024,-14.029897959183675,-14.781524297603
2026-04-12 13:00:00,6,-6.97,-43.08416666666667,-58.47766970076894,-14.029897959183675,-15.350537092781167
2026-04-12 14:00:00,6,-7.574166666666667,-36.8375,-52.8984342024779,-14.029897959183675,-18.19327005343699
2026-04-12 15:00:00,6,-6.715833333333333,-21.92083333333333,-50.38675589237924,-14.029897959183675,-18.6607980210634
2026-04-12 16:00:00,6,-3.5375,1.2608333333333333,-23.981421768593705,-14.029897959183675,-11.217773023841971
2026-04-12 17:00:00,6,-1.455833333333333,54.39333333333334,21.790739645464768,0.7030108877721943,13.868410778772365
2026-04-12 18:00:00,6,4.233333333333333,73.34333333333333,89.18785110493482,70.45042748917747,56.83333148746857
2026-04-12 19:00:00,6,19.136666666666667,71.87916666666666,108.99328823848369,93.59584188034187,71.59795387000808
2026-04-12 20:00:00,6,26.8825,69.0525,110.15769892975914,93.59584188034187,74.89908667149983
2026-04-12 21:00:00,6,31.8375,71.76333333333334,98.57411331044057,70.45042748917747,68.4104834711499
2026-04-12 22:00:00,6,32.1325,72.35000000000001,80.52983014722072,70.45042748917747,57.388663054495424
2026-04-12 23:00:00,6,35.35333333333333,71.06083333333333,57.124450889140796,64.78309440559448,47.261058405139885
2026-04-13 00:00:00,6,44.33416666666667,71.52166666666666,56.4827323104993,64.78309440559448,53.351932860222405
2026-04-13 01:00:00,6,63.935833333333335,74.41250000000001,65.39731919796938,64.78309440559448,55.79171399391231
2026-04-13 02:00:00,6,30.314166666666665,82.03750000000001,43.66109272296093,43.241292134831454,43.87654529349777
2026-04-13 03:00:00,6,12.965833333333334,80.2825,24.506903069604455,43.241292134831454,35.305508534259864
2026-04-13 04:00:00,6,24.059166666666663,71.97,15.005897042769156,43.241292134831454,32.84893463742584
2026-04-13 05:00:00,6,31.41333333333333,57.01833333333334,15.627948550711402,43.241292134831454,36.71331477642471
2026-04-13 06:00:00,6,49.39333333333334,60.150000000000006,33.66398190487911,43.241292134831454,49.80529113548539
2026-04-13 07:00:00,6,56.17583333333334,43.18416666666667,77.00237163844446,64.78309440559448,73.76194427264542
2026-04-13 08:00:00,6,43.84,17.865833333333335,62.057675647593186,70.45042748917747,82.04993528180177
2026-04-13 09:00:00,6,35.83583333333333,16.14916666666667,29.30095991973853,24.954962462462454,32.740345303320986
2026-04-13 10:00:00,6,18.97583333333333,13.985,18.752310665543675,24.954962462462454,21.955102907672412
2026-04-13 11:00:00,6,14.763333333333334,8.834999999999999,-4.083620350067477,21.36882478632478,10.691473461095349
2026-04-13 12:00:00,6,16.720000000000002,0.7633333333333333,-2.4704069407207356,21.36882478632478,12.626105849400894
2026-04-13 13:00:00,6,10.715833333333334,-1.2333333333333334,-8.10731655020571,21.36882478632478,6.483673140043578
2026-04-13 14:00:00,6,2.4833333333333334,-9.2775,-12.568384305526564,4.279210239651415,7.7079984106347155
2026-04-13 15:00:00,6,3.9466666666666654,-11.849166666666669,-14.9723465917006,4.279210239651415,2.5432053158497325
2026-04-13 16:00:00,6,15.483333333333334,-11.364166666666668,18.24589055449681,18.977222222222217,18.480036401210896
2026-04-13 17:00:00,6,62.961666666666666,1.5424999999999998,87.14013768749275,70.45042748917747,65.05765318866246
2026-04-13 18:00:00,6,98.15333333333332,46.25333333333333,142.7958575432849,151.76688709677427,117.42363896088986
2026-04-13 19:00:00,6,110.2625,50.85916666666666,164.49606985045835,151.76688709677427,139.07187647758127
2026-04-13 20:00:00,6,104.00166666666668,43.2275,141.6430727226496,134.6806690140845,118.60129758634187
2026-04-13 21:00:00,6,106.0475,68.49583333333334,127.65812868819846,134.6806690140845,104.70880630645331
2026-04-13 22:00:00,6,112.3425,57.72416666666667,106.53356968741795,116.98252670940171,93.98269656795036
2026-04-13 23:00:00,6,105.22333333333334,17.205,87.80293347948884,80.90716013071899,88.17859285776869
2026-04-14 00:00:00,6,101.21666666666664,9.1575,77.65107535174218,80.90716013071899,91.89227218445956
2026-04-14 01:00:00,6,98.5,8.95,92.67596954593263,80.90716013071899,90.09000516855238
2026-04-14 02:00:00,6,89.37583333333333,7.514166666666667,68.79540842401387,76.89763429752067,83.78597740826802
2026-04-14 03:00:00,6,91.86416666666666,6.956666666666666,51.20390612492377,76.89763429752067,77.12435948741583
2026-04-14 04:00:00,6,83.27499999999999,9.195,40.31750720472132,76.89763429752067,75.27117448989105
2026-04-14 05:00:00,6,85.52916666666665,7.648333333333333,42.601382715961606,76.89763429752067,82.95640469308928
2026-04-14 06:00:00,6,95.88333333333333,9.161666666666669,54.566935369127286,76.89763429752067,95.05716979856966
2026-04-14 07:00:00,6,120.60166666666667,20.271666666666665,76.83925969446628,80.90716013071899,118.02236822879887
2026-04-14 08:00:00,6,160.98749999999998,20.2775,88.11640008354496,116.98252670940171,117.85699495974461
2026-04-14 09:00:00,6,124.545,2.045833333333333,75.06097382670536,85.24106512141279,84.1746176120008
2026-04-14 10:00:00,6,72.41583333333334,0.0683333333333333,57.97933203072786,70.45042748917747,48.93563843872778
2026-04-14 11:00:00,6,37.62916666666666,-0.89,44.29330322789754,18.977222222222217,43.00523605520765
2026-04-14 12:00:00,6,48.32083333333333,-0.7091666666666666,56.72253396047641,69.71796348314604,48.76811255427074
2026-04-14 13:00:00,6,69.52166666666666,-4.225833333333333,67.57067010828678,69.71796348314604,58.25899777137047
2026-04-14 14:00:00,6,74.22250000000001,-3.536666666666666,71.94694560325216,69.71796348314604,60.40085432008728
2026-04-14 15:00:00,6,61.7175,-4.089166666666666,72.29331985843358,69.71796348314604,63.39065235603306
2026-04-14 16:00:00,6,62.49916666666667,-3.758333333333333,82.39441815842362,69.71796348314604,78.29854766837539
2026-04-14 17:00:00,6,88.945,24.9075,106.02303409586243,116.98252670940171,104.46039156915091
2026-04-14 18:00:00,6,118.3125,117.69083333333332,141.57434839750488,134.6806690140845,140.03012733343039
2026-04-14 19:00:00,6,151.3375,123.245,160.50146251325242,134.6806690140845,151.46443056840664
2026-04-14 20:00:00,6,173.5925,120.86333333333332,149.91160798862794,134.6806690140845,141.510994619491
2026-04-14 21:00:00,6,192.1341666666667,128.16416666666666,123.33070379874144,134.6806690140845,126.25347883907901
2026-04-14 22:00:00,6,149.97,132.47583333333333,100.70818947199362,116.98252670940171,108.32365313990613
2026-04-14 23:00:00,6,98.72833333333334,133.30666666666667,75.36536703172447,80.90716013071899,93.88700236151234
2026-04-15 00:00:00,7,79.2975,138.54999999999998,65.04135399573029,95.485068627451,93.29585276824821
2026-04-15 01:00:00,7,74.68583333333333,122.48583333333332,77.96877534779763,95.485068627451,83.95684358491295
2026-04-15 02:00:00,7,72.56333333333333,111.4125,58.76808257240456,62.497973484848515,75.37184118910723
2026-04-15 03:00:00,7,71.9225,106.78333333333336,43.43146752186762,62.497973484848515,68.53675295016411
2026-04-15 04:00:00,7,73.41416666666667,117.61583333333334,36.65846072629588,62.497973484848515,67.47233807945409
2026-04-15 05:00:00,7,72.3675,124.2375,35.395979054239454,64.94516552511416,70.07461746209624
2026-04-15 06:00:00,7,77.16166666666668,138.1975,48.43369186356085,64.94516552511416,81.3508959788033
2026-04-15 07:00:00,7,80.16333333333334,153.07500000000002,71.15910388493971,95.485068627451,103.31155054110593
2026-04-15 08:00:00,7,73.16583333333334,67.16416666666667,88.26235043139562,115.96939716312056,94.67051539407316
2026-04-15 09:00:00,7,67.88666666666667,26.929166666666664,102.506929567075,85.60447662601624,80.7075120817443
2026-04-15 10:00:00,7,19.774166666666662,30.8825,79.80731255421959,85.60447662601624,62.40183507395566
2026-04-15 11:00:00,7,10.636666666666668,21.975,70.42930884587796,67.12746052631576,53.12920598695101
2026-04-15 12:00:00,7,8.6025,20.3325,64.94755030299628,67.12746052631576,54.763943303044016
2026-04-15 13:00:00,7,7.774999999999999,8.430833333333334,72.49524652831988,67.12746052631576,59.023700966851315
2026-04-15 14:00:00,7,7.931666666666666,11.915,94.64905292060021,67.12746052631576,66.61530391317412
2026-04-15 15:00:00,7,13.2425,23.9725,125.71312503671871,67.12746052631576,81.85554547821474
2026-04-15 16:00:00,7,21.8725,59.00416666666666,148.11947596560293,67.12746052631576,98.43389888045341
2026-04-15 17:00:00,7,100.085,105.21916666666668,174.7263407987016,115.96939716312056,127.2356780723315
2026-04-15 18:00:00,7,160.12916666666666,131.3325,205.27722305318935,148.70148809523812,165.41660437388344
2026-04-15 19:00:00,7,158.52833333333334,108.8725,212.61708033350857,148.70148809523812,171.48585517671893
2026-04-15 20:00:00,7,166.09333333333333,89.74416666666667,219.01658606555594,148.70148809523812,166.63085419071842
2026-04-15 21:00:00,7,154.735,76.7,194.32101286499486,148.70148809523812,155.09002941060788
2026-04-15 22:00:00,7,151.29083333333332,32.73583333333334,157.98002449311613,115.96939716312056,130.1783797271772
2026-04-15 23:00:00,7,124.04583333333332,4.382499999999999,123.32052317082201,95.485068627451,102.7152791470507
2026-04-16 00:00:00,7,117.9525,-0.1674999999999999,96.33001439084728,73.42107235142116,88.69832659844526
2026-04-16 01:00:00,7,101.215,-2.375833333333333,97.36233643343627,73.42107235142116,64.50539527014384
2026-04-16 02:00:00,7,79.37,-4.695833333333334,64.70035273855045,21.024158878504668,39.893769907379635
2026-04-16 03:00:00,7,56.31166666666667,-9.2375,38.82684576189979,21.024158878504668,21.38412909351031
2026-04-16 04:00:00,7,27.57333333333333,-11.490833333333336,20.622814201864088,21.024158878504668,9.30456160803324
2026-04-16 05:00:00,7,7.0825,-12.08,16.636097330836755,2.3701282051282058,5.077012092351509
2026-04-16 06:00:00,7,4.8225,-6.078333333333333,26.40035029840748,21.391430678466076,10.049483879418268
2026-04-16 07:00:00,7,12.365833333333333,-2.7583333333333333,60.170768919293366,29.85622807017542,27.236857831624846
2026-04-16 08:00:00,7,3.985,-5.098333333333334,52.03434508577094,29.85622807017542,18.291753085706027
2026-04-16 09:00:00,7,-3.703333333333333,-9.061666666666666,11.157437502328087,29.85622807017542,-0.06435054115993921
2026-04-16 10:00:00,7,-8.3725,-12.629166666666668,-23.130141123975534,-10.818325163398695,-12.408630021883681
2026-04-16 11:00:00,7,-10.27,-8.583333333333334,-57.71580703779148,-26.415459770114943,-22.463586421838087
2026-04-16 12:00:00,7,-16.099166666666665,-4.4725,-77.96964411675391,-36.412530120481954,-24.599938473567462
2026-04-16 13:00:00,7,-20.079166666666666,-4.980833333333334,-75.29034434448353,-26.415459770114943,-24.99286896388213
2026-04-16 14:00:00,7,-14.465833333333334,-5.210833333333333,-59.3954607630736,-26.415459770114943,-23.716752755200957
2026-04-16 15:00:00,7,-7.358333333333333,-0.0208333333333333,-36.37658218657022,-16.134265536723163,-14.2315227965084
2026-04-16 16:00:00,7,-0.8041666666666667,0.1066666666666665,16.223820711651477,19.130817995910032,16.27504042161052
2026-04-16 17:00:00,7,5.369166666666666,-2.8608333333333333,57.59687291889872,85.60447662601624,51.872414011760505
2026-04-16 18:00:00,7,13.456666666666663,2.335,105.86835045311952,115.96939716312056,88.73396095949855
2026-04-16 19:00:00,7,31.800833333333333,-0.3441666666666667,111.52795287840623,93.74711309523803,90.03944531515728
2026-04-16 20:00:00,7,30.727500000000003,-1.6516666666666666,109.02852351456363,115.96939716312056,94.36265255877859
2026-04-16 21:00:00,7,20.8525,-1.7699999999999998,105.66747671764699,115.96939716312056,97.25654630898846
2026-04-16 22:00:00,7,15.5075,-0.0916666666666666,81.4818558839156,73.42107235142116,86.53629742614483
2026-04-16 23:00:00,7,7.227499999999999,-0.1,65.82331676847605,95.485068627451,85.73995029998451
2026-04-17 00:00:00,7,26.951666666666664,-0.0666666666666666,61.55947499657404,95.485068627451,87.81514402901853
2026-04-17 01:00:00,7,31.986666666666665,0.7083333333333334,68.14390296304002,79.00358695652174,75.81553090836879
2026-04-17 02:00:00,7,27.981666666666666,-3.165833333333333,48.74586131268662,79.00358695652174,65.43841023171329
2026-04-17 03:00:00,7,33.6375,-3.333333333333333,27.404429933956088,79.00358695652174,51.966666748988175
2026-04-17 04:00:00,7,32.4025,-4.700833333333333,12.093501031651684,52.03191247002397,42.5536045985769
2026-04-17 05:00:00,7,17.55333333333333,-3.065,10.164083144451695,52.03191247002397,44.44623855924315
2026-04-17 06:00:00,7,27.579166666666666,-3.3841666666666668,23.06096724917613,52.03191247002397,57.18187842444553
2026-04-17 07:00:00,7,40.36333333333334,-1.94,47.86884085922571,73.42107235142116,79.79635149382932
2026-04-17 08:00:00,7,30.355833333333333,-2.905,65.3270032289279,115.96939716312056,84.80003848185662
2026-04-17 09:00:00,7,13.825833333333334,-4.415,40.21308434419726,95.66723135964912,38.923318910382704
2026-04-17 10:00:00,7,5.283333333333333,-7.915833333333333,2.4501792259211754,29.85622807017542,8.523421131105692
2026-04-17 11:00:00,7,2.5483333333333333,-12.5375,-2.8725493721451585,-4.980223765432096,2.297236457495984
2026-04-17 12:00:00,7,-0.7741666666666666,-9.216666666666669,-27.337412356340707,-16.134265536723163,-6.4837285239199645
2026-04-17 13:00:00,7,-4.055,-13.910833333333334,-33.730335771709264,-16.134265536723163,-13.34033727220924
2026-04-17 14:00:00,7,-8.115,-13.920833333333333,-49.67652191027403,-14.07734530938124,-20.80259743586167
2026-04-17 15:00:00,7,-13.3825,-22.16416666666667,-39.19962784035896,-14.07734530938124,-20.640581767447372
2026-04-17 16:00:00,7,-27.07166666666667,-13.168333333333331,-23.087622962149638,-16.134265536723163,-19.33305885758503
2026-04-17 17:00:00,7,8.043333333333335,-3.4333333333333336,23.902241907092005,29.85622807017542,10.87723556475828
2026-04-17 18:00:00,7,74.575,-3.1833333333333336,79.80155154222149,93.74711309523803,60.781134056091574
2026-04-17 19:00:00,7,78.14,-3.080833333333333,102.59429161718525,122.5784819121447,81.7682665115118
2026-04-17 20:00:00,7,74.18083333333333,-1.8625,89.88037603870801,122.5784819121447,69.97174251617979
2026-04-17 21:00:00,7,77.71083333333333,-0.2716666666666666,88.05601711635497,122.5784819121447,74.30243889444243
2026-04-17 22:00:00,7,75.95166666666667,-0.8433333333333333,83.95910875826678,95.66723135964912,75.61236465094092
2026-04-17 23:00:00,7,78.3025,-0.1875,70.98993398613247,95.66723135964912,71.97010255026076
2026-04-18 00:00:00,7,84.20583333333333,-0.05,70.5465290094263,95.66723135964912,78.98686658300029
2026-04-18 01:00:00,7,82.61333333333333,-0.7133333333333334,80.72051690120855,49.98807755775576,77.46213858401991
2026-04-18 02:00:00,7,77.7225,-2.8725,57.22779024921805,49.98807755775576,65.93325222187416
2026-04-18 03:00:00,7,69.66083333333334,-3.4758333333333336,36.84161658817976,79.00358695652174,57.38859867648205
2026-04-18 04:00:00,7,62.98166666666666,-6.498333333333334,25.806207152487687,79.00358695652174,54.98026576285865
2026-04-18 05:00:00,7,67.77333333333333,-4.5875,14.748764079084935,52.03191247002397,50.899548916019654
2026-04-18 06:00:00,7,69.21083333333333,-4.028333333333333,17.029606495439182,79.00358695652174,55.76389207393105
2026-04-18 07:00:00,7,78.85583333333334,0.92,27.31158746430534,49.98807755775576,65.74228301133398
2026-04-18 08:00:00,7,46.20416666666667,-3.71,46.70193719604659,73.42107235142116,71.30305469635559
2026-04-18 09:00:00,7,5.610833333333333,-9.320833333333333,30.641894670800717,49.98807755775576,43.140807862847396
2026-04-18 10:00:00,7,13.079999999999998,-15.4925,7.17639071220016,23.84603174603175,21.062989287844466
2026-04-18 11:00:00,7,9.25,-7.776666666666666,-6.9389982854327314,23.84603174603175,9.144772610908177
2026-04-18 12:00:00,7,3.8866666666666654,-7.609166666666667,-16.42255326010337,9.97720967741936,4.518232899970329
2026-04-18 13:00:00,7,1.4233333333333331,-8.606666666666667,-35.60589017768035,9.97720967741936,-2.399052413415802
2026-04-18 14:00:00,7,-0.3341666666666666,-15.675,-42.66560637334594,4.481107660455489,-12.75125932343171
2026-04-18 15:00:00,7,-2.1166666666666667,-18.471666666666668,-39.83927038318461,4.481107660455489,-9.139868436683628
2026-04-18 16:00:00,7,6.209166666666667,-14.851666666666668,-17.67182934496097,9.97720967741936,9.030949363126098
2026-04-18 17:00:00,7,66.115,-5.314166666666667,39.18702351585465,23.84603174603175,53.72105532459616
2026-04-18 18:00:00,7,119.35,-0.5691666666666667,105.8023905210814,115.96939716312056,113.62555433677122
2026-04-18 19:00:00,7,105.23666666666666,4.1691666666666665,130.46180349814554,134.88622863247863,133.36493101205764
2026-04-18 20:00:00,7,88.15166666666666,3.895,134.44670477891708,134.88622863247863,133.03064833269494
2026-04-18 21:00:00,7,86.22333333333334,-0.05,130.38865929387507,115.96939716312056,124.95607015648648
2026-04-18 22:00:00,7,88.96249999999999,-0.0875,125.80700403985932,115.96939716312056,118.71264671778843
2026-04-18 23:00:00,7,84.55666666666667,-0.1825,119.65694468527555,115.96939716312056,114.48275427110326
2026-04-19 00:00:00,7,84.645,-0.9991666666666666,131.27186819173397,115.96939716312056,114.39025470534037
2026-04-19 01:00:00,7,79.82416666666667,-2.9966666666666666,152.24741747597514,95.485068627451,94.08028709022659
2026-04-19 02:00:00,7,77.065,-4.0375,138.6382478912471,95.485068627451,85.51438977315041
2026-04-19 03:00:00,7,82.27833333333334,-11.441666666666668,123.8646423983541,106.39182489451478,82.27066131961028
2026-04-19 04:00:00,7,83.61749999999999,-12.593333333333334,117.9852822664209,106.39182489451478,79.44717063183924
2026-04-19 05:00:00,7,83.18333333333332,-11.07,115.43141244571389,106.39182489451478,78.21506433932055
2026-04-19 06:00:00,7,87.60333333333334,-9.223333333333334,116.06748344788332,106.39182489451478,82.66178796534501
2026-04-19 07:00:00,7,106.34416666666668,-4.908333333333333,130.34797090163175,95.485068627451,95.11663585399052
2026-04-19 08:00:00,7,32.905,-2.9450000000000003,106.94258359042283,95.485068627451,75.36986681142653
2026-04-19 09:00:00,7,2.214166666666667,-3.454166666666667,84.3821329123214,67.12746052631576,34.095151303664395
2026-04-19 10:00:00,7,0.2058333333333333,-4.616666666666666,65.68665631968746,43.42654761904763,14.343196594807871
2026-04-19 11:00:00,7,-2.1966666666666668,-6.136666666666667,34.342258479680616,-3.5635358255451703,4.154303694264627
2026-04-19 12:00:00,7,-2.898333333333333,-6.848333333333334,19.462054925088047,4.481107660455489,-1.4741500357513075
2026-04-19 13:00:00,7,-3.374166666666667,-6.97,3.7820188356392492,-13.686034722222223,-3.489183157237889
2026-04-19 14:00:00,7,-3.610833333333333,-7.574166666666667,-4.622677975354705,-13.686034722222223,-5.76237355333916
2026-04-19 15:00:00,7,-2.813333333333333,-6.715833333333333,5.777076029773525,4.481107660455489,7.088567835336228
2026-04-19 16:00:00,7,3.8675,-3.5375,46.137551493342954,26.21338267543859,28.99976740665874
2026-04-19 17:00:00,7,70.39916666666666,-1.455833333333333,107.92420833384602,95.485068627451,72.7928944667986
2026-04-19 18:00:00,7,161.9925,4.233333333333333,148.3935928402901,115.96939716312056,117.05791795146925
2026-04-19 19:00:00,7,152.8725,19.136666666666667,160.9375404920637,134.88622863247863,127.18669555199241
2026-04-19 20:00:00,7,128.2925,26.8825,169.1913933761732,134.88622863247863,128.85178610405657
2026-04-19 21:00:00,7,124.00333333333332,31.8375,167.09707061678438,115.96939716312056,120.07718242057034
2026-04-19 22:00:00,7,108.71166666666666,32.1325,148.5613069817033,115.96939716312056,106.32740883544997
2026-04-19 23:00:00,7,85.41000000000001,35.35333333333333,126.73642592024703,95.485068627451,92.94512384249188
2026-04-20 00:00:00,7,96.56,44.33416666666667,123.11888915374223,95.485068627451,92.85606157653977
2026-04-20 01:00:00,7,89.17666666666666,63.935833333333335,130.3835286150201,95.485068627451,109.46634897470392
2026-04-20 02:00:00,7,86.99916666666667,30.314166666666665,115.12669448896487,106.39182489451478,103.22330167002242
2026-04-20 03:00:00,7,80.25083333333333,12.965833333333334,105.76314811014132,106.39182489451478,102.359483990109
2026-04-20 04:00:00,7,83.65166666666667,24.059166666666663,99.76804879376257,106.39182489451478,103.73483353571217
2026-04-20 05:00:00,7,109.41916666666668,31.41333333333333,97.28907212148745,106.39182489451478,109.32475179439732
2026-04-20 06:00:00,7,135.06666666666666,49.39333333333334,115.85725479656855,95.485068627451,128.64382780603768
2026-04-20 07:00:00,7,142.76083333333335,56.17583333333334,140.1184273489826,115.96939716312056,160.946054820828
2026-04-20 08:00:00,7,186.41,43.84,144.6105918347638,113.47960317460317,148.99206570029594
2026-04-20 09:00:00,7,139.53416666666666,35.83583333333333,141.3184322799508,85.60447662601624,103.55463098106513
2026-04-20 10:00:00,7,34.29416666666666,18.97583333333333,104.29634130278214,67.12746052631576,52.74163874317825
2026-04-20 11:00:00,7,20.81583333333333,14.763333333333334,63.75902780819603,9.514003378378376,31.20005916151949
2026-04-20 12:00:00,7,23.175,16.720000000000002,39.859305984718546,26.21338267543859,26.93980899608495
2026-04-20 13:00:00,7,24.9525,10.715833333333334,22.81814327133076,26.21338267543859,23.454505243083517
2026-04-20 14:00:00,7,22.7775,2.4833333333333334,15.649706274524796,26.21338267543859,25.462640929091442
2026-04-20 15:00:00,7,20.354166666666668,3.9466666666666654,16.094204036895576,26.21338267543859,30.095137286295035
2026-04-20 16:00:00,7,32.3775,15.483333333333334,33.32614963156855,23.84603174603175,42.91922473340739
2026-04-20 17:00:00,7,87.36583333333333,62.961666666666666,72.86902087869994,85.60447662601624,78.346702576955
2026-04-20 18:00:00,7,120.09499999999998,98.15333333333332,122.22787249184364,134.88622863247863,128.67422595424588
2026-04-20 19:00:00,7,113.97083333333336,110.2625,141.05789151129218,134.88622863247863,148.3791152460962
2026-04-20 20:00:00,7,97.5925,104.00166666666668,144.77780574109977,134.88622863247863,152.11272983061798
2026-04-20 21:00:00,7,86.52999999999999,106.0475,155.92290996266456,115.96939716312056,152.0252073129569
2026-04-20 22:00:00,7,80.10000000000001,112.3425,146.40393280573602,115.96939716312056,141.23530834119674
2026-04-20 23:00:00,7,73.3525,105.22333333333334,118.39016694227996,95.485068627451,127.78233360926441
2026-04-21 00:00:00,7,67.71333333333334,101.21666666666664,112.56832445096589,95.485068627451,126.3053868999773
2026-04-21 01:00:00,7,67.16000000000001,98.5,133.6632023644345,95.485068627451,121.64508769835868
2026-04-21 02:00:00,7,57.24166666666667,89.37583333333333,114.16571802837919,106.39182489451478,112.02512511643306
2026-04-21 03:00:00,7,57.42583333333334,91.86416666666666,97.78659826203447,106.39182489451478,104.27218981189189
2026-04-21 04:00:00,7,53.46416666666666,83.27499999999999,90.34671117815742,106.39182489451478,102.52988807786718
2026-04-21 05:00:00,7,50.6525,85.52916666666665,84.0834427799155,106.39182489451478,105.04171387611856
2026-04-21 06:00:00,7,51.42083333333333,95.88333333333333,85.95262580573633,106.39182489451478,116.20277815841052
2026-04-21 07:00:00,7,70.2975,120.60166666666667,111.22214332416507,95.485068627451,144.63539381448663
2026-04-21 08:00:00,7,44.33583333333333,160.98749999999998,126.42668212452213,115.96939716312056,140.48689158096244
2026-04-21 09:00:00,7,-0.795,124.545,83.58928865853521,85.60447662601624,74.70490830623001
2026-04-21 10:00:00,7,-1.0875,72.41583333333334,50.159388924181506,43.42654761904763,30.47643610129453
2026-04-21 11:00:00,7,-2.935,37.62916666666666,26.168947230386642,9.514003378378376,17.45256508384349
2026-04-21 12:00:00,7,-5.670833333333333,48.32083333333333,4.403798811491654,26.21338267543859,7.4484398172150605
2026-04-21 13:00:00,7,-9.483333333333333,69.52166666666666,-7.194441925585949,9.97720967741936,3.2002857657743107
2026-04-21 14:00:00,7,-6.343333333333334,74.22250000000001,-3.9822447837215265,9.97720967741936,7.504053428657805
2026-04-21 15:00:00,7,-7.138333333333333,61.7175,9.68688464592865,9.97720967741936,19.312705416790436
2026-04-21 16:00:00,7,10.025833333333331,62.49916666666667,40.09316900356971,23.84603174603175,44.092118393843315
2026-04-21 17:00:00,7,72.42666666666666,88.945,86.09037231727868,115.96939716312056,84.53823594771964
2026-04-21 18:00:00,7,100.83083333333332,118.3125,144.64879171277806,148.70148809523812,130.9651245607247
2026-04-21 19:00:00,7,86.67666666666666,151.3375,150.10829198413003,148.70148809523812,135.39199387681828
2026-04-21 20:00:00,7,69.57666666666667,173.5925,137.78827460591023,148.70148809523812,122.81861034444944
2026-04-21 21:00:00,7,26.52333333333333,192.1341666666667,120.3138376858281,135.27174712643668,103.93848794143344
2026-04-21 22:00:00,7,5.892499999999999,149.97,106.5850723191196,115.14636304909561,91.82562477901513
2026-04-21 23:00:00,7,0.1916666666666666,98.72833333333334,83.04517444622394,85.18535807291667,76.43159331397925
2026-04-22 00:00:00,7,-0.0625,79.2975,72.26602159315954,85.18535807291667,72.74042789527923
2026-04-22 01:00:00,7,-0.1,74.68583333333333,77.59875510561207,38.543,55.00079166105939
2026-04-22 02:00:00,7,-0.1,72.56333333333333,54.77280196777723,38.543,45.00822550216863
2026-04-22 03:00:00,7,-0.1,71.9225,40.113291544058896,36.83121459694991,40.437352788768635
2026-04-22 04:00:00,7,-0.0916666666666666,73.41416666666667,34.77646411761575,36.83121459694991,38.65822774307084
2026-04-22 05:00:00,7,-0.1,72.3675,32.95547739313423,36.83121459694991,39.21476933030124
2026-04-22 06:00:00,7,7.379166666666666,77.16166666666668,46.01011374271228,36.83121459694991,48.09889633673475
2026-04-22 07:00:00,7,15.471666666666666,80.16333333333334,73.4986143488294,53.237216216216225,68.29063059448649
2026-04-22 08:00:00,7,13.854166666666666,73.16583333333334,53.2370145603785,72.61545959595963,55.15077372761796
2026-04-22 09:00:00,7,-0.6041666666666666,67.88666666666667,20.781517583755864,30.18421264367817,17.950998937245203
2026-04-22 10:00:00,7,-1.8633333333333333,19.774166666666662,9.593139775626135,3.801590447154471,4.107380731291002
2026-04-22 11:00:00,7,-2.3,10.636666666666668,-9.357778522931739,-5.987163742690059,-8.15678610807862
2026-04-22 12:00:00,7,-2.2625,8.6025,-9.300042917214427,-5.987163742690059,-9.189238792616166
2026-04-22 13:00:00,7,-1.6466666666666665,7.774999999999999,-2.2320020905815596,9.97720967741936,-3.338226923978965
2026-04-22 14:00:00,7,-1.4400000000000002,7.931666666666666,14.39829440759862,9.97720967741936,10.630168028829075
2026-04-22 15:00:00,7,4.5825000000000005,13.2425,37.992882245297224,23.84603174603175,29.311058026252695
2026-04-22 16:00:00,7,33.12916666666667,21.8725,79.04320975450827,67.12746052631576,59.30237753350998
2026-04-22 17:00:00,7,78.16916666666667,100.085,109.94145331022355,85.60447662601624,86.34467367214155
2026-04-22 18:00:00,7,89.96,160.12916666666666,132.68161372691551,148.70148809523812,120.91829739604515
2026-04-22 19:00:00,7,77.17416666666666,158.52833333333334,129.19095574695285,148.70148809523812,121.24659161704699
2026-04-22 20:00:00,7,68.74416666666666,166.09333333333333,106.2299698638181,115.14636304909561,100.39595352217952
2026-04-22 21:00:00,7,69.24083333333333,154.735,91.38203002952349,115.14636304909561,90.99384140983915
2026-04-22 22:00:00,7,65.235,151.29083333333332,65.87910873035891,115.14636304909561,83.58654499089502
2026-04-22 23:00:00,7,67.99083333333333,124.04583333333332,44.644565844169904,85.18535807291667,77.01958544853831
2026-04-23 00:00:00,7,73.99416666666666,117.9525,43.47011411276155,135.27174712643668,84.0579514884615
2026-04-23 01:00:00,7,75.64,101.215,63.631949183778076,135.27174712643668,84.55339980907878
2026-04-23 02:00:00,7,75.3575,79.37,54.34029704655027,79.00358695652174,84.57973954228687
2026-04-23 03:00:00,7,72.49249999999999,56.31166666666667,46.90667422852445,84.15339093701996,85.23682197236988
2026-04-23 04:00:00,7,60.485833333333325,27.57333333333333,44.54873290750082,84.15339093701996,88.31552365398748
2026-04-23 05:00:00,7,59.571666666666665,7.0825,47.809787834964524,84.15339093701996,95.69801743984115
2026-04-23 06:00:00,7,62.40833333333334,4.8225,56.49364311634853,106.39182489451478,106.03841522996342
2026-04-23 07:00:00,7,75.45666666666666,12.365833333333333,76.71412002367222,135.27174712643668,126.26954678241222
2026-04-23 08:00:00,7,60.305,3.985,84.98136384074492,115.14636304909561,121.00593716370136
2026-04-23 09:00:00,7,2.2808333333333337,-3.703333333333333,61.942573313045564,135.27174712643668,68.21388570854901
2026-04-23 10:00:00,7,2.6575,-8.3725,44.06978289489194,43.42654761904763,32.95797024720868
2026-04-23 11:00:00,7,3.6566666666666654,-10.27,19.663692160827978,-3.5635358255451703,14.870587703019808
2026-04-23 12:00:00,7,1.9633333333333327,-16.099166666666665,10.345116892400384,4.481107660455489,9.874042010019913
2026-04-23 13:00:00,7,3.721666666666666,-20.079166666666666,11.388116813960934,4.481107660455489,10.837359269946042
2026-04-23 14:00:00,7,5.716666666666666,-14.465833333333334,26.259494185945165,26.21338267543859,23.1608819579653
2026-04-23 15:00:00,7,9.44,-7.358333333333333,46.721085073809235,26.21338267543859,41.5265690394274
2026-04-23 16:00:00,7,28.394166666666667,-0.8041666666666667,71.71152184821719,67.12746052631576,69.40329437263871
2026-04-23 17:00:00,7,71.43916666666667,5.369166666666666,105.62373771253483,135.27174712643668,114.1730201139475
2026-04-23 18:00:00,7,96.26833333333332,13.456666666666663,131.82347192416944,134.88622863247863,155.22467701711764
2026-04-23 19:00:00,7,84.39999999999999,31.800833333333333,134.58639928560626,134.88622863247863,158.47006411130053
2026-04-23 20:00:00,7,71.63083333333334,30.727500000000003,115.0475043836513,134.88622863247863,136.08374029185472
2026-04-23 21:00:00,7,65.10666666666667,20.8525,92.04937024013549,135.27174712643668,110.87219629716171
2026-04-23 22:00:00,7,55.065,15.5075,71.6500687725022,135.27174712643668,92.70736708317213
2026-04-23 23:00:00,7,39.5325,7.227499999999999,46.897281583765306,85.18535807291667,74.31631256217474
2026-04-24 00:00:00,7,26.37333333333333,26.951666666666664,33.30883332830866,85.18535807291667,68.53075350399021
2026-04-24 01:00:00,7,7.392499999999999,31.986666666666665,44.50248362636562,36.83121459694991,59.94334971761035
2026-04-24 02:00:00,7,2.714166666666667,27.981666666666666,25.283572934650216,36.83121459694991,49.535313368902706
2026-04-24 03:00:00,7,0.0041666666666666,33.6375,9.17915655215446,36.83121459694991,41.19642435070982
2026-04-24 04:00:00,7,-0.0791666666666666,32.4025,-3.4593909761232453,36.83121459694991,34.10605455015621
2026-04-24 05:00:00,7,-0.1,17.55333333333333,-7.760038498094119,36.83121459694991,31.06572712069937
2026-04-24 06:00:00,7,-0.0208333333333333,27.579166666666666,1.5483998971423176,36.83121459694991,36.53260006723433
2026-04-24 07:00:00,7,8.319999999999999,40.36333333333334,26.346928718989574,49.98807755775576,56.276586965289795
2026-04-24 08:00:00,7,4.486666666666666,30.355833333333333,39.324263650922475,72.61545959595963,51.758784034586824
2026-04-24 09:00:00,7,-3.046666666666667,13.825833333333334,14.592351243599971,30.18421264367817,14.77939205521659
2026-04-24 10:00:00,7,-2.8716666666666666,5.283333333333333,-24.0299081190808,-14.07734530938124,-6.413233058623774
2026-04-24 11:00:00,7,-6.57,2.5483333333333333,-57.3311216528234,-26.415459770114943,-17.35673569460255
2026-04-24 12:00:00,7,-8.493333333333334,-0.7741666666666666,-65.68528369885185,-36.412530120481954,-21.226560604914695
2026-04-24 13:00:00,7,-4.7725,-4.055,-67.50391793683231,-36.412530120481954,-25.101479986052297
2026-04-24 14:00:00,7,-3.715833333333333,-8.115,-51.836591811770745,-22.71348534201953,-18.978542013166802
2026-04-24 15:00:00,7,-2.4933333333333336,-13.3825,-26.19079594726456,-5.987163742690059,-2.7973938052010254
2026-04-24 16:00:00,7,0.2924999999999999,-27.07166666666667,12.757588062579892,23.84603174603175,22.365895253891054
2026-04-24 17:00:00,7,47.67,8.043333333333335,52.8507520314533,85.60447662601624,59.41052740941195
2026-04-24 18:00:00,7,68.31666666666666,74.575,70.25485008279783,115.14636304909561,83.29747362222392
2026-04-24 19:00:00,7,68.25,78.14,76.12218978164277,134.88622863247863,80.79296661892711
2026-04-24 20:00:00,7,64.7025,74.18083333333333,64.32126840252094,115.14636304909561,67.76874297585915
2026-04-24 21:00:00,7,63.2175,77.71083333333333,45.49859529637506,72.61545959595963,45.50831416774592
2026-04-24 22:00:00,7,7.598333333333333,75.95166666666667,17.494026048328422,49.98807755775576,21.924636634078034
2026-04-24 23:00:00,7,0.7091666666666666,78.3025,0.6962832427258974,49.98807755775576,17.215728602313497
2026-04-25 00:00:00,7,-0.1833333333333333,84.20583333333333,-0.5834378446989916,49.98807755775576,22.59651831321031
2026-04-25 01:00:00,7,-0.2749999999999999,82.61333333333333,6.764038170008092,21.391430678466076,16.09551396577543
2026-04-25 02:00:00,7,-1.2308333333333332,77.7225,-18.782931362290867,2.3701282051282058,1.4235126907465343
2026-04-25 03:00:00,7,-3.968333333333333,69.66083333333334,-42.88412763724169,2.3701282051282058,-10.350282653029268
2026-04-25 04:00:00,7,-7.0425,62.98166666666666,-40.33862031289219,2.3701282051282058,-6.121956845417685
2026-04-25 05:00:00,7,-12.3975,67.77333333333333,-42.91565986323687,2.3701282051282058,-5.629681452671164
2026-04-25 06:00:00,7,-11.661666666666669,69.21083333333333,-47.761974466112406,2.3701282051282058,-7.751529495150194
2026-04-25 07:00:00,7,-7.850833333333333,78.85583333333334,-44.845439030684986,2.3701282051282058,-5.42792371455792
2026-04-25 08:00:00,7,-6.105833333333333,46.20416666666667,-34.354000045779486,21.391430678466076,-5.003748193498922
2026-04-25 09:00:00,7,-19.075,5.610833333333333,-55.47423118111098,-14.07734530938124,-25.7267370903713
2026-04-25 10:00:00,7,-34.178333333333335,13.079999999999998,-60.01662310699602,-22.71348534201953,-27.385454894417123
2026-04-25 11:00:00,7,-47.42166666666666,9.25,-78.74216146055745,-22.71348534201953,-33.48644376954164
2026-04-25 12:00:00,7,-44.53916666666667,3.8866666666666654,-94.18696028814581,-35.05954166666668,-38.49408687975465
2026-04-25 13:00:00,7,-49.88,1.4233333333333331,-101.29342741942396,-35.05954166666668,-41.3278344370289
2026-04-25 14:00:00,7,-51.59,-0.3341666666666666,-95.38238334797335,-35.05954166666668,-38.01892548563636
2026-04-25 15:00:00,7,-51.42416666666667,-2.1166666666666667,-73.81816507989605,-22.71348534201953,-27.31255623022753
2026-04-25 16:00:00,7,-15.394999999999998,6.209166666666667,-37.34684962155909,9.97720967741936,-5.143454383647693
2026-04-25 17:00:00,7,25.405,66.115,0.7982000448199358,23.84603174603175,24.764821738061656
2026-04-25 18:00:00,7,65.89416666666666,119.35,23.79182594968229,72.61545959595963,48.41626758531442
2026-04-25 19:00:00,7,40.88583333333333,105.23666666666666,28.292913203808,72.61545959595963,47.33750149658382
2026-04-25 20:00:00,7,4.4775,88.15166666666666,12.077426313794874,49.98807755775576,31.144689987927315
2026-04-25 21:00:00,7,0.7050000000000001,86.22333333333334,-2.5432583536060775,49.98807755775576,21.1630610708728
2026-04-25 22:00:00,7,1.6099999999999997,88.96249999999999,-14.382472201144083,49.98807755775576,16.590573440476085
2026-04-25 23:00:00,7,0.6449999999999999,84.55666666666667,-21.806022877126907,21.391430678466076,18.879379843064946
2026-04-26 00:00:00,7,0.65,84.645,-20.626759504970764,49.98807755775576,27.98360585293249
2026-04-26 01:00:00,7,-0.0666666666666666,79.82416666666667,-4.953076028091061,21.391430678466076,26.467482617362194
2026-04-26 02:00:00,7,-0.0833333333333333,77.065,-25.499593879962973,2.3701282051282058,16.610998141874
2026-04-26 03:00:00,7,-0.3999999999999999,82.27833333333334,-44.419764485594,2.3701282051282058,9.34969442517712
2026-04-26 04:00:00,7,-0.1,83.61749999999999,-59.0585358293975,2.3701282051282058,2.903392665549063
2026-04-26 05:00:00,7,-0.0483333333333333,83.18333333333332,-61.189060532421635,2.3701282051282058,1.8325471243456661
2026-04-26 06:00:00,7,-0.04,87.60333333333334,-59.096763309877105,2.3701282051282058,3.6084569919896694
2026-04-26 07:00:00,7,2.495833333333333,106.34416666666668,-54.49569436821612,2.3701282051282058,6.73941530083335
2026-04-26 08:00:00,7,2.1325,32.905,-64.11192571487796,-8.355958333333337,-4.479227666552376
2026-04-26 09:00:00,7,-0.5633333333333334,2.214166666666667,-72.18938870117738,-14.07734530938124,-19.998686413483327
2026-04-26 10:00:00,7,-7.078333333333333,0.2058333333333333,-74.1681770545459,-26.415459770114943,-25.004240451884783
2026-04-26 11:00:00,7,-3.748333333333333,-2.1966666666666668,-73.23533631134966,-36.412530120481954,-29.072683048099478
2026-04-26 12:00:00,7,-4.164166666666667,-2.898333333333333,-86.10742129847152,-22.71348534201953,-38.2504705932225
2026-04-26 13:00:00,7,-2.714166666666667,-3.374166666666667,-80.26031953878068,-22.71348534201953,-38.246119752891715
2026-04-26 14:00:00,7,-1.7300000000000002,-3.610833333333333,-61.04855005340666,-22.71348534201953,-23.075727917907372
2026-04-26 15:00:00,7,2.874166666666666,-2.813333333333333,-35.03593986718978,-22.71348534201953,-9.330486725573692
2026-04-26 16:00:00,7,12.0525,3.8675,-12.073033555421745,9.97720967741936,7.497881678957974
2026-04-26 17:00:00,7,40.7075,70.39916666666666,35.91957251975119,135.27174712643668,50.232668399741286
2026-04-26 18:00:00,7,79.86,161.9925,144.8965722155819,135.27174712643668,124.12702016666726
2026-04-26 19:00:00,7,82.335,152.8725,93.449850458817,115.14636304909561,98.39672584066423
2026-04-26 20:00:00,7,81.24499999999999,128.2925,93.1493049576495,135.27174712643668,90.9117718918523
2026-04-26 21:00:00,7,80.59333333333333,124.00333333333332,123.4771709080853,135.27174712643668,104.18524867897541
2026-04-26 22:00:00,7,78.49,108.71166666666666,108.99309017886985,135.27174712643668,93.61129093087456
2026-04-26 23:00:00,7,77.71583333333334,85.41000000000001,68.76610825085785,135.27174712643668,71.59346014595602
2026-04-27 00:00:00,7,84.33,96.56,85.78838221727968,135.27174712643668,80.80210509220231
2026-04-27 01:00:00,7,83.48833333333333,89.17666666666666,115.90812676984746,80.98039763113366,92.70882374164455
2026-04-27 02:00:00,7,77.78333333333333,86.99916666666667,84.01429065247227,64.94516552511416,88.48487597032137
2026-04-27 03:00:00,7,74.00916666666667,80.25083333333333,54.84344962047159,64.94516552511416,76.48243816767145
2026-04-27 04:00:00,7,71.33416666666666,83.65166666666667,53.816355743666996,64.94516552511416,76.339962756868
2026-04-27 05:00:00,7,68.25916666666667,109.41916666666668,59.58549388112375,64.94516552511416,79.16407636222436
2026-04-27 06:00:00,7,73.44083333333333,135.06666666666666,77.97532070616894,64.94516552511416,93.38871144795152
2026-04-27 07:00:00,7,80.35166666666667,142.76083333333335,104.7949634612484,135.27174712643668,120.18482455310584
2026-04-27 08:00:00,7,79.88416666666666,186.41,138.43231640556826,135.27174712643668,138.91295060239386
2026-04-27 09:00:00,7,31.24833333333333,139.53416666666666,138.16348467160051,85.60447662601624,109.24075425984103
2026-04-27 10:00:00,7,11.21,34.29416666666666,114.79676975444465,67.12746052631576,77.38693534187014
2026-04-27 11:00:00,7,19.134166666666665,20.81583333333333,95.87062402969099,67.12746052631576,72.58753535412845
2026-04-27 12:00:00,7,22.37,23.175,77.65676621313784,43.42654761904763,60.78920841010923
2026-04-27 13:00:00,7,32.91833333333333,24.9525,49.6640316928427,26.21338267543859,47.97473751038844
2026-04-27 14:00:00,7,29.8075,22.7775,34.61556860353323,26.21338267543859,40.63237850013968
2026-04-27 15:00:00,7,31.4625,20.354166666666668,29.698780558178456,9.97720967741936,38.69428817062745
2026-04-27 16:00:00,7,33.17583333333334,32.3775,55.84551525530091,67.12746052631576,59.27161812004063
2026-04-27 17:00:00,7,100.06666666666666,87.36583333333333,113.27047753582696,135.27174712643668,106.7006309287768
2026-04-27 18:00:00,7,125.13583333333334,120.09499999999998,153.9569736789842,134.88622863247863,152.24820444905947
2026-04-27 19:00:00,7,112.57416666666668,113.97083333333336,162.73430025815378,148.70148809523812,154.54287875984795
2026-04-27 20:00:00,7,101.00416666666666,97.5925,155.08640498394962,148.70148809523812,145.63830649475724
2026-04-27 21:00:00,7,99.79333333333334,86.52999999999999,149.53536850034027,135.27174712643668,136.9884505985434
2026-04-27 22:00:00,7,95.07416666666666,80.10000000000001,147.41836047950838,135.27174712643668,130.57155509098564
2026-04-27 23:00:00,7,83.75666666666667,73.3525,136.90880498804393,135.27174712643668,122.74515705394023
2026-04-28 00:00:00,7,78.02666666666666,67.71333333333334,141.1176305007035,135.27174712643668,121.51035156161865
2026-04-28 01:00:00,7,82.95083333333334,67.16000000000001,172.3996624854754,135.27174712643668,116.51374142402067
2026-04-28 02:00:00,7,83.095,57.24166666666667,146.92572858934267,80.98039763113366,115.43112595752889
2026-04-28 03:00:00,7,74.54333333333334,57.42583333333334,120.9794771344641,80.98039763113366,104.47920585953267
2026-04-28 04:00:00,7,68.87916666666666,53.46416666666666,97.91985347023164,80.98039763113366,98.9827761124148
2026-04-28 05:00:00,7,69.955,50.6525,90.58824613836065,80.98039763113366,98.32387716863377
2026-04-28 06:00:00,7,71.45166666666667,51.42083333333333,95.3947580222166,80.98039763113366,105.68659788345393
2026-04-28 07:00:00,7,92.76333333333334,70.2975,116.93894369704628,95.485068627451,122.30927782769538
2026-04-28 08:00:00,7,74.65583333333333,44.33583333333333,141.9174213973054,115.96939716312056,118.52487060691072
2026-04-28 09:00:00,7,8.100833333333332,-0.795,111.05978024322187,85.60447662601624,72.35306634387406
2026-04-28 10:00:00,7,5.385833333333333,-1.0875,68.51644736773972,23.84603174603175,34.5976806441288
2026-04-28 11:00:00,7,7.620833333333333,-2.935,19.533318282028134,9.514003378378376,7.77885758842919
2026-04-28 12:00:00,7,7.605833333333333,-5.670833333333333,5.622851107290373,9.97720967741936,-0.19426499793408425
2026-04-28 13:00:00,7,2.185833333333333,-9.483333333333333,18.250608295692793,9.97720967741936,2.333799086742559
2026-04-28 14:00:00,7,0.0166666666666666,-6.343333333333334,47.654880364915215,9.97720967741936,23.594020619915284
2026-04-28 15:00:00,7,6.573333333333333,-7.138333333333333,72.73519225612749,43.42654761904763,44.22254335186892
2026-04-28 16:00:00,7,46.175,10.025833333333331,98.60185364792443,67.12746052631576,63.517491333010554
2026-04-28 17:00:00,7,109.08416666666666,72.42666666666666,144.47514466781595,85.60447662601624,109.88993718087156
2026-04-28 18:00:00,7,100.975,100.83083333333332,170.61181959793655,148.70148809523812,150.4045947466098
2026-04-28 19:00:00,7,111.8325,86.67666666666666,172.11764614455154,148.70148809523812,139.60203203352648
2026-04-28 20:00:00,7,92.33416666666666,69.57666666666667,174.02548326455295,148.70148809523812,129.32589733948896
2026-04-28 21:00:00,7,83.63833333333334,26.52333333333333,182.71606427796448,115.96939716312056,127.31627867071532
2026-04-28 22:00:00,7,87.38583333333334,5.892499999999999,130.08034832782687,115.96939716312056,96.37512857838081
2026-04-28 23:00:00,7,91.8025,0.1916666666666666,85.63074205501974,73.42107235142116,77.03883913857337
2026-04-29 00:00:00,7,80.20416666666667,-0.0625,78.72294689068289,73.42107235142116,84.61712434738222
2026-04-29 01:00:00,7,83.74666666666667,-0.1,108.16781380269798,95.485068627451,90.7429126774567
2026-04-29 02:00:00,7,80.29083333333334,-0.1,103.72346750598479,80.98039763113366,91.20754232662314
2026-04-29 03:00:00,7,73.59666666666666,-0.1,104.39251985016577,80.98039763113366,93.67465964527804
2026-04-29 04:00:00,7,73.5275,-0.0916666666666666,106.44793670066875,80.98039763113366,90.35150198688432
2026-04-29 05:00:00,7,78.97500000000001,-0.1,113.94815951368378,80.98039763113366,92.29331199938387
2026-04-29 06:00:00,7,77.535,7.379166666666666,125.27151168680791,80.98039763113366,108.059607771488
2026-04-29 07:00:00,7,93.90666666666668,15.471666666666666,152.43073501878138,95.485068627451,140.83911409774882
2026-04-29 08:00:00,7,101.0425,13.854166666666666,163.4621916655163,115.96939716312056,142.0347632169423
2026-04-29 09:00:00,7,33.63833333333333,-0.6041666666666666,145.94970411511667,85.60447662601624,98.3736846203926
2026-04-29 10:00:00,7,15.206666666666663,-1.8633333333333333,88.3082887821008,43.42654761904763,47.49439521887402
2026-04-29 11:00:00,7,9.995,-2.3,60.78454473277459,9.514003378378376,27.136562772058944
2026-04-29 12:00:00,7,13.026666666666666,-2.2625,46.646542249589714,26.21338267543859,26.643418227537502
2026-04-29 13:00:00,7,13.113333333333337,-1.6466666666666665,44.87256892399961,26.21338267543859,31.65528818136226
2026-04-29 14:00:00,7,22.88833333333333,-1.4400000000000002,61.55253311682812,26.21338267543859,47.05464090812595
2026-04-29 15:00:00,7,24.396666666666665,4.5825000000000005,71.5372961390755,43.42654761904763,54.828251794477985
2026-04-29 16:00:00,7,40.583333333333336,33.12916666666667,88.43604163241848,67.12746052631576,74.11256222533117
2026-04-29 17:00:00,7,75.28083333333333,78.16916666666667,137.016257158334,115.96939716312056,110.05927568882969
2026-04-29 18:00:00,7,79.375,89.96,180.5585115988824,148.70148809523812,150.56152222751376
2026-04-29 19:00:00,7,74.68083333333333,77.17416666666666,190.58400593482128,148.70148809523812,159.2466340844474
2026-04-29 20:00:00,7,72.52083333333333,68.74416666666666,211.41392109253985,148.70148809523812,165.63731707189578
2026-04-29 21:00:00,7,65.21333333333332,69.24083333333333,189.04424571784216,115.96939716312056,149.05592667245725
2026-04-29 22:00:00,7,54.93333333333334,65.235,168.15524762560426,115.96939716312056,131.80580715058153
2026-04-29 23:00:00,7,49.4575,67.99083333333333,135.1318540995758,95.485068627451,113.38844432512644
2026-04-30 00:00:00,7,31.64583333333333,73.99416666666666,115.90812149621578,95.485068627451,107.52787886820957
2026-04-30 01:00:00,7,8.9625,75.64,110.14501433594654,95.485068627451,86.82616847634154
2026-04-30 02:00:00,7,7.846666666666667,75.3575,69.72280092507594,79.00358695652174,63.35105967051487
2026-04-30 03:00:00,7,0.3816666666666666,72.49249999999999,36.455347368022,52.03191247002397,47.563942513588074
2026-04-30 04:00:00,7,-0.0625,60.485833333333325,9.512404704485547,21.024158878504668,37.61302164798849
2026-04-30 05:00:00,7,-0.0666666666666666,59.571666666666665,-4.469587063162834,21.024158878504668,35.365092382236334
2026-04-30 06:00:00,7,-0.0033333333333333,62.40833333333334,-3.0504843356286244,21.024158878504668,37.1865428761587
2026-04-30 07:00:00,7,7.428333333333334,75.45666666666666,10.839548859942902,49.98807755775576,42.7693858209509
2026-04-30 08:00:00,7,5.205,60.305,18.47543746271087,72.61545959595963,42.45215599945485
2026-04-30 09:00:00,7,-0.6266666666666667,2.2808333333333337,-8.507638288289868,29.85622807017542,8.965026059568018
2026-04-30 10:00:00,7,-1.8008333333333333,2.6575,-22.59565854027504,3.801590447154471,-3.512120992877257
2026-04-30 11:00:00,7,-1.4800000000000002,3.6566666666666654,-24.91500569023094,-5.987163742690059,-5.551656447049581
2026-04-30 12:00:00,7,-3.490833333333333,1.9633333333333327,-20.08157262229379,-5.987163742690059,-0.47215437176055275
2026-04-30 13:00:00,7,-4.885000000000001,3.721666666666666,-22.247471987697523,-5.987163742690059,-1.698199065150476
2026-04-30 14:00:00,7,-7.489166666666667,5.716666666666666,-24.824987001726385,-5.987163742690059,-7.693979652471896
2026-04-30 15:00:00,7,-4.239166666666667,9.44,-7.3127903491539,-5.987163742690059,5.03214220637976
2026-04-30 16:00:00,7,5.614166666666667,28.394166666666667,25.266316316214912,30.18421264367817,29.91949377700883
2026-04-30 17:00:00,7,63.48916666666667,71.43916666666667,55.22669256396037,72.61545959595963,62.28254691130388
2026-04-30 18:00:00,7,73.69500000000001,96.26833333333332,78.98546937912496,134.88622863247863,92.12976667063097
2026-04-30 19:00:00,7,65.14583333333333,84.39999999999999,92.34036356278364,134.88622863247863,96.0247697763588
2026-04-30 20:00:00,7,42.36666666666667,71.63083333333334,94.7980091183849,115.96939716312056,98.12487606374164
2026-04-30 21:00:00,7,13.099166666666669,65.10666666666667,66.79618149404135,115.96939716312056,77.12043155966758
2026-04-30 22:00:00,7,7.854166666666667,55.065,37.98116058201502,73.42107235142116,59.86936463136119
2026-04-30 23:00:00,7,3.1675,39.5325,14.173732767874121,49.98807755775576,50.48868619692855
2026-05-01 00:00:00,7,7.484166666666667,26.37333333333333,9.113151843143903,49.98807755775576,47.283464900874456
2026-05-01 01:00:00,7,2.9758333333333336,7.392499999999999,19.101351527268314,21.391430678466076,30.772892809421258
2026-05-01 02:00:00,7,-0.0583333333333333,2.714166666666667,-7.589813167503181,2.3701282051282058,17.6803163509363
2026-05-01 03:00:00,7,-1.1808333333333334,0.0041666666666666,-23.4864086406793,2.3701282051282058,10.151033886693277
2026-05-01 04:00:00,7,-2.418333333333333,-0.0791666666666666,-32.79555030011994,2.3701282051282058,8.75393113140391
2026-05-01 05:00:00,7,-2.495,-0.1,-43.02888591927697,2.3701282051282058,9.354392561726527
2026-05-01 06:00:00,7,-2.045,-0.0208333333333333,-31.19905714159316,21.391430678466076,16.13631994594232
2026-05-01 07:00:00,7,14.703333333333331,8.319999999999999,-0.3255819439519314,29.85622807017542,35.052795094560324
2026-05-01 08:00:00,7,10.806666666666668,4.486666666666666,23.196564392138953,95.66723135964912,47.42620928949714
2026-05-01 09:00:00,7,-1.8175,-3.046666666666667,0.25542222873049525,19.130817995910032,15.639075098727332
2026-05-01 10:00:00,7,-2.874166666666667,-2.8716666666666666,-15.325366024292762,3.801590447154471,6.951811550336799
2026-05-01 11:00:00,7,-4.9525,-6.57,-38.3269811781027,-5.987163742690059,-3.1278540066621616
2026-05-01 12:00:00,7,-4.663333333333333,-8.493333333333334,-48.08778460152082,-5.987163742690059,-8.457317519548567
2026-05-01 13:00:00,7,-5.482500000000001,-4.7725,-51.19697818955538,-22.71348534201953,-12.458486232547997
2026-05-01 14:00:00,7,-3.0516666666666663,-3.715833333333333,-36.41202173032951,-5.987163742690059,-6.227039517894113
2026-05-01 15:00:00,7,-2.7391666666666663,-2.4933333333333336,-19.205270193484637,-5.987163742690059,6.6657596184067955
2026-05-01 16:00:00,7,-1.4233333333333331,0.2924999999999999,5.522282713416146,30.18421264367817,29.748122408422148
2026-05-01 17:00:00,7,13.588333333333331,47.67,54.40571518547054,72.61545959595963,66.01096120695517
2026-05-01 18:00:00,7,18.235833333333336,68.31666666666666,87.73940095771407,72.61545959595963,81.60582022288538
2026-05-01 19:00:00,7,10.508333333333333,68.25,81.13284223915754,72.61545959595963,72.63188907249003
2026-05-01 20:00:00,7,8.434166666666666,64.7025,70.66150979707947,72.61545959595963,64.269373930354
2026-05-01 21:00:00,7,4.105833333333333,63.2175,59.611385550242204,72.61545959595963,56.21540173162463
2026-05-01 22:00:00,7,-1.335,7.598333333333333,45.44004944999813,53.237216216216225,50.24266804412802
2026-05-01 23:00:00,7,-1.8433333333333333,0.7091666666666666,26.53084938637722,53.237216216216225,45.025980436243174
2026-05-02 00:00:00,7,-0.6633333333333333,-0.1833333333333333,23.50719851747415,38.543,48.87806477668967
2026-05-02 01:00:00,7,-0.545,-0.2749999999999999,31.70390283606664,38.543,37.01801280855258
2026-05-02 02:00:00,7,-2.115,-1.2308333333333332,12.721471474514054,2.3701282051282058,28.713709235770878
2026-05-02 03:00:00,7,-2.5241666666666664,-3.968333333333333,-10.033475231031233,2.3701282051282058,17.936241802427716
2026-05-02 04:00:00,7,-2.8541666666666665,-7.0425,-25.67834901062156,2.3701282051282058,12.631029383771967
2026-05-02 05:00:00,7,-2.268333333333333,-12.3975,-34.496392775055625,2.3701282051282058,8.613144333909716
2026-05-02 06:00:00,7,-2.2775,-11.661666666666669,-41.86363726990486,2.3701282051282058,6.944167814404743
2026-05-02 07:00:00,7,-2.1366666666666667,-7.850833333333333,-39.936227228768246,-8.355958333333337,10.244884195976951
2026-05-02 08:00:00,7,-2.0716666666666668,-6.105833333333333,-43.79440132205879,0.9263849765258221,11.551179925844643
2026-05-02 09:00:00,7,-1.9216666666666664,-19.075,-54.92985833550716,-16.134265536723163,-0.5544417070065748
2026-05-02 10:00:00,7,-2.2491666666666665,-34.178333333333335,-52.27157867082397,-16.134265536723163,-4.965080480546021
2026-05-02 11:00:00,7,-2.5875,-47.42166666666666,-48.38169176021182,-16.134265536723163,-1.4384878763243307
2026-05-02 12:00:00,7,-2.151666666666667,-44.53916666666667,-40.73704322148022,-16.134265536723163,-3.298408313088828
2026-05-02 13:00:00,7,-2.8541666666666665,-49.88,-47.77893445759112,-26.415459770114943,-15.143298868381706
2026-05-02 14:00:00,7,-1.4083333333333332,-51.59,-44.902203540470396,-5.987163742690059,-14.680345774576708
2026-05-02 15:00:00,7,-0.1691666666666667,-51.42416666666667,-52.43415201082904,-5.987163742690059,-17.679314225125196
2026-05-02 16:00:00,7,-1.5066666666666666,-15.394999999999998,-39.48604651923216,-5.987163742690059,-9.518586313955112
2026-05-02 17:00:00,7,-1.0741666666666667,25.405,11.627700309009619,29.85622807017542,18.974881966791237
2026-05-02 18:00:00,7,-0.045,65.89416666666666,56.09381152554614,29.85622807017542,53.350886681803225
2026-05-02 19:00:00,7,-0.0916666666666666,40.88583333333333,56.45587496436777,72.61545959595963,56.82816131392302
2026-05-02 20:00:00,7,-0.1,4.4775,35.68123788357157,53.237216216216225,42.208561293898
2026-05-02 21:00:00,7,-3.3266666666666667,0.7050000000000001,18.742248097969828,21.391430678466076,33.00591467742675
2026-05-02 22:00:00,7,-1.6366666666666667,1.6099999999999997,25.889688134673833,38.543,45.32337412597818
2026-05-02 23:00:00,7,-4.005833333333333,0.6449999999999999,27.702417284515526,38.543,53.00571098959129
2026-05-03 00:00:00,7,-1.3724999999999998,0.65,19.15792173371746,38.543,50.1022407845841
2026-05-03 01:00:00,7,-0.0258333333333333,-0.0666666666666666,31.391119509086387,21.391430678466076,38.19805321162036
2026-05-03 02:00:00,7,-0.1,-0.0833333333333333,10.915110982580508,2.3701282051282058,29.927646782992298
2026-05-03 03:00:00,7,-1.7208333333333332,-0.3999999999999999,-19.217788892352573,2.3701282051282058,16.37171427414787
2026-05-03 04:00:00,7,-2.585833333333333,-0.1,-48.541999508110166,-8.355958333333337,11.810910969321561
2026-05-03 05:00:00,7,-2.3433333333333333,-0.0483333333333333,-54.707509747377,-8.355958333333337,8.901595515770119
2026-05-03 06:00:00,7,-2.4591666666666665,-0.04,-52.227618622571015,-8.355958333333337,9.054900625960208
2026-05-03 07:00:00,7,-1.9341666666666668,2.495833333333333,-47.525240168744006,-8.355958333333337,8.930503292825236
2026-05-03 08:00:00,7,-0.5308333333333334,2.1325,-79.51438811964759,-8.355958333333337,2.3754499080073543
2026-05-03 09:00:00,7,0.11,-0.5633333333333334,-87.28893912225114,-26.415459770114943,-10.99777216205635
2026-05-03 10:00:00,7,4.333333333333333,-7.078333333333333,-57.79576005439685,-10.818325163398695,-5.571555268537168
2026-05-03 11:00:00,7,1.6566666666666665,-3.748333333333333,-57.884006052973504,-4.980223765432096,-0.22963004730465286
2026-05-03 12:00:00,7,4.984999999999999,-4.164166666666667,-44.16802397872543,-4.980223765432096,-1.0930639438978034
2026-05-03 13:00:00,7,-1.6166666666666665,-2.714166666666667,-61.73591518305663,-16.134265536723163,-19.69448878245494
2026-05-03 14:00:00,7,-1.1883333333333332,-1.7300000000000002,-34.357093586036825,3.801590447154471,-14.359059676243632
2026-05-03 15:00:00,7,-2.2383333333333333,2.874166666666666,-23.238136636490665,3.801590447154471,-12.163486142478362
2026-05-03 16:00:00,7,-2.810833333333333,12.0525,-12.69338705388786,3.801590447154471,-9.444492604765799
2026-05-03 17:00:00,7,-1.7108333333333334,40.7075,21.211638065658818,53.237216216216225,13.959595854620034
2026-05-03 18:00:00,7,5.71,79.86,98.8754676283691,72.61545959595963,54.616136290948205
2026-05-03 19:00:00,7,10.225833333333332,82.335,111.68621653620065,72.61545959595963,64.05035417927725
2026-05-03 20:00:00,7,4.38,81.24499999999999,92.45661613207848,72.61545959595963,51.34749559044873
2026-05-03 21:00:00,7,1.8958333333333333,80.59333333333333,83.22997706127252,53.237216216216225,47.395567437672
2026-05-03 22:00:00,7,-0.1716666666666666,78.49,64.10605573954335,53.237216216216225,40.85371945197271
2026-05-03 23:00:00,7,-1.1525,77.71583333333334,27.81803600751971,21.024158878504668,23.470378469926736
2026-05-04 00:00:00,7,-2.1141666666666663,84.33,22.838407251082813,21.391430678466076,21.829507189204868
2026-05-04 01:00:00,7,-1.5925,83.48833333333333,25.554727245190335,21.391430678466076,11.68403290286659
2026-05-04 02:00:00,7,-1.846666666666667,77.78333333333333,7.370429251465545,2.3701282051282058,5.044084594813839
2026-05-04 03:00:00,7,-0.77,74.00916666666667,-16.111641763959526,2.3701282051282058,-3.570688771737636
2026-05-04 04:00:00,7,-1.9833333333333327,71.33416666666666,-30.778752270966294,2.3701282051282058,-8.856571038299506
2026-05-04 05:00:00,7,-2.4833333333333334,68.25916666666667,-28.274441910737778,-8.355958333333337,-9.998650466093935
2026-05-04 06:00:00,7,-1.795,73.44083333333333,-5.440970215273083,-8.355958333333337,-1.7155404505954408
2026-05-04 07:00:00,7,-1.155,80.35166666666667,29.38062932560274,19.130817995910032,18.181329580250328
2026-05-04 08:00:00,7,4.321666666666666,79.88416666666666,82.13613041172579,19.130817995910032,40.34864695337582
2026-05-04 09:00:00,7,-3.2016666666666667,31.24833333333333,44.2161343643412,-4.980223765432096,11.110418801837476
2026-05-04 10:00:00,7,-6.9925,11.21,-38.18268942658271,-10.818325163398695,-10.689062636759814
2026-05-04 11:00:00,7,-9.785,19.134166666666665,-70.7575793423109,-16.134265536723163,-14.730331296141756
2026-05-04 12:00:00,7,-4.7225,22.37,-79.61992723670444,-26.415459770114943,-15.511802356191481
2026-05-04 13:00:00,7,-3.800833333333333,32.91833333333333,-78.4758337883158,-26.415459770114943,-16.6753972016282
2026-05-04 14:00:00,7,-3.8775,29.8075,-69.40592945427663,-16.134265536723163,-18.469557197967248
2026-05-04 15:00:00,7,-3.655,31.4625,-53.86487162793486,-10.818325163398695,-22.475095739972218
2026-05-04 16:00:00,7,-6.7575,33.17583333333334,-17.9782238601847,-4.980223765432096,-8.590843613170335
2026-05-04 17:00:00,7,-0.9391666666666666,100.06666666666666,25.43236977758597,26.577403273809526,9.916086600399737
2026-05-04 18:00:00,7,4.585,125.13583333333334,72.9900887182197,47.44320987654323,39.589385702917
2026-05-04 19:00:00,7,12.43,112.57416666666668,81.55659819409968,47.44320987654323,43.87482769632726
2026-05-04 20:00:00,7,6.7825,101.00416666666666,90.17038629616178,47.44320987654323,56.25739735845042
2026-05-04 21:00:00,7,6.4991666666666665,99.79333333333334,78.29737605838453,19.130817995910032,54.33567238272354
2026-05-04 22:00:00,7,8.464166666666666,95.07416666666666,59.80973621437823,72.61545959595963,46.973982782469314
2026-05-04 23:00:00,7,8.220833333333333,83.75666666666667,31.62052322218762,19.130817995910032,36.310561931587756
2026-05-05 00:00:00,7,8.595833333333333,78.02666666666666,21.62193997970197,19.130817995910032,36.38676155453754
2026-05-05 01:00:00,7,7.125,82.95083333333334,40.62291914312242,21.024158878504668,22.71869140250068
2026-05-05 02:00:00,7,8.5875,83.095,23.250697305867995,21.024158878504668,19.799667152783535
2026-05-05 03:00:00,7,9.4,74.54333333333334,12.218450605233187,21.024158878504668,17.908863178720765
2026-05-05 04:00:00,7,10.78,68.87916666666666,8.645697664873218,21.024158878504668,22.486262080766203
2026-05-05 05:00:00,7,9.5575,69.955,14.025710471842117,21.024158878504668,34.71936723975618
2026-05-05 06:00:00,7,62.3675,71.45166666666667,33.13743531236297,52.03191247002397,56.56252291978868
2026-05-05 07:00:00,7,73.73833333333333,92.76333333333334,74.65355083449738,73.42107235142116,93.00951078480507
2026-05-05 08:00:00,7,70.1375,74.65583333333333,84.39998191150369,72.61545959595963,98.2798333702002
2026-05-05 09:00:00,7,50.70916666666667,8.100833333333332,52.9863638377181,72.61545959595963,59.42145970011485
2026-05-05 10:00:00,7,54.32583333333333,5.385833333333333,30.242112637086628,30.18421264367817,31.039772510817784
2026-05-05 11:00:00,7,57.432500000000005,7.620833333333333,35.21532288267271,30.18421264367817,37.861091254497055
2026-05-05 12:00:00,7,72.09750000000001,7.605833333333333,34.80251956279744,30.18421264367817,43.35344477166748
2026-05-05 13:00:00,7,96.62166666666668,2.185833333333333,38.12002146438935,30.18421264367817,54.34206397659039
2026-05-05 14:00:00,7,112.56333333333332,0.0166666666666666,65.18493516838552,72.61545959595963,73.49603381399604
2026-05-05 15:00:00,7,103.74666666666668,6.573333333333333,81.21154140127774,85.60447662601624,87.4872549016695
2026-05-05 16:00:00,7,113.00333333333332,46.175,104.28765754636362,85.60447662601624,110.21497386840954
2026-05-05 17:00:00,7,132.59583333333333,109.08416666666666,156.6351542925634,113.47960317460317,155.00516035520977
2026-05-05 18:00:00,7,124.51416666666668,100.975,196.29819582262206,134.88622863247863,192.5306944452032
2026-05-05 19:00:00,7,121.91583333333334,111.8325,206.17478069616226,134.88622863247863,201.95740775052755
2026-05-05 20:00:00,7,117.18583333333332,92.33416666666666,195.84424526684717,134.88622863247863,188.22981092931096
2026-05-05 21:00:00,7,111.42416666666666,83.63833333333334,165.11880607567696,134.88622863247863,163.63348545898197
2026-05-05 22:00:00,7,117.08083333333332,87.38583333333334,144.9372803677009,115.96939716312056,147.23694411364258
2026-05-05 23:00:00,7,113.81416666666668,91.8025,117.77892537201225,115.96939716312056,126.82181269435017
2026-05-06 00:00:00,7,105.91833333333334,80.20416666666667,103.67830479922,95.485068627451,122.39006424667039
2026-05-06 01:00:00,7,99.22333333333334,83.74666666666667,116.01572843730129,95.485068627451,117.49200924201432
2026-05-06 02:00:00,7,87.58916666666666,80.29083333333334,92.73193009827855,95.485068627451,105.77009396788051
2026-05-06 03:00:00,7,84.22333333333333,73.59666666666666,71.61421630237334,64.94516552511416,94.91133477094021
2026-05-06 04:00:00,7,79.60333333333334,73.5275,58.24687119020171,64.94516552511416,90.28692187154661
2026-05-06 05:00:00,7,84.44083333333333,78.97500000000001,48.31668668092857,106.39182489451478,86.17188074530323
2026-05-06 06:00:00,7,86.19666666666667,77.535,54.534167657785574,106.39182489451478,93.10370668856494
2026-05-06 07:00:00,7,108.60833333333332,93.90666666666668,80.07094637923134,95.485068627451,116.957163305026
2026-05-06 08:00:00,7,104.17833333333334,101.0425,100.678943627837,134.88622863247863,121.52945810193395
2026-05-06 09:00:00,7,74.01333333333334,33.63833333333333,96.23768953397081,115.96939716312056,93.87034041142861
2026-05-06 10:00:00,7,43.15166666666667,15.206666666666663,63.897644085684576,72.61545959595963,52.23089276010899
2026-05-06 11:00:00,7,8.8075,9.995,40.86192282183181,30.18421264367817,35.692718172345835
2026-05-06 12:00:00,7,5.0025,13.026666666666666,36.13560829245621,30.18421264367817,37.870273504730505
2026-05-06 13:00:00,7,3.119166666666666,13.113333333333337,12.562634493561141,19.130817995910032,19.842246644977315
2026-05-06 14:00:00,7,-0.0333333333333333,22.88833333333333,3.0492835997571603,3.801590447154471,7.1002995763731604
2026-05-06 15:00:00,7,0.6683333333333333,24.396666666666665,15.17386022812643,19.130817995910032,13.54203798754358
2026-05-06 16:00:00,7,0.0133333333333333,40.583333333333336,17.668093870039428,19.130817995910032,6.907290510090704
2026-05-06 17:00:00,7,3.4225,75.28083333333333,65.37605422106323,19.130817995910032,33.330820960289415
2026-05-06 18:00:00,7,0.7575,79.375,109.22396266296138,93.74711309523803,69.7162253745915
2026-05-06 19:00:00,7,0.4691666666666668,74.68083333333333,121.91821558649741,93.74711309523803,82.35128173315606
2026-05-06 20:00:00,7,-0.1,72.52083333333333,62.03776750117105,47.44320987654323,31.091489551411236
2026-05-06 21:00:00,7,2.7275,65.21333333333332,74.75238549421888,47.44320987654323,25.391647800688503
2026-05-06 22:00:00,7,-0.0375,54.93333333333334,57.71574840266908,13.507454022988501,15.898636904490651
2026-05-06 23:00:00,7,3.4075,49.4575,28.03272757824041,13.507454022988501,1.741455345539535
2026-05-07 00:00:00,7,0.5208333333333333,31.64583333333333,32.606343225551754,13.507454022988501,7.3154251601136835
2026-05-07 01:00:00,7,2.4883333333333333,8.9625,54.655348732003475,19.130817995910032,3.824763052502817
2026-05-07 02:00:00,7,0.0058333333333333,7.846666666666667,34.77602944419765,0.9263849765258221,-5.287418586580785
2026-05-07 03:00:00,7,4.104166666666667,0.3816666666666666,14.110050433393788,0.9263849765258221,-14.009629143271027
2026-05-07 04:00:00,7,3.329166666666667,-0.0625,0.14066633511029636,0.9263849765258221,-17.041773017118302
2026-05-07 05:00:00,7,3.710833333333333,-0.0666666666666666,-12.718110742171575,0.9263849765258221,-18.19031284687658
2026-05-07 06:00:00,7,11.3425,-0.0033333333333333,10.478311961213812,6.223091666666668,-7.149066462947076
2026-05-07 07:00:00,7,12.691666666666665,7.428333333333334,67.30638554586729,13.507454022988501,23.92162462567076
2026-05-07 08:00:00,7,39.73833333333334,5.205,141.4996891183864,146.03749262536877,99.2608476428769
2026-05-07 09:00:00,7,22.98,-0.6266666666666667,118.05128760415204,82.98727124183007,65.9606254780497
2026-05-07 10:00:00,7,11.7925,-1.8008333333333333,96.48375583545469,82.98727124183007,43.6007880520002
2026-05-07 11:00:00,7,10.971666666666666,-1.4800000000000002,93.60727810592684,47.44320987654323,50.646430614050175
2026-05-07 12:00:00,7,5.6225,-3.490833333333333,70.09887360011294,47.44320987654323,44.736156243403386
2026-05-07 13:00:00,7,0.7041666666666666,-4.885000000000001,53.030973890514346,13.507454022988501,32.29642039961887
2026-05-07 14:00:00,7,0.075,-7.489166666666667,48.358305937542056,13.507454022988501,26.898551708897244
2026-05-07 15:00:00,7,0.8541666666666666,-4.239166666666667,50.913316085774,13.507454022988501,22.70384384245842
2026-05-07 16:00:00,7,21.981666666666666,5.614166666666667,102.8225469036158,93.74711309523803,61.318154229348835
2026-05-07 17:00:00,7,52.1675,63.48916666666667,153.01329982991285,146.03749262536877,106.6573582041058
2026-05-07 18:00:00,7,56.29750000000001,73.69500000000001,193.7621277529347,203.0618148148148,137.4333102658265
2026-05-07 19:00:00,7,52.399166666666666,65.14583333333333,185.60392703677513,203.0618148148148,121.56359478247298
2026-05-07 20:00:00,7,48.37166666666667,42.36666666666667,159.1532267095144,146.03749262536877,91.18349124826796
2026-05-07 21:00:00,7,26.17083333333333,13.099166666666669,138.51274422331375,82.98727124183007,73.68348685120543
2026-05-07 22:00:00,7,11.054166666666667,7.854166666666667,94.25024263837082,47.44320987654323,41.7326526327403
2026-05-07 23:00:00,7,0.3825,3.1675,44.063947187626,13.507454022988501,17.13897901856967
2026-05-08 00:00:00,7,6.685,7.484166666666667,12.309126032972316,13.507454022988501,11.282801293170543
2026-05-08 01:00:00,7,1.7366666666666666,2.9758333333333336,19.45437762845492,6.223091666666668,7.269948369392694
2026-05-08 02:00:00,7,0.5325,-0.0583333333333333,1.4316038900150687,6.223091666666668,1.0362776213156337
2026-05-08 03:00:00,7,-0.0441666666666666,-1.1808333333333334,-14.969898936773646,0.9263849765258221,-2.7064003312136435
2026-05-08 04:00:00,7,-0.0791666666666666,-2.418333333333333,-24.851608084363363,0.9263849765258221,-4.350365257508017
2026-05-08 05:00:00,7,-0.0658333333333333,-2.495,-27.35766542183947,0.9263849765258221,-3.1506112176509333
2026-05-08 06:00:00,7,0.3708333333333333,-2.045,-14.894942718607808,6.223091666666668,8.01125665623568
2026-05-08 07:00:00,7,11.846666666666666,14.703333333333331,26.57175613379996,13.507454022988501,32.686362772636755
2026-05-08 08:00:00,7,30.104166666666668,10.806666666666668,67.3775335326123,47.44320987654323,58.01287946405404
2026-05-08 09:00:00,7,10.268333333333333,-1.8175,55.40886252498825,47.44320987654323,38.43054515878221
2026-05-08 10:00:00,7,5.558333333333334,-2.874166666666667,15.61553149206793,13.507454022988501,12.36811795031327
2026-05-08 11:00:00,7,3.93,-4.9525,-0.8440364328179868,13.507454022988501,10.030963095787733
2026-05-08 12:00:00,7,0.425,-4.663333333333333,-11.716149087197778,26.577403273809526,6.922132852252346
2026-05-08 13:00:00,7,0.3316666666666666,-5.482500000000001,-16.747871205580694,26.577403273809526,2.26989927535854
2026-05-08 14:00:00,7,-0.6691666666666666,-3.0516666666666663,-4.257899122765679,-4.980223765432096,0.5913666442353929
2026-05-08 15:00:00,7,-2.8316666666666666,-2.7391666666666663,6.083323136654265,-4.980223765432096,-0.8159819226529663
2026-05-08 16:00:00,7,3.4091666666666662,-1.4233333333333331,29.74352985807697,29.85622807017542,13.01368621259406
2026-05-08 17:00:00,7,50.119166666666665,13.588333333333331,86.17216290218369,122.5784819121447,51.35568702144219
2026-05-08 18:00:00,7,73.53333333333333,18.235833333333336,132.37190330427114,122.5784819121447,93.33575542284727
2026-05-08 19:00:00,7,80.555,10.508333333333333,145.18859178268147,122.5784819121447,103.00252643632732
2026-05-08 20:00:00,7,78.22333333333334,8.434166666666666,144.15793136674029,93.74711309523803,106.06180265116618
2026-05-08 21:00:00,7,78.35916666666667,4.105833333333333,128.93868735851225,93.74711309523803,94.27735965758379
2026-05-08 22:00:00,7,82.67833333333333,-1.335,96.95994954534048,93.74711309523803,87.00820018522361
2026-05-08 23:00:00,7,91.11083333333332,-1.8433333333333333,79.19883409828854,95.66723135964912,84.34212573458817
2026-05-09 00:00:00,7,93.82333333333334,-0.6633333333333333,74.74234531072194,115.96939716312056,91.78264112803255
2026-05-09 01:00:00,7,93.73833333333332,-0.545,91.9238378862308,95.485068627451,95.289283115422
2026-05-09 02:00:00,7,97.62,-2.115,73.30160376237025,95.485068627451,86.49462240395823
2026-05-09 03:00:00,7,89.60833333333333,-2.5241666666666664,53.693656251760856,79.00358695652174,77.9866152723151
2026-05-09 04:00:00,7,89.73416666666667,-2.8541666666666665,38.8096288854789,79.00358695652174,71.83733545845698
2026-05-09 05:00:00,7,95.96333333333332,-2.268333333333333,30.714598920562977,79.00358695652174,71.6672718409041
2026-05-09 06:00:00,7,97.625,-2.2775,34.22830761713047,79.00358695652174,77.41821270230707
2026-05-09 07:00:00,7,90.78249999999998,-2.1366666666666667,48.85375093433418,95.485068627451,91.04748971247295
2026-05-09 08:00:00,7,93.48333333333332,-2.0716666666666668,74.58504641475844,95.485068627451,104.11907321814654
2026-05-09 09:00:00,7,72.37,-1.9216666666666664,73.33558290364233,85.60447662601624,87.01187650690827
2026-05-09 10:00:00,7,53.17,-2.2491666666666665,63.84455862169128,67.12746052631576,58.678993801490435
2026-05-09 11:00:00,7,49.8475,-2.5875,47.885257890843135,67.12746052631576,47.017063923975684
2026-05-09 12:00:00,7,72.10083333333334,-2.151666666666667,41.4962192589159,67.12746052631576,41.16159518481325
2026-05-09 13:00:00,7,62.32083333333333,-2.8541666666666665,20.898103784559957,23.84603174603175,33.54782693115501
2026-05-09 14:00:00,7,45.31166666666667,-1.4083333333333332,15.914222491142269,23.84603174603175,28.918993998487572
2026-05-09 15:00:00,7,28.290000000000003,-0.1691666666666667,14.060210298938884,23.84603174603175,30.64392893713523
2026-05-09 16:00:00,7,41.58916666666666,-1.5066666666666666,42.8076039554015,67.12746052631576,52.73134144673061
2026-05-09 17:00:00,7,95.92666666666666,-1.0741666666666667,93.46773928427754,115.96939716312056,94.5286235768108
2026-05-09 18:00:00,7,98.34,-0.045,137.19771765656216,134.88622863247863,125.71179985411018
2026-05-09 19:00:00,7,92.975,-0.0916666666666666,139.83881419037937,134.88622863247863,129.54337646683646
2026-05-09 20:00:00,7,93.80666666666669,-0.1,126.81609256377041,134.88622863247863,124.3709091025085
2026-05-09 21:00:00,7,93.20166666666668,-3.3266666666666667,118.89699044957672,115.96939716312056,116.85498040631903
2026-05-09 22:00:00,7,103.13166666666666,-1.6366666666666667,102.66908909345594,115.96939716312056,105.39879093150826
2026-05-09 23:00:00,7,104.02083333333331,-4.005833333333333,82.86954608774082,115.96939716312056,94.8559235122273
2026-05-10 00:00:00,7,102.7925,-1.3724999999999998,74.07462754618207,95.485068627451,92.69300406642625
2026-05-10 01:00:00,7,113.11833333333334,-0.0258333333333333,88.0779801992707,95.485068627451,77.45593047488929
2026-05-10 02:00:00,7,92.27666666666666,-0.1,70.66425623350025,95.485068627451,69.0353839254078
2026-05-10 03:00:00,7,86.53666666666668,-1.7208333333333332,57.36964756531209,64.94516552511416,63.48664696383162
2026-05-10 04:00:00,7,81.10333333333334,-2.585833333333333,51.366706310730905,64.94516552511416,61.37617653152808
2026-05-10 05:00:00,7,90.61666666666667,-2.3433333333333333,46.685931664543546,64.94516552511416,59.78053965293995
2026-05-10 06:00:00,7,99.81166666666668,-2.4591666666666665,45.842883459929816,64.94516552511416,61.328865044502976
2026-05-10 07:00:00,7,108.35,-1.9341666666666668,55.14882520819164,64.94516552511416,67.66446020630609
2026-05-10 08:00:00,7,93.25666666666666,-0.5308333333333334,71.58494411856097,95.485068627451,73.86158942759069
2026-05-10 09:00:00,7,31.9975,0.11,73.57877320166918,67.12746052631576,57.556074423434296
2026-05-10 10:00:00,7,28.456666666666667,4.333333333333333,69.27863529962505,67.12746052631576,36.68972324623676
2026-05-10 11:00:00,7,24.95083333333333,1.6566666666666665,62.4654970244881,43.42654761904763,24.247995974645015
2026-05-10 12:00:00,7,30.1975,4.984999999999999,60.0499315775207,23.84603174603175,24.909735616070463
2026-05-10 13:00:00,7,35.556666666666665,-1.6166666666666665,47.67714176398458,23.84603174603175,20.6256099714954
2026-05-10 14:00:00,7,39.65833333333333,-1.1883333333333332,32.610134692864946,26.21338267543859,14.989677339239442
2026-05-10 15:00:00,7,5.465,-2.2383333333333333,28.249442836705313,9.97720967741936,17.22719039484152
2026-05-10 16:00:00,7,18.00166666666667,-2.810833333333333,47.58703483866137,23.84603174603175,34.09604722011643
2026-05-10 17:00:00,7,92.70333333333332,-1.7108333333333334,97.48670822808816,95.485068627451,78.36491013052954
2026-05-10 18:00:00,7,118.29916666666668,5.71,146.1430780386583,134.88622863247863,115.07818750343418
2026-05-10 19:00:00,7,119.7575,10.225833333333332,159.62629889191743,134.88622863247863,121.4873067277892
2026-05-10 20:00:00,7,117.25416666666666,4.38,172.5885920729388,134.88622863247863,127.51542837080379
2026-05-10 21:00:00,7,124.30666666666669,1.8958333333333333,165.47287184897246,134.88622863247863,117.98754136535948
2026-05-10 22:00:00,7,126.56,-0.1716666666666666,152.72425489305382,115.96939716312056,108.42275041368595
2026-05-10 23:00:00,7,105.44166666666666,-1.1525,136.6559670399515,115.96939716312056,99.0304321674111
2026-05-11 00:00:00,7,95.72333333333334,-2.1141666666666663,138.5589813970768,95.485068627451,100.05199342306257
2026-05-11 01:00:00,7,92.6775,-1.5925,147.80071963188988,95.485068627451,124.43298615190969
2026-05-11 02:00:00,7,78.86166666666666,-1.846666666666667,132.5256666399719,95.485068627451,118.52168165608647
2026-05-11 03:00:00,7,74.07083333333334,-0.77,122.53789236459045,95.485068627451,114.95875643087315
2026-05-11 04:00:00,7,66.885,-1.9833333333333327,117.08147079847484,106.39182489451478,113.70395299636495
2026-05-11 05:00:00,7,79.67833333333333,-2.4833333333333334,121.35493887056884,95.485068627451,120.23215418707929
2026-05-11 06:00:00,7,92.32833333333332,-1.795,143.56043645668143,95.485068627451,145.78197493344348
2026-05-11 07:00:00,7,115.89916666666666,-1.155,180.03051359102028,134.88622863247863,185.29942106841614
2026-05-11 08:00:00,7,126.37583333333332,4.321666666666666,214.0301652646354,134.88622863247863,206.11651234980724
2026-05-11 09:00:00,7,109.3625,-3.2016666666666667,182.58146088743416,113.47960317460317,160.0736193562566
2026-05-11 10:00:00,7,63.16833333333333,-6.9925,150.05309672442394,113.47960317460317,112.02557522602024
2026-05-11 11:00:00,7,38.21416666666666,-9.785,113.38131742840687,67.12746052631576,72.1116453537982
2026-05-11 12:00:00,7,38.85666666666667,-4.7225,88.9902404349934,43.42654761904763,55.08477497777218
2026-05-11 13:00:00,7,49.49916666666667,-3.800833333333333,78.92878457978833,26.21338267543859,50.37688514858071
2026-05-11 14:00:00,7,51.79166666666666,-3.8775,75.26260548787295,26.21338267543859,53.089466153662656
2026-05-11 15:00:00,7,55.7625,-3.655,73.77903572899447,43.42654761904763,59.24552639099338
2026-05-11 16:00:00,7,70.4175,-6.7575,85.86366136121836,95.485068627451,78.02071662258774
2026-05-11 17:00:00,7,104.3725,-0.9391666666666666,135.1615972724182,115.96939716312056,118.99072648598317
2026-05-11 18:00:00,7,111.7775,4.585,176.68587601824237,189.35381386861314,160.9342890943945
2026-05-11 19:00:00,7,96.46666666666664,12.43,192.24064613250715,189.35381386861314,179.54093853452844
2026-05-11 20:00:00,7,84.78583333333334,6.7825,202.64532465277023,134.88622863247863,192.05168856248667
2026-05-11 21:00:00,7,78.99416666666666,6.4991666666666665,202.41149254956372,134.88622863247863,180.81870948143302
2026-05-11 22:00:00,7,76.65249999999999,8.464166666666666,190.69993345456078,134.88622863247863,169.86056543946745
2026-05-11 23:00:00,7,73.51333333333334,8.220833333333333,161.59490446120208,115.96939716312056,153.0295826660008
2026-05-12 00:00:00,7,75.65916666666666,8.595833333333333,148.4973730414374,115.96939716312056,147.4421709650125
2026-05-12 01:00:00,7,74.84166666666667,7.125,167.1586143703093,95.485068627451,137.85765790777475
2026-05-12 02:00:00,7,70.15833333333333,8.5875,151.081036024728,95.485068627451,127.54678418839906
2026-05-12 03:00:00,7,68.855,9.4,136.10214554924204,95.485068627451,124.75150592853865
2026-05-12 04:00:00,7,65.52083333333333,10.78,125.05524146364822,106.39182489451478,124.91244939701131
2026-05-12 05:00:00,7,69.79916666666666,9.5575,121.01291529068597,95.485068627451,128.91873125487933
2026-05-12 06:00:00,7,77.70666666666666,62.3675,135.6810263044589,95.485068627451,146.3156705403165
2026-05-12 07:00:00,7,96.885,73.73833333333333,183.40543567674263,134.88622863247863,187.3663846616838
2026-05-12 08:00:00,7,114.38666666666668,70.1375,200.4273464242802,134.88622863247863,204.8643934371465
2026-05-12 09:00:00,7,53.88583333333333,50.70916666666667,151.86433490081913,113.47960317460317,153.98825353048306
2026-05-12 10:00:00,7,39.05416666666667,54.32583333333333,125.08643635818974,85.60447662601624,106.06715296823938
2026-05-12 11:00:00,7,41.9325,57.432500000000005,92.96605176247118,67.12746052631576,66.97448281304958
2026-05-12 12:00:00,7,45.255,72.09750000000001,74.73190465858725,43.42654761904763,48.919814724670516
2026-05-12 13:00:00,7,40.60083333333333,96.62166666666668,61.806498503171994,26.21338267543859,45.1163984056147
2026-05-12 14:00:00,7,35.288333333333334,112.56333333333332,54.511204512693915,26.21338267543859,46.34145290070207
2026-05-12 15:00:00,7,24.1775,103.74666666666668,61.0392924027971,43.42654761904763,56.637507039835306
2026-05-12 16:00:00,7,53.48333333333333,113.00333333333332,90.96741287824099,67.12746052631576,80.87138919032549
2026-05-12 17:00:00,7,86.29333333333334,132.59583333333333,141.18364070337668,115.96939716312056,129.78964403690088
2026-05-12 18:00:00,7,87.08583333333333,124.51416666666668,166.90550360344452,134.88622863247863,167.0360641313576
2026-05-12 19:00:00,7,87.85000000000001,121.91583333333334,186.61789178875352,189.35381386861314,180.14095868273864
2026-05-12 20:00:00,7,74.40916666666666,117.18583333333332,179.65825187159032,134.88622863247863,176.36239066464992
2026-05-12 21:00:00,7,73.21,111.42416666666666,172.9765560859945,134.88622863247863,166.1471191712377
2026-05-12 22:00:00,7,66.71916666666667,117.08083333333332,171.02762651280779,115.96939716312056,155.40582175427525
2026-05-12 23:00:00,7,67.0125,113.81416666666668,156.49454783040355,115.96939716312056,140.15587988495213
2026-05-13 00:00:00,8,69.6575,105.91833333333334,140.19281929549345,93.66289832285123,125.66672515637543
2026-05-13 01:00:00,8,68.4775,99.22333333333334,160.69295013987056,93.66289832285123,120.6838030703436
2026-05-13 02:00:00,8,67.51416666666667,87.58916666666666,153.10380360791544,93.66289832285123,115.25279797324882
2026-05-13 03:00:00,8,63.60916666666666,84.22333333333333,142.01474156851083,110.46735057471265,114.05569971803484
2026-05-13 04:00:00,8,60.17333333333334,79.60333333333334,124.11567381827464,110.46735057471265,111.22208540161276
2026-05-13 05:00:00,8,64.25416666666666,84.44083333333333,113.87973801072373,110.46735057471265,114.12416300641426
2026-05-13 06:00:00,8,72.395,86.19666666666667,116.16640492204206,93.66289832285123,126.85875083580513
2026-05-13 07:00:00,8,85.47083333333335,108.60833333333332,152.27902282873725,126.51579516539438,161.618446942442
2026-05-13 08:00:00,8,94.37583333333332,104.17833333333334,177.81093690087948,132.75294871794873,179.66265996844572
2026-05-13 09:00:00,8,37.19833333333333,74.01333333333334,135.75879638181158,132.75294871794873,126.38150360334845
2026-05-13 10:00:00,8,25.94833333333333,43.15166666666667,108.58340502304733,83.81590463458107,81.83746279166417
2026-05-13 11:00:00,8,19.9325,8.8075,85.07056955041901,67.04629032258065,51.054496079182314
2026-05-13 12:00:00,8,20.69083333333333,5.0025,74.24959828833803,41.68876126126126,43.271211210882825
2026-05-13 13:00:00,8,17.0475,3.119166666666666,66.5388872250349,25.64921747967479,38.42332367570316
2026-05-13 14:00:00,8,30.59583333333333,-0.0333333333333333,68.59838834632895,25.64921747967479,45.21290304986431
2026-05-13 15:00:00,8,37.93416666666667,0.6683333333333333,65.3917420300387,41.68876126126126,53.90021082667832
2026-05-13 16:00:00,8,62.24166666666667,0.0133333333333333,85.68837466092606,67.04629032258065,76.8594623052535
2026-05-13 17:00:00,8,92.63,3.4225,130.80949666462664,99.56978395061729,122.57449796906688
2026-05-13 18:00:00,8,93.18166666666669,0.7575,158.38978356434288,113.05971471471472,156.71370481139738
2026-05-13 19:00:00,8,92.05083333333332,0.4691666666666668,167.6807526289727,132.75294871794873,163.64260867357473
2026-05-13 20:00:00,8,85.9325,-0.1,147.77993452670256,113.05971471471472,136.2888473209848
2026-05-13 21:00:00,8,75.15666666666667,2.7275,147.80409257099603,132.75294871794873,143.28407565082082
2026-05-13 22:00:00,8,78.385,-0.0375,149.52976846899128,126.51579516539438,149.564403726693
2026-05-13 23:00:00,8,62.965833333333336,3.4075,140.56377563750962,126.51579516539438,138.14216849226938
2026-05-14 00:00:00,8,56.36333333333334,0.5208333333333333,125.58222726534416,93.66289832285123,134.45571688989844
2026-05-14 01:00:00,8,58.13666666666666,2.4883333333333333,129.85466251797413,93.66289832285123,125.18506446071339
2026-05-14 02:00:00,8,62.5825,0.0058333333333333,119.70971834525145,93.66289832285123,120.80521880945123
2026-05-14 03:00:00,8,61.274166666666666,4.104166666666667,95.68810733005814,110.46735057471265,109.93759283242423
2026-05-14 04:00:00,8,60.34,3.329166666666667,82.06830107054627,110.46735057471265,104.37269323399642
2026-05-14 05:00:00,8,63.96416666666666,3.710833333333333,79.40490366027943,110.46735057471265,107.83619484152648
2026-05-14 06:00:00,8,70.2025,11.3425,91.3865594951227,93.66289832285123,123.85144086584617
2026-05-14 07:00:00,8,88.69916666666667,12.691666666666665,126.98545019927366,136.99082610267524,160.6583267643474
2026-05-14 08:00:00,8,144.16666666666666,39.73833333333334,163.6663727423139,132.75294871794873,185.49406673652237
2026-05-14 09:00:00,8,29.339166666666667,22.98,136.59126056979267,132.75294871794873,131.98272443073972
2026-05-14 10:00:00,8,27.035,11.7925,118.25754844345931,83.81590463458107,90.22548228598527
2026-05-14 11:00:00,8,22.376666666666665,10.971666666666666,97.34439780471672,67.04629032258065,69.91788942859839
2026-05-14 12:00:00,8,37.6875,5.6225,71.25154257511487,67.04629032258065,61.05455086037098
2026-05-14 13:00:00,8,49.56916666666667,0.7041666666666666,35.302689347150704,31.771452145214504,40.993830796867
2026-05-14 14:00:00,8,63.69416666666667,0.075,29.031481912611376,15.872054455445545,39.177506278078
2026-05-14 15:00:00,8,73.33333333333333,0.8541666666666666,43.158782584999855,31.771452145214504,51.753912088890615
2026-05-14 16:00:00,8,91.1875,21.981666666666666,77.15203702473049,67.04629032258065,80.78331634833603
2026-05-14 17:00:00,8,111.12,52.1675,134.79660973051273,136.99082610267524,135.35721760931284
2026-05-14 18:00:00,8,128.56166666666667,56.29750000000001,172.06759430607184,132.75294871794873,176.98168896258863
2026-05-14 19:00:00,8,132.0025,52.399166666666666,179.9778666472357,132.75294871794873,181.39722003444254
2026-05-14 20:00:00,8,124.37583333333332,48.37166666666667,168.73102263013226,132.75294871794873,170.90805924798548
2026-05-14 21:00:00,8,107.37333333333332,26.17083333333333,142.86620508859676,132.75294871794873,148.73844142933524
2026-05-14 22:00:00,8,93.3175,11.054166666666667,126.91420069457442,136.99082610267524,134.10662331189252
2026-05-14 23:00:00,8,81.05499999999999,0.3825,102.22451719233132,136.99082610267524,116.12897319816399
2026-05-15 00:00:00,8,62.59916666666666,6.685,83.09270420588805,136.99082610267524,105.50893992606619
2026-05-15 01:00:00,8,36.6175,1.7366666666666666,84.95628574222866,136.99082610267524,93.02027583154718
2026-05-15 02:00:00,8,33.079166666666666,0.5325,59.675403373261446,110.46735057471265,76.40472311570682
2026-05-15 03:00:00,8,30.95833333333333,-0.0441666666666666,43.88580087000405,72.84042724196277,66.59152226231862
2026-05-15 04:00:00,8,21.42333333333333,-0.0791666666666666,31.9502214691302,72.84042724196277,58.52566935076214
2026-05-15 05:00:00,8,27.343333333333334,-0.0658333333333333,26.37259168149891,72.84042724196277,55.96321243841888
2026-05-15 06:00:00,8,31.035833333333333,0.3708333333333333,31.762275486092364,94.63267333333339,60.43989077415761
2026-05-15 07:00:00,8,59.965,11.846666666666666,64.11481878807238,94.63267333333339,81.72594987550137
2026-05-15 08:00:00,8,65.29666666666667,30.104166666666668,96.87676629664907,113.05971471471472,102.75805287210247
2026-05-15 09:00:00,8,23.894166666666667,10.268333333333333,78.37111573923458,93.8413684210526,65.55352480764034
2026-05-15 10:00:00,8,8.5325,5.558333333333334,47.6779292038874,47.94347463768115,36.401952313318006
2026-05-15 11:00:00,8,-1.3433333333333335,3.93,13.680926403976422,15.872054455445545,18.828866196825707
2026-05-15 12:00:00,8,-0.3366666666666666,0.425,-10.225103338895977,-4.923497023809523,9.33235026849622
2026-05-15 13:00:00,8,-6.236666666666667,0.3316666666666666,-20.233636197294345,-4.923497023809523,4.012873793547094
2026-05-15 14:00:00,8,-5.054166666666666,-0.6691666666666666,-12.526389652772608,9.201132352941174,7.985364262138319
2026-05-15 15:00:00,8,-0.5216666666666666,-2.8316666666666666,0.11131829610836519,9.201132352941174,14.81473361070195
2026-05-15 16:00:00,8,22.166666666666668,3.4091666666666662,34.2913399131219,67.04629032258065,41.43406237062149
2026-05-15 17:00:00,8,74.36916666666667,50.119166666666665,72.89020871803096,94.63267333333339,75.12531368307312
2026-05-15 18:00:00,8,68.5075,73.53333333333333,91.52352712980846,113.05971471471472,91.6695778311809
2026-05-15 19:00:00,8,61.5725,80.555,88.17722959320412,113.05971471471472,82.39015042694551
2026-05-15 20:00:00,8,62.9975,78.22333333333334,82.72173087391165,94.63267333333339,77.09719730478861
2026-05-15 21:00:00,8,65.81583333333333,78.35916666666667,67.88242736909191,94.63267333333339,63.80321808766018
2026-05-15 22:00:00,8,66.22833333333334,82.67833333333333,52.35028365159045,94.63267333333339,55.20483680318653
2026-05-15 23:00:00,8,63.155,91.11083333333332,35.607203540348166,94.63267333333339,51.188126258549765
2026-05-16 00:00:00,8,52.08083333333334,93.82333333333334,26.910669579002253,94.63267333333339,52.64704088309377
2026-05-16 01:00:00,8,47.71416666666667,93.73833333333332,33.867409989229486,47.94347463768115,46.243288979600365
2026-05-16 02:00:00,8,14.441666666666665,97.62,12.256594391190141,36.15137387387385,33.8424364834837
2026-05-16 03:00:00,8,2.796666666666667,89.60833333333333,-4.449656570732898,36.15137387387385,25.32761053023051
2026-05-16 04:00:00,8,5.033333333333333,89.73416666666667,-18.248088687443357,36.15137387387385,18.707615565662437
2026-05-16 05:00:00,8,0.1491666666666666,95.96333333333332,-28.09427861368816,-1.6162009803921569,13.189785127888122
2026-05-16 06:00:00,8,-0.0666666666666666,97.625,-34.14286388686372,22.070840579710147,11.843760424718603
2026-05-16 07:00:00,8,-1.7683333333333335,90.78249999999998,-28.148875290029395,22.070840579710147,17.898060042405923
2026-05-16 08:00:00,8,0.3058333333333333,93.48333333333332,-21.049438891364915,51.706483870967716,20.687433289885853
2026-05-16 09:00:00,8,-0.3891666666666666,72.37,-21.11203843000699,28.61061979166667,3.2593573133071914
2026-05-16 10:00:00,8,-1.6366666666666667,53.17,-32.21177986994431,-13.614603174603177,-12.194522372917177
2026-05-16 11:00:00,8,-5.059166666666667,49.8475,-58.24098233034444,-25.315873983739834,-25.57796718361614
2026-05-16 12:00:00,8,-3.8716666666666666,72.10083333333334,-65.78051667692998,-25.315873983739834,-26.23107373161693
2026-05-16 13:00:00,8,-5.505833333333334,62.32083333333333,-67.81740477134724,-36.030654396728046,-31.135766007629428
2026-05-16 14:00:00,8,-5.639166666666667,45.31166666666667,-63.62275196535049,-36.030654396728046,-29.076848745690526
2026-05-16 15:00:00,8,-4.260833333333333,28.290000000000003,-54.28606647741307,-4.923497023809523,-22.820346524576735
2026-05-16 16:00:00,8,22.159166666666668,41.58916666666666,-21.495988796919193,3.526594827586206,-1.1755776415970303
2026-05-16 17:00:00,8,89.03583333333334,95.92666666666666,10.572613699272182,27.674969135802467,27.353816654899646
2026-05-16 18:00:00,8,95.94416666666666,98.34,35.24807794560309,58.882649572649576,53.35065529903465
2026-05-16 19:00:00,8,100.68416666666668,92.975,40.06093553317767,58.882649572649576,53.96445739201818
2026-05-16 20:00:00,8,108.055,93.80666666666669,29.907146136730304,58.882649572649576,41.4502629866046
2026-05-16 21:00:00,8,121.10833333333332,93.20166666666668,14.972725287738164,27.674969135802467,29.268746838558094
2026-05-16 22:00:00,8,125.84833333333334,103.13166666666666,11.771792877568714,27.674969135802467,35.212723555625125
2026-05-16 23:00:00,8,123.0225,104.02083333333331,13.93168929096501,47.94347463768115,47.614902373710095
2026-05-17 00:00:00,8,139.27166666666668,102.7925,29.318899744855223,94.63267333333339,68.31437487080294
2026-05-17 01:00:00,8,142.19500000000002,113.11833333333334,67.50558774814574,94.63267333333339,77.1557597622061
2026-05-17 02:00:00,8,137.415,92.27666666666666,63.80459298018887,79.54879629629626,78.7523638291372
2026-05-17 03:00:00,8,132.2925,86.53666666666668,49.916572462892,79.54879629629626,72.15410449081614
2026-05-17 04:00:00,8,120.12416666666668,81.10333333333334,25.513730971216745,72.84042724196277,58.5806056479618
2026-05-17 05:00:00,8,122.54833333333332,90.61666666666667,1.5338166049224782,36.15137387387385,41.494456626146274
2026-05-17 06:00:00,8,123.94166666666666,99.81166666666668,-10.25562161843753,36.15137387387385,31.689125785353923
2026-05-17 07:00:00,8,133.76583333333335,108.35,-11.651193349184652,36.15137387387385,29.668582274753334
2026-05-17 08:00:00,8,108.30333333333334,93.25666666666666,10.7777066794254,47.94347463768115,48.9487146843002
2026-05-17 09:00:00,8,120.57166666666669,31.9975,34.96426846574289,94.63267333333339,48.3784938103471
2026-05-17 10:00:00,8,113.25333333333332,28.456666666666667,50.41112580478399,94.63267333333339,55.07991218583406
2026-05-17 11:00:00,8,114.78083333333332,24.95083333333333,53.41989294316104,136.99082610267524,59.70641857626139
2026-05-17 12:00:00,8,129.7325,30.1975,73.83963739442882,83.81590463458107,69.22655772372639
2026-05-17 13:00:00,8,134.415,35.556666666666665,81.45314391198282,67.04629032258065,80.57060015124085
2026-05-17 14:00:00,8,147.9908333333333,39.65833333333333,96.78013276101814,67.04629032258065,88.3410011986146
2026-05-17 15:00:00,8,131.685,5.465,108.64887079123955,136.99082610267524,100.21818165062447
2026-05-17 16:00:00,8,149.81,18.00166666666667,118.59999037310715,136.99082610267524,113.52086101370794
2026-05-17 17:00:00,8,158.42166666666665,92.70333333333332,137.46516168351735,136.99082610267524,134.03793452382786
2026-05-17 18:00:00,8,182.0583333333333,118.29916666666668,163.71208911465362,132.75294871794873,153.60094633934222
2026-05-17 19:00:00,8,170.105,119.7575,165.40186653972938,132.75294871794873,152.38251461788946
2026-05-17 20:00:00,8,165.84583333333333,117.25416666666666,142.63398655127315,132.75294871794873,132.967981849826
2026-05-17 21:00:00,8,142.8675,124.30666666666669,127.68932918364546,136.99082610267524,119.75725855439461
2026-05-17 22:00:00,8,142.20083333333332,126.56,111.53731362551014,136.99082610267524,107.76639018000228
2026-05-17 23:00:00,8,148.87833333333333,105.44166666666666,98.2294312412273,136.99082610267524,97.87720644441285
2026-05-18 00:00:00,8,145.73,95.72333333333334,98.13875640442707,136.99082610267524,96.81668351490231
2026-05-18 01:00:00,8,170.84166666666667,92.6775,104.05796382548519,136.99082610267524,98.57464884505646
2026-05-18 02:00:00,8,146.09833333333333,78.86166666666666,88.07786242391781,79.54879629629626,92.24727139834988
2026-05-18 03:00:00,8,138.9675,74.07083333333334,73.99916005175936,79.54879629629626,87.98524212044045
2026-05-18 04:00:00,8,131.5975,66.885,61.63344577986675,79.54879629629626,86.33008953819751
2026-05-18 05:00:00,8,136.53583333333333,79.67833333333333,56.50352183326462,79.54879629629626,87.89413405828368
2026-05-18 06:00:00,8,156.0375,92.32833333333332,68.06741333372833,136.99082610267524,99.25883881386291
2026-05-18 07:00:00,8,204.7383333333333,115.89916666666666,97.42436690648015,136.99082610267524,124.1386723148532
2026-05-18 08:00:00,8,208.53333333333333,126.37583333333332,136.6096427473663,132.75294871794873,153.91299539537323
2026-05-18 09:00:00,8,230.8558333333333,109.3625,139.37779569539725,132.75294871794873,142.1632185997202
2026-05-18 10:00:00,8,256.1791666666667,63.16833333333333,131.93944366117609,132.75294871794873,116.66155646800529
2026-05-18 11:00:00,8,251.0641666666667,38.21416666666666,125.4365648121039,83.81590463458107,107.62009640488643
2026-05-18 12:00:00,8,271.5466666666667,38.85666666666667,128.65271446428244,132.75294871794873,112.37287159633436
2026-05-18 13:00:00,8,262.1791666666667,49.49916666666667,120.29798379508682,132.75294871794873,121.77399470742321
2026-05-18 14:00:00,8,257.21,51.79166666666666,115.38888351316903,132.75294871794873,120.82897287742833
2026-05-18 15:00:00,8,190.0375,55.7625,108.19040115065357,132.75294871794873,121.44425491110059
2026-05-18 16:00:00,8,150.7775,70.4175,113.20164807035258,132.75294871794873,131.91486547445874
2026-05-18 17:00:00,8,150.75666666666666,104.3725,119.29943541504122,113.05971471471472,152.89103857212396
2026-05-18 18:00:00,8,138.475,111.7775,150.42694154509226,132.75294871794873,178.11119988567887
2026-05-18 19:00:00,8,120.86166666666666,96.46666666666664,162.850587576519,132.75294871794873,182.79874035944363
2026-05-18 20:00:00,8,115.9625,84.78583333333334,158.0100068741399,132.75294871794873,175.6938524551249
2026-05-18 21:00:00,8,108.82416666666668,78.99416666666666,147.06843109363297,132.75294871794873,160.20212090011765
2026-05-18 22:00:00,8,108.58083333333332,76.65249999999999,131.07206763408465,132.75294871794873,141.73543662572806
2026-05-18 23:00:00,8,101.27583333333332,73.51333333333334,109.06330279439233,136.99082610267524,124.93562574507595
2026-05-19 00:00:00,8,101.01583333333332,75.65916666666666,92.00677900319945,136.99082610267524,118.09064908223374
2026-05-19 01:00:00,8,98.32583333333334,74.84166666666667,96.86827494988356,136.99082610267524,111.8354825936436
2026-05-19 02:00:00,8,93.01833333333332,70.15833333333333,79.2494077249166,136.99082610267524,101.76885718415696
2026-05-19 03:00:00,8,92.85,68.855,65.63613263976588,79.54879629629626,95.06315113540494
2026-05-19 04:00:00,8,89.57,65.52083333333333,60.931762302193434,79.54879629629626,94.96406539796635
2026-05-19 05:00:00,8,81.18916666666667,69.79916666666666,64.84426462142676,79.54879629629626,99.23477058024008
2026-05-19 06:00:00,8,78.0275,77.70666666666666,95.53973117805552,136.99082610267524,116.07649455009212
2026-05-19 07:00:00,8,84.86166666666666,96.885,128.93970854275142,136.99082610267524,151.76292681966083
2026-05-19 08:00:00,8,94.55833333333334,114.38666666666668,152.3843674429565,132.75294871794873,169.7062745688795
2026-05-19 09:00:00,8,73.18916666666667,53.88583333333333,122.86240195752328,93.8413684210526,120.66585394330093
2026-05-19 10:00:00,8,63.20416666666667,39.05416666666667,97.93710844558802,78.55759595959594,72.38658178949808
2026-05-19 11:00:00,8,34.236666666666665,41.9325,71.26445514939496,58.882649572649576,41.79850396011254
2026-05-19 12:00:00,8,41.16333333333333,45.255,91.04433060743207,58.882649572649576,58.568948508829294
2026-05-19 13:00:00,8,32.2475,40.60083333333333,90.19486876412044,17.675833333333333,55.988692591592496
2026-05-19 14:00:00,8,11.034999999999998,35.288333333333334,100.84206631663548,78.55759595959594,66.14188824886503
2026-05-19 15:00:00,8,0.1916666666666667,24.1775,71.77580742367185,17.675833333333333,44.36164097309354
2026-05-19 16:00:00,8,-2.615,53.48333333333333,101.68594711316597,58.882649572649576,71.60557255258938
2026-05-19 17:00:00,8,42.528333333333336,86.29333333333334,134.55188022794187,93.8413684210526,107.65309505284225
2026-05-19 18:00:00,8,77.26666666666667,87.08583333333333,165.1811359203664,148.6406542056075,136.90396817852144
2026-05-19 19:00:00,8,72.24,87.85000000000001,171.84449745580207,148.6406542056075,137.16581552044948
2026-05-19 20:00:00,8,67.05333333333333,74.40916666666666,145.72961818325035,93.8413684210526,98.26016236346831
2026-05-19 21:00:00,8,58.53416666666666,73.21,132.58277355765455,93.8413684210526,87.4726796435582
2026-05-19 22:00:00,8,60.53,66.71916666666667,118.65329817946036,120.61073529411759,78.31245526375706
2026-05-19 23:00:00,8,70.295,67.0125,95.77188583688124,95.54903333333334,67.1954980314889
2026-05-20 00:00:00,8,65.96833333333333,69.6575,87.58613827301943,95.54903333333334,74.23049990154443
2026-05-20 01:00:00,8,63.5825,68.4775,106.40078634235505,65.94137955182075,78.18374696649714
2026-05-20 02:00:00,8,65.99249999999999,67.51416666666667,86.20875730526731,65.94137955182075,71.78726209830958
2026-05-20 03:00:00,8,59.310833333333335,63.60916666666666,81.68930513495157,72.84042724196277,84.22008683037271
2026-05-20 04:00:00,8,51.04749999999999,60.17333333333334,76.55225901739647,110.46735057471265,89.48337639974852
2026-05-20 05:00:00,8,45.895833333333336,64.25416666666666,72.2329964333173,72.84042724196277,87.60126245455375
2026-05-20 06:00:00,8,51.85666666666666,72.395,74.56590216943549,94.63267333333339,89.49398265974975
2026-05-20 07:00:00,8,73.1775,85.47083333333335,106.7196541641575,94.63267333333339,111.7288130958157
2026-05-20 08:00:00,8,80.76,94.37583333333332,132.11619572724703,93.8413684210526,121.10572717960562
2026-05-20 09:00:00,8,38.85333333333333,37.19833333333333,127.48717125764698,93.8413684210526,104.5631415657407
2026-05-20 10:00:00,8,33.11,25.94833333333333,80.25279336148907,95.54903333333334,63.60534191233163
2026-05-20 11:00:00,8,17.221666666666668,19.9325,38.168317879009486,28.61061979166667,34.245310665599256
2026-05-20 12:00:00,8,19.30333333333333,20.69083333333333,29.196799293583908,28.61061979166667,36.547544660279215
2026-05-20 13:00:00,8,12.820833333333333,17.0475,31.75423283349417,28.61061979166667,36.8314334579048
2026-05-20 14:00:00,8,11.1975,30.59583333333333,43.282571035033996,28.61061979166667,48.54226426702645
2026-05-20 15:00:00,8,6.637499999999999,37.93416666666667,56.18577339716195,95.54903333333334,69.3426195147464
2026-05-20 16:00:00,8,36.62416666666667,62.24166666666667,77.6431465395753,95.54903333333334,90.91725067500217
2026-05-20 17:00:00,8,112.3275,92.63,111.66557887207057,120.61073529411759,136.3477184483308
2026-05-20 18:00:00,8,110.89333333333332,93.18166666666669,151.93572088371127,113.05971471471472,185.82667741870705
2026-05-20 19:00:00,8,112.78166666666668,92.05083333333332,167.1918726284083,132.75294871794873,198.15652457748
2026-05-20 20:00:00,8,115.47,85.9325,167.20909711072136,132.75294871794873,193.57720888027552
2026-05-20 21:00:00,8,124.26416666666668,75.15666666666667,152.70089262020258,132.75294871794873,172.7032452336531
2026-05-20 22:00:00,8,120.46666666666664,78.385,129.80334669762493,132.75294871794873,150.90889778417517
2026-05-20 23:00:00,8,115.74833333333332,62.965833333333336,110.16585954284737,136.99082610267524,135.087816205768
2026-05-21 00:00:00,8,114.56583333333332,56.36333333333334,99.76111049438067,136.99082610267524,130.49361596154307
2026-05-21 01:00:00,8,115.22166666666664,58.13666666666666,115.59945550137313,136.99082610267524,132.7657198334343
2026-05-21 02:00:00,8,112.51666666666668,62.5825,93.32592753069426,136.99082610267524,120.14811108185899
2026-05-21 03:00:00,8,118.125,61.274166666666666,79.1530564899065,136.99082610267524,111.65305818916718
2026-05-21 04:00:00,8,111.825,60.34,73.73839099056121,136.99082610267524,112.36081113683238
2026-05-21 05:00:00,8,97.61333333333334,63.96416666666666,76.58533769314772,136.99082610267524,118.33864172941851
2026-05-21 06:00:00,8,110.09333333333332,70.2025,93.97152954590966,136.99082610267524,136.37230135424147
2026-05-21 07:00:00,8,129.16583333333332,88.69916666666667,127.29664662989595,132.75294871794873,169.9226597037465
2026-05-21 08:00:00,8,126.92583333333332,144.16666666666666,174.73640442002818,132.75294871794873,196.33097471509552
2026-05-21 09:00:00,8,112.88333333333334,29.339166666666667,178.82460032086345,132.75294871794873,182.20558315832437
2026-05-21 10:00:00,8,93.20916666666666,27.035,166.40293862989512,132.75294871794873,148.34932027839506
2026-05-21 11:00:00,8,77.46166666666666,22.376666666666665,146.92609848968908,132.75294871794873,126.12628265977354
2026-05-21 12:00:00,8,76.66666666666667,37.6875,146.42923014581993,132.75294871794873,135.36960698458728
2026-05-21 13:00:00,8,93.94666666666666,49.56916666666667,145.21082016524946,132.75294871794873,140.152642684727
2026-05-21 14:00:00,8,126.34916666666668,63.69416666666667,146.056258573175,132.75294871794873,149.5102381375571
2026-05-21 15:00:00,8,124.68583333333332,73.33333333333333,139.5361368539989,132.75294871794873,157.3247372446874
2026-05-21 16:00:00,8,123.8725,91.1875,157.12240998988872,132.75294871794873,180.44915518372224
2026-05-21 17:00:00,8,156.55083333333332,111.12,188.7747262074816,132.75294871794873,213.8546633490256
2026-05-21 18:00:00,8,143.88250000000002,128.56166666666667,214.10767453085492,132.75294871794873,233.99346585873195
2026-05-21 19:00:00,8,122.825,132.0025,220.4200388598513,1192.6991000000005,231.85466182975563
2026-05-21 20:00:00,8,112.86166666666666,124.37583333333332,217.6898555929434,132.75294871794873,224.3551827135019
2026-05-21 21:00:00,8,111.85333333333334,107.37333333333332,191.70238094363498,132.75294871794873,200.56224775509384
2026-05-21 22:00:00,8,106.27583333333332,93.3175,168.70287875476373,132.75294871794873,180.65855176252037
2026-05-21 23:00:00,8,103.63583333333334,81.05499999999999,143.74569294275943,132.75294871794873,159.0993100344374
2026-05-22 00:00:00,8,95.34250000000002,62.59916666666666,139.99669287855818,136.99082610267524,151.87424728033105
2026-05-22 01:00:00,8,92.20416666666668,36.6175,156.69848778957817,136.99082610267524,150.133671888218
2026-05-22 02:00:00,8,91.46083333333333,33.079166666666666,141.24278294416393,136.99082610267524,142.010722885363
2026-05-22 03:00:00,8,91.7975,30.95833333333333,129.48862085373318,136.99082610267524,133.90818195794367
2026-05-22 04:00:00,8,93.56083333333332,21.42333333333333,126.57740170671246,136.99082610267524,135.25474565470756
2026-05-22 05:00:00,8,90.395,27.343333333333334,129.75977414449352,136.99082610267524,141.46288200579733
2026-05-22 06:00:00,8,87.05583333333334,31.035833333333333,137.84815261924405,136.99082610267524,156.96479940032822
2026-05-22 07:00:00,8,118.0575,59.965,172.7492420352675,132.75294871794873,191.48558886487388
2026-05-22 08:00:00,8,100.2875,65.29666666666667,195.70750275801961,132.75294871794873,202.36901764516273
2026-05-22 09:00:00,8,67.36,23.894166666666667,196.25930900677713,132.75294871794873,184.52809553174225
2026-05-22 10:00:00,8,43.119166666666665,8.5325,155.59823371513716,132.75294871794873,131.19300528489538
2026-05-22 11:00:00,8,38.57333333333333,-1.3433333333333335,114.29098848210042,117.75264423076919,90.36392724614967
2026-05-22 12:00:00,8,44.70249999999999,-0.3366666666666666,96.55515375372644,67.04629032258065,71.86292901747794
2026-05-22 13:00:00,8,40.60416666666666,-6.236666666666667,85.48272619612561,41.68876126126126,67.75023863099459
2026-05-22 14:00:00,8,23.723333333333333,-5.054166666666666,83.68720669457045,41.68876126126126,72.04387288699489
2026-05-22 15:00:00,8,14.181666666666668,-0.5216666666666666,77.00673942389399,41.68876126126126,76.92276720861156
2026-05-22 16:00:00,8,67.125,22.166666666666668,95.04336929305614,67.04629032258065,101.54126982146204
2026-05-22 17:00:00,8,124.00083333333332,74.36916666666667,164.9896189758618,132.75294871794873,175.14082896132527
2026-05-22 18:00:00,8,135.9675,68.5075,218.03768705468318,132.75294871794873,225.64559784042933
2026-05-22 19:00:00,8,110.38583333333334,61.5725,226.9426810164002,132.75294871794873,222.6155225531869
2026-05-22 20:00:00,8,117.34333333333332,62.9975,207.11718120735054,132.75294871794873,193.70160106184133
2026-05-22 21:00:00,8,110.79666666666668,65.81583333333333,199.33045837445172,132.75294871794873,181.76097148010695
2026-05-22 22:00:00,8,87.11333333333333,66.22833333333334,179.54057325183163,132.75294871794873,157.94451311188988
2026-05-22 23:00:00,8,69.1475,63.155,155.28818895575097,132.75294871794873,134.00642414114998
2026-05-23 00:00:00,8,57.884166666666665,52.08083333333334,138.81196975522928,136.99082610267524,122.16551109465104
2026-05-23 01:00:00,8,57.580000000000005,47.71416666666667,140.34374887744463,94.63267333333339,108.02164320976337
2026-05-23 02:00:00,8,48.86083333333334,14.441666666666665,117.83988136885739,94.63267333333339,95.12371719480174
2026-05-23 03:00:00,8,38.975,2.796666666666667,101.72380175389033,94.63267333333339,89.21831453536849
2026-05-23 04:00:00,8,32.25416666666667,5.033333333333333,92.60353630717228,110.46735057471265,86.45282675300791
2026-05-23 05:00:00,8,26.695833333333336,0.1491666666666666,90.17444571666377,110.46735057471265,87.1279269264001
2026-05-23 06:00:00,8,34.1075,-0.0666666666666666,88.52192348531071,110.46735057471265,89.25073571930639
2026-05-23 07:00:00,8,25.8775,-1.7683333333333335,99.25161621323707,136.99082610267524,103.75260807505543
2026-05-23 08:00:00,8,22.675,0.3058333333333333,111.1697438583702,94.63267333333339,106.1982468589865
2026-05-23 09:00:00,8,29.945833333333336,-0.3891666666666666,106.02595604436925,78.55759595959594,72.38764144541426
2026-05-23 10:00:00,8,25.38083333333333,-1.6366666666666667,95.24335186302994,117.75264423076919,58.35949467869961
2026-05-23 11:00:00,8,28.08,-5.059166666666667,94.18265631372611,117.75264423076919,61.097390073128935
2026-05-23 12:00:00,8,25.429166666666664,-3.8716666666666666,99.2731770732986,117.75264423076919,57.9005606297546
2026-05-23 13:00:00,8,16.18583333333333,-5.505833333333334,78.83686840853501,65.94137955182075,45.23291745804401
2026-05-23 14:00:00,8,19.98583333333333,-5.639166666666667,72.23108871501414,47.94347463768115,46.05380962330963
2026-05-23 15:00:00,8,46.090833333333336,-4.260833333333333,69.79647743862455,67.04629032258065,55.29836259144063
2026-05-23 16:00:00,8,63.2825,22.159166666666668,97.27011520206206,117.75264423076919,90.72306473329779
2026-05-23 17:00:00,8,89.72416666666668,89.03583333333334,139.02615408109597,136.99082610267524,133.24658024909235
2026-05-23 18:00:00,8,91.50416666666666,95.94416666666666,163.8869924443319,113.05971471471472,155.04862745228735
2026-05-23 19:00:00,8,88.01166666666667,100.68416666666668,164.94398270502117,113.05971471471472,151.2701565637729
2026-05-23 20:00:00,8,74.23583333333333,108.055,158.3344317680854,132.75294871794873,142.75282160129888
2026-05-23 21:00:00,8,70.52666666666666,121.10833333333332,141.05612100756198,113.05971471471472,122.87890525798028
2026-05-23 22:00:00,8,71.77583333333332,125.84833333333334,128.70963310069888,94.63267333333339,108.6968698633546
2026-05-23 23:00:00,8,75.81,123.0225,116.21264757332744,94.63267333333339,101.98313750119814
2026-05-24 00:00:00,8,74.1925,139.27166666666668,124.76440259750518,136.99082610267524,111.90163334798203
2026-05-24 01:00:00,8,72.69833333333334,142.19500000000002,153.16801268439815,136.99082610267524,111.687538471507
2026-05-24 02:00:00,8,65.99833333333333,137.415,130.92364130277522,136.99082610267524,102.70399742177156
2026-05-24 03:00:00,8,58.37166666666667,132.2925,120.05572051615597,110.46735057471265,98.42263658275465
2026-05-24 04:00:00,8,49.620000000000005,120.12416666666668,110.85073465190567,110.46735057471265,94.40216390853374
2026-05-24 05:00:00,8,63.61083333333334,122.54833333333332,114.54752887796292,110.46735057471265,95.50117817647593
2026-05-24 06:00:00,8,66.20916666666666,123.94166666666666,115.77833172246278,110.46735057471265,99.28330822638651
2026-05-24 07:00:00,8,69.005,133.76583333333335,116.50758236480237,136.99082610267524,106.21554452892164
2026-05-24 08:00:00,8,67.3925,108.30333333333334,126.12672518266032,136.99082610267524,113.69120531394935
2026-05-24 09:00:00,8,61.44416666666667,120.57166666666669,104.90510497621656,117.75264423076919,90.65413149871941
2026-05-24 10:00:00,8,65.87083333333334,113.25333333333332,104.95815512079513,117.75264423076919,74.8691269105972
2026-05-24 11:00:00,8,79.09333333333333,114.78083333333332,102.39350607197304,117.75264423076919,65.68749026138167
2026-05-24 12:00:00,8,85.65333333333332,129.7325,97.47154634848238,117.75264423076919,66.32777110380248
2026-05-24 13:00:00,8,90.34583333333336,134.415,83.5176703188612,47.94347463768115,62.05707993209101
2026-05-24 14:00:00,8,90.9275,147.9908333333333,76.62348672185924,47.94347463768115,62.69308029811006
2026-05-24 15:00:00,8,106.10666666666668,131.685,76.85272922476506,95.54903333333334,83.88053286064897
2026-05-24 16:00:00,8,108.89666666666666,149.81,88.62143467758746,117.75264423076919,96.20005832848543
2026-05-24 17:00:00,8,118.3525,158.42166666666665,125.96057761450902,120.61073529411759,112.76308008600554
2026-05-24 18:00:00,8,112.81666666666666,182.0583333333333,157.97581789939534,120.61073529411759,128.58229921441338
2026-05-24 19:00:00,8,119.585,170.105,160.99869793939953,189.81930246913572,126.87196062305807
2026-05-24 20:00:00,8,118.81916666666666,165.84583333333333,150.751224535815,145.60184086629,122.12461128060387
2026-05-24 21:00:00,8,110.00833333333333,142.8675,137.8376944890332,145.60184086629,109.97062315177834
2026-05-24 22:00:00,8,79.97166666666666,142.20083333333332,137.93355130193942,94.63267333333339,112.93588190418077
2026-05-24 23:00:00,8,68.2725,148.87833333333333,127.2483315355193,136.99082610267524,110.61677513228727
2026-05-25 00:00:00,8,71.73916666666666,145.73,121.56037455586412,136.99082610267524,109.21169946024506
2026-05-25 01:00:00,8,71.8225,170.84166666666667,112.60579946277358,136.99082610267524,94.87496559269555
2026-05-25 02:00:00,8,67.53333333333333,146.09833333333333,87.92139332402346,94.63267333333339,85.52913481554653
2026-05-25 03:00:00,8,70.72583333333334,138.9675,74.06744878758968,94.56514245014235,82.03646570581704
2026-05-25 04:00:00,8,68.43916666666667,131.5975,71.42058348056159,94.56514245014235,86.05466847022842
2026-05-25 05:00:00,8,66.74083333333333,136.53583333333333,87.53174481541264,94.56514245014235,96.37754112259361
2026-05-25 06:00:00,8,80.1225,156.0375,110.14409698302546,136.99082610267524,112.4850703954389
2026-05-25 07:00:00,8,95.1375,204.7383333333333,152.0792662065581,136.99082610267524,146.65331845034694
2026-05-25 08:00:00,8,110.31333333333332,208.53333333333333,179.06657425222437,145.60184086629,171.11608760119537
2026-05-25 09:00:00,8,94.98666666666666,230.8558333333333,188.79846032416438,145.60184086629,153.398553898658
2026-05-25 10:00:00,8,92.40333333333332,256.1791666666667,166.3778822286445,132.75294871794873,128.82086260998176
2026-05-25 11:00:00,8,97.11083333333332,251.0641666666667,132.5142803739917,117.75264423076919,94.35598388951833
2026-05-25 12:00:00,8,103.40333333333332,271.5466666666667,116.66959031200903,117.75264423076919,86.92211388121318
2026-05-25 13:00:00,8,100.51416666666668,262.1791666666667,102.18215056455492,117.75264423076919,83.44928455805918
2026-05-25 14:00:00,8,94.78166666666664,257.21,99.79890641628461,117.75264423076919,81.00619582095861
2026-05-25 15:00:00,8,100.35083333333334,190.0375,108.17854253361668,117.75264423076919,96.40086507344857
2026-05-25 16:00:00,8,101.61,150.7775,135.98604892739408,183.330260989011,133.1813500357003
2026-05-25 17:00:00,8,120.83333333333331,150.75666666666666,152.8466307404453,183.330260989011,160.46250457337567
2026-05-25 18:00:00,8,117.325,138.475,170.53153991660724,183.330260989011,177.7269957145328
2026-05-25 19:00:00,8,89.91083333333334,120.86166666666666,168.76439262259174,183.330260989011,174.7722106960664
2026-05-25 20:00:00,8,92.32833333333332,115.9625,184.62262836723377,183.330260989011,188.03713572589655
2026-05-25 21:00:00,8,77.11083333333333,108.82416666666668,185.1705100681017,183.330260989011,171.46731669292458
2026-05-25 22:00:00,8,75.6475,108.58083333333332,171.04574908938997,136.99082610267524,149.52364857801933
2026-05-25 23:00:00,8,74.54416666666667,101.27583333333332,144.6912869339492,136.99082610267524,130.06195108122517
2026-05-26 00:00:00,8,74.76333333333334,101.01583333333332,135.60041664903312,136.99082610267524,127.48890732407455
2026-05-26 01:00:00,8,76.25083333333333,98.32583333333334,141.50581887595905,136.99082610267524,129.70952141320146
2026-05-26 02:00:00,8,69.83916666666667,93.01833333333332,121.21947785593015,136.99082610267524,117.61456812815209
2026-05-26 03:00:00,8,64.105,92.85,118.92388331043466,79.54879629629626,110.46554868168371
2026-05-26 04:00:00,8,58.335,89.57,112.10057864107353,79.54879629629626,108.2458351146231
2026-05-26 05:00:00,8,58.94833333333333,81.18916666666667,108.6129829051014,79.54879629629626,112.77852514808694
2026-05-26 06:00:00,8,81.46416666666666,78.0275,115.15472860741647,136.99082610267524,126.895439351334
2026-05-26 07:00:00,8,114.26,84.86166666666666,139.9251424435857,136.99082610267524,160.40959213613093
2026-05-26 08:00:00,8,127.365,94.55833333333334,196.06442679813694,183.330260989011,196.70452291230765
2026-05-26 09:00:00,8,129.6025,73.18916666666667,174.12989347003554,183.330260989011,171.47804557310423
2026-05-26 10:00:00,8,115.31,63.20416666666667,139.00116829879255,183.330260989011,132.2477149520726
2026-05-26 11:00:00,8,92.88583333333334,34.236666666666665,98.89667251238063,117.75264423076919,88.04210882694066
2026-05-26 12:00:00,8,80.12583333333333,41.16333333333333,80.56658955592741,78.55759595959594,65.09265574270056
2026-05-26 13:00:00,8,71.77833333333334,32.2475,57.59386257927267,17.675833333333333,47.916083771315826
2026-05-26 14:00:00,8,56.76916666666667,11.034999999999998,50.27798593723978,27.674969135802467,45.6926267556168
2026-05-26 15:00:00,8,77.81583333333333,0.1916666666666667,48.99012368176868,58.882649572649576,50.63691041380739
2026-05-26 16:00:00,8,78.37,-2.615,76.91177218260732,58.882649572649576,70.1372011374009
2026-05-26 17:00:00,8,76.62583333333333,42.528333333333336,106.95854296349303,93.8413684210526,98.84108389550727
2026-05-26 18:00:00,8,92.24916666666668,77.26666666666667,133.49749192962105,93.8413684210526,124.58957021342138
2026-05-26 19:00:00,8,77.18916666666667,72.24,134.71641113537117,93.8413684210526,118.79737748189841
2026-05-26 20:00:00,8,46.17916666666667,67.05333333333333,130.84412186200387,93.8413684210526,126.36822793333451
2026-05-26 21:00:00,8,37.7125,58.53416666666666,117.5891878952649,93.8413684210526,114.42047956699227
2026-05-26 22:00:00,8,21.4,60.53,105.83531692919586,94.63267333333339,111.98127180923407
2026-05-26 23:00:00,8,15.309166666666668,70.295,92.49343219614065,94.63267333333339,107.51498466604478
2026-05-27 00:00:00,8,52.54666666666666,65.96833333333333,100.01142005284643,136.99082610267524,118.88855806603772
2026-05-27 01:00:00,8,14.4375,63.5825,121.62779280824503,136.99082610267524,126.74553158277432
2026-05-27 02:00:00,8,25.2175,65.99249999999999,98.11767240867684,79.54879629629626,113.0877677555404
2026-05-27 03:00:00,8,10.455,59.310833333333335,92.52875510496048,79.54879629629626,112.59592545470758
2026-05-27 04:00:00,8,10.4875,51.04749999999999,83.20429058135747,79.54879629629626,109.40399563388222
2026-05-27 05:00:00,8,47.00833333333333,45.895833333333336,76.3724395212276,79.54879629629626,108.17908582645316
2026-05-27 06:00:00,8,98.71666666666664,51.85666666666666,82.51971090935173,136.99082610267524,115.39625115672065
2026-05-27 07:00:00,8,149.265,73.1775,118.53950865720336,136.99082610267524,149.06851750182489
2026-05-27 08:00:00,8,185.5,80.76,158.58718127330906,183.330260989011,182.0423063465661
2026-05-27 09:00:00,8,188.11666666666667,38.85333333333333,142.563195936115,183.330260989011,170.27613105314947
2026-05-27 10:00:00,8,171.69500000000002,33.11,132.62900521774344,183.330260989011,150.6755030735461
2026-05-27 11:00:00,8,155.80166666666668,17.221666666666668,119.61044831337404,117.75264423076919,135.5981165789135
2026-05-27 12:00:00,8,145.3025,19.30333333333333,118.1304799716064,117.75264423076919,143.03954610314622
2026-05-27 13:00:00,8,157.86249999999998,12.820833333333333,111.96337697250576,117.75264423076919,133.6458153379946
2026-05-27 14:00:00,8,154.14083333333335,11.1975,118.66614398802014,117.75264423076919,146.9149284926518
2026-05-27 15:00:00,8,158.49416666666667,6.637499999999999,116.86100577960707,117.75264423076919,148.89961913553873
2026-05-27 16:00:00,8,163.32166666666666,36.62416666666667,131.33580063953661,136.99082610267524,160.57725547211732
2026-05-27 17:00:00,8,174.27833333333334,112.3275,158.9980067440106,113.05971471471472,177.76984707811204
2026-05-27 18:00:00,8,180.7483333333333,110.89333333333332,186.3259036923818,113.05971471471472,201.35408629222076
2026-05-27 19:00:00,8,170.92083333333335,112.78166666666668,194.95116326122516,132.75294871794873,206.01373201864095
2026-05-27 20:00:00,8,144.06,115.47,226.59621721828242,132.75294871794873,221.93352032821468
2026-05-27 21:00:00,8,140.56,124.26416666666668,204.66421484274724,132.75294871794873,203.93283890783084
2026-05-27 22:00:00,8,151.68166666666667,120.46666666666664,185.00929326260677,132.75294871794873,180.54872600477165
2026-05-27 23:00:00,8,135.16916666666663,115.74833333333332,152.70316610408298,136.99082610267524,154.81693201089254
2026-05-28 00:00:00,8,127.50083333333332,114.56583333333332,137.74478442911465,136.99082610267524,148.2706686346801
2026-05-28 01:00:00,8,116.23833333333334,115.22166666666664,142.22044264979576,136.99082610267524,146.54693152524476
2026-05-28 02:00:00,8,121.28416666666668,112.51666666666668,124.55472037595737,136.99082610267524,135.21545748557986
2026-05-28 03:00:00,8,114.64,118.125,118.40666071567152,136.99082610267524,132.3073084021404
2026-05-28 04:00:00,8,112.1925,111.825,111.50460787947748,136.99082610267524,130.64576818481638
2026-05-28 05:00:00,8,108.32416666666666,97.61333333333334,111.83479598510384,136.99082610267524,132.777967886179
2026-05-28 06:00:00,8,110.25583333333331,110.09333333333332,127.51924429485518,136.99082610267524,149.9181841408137
2026-05-28 07:00:00,8,131.0225,129.16583333333332,161.66818949280295,136.99082610267524,184.14653502300683
2026-05-28 08:00:00,8,160.35333333333332,126.92583333333332,201.3026533770247,189.81930246913572,200.7672569699928
2026-05-28 09:00:00,8,167.63083333333333,112.88333333333334,146.53850991042836,93.8413684210526,142.9072132530503
2026-05-28 10:00:00,8,144.47333333333333,93.20916666666666,132.51154542466452,93.8413684210526,105.72527389192207
2026-05-28 11:00:00,8,135.38416666666666,77.46166666666666,110.81641030249963,93.8413684210526,91.90638551026065
2026-05-28 12:00:00,8,132.6858333333333,76.66666666666667,113.38577873866116,78.55759595959594,98.45974923932266
2026-05-28 13:00:00,8,138.02583333333334,93.94666666666666,119.45484558954013,117.75264423076919,110.88244882420761
2026-05-28 14:00:00,8,122.665,126.34916666666668,125.73524183635226,117.75264423076919,121.97891688587652
2026-05-28 15:00:00,8,89.96333333333332,124.68583333333332,124.16796217049682,117.75264423076919,127.80902337782352
2026-05-28 16:00:00,8,112.80083333333332,123.8725,140.56805223105894,117.75264423076919,145.60294291209465
2026-05-28 17:00:00,8,161.57333333333332,156.55083333333332,175.31319596554118,145.60184086629,184.1109746866943
2026-05-28 18:00:00,8,167.89083333333335,143.88250000000002,218.5963450261762,189.81930246913572,220.0165786339316
2026-05-28 19:00:00,8,151.6575,122.825,227.8057707386584,189.81930246913572,217.58688937294295
2026-05-28 20:00:00,8,146.78,112.86166666666666,222.59920211964973,189.81930246913572,211.11243616645675
2026-05-28 21:00:00,8,144.80166666666668,111.85333333333334,203.5839267244249,189.81930246913572,191.82284187149105
2026-05-28 22:00:00,8,157.945,106.27583333333332,179.12076825841925,132.75294871794873,170.64275376090623
2026-05-28 23:00:00,8,157.2675,103.63583333333334,153.23074969120387,136.99082610267524,150.10123026138223
2026-05-29 00:00:00,8,136.3575,95.34250000000002,138.6504878604954,136.99082610267524,144.38221014897528
2026-05-29 01:00:00,8,123.6675,92.20416666666668,145.6152844188501,136.99082610267524,146.73554810699125
2026-05-29 02:00:00,8,122.08166666666666,91.46083333333333,123.58213919696658,136.99082610267524,133.48143538900126
2026-05-29 03:00:00,8,114.13083333333331,91.7975,104.24913900159456,136.99082610267524,123.93312506999925
2026-05-29 04:00:00,8,106.22416666666668,93.56083333333332,90.04777968728528,79.54879629629626,117.07148796005806
2026-05-29 05:00:00,8,111.03,90.395,87.20688644309638,136.99082610267524,117.68399596273166
2026-05-29 06:00:00,8,103.0875,87.05583333333334,87.49179314358105,136.99082610267524,120.66932903882704
2026-05-29 07:00:00,8,115.41,118.0575,119.99477350730844,136.99082610267524,142.60772240459818
2026-05-29 08:00:00,8,140.1825,100.2875,158.63293615906855,132.75294871794873,175.38174295687548
2026-05-29 09:00:00,8,171.76916666666668,67.36,138.63979554384485,113.05971471471472,150.92003378110445
2026-05-29 10:00:00,8,93.86916666666669,43.119166666666665,114.67415486798919,132.75294871794873,115.42690068069072
2026-05-29 11:00:00,8,76.25,38.57333333333333,81.77121800710114,117.75264423076919,74.05360595521242
2026-05-29 12:00:00,8,75.6075,44.70249999999999,79.24338401776163,67.04629032258065,71.84760964713733
2026-05-29 13:00:00,8,70.95083333333334,40.60416666666666,92.9750930606334,117.75264423076919,89.32333405493436
2026-05-29 14:00:00,8,75.39083333333333,23.723333333333333,105.54518580265949,117.75264423076919,105.52020760284917
2026-05-29 15:00:00,8,73.94916666666667,14.181666666666668,114.03632603801347,117.75264423076919,118.6521529858106
2026-05-29 16:00:00,8,76.2175,67.125,147.9099656835941,117.75264423076919,153.12284209311736
2026-05-29 17:00:00,8,104.31916666666666,124.00083333333332,205.1145179054248,132.75294871794873,201.6126799284042
2026-05-29 18:00:00,8,107.4675,135.9675,239.38887204077838,132.75294871794873,240.8688804173334
2026-05-29 19:00:00,8,80.135,110.38583333333334,223.27748585557177,132.75294871794873,223.8418342914572
2026-05-29 20:00:00,8,67.21916666666667,117.34333333333332,205.13700316712053,132.75294871794873,198.91880219030236
2026-05-29 21:00:00,8,64.05916666666667,110.79666666666668,173.152757549491,132.75294871794873,159.03850139848905
2026-05-29 22:00:00,8,51.9,87.11333333333333,142.0590883869467,113.05971471471472,123.62962992464094
2026-05-29 23:00:00,8,52.09583333333333,69.1475,107.82369571878219,94.63267333333339,91.57133816765052
2026-05-30 00:00:00,8,39.00666666666667,57.884166666666665,87.48890220310976,94.63267333333339,83.20742254863234
2026-05-30 01:00:00,8,29.06833333333333,57.580000000000005,87.27548204201247,47.94347463768115,71.24947307883369
2026-05-30 02:00:00,8,28.139166666666668,48.86083333333334,48.742048386790024,47.94347463768115,50.578337709166064
2026-05-30 03:00:00,8,15.75,38.975,24.808613863925686,36.15137387387385,35.8716881791084
2026-05-30 04:00:00,8,14.553333333333333,32.25416666666667,14.85982014563917,36.15137387387385,31.28343713998749
2026-05-30 05:00:00,8,10.474166666666669,26.695833333333336,9.41195704348484,36.15137387387385,34.59112108061889
2026-05-30 06:00:00,8,10.469166666666666,34.1075,15.492096035703383,36.15137387387385,45.84205524057751
2026-05-30 07:00:00,8,15.58,25.8775,32.638679704648915,47.94347463768115,67.79933461577585
2026-05-30 08:00:00,8,30.689166666666665,22.675,56.150921981838835,94.63267333333339,90.69831058662913
2026-05-30 09:00:00,8,31.383333333333336,29.945833333333336,76.14149881038709,94.63267333333339,87.93761001473452
2026-05-30 10:00:00,8,22.52333333333333,25.38083333333333,75.28400506971481,117.75264423076919,72.80055302595238
2026-05-30 11:00:00,8,7.5675,28.08,40.04454395799618,47.94347463768115,39.251001644299365
2026-05-30 12:00:00,8,4.996666666666667,25.429166666666664,12.37605500086027,9.201132352941174,23.18391456272768
2026-05-30 13:00:00,8,0.3941666666666666,16.18583333333333,20.206989887903006,9.201132352941174,31.359397509942866
2026-05-30 14:00:00,8,8.889166666666666,19.98583333333333,30.801091283048912,31.771452145214504,43.650774556293364
2026-05-30 15:00:00,8,11.946666666666667,46.090833333333336,46.773508379165705,47.94347463768115,59.79945266221203
2026-05-30 16:00:00,8,14.381666666666666,63.2825,67.42990808266237,67.04629032258065,78.35196940855167
2026-05-30 17:00:00,8,47.21,89.72416666666668,105.50927911724531,94.63267333333339,101.80802132908904
2026-05-30 18:00:00,8,42.40083333333333,91.50416666666666,133.26638578779648,120.61073529411759,121.38278008487569
2026-05-30 19:00:00,8,31.624166666666667,88.01166666666667,135.72344862062653,120.61073529411759,113.69026117265639
2026-05-30 20:00:00,8,48.675,74.23583333333333,131.01906359005912,120.61073529411759,104.39080559275149
2026-05-30 21:00:00,8,23.105,70.52666666666666,134.03447128808622,94.63267333333339,106.500814512349
2026-05-30 22:00:00,8,10.126666666666669,71.77583333333332,135.01820852285215,94.63267333333339,110.8375409192285
2026-05-30 23:00:00,8,10.4125,75.81,111.06669911599359,94.63267333333339,88.64222354576592
2026-05-31 00:00:00,8,13.3775,74.1925,105.43770296462554,65.94137955182075,79.18316270927083
2026-05-31 01:00:00,8,10.259166666666667,72.69833333333334,120.00659528599886,65.94137955182075,68.50495807576101
2026-05-31 02:00:00,8,9.944166666666666,65.99833333333333,97.55483657301187,65.94137955182075,55.8749917701429
2026-05-31 03:00:00,8,4.705,58.37166666666667,77.84424811271796,36.15137387387385,46.61608319085025
2026-05-31 04:00:00,8,0.3541666666666667,49.620000000000005,61.725943063225905,36.15137387387385,41.03380002324728
2026-05-31 05:00:00,8,1.1033333333333333,63.61083333333334,53.87173681664673,36.15137387387385,38.24476885700413
2026-05-31 06:00:00,8,1.9691666666666665,66.20916666666666,49.288333862482006,36.15137387387385,37.60214423997385
2026-05-31 07:00:00,8,11.239166666666668,69.005,62.25696073121374,36.15137387387385,48.117854623692196
2026-05-31 08:00:00,8,14.606666666666667,67.3925,65.98286268780207,65.94137955182075,55.394421442920546
2026-05-31 09:00:00,8,10.37,61.44416666666667,91.11872404702223,95.54903333333334,57.08750402886923
2026-05-31 10:00:00,8,7.204166666666667,65.87083333333334,64.23854647802919,28.61061979166667,21.2388802626595
2026-05-31 11:00:00,8,-0.7416666666666667,79.09333333333333,29.45377875066061,3.526594827586206,-1.21206293634431
2026-05-31 12:00:00,8,-0.9083333333333332,85.65333333333332,33.63914000172447,-10.917146282973617,0.5779580198108931
2026-05-31 13:00:00,8,-0.8475,90.34583333333336,27.603355545727794,-10.917146282973617,-5.370677161045506
2026-05-31 14:00:00,8,-0.4683333333333333,90.9275,61.897469644723735,3.526594827586206,15.135562838923484
2026-05-31 15:00:00,8,0.1283333333333333,106.10666666666668,87.37669833994832,65.94137955182075,49.383395612991634
2026-05-31 16:00:00,8,9.655833333333334,108.89666666666666,116.87533692532025,95.54903333333334,77.85895511363275
2026-05-31 17:00:00,8,59.81,118.3525,154.59804824304882,120.61073529411759,111.9397933584384
2026-05-31 18:00:00,8,83.29666666666667,112.81666666666666,201.9081169357464,120.61073529411759,145.5756847073933
2026-05-31 19:00:00,8,87.335,119.585,206.75933245440598,148.6406542056075,147.40095230490294
2026-05-31 20:00:00,8,85.4375,118.81916666666666,184.7202223120948,120.61073529411759,119.27062966853146
2026-05-31 21:00:00,8,90.76833333333332,110.00833333333333,165.2903400740301,120.61073529411759,106.0328174420699
2026-05-31 22:00:00,8,83.31666666666666,79.97166666666666,151.0694402747336,120.61073529411759,100.45255280468251
2026-05-31 23:00:00,8,51.78833333333333,68.2725,132.859057437741,95.54903333333334,90.11289639829536
2026-06-01 00:00:00,8,38.34,71.73916666666666,122.24464090515659,95.54903333333334,85.03874363440171
2026-06-01 01:00:00,8,53.56916666666667,71.8225,137.25551229164068,65.94137955182075,82.53992318014137
2026-06-01 02:00:00,8,46.3775,67.53333333333333,120.78704768495335,128.48652647975084,88.03066949235848
2026-06-01 03:00:00,8,36.56916666666667,70.72583333333334,107.08307577061161,128.48652647975084,84.50094953050458
2026-06-01 04:00:00,8,34.58416666666667,68.43916666666667,85.59038195526453,72.84042724196277,67.90127791587209
2026-06-01 05:00:00,8,43.0625,66.74083333333333,84.71081469175114,128.48652647975084,69.98684396741919
2026-06-01 06:00:00,8,48.814166666666665,80.1225,97.57354293010562,65.94137955182075,74.35080830696889
2026-06-01 07:00:00,8,72.36916666666666,95.1375,146.6709468214196,95.54903333333334,100.40220550143991
2026-06-01 08:00:00,8,69.00416666666666,110.31333333333332,177.84536300529481,120.61073529411759,103.86327208745001
2026-06-01 09:00:00,8,43.48,94.98666666666666,193.73575261084386,148.6406542056075,93.45644299132063
2026-06-01 10:00:00,8,29.266666666666666,92.40333333333332,178.61827278725573,48.13931098696463,65.51967551958302
2026-06-01 11:00:00,8,18.895,97.11083333333332,141.31832827311703,48.13931098696463,33.64846122336991
2026-06-01 12:00:00,8,24.41416666666667,103.40333333333332,137.0785360724455,48.13931098696463,37.803015348805495
2026-06-01 13:00:00,8,17.784166666666668,100.51416666666668,145.30053841392657,48.13931098696463,50.540648118902325
2026-06-01 14:00:00,8,24.2525,94.78166666666664,166.69728136357065,89.28192708333333,66.11325994003573
2026-06-01 15:00:00,8,8.89,100.35083333333334,136.13948935462787,89.28192708333333,67.32732601611683
2026-06-01 16:00:00,8,6.789166666666667,101.61,112.24720721605269,89.28192708333333,78.57146010099868
2026-06-01 17:00:00,8,58.99416666666667,120.83333333333331,115.34798785397149,201.42760073260087,101.17398494814327
2026-06-01 18:00:00,8,125.60083333333334,117.325,125.50411069002226,201.42760073260087,118.597921004012
2026-06-01 19:00:00,8,135.08083333333337,89.91083333333334,107.46634243276203,201.42760073260087,112.78116135033093
2026-06-01 20:00:00,8,45.20666666666667,92.32833333333332,102.10528247679872,201.42760073260087,95.24581392673909
2026-06-01 21:00:00,8,16.145833333333332,77.11083333333333,69.04158547838905,89.28192708333333,79.1199872156772
2026-06-01 22:00:00,8,-0.3141666666666667,75.6475,31.661743733309343,48.13931098696463,58.40906508583925
2026-06-01 23:00:00,8,-0.0958333333333333,74.54416666666667,-0.4830872319483035,12.771969214437366,36.881286656975774
2026-06-02 00:00:00,8,-0.1841666666666666,74.76333333333334,-7.949866520547076,12.771969214437366,21.27564441830404
2026-06-02 01:00:00,8,-0.1,76.25083333333333,12.860945193520536,12.771969214437366,10.93967456110881
2026-06-02 02:00:00,8,-1.12,69.83916666666667,-13.300694186734148,7.192058333333331,3.5073053840133355
2026-06-02 03:00:00,8,-1.85,64.105,-31.386082341265748,-3.2637953795379535,-2.5048683019138593
2026-06-02 04:00:00,8,-2.2625,58.335,-44.191809357873154,-3.2637953795379535,-5.346475478969964
2026-06-02 05:00:00,8,-2.089166666666667,58.94833333333333,-49.71773836231088,-3.2637953795379535,-3.68106835177538
2026-06-02 06:00:00,8,-1.4441666666666668,81.46416666666666,-32.44367246172702,7.192058333333331,-0.7205443189253913
2026-06-02 07:00:00,8,2.8200000000000003,114.26,12.126398809693583,12.771969214437366,15.905511254193783
2026-06-02 08:00:00,8,22.8225,127.365,75.36412305853484,89.28192708333333,41.16650712196235
2026-06-02 09:00:00,8,11.15,129.6025,67.06550135003317,89.28192708333333,38.0402473866619
2026-06-02 10:00:00,8,13.7925,115.31,50.54220432635699,48.13931098696463,23.437514046767426
2026-06-02 11:00:00,8,7.116666666666667,92.88583333333334,35.06743899563892,48.13931098696463,19.988736074984658
2026-06-02 12:00:00,8,18.61583333333333,80.12583333333333,58.788393287445906,48.13931098696463,31.72721293268779
2026-06-02 13:00:00,8,19.0425,71.77833333333334,64.2490348792968,48.13931098696463,42.428352334511175
2026-06-02 14:00:00,8,27.381666666666664,56.76916666666667,34.235267498066094,17.675833333333333,31.563377915366154
2026-06-02 15:00:00,8,22.809166666666663,77.81583333333333,27.188161889101885,17.675833333333333,34.77491234732565
2026-06-02 16:00:00,8,25.835,78.37,51.41365486299098,58.882649572649576,58.6874206705274
2026-06-02 17:00:00,8,56.61916666666667,76.62583333333333,106.2179778498753,93.8413684210526,109.25034452909169
2026-06-02 18:00:00,8,65.105,92.24916666666668,153.74540066558188,148.6406542056075,142.05492133801752
2026-06-02 19:00:00,8,46.92249999999999,77.18916666666667,150.53564649106255,148.6406542056075,124.51628689915775
2026-06-02 20:00:00,8,44.5275,46.17916666666667,140.18100755686393,148.6406542056075,119.13276991281006
2026-06-02 21:00:00,8,12.901666666666666,37.7125,104.45402453120428,93.8413684210526,73.44591368844205
2026-06-02 22:00:00,8,-0.0833333333333333,21.4,76.49570890126483,48.13931098696463,48.28218511930987
2026-06-02 23:00:00,8,-0.5641666666666667,15.309166666666668,46.25647164473992,17.675833333333333,27.3090142064786
2026-06-03 00:00:00,8,-1.5191666666666668,52.54666666666666,29.816506166264702,17.675833333333333,23.06198707333462
2026-06-03 01:00:00,8,-0.4975,14.4375,39.755715280742095,7.192058333333331,13.045289237112677
2026-06-03 02:00:00,8,-0.1,25.2175,21.315859728149952,6.556119047619047,4.521639250892875
2026-06-03 03:00:00,8,-1.3033333333333337,10.455,8.112502348214484,6.556119047619047,2.758778542907706
2026-06-03 04:00:00,8,-1.4983333333333333,10.4875,-1.2616134978162137,6.556119047619047,2.321175175319837
2026-06-03 05:00:00,8,-1.2208333333333334,47.00833333333333,-6.655545518974279,6.556119047619047,0.5627667706832398
2026-06-03 06:00:00,8,-0.5341666666666667,98.71666666666664,4.163420350840063,17.675833333333333,5.700263695562384
2026-06-03 07:00:00,8,4.8308333333333335,149.265,44.15204931399999,12.771969214437366,24.412057240390894
2026-06-03 08:00:00,8,23.27,185.5,100.33469305731558,48.13931098696463,67.20336734426755
2026-06-03 09:00:00,8,10.315833333333334,188.11666666666667,89.56234227124044,89.28192708333333,50.7534099673896
2026-06-03 10:00:00,8,5.7558333333333325,171.69500000000002,70.75843294576617,48.13931098696463,41.39588174586653
2026-06-03 11:00:00,8,1.785,155.80166666666668,37.06640736457552,48.13931098696463,18.275385960183293
2026-06-03 12:00:00,8,0.6516666666666667,145.3025,41.16176400230785,48.13931098696463,24.32673392012819
2026-06-03 13:00:00,8,-0.4408333333333333,157.86249999999998,36.89105854012675,17.675833333333333,24.779790899163743
2026-06-03 14:00:00,8,-2.1283333333333334,154.14083333333335,35.90708000074862,17.675833333333333,28.89938942963623
2026-06-03 15:00:00,8,-1.98,158.49416666666667,23.0266669112211,12.771969214437366,15.748374994505241
2026-06-03 16:00:00,8,0.1133333333333332,163.32166666666666,50.46209309688034,12.771969214437366,24.551603945117066
2026-06-03 17:00:00,8,37.16833333333333,174.27833333333334,111.29920985288189,48.13931098696463,65.02902011354082
2026-06-03 18:00:00,8,55.64416666666667,180.7483333333333,144.41098474449615,89.28192708333333,95.0548825024438
2026-06-03 19:00:00,8,23.195833333333336,170.92083333333335,153.4412812608423,201.42760073260087,97.0702408347694
2026-06-03 20:00:00,8,7.537499999999999,144.06,147.90211892516598,89.28192708333333,87.50524752913516
2026-06-03 21:00:00,8,0.8250000000000001,140.56,130.33028535830346,89.28192708333333,67.59214937008575
2026-06-03 22:00:00,8,-0.0875,151.68166666666667,105.6282138281515,48.13931098696463,48.259069915748185
2026-06-03 23:00:00,8,-0.1,135.16916666666663,65.27313294291051,12.771969214437366,20.61362774601433
2026-06-04 00:00:00,8,-0.1,127.50083333333332,46.671432921367796,12.771969214437366,12.52858732287384
2026-06-04 01:00:00,8,-0.0875,116.23833333333334,64.29489860464999,12.771969214437366,6.493897295657213
2026-06-04 02:00:00,8,-0.0625,121.28416666666668,52.9114404211734,7.192058333333331,1.5060282520258284
2026-06-04 03:00:00,8,0.1341666666666666,114.64,44.94577787024213,7.192058333333331,-0.9210997109460664
2026-06-04 04:00:00,8,-0.0475,112.1925,27.679553279599062,-3.2637953795379535,-8.556541821703547
2026-06-04 05:00:00,8,-0.0433333333333333,108.32416666666666,18.65908381356897,-3.2637953795379535,-9.452975627160114
2026-06-04 06:00:00,8,0.3683333333333333,110.25583333333331,38.324517049369156,7.192058333333331,1.6601799912718178
2026-06-04 07:00:00,8,25.10083333333333,131.0225,88.11286982304289,48.13931098696463,32.084094952353546
2026-06-04 08:00:00,8,34.5275,160.35333333333332,132.62887885118226,89.28192708333333,66.69852330485112
2026-06-04 09:00:00,8,30.945833333333336,167.63083333333333,136.76293608614642,89.28192708333333,61.12605883961599
2026-06-04 10:00:00,8,24.151666666666667,144.47333333333333,127.10851041583027,89.28192708333333,53.700547362497346
2026-06-04 11:00:00,8,24.954166666666666,135.38416666666666,118.63150593055735,89.28192708333333,52.76133400992807
2026-06-04 12:00:00,8,28.33333333333333,132.6858333333333,118.00407913449234,89.28192708333333,57.487572416052195
2026-06-04 13:00:00,8,39.84583333333333,138.02583333333334,131.45924839305854,89.28192708333333,76.69894739067044
2026-06-04 14:00:00,8,39.04416666666666,122.665,160.4930419773549,148.6406542056075,103.39984270154989
2026-06-04 15:00:00,8,20.3275,89.96333333333332,161.44723898593162,93.8413684210526,115.92939869952096
2026-06-04 16:00:00,8,8.715,112.80083333333332,131.67534982236225,89.28192708333333,68.63039651888427
2026-06-04 17:00:00,8,56.9875,161.57333333333332,160.17789622938864,201.42760073260087,95.95825155154742
2026-06-04 18:00:00,8,69.545,167.89083333333335,162.18550738006377,201.42760073260087,112.32079042876785
2026-06-04 19:00:00,8,48.36833333333333,151.6575,145.67798688664044,201.42760073260087,109.03535512165979
2026-06-04 20:00:00,8,49.517500000000005,146.78,133.62429543743963,201.42760073260087,87.41534292741127
2026-06-04 21:00:00,8,58.0275,144.80166666666668,115.43521344913871,89.28192708333333,69.33424031535935
2026-06-04 22:00:00,8,27.3725,157.945,95.68501632834595,48.13931098696463,44.773731944790995
2026-06-04 23:00:00,8,19.15083333333333,157.2675,78.83068837451007,48.13931098696463,28.006779762933917
2026-06-05 00:00:00,8,11.408333333333331,136.3575,60.22771697226254,12.771969214437366,20.70483421848777
2026-06-05 01:00:00,8,13.976666666666668,123.6675,66.54244995805028,12.771969214437366,10.886088444098256
2026-06-05 02:00:00,8,15.31,122.08166666666666,57.72946333411426,7.192058333333331,7.984200343504547
2026-06-05 03:00:00,8,13.3975,114.13083333333331,45.86797435034702,17.675833333333333,3.612686284696153
2026-06-05 04:00:00,8,28.39333333333333,106.22416666666668,39.48719769425631,17.675833333333333,2.1411565720566443
2026-06-05 05:00:00,8,41.52333333333333,111.03,44.8763280412082,17.675833333333333,11.339645913047022
2026-06-05 06:00:00,8,64.87833333333333,103.0875,64.02757519443327,65.94137955182075,32.59944139869538
2026-06-05 07:00:00,8,77.39833333333333,115.41,118.08747074974636,93.8413684210526,72.49513081557762
2026-06-05 08:00:00,8,81.46,140.1825,150.58875325928358,93.8413684210526,106.23099104913601
2026-06-05 09:00:00,8,88.76833333333333,171.76916666666668,162.66376474542062,148.6406542056075,103.416782565648
2026-06-05 10:00:00,8,87.64666666666666,93.86916666666669,131.81075194319322,93.8413684210526,71.16348827433784
2026-06-05 11:00:00,8,81.64083333333333,76.25,88.23266419966023,48.13931098696463,29.9073073340575
2026-06-05 12:00:00,8,66.69333333333334,75.6075,78.701412490354,17.675833333333333,31.883242333807893
2026-06-05 13:00:00,8,63.55083333333334,70.95083333333334,65.03879265849795,28.61061979166667,32.324753846452396
2026-06-05 14:00:00,8,70.5725,75.39083333333333,71.54973799910555,78.55759595959594,44.79053729557556
2026-06-05 15:00:00,8,63.54583333333333,73.94916666666667,74.01425718155315,78.55759595959594,55.39146997546873
2026-06-05 16:00:00,8,60.495000000000005,76.2175,134.61924114310006,113.05971471471472,119.18959864449894
2026-06-05 17:00:00,8,92.685,104.31916666666666,189.89089042187754,189.81930246913572,162.86770123134403
2026-06-05 18:00:00,8,92.99833333333332,107.4675,225.54084351700664,201.42760073260087,185.76257658514868
2026-06-05 19:00:00,8,84.8875,80.135,215.14525371281368,189.81930246913572,171.55837642944476
2026-06-05 20:00:00,8,80.55499999999999,67.21916666666667,198.30748062162635,189.81930246913572,144.97771651840287
2026-06-05 21:00:00,8,74.04333333333334,64.05916666666667,183.1109288890104,189.81930246913572,127.90364954821366
2026-06-05 22:00:00,8,65.425,51.9,153.8226749118945,113.05971471471472,104.33247098636663
2026-06-05 23:00:00,8,65.69166666666668,52.09583333333333,118.9872074067367,93.8413684210526,81.81663475629716
2026-06-06 00:00:00,8,59.97333333333333,39.00666666666667,97.21577085228385,78.55759595959594,72.1219418064044
2026-06-06 01:00:00,8,38.45333333333333,29.06833333333333,104.24854724193895,58.882649572649576,77.78931166725428
2026-06-06 02:00:00,8,29.31083333333333,28.139166666666668,81.396869367468,47.94347463768115,68.06418629490676
2026-06-06 03:00:00,8,28.5075,15.75,59.80208886687478,47.94347463768115,57.694994888976886
2026-06-06 04:00:00,8,18.709166666666665,14.553333333333333,47.41760705243276,47.94347463768115,54.63643067313336
2026-06-06 05:00:00,8,25.14333333333333,10.474166666666669,40.9924405920495,47.94347463768115,56.2266405347998
2026-06-06 06:00:00,8,46.42250000000001,10.469166666666666,51.966933569246834,94.63267333333339,67.415167525187
2026-06-06 07:00:00,8,57.406666666666666,15.58,63.69502582638928,94.63267333333339,83.06048645890218
2026-06-06 08:00:00,8,73.6425,30.689166666666665,88.27277845470176,94.63267333333339,105.54745472587516
2026-06-06 09:00:00,8,51.49583333333334,31.383333333333336,105.95682763412785,113.05971471471472,105.63692932359342
2026-06-06 10:00:00,8,35.4475,22.52333333333333,96.43660216355897,83.81590463458107,82.23900938144504
2026-06-06 11:00:00,8,29.06,7.5675,70.45085842973184,78.55759595959594,52.399075634213006
2026-06-06 12:00:00,8,31.665000000000003,4.996666666666667,73.4305776173956,47.94347463768115,50.7957422860291
2026-06-06 13:00:00,8,35.51916666666667,0.3941666666666666,68.454150727695,47.94347463768115,50.54661029693838
2026-06-06 14:00:00,8,42.06916666666667,8.889166666666666,73.74854113356022,46.95036904761903,64.89266553767096
2026-06-06 15:00:00,8,41.73666666666667,11.946666666666667,85.75349022247944,46.95036904761903,66.73045974421386
2026-06-06 16:00:00,8,52.7875,14.381666666666666,113.15372140033202,83.81590463458107,96.9664063272445
2026-06-06 17:00:00,8,106.33583333333333,47.21,161.0847147134967,132.75294871794873,143.4526223723342
2026-06-06 18:00:00,8,106.365,42.40083333333333,198.3693939792959,132.75294871794873,173.90250355522736
2026-06-06 19:00:00,8,105.1375,31.624166666666667,194.4717998996264,132.75294871794873,163.6211327598375
2026-06-06 20:00:00,8,97.5775,48.675,175.98047972558157,132.75294871794873,146.20096143524592
2026-06-06 21:00:00,8,98.27083333333331,23.105,152.4495807450262,113.05971471471472,123.23228199635548
2026-06-06 22:00:00,8,106.92,10.126666666666669,134.12139459064903,113.05971471471472,106.42001553437113
2026-06-06 23:00:00,8,105.1675,10.4125,115.83078519911487,94.63267333333339,93.69576374306575
2026-06-07 00:00:00,8,90.08166666666666,13.3775,109.72236710382583,126.51579516539438,94.44630997136649
2026-06-07 01:00:00,8,88.08333333333333,10.259166666666667,130.45648320003028,93.66289832285123,90.6607689023443
2026-06-07 02:00:00,8,86.08583333333333,9.944166666666666,112.97796779071206,93.66289832285123,83.93348961786826
2026-06-07 03:00:00,8,78.87583333333333,4.705,95.38026757394348,93.66289832285123,77.17345605941598
2026-06-07 04:00:00,8,74.7475,0.3541666666666667,81.3432836558069,110.46735057471265,72.99405846248035
2026-06-07 05:00:00,8,77.28416666666666,1.1033333333333333,83.18164766244922,110.46735057471265,74.5202185271586
2026-06-07 06:00:00,8,82.23333333333333,1.9691666666666665,85.27844238829138,110.46735057471265,77.07678612147957
2026-06-07 07:00:00,8,102.5125,11.239166666666668,93.77201799477602,93.66289832285123,85.3468692983416
2026-06-07 08:00:00,8,94.43833333333332,14.606666666666667,91.85247872850752,93.66289832285123,82.20740290015627
2026-06-07 09:00:00,8,56.06,10.37,95.88091549342295,126.51579516539438,64.75778775250754
2026-06-07 10:00:00,8,39.891666666666666,7.204166666666667,84.52261222171187,46.95036904761903,38.90592430943375
2026-06-07 11:00:00,8,38.7325,-0.7416666666666667,86.17826064503868,46.95036904761903,32.51224675308144
2026-06-07 12:00:00,8,44.43416666666667,-0.9083333333333332,86.25763638400846,46.95036904761903,36.64510962124534
2026-06-07 13:00:00,8,44.5725,-0.8475,79.82873437233152,31.771452145214504,35.05055173718793
2026-06-07 14:00:00,8,48.04166666666666,-0.4683333333333333,92.55082999197725,46.95036904761903,46.459550241872066
2026-06-07 15:00:00,8,58.61333333333334,0.1283333333333333,118.54203927273994,46.95036904761903,71.95086003917103
2026-06-07 16:00:00,8,77.01416666666667,9.655833333333334,154.11268152067896,83.81590463458107,98.48131073672755
2026-06-07 17:00:00,8,102.6275,59.81,194.67184868051922,145.60184086629,133.1920673879523
2026-06-07 18:00:00,8,102.1875,83.29666666666667,223.86298650936567,145.60184086629,160.69254013849073
2026-06-07 19:00:00,8,98.6125,87.335,218.6185487287442,189.81930246913572,158.6142676744198
2026-06-07 20:00:00,8,89.19749999999999,85.4375,190.9186592014047,145.60184086629,135.67963804971166
2026-06-07 21:00:00,8,89.90666666666665,90.76833333333332,176.21183686376793,145.60184086629,125.43242857244059
2026-06-07 22:00:00,8,95.09083333333332,83.31666666666666,147.5963000880962,126.51579516539438,108.63540402641615
2026-06-07 23:00:00,8,85.91833333333334,51.78833333333333,121.0505763311439,126.51579516539438,94.21939856896977
2026-06-08 00:00:00,8,85.61166666666666,38.34,114.21444398665093,126.51579516539438,92.1727472209071
2026-06-08 01:00:00,8,90.25916666666666,53.56916666666667,123.32282592777825,93.66289832285123,112.08598112010804
2026-06-08 02:00:00,8,77.165,46.3775,105.21249409497997,93.66289832285123,106.0999451716583
2026-06-08 03:00:00,8,65.75083333333333,36.56916666666667,94.26303679458451,93.66289832285123,103.58311350963524
2026-06-08 04:00:00,8,62.47333333333333,34.58416666666667,80.3534785079568,93.66289832285123,98.54903585482967
2026-06-08 05:00:00,8,61.92,43.0625,71.523461575189,93.66289832285123,95.78792560053188
2026-06-08 06:00:00,8,65.77166666666666,48.814166666666665,70.62947800616476,66.37845469255663,92.09880471107144
2026-06-08 07:00:00,8,77.63083333333333,72.36916666666666,84.69113245713686,66.37845469255663,99.83095825519291
2026-06-08 08:00:00,8,71.9975,69.00416666666666,101.00304954432352,93.66289832285123,109.67194298026521
2026-06-08 09:00:00,8,25.398333333333337,43.48,106.14266117014495,126.51579516539438,103.06457037614177
2026-06-08 10:00:00,8,10.686666666666667,29.266666666666666,100.05024482184041,83.81590463458107,81.15669301892831
2026-06-08 11:00:00,8,8.5375,18.895,69.83229642242289,46.95036904761903,52.61826854092662
2026-06-08 12:00:00,8,7.81,24.41416666666667,47.89383712627197,9.201132352941174,29.324957736072648
2026-06-08 13:00:00,8,5.578333333333333,17.784166666666668,39.575041386162084,9.201132352941174,26.945995943073108
2026-06-08 14:00:00,8,5.319166666666667,24.2525,44.190004171604556,9.201132352941174,34.22468464969337
2026-06-08 15:00:00,8,5.965,8.89,62.0158939057645,15.872054455445545,49.85141214960562
2026-06-08 16:00:00,8,3.7458333333333336,6.789166666666667,87.91937705519376,67.04629032258065,75.35514717653628
2026-06-08 17:00:00,8,75.2975,58.99416666666667,135.71003113582964,145.60184086629,127.72100302745227
2026-06-08 18:00:00,8,90.81083333333332,125.60083333333334,174.33189989011814,189.81930246913572,166.17864260569905
2026-06-08 19:00:00,8,88.89999999999999,135.08083333333337,169.53961552801,113.05971471471472,157.12329508550596
2026-06-08 20:00:00,8,77.66166666666666,45.20666666666667,166.2915900311348,113.05971471471472,150.83648007572185
2026-06-08 21:00:00,8,65.62333333333333,16.145833333333332,139.85748542088686,113.05971471471472,124.25857146807624
2026-06-08 22:00:00,8,44.07749999999999,-0.3141666666666667,111.59636523789749,113.05971471471472,95.2691895734425
2026-06-08 23:00:00,8,7.966666666666666,-0.0958333333333333,77.91967845502654,58.882649572649576,67.27798449502284
2026-06-09 00:00:00,8,9.444166666666666,-0.1841666666666666,55.078221711510295,58.882649572649576,49.11574452814781
2026-06-09 01:00:00,8,5.2716666666666665,-0.1,61.23059588662693,28.61061979166667,23.91671468932467
2026-06-09 02:00:00,8,3.0075000000000003,-1.12,32.187843249346514,28.61061979166667,7.889460095770318
2026-06-09 03:00:00,8,1.1783333333333337,-1.85,15.257139958726654,28.61061979166667,3.798452703705898
2026-06-09 04:00:00,8,0.815,-2.2625,5.3450723014825385,6.556119047619047,4.957838998082643
2026-06-09 05:00:00,8,0.1666666666666666,-2.089166666666667,4.8379350456325625,6.556119047619047,8.247564780152153
2026-06-09 06:00:00,8,0.3908333333333333,-1.4441666666666668,19.013058026232493,28.61061979166667,13.50879438813196
2026-06-09 07:00:00,8,8.666666666666666,2.8200000000000003,64.19865135791457,28.61061979166667,33.39799191477649
2026-06-09 08:00:00,8,11.749166666666667,22.8225,128.51882679627073,89.28192708333333,78.42597726889205
2026-06-09 09:00:00,8,16.289166666666667,11.15,138.95239389237034,89.28192708333333,66.17543197639681
2026-06-09 10:00:00,8,-0.2483333333333333,13.7925,112.14442765967519,89.28192708333333,46.38239356311411
2026-06-09 11:00:00,8,0.0208333333333333,7.116666666666667,65.68750764308177,48.13931098696463,24.117986477629813
2026-06-09 12:00:00,8,2.120833333333333,18.61583333333333,28.14195917169426,25.646064425770312,12.198007099433987
2026-06-09 13:00:00,8,-1.794166666666667,19.0425,-9.037770208314654,-4.4266733870967725,-1.225838827247955
2026-06-09 14:00:00,8,-0.2616666666666666,27.381666666666664,-13.304887727810453,-4.4266733870967725,-5.908119842748576
2026-06-09 15:00:00,8,-0.7025,22.809166666666663,-0.7699930466087608,-4.4266733870967725,-9.125713071849134
2026-06-09 16:00:00,8,-2.829166666666667,25.835,18.798671133052878,25.646064425770312,-1.7479732489360487
2026-06-09 17:00:00,8,2.2216666666666667,56.61916666666667,67.91482093076627,48.13931098696463,38.71857120415366
2026-06-09 18:00:00,8,11.8375,65.105,111.46324874964603,89.28192708333333,70.51988284960163
2026-06-09 19:00:00,8,10.124166666666666,46.92249999999999,106.48967312526872,89.28192708333333,68.45108569992185
2026-06-09 20:00:00,8,7.163333333333334,44.5275,92.63112212538886,89.28192708333333,60.579317729658044
2026-06-09 21:00:00,8,-0.2633333333333333,12.901666666666666,62.81034802330432,48.13931098696463,43.362125146033364
2026-06-09 22:00:00,8,-2.5658333333333334,-0.0833333333333333,17.922259085489515,48.13931098696463,27.303474424782443
2026-06-09 23:00:00,8,-3.814166666666667,-0.5641666666666667,-19.314371520807114,25.646064425770312,17.11951104471359
2026-06-10 00:00:00,9,-4.394166666666666,-1.5191666666666668,-26.69882127139661,25.646064425770305,9.058132860468646
2026-06-10 01:00:00,9,-3.0516666666666663,-0.4975,-29.27346272832034,6.840132398753895,8.016766648721514
2026-06-10 02:00:00,9,-3.865,-0.1,-42.17678575044816,-3.1692059748427677,0.6892221559569123
2026-06-10 03:00:00,9,-5.585,-1.3033333333333337,-60.02463293701902,-3.1692059748427677,-3.4749791917995054
2026-06-10 04:00:00,9,-3.911666666666666,-1.4983333333333333,-60.7261222934183,-3.1692059748427677,-6.2466130294777145
2026-06-10 05:00:00,9,-4.104166666666667,-1.2208333333333334,-46.97979010424149,-3.1692059748427677,-5.520201510154109
2026-06-10 06:00:00,9,-2.4475,-0.5341666666666667,-20.467019055130507,6.840132398753895,1.410896774269034
2026-06-10 07:00:00,9,-0.3166666666666667,4.8308333333333335,26.608456319779144,12.045567061143986,20.539915703285544
2026-06-10 08:00:00,9,4.809166666666667,23.27,95.89083423413777,42.66627560521416,51.806054996277595
2026-06-10 09:00:00,9,10.5975,10.315833333333334,104.19681460473399,42.66627560521416,49.8586007205019
2026-06-10 10:00:00,9,18.464166666666667,5.7558333333333325,104.306983183797,42.66627560521416,49.75695708536609
2026-06-10 11:00:00,9,4.91,1.785,98.43294681444297,42.66627560521416,49.1293364546217
2026-06-10 12:00:00,9,10.585833333333332,0.6516666666666667,96.18822207111205,42.66627560521416,52.35618063716075
2026-06-10 13:00:00,9,54.14333333333334,-0.4408333333333333,116.98594498675321,74.61016460905354,63.32130105432804
2026-06-10 14:00:00,9,63.517500000000005,-2.1283333333333334,131.54620594924694,104.58520539906102,80.95053749458403
2026-06-10 15:00:00,9,78.82916666666667,-1.98,135.50227361564987,118.23411363636369,92.19714969408102
2026-06-10 16:00:00,9,101.67416666666666,0.1133333333333332,155.17984982089774,144.70395491803282,116.1183720416
2026-06-10 17:00:00,9,120.76,37.16833333333333,186.8898563250463,193.53537815126046,146.3009335967869
2026-06-10 18:00:00,9,120.24,55.64416666666667,220.3424416673296,193.53537815126046,177.47698265445013
2026-06-10 19:00:00,9,117.24166666666667,23.195833333333336,213.88954062817106,193.53537815126046,170.38316482364468
2026-06-10 20:00:00,9,112.46083333333333,7.537499999999999,227.91332225552773,193.53537815126046,183.48279862689915
2026-06-10 21:00:00,9,111.055,0.8250000000000001,223.2924201087962,193.53537815126046,175.2517666360625
2026-06-10 22:00:00,9,117.53249999999998,-0.0875,209.1495781424914,144.70395491803282,161.53027830547774
2026-06-10 23:00:00,9,101.78833333333334,-0.1,181.641049448681,144.70395491803282,141.88009833245076
2026-06-11 00:00:00,9,98.89,-0.1,174.10509283600663,116.53741379310345,142.30179514126272
2026-06-11 01:00:00,9,97.58833333333332,-0.0875,188.60385120609737,116.53741379310345,140.09441644272093
2026-06-11 02:00:00,9,98.8325,-0.0625,175.326250991729,96.5535167464114,133.65556044911537
2026-06-11 03:00:00,9,95.145,0.1341666666666666,162.23584394407814,96.5535167464114,126.39536761255752
2026-06-11 04:00:00,9,96.0825,-0.0475,156.9309916494073,96.5535167464114,123.77513890969476
2026-06-11 05:00:00,9,98.79166666666669,-0.0433333333333333,157.31051136859347,96.5535167464114,128.2868161895116
2026-06-11 06:00:00,9,115.67083333333332,0.3683333333333333,173.32734271461527,116.53741379310345,144.3104395661082
2026-06-11 07:00:00,9,151.75,25.10083333333333,217.73340763314692,144.70395491803282,183.6514381933024
2026-06-11 08:00:00,9,175.27666666666667,34.5275,267.8028425443331,193.53537815126046,219.15195664978785
2026-06-11 09:00:00,9,138.78083333333333,30.945833333333336,273.3198796208127,193.53537815126046,200.09388482464857
2026-06-11 10:00:00,9,96.21,24.151666666666667,224.64009993960278,193.53537815126046,148.77279095111498
2026-06-11 11:00:00,9,91.81833333333331,24.954166666666666,193.59693915807776,94.2937878787879,112.05758507935056
2026-06-11 12:00:00,9,90.14083333333332,28.33333333333333,181.8459045747107,94.2937878787879,103.57373409617449
2026-06-11 13:00:00,9,81.5025,39.84583333333333,159.93858156068012,76.5959666666667,91.32579195454147
2026-06-11 14:00:00,9,65.29333333333334,39.04416666666666,135.27778634153913,76.5959666666667,84.24130208333962
2026-06-11 15:00:00,9,55.25833333333333,20.3275,116.926817956625,76.5959666666667,82.68868124970399
2026-06-11 16:00:00,9,75.73,8.715,151.2757133548899,94.2937878787879,108.8581534422593
2026-06-11 17:00:00,9,106.9025,56.9875,201.6331300087111,144.70395491803282,165.45533771282737
2026-06-11 18:00:00,9,107.02083333333331,69.545,218.65103657554056,193.53537815126046,179.75780640210633
2026-06-11 19:00:00,9,97.70333333333332,48.36833333333333,220.6089392568484,193.53537815126046,170.00880480980595
2026-06-11 20:00:00,9,83.96833333333333,49.517500000000005,196.62120501753043,193.53537815126046,136.55981416579561
2026-06-11 21:00:00,9,71.72916666666667,58.0275,170.2201135159138,193.53537815126046,103.9570883924135
2026-06-11 22:00:00,9,59.51583333333334,27.3725,146.43803852003873,118.23411363636369,75.1251582624606
2026-06-11 23:00:00,9,35.8225,19.15083333333333,122.0600458849832,74.61016460905354,57.58695573859291
2026-06-12 00:00:00,9,59.15583333333333,11.408333333333331,92.6514006314037,74.61016460905354,42.5685534608971
2026-06-12 01:00:00,9,12.466666666666669,13.976666666666668,91.32138983033435,58.71101652298856,27.30025667371069
2026-06-12 02:00:00,9,0.7166666666666667,15.31,64.47626831297568,17.942676116838484,11.938065936341644
2026-06-12 03:00:00,9,-0.5116666666666667,13.3975,46.30837038716574,17.942676116838484,6.2384951197493805
2026-06-12 04:00:00,9,-0.1,28.39333333333333,35.548685661567994,6.220030303030305,6.476139545904239
2026-06-12 05:00:00,9,-0.2583333333333333,41.52333333333333,33.927600524213936,6.220030303030305,8.242737405945526
2026-06-12 06:00:00,9,-0.0916666666666666,64.87833333333333,40.70501090413066,17.942676116838484,16.03922376969959
2026-06-12 07:00:00,9,0.3816666666666666,77.39833333333333,67.92288500233721,17.942676116838484,30.770055378661716
2026-06-12 08:00:00,9,17.220833333333335,81.46,109.1279213224506,42.66627560521416,51.07241921410734
2026-06-12 09:00:00,9,3.8325,88.76833333333333,110.16130638000861,42.66627560521416,35.863058891173864
2026-06-12 10:00:00,9,-2.8891666666666667,87.64666666666666,57.57371302656192,25.646064425770305,12.601250798594258
2026-06-12 11:00:00,9,-5.145833333333333,81.64083333333333,3.8298575186351798,25.646064425770305,-2.2584798293680564
2026-06-12 12:00:00,9,-5.728333333333334,66.69333333333334,-1.9234338170725778,25.646064425770305,1.5630654967967956
2026-06-12 13:00:00,9,-7.9875,63.55083333333334,-23.02637490399063,-4.426673387096772,-13.954599500739661
2026-06-12 14:00:00,9,-10.0025,70.5725,-12.889094366359274,-4.426673387096772,-19.14727141780061
2026-06-12 15:00:00,9,-6.8675,63.54583333333333,6.608750327882866,-4.426673387096772,-13.76617927701595
2026-06-12 16:00:00,9,-6.049166666666667,60.495000000000005,20.89203785408818,25.646064425770305,-8.069101200723182
2026-06-12 17:00:00,9,6.0375000000000005,92.685,57.793368783534675,42.66627560521416,14.309429560399721
2026-06-12 18:00:00,9,-24.953333333333333,92.99833333333332,79.02217146401833,42.66627560521416,35.46129526839762
2026-06-12 19:00:00,9,8.766666666666667,84.8875,68.1051415867046,42.66627560521416,33.647095173897654
2026-06-12 20:00:00,9,-1.211666666666667,80.55499999999999,53.051801326126395,42.66627560521416,24.210669053178854
2026-06-12 21:00:00,9,-3.640833333333333,74.04333333333334,31.51907008159784,42.66627560521416,20.140319251790856
2026-06-12 22:00:00,9,-4.758333333333334,65.425,6.27630263535444,25.646064425770305,15.40189482945275
2026-06-12 23:00:00,9,-5.175,65.69166666666668,-16.691454522396015,25.646064425770305,10.761807216667464
2026-06-13 00:00:00,9,-6.844166666666666,59.97333333333333,-33.22900327177567,25.646064425770305,10.763940129334138
2026-06-13 01:00:00,9,-6.8566666666666665,38.45333333333333,-18.434573715441218,6.840132398753895,22.059088653008757
2026-06-13 02:00:00,9,-5.424166666666667,29.31083333333333,-34.9143720841265,21.865330459770117,11.07972889966532
2026-06-13 03:00:00,9,-7.363333333333333,28.5075,-54.17461825910422,21.865330459770117,7.091161085901803
2026-06-13 04:00:00,9,-9.510833333333332,18.709166666666665,-67.5836063720765,21.865330459770117,3.182715249832299
2026-06-13 05:00:00,9,-8.000833333333333,25.14333333333333,-78.92514531007461,-3.1692059748427677,3.049132102525796
2026-06-13 06:00:00,9,-7.899999999999999,46.42250000000001,-81.40530642844271,-3.1692059748427677,5.301741231910782
2026-06-13 07:00:00,9,-3.7616666666666654,57.406666666666666,-78.01864990684237,-3.1692059748427677,13.056111895158615
2026-06-13 08:00:00,9,-2.6,73.6425,-57.113056245096715,6.840132398753895,21.383102139676232
2026-06-13 09:00:00,9,-1.0225,51.49583333333334,-25.145080338112635,12.045567061143986,22.242772099335966
2026-06-13 10:00:00,9,-0.1,35.4475,-11.3575123675448,25.646064425770305,20.320624513081995
2026-06-13 11:00:00,9,-0.0833333333333333,29.06,-9.940051891628244,25.646064425770305,23.510200067138392
2026-06-13 12:00:00,9,-0.0333333333333333,31.665000000000003,12.172710845044705,25.646064425770305,31.317439975948048
2026-06-13 13:00:00,9,7.555833333333333,35.51916666666667,20.602853272928925,25.646064425770305,34.9824881685519
2026-06-13 14:00:00,9,12.840833333333334,42.06916666666667,38.13744020817659,42.66627560521416,37.481383888692356
2026-06-13 15:00:00,9,54.11166666666667,41.73666666666667,43.54144258847362,42.66627560521416,35.542973732144574
2026-06-13 16:00:00,9,61.49666666666667,52.7875,54.25980497601855,81.30693310657591,44.42908229715344
2026-06-13 17:00:00,9,68.74583333333334,106.33583333333333,90.42266838251687,81.30693310657591,72.9386833418815
2026-06-13 18:00:00,9,71.92,106.365,115.75267021944016,118.23411363636369,97.96826224926419
2026-06-13 19:00:00,9,69.24166666666667,105.1375,125.47585800031928,110.87004830917877,115.54029607721654
2026-06-13 20:00:00,9,69.65750000000001,97.5775,140.8640851298155,122.25401463963958,129.02267699203702
2026-06-13 21:00:00,9,70.155,98.27083333333331,107.33298832521868,110.87004830917877,102.29584984733948
2026-06-13 22:00:00,9,67.5725,106.92,93.57141812669583,95.52270487264674,97.67691906196991
2026-06-13 23:00:00,9,66.02583333333334,105.1675,94.8789946427344,116.53741379310345,104.04443912078364
2026-06-14 00:00:00,9,72.30416666666666,90.08166666666666,92.43405387190526,116.53741379310345,103.46369553063678
2026-06-14 01:00:00,9,67.81750000000001,88.08333333333333,95.8610373031053,95.52270487264674,85.142201161873
2026-06-14 02:00:00,9,61.97166666666666,86.08583333333333,73.9310861737744,95.52270487264674,74.50840526136534
2026-06-14 03:00:00,9,56.76666666666667,78.87583333333333,55.13080633293979,78.07143333333336,64.71835145822457
2026-06-14 04:00:00,9,52.20166666666666,74.7475,42.257506313041965,78.07143333333336,60.289073743136434
2026-06-14 05:00:00,9,56.30166666666667,77.28416666666666,43.17559410993273,78.96163498098855,63.763644668099495
2026-06-14 06:00:00,9,55.1575,82.23333333333333,51.78676999205535,115.97904411764702,72.4825051335923
2026-06-14 07:00:00,9,61.634166666666665,102.5125,64.61481647234189,115.69015357502515,84.05719771253102
2026-06-14 08:00:00,9,70.76916666666666,94.43833333333332,86.07916238765802,137.10783854166655,99.60425012163832
2026-06-14 09:00:00,9,61.57916666666667,56.06,99.20365172242325,137.10783854166655,86.59585156040235
2026-06-14 10:00:00,9,35.303333333333335,39.891666666666666,93.5885222198388,94.2937878787879,60.03391637645909
2026-06-14 11:00:00,9,18.24083333333333,38.7325,71.10373015137108,56.462441666666656,41.22079546522228
2026-06-14 12:00:00,9,15.425,44.43416666666667,43.81281909844881,16.371301587301584,30.854972206450384
2026-06-14 13:00:00,9,16.441666666666666,44.5725,38.1468796087484,16.371301587301584,26.41687948696699
2026-06-14 14:00:00,9,21.4825,48.04166666666666,54.94895569734628,56.462441666666656,40.03001869363755
2026-06-14 15:00:00,9,9.785833333333334,58.61333333333334,59.67216779902189,76.5959666666667,47.973648376036806
2026-06-14 16:00:00,9,26.33333333333333,77.01416666666667,84.44164882574384,72.74924311926605,73.49226822985786
2026-06-14 17:00:00,9,75.75416666666666,102.6275,131.8288239858445,110.87004830917877,114.24165690047752
2026-06-14 18:00:00,9,82.57000000000001,102.1875,180.13884347097695,110.87004830917877,141.3904024865534
2026-06-14 19:00:00,9,83.8475,98.6125,195.20008028325097,110.87004830917877,145.25295123318284
2026-06-14 20:00:00,9,75.93416666666667,89.19749999999999,187.69962943922653,110.87004830917877,135.60671850228135
2026-06-14 21:00:00,9,70.10166666666667,89.90666666666665,183.93950209788085,110.87004830917877,129.30445828662778
2026-06-14 22:00:00,9,65.285,95.09083333333332,169.84815973147437,140.17815217391313,119.49741983031365
2026-06-14 23:00:00,9,57.8875,85.91833333333334,147.6523270782235,140.17815217391313,110.00314766610497
2026-06-15 00:00:00,9,59.615,85.61166666666666,148.0764111364087,137.10783854166655,112.80708319695405
2026-06-15 01:00:00,9,69.61083333333333,90.25916666666666,161.98128882287656,137.10783854166655,127.04300947511365
2026-06-15 02:00:00,9,71.47583333333334,77.165,138.2880513823959,137.10783854166655,118.63571181341047
2026-06-15 03:00:00,9,66.48333333333333,65.75083333333333,118.50051823439736,115.69015357502515,111.5703891879242
2026-06-15 04:00:00,9,56.0525,62.47333333333333,104.07586754272549,115.69015357502515,109.8689641670056
2026-06-15 05:00:00,9,58.34916666666667,61.92,95.35733064663853,115.69015357502515,111.14566950337056
2026-06-15 06:00:00,9,68.52416666666666,65.77166666666666,102.3290733182983,137.10783854166655,121.73467306774884
2026-06-15 07:00:00,9,82.10083333333334,77.63083333333333,139.71748621110106,110.87004830917877,144.9703355880426
2026-06-15 08:00:00,9,92.94,71.9975,179.87805460647562,194.96066062176163,158.9158271888885
2026-06-15 09:00:00,9,67.2625,25.398333333333337,182.54855647668322,194.96066062176163,146.33669943474231
2026-06-15 10:00:00,9,42.86833333333333,10.686666666666667,160.32880792369014,110.87004830917877,128.05165489351663
2026-06-15 11:00:00,9,47.30916666666667,8.5375,127.61091256885413,110.87004830917877,106.42926741751253
2026-06-15 12:00:00,9,54.91333333333333,7.81,101.83640599952679,118.23411363636369,90.33310271085523
2026-06-15 13:00:00,9,47.45,5.578333333333333,66.0890513732789,74.61016460905354,68.35104941544378
2026-06-15 14:00:00,9,38.174166666666665,5.319166666666667,63.055687342128934,74.61016460905354,62.60781465858554
2026-06-15 15:00:00,9,29.173333333333336,5.965,43.58881263174296,74.61016460905354,48.05898645255124
2026-06-15 16:00:00,9,49.259166666666665,3.7458333333333336,74.15020271998293,118.23411363636369,75.54902787153902
2026-06-15 17:00:00,9,72.4275,75.2975,130.26891276860033,118.23411363636369,116.88207583732708
2026-06-15 18:00:00,9,73.89916666666666,90.81083333333332,187.91639763925176,194.96066062176163,147.64077157448645
2026-06-15 19:00:00,9,67.33916666666667,88.89999999999999,194.27791763711627,194.96066062176163,150.11394621607576
2026-06-15 20:00:00,9,59.85583333333333,77.66166666666666,151.0233168663216,110.87004830917877,133.15602281395377
2026-06-15 21:00:00,9,52.47333333333333,65.62333333333333,112.53021029248715,118.23411363636369,100.90754165722146
2026-06-15 22:00:00,9,15.025833333333331,44.07749999999999,72.73968369257112,81.30693310657591,69.26255521704569
2026-06-15 23:00:00,9,9.5975,7.966666666666666,27.575784428175552,17.942676116838484,32.82097474903836
2026-06-16 00:00:00,9,3.3516666666666666,9.444166666666666,1.0605939638190165,12.045567061143986,18.89194287508984
2026-06-16 01:00:00,9,-0.0541666666666666,5.2716666666666665,3.5921594426968966,12.045567061143986,5.9658906105194305
2026-06-16 02:00:00,9,-0.245,3.0075000000000003,-27.41339796988875,6.840132398753895,-4.213188532376137
2026-06-16 03:00:00,9,-0.7225,1.1783333333333337,-47.20272335404147,21.865330459770117,-8.312177398087698
2026-06-16 04:00:00,9,-0.5908333333333333,0.815,-64.05848688113034,21.865330459770117,-10.064892557383558
2026-06-16 05:00:00,9,-1.8133333333333328,0.1666666666666666,-65.52930161194215,21.865330459770117,-10.063269715751261
2026-06-16 06:00:00,9,-1.2925,0.3908333333333333,-52.414125510818224,6.840132398753895,-3.490691808297811
2026-06-16 07:00:00,9,4.178333333333334,8.666666666666666,-20.687905006497033,25.646064425770305,10.681437224293994
2026-06-16 08:00:00,9,26.22083333333333,11.749166666666667,46.94476346906156,42.66627560521416,45.78033918966737
2026-06-16 09:00:00,9,7.938333333333333,16.289166666666667,53.166132371491734,42.66627560521416,43.95385449618004
2026-06-16 10:00:00,9,5.433333333333334,-0.2483333333333333,40.968599466637855,42.66627560521416,26.84939078980512
2026-06-16 11:00:00,9,8.700000000000001,0.0208333333333333,28.511960393272396,42.66627560521416,21.428246681574606
2026-06-16 12:00:00,9,18.199166666666667,2.120833333333333,42.094630330076896,42.66627560521416,29.630608773103447
2026-06-16 13:00:00,9,18.973333333333333,-1.794166666666667,34.80423110871323,42.66627560521416,26.515779911575258
2026-06-16 14:00:00,9,25.105,-0.2616666666666666,38.84645123687237,42.66627560521416,24.30041665277487
2026-06-16 15:00:00,9,33.12833333333334,-0.7025,40.23000399628802,42.66627560521416,27.43017811774353
2026-06-16 16:00:00,9,67.68833333333333,-2.829166666666667,59.66109390013156,42.66627560521416,46.048831196734234
2026-06-16 17:00:00,9,66.69416666666667,2.2216666666666667,92.51690891077898,81.30693310657591,65.37220519529721
2026-06-16 18:00:00,9,69.01583333333333,11.8375,122.24080342227549,81.30693310657591,88.24125533042579
2026-06-16 19:00:00,9,73.35166666666667,10.124166666666666,119.48478304256355,81.30693310657591,89.22487945988982
2026-06-16 20:00:00,9,64.60916666666667,7.163333333333334,116.18897660203733,118.23411363636369,95.14121294470927
2026-06-16 21:00:00,9,54.73083333333333,-0.2633333333333333,78.2405777372717,81.30693310657591,69.12399492782848
2026-06-16 22:00:00,9,16.3675,-2.5658333333333334,47.846287584083896,74.61016460905354,50.425823698475405
2026-06-16 23:00:00,9,5.591666666666666,-3.814166666666667,24.066322872075204,58.71101652298856,41.95062328017854
2026-06-17 00:00:00,9,1.465833333333333,-4.394166666666666,12.117785017027572,58.71101652298856,42.83391419933152
2026-06-17 01:00:00,9,0.7324999999999999,-3.0516666666666663,24.785430193883172,47.876602564102555,28.928986841668845
2026-06-17 02:00:00,9,0.1091666666666666,-3.865,-4.782777151437131,21.865330459770117,10.248835483510938
2026-06-17 03:00:00,9,-0.0916666666666666,-5.585,-19.293624778906036,21.865330459770117,5.283755459154797
2026-06-17 04:00:00,9,-0.0958333333333333,-3.911666666666666,-23.561043448679143,21.865330459770117,7.704396394810004
2026-06-17 05:00:00,9,-0.97,-4.104166666666667,-29.939730409331858,21.865330459770117,7.271340208954129
2026-06-17 06:00:00,9,-0.5933333333333334,-2.4475,-22.41137215744,28.195259481037915,13.787042091978805
2026-06-17 07:00:00,9,4.878333333333333,-0.3166666666666667,5.591275195969942,28.195259481037915,30.63297508260228
2026-06-17 08:00:00,9,22.385,4.809166666666667,64.94600136233046,81.30693310657591,69.95771494875575
2026-06-17 09:00:00,9,26.60083333333333,10.5975,62.59557665529474,81.30693310657591,52.910805968116804
2026-06-17 10:00:00,9,7.225833333333334,18.464166666666667,42.35387214168837,81.30693310657591,35.09726965502476
2026-06-17 11:00:00,9,7.140000000000001,4.91,21.69045035468715,25.646064425770305,21.123704941350226
2026-06-17 12:00:00,9,16.131666666666668,10.585833333333332,7.758763137753199,25.646064425770305,13.18617976865255
2026-06-17 13:00:00,9,8.018333333333333,54.14333333333334,8.821811174016368,25.646064425770305,12.509997878800817
2026-06-17 14:00:00,9,21.6675,63.517500000000005,-2.3975054951526005,25.646064425770305,7.196086268451701
2026-06-17 15:00:00,9,28.299166666666665,78.82916666666667,7.802570573313567,17.942676116838484,12.951191119274597
2026-06-17 16:00:00,9,41.415,101.67416666666666,39.34603315803518,51.37699252136751,34.56565960615992
2026-06-17 17:00:00,9,22.69083333333333,120.76,73.65907733383926,81.30693310657591,54.166560351992466
2026-06-17 18:00:00,9,12.665833333333332,120.24,97.47349020251094,81.30693310657591,69.46767985352062
2026-06-17 19:00:00,9,21.724166666666665,117.24166666666667,77.46989411602245,74.97130733944954,57.96798654262424
2026-06-17 20:00:00,9,9.98,112.46083333333333,59.736604920434765,42.66627560521416,46.36555138499061
2026-06-17 21:00:00,9,10.01,111.055,39.58482507128549,42.66627560521416,36.287618606473025
2026-06-17 22:00:00,9,5.0183333333333335,117.53249999999998,19.952391178461838,51.37699252136751,28.642864850675515
2026-06-17 23:00:00,9,-1.8966666666666665,101.78833333333334,-1.1188754551144768,51.37699252136751,21.418221159675454
2026-06-18 00:00:00,9,-2.115,98.89,-18.79542418865637,25.646064425770305,18.942157666054072
2026-06-18 01:00:00,9,-2.8683333333333336,97.58833333333332,-11.522994991153269,6.840132398753895,11.079015540778776
2026-06-18 02:00:00,9,-2.8625000000000003,98.8325,-35.13984450040101,21.865330459770117,5.664168666752495
2026-06-18 03:00:00,9,-2.28,95.145,-51.13431609588777,21.865330459770117,1.0897668561575813
2026-06-18 04:00:00,9,-2.5625,96.0825,-61.759697924845625,21.865330459770117,-1.1578397468518205
2026-06-18 05:00:00,9,-2.68,98.79166666666669,-68.57108738602128,21.865330459770117,0.4889866917816619
2026-06-18 06:00:00,9,-2.5483333333333333,115.67083333333332,-61.84164860466137,21.865330459770117,7.444548236857152
2026-06-18 07:00:00,9,-0.3125,151.75,-24.99220036183837,25.646064425770305,20.491220549580262
2026-06-18 08:00:00,9,1.9025,175.27666666666667,20.95955663583411,42.66627560521416,38.74732538975472
2026-06-18 09:00:00,9,4.5575,138.78083333333333,17.39166911272102,42.66627560521416,25.866618108964317
2026-06-18 10:00:00,9,8.15,96.21,12.187067837657501,42.66627560521416,19.17082500977832
2026-06-18 11:00:00,9,12.540833333333332,91.81833333333331,19.87520977670843,42.66627560521416,17.809925717630847
2026-06-18 12:00:00,9,9.475833333333332,90.14083333333332,34.86974966593695,42.66627560521416,25.856075347411405
2026-06-18 13:00:00,9,8.024166666666668,81.5025,12.80232359225377,25.646064425770305,13.854486808405788
2026-06-18 14:00:00,9,5.273333333333333,65.29333333333334,13.710187268932856,25.646064425770305,11.935185053157603
2026-06-18 15:00:00,9,9.8475,55.25833333333333,8.54860251136661,25.646064425770305,13.211179196156266
2026-06-18 16:00:00,9,-0.9225,75.73,9.184233163652301,42.66627560521416,13.622638789238692
2026-06-18 17:00:00,9,3.4141666666666666,106.9025,44.500094627764874,42.66627560521416,29.4903447748409
2026-06-18 18:00:00,9,12.871666666666668,107.02083333333331,100.5532130345577,74.97130733944954,56.90615720167652
2026-06-18 19:00:00,9,9.5125,97.70333333333332,106.96031006795891,74.97130733944954,62.390208890168736
2026-06-18 20:00:00,9,10.3825,83.96833333333333,125.9866455805842,81.30693310657591,86.0510636356989
2026-06-18 21:00:00,9,9.815833333333334,71.72916666666667,113.17209361223668,81.30693310657591,69.90234883788754
2026-06-18 22:00:00,9,5.646666666666667,59.51583333333334,79.75027942418178,81.30693310657591,46.21198930439634
2026-06-18 23:00:00,9,-0.6008333333333332,35.8225,56.81162375308863,74.61016460905354,38.68020150653379
2026-06-19 00:00:00,9,-2.0475,59.15583333333333,42.66283768778743,74.61016460905354,38.59338593726862
2026-06-19 01:00:00,9,-1.6825,12.466666666666669,59.557682659258454,47.876602564102555,38.69739260081504
2026-06-19 02:00:00,9,-0.6091666666666666,0.7166666666666667,35.02409969291187,47.876602564102555,22.690905826855122
2026-06-19 03:00:00,9,-2.1416666666666666,-0.5116666666666667,10.873700788598128,6.220030303030305,6.652846200683307
2026-06-19 04:00:00,9,-2.9566666666666666,-0.1,-6.458034910657645,6.220030303030305,-6.907830137773487
2026-06-19 05:00:00,9,-2.9725,-0.2583333333333333,-8.31676869752296,-3.1692059748427677,-8.863894084305983
2026-06-19 06:00:00,9,-2.279166666666667,-0.0916666666666666,4.06184346137227,6.840132398753895,-4.925080175361785
2026-06-19 07:00:00,9,1.57,0.3816666666666666,31.512379777449752,12.045567061143986,10.811340535638415
2026-06-19 08:00:00,9,22.549166666666665,17.220833333333335,94.52515781359074,74.97130733944954,44.084290437003474
2026-06-19 09:00:00,9,12.321666666666667,3.8325,96.05880802866686,74.97130733944954,36.93755882721161
2026-06-19 10:00:00,9,1.8083333333333336,-2.8891666666666667,62.74890406243151,42.66627560521416,21.699200653797817
2026-06-19 11:00:00,9,1.2425,-5.145833333333333,63.630156763428644,42.66627560521416,17.461907043962967
2026-06-19 12:00:00,9,7.649166666666667,-5.728333333333334,48.5818950155509,42.66627560521416,20.21209062766878
2026-06-19 13:00:00,9,14.038333333333334,-7.9875,54.96651226901588,42.66627560521416,17.57516041518103
2026-06-19 14:00:00,9,36.48666666666667,-10.0025,61.22269060653624,42.66627560521416,18.51028315651582
2026-06-19 15:00:00,9,53.0925,-6.8675,60.156415421376735,12.045567061143986,15.798866726081464
2026-06-19 16:00:00,9,54.98166666666666,-6.049166666666667,73.0828882326638,42.66627560521416,21.78125519441128
2026-06-19 17:00:00,9,75.9575,6.0375000000000005,119.55159301538512,74.97130733944954,49.593954606874675
2026-06-19 18:00:00,9,75.39166666666667,-24.953333333333333,142.28175020103248,74.97130733944954,63.985475168164015
2026-06-19 19:00:00,9,72.09083333333334,8.766666666666667,147.18320252298602,81.30693310657591,71.49106783946337
2026-06-19 20:00:00,9,68.8175,-1.211666666666667,155.5062414630263,118.23411363636369,90.8285401457541
2026-06-19 21:00:00,9,60.78,-3.640833333333333,142.76417795365597,110.87004830917877,86.96049105184373
2026-06-19 22:00:00,9,65.56,-4.758333333333334,128.09695303410103,110.87004830917877,82.31928037564472
2026-06-19 23:00:00,9,63.836666666666666,-5.175,109.91696321088052,95.52270487264674,77.1198116231481
2026-06-20 00:00:00,9,60.04583333333333,-6.844166666666666,92.92630645743289,73.16419342507645,68.8588821229353
2026-06-20 01:00:00,9,59.20666666666667,-6.8566666666666665,92.12799606181113,73.16419342507645,71.647374306141
2026-06-20 02:00:00,9,54.751666666666665,-5.424166666666667,67.74532858296716,73.16419342507645,59.46558287310979
2026-06-20 03:00:00,9,50.01916666666667,-7.363333333333333,55.24778675543591,78.07143333333336,56.272313481980426
2026-06-20 04:00:00,9,49.19166666666666,-9.510833333333332,43.34031382883717,78.07143333333336,55.065108990224594
2026-06-20 05:00:00,9,50.275,-8.000833333333333,43.97703437704434,78.07143333333336,58.87414644802256
2026-06-20 06:00:00,9,51.2425,-7.899999999999999,61.265614573961095,95.52270487264674,71.29517192100522
2026-06-20 07:00:00,9,55.36333333333334,-3.7616666666666654,69.05177576811407,73.16419342507645,74.811223724773
2026-06-20 08:00:00,9,58.90083333333334,-2.6,60.959842679841216,28.195259481037915,51.76231830881312
2026-06-20 09:00:00,9,81.635,-1.0225,61.400857698849656,42.66627560521416,46.98207390736631
2026-06-20 10:00:00,9,86.63333333333333,-0.1,57.76570516367299,81.30693310657591,45.205345954344644
2026-06-20 11:00:00,9,65.84083333333332,-0.0833333333333333,61.12781510946646,74.61016460905354,43.86648527635849
2026-06-20 12:00:00,9,55.90166666666666,-0.0333333333333333,64.85110261586424,74.61016460905354,42.67361277507936
2026-06-20 13:00:00,9,55.55916666666667,7.555833333333333,55.11192108108678,17.942676116838484,31.944201225109076
2026-06-20 14:00:00,9,42.59916666666667,12.840833333333334,49.602921474118446,28.195259481037915,22.22265139872004
2026-06-20 15:00:00,9,40.72416666666667,54.11166666666667,46.839734779647884,58.71101652298856,24.73553066251612
2026-06-20 16:00:00,9,63.63916666666666,61.49666666666667,69.02801833733892,74.61016460905354,40.943045562466104
2026-06-20 17:00:00,9,77.89833333333333,68.74583333333334,125.2876242985477,104.58520539906102,79.52473783076098
2026-06-20 18:00:00,9,87.27916666666665,71.92,164.3312431131718,118.23411363636369,115.28687651644255
2026-06-20 19:00:00,9,83.0325,69.24166666666667,180.0632296108889,110.87004830917877,132.56014400895802
2026-06-20 20:00:00,9,81.92166666666667,69.65750000000001,172.69397516661303,110.87004830917877,127.21393275398464
2026-06-20 21:00:00,9,87.70916666666666,70.155,172.93003366848296,122.25401463963958,129.00236281001105
2026-06-20 22:00:00,9,82.78,67.5725,166.60210319417288,122.25401463963958,123.66946349357207
2026-06-20 23:00:00,9,81.505,66.02583333333334,145.8134907663066,116.53741379310345,110.68561881788736
2026-06-21 00:00:00,9,80.97500000000001,72.30416666666666,129.89330051038732,116.53741379310345,105.23852879103264
2026-06-21 01:00:00,9,81.71583333333334,67.81750000000001,140.24760633320167,96.5535167464114,90.33048173133253
2026-06-21 02:00:00,9,71.79083333333334,61.97166666666666,120.6738760980438,96.5535167464114,81.78930815991964
2026-06-21 03:00:00,9,70.5675,56.76666666666667,99.32121056145186,96.5535167464114,72.54352837746612
2026-06-21 04:00:00,9,68.4675,52.20166666666666,86.21455357007233,78.96163498098855,69.24546325008643
2026-06-21 05:00:00,9,71.58083333333333,56.30166666666667,82.04129332660231,78.96163498098855,70.05230328710225
2026-06-21 06:00:00,9,72.05166666666666,55.1575,84.21173670494129,96.5535167464114,73.69014897394175
2026-06-21 07:00:00,9,81.35916666666667,61.634166666666665,100.76765830809867,96.5535167464114,84.1550134800826
2026-06-21 08:00:00,9,88.18416666666667,70.76916666666666,122.97770617925029,116.53741379310345,101.38857299061073
2026-06-21 09:00:00,9,72.17833333333333,61.57916666666667,125.28431375017189,116.53741379310345,90.9652607247832
2026-06-21 10:00:00,9,66.8025,35.303333333333335,111.03434410080644,94.2937878787879,63.77185987581085
2026-06-21 11:00:00,9,60.415,18.24083333333333,89.63013257937683,46.74853174603172,38.429284413193756
2026-06-21 12:00:00,9,58.711666666666666,15.425,71.22227083898719,46.74853174603172,32.41229717530893
2026-06-21 13:00:00,9,50.68416666666667,16.441666666666666,66.66214110737056,46.74853174603172,32.66741374585626
2026-06-21 14:00:00,9,55.27,21.4825,78.8606568605302,46.74853174603172,41.980431019028146
2026-06-21 15:00:00,9,66.01833333333333,9.785833333333334,93.77576878371467,46.74853174603172,54.41471644202687
2026-06-21 16:00:00,9,67.39833333333333,26.33333333333333,117.71939424248353,72.74924311926605,75.1681465051267
2026-06-21 17:00:00,9,106.33,75.75416666666666,156.92906445261414,122.25401463963958,111.05326862254326
2026-06-21 18:00:00,9,124.5075,82.57000000000001,196.23606143183872,122.25401463963958,138.24030665163065
2026-06-21 19:00:00,9,125.1875,83.8475,208.73344884252035,122.25401463963958,143.035829590086
2026-06-21 20:00:00,9,132.46416666666667,75.93416666666667,211.60374410332645,122.25401463963958,143.31926706904
2026-06-21 21:00:00,9,125.90583333333332,70.10166666666667,205.9699612929397,122.25401463963958,138.30348299135323
2026-06-21 22:00:00,9,109.65416666666664,65.285,195.78130221111806,122.25401463963958,130.5764542102692
2026-06-21 23:00:00,9,102.98083333333334,57.8875,171.00009355423546,122.25401463963958,116.87951494185177
2026-06-22 00:00:00,9,113.16916666666668,59.615,164.18807822346037,116.53741379310345,112.26008831775255
2026-06-22 01:00:00,9,96.80416666666667,69.61083333333333,173.75370108631157,116.53741379310345,131.4633349485531
2026-06-22 02:00:00,9,90.02749999999999,71.47583333333334,153.24938364346508,96.5535167464114,125.38858930432977
2026-06-22 03:00:00,9,97.0125,66.48333333333333,132.14213181755696,96.5535167464114,118.57742098417475
2026-06-22 04:00:00,9,98.97416666666668,56.0525,122.9048903748118,96.5535167464114,118.09402477908378
2026-06-22 05:00:00,9,98.3025,58.34916666666667,124.35993810152218,96.5535167464114,123.79160690233431
2026-06-22 06:00:00,9,104.52583333333332,68.52416666666666,143.81537263392076,116.53741379310345,143.3811348824222
2026-06-22 07:00:00,9,160.6525,82.10083333333334,194.94711719098677,122.25401463963958,178.96512127002882
2026-06-22 08:00:00,9,220.85416666666663,92.94,239.39279422801667,1191.3064583333335,204.28446988253793
2026-06-22 09:00:00,9,276.31083333333333,67.2625,226.99691927910106,1191.3064583333335,193.20665736411388
2026-06-22 10:00:00,9,252.44000000000003,42.86833333333333,211.62293308424202,1191.3064583333335,175.48044062737347
2026-06-22 11:00:00,9,252.0675,47.30916666666667,190.1412882739868,122.25401463963958,149.5438539641478
2026-06-22 12:00:00,9,246.155,54.91333333333333,175.51950051267505,122.25401463963958,139.0049311777546
2026-06-22 13:00:00,9,259.89416666666665,47.45,166.33558345500356,122.25401463963958,139.6811446897781
2026-06-22 14:00:00,9,221.185,38.174166666666665,151.12644382721194,122.25401463963958,135.20085296963862
2026-06-22 15:00:00,9,231.84583333333333,29.173333333333336,147.57176777240892,122.25401463963958,137.63909784979975
2026-06-22 16:00:00,9,287.08666666666664,49.259166666666665,169.72345996382185,122.25401463963958,157.9563187012614
2026-06-22 17:00:00,9,246.6383333333333,72.4275,231.57981631655468,122.25401463963958,207.77200735423287
2026-06-22 18:00:00,9,254.1808333333333,73.89916666666666,278.5156278971484,1191.3064583333335,235.27750415082966
2026-06-22 19:00:00,9,215.9983333333333,67.33916666666667,283.33904727055574,1191.3064583333335,236.36265895963226
2026-06-22 20:00:00,9,177.63833333333332,59.85583333333333,262.76561728780655,1191.3064583333335,230.30197096188076
2026-06-22 21:00:00,9,134.96,52.47333333333333,235.42648456429927,1191.3064583333335,208.16709034590912
2026-06-22 22:00:00,9,130.88750000000002,15.025833333333331,191.42864698433698,122.25401463963958,179.24476179622124
2026-06-22 23:00:00,9,106.77833333333332,9.5975,134.9747315953476,122.25401463963958,143.7062628371579
2026-06-23 00:00:00,9,95.30333333333331,3.3516666666666666,113.25414350300603,122.25401463963958,129.24763020676585
2026-06-23 01:00:00,9,93.94166666666666,-0.0541666666666666,119.56462630200593,116.53741379310345,120.11421848826028
2026-06-23 02:00:00,9,88.41333333333334,-0.245,95.7466772993152,95.52270487264674,108.29709853565124
2026-06-23 03:00:00,9,86.7475,-0.7225,78.78975995871966,95.52270487264674,101.02362664603339
2026-06-23 04:00:00,9,84.46249999999999,-0.5908333333333333,63.17771299048535,95.52270487264674,92.72616943971843
2026-06-23 05:00:00,9,86.81416666666667,-1.8133333333333328,63.76671331220102,95.52270487264674,97.52414192896842
2026-06-23 06:00:00,9,97.33083333333332,-1.2925,82.4409005553782,95.52270487264674,116.52942152086445
2026-06-23 07:00:00,9,154.29083333333332,4.178333333333334,130.237907457448,122.25401463963958,152.57218074649495
2026-06-23 08:00:00,9,212.96916666666667,26.22083333333333,172.76249986283582,194.96066062176163,167.2576113618107
2026-06-23 09:00:00,9,222.8125,7.938333333333333,185.3940549599805,194.96066062176163,158.76425617633282
2026-06-23 10:00:00,9,189.46166666666667,5.433333333333334,156.85562720609357,122.25401463963958,136.5304816012894
2026-06-23 11:00:00,9,158.2125,8.700000000000001,128.48710047037866,122.25401463963958,111.90388886099436
2026-06-23 12:00:00,9,139.07416666666666,18.199166666666667,111.33201555025467,122.25401463963958,105.01246576145175
2026-06-23 13:00:00,9,132.06333333333333,18.973333333333333,115.36429005571101,122.25401463963958,109.78042950011299
2026-06-23 14:00:00,9,151.72166666666666,25.105,119.49657246397012,118.23411363636369,115.49005866896658
2026-06-23 15:00:00,9,147.955,33.12833333333334,139.47417486058868,122.25401463963958,141.51310500241908
2026-06-23 16:00:00,9,140.83166666666668,67.68833333333333,152.1432239180142,122.25401463963958,157.7848629518504
2026-06-23 17:00:00,9,166.6858333333333,66.69416666666667,180.47411811834627,122.25401463963958,188.11386504682605
2026-06-23 18:00:00,9,190.97333333333333,69.01583333333333,212.24275181732548,1191.3064583333335,209.22193749566378
2026-06-23 19:00:00,9,188.43166666666664,73.35166666666667,214.10000764458675,1191.3064583333335,206.8448124039297
2026-06-23 20:00:00,9,179.12750000000003,64.60916666666667,203.3893343880443,1191.3064583333335,197.72010838956993
2026-06-23 21:00:00,9,145.095,54.73083333333333,177.86244693956047,122.25401463963958,175.58859917354954
2026-06-23 22:00:00,9,143.12083333333334,16.3675,144.80984513067554,122.25401463963958,144.81716437885547
2026-06-23 23:00:00,9,130.76000000000002,5.591666666666666,113.72884978688651,122.25401463963958,122.15217215624422
2026-06-24 00:00:00,9,119.54166666666669,1.465833333333333,94.77296773221443,110.87004830917877,111.47389243265505
2026-06-24 01:00:00,9,105.92333333333332,0.7324999999999999,105.7473600755392,95.52270487264674,107.05385788367744
2026-06-24 02:00:00,9,105.02583333333332,0.1091666666666666,88.36451759085037,95.52270487264674,100.07394557678946
2026-06-24 03:00:00,9,110.08,-0.0916666666666666,75.0667357102635,96.5535167464114,96.7671141845928
2026-06-24 04:00:00,9,106.19666666666666,-0.0958333333333333,70.19938070557498,96.5535167464114,98.46034127921773
2026-06-24 05:00:00,9,108.72416666666668,-0.97,66.2916949516609,96.5535167464114,99.35072091185381
2026-06-24 06:00:00,9,107.74,-0.5933333333333334,75.02361402392259,95.52270487264674,109.32381096853504
2026-06-24 07:00:00,9,146.60083333333333,4.878333333333333,114.78746728932038,122.25401463963958,142.5192882482271
2026-06-24 08:00:00,9,165.08166666666668,22.385,141.8654445578485,122.25401463963958,156.93062647633528
2026-06-24 09:00:00,9,174.57916666666665,26.60083333333333,174.66637657698843,1191.3064583333335,161.0530383457889
2026-06-24 10:00:00,9,156.22833333333332,7.225833333333334,176.73874793318714,122.25401463963958,149.40593529804562
2026-06-24 11:00:00,9,161.11666666666667,7.140000000000001,145.22420111842743,122.25401463963958,126.82633577997618
2026-06-24 12:00:00,9,236.00666666666663,16.131666666666668,150.0829710560375,122.25401463963958,132.23055513174899
2026-06-24 13:00:00,9,170.9125,8.018333333333333,161.86769175113483,122.25401463963958,136.0452626794157
2026-06-24 14:00:00,9,152.66333333333333,21.6675,153.2915820359652,122.25401463963958,131.00578640847357
2026-06-24 15:00:00,9,119.54333333333334,28.299166666666665,163.21143221606224,122.25401463963958,137.35873323003676
2026-06-24 16:00:00,9,125.11333333333332,41.415,192.74754337141468,122.25401463963958,163.5646866961406
2026-06-24 17:00:00,9,266.4825,22.69083333333333,230.6695528932723,122.25401463963958,190.7509541907744
2026-06-24 18:00:00,9,301.22583333333336,12.665833333333332,265.8234657515387,1191.3064583333335,216.88626010447186
2026-06-24 19:00:00,9,275.245,21.724166666666665,271.3048742127178,1191.3064583333335,217.22243437206433
2026-06-24 20:00:00,9,201.3,9.98,260.77044869233225,1191.3064583333335,212.3026460787151
2026-06-24 21:00:00,9,170.59166666666667,10.01,250.5122505839191,122.25401463963958,198.37360667008917
2026-06-24 22:00:00,9,160.2975,5.0183333333333335,235.727182881082,122.25401463963958,179.67856494099487
2026-06-24 23:00:00,9,141.57583333333332,-1.8966666666666665,200.16420388983968,122.25401463963958,152.12764417950658
2026-06-25 00:00:00,9,125.07833333333332,-2.115,184.9442162214715,122.25401463963958,145.8008957737538
2026-06-25 01:00:00,9,122.9925,-2.8683333333333336,194.9686376176654,116.53741379310345,141.72307310741036
2026-06-25 02:00:00,9,131.42583333333332,-2.8625000000000003,180.67286141012872,96.5535167464114,135.77193506532342
2026-06-25 03:00:00,9,133.36666666666667,-2.28,167.93526286600456,96.5535167464114,128.42129228610042
2026-06-25 04:00:00,9,127.13,-2.5625,163.7647999058703,96.5535167464114,128.6230578784501
2026-06-25 05:00:00,9,142.32,-2.68,163.59303423228283,96.5535167464114,133.42014004032535
2026-06-25 06:00:00,9,153.56333333333333,-2.5483333333333333,183.39353030430976,116.53741379310345,151.59501257711167
2026-06-25 07:00:00,9,178.1875,-0.3125,236.1564079788919,193.53537815126046,191.36378174097177
2026-06-25 08:00:00,9,211.20166666666668,1.9025,285.55612092682605,1191.3064583333335,224.8273358739884
2026-06-25 09:00:00,9,183.205,4.5575,275.21818281961157,1191.3064583333335,208.63000306029713
2026-06-25 10:00:00,9,182.48916666666665,8.15,240.8529436529826,122.25401463963958,172.70519801971915
2026-06-25 11:00:00,9,147.30416666666667,12.540833333333332,219.37110027000827,122.25401463963958,144.97954607697682
2026-06-25 12:00:00,9,150.36166666666665,9.475833333333332,199.78642163830256,122.25401463963958,136.91403021751978
2026-06-25 13:00:00,9,129.70000000000002,8.024166666666668,180.95828634590129,122.25401463963958,136.34365652027782
2026-06-25 14:00:00,9,121.34,5.273333333333333,157.9803662212143,94.2937878787879,124.67078282378594
2026-06-25 15:00:00,9,113.65583333333332,9.8475,144.59322271492331,94.2937878787879,126.62740015640973
2026-06-25 16:00:00,9,138.27583333333334,-0.9225,160.54633434064147,94.2937878787879,150.53782435580865
2026-06-25 17:00:00,9,194.71916666666667,3.4141666666666666,206.11749807404937,140.17815217391313,187.75168496332202
2026-06-25 18:00:00,9,198.7633333333333,12.871666666666668,241.54857553011126,1191.3064583333335,213.46771399912694
2026-06-25 19:00:00,9,171.4425,9.5125,236.32250663113737,1191.3064583333335,203.6865182094774
2026-06-25 20:00:00,9,156.52666666666667,10.3825,239.20892740516814,1191.3064583333335,198.45595303798052
2026-06-25 21:00:00,9,158.3725,9.815833333333334,234.1836052028592,1191.3064583333335,189.88657168665134
2026-06-25 22:00:00,9,129.1475,5.646666666666667,222.27369769683088,140.17815217391313,172.21735676119266
2026-06-25 23:00:00,9,124.2175,-0.6008333333333332,191.3453861198541,140.17815217391313,145.66482042758236
2026-06-26 00:00:00,9,112.44166666666666,-2.0475,186.24733237995122,140.17815217391313,136.58561773537082
2026-06-26 01:00:00,9,110.02916666666664,-1.6825,179.5640734500692,137.10783854166655,129.94106930062145
2026-06-26 02:00:00,9,113.09583333333336,-0.6091666666666666,151.0395610526879,137.10783854166655,121.99901512902727
2026-06-26 03:00:00,9,112.6675,-2.1416666666666666,133.9714011016489,137.10783854166655,114.91899718777447
2026-06-26 04:00:00,9,105.91416666666667,-2.9566666666666666,121.64645821373273,115.69015357502515,112.87644002866551
2026-06-26 05:00:00,9,110.98083333333334,-2.9725,115.4210804131528,137.10783854166655,115.99660997539704
2026-06-26 06:00:00,9,121.0425,-2.279166666666667,125.30707549302184,137.10783854166655,131.44939957347816
2026-06-26 07:00:00,9,149.18083333333334,1.57,159.56852106028668,140.17815217391313,160.88103253039156
2026-06-26 08:00:00,9,176.4983333333333,22.549166666666665,217.75400251686042,140.17815217391313,191.20340982394157
2026-06-26 09:00:00,9,178.4425,12.321666666666667,222.28002993166783,1191.3064583333335,186.6888823835647
2026-06-26 10:00:00,9,179.06583333333333,1.8083333333333336,209.55461942759626,1191.3064583333335,162.53560056530267
2026-06-26 11:00:00,9,180.7658333333333,1.2425,185.64343036144066,140.17815217391313,140.4062749493608
2026-06-26 12:00:00,9,162.91166666666666,7.649166666666667,167.8140254413887,140.17815217391313,132.68431496840327
2026-06-26 13:00:00,9,115.87416666666668,14.038333333333334,131.89038861133872,94.2937878787879,111.32448006374995
2026-06-26 14:00:00,9,97.60666666666668,36.48666666666667,118.27570946429071,94.2937878787879,103.01874340847857
2026-06-26 15:00:00,9,74.83416666666666,53.0925,124.17348290444458,94.2937878787879,110.36577177038598
2026-06-26 16:00:00,9,104.61166666666668,54.98166666666666,145.57879326318795,94.2937878787879,134.30918236886293
2026-06-26 17:00:00,9,173.16583333333332,75.9575,163.8141916436787,140.17815217391313,167.78487746962787
2026-06-26 18:00:00,9,182.1425,75.39166666666667,173.03035353543063,1191.3064583333335,174.24306213698037
2026-06-26 19:00:00,9,177.83666666666667,72.09083333333334,187.8036593906578,1191.3064583333335,171.8058890139465
2026-06-26 20:00:00,9,175.0225,68.8175,190.18408370528272,1191.3064583333335,173.9721915344595
2026-06-26 21:00:00,9,187.2783333333333,60.78,192.93643881824727,140.17815217391313,171.3447358360835
2026-06-26 22:00:00,9,198.7675,65.56,190.30448347754458,140.17815217391313,169.2725187293533
2026-06-26 23:00:00,9,170.8658333333333,63.836666666666666,170.86594497323034,140.17815217391313,152.8639225555356
2026-06-27 00:00:00,9,158.58583333333334,60.04583333333333,149.46356541693095,140.17815217391313,139.63270590848893
2026-06-27 01:00:00,9,135.25666666666666,59.20666666666667,153.27433849166962,137.10783854166655,126.53410225812283
2026-06-27 02:00:00,9,120.21416666666666,54.751666666666665,136.93953094979773,137.10783854166655,115.1394129776354
2026-06-27 03:00:00,9,115.45916666666666,50.01916666666667,123.86495413742671,137.10783854166655,107.00600302376252
2026-06-27 04:00:00,9,114.3675,49.19166666666666,118.83143558958542,115.69015357502515,102.70665509379619
2026-06-27 05:00:00,9,122.20083333333334,50.275,122.2656986749738,115.69015357502515,106.84738164235478
2026-06-27 06:00:00,9,125.80583333333334,51.2425,126.99965962631616,137.10783854166655,113.42627088597814
2026-06-27 07:00:00,9,118.3025,55.36333333333334,141.0999803030963,137.10783854166655,128.88487533229727
2026-06-27 08:00:00,9,141.55166666666665,58.90083333333334,149.18096637461986,140.17815217391313,149.80956500511445
2026-06-27 09:00:00,9,144.52166666666668,81.635,178.6731798303714,140.17815217391313,151.61278997235848
2026-06-27 10:00:00,9,110.88833333333334,86.63333333333333,184.4584359458929,140.17815217391313,134.73100515801383
2026-06-27 11:00:00,9,107.08416666666666,65.84083333333332,165.4111503324706,140.17815217391313,110.1517015388965
2026-06-27 12:00:00,9,102.71333333333332,55.90166666666666,135.70807017649017,120.05959999999996,101.77834485494142
2026-06-27 13:00:00,9,89.5575,55.55916666666667,101.76890434347449,76.5959666666667,81.3876966925219
2026-06-27 14:00:00,9,87.5175,42.59916666666667,84.96847835466056,56.462441666666656,75.14442581535674
2026-06-27 15:00:00,9,91.24583333333334,40.72416666666667,91.92259847324289,56.462441666666656,78.82729736704206
2026-06-27 16:00:00,9,102.61583333333331,63.63916666666666,117.18248125005138,137.10783854166655,110.23099081110236
2026-06-27 17:00:00,9,116.1175,77.89833333333333,158.94545919191734,140.17815217391313,163.5815349394928
2026-06-27 18:00:00,9,116.7875,87.27916666666665,197.3920949049519,140.17815217391313,189.1465641456794
2026-06-27 19:00:00,9,103.9775,83.0325,206.6045921316125,140.17815217391313,187.25282787439238
2026-06-27 20:00:00,9,94.57333333333334,81.92166666666667,212.96995543550437,140.17815217391313,183.0790196435631
2026-06-27 21:00:00,9,82.62583333333333,87.70916666666666,217.22648800119887,255.79067499999985,179.9026456639502
2026-06-27 22:00:00,9,72.74333333333333,82.78,217.9079361738669,179.8503626943006,168.5498535435224
2026-06-27 23:00:00,9,72.04083333333334,81.505,208.17101565855413,179.8503626943006,152.47933686229464
2026-06-28 00:00:00,9,71.78833333333334,80.97500000000001,195.512388830589,179.8503626943006,139.67298389938225
2026-06-28 01:00:00,9,75.23333333333333,81.71583333333334,202.3189852920682,137.10783854166655,125.84553547548305
2026-06-28 02:00:00,9,77.20166666666667,71.79083333333334,177.56684059157863,137.10783854166655,118.30576136585606
2026-06-28 03:00:00,9,75.33333333333333,70.5675,152.17906769495312,137.10783854166655,110.11730074320684
2026-06-28 04:00:00,9,73.04583333333333,68.4675,135.07815980560753,115.69015357502515,105.43076159585868
2026-06-28 05:00:00,9,70.55083333333333,71.58083333333333,126.40152357730632,115.69015357502515,105.82349664729891
2026-06-28 06:00:00,9,74.64,72.05166666666666,121.7932375138363,115.69015357502515,109.08809714686416
2026-06-28 07:00:00,9,79.05833333333334,81.35916666666667,130.57676565937487,137.10783854166655,119.63789926411289
2026-06-28 08:00:00,9,86.23333333333333,88.18416666666667,161.7545765962323,179.8503626943006,144.03799911813218
2026-06-28 09:00:00,9,82.4725,72.17833333333333,182.1720335126294,179.8503626943006,144.88670256616837
2026-06-28 10:00:00,9,71.12083333333334,66.8025,166.8992060962736,179.8503626943006,115.75693781159595
2026-06-28 11:00:00,9,64.95916666666666,60.415,132.71678063597153,120.05959999999996,87.27951514511072
2026-06-28 12:00:00,9,60.05916666666667,58.711666666666666,98.89388965128512,56.462441666666656,67.3926858668487
2026-06-28 13:00:00,9,58.0725,50.68416666666667,76.47239446974947,40.938753443526146,57.16733332182634
2026-06-28 14:00:00,9,56.425,55.27,68.84484909479333,40.938753443526146,58.62327217011367
2026-06-28 15:00:00,9,62.91583333333333,66.01833333333333,71.73177248146396,40.938753443526146,71.3796298604257
2026-06-28 16:00:00,9,78.93583333333333,67.39833333333333,104.87072636078457,76.5959666666667,112.01669485009207
2026-06-28 17:00:00,9,105.96333333333332,106.33,157.74432433380488,179.8503626943006,153.72998490887338
2026-06-28 18:00:00,9,104.21833333333332,124.5075,197.95130120027406,255.79067499999985,177.10650658306997
2026-06-28 19:00:00,9,84.42916666666666,125.1875,208.03565381676242,255.79067499999985,173.48140216649244
2026-06-28 20:00:00,9,78.08833333333332,132.46416666666667,197.9978047827625,255.79067499999985,161.46997511426306
2026-06-28 21:00:00,9,76.06416666666667,125.90583333333332,187.72600582131145,179.8503626943006,150.29021735753128
2026-06-28 22:00:00,9,68.66250000000001,109.65416666666664,167.68410768626973,179.8503626943006,132.62447686558403
2026-06-28 23:00:00,9,55.93333333333334,102.98083333333334,135.7841985989163,137.10783854166655,111.19179110017873
2026-06-29 00:00:00,9,12.408333333333331,113.16916666666668,116.44591361398545,112.34791032148902,98.37708702596801
2026-06-29 01:00:00,9,11.835,96.80416666666667,110.66447670812163,73.16419342507645,92.14451911730121
2026-06-29 02:00:00,9,11.2025,90.02749999999999,86.77541554859127,73.16419342507645,75.29747296734588
2026-06-29 03:00:00,9,8.111666666666666,97.0125,65.82218144422589,73.16419342507645,65.27951934716278
2026-06-29 04:00:00,9,7.327500000000001,98.97416666666668,46.5649098538903,35.014603413654626,54.41108606598749
2026-06-29 05:00:00,9,8.751666666666667,98.3025,39.977440592077244,73.16419342507645,50.94160403797012
2026-06-29 06:00:00,9,15.205,104.52583333333332,47.09551278548934,50.732164991624806,53.66691662935263
2026-06-29 07:00:00,9,63.51666666666667,160.6525,78.9009640507191,91.6290596330275,69.65953478380015
2026-06-29 08:00:00,9,81.11749999999999,220.85416666666663,126.0007736180186,81.30693310657591,100.91191136051229
2026-06-29 09:00:00,9,97.63583333333334,276.31083333333333,136.40062242515017,81.30693310657591,91.56600499780512
2026-06-29 10:00:00,9,116.45583333333332,252.44000000000003,134.53464373776356,81.30693310657591,86.07181354000072
2026-06-29 11:00:00,9,133.17416666666665,252.0675,145.20260590598568,81.30693310657591,90.30810854838008
2026-06-29 12:00:00,9,110.6725,246.155,129.6166852764161,74.97130733944954,73.82076710806727
2026-06-29 13:00:00,9,111.03000000000002,259.89416666666665,112.31984619538264,74.97130733944954,69.47822992905321
2026-06-29 14:00:00,9,114.3975,221.185,96.53716446554651,74.97130733944954,61.034982916486676
2026-06-29 15:00:00,9,126.62333333333332,231.84583333333333,83.395186210175,42.66627560521416,58.52781709443204
2026-06-29 16:00:00,9,137.25583333333333,287.08666666666664,98.27241011859635,74.97130733944954,80.89830937962323
2026-06-29 17:00:00,9,174.20583333333332,246.6383333333333,114.22822307669762,74.97130733944954,97.65616947985116
2026-06-29 18:00:00,9,171.235,254.1808333333333,134.1886717311703,194.96066062176163,112.51271935527548
2026-06-29 19:00:00,9,120.32083333333333,215.9983333333333,127.82875713495235,194.96066062176163,104.46978371434878
2026-06-29 20:00:00,9,90.09583333333336,177.63833333333332,116.8096989152049,74.97130733944954,95.05112773541028
2026-06-29 21:00:00,9,77.87583333333333,134.96,89.45891772879588,74.97130733944954,69.90160672861683
2026-06-29 22:00:00,9,68.45083333333334,130.88750000000002,63.328172357687414,42.66627560521416,61.703919379134156
2026-06-29 23:00:00,9,71.87416666666667,106.77833333333332,39.354153159394365,51.37699252136751,49.3970574769712
2026-06-30 00:00:00,9,75.29166666666667,95.30333333333331,20.721629333711384,51.37699252136751,41.57266315424342
2026-06-30 01:00:00,9,98.995,93.94166666666666,42.975746894011124,51.37699252136751,45.82740752984857
2026-06-30 02:00:00,9,98.5975,88.41333333333334,28.42356099763441,47.876602564102555,40.48736615066177
2026-06-30 03:00:00,9,96.46,86.7475,5.940471144037474,51.37699252136751,24.932079553391034
2026-06-30 04:00:00,9,100.59083333333332,84.46249999999999,-10.352776014120238,6.220030303030305,14.493487413470191
2026-06-30 05:00:00,9,104.66,86.81416666666667,-16.64124997766389,51.37699252136751,12.509052762364185
2026-06-30 06:00:00,9,109.3025,97.33083333333332,-5.056479835444463,6.840132398753895,20.79068557169819
2026-06-30 07:00:00,9,112.38833333333334,154.29083333333332,28.064166226876942,51.37699252136751,40.94851512184563
2026-06-30 08:00:00,9,133.64916666666667,212.96916666666667,59.375633293197595,42.66627560521416,57.57356697127503
2026-06-30 09:00:00,9,155.39083333333335,222.8125,57.35901861765528,74.97130733944954,57.45606619550725
2026-06-30 10:00:00,9,181.05,189.46166666666667,60.48808095412938,74.97130733944954,59.755615323008804
2026-06-30 11:00:00,9,167.28916666666666,158.2125,64.22342377731285,74.97130733944954,62.05932750322299
2026-06-30 12:00:00,9,215.81583333333333,139.07416666666666,78.20934452769606,194.96066062176163,71.58577980918517
2026-06-30 13:00:00,9,213.4883333333333,132.06333333333333,80.45323602472392,74.97130733944954,74.79932843541008
2026-06-30 14:00:00,9,185.1891666666667,151.72166666666666,90.39414105848746,74.97130733944954,80.78828064624345
2026-06-30 15:00:00,9,157.71666666666667,147.955,96.61699939815789,74.97130733944954,92.01041038726703
2026-06-30 16:00:00,9,150.85333333333332,140.83166666666668,116.67720878036195,147.0299591503268,108.02839718703987
2026-06-30 17:00:00,9,136.0425,166.6858333333333,145.97560360539546,147.0299591503268,149.81993727447383
2026-06-30 18:00:00,9,129.50833333333333,190.97333333333333,178.92683583178427,194.96066062176163,184.26354854783915
2026-06-30 19:00:00,9,100.08833333333332,188.43166666666664,186.71386446564233,194.96066062176163,188.5422226952869
2026-06-30 20:00:00,9,94.25916666666666,179.12750000000003,180.30409294127094,255.79067499999985,189.80375090372527
2026-06-30 21:00:00,9,84.045,145.095,144.62248564602575,255.79067499999985,142.8282911903006
2026-06-30 22:00:00,9,65.38916666666667,143.12083333333334,99.02187175334258,147.0299591503268,100.97138826234254
2026-06-30 23:00:00,9,49.18083333333333,130.76000000000002,67.54566398722599,147.0299591503268,74.34533672934484
2026-07-01 00:00:00,9,17.1275,119.54166666666669,48.876454283906455,74.61016460905354,61.239342466959606
2026-07-01 01:00:00,9,12.980833333333337,105.92333333333332,63.161655239206596,58.71101652298856,68.16239805855942
2026-07-01 02:00:00,9,10.696666666666667,105.02583333333332,44.55559810348197,47.876602564102555,58.37299769294853
2026-07-01 03:00:00,9,10.904166666666669,110.08,30.558333480304924,47.876602564102555,51.84299112699822
2026-07-01 04:00:00,9,2.5375,106.19666666666666,17.03929763429553,22.107531250000008,45.856260543001866
2026-07-01 05:00:00,9,-0.0083333333333333,108.72416666666668,11.83652161682403,47.876602564102555,42.02003718844928
2026-07-01 06:00:00,9,2.544166666666667,107.74,12.428599161254397,47.876602564102555,39.25151151153828
2026-07-01 07:00:00,9,12.65,146.60083333333333,33.95868815025537,51.37699252136751,48.08520680215359
2026-07-01 08:00:00,9,29.416666666666668,165.08166666666668,78.68949175198313,147.0299591503268,73.26866930849239
2026-07-01 09:00:00,9,16.981666666666666,174.57916666666665,91.16658418642271,74.97130733944954,63.45860404841526
2026-07-01 10:00:00,9,9.998333333333331,156.22833333333332,64.21130989579775,42.66627560521416,40.55254871787612
2026-07-01 11:00:00,9,9.175833333333332,161.11666666666667,30.207239276133222,12.045567061143986,19.89466494145001
2026-07-01 12:00:00,9,9.743333333333334,236.00666666666663,17.856569280543667,25.646064425770305,12.294421182664166
2026-07-01 13:00:00,9,14.79,170.9125,7.911425670596351,25.646064425770305,8.565236420191297
2026-07-01 14:00:00,9,10.645833333333334,152.66333333333333,46.07081638422502,42.66627560521416,34.9298876578997
2026-07-01 15:00:00,9,9.711666666666666,119.54333333333334,60.54372649138097,42.66627560521416,50.8902067115588
2026-07-01 16:00:00,9,7.75,125.11333333333332,56.46967678193731,42.66627560521416,54.94124823991241
2026-07-01 17:00:00,9,28.741666666666664,266.4825,58.07643633704358,74.97130733944954,75.34756954514113
2026-07-01 18:00:00,9,52.16333333333333,301.22583333333336,60.003586852469276,74.97130733944954,94.65255589960549
2026-07-01 19:00:00,9,54.12833333333333,275.245,62.399081194617466,74.97130733944954,85.80391233101976
2026-07-01 20:00:00,9,68.60416666666667,201.3,92.30254217389688,74.97130733944954,87.5056795346264
2026-07-01 21:00:00,9,5.560833333333334,170.59166666666667,80.86242391512381,74.97130733944954,72.38124287165707
2026-07-01 22:00:00,9,0.375,160.2975,47.74621928421418,42.66627560521416,39.05100324042664
2026-07-01 23:00:00,9,-0.3241666666666666,141.57583333333332,-7.508605292023688,12.045567061143986,14.848981957845574
2026-07-02 00:00:00,9,-1.575,125.07833333333332,9.077441443959415,12.045567061143986,12.67491708631146
2026-07-02 01:00:00,9,-2.7783333333333338,122.9925,27.607472326474664,12.045567061143986,14.923803713020604
2026-07-02 02:00:00,9,-6.554166666666666,131.42583333333332,-2.426286560558367,6.840132398753895,-1.6416865161730954
2026-07-02 03:00:00,9,-6.671666666666667,133.36666666666667,-21.014006850133157,6.840132398753895,-8.297042154785316
2026-07-02 04:00:00,9,-6.758333333333333,127.13,-38.362443633535065,-3.1692059748427677,-10.608911472263458
2026-07-02 05:00:00,9,-7.9075,142.32,-48.95851633366313,-3.1692059748427677,-8.336272982357244
2026-07-02 06:00:00,9,-6.7875000000000005,153.56333333333333,-33.133577978083466,6.840132398753895,-2.1313582059032115
2026-07-02 07:00:00,9,-5.938333333333333,178.1875,-7.753896646380539,12.045567061143986,18.48705888814093
2026-07-02 08:00:00,9,-2.35,211.20166666666668,17.252087469760646,42.66627560521416,43.179574534050715
2026-07-02 09:00:00,9,18.745833333333334,183.205,22.95404258393833,74.97130733944954,57.45954186490985
2026-07-02 10:00:00,9,3.7825,182.48916666666665,31.974367662379557,74.97130733944954,58.04976132686222
2026-07-02 11:00:00,9,-0.9499999999999998,147.30416666666667,24.485708562569357,74.97130733944954,57.82789896417469
2026-07-02 12:00:00,9,2.155,150.36166666666665,50.55932400387887,74.97130733944954,58.29860937587661
2026-07-02 13:00:00,9,26.2775,129.70000000000002,57.13446238708636,74.97130733944954,63.92629662982937
2026-07-02 14:00:00,9,0.8833333333333332,121.34,59.26246083517261,74.97130733944954,68.64618396220482
2026-07-02 15:00:00,9,-5.604166666666667,113.65583333333332,70.21844602237911,74.97130733944954,64.70070099856194
2026-07-02 16:00:00,9,20.58333333333333,138.27583333333334,76.94294616266573,74.97130733944954,76.52965084622579
2026-07-02 17:00:00,9,65.97166666666666,194.71916666666667,100.48562922555001,194.96066062176163,101.84663405343
2026-07-02 18:00:00,9,52.5375,198.7633333333333,127.76498647050423,194.96066062176163,117.17177981510403
2026-07-02 19:00:00,9,31.14333333333333,171.4425,126.67303817406042,194.96066062176163,108.36291240673944
2026-07-02 20:00:00,9,14.508333333333333,156.52666666666667,131.67721954638148,194.96066062176163,103.76641951800543
2026-07-02 21:00:00,9,6.8075,158.3725,113.8686162139804,74.97130733944954,83.53232494741572
2026-07-02 22:00:00,9,3.7433333333333336,129.1475,83.35648935761353,74.97130733944954,54.837279398121716
2026-07-02 23:00:00,9,0.5916666666666667,124.2175,55.82090079667708,42.66627560521416,34.76695913402634
2026-07-03 00:00:00,9,-1.15,112.44166666666666,34.611227602080405,42.66627560521416,22.533908744836843
2026-07-03 01:00:00,9,-3.1441666666666666,110.02916666666664,40.40011969570844,12.045567061143986,19.795742085479503
2026-07-03 02:00:00,9,-5.3308333333333335,113.09583333333336,18.37324531268151,12.045567061143986,8.025823674370066
2026-07-03 03:00:00,9,-6.808333333333334,112.6675,0.12702710599273814,6.840132398753895,0.4058610647198435
2026-07-03 04:00:00,9,-6.953333333333333,105.91416666666667,-13.776919794024266,6.840132398753895,-3.452346943101901
2026-07-03 05:00:00,9,-6.9816666666666665,110.98083333333334,-16.571379129616275,6.840132398753895,-1.6890391054972866
2026-07-03 06:00:00,9,-5.526666666666666,121.0425,0.7989016119646521,12.045567061143986,10.23925017759936
2026-07-03 07:00:00,9,-1.3,149.18083333333334,43.016133699861456,42.66627560521416,36.30899252746855
2026-07-03 08:00:00,9,40.211666666666666,176.4983333333333,82.36784995398322,74.97130733944954,59.950053399474015
2026-07-03 09:00:00,9,35.44916666666666,178.4425,105.17092532773876,194.96066062176163,71.20416310320601
2026-07-03 10:00:00,9,0.2916666666666665,179.06583333333333,87.13261057973648,74.97130733944954,53.7895288920364
2026-07-03 11:00:00,9,3.9475,180.7658333333333,62.13738298958813,74.97130733944954,49.37751245208248
2026-07-03 12:00:00,9,15.806666666666668,162.91166666666666,74.74789087502927,74.97130733944954,63.65338980402124
2026-07-03 13:00:00,9,5.9,115.87416666666668,74.2877633842485,74.97130733944954,69.57090901496115
2026-07-03 14:00:00,9,-0.1466666666666666,97.60666666666668,82.04343644197365,42.66627560521416,58.54002846945218
2026-07-03 15:00:00,9,-0.5733333333333333,74.83416666666666,75.9847766730935,42.66627560521416,59.039681291852645
2026-07-03 16:00:00,9,7.826666666666667,104.61166666666668,95.32831534242366,42.66627560521416,72.04485789902087
2026-07-03 17:00:00,9,55.82833333333334,173.16583333333332,140.98561323536885,81.30693310657591,118.98940336741072
2026-07-03 18:00:00,9,69.13666666666667,182.1425,176.49220374797915,194.96066062176163,150.03311010974238
2026-07-03 19:00:00,9,71.71416666666666,177.83666666666667,181.4423351810888,194.96066062176163,148.20619628482902
2026-07-03 20:00:00,9,73.77083333333333,175.0225,164.51007116634406,81.30693310657591,125.25400378679396
2026-07-03 21:00:00,9,75.58833333333334,187.2783333333333,159.54551373672098,81.30693310657591,123.90275405243912
2026-07-03 22:00:00,9,75.85333333333334,198.7675,149.14206728868317,81.30693310657591,113.56467632637168
2026-07-03 23:00:00,9,56.06666666666666,170.8658333333333,119.18828691322622,118.23411363636369,92.49038232422902
2026-07-04 00:00:00,9,59.73666666666667,158.58583333333334,113.70871389167047,118.23411363636369,90.82899373918848
2026-07-04 01:00:00,9,54.89000000000001,135.25666666666666,125.07357574100395,74.61016460905354,93.34860132348516
2026-07-04 02:00:00,9,47.310833333333335,120.21416666666666,100.63894643946554,58.71101652298856,79.40162075205195
2026-07-04 03:00:00,9,52.79916666666667,115.45916666666666,80.38814484049665,47.876602564102555,68.99256560443223
2026-07-04 04:00:00,9,48.75333333333333,114.3675,67.66578958038905,47.876602564102555,63.06201046727488
2026-07-04 05:00:00,9,50.41333333333333,122.20083333333334,64.68047773060982,47.876602564102555,63.59028639611548
2026-07-04 06:00:00,9,56.58166666666667,125.80583333333334,68.07672546797683,47.876602564102555,70.52493973481172
2026-07-04 07:00:00,9,69.605,118.3025,86.13303823619505,58.71101652298856,87.68190057208577
2026-07-04 08:00:00,9,60.00666666666667,141.55166666666665,100.33145324144786,118.23411363636369,96.53030233438815
2026-07-04 09:00:00,9,52.903333333333336,144.52166666666668,124.74990677319663,118.23411363636369,95.84195666047343
2026-07-04 10:00:00,9,44.0125,110.88833333333334,102.13032622564361,81.30693310657591,54.39791475257932
2026-07-04 11:00:00,9,36.9225,107.08416666666666,89.49172062415141,74.61016460905354,43.17404677411045
2026-07-04 12:00:00,9,39.93666666666667,102.71333333333332,92.837449007533,74.61016460905354,52.917785874944165
2026-07-04 13:00:00,9,39.299166666666665,89.5575,81.26473633702375,58.71101652298856,44.949366509511954
2026-07-04 14:00:00,9,21.839166666666667,87.5175,78.32918575285157,58.71101652298856,54.194530603903075
2026-07-04 15:00:00,9,9.754166666666666,91.24583333333334,79.4423770787473,58.71101652298856,52.33032687017642
2026-07-04 16:00:00,9,62.80166666666667,102.61583333333331,108.05266780399931,74.61016460905354,80.56716465883288
2026-07-04 17:00:00,9,94.72583333333334,116.1175,149.0725225660776,118.23411363636369,125.76524396616273
2026-07-04 18:00:00,9,98.18333333333334,116.7875,187.59820781731554,255.79067499999985,160.31374865527198
2026-07-04 19:00:00,9,98.36666666666667,103.9775,197.3510937519008,255.79067499999985,169.18919232208867
2026-07-04 20:00:00,9,100.8825,94.57333333333334,189.72230060650423,255.79067499999985,160.81378718403164
2026-07-04 21:00:00,9,97.93083333333334,82.62583333333333,177.77501060423046,255.79067499999985,140.42648293718418
2026-07-04 22:00:00,9,100.55416666666667,72.74333333333333,157.1442065209908,179.8503626943006,118.93065928403598
2026-07-04 23:00:00,9,98.85916666666668,72.04083333333334,139.01099122470217,179.8503626943006,106.34340705330436
2026-07-05 00:00:00,9,92.38416666666666,71.78833333333334,133.63511629806325,179.8503626943006,106.88964901381834
2026-07-05 01:00:00,9,89.16333333333334,75.23333333333333,147.76348841129342,95.52270487264674,104.46099714659805
2026-07-05 02:00:00,9,79.81583333333333,77.20166666666667,120.37860349648668,95.52270487264674,88.65275406393962
2026-07-05 03:00:00,9,71.30749999999999,75.33333333333333,101.64309065631699,95.52270487264674,79.94094576394548
2026-07-05 04:00:00,9,68.2075,73.04583333333333,90.50079854980827,95.52270487264674,77.97697712408565
2026-07-05 05:00:00,9,63.36833333333333,70.55083333333333,86.11375564014493,95.52270487264674,78.61469829681243
2026-07-05 06:00:00,9,58.56333333333333,74.64,82.14668941274891,95.52270487264674,77.47166842386783
2026-07-05 07:00:00,9,70.015,79.05833333333334,93.25760495452107,95.52270487264674,86.83778000788821
2026-07-05 08:00:00,9,79.30333333333333,86.23333333333333,126.428694431959,137.10783854166655,113.71017051941712
2026-07-05 09:00:00,9,55.54750000000001,82.4725,138.56076369888711,140.17815217391313,105.68309698424085
2026-07-05 10:00:00,9,39.55416666666667,71.12083333333334,135.3728677732392,140.17815217391313,79.72983710559484
2026-07-05 11:00:00,9,29.290000000000003,64.95916666666666,106.36550070418582,74.61016460905354,49.48767083981009
2026-07-05 12:00:00,9,15.749166666666667,60.05916666666667,85.91041111198092,58.71101652298856,35.01861442418084
2026-07-05 13:00:00,9,2.9791666666666665,58.0725,66.05613520142266,30.20409399224807,25.783839312554626
2026-07-05 14:00:00,9,8.405833333333334,56.425,69.17115939821313,68.13824380165292,28.250618916581885
2026-07-05 15:00:00,9,9.683333333333334,62.91583333333333,83.51961730338223,46.74853174603172,39.40851402249862
2026-07-05 16:00:00,9,23.24416666666667,78.93583333333333,114.10389719350445,120.05959999999996,79.21659569186693
2026-07-05 17:00:00,9,77.615,105.96333333333332,159.47564374336577,110.87004830917877,117.26344614362407
2026-07-05 18:00:00,9,99.25583333333331,104.21833333333332,200.91194896906876,193.53537815126046,144.2158252219321
2026-07-05 19:00:00,9,102.47666666666667,84.42916666666666,216.65055126066792,194.96066062176163,148.78601076935723
2026-07-05 20:00:00,9,93.36833333333334,78.08833333333332,226.79609393610627,193.53537815126046,154.20275975045746
2026-07-05 21:00:00,9,84.23916666666666,76.06416666666667,220.67095203095622,193.53537815126046,150.1976091773369
2026-07-05 22:00:00,9,77.87416666666667,68.66250000000001,207.89532355012653,140.17815217391313,142.7240188339523
2026-07-05 23:00:00,9,72.49666666666667,55.93333333333334,193.50186708710285,140.17815217391313,132.2963825964348
2026-07-06 00:00:00,9,71.91583333333334,12.408333333333331,194.56671501844554,140.17815217391313,130.15622288147264
2026-07-06 01:00:00,9,73.40583333333333,11.835,198.07415188964399,137.10783854166655,171.19385622721165
2026-07-06 02:00:00,9,66.36083333333333,11.2025,181.49153015183202,137.10783854166655,163.00396303892813
2026-07-06 03:00:00,9,63.583333333333336,8.111666666666666,168.11209688390858,137.10783854166655,157.83670716853015
2026-07-06 04:00:00,9,66.37666666666667,7.327500000000001,159.9712300988681,137.10783854166655,158.11101333199633
2026-07-06 05:00:00,9,58.7275,8.751666666666667,159.01471138247257,137.10783854166655,164.2850008367773
2026-07-06 06:00:00,9,79.1925,15.205,176.45261083383392,137.10783854166655,183.81097003870275
2026-07-06 07:00:00,9,95.48833333333332,63.51666666666667,241.20842091113096,193.53537815126046,227.1896224443399
2026-07-06 08:00:00,9,105.19416666666666,81.11749999999999,311.63302189865675,1191.3064583333335,259.1556640730552
2026-07-06 09:00:00,9,100.43916666666668,97.63583333333334,349.62745901659025,1191.3064583333335,256.47076909597206
2026-07-06 10:00:00,9,80.70583333333333,116.45583333333332,318.3467978640033,1191.3064583333335,222.4698299704045
2026-07-06 11:00:00,9,62.80416666666667,133.17416666666665,278.7275329511292,193.53537815126046,177.02050057268335
2026-07-06 12:00:00,9,51.119166666666665,110.6725,246.15467164417996,144.70395491803282,150.46200366767977
2026-07-06 13:00:00,9,49.89166666666667,111.03000000000002,220.13174511661978,94.2937878787879,133.44754203874396
2026-07-06 14:00:00,9,55.859166666666674,114.3975,191.7706840104484,94.2937878787879,129.60132855109336
2026-07-06 15:00:00,9,50.78833333333333,126.62333333333332,189.68890627511,94.2937878787879,136.837689446552
2026-07-06 16:00:00,9,69.47666666666667,137.25583333333333,228.60602372818815,144.70395491803282,175.77569873110178
2026-07-06 17:00:00,9,106.94333333333331,174.20583333333332,252.02301018453593,193.53537815126046,233.310604000024
2026-07-06 18:00:00,9,117.77833333333332,171.235,307.70044564237674,194.96066062176163,274.08615426201663
2026-07-06 19:00:00,9,116.97416666666668,120.32083333333333,314.0001304085264,1191.3064583333335,274.94867882329504
2026-07-06 20:00:00,9,112.19,90.09583333333336,297.091914496943,1191.3064583333335,269.3467864438174
2026-07-06 21:00:00,9,106.55083333333334,77.87583333333333,277.7275442003006,1191.3064583333335,259.60049533216073
2026-07-06 22:00:00,9,101.58833333333332,68.45083333333334,255.10184047534094,1191.3064583333335,238.85546511932998
2026-07-06 23:00:00,9,92.2325,71.87416666666667,211.12194426371192,140.17815217391313,204.60639394719854
2026-07-07 00:00:00,9,94.6475,75.29166666666667,189.58189991616229,140.17815217391313,187.48572348682873
2026-07-07 01:00:00,9,97.02833333333332,98.995,207.02098483449646,140.17815217391313,182.5351854900057
2026-07-07 02:00:00,9,89.22250000000001,98.5975,189.74688793447075,137.10783854166655,174.0432397342646
2026-07-07 03:00:00,9,85.84666666666668,96.46,174.078988966923,137.10783854166655,167.36855267134183
2026-07-07 04:00:00,9,84.27583333333332,100.59083333333332,164.1154915071831,137.10783854166655,166.18854109455097
2026-07-07 05:00:00,9,88.77,104.66,161.95600767065088,137.10783854166655,170.06157975585614
2026-07-07 06:00:00,9,101.67333333333332,109.3025,183.12563224040574,140.17815217391313,190.34883503822658
2026-07-07 07:00:00,9,119.06666666666666,112.38833333333334,245.2695080598376,193.53537815126046,230.94213597488286
2026-07-07 08:00:00,9,132.09333333333333,133.64916666666667,305.5966948623609,1191.3064583333335,255.4740692192459
2026-07-07 09:00:00,9,127.50666666666666,155.39083333333335,349.4026443964781,1191.3064583333335,254.6799837346232
2026-07-07 10:00:00,9,107.91583333333334,181.05,326.4625133889318,1191.3064583333335,236.47969048354898
2026-07-07 11:00:00,9,121.35833333333332,167.28916666666666,302.08679886035264,1191.3064583333335,217.14737961685654
2026-07-07 12:00:00,9,135.53833333333333,215.81583333333333,290.59039119457555,1191.3064583333335,201.23750383041042
2026-07-07 13:00:00,9,124.33166666666666,213.4883333333333,270.91048751572674,1191.3064583333335,206.39800314242552
2026-07-07 14:00:00,9,119.0725,185.1891666666667,267.13153229386774,193.53537815126046,211.4063925738628
2026-07-07 15:00:00,9,126.27833333333336,157.71666666666667,253.2912670635593,193.53537815126046,216.5800361737728
2026-07-07 16:00:00,9,132.79416666666663,150.85333333333332,257.0394137368328,193.53537815126046,239.03706182936813
2026-07-07 17:00:00,9,158.26666666666668,136.0425,277.7247148028649,1191.3064583333335,262.56038635733177
2026-07-07 18:00:00,9,165.38,129.50833333333333,314.4823059737146,1191.3064583333335,280.1904757765318
2026-07-07 19:00:00,9,149.36166666666665,100.08833333333332,323.7750471509419,1191.3064583333335,279.0793523513728
2026-07-07 20:00:00,9,153.53416666666666,94.25916666666666,320.7573377523912,1191.3064583333335,276.7549938191991
2026-07-07 21:00:00,9,126.1825,84.045,302.6676838718204,1191.3064583333335,261.21401606184736
2026-07-07 22:00:00,9,118.09333333333336,65.38916666666667,281.32840484785777,1191.3064583333335,240.7858623471127
2026-07-07 23:00:00,9,106.96916666666668,49.18083333333333,239.3694758669748,193.53537815126046,207.0828847779251
2026-07-08 00:00:00,10,104.0975,17.1275,202.84821496417538,149.63330399061024,179.30984703132174
2026-07-08 01:00:00,10,99.91416666666667,12.980833333333337,213.23655346418965,149.63330399061024,171.33218939878165
2026-07-08 02:00:00,10,95.35083333333334,10.696666666666667,200.80112100249792,134.7271284893267,164.20378673720114
2026-07-08 03:00:00,10,94.06833333333331,10.904166666666669,190.04780174357387,134.7271284893267,159.12460679993853
2026-07-08 04:00:00,10,93.03166666666668,2.5375,179.3976035761046,134.7271284893267,158.23489030456676
2026-07-08 05:00:00,10,95.44416666666666,-0.0083333333333333,177.70071736215328,134.7271284893267,160.22943702335812
2026-07-08 06:00:00,10,103.84499999999998,2.544166666666667,190.01155561992658,149.63330399061024,177.3096404077208
2026-07-08 07:00:00,10,123.03166666666668,12.65,234.36726547362102,186.07078914141405,216.38120261426275
2026-07-08 08:00:00,10,163.82,29.416666666666668,266.77874407567856,1172.1542250000005,237.53288815415772
2026-07-08 09:00:00,10,172.21666666666667,16.981666666666666,289.3883924712592,1172.1542250000005,233.3971541831395
2026-07-08 10:00:00,10,183.375,9.998333333333331,276.21552217885466,1172.1542250000005,216.98559700697982
2026-07-08 11:00:00,10,234.78916666666663,9.175833333333332,254.08412887916907,186.07078914141405,191.0169067293666
2026-07-08 12:00:00,10,221.8325,9.743333333333334,251.98486514137244,186.07078914141405,172.298072821554
2026-07-08 13:00:00,10,171.2458333333333,14.79,202.22871894693347,94.12355099502489,143.8149210647606
2026-07-08 14:00:00,10,165.67,10.645833333333334,188.59139505703803,94.12355099502489,133.05252468913457
2026-07-08 15:00:00,10,145.19,9.711666666666666,168.24790258300962,94.12355099502489,131.76387069284397
2026-07-08 16:00:00,10,195.5833333333333,7.75,184.25441748132351,143.57110236220475,161.97596649088405
2026-07-08 17:00:00,10,355.1858333333333,28.741666666666664,262.49507770729883,186.07078914141405,224.6726093089606
2026-07-08 18:00:00,10,634.4791666666666,52.16333333333333,320.83017865185275,1172.1542250000005,266.52158764858524
2026-07-08 19:00:00,10,483.4483333333333,54.12833333333333,327.89689691116257,1172.1542250000005,266.0293490302683
2026-07-08 20:00:00,10,3622.9166666666665,68.60416666666667,312.18107162055094,1172.1542250000005,256.7068919237464
2026-07-08 21:00:00,10,478.0208333333333,5.560833333333334,300.342800288941,1172.1542250000005,238.26189493276536
2026-07-08 22:00:00,10,332.7375,0.375,276.33306454783417,1172.1542250000005,220.57188047841072
2026-07-08 23:00:00,10,190.55916666666667,-0.3241666666666666,240.93971828085455,186.07078914141405,196.17338637719524
2026-07-09 00:00:00,10,161.31916666666666,-1.575,221.17141854933,186.07078914141405,184.75178791096744
2026-07-09 01:00:00,10,146.1375,-2.7783333333333338,235.30209023494035,149.63330399061024,179.53769130503542
2026-07-09 02:00:00,10,125.11833333333334,-6.554166666666666,220.88157866796877,143.57110236220475,173.09775626401938
2026-07-09 03:00:00,10,106.38916666666668,-6.671666666666667,212.87632132746882,134.7271284893267,172.07394781273513
2026-07-09 04:00:00,10,106.59499999999998,-6.758333333333333,198.55847787010134,134.7271284893267,171.4248970055564
2026-07-09 05:00:00,10,104.5275,-7.9075,199.82089627310128,134.7271284893267,176.63707747075836
2026-07-09 06:00:00,10,119.6525,-6.7875000000000005,217.29165808424503,143.57110236220475,198.3584930627812
2026-07-09 07:00:00,10,151.20166666666668,-5.938333333333333,261.1499663541309,186.07078914141405,232.02258642448282
2026-07-09 08:00:00,10,242.25,-2.35,310.48916693128615,1172.1542250000005,252.40128774304478
2026-07-09 09:00:00,10,238.9533333333333,18.745833333333334,319.34684406777785,1172.1542250000005,242.8686699205795
2026-07-09 10:00:00,10,184.08916666666667,3.7825,305.4671096757612,1172.1542250000005,221.41733116124993
2026-07-09 11:00:00,10,139.2725,-0.9499999999999998,259.52146515727094,186.07078914141405,187.75657891187763
2026-07-09 12:00:00,10,127.89166666666668,2.155,240.28267833400682,186.07078914141405,172.15619421574587
2026-07-09 13:00:00,10,101.12833333333332,26.2775,210.89297416794963,143.57110236220475,157.50558273561802
2026-07-09 14:00:00,10,84.19083333333333,0.8833333333333332,199.04538662867955,149.63330399061024,148.15473661006257
2026-07-09 15:00:00,10,77.56083333333333,-5.604166666666667,190.20365423555478,149.63330399061024,149.7134526437563
2026-07-09 16:00:00,10,95.15,20.58333333333333,210.96814584865226,186.07078914141405,177.1722474717081
2026-07-09 17:00:00,10,174.64666666666668,65.97166666666666,258.44346882145896,186.07078914141405,227.1831984581966
2026-07-09 18:00:00,10,199.2158333333333,52.5375,303.1833827116168,1172.1542250000005,249.58351220270688
2026-07-09 19:00:00,10,163.02083333333334,31.14333333333333,313.9583895264184,1172.1542250000005,249.3340533352342
2026-07-09 20:00:00,10,152.70083333333335,14.508333333333333,316.8888490949509,1172.1542250000005,245.11922767587237
2026-07-09 21:00:00,10,154.29,6.8075,318.83349955219666,1172.1542250000005,242.3281102613582
2026-07-09 22:00:00,10,160.35416666666666,3.7433333333333336,284.06252684371225,1172.1542250000005,226.1956925311176
2026-07-09 23:00:00,10,145.66666666666666,0.5916666666666667,247.7034421793662,186.07078914141405,202.2073810219827
2026-07-10 00:00:00,10,133.405,-1.15,219.54722987274485,149.63330399061024,185.00197298910626
2026-07-10 01:00:00,10,118.75083333333332,-3.1441666666666666,222.24580423117445,149.63330399061024,171.10126246870635
2026-07-10 02:00:00,10,118.03666666666668,-5.3308333333333335,198.04377502264558,149.63330399061024,161.3547680486904
2026-07-10 03:00:00,10,117.96416666666666,-6.808333333333334,177.94481673860707,134.7271284893267,153.71924431163634
2026-07-10 04:00:00,10,120.67166666666668,-6.953333333333333,157.96947472264486,134.7271284893267,145.36343409316848
2026-07-10 05:00:00,10,117.5475,-6.9816666666666665,154.91094468002126,134.7271284893267,147.0756767431302
2026-07-10 06:00:00,10,116.59166666666664,-5.526666666666666,172.74532494725162,128.31368390804593,164.4434188281817
2026-07-10 07:00:00,10,127.5875,-1.3,219.42313331375652,186.07078914141405,194.68548694883
2026-07-10 08:00:00,10,136.59,40.211666666666666,265.24878893697223,1172.1542250000005,208.99742654951814
2026-07-10 09:00:00,10,133.4625,35.44916666666666,276.71883473917984,247.07264937106928,190.8574803726566
2026-07-10 10:00:00,10,106.7,0.2916666666666665,258.0812484884332,247.07264937106928,170.790257948996
2026-07-10 11:00:00,10,104.02333333333333,3.9475,222.58869201874043,186.07078914141405,141.94890427412088
2026-07-10 12:00:00,10,92.60083333333334,15.806666666666668,182.44205753056204,143.57110236220475,115.10050348393
2026-07-10 13:00:00,10,83.77416666666666,5.9,141.60964126815574,70.9433918128655,96.65922028220032
2026-07-10 14:00:00,10,73.6075,-0.1466666666666666,129.6094061158006,70.9433918128655,92.48664337044468
2026-07-10 15:00:00,10,70.69916666666667,-0.5733333333333333,125.35134695023734,70.9433918128655,97.02293996401656
2026-07-10 16:00:00,10,84.84333333333333,7.826666666666667,160.64046797765232,128.31368390804593,126.96859525325547
2026-07-10 17:00:00,10,119.90833333333336,55.82833333333334,206.97131679986515,186.07078914141405,156.56477754642953
2026-07-10 18:00:00,10,131.60333333333332,69.13666666666667,229.95328506617585,247.07264937106928,156.30016131253336
2026-07-10 19:00:00,10,111.31,71.71416666666666,225.3287408032582,247.07264937106928,140.17954291032586
2026-07-10 20:00:00,10,96.9675,73.77083333333333,213.66404079416083,247.07264937106928,129.26532200716224
2026-07-10 21:00:00,10,93.31416666666668,75.58833333333334,207.61592363726962,247.07264937106928,120.2232715855798
2026-07-10 22:00:00,10,90.56333333333332,75.85333333333334,196.79885857717755,186.07078914141405,110.77435764517469
2026-07-10 23:00:00,10,82.13666666666667,56.06666666666666,160.71123727609438,117.51919934640523,86.84820771927755
2026-07-11 00:00:00,10,46.99333333333333,59.73666666666667,136.2511493167242,117.51919934640523,72.74545873385917
2026-07-11 01:00:00,10,9.429166666666664,54.89000000000001,123.86287750624562,44.55350798403191,65.09587688895178
2026-07-11 02:00:00,10,1.3641666666666667,47.310833333333335,95.45748489710549,44.55350798403191,50.661761027002676
2026-07-11 03:00:00,10,-0.0891666666666666,52.79916666666667,72.97461109069707,44.55350798403191,38.789535738908185
2026-07-11 04:00:00,10,-0.1758333333333333,48.75333333333333,56.03758384159537,37.953076923076914,30.54410142686072
2026-07-11 05:00:00,10,-0.6466666666666667,50.41333333333333,46.69885464577408,37.953076923076914,24.889144751948557
2026-07-11 06:00:00,10,-0.3075,56.58166666666667,44.965659779887005,34.192024793388434,25.123140363765856
2026-07-11 07:00:00,10,0.5091666666666667,69.605,44.612073978410436,13.210055555555556,29.641848252153977
2026-07-11 08:00:00,10,7.060833333333332,60.00666666666667,78.70755797072633,43.380166666666646,51.27936268107365
2026-07-11 09:00:00,10,8.63,52.903333333333336,94.47804850086467,30.260878243512973,49.60916552599882
2026-07-11 10:00:00,10,19.439166666666665,44.0125,79.83564981765848,30.260878243512973,44.680764536568574
2026-07-11 11:00:00,10,16.884166666666665,36.9225,47.54958606505636,18.812276688453153,22.853845444288908
2026-07-11 12:00:00,10,6.1325,39.93666666666667,51.89420603188437,18.812276688453153,37.14783893235199
2026-07-11 13:00:00,10,-1.1041666666666667,39.299166666666665,39.74709820931864,18.812276688453153,29.241750828130606
2026-07-11 14:00:00,10,-0.9575,21.839166666666667,23.728009579751188,18.812276688453153,17.3468510316508
2026-07-11 15:00:00,10,1.5008333333333332,9.754166666666666,29.662534860776077,18.812276688453153,21.251045167972336
2026-07-11 16:00:00,10,0.5708333333333333,62.80166666666667,33.64229202669412,30.260878243512973,38.26702376489597
2026-07-11 17:00:00,10,16.131666666666668,94.72583333333334,57.59561579261228,67.81420658682633,76.44856883886128
2026-07-11 18:00:00,10,17.7975,98.18333333333334,81.39905244031804,67.81420658682633,113.30611886377918
2026-07-11 19:00:00,10,12.773333333333332,98.36666666666667,79.80598731490102,67.81420658682633,111.1615586194767
2026-07-11 20:00:00,10,15.795833333333334,100.8825,113.16606854972545,67.81420658682633,123.52971391645357
2026-07-11 21:00:00,10,23.065,97.93083333333334,128.08923492428067,67.81420658682633,127.36045676187507
2026-07-11 22:00:00,10,22.859166666666667,100.55416666666667,174.69424652367974,156.36608671171157,146.85298811269544
2026-07-11 23:00:00,10,0.4658333333333335,98.85916666666668,131.79064936118195,99.15181497175145,115.68138709920203
2026-07-12 00:00:00,10,-1.1458333333333333,92.38416666666666,91.85804838726106,72.03381944444443,91.3826256566315
2026-07-12 01:00:00,10,-1.15,89.16333333333334,92.25141417945481,43.380166666666646,73.28356438692636
2026-07-12 02:00:00,10,-1.1458333333333333,79.81583333333333,56.949806892112946,13.210055555555556,58.94306567686572
2026-07-12 03:00:00,10,-1.15,71.30749999999999,34.773865165552834,0.5042307692307691,53.30809506554931
2026-07-12 04:00:00,10,-2.9691666666666667,68.2075,32.7957606149082,0.5042307692307691,56.79984149057618
2026-07-12 05:00:00,10,-2.0341666666666667,63.36833333333333,30.806777221274835,34.192024793388434,60.409418984076915
2026-07-12 06:00:00,10,-1.15,58.56333333333333,36.30107681302178,34.192024793388434,66.98308429663582
2026-07-12 07:00:00,10,-1.4391666666666667,70.015,47.30924122902305,34.192024793388434,75.43746610385342
2026-07-12 08:00:00,10,-1.1083333333333334,79.30333333333333,71.64247000534311,43.380166666666646,93.66735338764191
2026-07-12 09:00:00,10,11.005,55.54750000000001,83.4880304651968,30.260878243512973,94.38131744916913
2026-07-12 10:00:00,10,7.71,39.55416666666667,63.76128888362,30.260878243512973,86.49816779576847
2026-07-12 11:00:00,10,-3.333333333333333,29.290000000000003,28.82156518185075,18.812276688453153,67.26657319958034
2026-07-12 12:00:00,10,14.875833333333334,15.749166666666667,31.533882003626367,30.260878243512973,79.54445915460755
2026-07-12 13:00:00,10,8.7075,2.9791666666666665,40.360743370354825,30.260878243512973,82.00441881278145
2026-07-12 14:00:00,10,8.556666666666667,8.405833333333334,49.73572572952304,30.260878243512973,84.5116942354541
2026-07-12 15:00:00,10,-4.531666666666667,9.683333333333334,61.987159211095666,30.260878243512973,79.73831744828745
2026-07-12 16:00:00,10,4.871666666666667,23.24416666666667,74.70427657456695,30.260878243512973,82.75200853012366
2026-07-12 17:00:00,10,32.8875,77.615,117.6546772127227,67.81420658682633,105.90290335519404
2026-07-12 18:00:00,10,37.25,99.25583333333331,157.1175091860211,155.2528333333333,121.32568759126562
2026-07-12 19:00:00,10,38.31583333333334,102.47666666666667,159.03733126377415,155.2528333333333,119.24812182198497
2026-07-12 20:00:00,10,27.38833333333333,93.36833333333334,146.43099926532292,72.03381944444443,100.05173674866955
2026-07-12 21:00:00,10,8.640833333333333,84.23916666666666,133.13579454746764,72.03381944444443,91.53334341370416
2026-07-12 22:00:00,10,-2.8991666666666664,77.87416666666667,108.15590284768066,72.03381944444443,77.81223019250712
2026-07-12 23:00:00,10,-5.1575,72.49666666666667,78.45480154021288,72.03381944444443,61.7586372171774
2026-07-13 00:00:00,10,-4.425,71.91583333333334,47.847581229529865,43.380166666666646,54.016899577447944
2026-07-13 01:00:00,10,-2.6166666666666667,73.40583333333333,50.94544446905295,34.192024793388434,35.66812783945895
2026-07-13 02:00:00,10,-2.03,66.36083333333333,29.320128471017384,34.192024793388434,23.96885135941252
2026-07-13 03:00:00,10,-6.1475,63.583333333333336,13.233782173758016,34.192024793388434,16.76439117498063
2026-07-13 04:00:00,10,-6.5925,66.37666666666667,3.2684845491107524,34.192024793388434,14.52326746147589
2026-07-13 05:00:00,10,-5.810833333333334,58.7275,2.736856857535699,34.192024793388434,17.419896129291608
2026-07-13 06:00:00,10,-5.924166666666667,79.1925,19.300503514572227,34.192024793388434,28.224478070755247
2026-07-13 07:00:00,10,1.821666666666667,95.48833333333332,72.41383357228037,43.380166666666646,52.4108342793621
2026-07-13 08:00:00,10,19.10833333333333,105.19416666666666,129.01632773021583,72.03381944444443,90.11814758967546
2026-07-13 09:00:00,10,30.74666666666667,100.43916666666668,144.73597144161792,155.2528333333333,84.67333552892931
2026-07-13 10:00:00,10,5.7375,80.70583333333333,126.56756227801637,67.81420658682633,67.52153982772266
2026-07-13 11:00:00,10,-53.835,62.80416666666667,91.33196781040473,67.81420658682633,48.362223400358815
2026-07-13 12:00:00,10,25.39,51.119166666666665,54.9113410408588,30.260878243512973,38.68751762589511
2026-07-13 13:00:00,10,3.053333333333333,49.89166666666667,67.04377659967,67.81420658682633,48.83541485451191
2026-07-13 14:00:00,10,27.3775,55.859166666666674,81.6190746416876,67.81420658682633,58.84889160884323
2026-07-13 15:00:00,10,7.220833333333334,50.78833333333333,82.84459067067188,67.81420658682633,55.29836265840339
2026-07-13 16:00:00,10,15.24,69.47666666666667,102.10886924443089,67.81420658682633,66.75528029794081
2026-07-13 17:00:00,10,34.59916666666667,106.94333333333331,139.09044686720716,67.81420658682633,92.70064804333997
2026-07-13 18:00:00,10,143.76333333333335,117.77833333333332,170.46833934204003,155.2528333333333,114.40932350347086
2026-07-13 19:00:00,10,93.38333333333334,116.97416666666668,162.9452793873208,155.2528333333333,112.01839506591018
2026-07-13 20:00:00,10,49.42666666666667,112.19,150.9142622911582,155.2528333333333,110.06436909137813
2026-07-13 21:00:00,10,-5.5825,106.55083333333334,137.21050927166752,143.4614414414413,96.60098426336265
2026-07-13 22:00:00,10,-3.0525000000000007,101.58833333333332,119.91479123008664,143.4614414414413,91.4461318116473
2026-07-13 23:00:00,10,-1.1375,92.2325,99.62209844773648,143.4614414414413,81.72692659920388
2026-07-14 00:00:00,10,0.0666666666666667,94.6475,86.11106375408457,67.53652613412225,73.89106010212477
2026-07-14 01:00:00,10,-0.8016666666666667,97.02833333333332,102.13356967035017,44.55350798403191,65.45887544611908
2026-07-14 02:00:00,10,-0.8366666666666668,89.22250000000001,85.91426044232831,59.13872443762779,55.97697441689809
2026-07-14 03:00:00,10,-1.1333333333333333,85.84666666666668,73.21604038571574,59.13872443762779,52.894754289205906
2026-07-14 04:00:00,10,-1.1266666666666667,84.27583333333332,64.36699242315159,59.13872443762779,48.73590830291605
2026-07-14 05:00:00,10,-2.433333333333333,88.77,64.38839143194329,59.13872443762779,54.39212060829763
2026-07-14 06:00:00,10,-1.15,101.67333333333332,75.68675272108416,59.13872443762779,64.51865042282336
2026-07-14 07:00:00,10,14.383333333333333,119.06666666666666,116.03820315648704,117.51919934640523,100.48904402368895
2026-07-14 08:00:00,10,39.795,132.09333333333333,157.2656917860347,99.40118589743587,114.02751131046591
2026-07-14 09:00:00,10,21.23333333333333,127.50666666666666,173.68299560896767,99.40118589743587,115.8364651769183
2026-07-14 10:00:00,10,5.267499999999999,107.91583333333334,155.73187182185637,99.40118589743587,88.57595103028791
2026-07-14 11:00:00,10,10.2425,121.35833333333332,138.65965443008167,43.380166666666646,73.89524154800942
2026-07-14 12:00:00,10,2.9408333333333334,135.53833333333333,130.6334012825518,30.260878243512973,51.038970839475965
2026-07-14 13:00:00,10,-0.6358333333333334,124.33166666666666,92.92856023404913,13.210055555555556,24.312949958419757
2026-07-14 14:00:00,10,-0.2341666666666667,119.0725,94.1189941906909,18.812276688453153,31.654467764095408
2026-07-14 15:00:00,10,-4.508333333333334,126.27833333333336,103.4748165861413,30.260878243512973,50.586553593831766
2026-07-14 16:00:00,10,-3.575,132.79416666666663,102.08010388561864,43.380166666666646,51.68677222734321
2026-07-14 17:00:00,10,39.22416666666667,158.26666666666668,122.50048806513489,67.81420658682633,74.35210605475734
2026-07-14 18:00:00,10,66.63916666666667,165.38,166.69058633560104,155.2528333333333,118.7246157175843
2026-07-14 19:00:00,10,65.2925,149.36166666666665,185.01663263577532,155.2528333333333,148.32972429801902
2026-07-14 20:00:00,10,63.27166666666667,153.53416666666666,186.61365907230652,247.07264937106928,167.84588343347235
2026-07-14 21:00:00,10,65.73916666666666,126.1825,162.0284663553021,72.03381944444443,136.29064569920928
2026-07-14 22:00:00,10,67.14416666666666,118.09333333333336,135.33469465999605,72.03381944444443,114.1979220463655
2026-07-14 23:00:00,10,61.06333333333333,106.96916666666668,106.74082136308708,72.03381944444443,100.30794634663346
2026-07-15 00:00:00,10,73.66250000000001,104.0975,89.34337471216877,156.36608671171157,110.25721157937139
2026-07-15 01:00:00,10,63.48166666666666,99.91416666666667,100.67163117858888,71.79160058737149,119.62023551738696
2026-07-15 02:00:00,10,57.215833333333336,95.35083333333334,87.25234046418112,71.79160058737149,119.56704585711188
2026-07-15 03:00:00,10,51.57916666666667,94.06833333333331,78.2529402067836,94.28554783950618,120.36354569061476
2026-07-15 04:00:00,10,46.05416666666667,93.03166666666668,68.61407241863913,94.28554783950618,121.3089271437041
2026-07-15 05:00:00,10,66.47083333333335,95.44416666666666,67.43941448011766,94.28554783950618,125.60455717069019
2026-07-15 06:00:00,10,75.4625,103.84499999999998,86.87236885576434,94.28554783950618,148.0386807658956
2026-07-15 07:00:00,10,84.2275,123.03166666666668,128.9472729028702,156.36608671171157,185.75939237830835
2026-07-15 08:00:00,10,107.68666666666668,163.82,180.23717021537493,247.07264937106928,209.93355374153234
2026-07-15 09:00:00,10,103.315,172.21666666666667,186.0531094550447,247.07264937106928,198.49862415883447
2026-07-15 10:00:00,10,71.82166666666667,183.375,172.2865319294114,247.07264937106928,181.1459324396058
2026-07-15 11:00:00,10,73.47,234.78916666666663,144.13106073910967,156.36608671171157,145.59407167554048
2026-07-15 12:00:00,10,62.49666666666667,221.8325,139.8630940513149,156.36608671171157,152.98408512731345
2026-07-15 13:00:00,10,64.0925,171.2458333333333,125.50962864925934,99.15181497175145,141.90108384422888
2026-07-15 14:00:00,10,86.09750000000001,165.67,121.18189253686542,99.15181497175145,147.92919171315867
2026-07-15 15:00:00,10,100.75416666666666,145.19,121.76847434008047,156.36608671171157,155.35169374565461
2026-07-15 16:00:00,10,121.57083333333333,195.5833333333333,145.70214192449086,156.36608671171157,197.00193316589846
2026-07-15 17:00:00,10,139.4425,355.1858333333333,186.96479661516847,156.36608671171157,243.71875296051311
2026-07-15 18:00:00,10,152.9275,634.4791666666666,225.39997140752345,1172.1542250000005,261.82777631581973
2026-07-15 19:00:00,10,133.84833333333333,483.4483333333333,228.17889144378736,1172.1542250000005,256.8799209590128
2026-07-15 20:00:00,10,140.58583333333334,3622.9166666666665,247.89163482939284,1172.1542250000005,119.06372261695373
2026-07-15 21:00:00,10,147.70000000000002,478.0208333333333,189.94299212578642,156.36608671171157,223.39987597308942
2026-07-15 22:00:00,10,127.14166666666668,332.7375,161.291886705215,156.36608671171157,190.40089382979613
2026-07-15 23:00:00,10,105.32583333333334,190.55916666666667,127.4962779195064,156.36608671171157,156.63927600314722
2026-07-16 00:00:00,10,93.99833333333332,161.31916666666666,109.73407881535033,156.36608671171157,141.46503694748077
2026-07-16 01:00:00,10,101.10666666666668,146.1375,119.11258310542469,111.84316498316495,149.59573381257485
2026-07-16 02:00:00,10,97.68916666666668,125.11833333333334,102.48010556095372,134.7271284893267,143.76348521328123
2026-07-16 03:00:00,10,89.67833333333333,106.38916666666668,87.58380412520617,134.7271284893267,137.41764595799907
2026-07-16 04:00:00,10,87.4275,106.59499999999998,77.89395011372486,114.71930068226109,133.60003070797794
2026-07-16 05:00:00,10,93.755,104.5275,76.15571649793691,134.7271284893267,136.0460095345273
2026-07-16 06:00:00,10,98.18083333333334,119.6525,91.1046580652316,134.7271284893267,153.47384467282694
2026-07-16 07:00:00,10,115.205,151.20166666666668,130.05228253265645,156.36608671171157,189.01312589640736
2026-07-16 08:00:00,10,138.4625,242.25,175.7218831426738,156.36608671171157,223.5455948196276
2026-07-16 09:00:00,10,113.515,238.9533333333333,195.3621263192471,1172.1542250000005,220.8658977674652
2026-07-16 10:00:00,10,87.45583333333333,184.08916666666667,180.71475214835388,156.36608671171157,197.51299994366954
2026-07-16 11:00:00,10,83.32000000000001,139.2725,158.74341049009942,156.36608671171157,169.82652330568936
2026-07-16 12:00:00,10,93.16583333333334,127.89166666666668,162.44352168552217,156.36608671171157,184.30776182683314
2026-07-16 13:00:00,10,101.56083333333332,101.12833333333332,169.48740657133527,156.36608671171157,185.2919580497247
2026-07-16 14:00:00,10,82.30083333333333,84.19083333333333,154.86949600553547,156.36608671171157,180.5577477428088
2026-07-16 15:00:00,10,73.01166666666667,77.56083333333333,134.31171782750388,156.36608671171157,164.82563129864093
2026-07-16 16:00:00,10,49.435833333333335,95.15,149.2333531780858,156.36608671171157,177.37677127175323
2026-07-16 17:00:00,10,109.6625,174.64666666666668,190.88626942471518,156.36608671171157,222.16364441269818
2026-07-16 18:00:00,10,124.43666666666668,199.2158333333333,218.4788890803556,1172.1542250000005,250.64899430376838
2026-07-16 19:00:00,10,118.0,163.02083333333334,226.3609081335478,1172.1542250000005,243.65289794427017
2026-07-16 20:00:00,10,109.91333333333334,152.70083333333335,217.46711515263593,1172.1542250000005,230.67245852117017
2026-07-16 21:00:00,10,106.44416666666666,154.29,209.52863013301732,1172.1542250000005,212.52845164299956
2026-07-16 22:00:00,10,100.74333333333334,160.35416666666666,195.2082673291658,156.36608671171157,202.66836580866786
2026-07-16 23:00:00,10,97.465,145.66666666666666,171.6971807039585,156.36608671171157,182.77046704359577
2026-07-17 00:00:00,10,99.595,133.405,158.3903720927981,156.36608671171157,168.92041163592927
2026-07-17 01:00:00,10,99.7125,118.75083333333332,170.27862273772257,134.7271284893267,175.87986833175535
2026-07-17 02:00:00,10,86.43666666666667,118.03666666666668,149.03574761520295,134.7271284893267,168.84784337860333
2026-07-17 03:00:00,10,95.62333333333332,117.96416666666666,134.35533880007515,134.7271284893267,162.68496193562294
2026-07-17 04:00:00,10,83.19333333333334,120.67166666666668,131.9585508906261,134.7271284893267,162.38979881856702
2026-07-17 05:00:00,10,82.77833333333334,117.5475,137.38651799171143,134.7271284893267,168.32537068100473
2026-07-17 06:00:00,10,84.91666666666667,116.59166666666664,140.68084418114927,134.7271284893267,181.8800814929583
2026-07-17 07:00:00,10,113.46666666666664,127.5875,166.66555731001617,156.36608671171157,210.80450213500768
2026-07-17 08:00:00,10,111.44,136.59,205.68336956404187,1172.1542250000005,227.18378075202742
2026-07-17 09:00:00,10,92.33083333333332,133.4625,198.62503996584755,1172.1542250000005,197.81203247420632
2026-07-17 10:00:00,10,69.08833333333332,106.7,151.56713574746675,156.36608671171157,152.8307028265142
2026-07-17 11:00:00,10,67.77,104.02333333333333,121.87194751545309,121.20171666666668,114.55762266517281
2026-07-17 12:00:00,10,62.26,92.60083333333334,101.93143590584053,121.20171666666668,94.28878084549845
2026-07-17 13:00:00,10,55.79583333333333,83.77416666666666,70.16300051087036,73.59380000000002,71.41976792714213
2026-07-17 14:00:00,10,48.26333333333333,73.6075,59.41489557124532,73.59380000000002,64.957461667753
2026-07-17 15:00:00,10,38.634166666666665,70.69916666666667,62.323255748348245,73.59380000000002,68.89985386298416
2026-07-17 16:00:00,10,56.79833333333334,84.84333333333333,96.91840688379226,121.20171666666668,106.52265992025286
2026-07-17 17:00:00,10,114.27416666666666,119.90833333333336,160.04992767639243,156.36608671171157,170.61392800744997
2026-07-17 18:00:00,10,131.2825,131.60333333333332,198.41181799990565,156.36608671171157,197.05236057117864
2026-07-17 19:00:00,10,118.49166666666667,111.31,202.9160641506375,247.07264937106928,185.7204882821793
2026-07-17 20:00:00,10,115.62833333333332,96.9675,190.43493683706112,247.07264937106928,161.53447167933757
2026-07-17 21:00:00,10,120.685,93.31416666666668,182.57663219445743,156.36608671171157,146.69319182093113
2026-07-17 22:00:00,10,122.88083333333331,90.56333333333332,171.16869478319228,156.36608671171157,139.08359034823408
2026-07-17 23:00:00,10,107.76416666666668,82.13666666666667,142.40331106252677,156.36608671171157,120.74206150252803
2026-07-18 00:00:00,10,110.38833333333334,46.99333333333333,136.93018389741638,156.36608671171157,125.00420509110418
2026-07-18 01:00:00,10,102.14666666666666,9.429166666666664,154.3104455016,156.36608671171157,123.94465679518999
2026-07-18 02:00:00,10,95.1225,1.3641666666666667,134.3449106915141,134.7271284893267,114.33944238451176
2026-07-18 03:00:00,10,106.19666666666669,-0.0891666666666666,113.46609154175252,94.28554783950618,100.86162659728282
2026-07-18 04:00:00,10,109.9725,-0.1758333333333333,99.41902666441011,94.28554783950618,95.4229766663737
2026-07-18 05:00:00,10,102.22333333333334,-0.6466666666666667,104.46337817155538,134.7271284893267,104.94611639070766
2026-07-18 06:00:00,10,106.845,-0.3075,110.54970867542056,134.7271284893267,111.02672337239346
2026-07-18 07:00:00,10,112.90416666666664,0.5091666666666667,132.10704443787358,134.7271284893267,125.37129288185167
2026-07-18 08:00:00,10,151.7516666666667,7.060833333333332,153.863193744196,128.31368390804593,139.75976928948316
2026-07-18 09:00:00,10,110.36333333333332,8.63,165.62605463925223,128.31368390804593,134.22360578841057
2026-07-18 10:00:00,10,58.18166666666667,19.439166666666665,144.41468878427173,128.31368390804593,105.22643996711457
2026-07-18 11:00:00,10,52.465833333333336,16.884166666666665,124.29130646568206,121.20171666666668,81.88349646190896
2026-07-18 12:00:00,10,43.814166666666665,6.1325,112.33491796820579,121.20171666666668,64.89435422299383
2026-07-18 13:00:00,10,48.583333333333336,-1.1041666666666667,85.4860891140816,41.37905241935483,48.35859023404528
2026-07-18 14:00:00,10,46.67583333333334,-0.9575,70.19119606087023,41.37905241935483,50.10419787836666
2026-07-18 15:00:00,10,36.785,1.5008333333333332,80.34892255607882,41.37905241935483,63.12381972856088
2026-07-18 16:00:00,10,48.142500000000005,0.5708333333333333,129.76461315031045,73.59380000000002,98.43531912954967
2026-07-18 17:00:00,10,89.38333333333333,16.131666666666668,179.783097545443,149.63330399061024,150.46713809043274
2026-07-18 18:00:00,10,102.1975,17.7975,226.8941581594068,149.63330399061024,180.01849079777628
2026-07-18 19:00:00,10,108.92583333333334,12.773333333333332,240.0522340473916,128.31368390804593,177.66995690135798
2026-07-18 20:00:00,10,107.4375,15.795833333333334,237.59391827136952,149.63330399061024,165.78807846146776
2026-07-18 21:00:00,10,106.08666666666666,23.065,231.52763349951246,128.31368390804593,159.42082924872759
2026-07-18 22:00:00,10,102.45083333333334,22.859166666666667,219.82608624835893,149.63330399061024,148.51717631954443
2026-07-18 23:00:00,10,102.36083333333332,0.4658333333333335,201.34879840764353,149.63330399061024,136.29836113517234
2026-07-19 00:00:00,10,101.28916666666667,-1.1458333333333333,188.93210768693757,149.63330399061024,130.36293615534632
2026-07-19 01:00:00,10,87.2325,-1.15,202.42102847592966,149.63330399061024,118.14749859970411
2026-07-19 02:00:00,10,73.51583333333333,-1.1458333333333333,169.18045018830566,134.7271284893267,110.92682725835209
2026-07-19 03:00:00,10,70.7725,-1.15,139.64443350476083,134.7271284893267,100.55807886131929
2026-07-19 04:00:00,10,63.86833333333333,-2.9691666666666667,122.43368809908841,134.7271284893267,95.80275808796634
2026-07-19 05:00:00,10,59.41,-2.0341666666666667,100.87734728089806,134.7271284893267,87.30596124221123
2026-07-19 06:00:00,10,58.835,-1.15,92.50808438528244,94.28554783950618,85.3531414341972
2026-07-19 07:00:00,10,54.89083333333334,-1.4391666666666667,100.10055020268447,94.28554783950618,89.72991155843184
2026-07-19 08:00:00,10,41.2775,-1.1083333333333334,120.18267831729334,105.70632291666664,97.8961876823397
2026-07-19 09:00:00,10,37.68666666666667,11.005,120.4855288991631,105.70632291666664,79.65870106972505
2026-07-19 10:00:00,10,27.51083333333333,7.71,105.57592353866909,105.70632291666664,59.7435219337951
2026-07-19 11:00:00,10,18.866666666666667,-3.333333333333333,82.88533227273663,70.9433918128655,47.42825785747468
2026-07-19 12:00:00,10,24.46666666666667,14.875833333333334,76.49777046606869,67.53652613412225,51.34637746930771
2026-07-19 13:00:00,10,28.81583333333333,8.7075,41.0970098553115,38.416844135802464,29.382110096249264
2026-07-19 14:00:00,10,18.294166666666666,8.556666666666667,34.22998687943669,16.266836419753087,23.747079144056514
2026-07-19 15:00:00,10,13.500833333333333,-4.531666666666667,40.40336828780411,28.183218599033818,29.697330869581087
2026-07-19 16:00:00,10,33.2775,4.871666666666667,67.68586669477388,60.87315329218113,52.02348098110807
2026-07-19 17:00:00,10,74.75583333333334,32.8875,119.64401899587045,94.28554783950618,90.1556553631452
2026-07-19 18:00:00,10,85.14166666666667,37.25,167.41547745745828,105.70632291666664,111.90466965061577
2026-07-19 19:00:00,10,69.3625,38.31583333333334,175.9532585718629,247.07264937106928,105.21815420016355
2026-07-19 20:00:00,10,64.37416666666667,27.38833333333333,162.17395780791452,72.03381944444443,97.2185982130766
2026-07-19 21:00:00,10,74.51916666666666,8.640833333333333,146.5586410838047,72.03381944444443,89.77080565028325
2026-07-19 22:00:00,10,67.1425,-2.8991666666666664,124.56553849881831,72.03381944444443,80.5055537677446
2026-07-19 23:00:00,10,49.57749999999999,-5.1575,94.06414513868528,72.03381944444443,66.37440719621091
2026-07-20 00:00:00,10,21.305,-4.425,76.33743453505765,44.55350798403191,58.839473150352305
2026-07-20 01:00:00,10,19.565,-2.6166666666666667,78.44701456752783,44.55350798403191,48.17029847445717
2026-07-20 02:00:00,10,20.641666666666666,-2.03,53.775532808380106,44.55350798403191,35.126896220717384
2026-07-20 03:00:00,10,10.665833333333332,-6.1475,37.33923035049034,59.13872443762779,28.606914730176342
2026-07-20 04:00:00,10,10.265,-6.5925,26.19574938941662,37.953076923076914,22.316397040488383
2026-07-20 05:00:00,10,33.0925,-5.810833333333334,26.319775052916363,59.13872443762779,28.95455318261154
2026-07-20 06:00:00,10,72.98583333333333,-5.924166666666667,71.61636829484138,44.55350798403191,69.05588965617261
2026-07-20 07:00:00,10,78.69500000000001,1.821666666666667,127.5450418770736,105.70632291666664,113.47966283608798
2026-07-20 08:00:00,10,94.77833333333332,19.10833333333333,176.2555472801932,155.2528333333333,128.7992902008707
2026-07-20 09:00:00,10,88.10583333333334,30.74666666666667,167.96756148620165,155.2528333333333,93.87087782337147
2026-07-20 10:00:00,10,63.1475,5.7375,131.5073532521492,72.03381944444443,67.3958918858027
2026-07-20 11:00:00,10,55.281666666666666,-53.835,108.22093049316621,72.03381944444443,68.6714107761601
2026-07-20 12:00:00,10,59.67666666666667,25.39,90.5128522345784,99.15181497175145,66.36872665390445
2026-07-20 13:00:00,10,51.376666666666665,3.053333333333333,80.20579200142267,67.53652613412225,67.45318857194954
2026-07-20 14:00:00,10,43.70666666666667,27.3775,80.84033654999978,67.53652613412225,67.02686690557242
2026-07-20 15:00:00,10,41.44083333333334,7.220833333333334,79.18943351058152,67.53652613412225,70.31220999295806
2026-07-20 16:00:00,10,79.90416666666667,15.24,111.9101990606348,99.15181497175145,96.77024521282468
2026-07-20 17:00:00,10,104.47583333333334,34.59916666666667,150.1434235119978,117.51919934640523,122.20229115922103
2026-07-20 18:00:00,10,109.675,143.76333333333335,185.6269302044674,155.2528333333333,148.29733867041114
2026-07-20 19:00:00,10,110.56833333333331,93.38333333333334,196.50806301480247,155.2528333333333,146.4157183461703
2026-07-20 20:00:00,10,100.39416666666666,49.42666666666667,186.3179119957473,155.2528333333333,135.55015303569888
2026-07-20 21:00:00,10,95.4,-5.5825,167.13309028013597,155.2528333333333,118.99194226792946
2026-07-20 22:00:00,10,84.68666666666667,-3.0525000000000007,142.8518262787262,72.03381944444443,103.50917767959987
2026-07-20 23:00:00,10,77.5825,-1.1375,107.82893661348399,72.03381944444443,80.12717193219108
2026-07-21 00:00:00,10,77.89416666666666,0.0666666666666667,92.60761938571645,72.03381944444443,70.31576365418661
2026-07-21 01:00:00,10,73.2175,-0.8016666666666667,107.23548416072218,44.55350798403191,66.28860891262651
2026-07-21 02:00:00,10,78.5175,-0.8366666666666668,94.90929243135534,67.53652613412225,69.12398003597846
2026-07-21 03:00:00,10,81.38,-1.1333333333333333,86.6093234470672,71.79160058737149,75.49356424736207
2026-07-21 04:00:00,10,82.25416666666666,-1.1266666666666667,79.83820401575724,71.79160058737149,78.51606010525751
2026-07-21 05:00:00,10,87.95916666666666,-2.433333333333333,79.94430166437998,71.79160058737149,80.2830799202363
2026-07-21 06:00:00,10,101.9875,-1.15,96.65305499238286,71.79160058737149,92.38267319886637
2026-07-21 07:00:00,10,113.3125,14.383333333333333,139.80856027630637,117.51919934640523,118.03556771269145
2026-07-21 08:00:00,10,151.06833333333333,39.795,184.76715653520426,155.2528333333333,131.0305579782369
2026-07-21 09:00:00,10,128.77666666666667,21.23333333333333,189.41977957917993,155.2528333333333,113.95204001528202
2026-07-21 10:00:00,10,84.3275,5.267499999999999,154.99070026893315,99.40118589743587,93.20074257438684
2026-07-21 11:00:00,10,82.045,10.2425,114.4860876715442,99.40118589743587,56.00041738928955
2026-07-21 12:00:00,10,65.56666666666668,2.9408333333333334,101.68502409106415,43.380166666666646,49.91277800184362
2026-07-21 13:00:00,10,60.77166666666667,-0.6358333333333334,94.91752696046628,67.53652613412225,53.07916280627097
2026-07-21 14:00:00,10,66.01083333333334,-0.2341666666666667,115.41299832670802,99.40118589743587,76.59180762918032
2026-07-21 15:00:00,10,74.66833333333334,-4.508333333333334,132.8102865732439,117.51919934640523,95.31778983797523
2026-07-21 16:00:00,10,87.53000000000002,-3.575,143.7926551263945,117.51919934640523,109.33825771777822
2026-07-21 17:00:00,10,106.9375,39.22416666666667,183.50526819731877,186.07078914141405,146.98632881658858
2026-07-21 18:00:00,10,107.54,66.63916666666667,219.10396781868084,247.07264937106928,175.33831933547535
2026-07-21 19:00:00,10,104.61833333333334,65.2925,221.00397787863994,247.07264937106928,170.50611843119384
2026-07-21 20:00:00,10,95.73,63.27166666666667,223.3722157155658,247.07264937106928,179.43855146825743
2026-07-21 21:00:00,10,93.875,65.73916666666666,185.8931804130461,186.07078914141405,142.5786340246305
2026-07-21 22:00:00,10,86.28083333333332,67.14416666666666,157.18127716936505,105.70632291666664,119.69480347961027
2026-07-21 23:00:00,10,56.12583333333333,61.06333333333333,129.28551638626826,105.70632291666664,103.96062428785942
2026-07-22 00:00:00,10,31.2625,73.66250000000001,108.85613173797307,117.51919934640523,88.66291905081341
2026-07-22 01:00:00,10,22.14583333333333,63.48166666666666,115.65928926717889,67.53652613412225,75.72584858656839
2026-07-22 02:00:00,10,11.240833333333336,57.215833333333336,92.97416088762537,44.55350798403191,59.78888965018846
2026-07-22 03:00:00,10,8.550833333333333,51.57916666666667,68.8808389672169,59.13872443762779,40.56058941510771
2026-07-22 04:00:00,10,8.885,46.05416666666667,51.97441147026866,37.953076923076914,27.54441240103337
2026-07-22 05:00:00,10,8.663333333333332,66.47083333333335,50.14940820446441,37.953076923076914,25.06272196268622
2026-07-22 06:00:00,10,0.1116666666666666,75.4625,59.48464763566925,44.55350798403191,29.227121873831898
2026-07-22 07:00:00,10,37.0325,84.2275,100.93302047362126,99.40118589743587,49.35649865440412
2026-07-22 08:00:00,10,53.36166666666667,107.68666666666668,169.62994240523545,99.40118589743587,98.02892802702586
2026-07-22 09:00:00,10,31.836666666666662,103.315,181.64850793591927,155.2528333333333,87.5705294064039
2026-07-22 10:00:00,10,21.515,71.82166666666667,172.37973541654702,99.40118589743587,78.8303447564075
2026-07-22 11:00:00,10,14.42,73.47,170.67067353355714,99.40118589743587,75.86853993148907
2026-07-22 12:00:00,10,10.433333333333334,62.49666666666667,139.18472033589893,67.53652613412225,59.751451685225206
2026-07-22 13:00:00,10,7.150833333333334,64.0925,119.68349114246348,67.53652613412225,63.72414005736819
2026-07-22 14:00:00,10,-1.1333333333333333,86.09750000000001,105.01962065510527,39.40751207729467,58.19561895754696
2026-07-22 15:00:00,10,-1.3333333333333333,100.75416666666666,106.4174368960216,67.53652613412225,65.43503897555028
2026-07-22 16:00:00,10,20.43583333333333,121.57083333333333,153.10332093078694,117.51919934640523,104.28374995460315
2026-07-22 17:00:00,10,84.23,139.4425,249.91620580843974,117.51919934640523,166.50358014274036
2026-07-22 18:00:00,10,99.17083333333332,152.9275,393.3049272111158,247.07264937106928,230.1824432976608
2026-07-22 19:00:00,10,94.92083333333332,133.84833333333333,359.1226191564606,247.07264937106928,241.62471048584894
2026-07-22 20:00:00,10,96.04166666666669,140.58583333333334,1528.2736186459663,247.07264937106928,139.51927588286713
2026-07-22 21:00:00,10,113.15500000000002,147.70000000000002,334.04045346152975,186.07078914141405,217.0654061030803
2026-07-22 22:00:00,10,116.81333333333332,127.14166666666668,262.0176374857805,186.07078914141405,185.92441344172806
2026-07-22 23:00:00,10,102.105,105.32583333333334,174.34266356111803,143.57110236220475,134.54526458470957
2026-07-23 00:00:00,10,82.72666666666667,93.99833333333332,145.7823150314656,143.57110236220475,113.04972635128104
2026-07-23 01:00:00,10,68.45166666666667,101.10666666666668,154.70050281460345,94.28554783950618,111.51898486389871
2026-07-23 02:00:00,10,56.275,97.68916666666668,131.72065070861913,94.28554783950618,104.6543527592471
2026-07-23 03:00:00,10,51.86916666666667,89.67833333333333,103.79709982492781,71.79160058737149,87.55944703111456
2026-07-23 04:00:00,10,41.69083333333333,87.4275,83.72155600968158,59.13872443762779,63.530440787399954
2026-07-23 05:00:00,10,55.803333333333335,93.755,83.59058830128946,59.13872443762779,69.06074278698757
2026-07-23 06:00:00,10,49.37083333333333,98.18083333333334,96.8239630870248,67.53652613412225,75.21974214013414
2026-07-23 07:00:00,10,45.29416666666666,115.205,135.14852650869312,99.40118589743587,93.61367260026822
2026-07-23 08:00:00,10,66.57166666666667,138.4625,222.55293230782763,155.2528333333333,150.64484729768327
2026-07-23 09:00:00,10,49.869166666666665,113.515,228.9835098406076,155.2528333333333,131.46304283738164
2026-07-23 10:00:00,10,41.49166666666667,87.45583333333333,173.07463064439094,99.40118589743587,70.41908861860983
2026-07-23 11:00:00,10,19.02833333333333,83.32000000000001,116.06826907670333,99.40118589743587,43.94049722276838
2026-07-23 12:00:00,10,13.554166666666667,93.16583333333334,92.6288773326046,43.380166666666646,34.36927239583482
2026-07-23 13:00:00,10,7.285833333333334,101.56083333333332,81.77030859451423,43.380166666666646,35.0728200372979
2026-07-23 14:00:00,10,1.3316666666666668,82.30083333333333,63.57112027591548,18.812276688453153,21.207862095783724
2026-07-23 15:00:00,10,5.566666666666666,73.01166666666667,69.16719717216914,43.380166666666646,27.16250774473928
2026-07-23 16:00:00,10,11.556666666666668,49.435833333333335,91.88996321593473,43.380166666666646,40.119779344346426
2026-07-23 17:00:00,10,47.77333333333333,109.6625,158.39780117617966,99.40118589743587,86.4665891622994
2026-07-23 18:00:00,10,72.91166666666668,124.43666666666668,211.98136139048847,155.2528333333333,126.48795165166783
2026-07-23 19:00:00,10,70.52416666666666,118.0,219.55432082242834,155.2528333333333,129.9688151360205
2026-07-23 20:00:00,10,70.96333333333334,109.91333333333334,213.48514949711938,155.2528333333333,124.20388651665888
2026-07-23 21:00:00,10,62.553333333333335,106.44416666666666,196.29403639446588,155.2528333333333,106.12636504574908
2026-07-23 22:00:00,10,48.37416666666667,100.74333333333334,176.26970836699434,99.40118589743587,88.44959119987719
2026-07-23 23:00:00,10,15.276666666666666,97.465,135.88808123710166,99.40118589743587,60.635429699027114
2026-07-24 00:00:00,10,18.875833333333333,99.595,115.31601499819425,99.40118589743587,52.770680150849486
2026-07-24 01:00:00,10,17.2475,99.7125,121.25336157835439,99.40118589743587,49.15491086539947
2026-07-24 02:00:00,10,17.8325,86.43666666666667,107.18856957727527,44.55350798403191,43.95620746902382
2026-07-24 03:00:00,10,11.509166666666667,95.62333333333332,91.98773156173033,44.55350798403191,39.227701190760655
2026-07-24 04:00:00,10,12.7025,83.19333333333334,89.98387430819814,44.55350798403191,48.08232528472061
2026-07-24 05:00:00,10,12.384166666666667,82.77833333333334,88.43459857904321,44.55350798403191,53.197566391476144
2026-07-24 06:00:00,10,26.27916666666667,84.91666666666667,102.42677189113323,44.55350798403191,69.05705019623595
2026-07-24 07:00:00,10,49.91166666666666,113.46666666666664,147.87516073973225,117.51919934640523,108.16771352260275
2026-07-24 08:00:00,10,72.72666666666667,111.44,198.50633536922177,155.2528333333333,138.34063909356212
2026-07-24 09:00:00,10,53.92249999999999,92.33083333333332,201.94574498313756,155.2528333333333,116.68497517826773
2026-07-24 10:00:00,10,46.01333333333333,69.08833333333332,172.37098292859918,99.40118589743587,88.78659355136064
2026-07-24 11:00:00,10,27.3475,67.77,143.19502824781426,99.40118589743587,66.45602915466202
2026-07-24 12:00:00,10,26.536666666666665,62.26,133.01496023629994,67.81420658682633,63.6016538062802
2026-07-24 13:00:00,10,13.475833333333334,55.79583333333333,135.0522123675855,72.03381944444443,80.72738931961798
2026-07-24 14:00:00,10,6.404166666666666,48.26333333333333,116.3657745733727,67.81420658682633,62.70412538809721
2026-07-24 15:00:00,10,3.36,38.634166666666665,115.90630567282932,72.03381944444443,69.99716576936682
2026-07-24 16:00:00,10,14.609166666666669,56.79833333333334,136.8548804888132,72.03381944444443,85.77606226747616
2026-07-24 17:00:00,10,72.40666666666667,114.27416666666666,183.63009892462225,155.2528333333333,127.3946875331946
2026-07-24 18:00:00,10,52.031666666666666,131.2825,211.17624212573932,155.2528333333333,141.07323330190027
2026-07-24 19:00:00,10,30.0475,118.49166666666667,203.09295234512686,155.2528333333333,131.24694680720455
2026-07-24 20:00:00,10,13.435833333333337,115.62833333333332,185.69933064589577,155.2528333333333,115.62424362081993
2026-07-24 21:00:00,10,13.595833333333331,120.685,171.5919975884548,155.2528333333333,103.4757981161753
2026-07-24 22:00:00,10,7.400833333333334,122.88083333333331,153.17464809778164,72.03381944444443,93.21067492389656
2026-07-24 23:00:00,10,9.9975,107.76416666666668,121.8469073150596,72.03381944444443,72.75161011973171
2026-07-25 00:00:00,10,12.415833333333332,110.38833333333334,90.5852770968773,72.03381944444443,59.6725049831338
2026-07-25 01:00:00,10,8.073333333333332,102.14666666666666,75.11085219093913,44.55350798403191,62.01395048680976
2026-07-25 02:00:00,10,5.654166666666666,95.1225,45.50458715219329,44.55350798403191,45.27176255431392
2026-07-25 03:00:00,10,3.48,106.19666666666669,29.209832540517844,37.953076923076914,37.45160655305462
2026-07-25 04:00:00,10,0.1091666666666666,109.9725,14.242679903047247,37.953076923076914,30.14261750003348
2026-07-25 05:00:00,10,0.0141666666666666,102.22333333333334,10.720127223359967,59.13872443762779,32.8412753406829
2026-07-25 06:00:00,10,-0.1858333333333334,106.845,18.925772818271312,59.13872443762779,42.69659983729328
2026-07-25 07:00:00,10,6.09,112.90416666666664,36.659084685442124,67.53652613412225,61.20655905380386
2026-07-25 08:00:00,10,14.6875,151.7516666666667,78.11525198281242,111.84316498316495,97.94574747144308
2026-07-25 09:00:00,10,10.616666666666667,110.36333333333332,82.77180498337057,105.70632291666664,85.59836038146494
2026-07-25 10:00:00,10,12.860833333333334,58.18166666666667,85.46139641675846,99.15181497175145,66.11513307241071
2026-07-25 11:00:00,10,6.7058333333333335,52.465833333333336,81.65427536989804,99.15181497175145,58.82615542277358
2026-07-25 12:00:00,10,5.245,43.814166666666665,72.67267292587019,67.53652613412225,54.50610654245941
2026-07-25 13:00:00,10,0.7316666666666666,48.583333333333336,49.337620508351364,67.53652613412225,37.076198101667174
2026-07-25 14:00:00,10,-1.0941666666666665,46.67583333333334,58.851768739649984,73.59380000000002,47.7592798937947
2026-07-25 15:00:00,10,-3.189166666666667,36.785,61.9359078399528,73.59380000000002,53.32898162813648
2026-07-25 16:00:00,10,5.766666666666667,48.142500000000005,62.52997089956264,70.9433918128655,65.40201355304055
2026-07-25 17:00:00,10,37.585,89.38333333333333,98.7679729565027,105.70632291666664,99.27368006051968
2026-07-25 18:00:00,10,58.055,102.1975,134.3185162747365,105.70632291666664,123.36583867979178
2026-07-25 19:00:00,10,36.814166666666665,108.92583333333334,142.54335512238407,105.70632291666664,124.67671044517468
2026-07-25 20:00:00,10,67.93083333333334,107.4375,137.83338603095848,105.70632291666664,120.39681034225828
2026-07-25 21:00:00,10,73.50583333333334,106.08666666666666,128.67057541526557,105.70632291666664,113.5711432116882
2026-07-25 22:00:00,10,74.21249999999999,102.45083333333334,113.20421360974336,105.70632291666664,103.07704299866143
2026-07-25 23:00:00,10,75.19,102.36083333333332,85.14805484981571,105.70632291666664,89.72434817516366
2026-07-26 00:00:00,10,72.34916666666668,101.28916666666667,77.21406764480395,71.79160058737149,87.56397699317901
2026-07-26 01:00:00,10,60.5675,87.2325,91.18186909135419,71.79160058737149,82.79580533306863
2026-07-26 02:00:00,10,62.08416666666667,73.51583333333333,74.18591750628524,71.79160058737149,75.07393180506531
2026-07-26 03:00:00,10,71.38,70.7725,59.9564322162407,71.79160058737149,69.5814741530965
2026-07-26 04:00:00,10,67.2625,63.86833333333333,50.16792729803903,94.28554783950618,66.60767845533736
2026-07-26 05:00:00,10,54.1575,59.41,46.045484846650275,94.28554783950618,68.2017963190609
2026-07-26 06:00:00,10,46.98416666666666,58.835,46.34659803427122,94.28554783950618,69.75506666827539
2026-07-26 07:00:00,10,23.715,54.89083333333334,55.476420548791445,94.28554783950618,76.49618753442523
2026-07-26 08:00:00,10,32.31166666666667,41.2775,79.77059882324743,134.7271284893267,93.58988249697677
2026-07-26 09:00:00,10,45.392500000000005,37.68666666666667,93.25424772723144,134.7271284893267,79.63095114775084
2026-07-26 10:00:00,10,22.50333333333333,27.51083333333333,85.09801242972974,70.9433918128655,64.78782895364644
2026-07-26 11:00:00,10,14.755,18.866666666666667,59.42162439685192,39.40751207729467,33.818017468712476
2026-07-26 12:00:00,10,15.813333333333333,24.46666666666667,61.044396119033976,39.40751207729467,35.129860851579
2026-07-26 13:00:00,10,14.33,28.81583333333333,67.69740243826793,38.416844135802464,42.761647929723125
2026-07-26 14:00:00,10,16.045833333333334,18.294166666666666,75.1329501303309,38.416844135802464,46.69266219017817
2026-07-26 15:00:00,10,27.660833333333333,13.500833333333333,75.0363447542712,60.87315329218113,59.24274034077111
2026-07-26 16:00:00,10,17.136666666666667,33.2775,105.68604543939566,60.87315329218113,82.66327047239332
2026-07-26 17:00:00,10,84.43916666666667,74.75583333333334,161.40099311132832,149.63330399061024,121.78500770285812
2026-07-26 18:00:00,10,108.59833333333334,85.14166666666667,203.1292387634119,149.63330399061024,148.35431064468955
2026-07-26 19:00:00,10,115.21166666666666,69.3625,210.11892690329174,149.63330399061024,146.87993492279548
2026-07-26 20:00:00,10,117.67,64.37416666666667,178.00910266640625,149.63330399061024,129.33973787464066
2026-07-26 21:00:00,10,120.41083333333334,74.51916666666666,158.60306704747168,149.63330399061024,120.10014641186979
2026-07-26 22:00:00,10,112.18,67.1425,132.21046146756072,128.31368390804593,108.27496183202163
2026-07-26 23:00:00,10,102.08083333333332,49.57749999999999,102.96720189173467,134.7271284893267,93.32937171268397
2026-07-27 00:00:00,10,99.72416666666668,21.305,89.89565312784734,134.7271284893267,89.00965791861691
2026-07-27 01:00:00,10,105.85833333333332,19.565,93.22593306605759,94.28554783950618,105.2395689459982
2026-07-27 02:00:00,10,93.1575,20.641666666666666,71.48499532854589,94.28554783950618,93.56305891832595
2026-07-27 03:00:00,10,90.22,10.665833333333332,50.3560354464527,71.79160058737149,82.87111276775977
2026-07-27 04:00:00,10,88.06,10.265,36.311568965495304,71.79160058737149,76.12075069424914
2026-07-27 05:00:00,10,92.33333333333331,33.0925,32.85021287624735,71.79160058737149,74.60707408830561
2026-07-27 06:00:00,10,74.97,72.98583333333333,43.42023504241939,71.79160058737149,82.05725995086001
2026-07-27 07:00:00,10,122.28416666666664,78.69500000000001,77.75701012115287,99.15181497175145,103.7367976256788
2026-07-27 08:00:00,10,170.09416666666667,94.77833333333332,120.55368701957634,72.03381944444443,119.02942543705723
2026-07-27 09:00:00,10,53.89083333333334,88.10583333333334,125.96219505662162,72.03381944444443,99.14227489988525
2026-07-27 10:00:00,10,11.3175,63.1475,104.2257038521151,99.15181497175145,85.14011839023006
2026-07-27 11:00:00,10,10.333333333333334,55.281666666666666,48.284307934085106,72.03381944444443,53.739628803122244
2026-07-27 12:00:00,10,9.954166666666667,59.67666666666667,59.66339894524221,43.380166666666646,44.85445904994907
2026-07-27 13:00:00,10,10.515,51.376666666666665,45.90607865698126,43.380166666666646,45.62692495388139
2026-07-27 14:00:00,10,9.878333333333332,43.70666666666667,60.13516971954743,67.53652613412225,54.923698703830354
2026-07-27 15:00:00,10,12.5125,41.44083333333334,57.375526159011926,72.03381944444443,56.53873019876508
2026-07-27 16:00:00,10,15.856666666666667,79.90416666666667,79.53013861639722,72.03381944444443,69.60030095205765
2026-07-27 17:00:00,10,17.1225,104.47583333333334,112.51016605330567,72.03381944444443,92.35517369586171
2026-07-27 18:00:00,10,8.814166666666665,109.675,180.52576289910638,155.2528333333333,118.09531462406234
2026-07-27 19:00:00,10,19.151666666666667,110.56833333333331,174.25657925674716,155.2528333333333,113.10032275993989
2026-07-27 20:00:00,10,34.208333333333336,100.39416666666666,145.03219941482064,155.2528333333333,92.8859389155472
2026-07-27 21:00:00,10,26.641666666666666,95.4,105.04949998739264,67.81420658682633,65.95711038777367
2026-07-27 22:00:00,10,2.669166666666667,84.68666666666667,81.83002354434319,67.81420658682633,47.11183777253039
2026-07-27 23:00:00,10,-3.3175000000000003,77.5825,45.08484566389009,30.260878243512973,24.775779798175463
2026-07-28 00:00:00,10,-3.1491666666666664,77.89416666666666,19.218663324946306,18.812276688453153,12.314091990437277
2026-07-28 01:00:00,10,-4.755,73.2175,24.497947119164323,18.812276688453153,6.205869777096694
2026-07-28 02:00:00,10,-5.215833333333333,78.5175,-4.182900569633375,13.210055555555556,-4.814469850843523
2026-07-28 03:00:00,10,-5.714166666666666,81.38,-20.796238771803758,0.5042307692307691,-10.799976679576162
2026-07-28 04:00:00,10,-6.511666666666667,82.25416666666666,-32.3474709203725,0.5042307692307691,-13.271359043939583
2026-07-28 05:00:00,10,-6.415833333333333,87.95916666666666,-44.51387594110393,0.5042307692307691,-14.20183233497896
2026-07-28 06:00:00,10,-3.485,101.9875,-37.169560400707596,13.210055555555556,-8.417866863087468
2026-07-28 07:00:00,10,21.39,113.3125,2.3186166082307125,30.260878243512973,7.4197020519539265
2026-07-28 08:00:00,10,86.14833333333333,151.06833333333333,56.139658644468426,67.81420658682633,25.407671086690165
2026-07-28 09:00:00,10,-7.913333333333331,128.77666666666667,57.83676580294482,67.81420658682633,16.22008929478057
2026-07-28 10:00:00,10,-3.6275,84.3275,13.08681240408071,67.81420658682633,5.6183603484137095
2026-07-28 11:00:00,10,-2.3508333333333336,82.045,-23.620186915321653,18.812276688453153,-4.381966895095715
2026-07-28 12:00:00,10,-1.4225,65.56666666666668,-49.45872674642206,13.210055555555556,-11.921369797304592
2026-07-28 13:00:00,10,-3.4633333333333334,60.77166666666667,-57.916758609392474,0.5042307692307691,-19.028252021937604
2026-07-28 14:00:00,10,-2.0733333333333333,66.01083333333334,-43.088823799579956,0.5042307692307691,-21.181713265682063
2026-07-28 15:00:00,10,-2.4058333333333333,74.66833333333334,-43.60010854416082,0.5042307692307691,-24.330676595155936
2026-07-28 16:00:00,10,2.1575,87.53000000000002,-22.29295882106767,18.812276688453153,-14.592319128418183
2026-07-28 17:00:00,10,50.13583333333333,106.9375,49.489761909058416,67.81420658682633,19.954928067387605
2026-07-28 18:00:00,10,58.33166666666667,107.54,103.24336306483495,67.81420658682633,52.727248823355
2026-07-28 19:00:00,10,6.805833333333333,104.61833333333334,127.82259016350187,155.2528333333333,69.57305745179542
2026-07-28 20:00:00,10,3.7616666666666654,95.73,139.5492480702224,155.2528333333333,85.18652667395011
2026-07-28 21:00:00,10,34.126666666666665,93.875,116.08047276021213,67.81420658682633,54.974002876833026
2026-07-28 22:00:00,10,-36.961666666666666,86.28083333333332,124.3161452988635,72.03381944444443,78.24076337191326
2026-07-28 23:00:00,10,-2.7583333333333333,56.12583333333333,86.89144866788818,72.03381944444443,53.25507306380968
2026-07-29 00:00:00,10,-4.18,31.2625,64.35266253672285,43.380166666666646,33.472045060126476
2026-07-29 01:00:00,10,-1.15,22.14583333333333,61.90467997557322,18.812276688453153,14.788932040266133
2026-07-29 02:00:00,10,-1.1458333333333333,11.240833333333336,31.499497219030864,13.210055555555556,-1.9146289694137977
2026-07-29 03:00:00,10,-1.1041666666666667,8.550833333333333,6.264112266880019,0.5042307692307691,-10.959884950999538
2026-07-29 04:00:00,10,-1.1125,8.885,-6.214670655869412,0.5042307692307691,-13.96420900430735
2026-07-29 05:00:00,10,-1.1041666666666667,8.663333333333332,7.20648207684556,0.5042307692307691,-9.394950072011099
2026-07-29 06:00:00,10,-1.1166666666666667,0.1116666666666666,28.633045409457964,13.210055555555556,3.5230266560465395
2026-07-29 07:00:00,10,2.4458333333333333,37.0325,75.1287742591569,30.260878243512973,27.538974366382035
2026-07-29 08:00:00,10,13.665,53.36166666666667,125.6534817223966,155.2528333333333,45.40837329216842
2026-07-29 09:00:00,10,9.173333333333334,31.836666666666662,141.09245134127715,155.2528333333333,55.52402894762963
2026-07-29 10:00:00,10,10.75,21.515,111.68545686172666,67.81420658682633,37.22555061171157
2026-07-29 11:00:00,10,8.175833333333333,14.42,94.54841024758773,67.81420658682633,34.209147739712186
2026-07-29 12:00:00,10,9.902500000000002,10.433333333333334,93.00398301459389,67.81420658682633,43.21162078348151
2026-07-29 13:00:00,10,4.866666666666666,7.150833333333334,82.21466527569234,30.260878243512973,40.299002419941786
2026-07-29 14:00:00,10,0.3275,-1.1333333333333333,79.26939886230258,30.260878243512973,31.726429665373658
2026-07-29 15:00:00,10,1.6766666666666663,-1.3333333333333333,79.72690179454614,30.260878243512973,26.73917943115456
2026-07-29 16:00:00,10,26.7725,20.43583333333333,103.87541646934265,43.380166666666646,39.52356752371257
2026-07-29 17:00:00,10,91.77,84.23,157.54423995431017,99.40118589743587,94.33715465347471
2026-07-29 18:00:00,10,122.87166666666668,99.17083333333332,219.0384588186423,155.2528333333333,160.06224566699103
2026-07-29 19:00:00,10,125.53416666666664,94.92083333333332,243.48986463171835,247.07264937106928,190.92401712468518
2026-07-29 20:00:00,10,115.25166666666668,96.04166666666669,237.5734259164689,247.07264937106928,180.0059705509259
2026-07-29 21:00:00,10,117.56166666666668,113.15500000000002,216.8942599948016,247.07264937106928,154.86763829385853
2026-07-29 22:00:00,10,110.9375,116.81333333333332,188.9002852770971,247.07264937106928,137.17958432048835
2026-07-29 23:00:00,10,89.32583333333334,102.105,149.34384464569902,105.70632291666664,115.81532905485909
2026-07-30 00:00:00,10,90.80416666666667,82.72666666666667,133.9367711917822,105.70632291666664,112.87716970179537
2026-07-30 01:00:00,10,92.04666666666668,68.45166666666667,147.31131130199128,105.70632291666664,108.00881674102277
2026-07-30 02:00:00,10,88.3325,56.275,132.46982727214169,71.79160058737149,105.21227843900442
2026-07-30 03:00:00,10,85.00166666666667,51.86916666666667,113.84367331095655,71.79160058737149,98.34426891770802
2026-07-30 04:00:00,10,82.205,41.69083333333333,101.17803282263907,71.79160058737149,91.66314214736347
2026-07-30 05:00:00,10,85.53750000000001,55.803333333333335,97.87686431405837,71.79160058737149,91.78585043163017
2026-07-30 06:00:00,10,99.61416666666666,49.37083333333333,114.49755939849959,71.79160058737149,106.92731424537932
2026-07-30 07:00:00,10,140.345,45.29416666666666,162.7948725218825,105.70632291666664,143.86883754530567
2026-07-30 08:00:00,10,195.03083333333333,66.57166666666667,225.73637629363847,247.07264937106928,183.71287557434076
2026-07-30 09:00:00,10,141.18416666666667,49.869166666666665,225.77345798942483,247.07264937106928,169.51858315854145
2026-07-30 10:00:00,10,103.5325,41.49166666666667,192.32860154270176,247.07264937106928,131.13036630596432
2026-07-30 11:00:00,10,77.94166666666668,19.02833333333333,158.4355984639805,99.15181497175145,98.37905260968358
2026-07-30 12:00:00,10,72.68416666666667,13.554166666666667,150.85043320953804,99.15181497175145,101.44881670354238
2026-07-30 13:00:00,10,72.85,7.285833333333334,155.28690313948525,99.15181497175145,110.20085585261464
2026-07-30 14:00:00,10,73.25583333333333,1.3316666666666668,138.27689986939706,99.15181497175145,104.76703154430862
2026-07-30 15:00:00,10,59.958333333333336,5.566666666666666,138.88246822952857,128.31368390804593,115.99684522335716
2026-07-30 16:00:00,10,83.93083333333333,11.556666666666668,156.80915464623655,128.31368390804593,140.9320574272722
2026-07-30 17:00:00,10,174.01666666666665,47.77333333333333,215.09672331771327,149.63330399061024,184.80741629399705
2026-07-30 18:00:00,10,224.06166666666664,72.91166666666668,255.10940762493016,1172.1542250000005,210.25223799222968
2026-07-30 19:00:00,10,220.2733333333333,70.52416666666666,267.3608259150061,1172.1542250000005,213.98459843921123
2026-07-30 20:00:00,10,189.28833333333333,70.96333333333334,258.6225453238707,1172.1542250000005,207.9061148977118
2026-07-30 21:00:00,10,274.265,62.553333333333335,242.12680938509484,1172.1542250000005,194.35444767113015
2026-07-30 22:00:00,10,344.85083333333336,48.37416666666667,217.02221892222914,247.07264937106928,170.86063961991374
2026-07-30 23:00:00,10,182.6208333333333,15.276666666666666,184.20459811410754,128.31368390804593,145.88684134736138
2026-07-31 00:00:00,10,137.50083333333333,18.875833333333333,167.12217219953928,128.31368390804593,137.77638011082175
2026-07-31 01:00:00,10,135.95083333333335,17.2475,182.34110889441274,128.31368390804593,143.00167984310596
2026-07-31 02:00:00,10,127.19583333333333,17.8325,162.48460545822445,128.31368390804593,139.6912871975825
2026-07-31 03:00:00,10,130.29916666666665,11.509166666666667,153.64226487702499,114.89957456140347,138.09860508846612
2026-07-31 04:00:00,10,139.42083333333332,12.7025,141.88266859263555,114.89957456140347,137.85091324748277
2026-07-31 05:00:00,10,127.99666666666668,12.384166666666667,142.73467055721125,114.89957456140347,145.15738269737278
2026-07-31 06:00:00,10,150.87166666666667,26.27916666666667,161.8852549363209,128.31368390804593,165.81588083349055
2026-07-31 07:00:00,10,231.91583333333327,49.91166666666666,216.4771812408617,128.31368390804593,206.5135661856986
2026-07-31 08:00:00,10,382.6625,72.72666666666667,261.1661295618046,1172.1542250000005,225.7080038009964
2026-07-31 09:00:00,10,158.9225,53.92249999999999,263.640486383974,1172.1542250000005,209.35208277922254
2026-07-31 10:00:00,10,97.71083333333333,46.01333333333333,238.77555547106797,1172.1542250000005,184.4455773914015
2026-07-31 11:00:00,10,108.4725,27.3475,210.3004766422126,149.63330399061024,154.63884549655916
2026-07-31 12:00:00,10,92.6075,26.536666666666665,186.43772829796893,149.63330399061024,139.237045664256
2026-07-31 13:00:00,10,90.765,13.475833333333334,153.11079944195768,94.12355099502489,121.28318834499757
2026-07-31 14:00:00,10,104.28833333333334,6.404166666666666,150.28499406485366,94.12355099502489,127.36386369911295
2026-07-31 15:00:00,10,109.84166666666664,3.36,152.85755972099244,149.63330399061024,132.23841335184065
2026-07-31 16:00:00,10,111.05666666666669,14.609166666666669,175.5780532623595,149.63330399061024,152.19217094925972
2026-07-31 17:00:00,10,151.39333333333337,72.40666666666667,227.22539764579074,149.63330399061024,195.56887266750573
2026-07-31 18:00:00,10,177.70166666666668,52.031666666666666,267.154237610957,1172.1542250000005,217.13371516254435
2026-07-31 19:00:00,10,182.55666666666664,30.0475,276.7471348159821,1172.1542250000005,212.238385429757
2026-07-31 20:00:00,10,139.765,13.435833333333337,267.999119616659,1172.1542250000005,200.81861016283918
2026-07-31 21:00:00,10,126.00583333333331,13.595833333333331,265.7093016070889,1172.1542250000005,200.79120345127097
2026-07-31 22:00:00,10,127.56333333333332,7.400833333333334,255.41245428714586,1172.1542250000005,186.778880990571
2026-07-31 23:00:00,10,127.68083333333334,9.9975,231.07115265295016,149.63330399061024,176.95814638076104
2026-08-01 00:00:00,10,115.175,12.415833333333332,223.6917304840089,149.63330399061024,171.7168309477957
2026-08-01 01:00:00,10,91.83833333333332,8.073333333333332,230.5281695189437,149.63330399061024,135.02567239184117
2026-08-01 02:00:00,10,78.83166666666666,5.654166666666666,210.0443529956654,149.63330399061024,128.44783588952606
2026-08-01 03:00:00,10,81.76666666666667,3.48,194.59254394809028,114.89957456140347,126.12606590785201
2026-08-01 04:00:00,10,76.42583333333333,0.1091666666666666,180.4014447556247,114.89957456140347,124.8118017591834
2026-08-01 05:00:00,10,81.2775,0.0141666666666666,165.75280620226965,114.89957456140347,126.00942618148967
2026-08-01 06:00:00,10,86.125,-0.1858333333333334,158.9949783347712,114.89957456140347,128.69327037007656
2026-08-01 07:00:00,10,90.13166666666666,6.09,165.49449970002505,128.31368390804593,136.11381312194413
2026-08-01 08:00:00,10,89.185,14.6875,199.69519653738607,186.07078914141405,147.27030097352568
2026-08-01 09:00:00,10,54.47,10.616666666666667,185.6696273273929,128.31368390804593,124.53796000101093
2026-08-01 10:00:00,10,18.811666666666667,12.860833333333334,136.92925578448796,128.31368390804593,85.5184787114323
2026-08-01 11:00:00,10,7.810833333333334,6.7058333333333335,90.19903205550006,70.9433918128655,46.073079930623514
2026-08-01 12:00:00,10,-1.5991666666666668,5.245,48.24812752890696,39.40751207729467,22.051700724507455
2026-08-01 13:00:00,10,-0.5033333333333333,0.7316666666666666,13.372406583800228,9.483496376811596,3.1813885100842327
2026-08-01 14:00:00,10,-5.2091666666666665,-1.0941666666666665,2.9805197081400507,-2.087256944444444,-4.031267647072866
2026-08-01 15:00:00,10,-5.9,-3.189166666666667,2.9883925892659065,9.483496376811596,-4.267086092020222
2026-08-01 16:00:00,10,-4.283333333333333,5.766666666666667,37.021621520930616,32.22149371069181,18.829102677602897
2026-08-01 17:00:00,10,56.76916666666667,37.585,95.83381496148733,71.79160058737149,67.8626537302541
2026-08-01 18:00:00,10,80.9325,58.055,143.75386279970343,105.70632291666664,106.20263648313403
2026-08-01 19:00:00,10,78.9225,36.814166666666665,161.39412416042387,105.70632291666664,109.29966731685997
2026-08-01 20:00:00,10,68.89999999999999,67.93083333333334,160.84125212905613,105.70632291666664,109.34909985285404
2026-08-01 21:00:00,10,66.245,73.50583333333334,148.20059503074998,105.70632291666664,100.71146777932314
2026-08-01 22:00:00,10,64.23166666666667,74.21249999999999,131.44815533256002,105.70632291666664,89.84438315282068
2026-08-01 23:00:00,10,54.7475,75.19,109.9803237099796,72.03381944444443,77.08368669408972
2026-08-02 00:00:00,10,25.285,72.34916666666668,92.54428943358013,72.03381944444443,68.17671211857082
2026-08-02 01:00:00,10,10.3225,60.5675,93.4296953517458,44.55350798403191,51.87417553134747
2026-08-02 02:00:00,10,9.4,62.08416666666667,64.72722477578053,44.55350798403191,38.43372609228719
2026-08-02 03:00:00,10,6.516666666666667,71.38,42.818179653751244,37.953076923076914,27.370466558312636
2026-08-02 04:00:00,10,4.301666666666667,67.2625,26.915602794504956,37.953076923076914,22.909587551333146
2026-08-02 05:00:00,10,0.2083333333333333,54.1575,18.120163576922415,37.953076923076914,22.228456326168157
2026-08-02 06:00:00,10,-1.9958333333333336,46.98416666666666,16.993826353889887,37.953076923076914,25.87451056343535
2026-08-02 07:00:00,10,-1.169166666666667,23.715,21.95328495040559,84.92639751552801,34.27426650318637
2026-08-02 08:00:00,10,1.6725,32.31166666666667,50.3010336085378,84.92639751552801,58.95417620817298
2026-08-02 09:00:00,10,-3.540833333333333,45.392500000000005,56.77841355238283,72.03381944444443,42.486535169414225
2026-08-02 10:00:00,10,-8.383333333333333,22.50333333333333,41.96792402576918,44.55350798403191,24.92564961720479
2026-08-02 11:00:00,10,-7.785833333333334,14.755,5.017002272616068,3.632594696969696,6.63304118321593
2026-08-02 12:00:00,10,-20.211666666666662,15.813333333333333,-11.034434503258709,-13.551561403508776,0.7116477441875162
2026-08-02 13:00:00,10,-21.239166666666662,14.33,-29.38791345924649,-13.551561403508776,-9.747554581352631
2026-08-02 14:00:00,10,-43.85916666666666,16.045833333333334,-42.84313559773132,-13.551561403508776,-17.472333077126805
2026-08-02 15:00:00,10,-35.39833333333333,27.660833333333333,-44.14602107648096,-13.551561403508776,-23.324058044626014
2026-08-02 16:00:00,10,-16.716666666666665,17.136666666666667,-9.538824566724927,3.632594696969696,-11.217803362015275
2026-08-02 17:00:00,10,-1.4308333333333334,84.43916666666667,44.08621991131544,84.92639751552801,22.905481621263675
2026-08-02 18:00:00,10,22.4275,108.59833333333334,90.43420750435341,72.03381944444443,66.85610790181165
2026-08-02 19:00:00,10,12.280833333333334,115.21166666666666,108.0906576860817,72.03381944444443,81.98938154859236
2026-08-02 20:00:00,10,10.515,117.67,106.69940934568459,72.03381944444443,79.33418522840938
2026-08-02 21:00:00,10,5.200833333333333,120.41083333333334,105.3455839048238,72.03381944444443,83.35896786477402
2026-08-02 22:00:00,10,7.515,112.18,86.11574120939432,72.03381944444443,79.17083086347108
2026-08-02 23:00:00,10,4.559166666666666,102.08083333333332,56.29132941519184,84.92639751552801,56.14709951680807
2026-08-03 00:00:00,10,8.419166666666667,99.72416666666668,37.16145179944205,84.92639751552801,52.30452089105485
2026-08-03 01:00:00,10,6.324166666666667,105.85833333333332,45.790984436748694,84.92639751552801,37.5404303913013
2026-08-03 02:00:00,10,2.794166666666667,93.1575,39.62646707023132,59.13872443762779,41.734667803577196
2026-08-03 03:00:00,10,0.2575,90.22,25.338324416526092,59.13872443762779,40.2482791396838
2026-08-03 04:00:00,10,2.619166666666666,88.06,13.963647176041498,59.13872443762779,33.26950737603873
2026-08-03 05:00:00,10,0.9883333333333332,92.33333333333331,16.595094074560613,37.953076923076914,29.602642370482343
2026-08-03 06:00:00,10,-0.2558333333333333,74.97,42.918856146932484,84.92639751552801,39.43340516557265
2026-08-03 07:00:00,10,19.731666666666666,122.28416666666664,82.57732227449672,72.03381944444443,62.10625407671009
2026-08-03 08:00:00,10,26.354166666666668,170.09416666666667,142.87269477086897,72.03381944444443,107.78518881278738
2026-08-03 09:00:00,10,2.455,53.89083333333334,144.85496288198885,72.03381944444443,90.13675216201679
2026-08-03 10:00:00,10,-1.0116666666666667,11.3175,116.90538906204563,99.15181497175145,76.5091187151334
2026-08-03 11:00:00,10,-1.1375,10.333333333333334,71.27606723121646,67.53652613412225,43.077252464938766
2026-08-03 12:00:00,10,-0.8216666666666668,9.954166666666667,83.7829252802814,72.03381944444443,59.056807828076714
2026-08-03 13:00:00,10,-1.1083333333333334,10.515,70.27768923859637,67.53652613412225,56.6931640738037
2026-08-03 14:00:00,10,-1.7791666666666666,9.878333333333332,50.70596110507309,44.55350798403191,50.146306964617494
2026-08-03 15:00:00,10,-2.345833333333333,12.5125,64.1100780073846,67.53652613412225,56.69582618548873
2026-08-03 16:00:00,10,-3.7,15.856666666666667,103.52859209136281,99.15181497175145,89.69818207989803
2026-08-03 17:00:00,10,64.17416666666666,17.1225,151.3449836604975,105.70632291666664,139.79177629419763
2026-08-03 18:00:00,10,95.10583333333334,8.814166666666665,193.2563136305401,247.07264937106928,175.1365644774482
2026-08-03 19:00:00,10,96.275,19.151666666666667,209.88705330864678,247.07264937106928,181.55401567980022
2026-08-03 20:00:00,10,93.06416666666668,34.208333333333336,204.58844070522144,247.07264937106928,178.7040806717064
2026-08-03 21:00:00,10,88.14833333333333,26.641666666666666,182.26971052882672,105.70632291666664,156.92824427658883
2026-08-03 22:00:00,10,68.97083333333333,2.669166666666667,148.75883083097003,105.70632291666664,129.0226032180414
2026-08-03 23:00:00,10,33.43833333333333,-3.3175000000000003,117.56441931301501,105.70632291666664,105.84572072655752
2026-08-04 00:00:00,10,28.614166666666662,-3.1491666666666664,100.90062693713051,99.15181497175145,93.33433044648551
2026-08-04 01:00:00,10,23.7575,-4.755,113.8501680021327,67.53652613412225,87.55449333968556
2026-08-04 02:00:00,10,32.166666666666664,-5.215833333333333,103.57424947330796,67.53652613412225,85.44208376728331
2026-08-04 03:00:00,10,36.810833333333335,-5.714166666666666,95.37062912489436,71.79160058737149,87.14368863368563
2026-08-04 04:00:00,10,39.303333333333335,-6.511666666666667,86.99328642399546,71.79160058737149,85.09504899027901
2026-08-04 05:00:00,10,35.873333333333335,-6.415833333333333,82.85826078675188,59.13872443762779,82.41940707993894
2026-08-04 06:00:00,10,48.03333333333333,-3.485,97.93880911830212,67.53652613412225,91.05378551973126
2026-08-04 07:00:00,10,75.36,21.39,137.38736390908565,117.51919934640523,114.17974909386905
2026-08-04 08:00:00,10,80.00833333333334,86.14833333333333,197.33321683840578,155.2528333333333,144.51787370647492
2026-08-04 09:00:00,10,59.84166666666667,-7.913333333333331,189.11400827976752,155.2528333333333,127.996872734314
2026-08-04 10:00:00,10,53.61000000000001,-3.6275,158.30054844115637,99.15181497175145,108.7288449991459
2026-08-04 11:00:00,10,50.69166666666666,-2.3508333333333336,138.13340016640115,72.03381944444443,82.25304288895032
2026-08-04 12:00:00,10,61.95083333333333,-1.4225,138.13553446568253,72.03381944444443,87.28821370802098
2026-08-04 13:00:00,10,69.99416666666667,-3.4633333333333334,131.45953485435575,67.81420658682633,84.52720424424909
2026-08-04 14:00:00,10,98.88,-2.0733333333333333,137.83002608684336,72.03381944444443,105.72300496752433
2026-08-04 15:00:00,10,97.35666666666668,-2.4058333333333333,132.6749867471156,99.15181497175145,104.60205387568561
2026-08-04 16:00:00,10,97.97583333333334,2.1575,146.1795085549447,99.15181497175145,118.25570450870384
2026-08-04 17:00:00,10,98.85583333333334,50.13583333333333,173.98749340887542,155.2528333333333,139.74343011585987
2026-08-04 18:00:00,10,125.64666666666666,58.33166666666667,207.39440883378865,247.07264937106928,176.25724058749609
2026-08-04 19:00:00,10,118.42,6.805833333333333,220.87192918058963,247.07264937106928,179.6093224576685
2026-08-04 20:00:00,10,116.485,3.7616666666666654,217.11170804383985,247.07264937106928,184.57910114210299
2026-08-04 21:00:00,10,120.40666666666668,34.126666666666665,199.49126119239594,247.07264937106928,169.63210073526346
2026-08-04 22:00:00,10,124.25333333333332,-36.961666666666666,169.95583081093497,105.70632291666664,140.91096405834693
2026-08-04 23:00:00,10,113.67083333333332,-2.7583333333333333,125.84196418288235,105.70632291666664,114.02306990745132
2026-08-05 00:00:00,11,99.545,-4.18,89.1789578859158,99.70760526315792,85.79972856229728
2026-08-05 01:00:00,11,100.22083333333336,-1.15,90.84793338588537,44.72702519379845,74.80558786026528
2026-08-05 02:00:00,11,93.76083333333334,-1.1458333333333333,69.48700892548803,44.72702519379845,66.05243836086404
2026-08-05 03:00:00,11,87.32000000000001,-1.1041666666666667,51.12755065877836,44.72702519379845,53.79358524637644
2026-08-05 04:00:00,11,77.19833333333334,-1.1125,35.54921439801325,40.774468680089484,42.1406883635932
2026-08-05 05:00:00,11,79.50083333333333,-1.1041666666666667,29.586709290227105,40.774468680089484,40.816868735639474
2026-08-05 06:00:00,11,93.6725,-1.1166666666666667,37.47932095322049,44.72702519379845,51.146452192479735
2026-08-05 07:00:00,11,115.58083333333332,2.4458333333333333,84.84616840327641,60.44996693121693,76.0582153735422
2026-08-05 08:00:00,11,125.36333333333332,13.665,124.47390670689478,117.69196078431376,84.20202890393234
2026-08-05 09:00:00,11,126.08083333333332,9.173333333333334,130.03850380083884,117.69196078431376,88.36790230233555
2026-08-05 10:00:00,11,131.735,10.75,122.34641222498811,88.36131436314366,84.46710313497087
2026-08-05 11:00:00,11,103.93666666666668,8.175833333333333,96.1470266619997,88.36131436314366,61.83553430853702
2026-08-05 12:00:00,11,104.22166666666668,9.902500000000002,89.50694374642839,88.36131436314366,60.33747842898845
2026-08-05 13:00:00,11,113.4175,4.866666666666666,92.01300284699529,88.36131436314366,71.38719411814596
2026-08-05 14:00:00,11,137.9333333333333,0.3275,100.98803460953383,88.36131436314366,82.07622853999628
2026-08-05 15:00:00,11,131.36333333333332,1.6766666666666663,94.00914993027259,88.36131436314366,74.32201070677371
2026-08-05 16:00:00,11,173.81916666666666,26.7725,113.05641680816967,88.36131436314366,89.71112779265579
2026-08-05 17:00:00,11,213.15833333333333,91.77,160.70584785247905,99.70760526315792,121.85070466377766
2026-08-05 18:00:00,11,218.1975,122.87166666666668,202.30111574015893,263.7328412073491,160.40051807911672
2026-08-05 19:00:00,11,215.78083333333333,125.53416666666664,225.06924479264413,1145.7589356435647,181.144773272007
2026-08-05 20:00:00,11,176.41750000000002,115.25166666666668,236.69008132288008,263.7328412073491,192.274970733544
2026-08-05 21:00:00,11,165.92916666666667,117.56166666666668,236.38442030957304,1145.7589356435647,194.84564410352442
2026-08-05 22:00:00,11,152.005,110.9375,218.92804474661577,143.92873170731704,185.04840086016577
2026-08-05 23:00:00,11,135.23,89.32583333333334,184.32279303390067,143.92873170731704,166.02296545079125
2026-08-06 00:00:00,11,122.28000000000002,90.80416666666667,158.1389549340616,143.92873170731704,153.3590331885977
2026-08-06 01:00:00,11,114.19833333333334,92.04666666666668,157.18067475800365,123.15718186936934,140.99248768913205
2026-08-06 02:00:00,11,111.105,88.3325,130.81577213546964,126.32293865905825,130.76305849399708
2026-08-06 03:00:00,11,108.71583333333336,85.00166666666667,114.03667854144646,126.32293865905825,125.82343579535058
2026-08-06 04:00:00,11,109.50083333333332,82.205,103.85076085337545,126.32293865905825,126.14175803151693
2026-08-06 05:00:00,11,108.15416666666664,85.53750000000001,105.79548183144556,126.32293865905825,130.46027903087253
2026-08-06 06:00:00,11,133.0875,99.61416666666666,113.30994856835954,126.32293865905825,142.034720740598
2026-08-06 07:00:00,11,174.7825,140.345,136.06946201635776,123.15718186936934,159.32677249165283
2026-08-06 08:00:00,11,242.58166666666668,195.03083333333333,171.85184778257116,263.7328412073491,162.02159281037052
2026-08-06 09:00:00,11,109.8125,141.18416666666667,167.47730941619562,117.69196078431376,129.25619875761805
2026-08-06 10:00:00,11,90.38666666666666,103.5325,147.5607176730477,123.15718186936934,109.29801439303806
2026-08-06 11:00:00,11,69.46249999999999,77.94166666666668,110.00263170726367,123.15718186936934,85.16609877611728
2026-08-06 12:00:00,11,70.4775,72.68416666666667,54.71563791993552,44.72702519379845,40.93064387879828
2026-08-06 13:00:00,11,44.219166666666666,72.85,43.417142716014865,44.72702519379845,37.444381500385376
2026-08-06 14:00:00,11,34.30083333333334,73.25583333333333,52.219621388895746,44.72702519379845,45.08237708257415
2026-08-06 15:00:00,11,63.88666666666666,59.958333333333336,71.87017032856268,44.72702519379845,59.72956872447646
2026-08-06 16:00:00,11,94.40916666666668,83.93083333333333,109.11801138993428,99.70760526315792,89.23007355377987
2026-08-06 17:00:00,11,104.66,174.01666666666665,134.18898621047038,99.70760526315792,115.38161630381146
2026-08-06 18:00:00,11,126.26,224.06166666666664,156.61127257213644,117.69196078431376,126.92398193595693
2026-08-06 19:00:00,11,126.56833333333331,220.2733333333333,162.2923078426627,117.69196078431376,119.41208828372619
2026-08-06 20:00:00,11,114.0625,189.28833333333333,170.08803077778504,117.69196078431376,135.68163220322765
2026-08-06 21:00:00,11,121.24416666666669,274.265,156.3483953124553,99.70760526315792,134.80774256137465
2026-08-06 22:00:00,11,123.0575,344.85083333333336,141.0546525608275,99.70760526315792,135.72800594922478
2026-08-06 23:00:00,11,120.48416666666668,182.6208333333333,112.7593721267495,99.70760526315792,119.79685102146004
2026-08-07 00:00:00,11,107.00416666666666,137.50083333333333,112.19070945191763,123.15718186936934,124.1970623773856
2026-08-07 01:00:00,11,103.6,135.95083333333335,124.55032221576253,126.32293865905825,122.09703895336412
2026-08-07 02:00:00,11,105.70583333333332,127.19583333333333,108.09955229049083,126.32293865905825,116.19293979832582
2026-08-07 03:00:00,11,104.75583333333331,130.29916666666665,94.95657556372217,126.32293865905825,114.10597742699798
2026-08-07 04:00:00,11,108.37416666666668,139.42083333333332,88.50233492271568,126.32293865905825,114.46062940950745
2026-08-07 05:00:00,11,120.3325,127.99666666666668,90.03368704291108,126.32293865905825,121.39384878339628
2026-08-07 06:00:00,11,109.69083333333332,150.87166666666667,110.544263265471,126.32293865905825,141.448391093312
2026-08-07 07:00:00,11,123.91666666666669,231.91583333333327,151.18868826038477,123.15718186936934,173.56774761381735
2026-08-07 08:00:00,11,136.15166666666667,382.6625,203.79167710603022,123.15718186936934,194.0821476961234
2026-08-07 09:00:00,11,131.41666666666666,158.9225,203.4188651652905,123.15718186936934,177.05956016504092
2026-08-07 10:00:00,11,91.87166666666668,97.71083333333333,169.03066550948427,123.15718186936934,144.07004689526784
2026-08-07 11:00:00,11,67.51333333333334,108.4725,139.46288721512764,123.15718186936934,108.74053378415724
2026-08-07 12:00:00,11,53.6825,92.6075,124.43327953864461,118.91473333333333,100.7788698184446
2026-08-07 13:00:00,11,22.117500000000003,90.765,92.80978701605154,70.5606960784314,78.1263160737347
2026-08-07 14:00:00,11,2.1875,104.28833333333334,76.8949404598885,70.5606960784314,64.5547783137597
2026-08-07 15:00:00,11,0.5466666666666667,109.84166666666664,91.19170362582199,70.5606960784314,72.0955114039955
2026-08-07 16:00:00,11,17.78,111.05666666666669,123.56788355197858,118.91473333333333,102.52350775949733
2026-08-07 17:00:00,11,101.04916666666666,151.39333333333337,153.2629882598767,123.15718186936934,143.89402947466567
2026-08-07 18:00:00,11,125.12833333333332,177.70166666666668,174.8969998594273,123.15718186936934,179.68711541135505
2026-08-07 19:00:00,11,117.87666666666668,182.55666666666664,178.76794119899947,123.15718186936934,179.08276985460293
2026-08-07 20:00:00,11,105.64916666666666,139.765,168.02771703882973,123.15718186936934,168.47569192812938
2026-08-07 21:00:00,11,105.49166666666667,126.00583333333331,144.25166010987232,123.15718186936934,144.19739175101026
2026-08-07 22:00:00,11,100.84916666666668,127.56333333333332,113.05249622758903,99.70760526315792,116.82817985550882
2026-08-07 23:00:00,11,97.71666666666664,127.68083333333334,85.95559454549868,99.70760526315792,91.20847936536671
2026-08-08 00:00:00,11,77.96333333333332,115.175,70.27198930200025,99.70760526315792,72.93915362973397
2026-08-08 01:00:00,11,33.345,91.83833333333332,66.53306301937472,44.72702519379845,64.0619913881376
2026-08-08 02:00:00,11,7.585,78.83166666666666,45.17474327816248,44.72702519379845,50.504769379018
2026-08-08 03:00:00,11,7.409166666666667,81.76666666666667,25.379583667766596,60.29251394700143,38.73870656127542
2026-08-08 04:00:00,11,1.7283333333333333,76.42583333333333,15.794407707032192,60.29251394700143,36.12785814325606
2026-08-08 05:00:00,11,0.0058333333333333,81.2775,11.031852697428974,60.29251394700143,36.190990665986206
2026-08-08 06:00:00,11,-0.045,86.125,10.031815313269114,60.29251394700143,37.61794591518215
2026-08-08 07:00:00,11,3.3708333333333336,90.13166666666666,21.493707660511205,84.86376262626264,44.66329689401388
2026-08-08 08:00:00,11,18.15833333333333,89.185,35.03503424001567,84.86376262626264,42.991590146195236
2026-08-08 09:00:00,11,7.0683333333333325,54.47,39.24664851320311,60.44996693121693,28.75462933051852
2026-08-08 10:00:00,11,-0.1641666666666666,18.811666666666667,24.78745824027373,84.86376262626264,16.91618010323335
2026-08-08 11:00:00,11,-2.8666666666666667,7.810833333333334,3.9652866948920718,22.431590476190475,4.787904897733611
2026-08-08 12:00:00,11,-5.995833333333334,-1.5991666666666668,-17.51231989870041,-13.551561403508776,-6.381597568298986
2026-08-08 13:00:00,11,-6.644166666666667,-0.5033333333333333,-35.408274059117204,-13.551561403508776,-17.774975334353343
2026-08-08 14:00:00,11,-6.804166666666667,-5.2091666666666665,-30.27651956549977,-13.551561403508776,-12.471111735331675
2026-08-08 15:00:00,11,-6.995,-5.9,-17.576770525670398,3.632594696969696,-9.18248018340634
2026-08-08 16:00:00,11,2.0225,-4.283333333333333,10.365560842411938,22.431590476190475,9.402907574528648
2026-08-08 17:00:00,11,12.160000000000002,56.76916666666667,55.54213969109447,84.86376262626264,46.260066502158864
2026-08-08 18:00:00,11,13.735,80.9325,87.93046489088013,87.46845541401272,75.09601628252751
2026-08-08 19:00:00,11,17.378333333333334,78.9225,88.19452826693464,87.46845541401272,73.20694090681245
2026-08-08 20:00:00,11,16.098333333333333,68.89999999999999,96.53910358867054,87.46845541401272,73.3598075887405
2026-08-08 21:00:00,11,7.309166666666667,66.245,80.79383303384157,87.46845541401272,58.16625280212484
2026-08-08 22:00:00,11,8.75,64.23166666666667,71.52076950919047,60.44996693121693,53.78048241940633
2026-08-08 23:00:00,11,8.046666666666667,54.7475,53.50336609893235,84.86376262626264,41.0315940460619
2026-08-09 00:00:00,11,9.0925,25.285,36.368241568584935,84.86376262626264,28.554080943622772
2026-08-09 01:00:00,11,0.3941666666666666,10.3225,40.593583510417346,13.093682598039209,21.160184448497773
2026-08-09 02:00:00,11,-0.0791666666666666,9.4,21.87964277364747,13.093682598039209,11.231318508979953
2026-08-09 03:00:00,11,-1.9425,6.516666666666667,5.3432003007410955,-4.490239071038252,1.0569913298957658
2026-08-09 04:00:00,11,-4.198333333333333,4.301666666666667,-5.630894925502588,-4.490239071038252,-2.4343804848913067
2026-08-09 05:00:00,11,-4.951666666666667,0.2083333333333333,-22.719659104639135,-4.490239071038252,-7.043925965181998
2026-08-09 06:00:00,11,-5.214166666666666,-1.9958333333333336,-29.44657857994386,-4.490239071038252,-5.98300855105677
2026-08-09 07:00:00,11,-0.8983333333333334,-1.169166666666667,-33.99749798667361,0.35085594315245533,-1.5869446559934062
2026-08-09 08:00:00,11,8.84,1.6725,9.758821312567221,13.093682598039209,25.072695112479572
2026-08-09 09:00:00,11,11.466666666666669,-3.540833333333333,25.550001069879343,35.6387316561845,16.71021716856267
2026-08-09 10:00:00,11,9.733333333333333,-8.383333333333333,34.49024477414526,35.6387316561845,18.937617486573792
2026-08-09 11:00:00,11,6.624166666666667,-7.785833333333334,37.05959539728899,35.6387316561845,20.195784394308355
2026-08-09 12:00:00,11,23.031666666666663,-20.211666666666662,48.93409122948637,65.77989451476792,25.20504230326543
2026-08-09 13:00:00,11,17.124166666666667,-21.239166666666662,55.31210759421618,65.77989451476792,26.912613369627095
2026-08-09 14:00:00,11,24.8875,-43.85916666666666,48.68721268795976,65.77989451476792,29.086822063799566
2026-08-09 15:00:00,11,8.395,-35.39833333333333,52.35542783422833,65.77989451476792,26.63814931032801
2026-08-09 16:00:00,11,15.128333333333332,-16.716666666666665,50.26999937293486,65.77989451476792,28.916969810342465
2026-08-09 17:00:00,11,57.8775,-1.4308333333333334,82.98086110457947,65.77989451476792,38.15267186093175
2026-08-09 18:00:00,11,87.25333333333333,22.4275,110.07482606504783,117.69196078431376,50.98801850472877
2026-08-09 19:00:00,11,90.20416666666668,12.280833333333334,126.07979421831524,117.69196078431376,56.59606008411137
2026-08-09 20:00:00,11,91.61416666666666,10.515,138.7915107962383,116.9487333333333,67.35686435715748
2026-08-09 21:00:00,11,97.5875,5.200833333333333,122.01429339786796,116.9487333333333,58.93376035928528
2026-08-09 22:00:00,11,103.58916666666666,7.515,104.05651844866651,60.44996693121693,53.23031671773839
2026-08-09 23:00:00,11,83.82083333333334,4.559166666666666,92.38065943923226,60.44996693121693,59.058785836824526
2026-08-10 00:00:00,11,81.87083333333332,8.419166666666667,102.67623153792033,72.65523854961832,80.88582769339457
2026-08-10 01:00:00,11,80.01833333333333,6.324166666666667,125.19013623534319,92.76971984805321,97.48930694816872
2026-08-10 02:00:00,11,67.33333333333333,2.794166666666667,128.01742509347906,126.32293865905825,113.38631079608083
2026-08-10 03:00:00,11,66.42666666666666,0.2575,108.82626007397967,126.32293865905825,105.26677979310128
2026-08-10 04:00:00,11,66.92166666666667,2.619166666666666,94.73756534690273,126.32293865905825,101.97374823610046
2026-08-10 05:00:00,11,62.99916666666667,0.9883333333333332,74.13803451459613,92.76971984805321,86.20595909063721
2026-08-10 06:00:00,11,57.74583333333334,-0.2558333333333333,31.893541069579513,13.093682598039209,26.7197771951003
2026-08-10 07:00:00,11,65.22416666666668,19.731666666666666,87.56624036891037,60.44996693121693,59.09089877442179
2026-08-10 08:00:00,11,79.64916666666666,26.354166666666668,170.127337451334,175.55011686991867,143.76769092242438
2026-08-10 09:00:00,11,84.16,2.455,144.0217070657405,117.69196078431376,140.02038863665086
2026-08-10 10:00:00,11,98.11583333333331,-1.0116666666666667,119.04667407818903,117.69196078431376,117.00644193669645
2026-08-10 11:00:00,11,86.6375,-1.1375,109.37299515341721,88.36131436314366,101.72653226512827
2026-08-10 12:00:00,11,73.25166666666667,-0.8216666666666668,103.5905724551076,88.36131436314366,94.45008027559565
2026-08-10 13:00:00,11,42.248333333333335,-1.1083333333333334,117.40161608307425,99.70760526315792,119.62969201157235
2026-08-10 14:00:00,11,46.56666666666666,-1.7791666666666666,116.12395295336907,99.70760526315792,114.8221606824563
2026-08-10 15:00:00,11,13.470833333333331,-2.345833333333333,78.85825346223285,60.44996693121693,55.6470068090882
2026-08-10 16:00:00,11,6.675,-3.7,63.707438653448705,65.77989451476792,35.61865672210797
2026-08-10 17:00:00,11,50.365833333333335,64.17416666666666,70.20142266488565,65.77989451476792,46.08977603516898
2026-08-10 18:00:00,11,87.28916666666667,95.10583333333334,79.45483802852527,117.69196078431376,53.70472828840576
2026-08-10 19:00:00,11,91.73,96.275,114.40981323427413,117.69196078431376,73.25449271579977
2026-08-10 20:00:00,11,86.23,93.06416666666668,129.24376119019547,117.69196078431376,96.53863029657515
2026-08-10 21:00:00,11,81.73333333333333,88.14833333333333,111.07295741272942,87.46845541401272,84.11491271061789
2026-08-10 22:00:00,11,86.09166666666665,68.97083333333333,80.56918060528777,60.44996693121693,65.15734882266827
2026-08-10 23:00:00,11,73.50916666666667,33.43833333333333,50.454605126340965,60.44996693121693,43.83143422266712
2026-08-11 00:00:00,11,69.97666666666667,28.614166666666662,36.17009475435086,60.44996693121693,34.00711717774478
2026-08-11 01:00:00,11,69.49499999999999,23.7575,57.025016168466685,44.72702519379845,44.28920163616509
2026-08-11 02:00:00,11,66.14583333333333,32.166666666666664,49.45825251082289,44.72702519379845,51.46905195593811
2026-08-11 03:00:00,11,56.884166666666665,36.810833333333335,45.79791760766766,40.774468680089484,61.540727130854364
2026-08-11 04:00:00,11,59.1225,39.303333333333335,46.55226981223157,72.65523854961832,74.1618499116973
2026-08-11 05:00:00,11,64.86833333333333,35.873333333333335,48.38899354480473,72.65523854961832,86.12841153691525
2026-08-11 06:00:00,11,76.705,48.03333333333333,63.0017530281218,92.76971984805321,103.88812230882463
2026-08-11 07:00:00,11,82.12833333333333,75.36,101.465556795098,99.70760526315792,127.59717987762626
2026-08-11 08:00:00,11,86.28583333333334,80.00833333333334,161.4700878108377,99.70760526315792,149.3657652303413
2026-08-11 09:00:00,11,79.55916666666667,59.84166666666667,133.4876610069379,143.92873170731704,129.45061054645475
2026-08-11 10:00:00,11,45.931666666666665,53.61000000000001,97.4862281807765,88.36131436314366,88.82950976929178
2026-08-11 11:00:00,11,29.375833333333333,50.69166666666666,83.52521897336987,88.36131436314366,73.57156537107198
2026-08-11 12:00:00,11,27.125833333333333,61.95083333333333,71.66665606975512,88.36131436314366,67.0929582935363
2026-08-11 13:00:00,11,10.2825,69.99416666666667,53.96936940648196,44.72702519379845,58.36085237890383
2026-08-11 14:00:00,11,15.784166666666666,98.88,59.99487173203927,88.36131436314366,58.03399507228824
2026-08-11 15:00:00,11,16.896666666666665,97.35666666666668,58.654346272397184,60.44996693121693,50.198636128395435
2026-08-11 16:00:00,11,39.9775,97.97583333333334,71.84811651421323,60.44996693121693,57.82894813672091
2026-08-11 17:00:00,11,75.3875,98.85583333333334,102.71341503758703,87.46845541401272,62.02316361571166
2026-08-11 18:00:00,11,75.37166666666667,125.64666666666666,137.09310322592472,117.69196078431376,82.75601305705459
2026-08-11 19:00:00,11,78.49083333333333,118.42,126.62081561801173,117.69196078431376,72.98816667208892
2026-08-11 20:00:00,11,63.42583333333334,116.485,108.73594414038467,117.69196078431376,54.361055312131356
2026-08-11 21:00:00,11,49.80916666666666,120.40666666666668,105.53857659654167,117.69196078431376,46.31359680649582
2026-08-11 22:00:00,11,6.322500000000001,124.25333333333332,54.294308732630384,65.77989451476792,26.167931906755214
2026-08-11 23:00:00,11,2.875,113.67083333333332,41.431644069978006,17.79245547073792,18.822024421359096
2026-08-12 00:00:00,11,0.0766666666666666,99.545,26.280497666744004,17.79245547073792,14.413641872432898
2026-08-12 01:00:00,11,7.888333333333333,100.22083333333336,37.137257759262724,17.79245547073792,12.871640341923438
2026-08-12 02:00:00,11,0.6233333333333333,93.76083333333334,16.529879316597054,34.765074257425745,3.5026832440585878
2026-08-12 03:00:00,11,-0.025,87.32000000000001,-1.0583461116429618,0.35085594315245533,-4.444615054467178
2026-08-12 04:00:00,11,-0.0416666666666666,77.19833333333334,-8.838435597198128,34.765074257425745,-5.280918771811997
2026-08-12 05:00:00,11,-0.0708333333333333,79.50083333333333,-9.88397101439142,34.765074257425745,-3.5932109601428266
2026-08-12 06:00:00,11,-0.0233333333333333,93.6725,0.5520634050183304,34.765074257425745,4.76979790136172
2026-08-12 07:00:00,11,15.048333333333332,115.58083333333332,41.00138421579618,17.79245547073792,30.749090346164337
2026-08-12 08:00:00,11,11.31,125.36333333333332,96.9214972510082,60.44996693121693,72.39565651609205
2026-08-12 09:00:00,11,21.655833333333334,126.08083333333332,109.74524933640664,117.69196078431376,86.09189551745553
2026-08-12 10:00:00,11,41.965,131.735,111.97056978457098,88.36131436314366,107.36946478615654
2026-08-12 11:00:00,11,5.609999999999999,103.93666666666668,91.29040410180453,88.36131436314366,80.8233913383382
2026-08-12 12:00:00,11,5.773333333333333,104.22166666666668,73.5920818237713,88.36131436314366,60.060510953515994
2026-08-12 13:00:00,11,-0.075,113.4175,67.69731938718972,88.36131436314366,61.37587022301367
2026-08-12 14:00:00,11,0.4133333333333333,137.9333333333333,40.161531978708396,44.72702519379845,40.36208355904084
2026-08-12 15:00:00,11,-1.4983333333333333,131.36333333333332,33.924625318240544,44.72702519379845,29.586410492695265
2026-08-12 16:00:00,11,22.70833333333333,173.81916666666666,46.17339609318134,44.72702519379845,32.388320556620144
2026-08-12 17:00:00,11,50.26083333333333,213.15833333333333,107.79161839397577,87.46845541401272,82.56923883580467
2026-08-12 18:00:00,11,82.80416666666666,218.1975,154.5567473881947,116.9487333333333,113.19323047505402
2026-08-12 19:00:00,11,95.24916666666668,215.78083333333333,166.13332166303985,117.69196078431376,109.05979000774353
2026-08-12 20:00:00,11,92.175,176.41750000000002,163.7862353046743,117.69196078431376,116.22570068560645
2026-08-12 21:00:00,11,86.36166666666666,165.92916666666667,154.59999309469998,116.9487333333333,112.78446056281553
2026-08-12 22:00:00,11,80.34916666666668,152.005,139.2651618665928,88.36131436314366,111.96062694413962
2026-08-12 23:00:00,11,67.91000000000001,135.23,116.86619371170283,99.70760526315792,106.12071064215439
2026-08-13 00:00:00,11,54.73666666666667,122.28000000000002,104.59372413692626,99.70760526315792,99.19839333211006
2026-08-13 01:00:00,11,41.61416666666667,114.19833333333334,112.72629132933811,44.72702519379845,84.04701162591326
2026-08-13 02:00:00,11,53.11416666666667,111.105,89.66933942538707,44.72702519379845,67.97874099695719
2026-08-13 03:00:00,11,42.1175,108.71583333333336,74.69857806755734,40.774468680089484,60.13601172711795
2026-08-13 04:00:00,11,28.852500000000003,109.50083333333332,62.975005026318456,40.774468680089484,54.988595146381286
2026-08-13 05:00:00,11,13.336666666666666,108.15416666666664,67.0453608469671,40.774468680089484,66.85999579183274
2026-08-13 06:00:00,11,16.8775,133.0875,85.37063584061696,96.67203431372548,85.24541879826621
2026-08-13 07:00:00,11,40.435833333333335,174.7825,133.72865860988685,140.7451964285715,119.46429566931948
2026-08-13 08:00:00,11,60.83916666666666,242.58166666666668,189.76348191193438,88.36131436314366,145.80980720849897
2026-08-13 09:00:00,11,70.41833333333334,109.8125,172.5809169025314,88.36131436314366,129.59807599290576
2026-08-13 10:00:00,11,76.5025,90.38666666666666,147.86288517876574,88.36131436314366,103.17993846813002
2026-08-13 11:00:00,11,73.07333333333334,69.46249999999999,119.99677713859423,88.36131436314366,76.09272954077727
2026-08-13 12:00:00,11,89.82416666666666,70.4775,104.5738912035417,88.36131436314366,65.73281795622069
2026-08-13 13:00:00,11,88.24333333333334,44.219166666666666,109.5123858167331,88.36131436314366,73.68063562762902
2026-08-13 14:00:00,11,88.53916666666667,34.30083333333334,133.76135687648787,123.15718186936934,107.53567400688544
2026-08-13 15:00:00,11,83.30833333333334,63.88666666666666,135.41341626136938,123.15718186936934,117.0432170806773
2026-08-13 16:00:00,11,102.64583333333331,94.40916666666668,156.47864369257104,123.15718186936934,133.4582656226064
2026-08-13 17:00:00,11,108.86416666666666,104.66,211.4743200533586,175.55011686991867,179.07481807989853
2026-08-13 18:00:00,11,123.13,126.26,249.91875782074106,1145.7589356435647,206.62121189077035
2026-08-13 19:00:00,11,122.9725,126.56833333333331,251.10408711729607,263.7328412073491,201.6952744299937
2026-08-13 20:00:00,11,114.3775,114.0625,224.27280966407596,263.7328412073491,177.2922031480466
2026-08-13 21:00:00,11,115.79,121.24416666666669,236.1130559025087,175.55011686991867,168.8863990813856
2026-08-13 22:00:00,11,109.4875,123.0575,244.39504755962773,175.55011686991867,167.51286846317012
2026-08-13 23:00:00,11,103.89833333333333,120.48416666666668,166.47615648759285,140.7451964285715,136.7756935750457
2026-08-14 00:00:00,11,98.46083333333333,107.00416666666666,140.52619222016176,140.7451964285715,127.34616689662111
2026-08-14 01:00:00,11,95.73166666666668,103.6,154.85109932989167,92.76971984805321,123.3813343559598
2026-08-14 02:00:00,11,103.54333333333334,105.70583333333332,135.0269684951898,92.76971984805321,114.04022654619584
2026-08-14 03:00:00,11,98.19166666666666,104.75583333333331,117.93897968545076,92.76971984805321,101.27173122890949
2026-08-14 04:00:00,11,93.88583333333334,108.37416666666668,109.87013674704735,92.76971984805321,96.0935083654992
2026-08-14 05:00:00,11,87.82666666666667,120.3325,101.92486879181882,126.604,97.04658158312736
2026-08-14 06:00:00,11,85.505,109.69083333333332,121.18862199663704,92.76971984805321,114.49003584051027
2026-08-14 07:00:00,11,97.8,123.91666666666669,180.5631907725304,140.7451964285715,150.6062623748058
2026-08-14 08:00:00,11,86.205,136.15166666666667,261.7908579001226,175.55011686991867,167.38520849021336
2026-08-14 09:00:00,11,84.565,131.41666666666666,184.1285584067595,175.55011686991867,129.21562098591946
2026-08-14 10:00:00,11,96.38333333333333,91.87166666666668,151.12013029415294,123.15718186936934,93.6306925945852
2026-08-14 11:00:00,11,77.44416666666666,67.51333333333334,129.47841338038165,123.15718186936934,71.25207346390724
2026-08-14 12:00:00,11,81.44833333333334,53.6825,119.76958066821831,70.84337274774776,72.87781389466583
2026-08-14 13:00:00,11,80.54833333333333,22.117500000000003,129.40584403751777,70.84337274774776,89.08201544829492
2026-08-14 14:00:00,11,61.19833333333333,2.1875,138.35076853574998,70.84337274774776,90.10853856939136
2026-08-14 15:00:00,11,45.58583333333333,0.5466666666666667,146.98317570314535,70.84337274774776,102.20126104930992
2026-08-14 16:00:00,11,65.9025,17.78,155.9641525235188,95.9692763157895,118.60583098785969
2026-08-14 17:00:00,11,121.4375,101.04916666666666,187.8685171127669,175.55011686991867,155.79200218211878
2026-08-14 18:00:00,11,157.46083333333334,125.12833333333332,209.46464563449484,175.55011686991867,170.32091093042249
2026-08-14 19:00:00,11,144.76083333333335,117.87666666666668,218.95075030047218,175.55011686991867,172.02555899714145
2026-08-14 20:00:00,11,121.48416666666668,105.64916666666666,208.43093825472084,175.55011686991867,168.91165349725873
2026-08-14 21:00:00,11,114.40666666666668,105.49166666666667,202.72903535048707,175.55011686991867,167.2811837937404
2026-08-14 22:00:00,11,112.39083333333332,100.84916666666668,199.5274169329945,175.55011686991867,158.1209518684294
2026-08-14 23:00:00,11,114.735,97.71666666666664,184.2421088915193,140.7451964285715,148.50636297692205
2026-08-15 00:00:00,11,101.23166666666668,77.96333333333332,164.47308315971452,123.15718186936934,136.17881755446103
2026-08-15 01:00:00,11,113.15,33.345,157.70380746995767,126.32293865905825,117.36918107696886
2026-08-15 02:00:00,11,98.59333333333332,7.585,139.40936183852938,126.32293865905825,111.74852756795337
2026-08-15 03:00:00,11,97.2625,7.409166666666667,126.3407447932494,126.32293865905825,106.81022460812162
2026-08-15 04:00:00,11,92.2675,1.7283333333333333,113.59907129352328,126.32293865905825,103.02318509480328
2026-08-15 05:00:00,11,90.46416666666666,0.0058333333333333,111.13354971757462,126.32293865905825,103.98379940015572
2026-08-15 06:00:00,11,112.6,-0.045,113.62196404317669,126.32293865905825,107.93086661986686
2026-08-15 07:00:00,11,111.8,3.3708333333333336,125.96302439021233,126.32293865905825,118.20654628399615
2026-08-15 08:00:00,11,131.19833333333335,18.15833333333333,144.6786881435049,123.15718186936934,119.41186148030289
2026-08-15 09:00:00,11,60.0125,7.0683333333333325,142.10782083275814,123.15718186936934,89.60824071636604
2026-08-15 10:00:00,11,65.77666666666667,-0.1641666666666666,116.73171701926879,118.91473333333333,58.55632719056965
2026-08-15 11:00:00,11,48.64666666666667,-2.8666666666666667,81.69604011300706,50.32131746031745,40.51952594377835
2026-08-15 12:00:00,11,64.52416666666666,-5.995833333333334,72.4789938669082,50.32131746031745,41.546766627211184
2026-08-15 13:00:00,11,65.4875,-6.644166666666667,61.993118471961346,50.32131746031745,37.236157923845205
2026-08-15 14:00:00,11,69.30916666666667,-6.804166666666667,52.5246378529966,50.32131746031745,32.432585569067626
2026-08-15 15:00:00,11,66.33749999999999,-6.995,53.50691759450345,50.32131746031745,33.37957400618848
2026-08-15 16:00:00,11,56.03416666666666,2.0225,60.33511607125743,41.078765151515164,48.753443160570555
2026-08-15 17:00:00,11,73.345,12.160000000000002,99.95937952119591,95.9692763157895,82.17065075133961
2026-08-15 18:00:00,11,96.65916666666668,13.735,133.40605236562226,99.70760526315792,107.26137687998806
2026-08-15 19:00:00,11,93.5825,17.378333333333334,146.0346578485868,99.70760526315792,111.4298684519036
2026-08-15 20:00:00,11,89.01916666666666,16.098333333333333,140.2268035662694,99.70760526315792,109.30080821869517
2026-08-15 21:00:00,11,87.20416666666667,7.309166666666667,134.02413015065787,99.70760526315792,106.21683507213919
2026-08-15 22:00:00,11,89.22583333333334,8.75,125.09042148481144,99.70760526315792,102.86192382105229
2026-08-15 23:00:00,11,83.22,8.046666666666667,107.88749687716512,99.70760526315792,97.81406118995137
2026-08-16 00:00:00,11,78.87,9.0925,92.89897096495665,99.70760526315792,94.44584164526017
2026-08-16 01:00:00,11,67.73833333333333,0.3941666666666666,101.34815520268518,92.76971984805321,88.08569283549568
2026-08-16 02:00:00,11,66.97166666666666,-0.0791666666666666,89.32818947397419,102.05628086419755,86.01411064554809
2026-08-16 03:00:00,11,62.807500000000005,-1.9425,84.45834298028208,102.05628086419755,85.3484620166699
2026-08-16 04:00:00,11,62.21416666666667,-4.198333333333333,87.42775305733208,102.05628086419755,86.43137928144779
2026-08-16 05:00:00,11,61.24,-4.951666666666667,98.69930352671678,102.05628086419755,86.03988764907332
2026-08-16 06:00:00,11,59.92333333333334,-5.214166666666666,108.04844450757554,102.05628086419755,89.78734497148817
2026-08-16 07:00:00,11,68.9875,-0.8983333333333334,104.38859346906747,102.05628086419755,98.92115366170931
2026-08-16 08:00:00,11,49.21666666666667,8.84,119.76463234248354,102.05628086419755,98.86229227587096
2026-08-16 09:00:00,11,44.43833333333333,11.466666666666669,122.8547424798693,123.15718186936934,76.69731725691166
2026-08-16 10:00:00,11,32.8375,9.733333333333333,113.36254749842136,118.91473333333333,52.75080713008008
2026-08-16 11:00:00,11,12.453333333333331,6.624166666666667,91.91911913284471,70.5606960784314,34.60479284040175
2026-08-16 12:00:00,11,4.3116666666666665,23.031666666666663,65.363076357955,41.441312335957996,25.68055332261725
2026-08-16 13:00:00,11,-2.971666666666667,17.124166666666667,41.65015807456395,28.077589928057556,20.589184831576212
2026-08-16 14:00:00,11,-5.571666666666666,24.8875,25.993001527651437,4.305274451097806,20.947074148641036
2026-08-16 15:00:00,11,-12.878333333333332,8.395,15.920024259168699,28.077589928057556,16.971798495567853
2026-08-16 16:00:00,11,-1.549166666666667,15.128333333333332,23.569679557713123,9.347096774193549,23.95646756078623
2026-08-16 17:00:00,11,62.38083333333333,57.8775,56.88923812887562,41.078765151515164,55.46984544108021
2026-08-16 18:00:00,11,80.685,87.25333333333333,106.73534662583411,99.70760526315792,94.30038509390101
2026-08-16 19:00:00,11,81.99,90.20416666666668,132.96770214688365,123.15718186936934,106.64471821984185
2026-08-16 20:00:00,11,77.85833333333333,91.61416666666666,151.37397805878877,123.15718186936934,117.10350951354971
2026-08-16 21:00:00,11,72.64333333333333,97.5875,155.6190983723302,123.15718186936934,118.9078379757316
2026-08-16 22:00:00,11,68.33083333333333,103.58916666666666,146.84946407084493,123.15718186936934,115.86595794665995
2026-08-16 23:00:00,11,62.06583333333333,83.82083333333334,128.0173314032781,123.15718186936934,107.64789998834195
2026-08-17 00:00:00,11,57.11083333333334,81.87083333333332,125.50580751542489,102.05628086419755,102.99725118807166
2026-08-17 01:00:00,11,56.46416666666667,80.01833333333333,134.9716850634951,126.32293865905825,117.39068489844303
2026-08-17 02:00:00,11,52.1925,67.33333333333333,122.78112004018737,126.32293865905825,111.76311105440057
2026-08-17 03:00:00,11,51.19083333333333,66.42666666666666,114.16874663304938,126.32293865905825,110.55945643154507
2026-08-17 04:00:00,11,51.8775,66.92166666666667,104.94825184491782,126.32293865905825,112.9741575157928
2026-08-17 05:00:00,11,44.48083333333333,62.99916666666667,95.37202692456971,126.32293865905825,118.89744560173264
2026-08-17 06:00:00,11,45.48,57.74583333333334,103.58495217435419,126.32293865905825,134.81754157867732
2026-08-17 07:00:00,11,56.99916666666667,65.22416666666668,142.4383632006495,143.92873170731704,165.48169989668628
2026-08-17 08:00:00,11,60.0125,79.64916666666666,178.50298671304927,143.92873170731704,180.47246952988917
2026-08-17 09:00:00,11,51.98666666666667,84.16,177.11524809467704,143.92873170731704,163.84881985407614
2026-08-17 10:00:00,11,51.575,98.11583333333331,156.73978451708365,143.92873170731704,131.24060840901828
2026-08-17 11:00:00,11,26.734166666666667,86.6375,120.53160774621597,118.91473333333333,97.62129027780736
2026-08-17 12:00:00,11,19.300833333333333,73.25166666666667,90.48415963447039,70.5606960784314,77.12869498633836
2026-08-17 13:00:00,11,21.389166666666668,42.248333333333335,60.087137389918766,41.441312335957996,51.43262254532337
2026-08-17 14:00:00,11,3.5850000000000004,46.56666666666666,45.61113407572046,41.441312335957996,42.797744403544556
2026-08-17 15:00:00,11,16.408333333333335,13.470833333333331,45.51648726273011,41.441312335957996,49.86737332688067
2026-08-17 16:00:00,11,13.003333333333332,6.675,64.14221416413261,70.5606960784314,73.26719540009708
2026-08-17 17:00:00,11,70.75,50.365833333333335,121.01105443615816,95.9692763157895,125.49001100795797
2026-08-17 18:00:00,11,84.38666666666667,87.28916666666667,168.18504122394313,143.92873170731704,173.7498900738305
2026-08-17 19:00:00,11,84.17083333333333,91.73,204.93302790483708,263.7328412073491,192.25921655688313
2026-08-17 20:00:00,11,83.6025,86.23,214.69296483090227,143.92873170731704,192.57956058517533
2026-08-17 21:00:00,11,86.14666666666666,81.73333333333333,213.01390644971835,143.92873170731704,184.57959699703008
2026-08-17 22:00:00,11,74.05833333333334,86.09166666666665,185.32135325556828,143.92873170731704,171.46736976620852
2026-08-17 23:00:00,11,56.04916666666667,73.50916666666667,140.63965032246378,143.92873170731704,149.78762242316964
2026-08-18 00:00:00,11,53.806666666666665,69.97666666666667,116.65965192991415,126.32293865905825,134.7294277002586
2026-08-18 01:00:00,11,48.0025,69.49499999999999,114.22889380324023,126.32293865905825,118.16739045583678
2026-08-18 02:00:00,11,38.270833333333336,66.14583333333333,90.4071435216593,126.32293865905825,103.44050611333992
2026-08-18 03:00:00,11,29.2725,56.884166666666665,72.87844755843034,92.76971984805321,94.24763746311888
2026-08-18 04:00:00,11,28.01333333333333,59.1225,59.501648681765396,92.76971984805321,86.98333256938741
2026-08-18 05:00:00,11,27.979166666666668,64.86833333333333,51.51484495554553,72.65523854961832,85.66218853877214
2026-08-18 06:00:00,11,28.496666666666663,76.705,63.70860689626337,72.65523854961832,97.2569764293705
2026-08-18 07:00:00,11,35.708333333333336,82.12833333333333,100.35215438998287,99.70760526315792,115.76505613918445
2026-08-18 08:00:00,11,46.56166666666667,86.28583333333334,142.35415636981512,99.70760526315792,137.53537893079965
2026-08-18 09:00:00,11,17.227500000000003,79.55916666666667,116.26420350948675,99.70760526315792,89.59249922909243
2026-08-18 10:00:00,11,7.2775,45.931666666666665,83.96804085042427,95.9692763157895,55.39866207505424
2026-08-18 11:00:00,11,-2.3516666666666666,29.375833333333333,53.95593193523669,40.774468680089484,31.747784299536953
2026-08-18 12:00:00,11,-5.696666666666666,27.125833333333333,22.891319519975177,3.632594696969696,10.674278052248567
2026-08-18 13:00:00,11,-5.700833333333333,10.2825,13.617035917267962,3.632594696969696,2.7675355021154076
2026-08-18 14:00:00,11,-1.1375,15.784166666666666,20.970726636643192,-13.551561403508776,-1.29934789497824
2026-08-18 15:00:00,11,-0.8875000000000001,16.896666666666665,22.012227253928813,3.632594696969696,-0.4419987236994416
2026-08-18 16:00:00,11,3.3241666666666667,39.9775,53.50117966700354,22.431590476190475,19.107091757020022
2026-08-18 17:00:00,11,22.745,75.3875,88.03316949263542,87.46845541401272,58.5712294099263
2026-08-18 18:00:00,11,17.518333333333334,75.37166666666667,132.40450331590682,116.9487333333333,97.66873142063426
2026-08-18 19:00:00,11,12.445833333333333,78.49083333333333,133.23396308654122,116.9487333333333,88.86002344111215
2026-08-18 20:00:00,11,11.7875,63.42583333333334,127.5442220215776,116.9487333333333,87.57231089955653
2026-08-18 21:00:00,11,9.51,49.80916666666666,114.17333727559937,116.9487333333333,74.46262930194136
2026-08-18 22:00:00,11,9.491666666666667,6.322500000000001,90.65830811622853,60.44996693121693,50.61550000083372
2026-08-18 23:00:00,11,8.0625,2.875,65.45823007784949,44.72702519379845,38.33809253425274
2026-08-19 00:00:00,11,-0.1566666666666666,0.0766666666666666,39.26413407078768,13.093682598039209,23.31987698297354
2026-08-19 01:00:00,11,-0.2783333333333333,7.888333333333333,36.83717036375837,12.575274822695032,4.50448365408306
2026-08-19 02:00:00,11,-3.4625,0.6233333333333333,9.837199506259061,0.35085594315245533,-2.759083773835968
2026-08-19 03:00:00,11,-5.585,-0.025,-15.118688725368344,-4.490239071038252,-6.775656823528166
2026-08-19 04:00:00,11,-6.871666666666666,-0.0416666666666666,-37.86653081793543,-4.490239071038252,-8.079242493145074
2026-08-19 05:00:00,11,-5.741666666666667,-0.0708333333333333,-42.8186178805454,-4.490239071038252,-4.038923128188401
2026-08-19 06:00:00,11,5.399166666666666,-0.0233333333333333,-30.166320640290905,0.35085594315245533,-0.19079278606282912
2026-08-19 07:00:00,11,13.589166666666666,15.048333333333332,4.587753636540739,17.79245547073792,12.597058279412963
2026-08-19 08:00:00,11,4.9375,11.31,41.32012109787442,17.79245547073792,19.491330032751378
2026-08-19 09:00:00,11,20.09,21.655833333333334,39.82234090819266,17.79245547073792,21.006124516068432
2026-08-19 10:00:00,11,21.51833333333333,41.965,42.629422302826214,17.79245547073792,18.901429000890758
2026-08-19 11:00:00,11,12.788333333333334,5.609999999999999,39.6212986631429,17.79245547073792,22.239448217335898
2026-08-19 12:00:00,11,13.93,5.773333333333333,36.167807740597624,65.77989451476792,30.96397518351221
2026-08-19 13:00:00,11,13.8925,-0.075,39.43345549838543,65.77989451476792,28.17481684128716
2026-08-19 14:00:00,11,9.701666666666666,0.4133333333333333,35.94780200864191,17.79245547073792,21.72708873074844
2026-08-19 15:00:00,11,4.3175,-1.4983333333333333,20.084614185889556,17.79245547073792,3.4832499931583243
2026-08-19 16:00:00,11,8.399166666666666,22.70833333333333,43.33563284090398,17.79245547073792,13.933144499286222
2026-08-19 17:00:00,11,34.21333333333333,50.26083333333333,100.35000950112132,17.79245547073792,32.49439675034375
2026-08-19 18:00:00,11,54.57,82.80416666666666,126.22924290590684,65.77989451476792,53.86492289355281
2026-08-19 19:00:00,11,61.998333333333335,95.24916666666668,133.84623519569158,65.77989451476792,61.28899996246249
2026-08-19 20:00:00,11,61.42416666666667,92.175,144.38673099130847,65.77989451476792,70.9551818609509
2026-08-19 21:00:00,11,58.475,86.36166666666666,129.91861633816825,116.9487333333333,64.40189162931027
2026-08-19 22:00:00,11,32.274166666666666,80.34916666666668,121.3811762253305,60.44996693121693,69.38233095149126
2026-08-19 23:00:00,11,36.42083333333333,67.91000000000001,101.6172812031833,44.72702519379845,66.64515166602553
2026-08-20 00:00:00,11,61.25833333333333,54.73666666666667,89.03214841200966,44.72702519379845,65.4433469797285
2026-08-20 01:00:00,11,60.5675,41.61416666666667,104.65355298740222,44.72702519379845,66.33341437198507
2026-08-20 02:00:00,11,52.1525,53.11416666666667,89.37932696457973,40.774468680089484,61.17747823766354
2026-08-20 03:00:00,11,49.6925,42.1175,75.58077672134395,40.774468680089484,55.50849914264939
2026-08-20 04:00:00,11,57.39083333333334,28.852500000000003,73.1009602247098,72.65523854961832,60.948516342414315
2026-08-20 05:00:00,11,55.4825,13.336666666666666,76.05398860974098,72.65523854961832,71.31561947366842
2026-08-20 06:00:00,11,66.27,16.8775,96.36875527779615,72.65523854961832,90.03129109638589
2026-08-20 07:00:00,11,80.43583333333333,40.435833333333335,136.856359913088,140.7451964285715,118.18853891321008
2026-08-20 08:00:00,11,104.15916666666668,60.83916666666666,197.15384502782226,175.55011686991867,146.3066367978247
2026-08-20 09:00:00,11,126.3875,70.41833333333334,150.7640182046723,99.70760526315792,112.66265786636723
2026-08-20 10:00:00,11,270.59666666666664,76.5025,148.4779750035483,123.15718186936934,106.78974483808312
2026-08-20 11:00:00,11,51.05083333333334,73.07333333333334,112.70531321147162,88.36131436314366,77.71462250924493
2026-08-20 12:00:00,11,26.8225,89.82416666666666,80.84682176706525,44.72702519379845,49.63258233589029
2026-08-20 13:00:00,11,16.509166666666665,88.24333333333334,62.620756586728,68.35325810185189,42.18908931624178
2026-08-20 14:00:00,11,18.61583333333333,88.53916666666667,48.289456693655445,40.774468680089484,29.961420306621022
2026-08-20 15:00:00,11,25.9825,83.30833333333334,54.46837841848083,22.431590476190475,24.11869573038468
2026-08-20 16:00:00,11,37.37,102.64583333333331,104.24294474460069,68.35325810185189,63.34234013839179
2026-08-20 17:00:00,11,27.9325,108.86416666666666,130.72150576406324,99.70760526315792,99.02484283317192
2026-08-20 18:00:00,11,73.66000000000001,123.13,156.30226496645867,116.9487333333333,121.3805596811849
2026-08-20 19:00:00,11,63.0025,122.9725,169.99803655786957,116.9487333333333,125.82032424143301
2026-08-20 20:00:00,11,82.86083333333333,114.3775,176.02805423356926,99.70760526315792,148.216058123207
2026-08-20 21:00:00,11,86.81,115.79,177.01495638011318,99.70760526315792,153.78625165925496
2026-08-20 22:00:00,11,87.21749999999999,109.4875,159.37504763492944,99.70760526315792,135.8002891868478
2026-08-20 23:00:00,11,72.99416666666667,103.89833333333333,133.33552363340965,99.70760526315792,114.68941677075185
2026-08-21 00:00:00,11,58.90416666666667,98.46083333333333,115.24722788555346,72.65523854961832,103.4779048663862
2026-08-21 01:00:00,11,59.78333333333333,95.73166666666668,122.01825836602629,72.65523854961832,93.34916554218727
2026-08-21 02:00:00,11,45.92166666666666,103.54333333333334,107.5968772871536,72.65523854961832,86.79649103912271
2026-08-21 03:00:00,11,39.64833333333333,98.19166666666666,94.52956867326735,72.65523854961832,78.41242913147104
2026-08-21 04:00:00,11,22.74083333333333,93.88583333333334,87.5194988987308,72.65523854961832,74.585781367757
2026-08-21 05:00:00,11,17.451666666666664,87.82666666666667,85.83696932941731,72.65523854961832,71.64200734331668
2026-08-21 06:00:00,11,10.745833333333332,85.505,90.56410743168817,72.65523854961832,79.35044868912642
2026-08-21 07:00:00,11,45.61333333333334,97.8,129.31470720992624,99.70760526315792,107.11233265691138
2026-08-21 08:00:00,11,54.064166666666665,86.205,171.65397136889038,175.55011686991867,124.261266263207
2026-08-21 09:00:00,11,45.619166666666665,84.565,161.54823780538214,175.55011686991867,96.6564542883714
2026-08-21 10:00:00,11,31.159166666666668,96.38333333333333,129.64960633428862,88.36131436314366,69.28747734458189
2026-08-21 11:00:00,11,37.42416666666667,77.44416666666666,89.12417185545088,44.72702519379845,45.12870817023275
2026-08-21 12:00:00,11,36.80916666666667,81.44833333333334,98.789271409326,88.36131436314366,63.18039711320468
2026-08-21 13:00:00,11,41.15583333333333,80.54833333333333,89.4351289400424,44.72702519379845,65.82131471673036
2026-08-21 14:00:00,11,37.61,61.19833333333333,85.87732236429515,70.84337274774776,69.26942622211087
2026-08-21 15:00:00,11,38.56333333333333,45.58583333333333,75.02063691187253,70.84337274774776,65.47575249057137
2026-08-21 16:00:00,11,44.38166666666667,65.9025,87.17982610591729,70.84337274774776,73.30628903517369
2026-08-21 17:00:00,11,64.205,121.4375,139.06149777040213,123.15718186936934,107.46658072704653
2026-08-21 18:00:00,11,71.14166666666667,157.46083333333334,168.0998689677089,175.55011686991867,126.43456517918199
2026-08-21 19:00:00,11,61.46083333333333,144.76083333333335,169.57099896608435,99.70760526315792,114.85929592050354
2026-08-21 20:00:00,11,21.34166666666667,121.48416666666668,149.30831823242892,116.9487333333333,93.02981975085207
2026-08-21 21:00:00,11,12.043333333333337,114.40666666666668,133.06469442154815,116.9487333333333,72.1546084126475
2026-08-21 22:00:00,11,11.545833333333334,112.39083333333332,114.94549405296436,60.44996693121693,59.0425257341155
2026-08-21 23:00:00,11,9.849166666666669,114.735,92.14486943191234,60.44996693121693,47.99793229167159
2026-08-22 00:00:00,11,8.438333333333334,101.23166666666668,78.7691676789609,44.72702519379845,46.47694237771863
2026-08-22 01:00:00,11,4.9675,113.15,65.86918598966759,44.72702519379845,53.059797894644205
2026-08-22 02:00:00,11,1.43,98.59333333333332,39.0327631005483,40.774468680089484,43.582720010061074
2026-08-22 03:00:00,11,8.0325,97.2625,26.758099421486257,40.774468680089484,39.59646197249458
2026-08-22 04:00:00,11,5.471666666666667,92.2675,20.75164593823765,40.774468680089484,43.897752657308295
2026-08-22 05:00:00,11,6.720833333333334,90.46416666666666,17.515736577958833,22.144265624999996,47.402047967257616
2026-08-22 06:00:00,11,4.253333333333333,112.6,18.54139056487739,40.774468680089484,51.52585743484299
2026-08-22 07:00:00,11,13.825,111.8,30.29582256536041,40.774468680089484,61.192884676912016
2026-08-22 08:00:00,11,18.360833333333336,131.19833333333335,53.99434735981184,96.67203431372548,62.487330783380465
2026-08-22 09:00:00,11,23.17833333333333,60.0125,62.30895203500752,92.76971984805321,53.56760943610718
2026-08-22 10:00:00,11,11.973333333333334,65.77666666666667,32.2800758801986,44.72702519379845,21.20773504402751
2026-08-22 11:00:00,11,7.677499999999999,48.64666666666667,-7.8825334440623465,3.632594696969696,-2.3040179769717497
2026-08-22 12:00:00,11,8.834999999999999,64.52416666666666,-12.007961658941866,3.632594696969696,-1.0158776851255737
2026-08-22 13:00:00,11,3.675833333333333,65.4875,-20.74368385715212,3.632594696969696,-9.039126894480106
2026-08-22 14:00:00,11,-2.438333333333333,69.30916666666667,-23.149947559975274,-13.551561403508776,-14.990429220157154
2026-08-22 15:00:00,11,-1.2141666666666666,66.33749999999999,-4.129320517885404,9.347096774193549,-0.9610441051972742
2026-08-22 16:00:00,11,19.6975,56.03416666666666,37.73510418694457,41.078765151515164,27.698146740505145
2026-08-22 17:00:00,11,70.76666666666667,73.345,82.56413967163701,70.84337274774776,75.43107001079647
2026-08-22 18:00:00,11,106.9225,96.65916666666668,120.46713369551777,123.15718186936934,115.60351071930933
2026-08-22 19:00:00,11,104.05416666666667,93.5825,145.35997655131357,123.15718186936934,128.35190986788587
2026-08-22 20:00:00,11,117.745,89.01916666666666,151.97000185458924,123.15718186936934,130.10603542181505
2026-08-22 21:00:00,11,128.7225,87.20416666666667,143.66117053697724,123.15718186936934,125.74504299002463
2026-08-22 22:00:00,11,119.98166666666668,89.22583333333334,130.71329319706933,123.15718186936934,117.13078484008055
2026-08-22 23:00:00,11,114.685,83.22,108.0044346134584,123.15718186936934,105.78536565022605
2026-08-23 00:00:00,11,117.06833333333331,78.87,101.47055274451353,123.15718186936934,103.13498976022237
2026-08-23 01:00:00,11,119.69833333333332,67.73833333333333,117.40910609561283,102.05628086419755,98.03313489343415
2026-08-23 02:00:00,11,129.91333333333333,66.97166666666666,114.59232403767524,102.05628086419755,94.84525217812761
2026-08-23 03:00:00,11,112.81333333333332,62.807500000000005,114.19681512232964,102.05628086419755,91.76896291130795
2026-08-23 04:00:00,11,109.38916666666668,62.21416666666667,104.16313387135679,102.05628086419755,90.10525349146883
2026-08-23 05:00:00,11,104.07916666666668,61.24,89.83407636697818,102.05628086419755,90.5585531060115
2026-08-23 06:00:00,11,112.7975,59.92333333333334,86.17068883286356,102.05628086419755,94.0403647954514
2026-08-23 07:00:00,11,106.48166666666668,68.9875,90.33654910317544,102.05628086419755,100.10066023693237
2026-08-23 08:00:00,11,62.66833333333333,49.21666666666667,88.09152918441643,102.05628086419755,84.20294373783781
2026-08-23 09:00:00,11,14.601666666666668,44.43833333333333,77.21458784337202,95.9692763157895,50.33724875000188
2026-08-23 10:00:00,11,5.538333333333333,32.8375,56.51331510279821,31.880327102803726,36.371200311700086
2026-08-23 11:00:00,11,-3.545,12.453333333333331,10.667382760769115,-2.11305785123967,-1.232549147326722
2026-08-23 12:00:00,11,-7.079999999999999,4.3116666666666665,3.5499952543582296,4.305274451097806,-9.30724421305662
2026-08-23 13:00:00,11,-3.900833333333333,-2.971666666666667,-3.7792660664714077,4.305274451097806,-13.334404834346131
2026-08-23 14:00:00,11,-2.521666666666667,-5.571666666666666,3.5902991342670916,-2.11305785123967,-10.039287841545402
2026-08-23 15:00:00,11,1.4875,-12.878333333333332,2.4627982392697163,-2.11305785123967,-8.03556921334416
2026-08-23 16:00:00,11,-2.125,-1.549166666666667,20.71939304495274,9.347096774193549,10.94773334172595
2026-08-23 17:00:00,11,43.205000000000005,62.38083333333333,65.13222888813084,41.078765151515164,37.699195768702054
2026-08-23 18:00:00,11,78.63666666666667,80.685,107.60299903636366,99.70760526315792,75.29589687816488
2026-08-23 19:00:00,11,87.35833333333333,81.99,134.12149976027746,99.70760526315792,89.59894880766942
2026-08-23 20:00:00,11,84.14833333333333,77.85833333333333,145.103960744408,99.70760526315792,103.3621953917546
2026-08-23 21:00:00,11,83.48083333333334,72.64333333333333,140.71880555871147,99.70760526315792,102.5522450113982
2026-08-23 22:00:00,11,71.9225,68.33083333333333,129.29555933751257,99.70760526315792,95.79728654347322
2026-08-23 23:00:00,11,56.814166666666665,62.06583333333333,101.76783409318,92.76971984805321,84.11709837008122
2026-08-24 00:00:00,11,36.6475,57.11083333333334,85.12916105561682,72.65523854961832,74.64647465025635
2026-08-24 01:00:00,11,32.431666666666665,56.46416666666667,81.00333908056675,40.774468680089484,63.91029320161925
2026-08-24 02:00:00,11,20.72,52.1925,51.63848541216213,40.774468680089484,41.47974340078436
2026-08-24 03:00:00,11,17.99416666666667,51.19083333333333,33.5992113981764,40.774468680089484,29.806256894495817
2026-08-24 04:00:00,11,26.77333333333333,51.8775,30.88635871931551,40.774468680089484,36.06020862680046
2026-08-24 05:00:00,11,34.196666666666665,44.48083333333333,35.00543391919409,40.774468680089484,49.53575966151816
2026-08-24 06:00:00,11,21.15416666666667,45.48,44.851458041522406,40.774468680089484,62.41981568527507
2026-08-24 07:00:00,11,44.895,56.99916666666667,73.6783586601727,60.44996693121693,80.74590005248888
2026-08-24 08:00:00,11,44.34166666666667,60.0125,109.99116032443254,88.36131436314366,94.06024573773183
2026-08-24 09:00:00,11,20.98583333333333,51.98666666666667,103.60693941531676,88.36131436314366,78.34620184282193
2026-08-24 10:00:00,11,21.33666666666667,51.575,90.31226735142597,44.72702519379845,49.53956982107881
2026-08-24 11:00:00,11,14.223333333333334,26.734166666666667,28.805525884685046,13.093682598039209,9.01269591905843
2026-08-24 12:00:00,11,10.935833333333331,19.300833333333333,23.39369327221229,13.093682598039209,9.970209263991109
2026-08-24 13:00:00,11,8.711666666666668,21.389166666666668,18.194873937323294,3.632594696969696,16.49020428821659
2026-08-24 14:00:00,11,18.305,3.5850000000000004,39.370622880122696,40.774468680089484,36.4438753873271
2026-08-24 15:00:00,11,37.1525,16.408333333333335,47.50027670081201,41.078765151515164,55.366731265086685
2026-08-24 16:00:00,11,88.45416666666667,13.003333333333332,54.09332420896111,68.35325810185189,60.31834398425582
2026-08-24 17:00:00,11,104.665,70.75,100.91111656466441,99.70760526315792,97.68020029912395
2026-08-24 18:00:00,11,116.05583333333334,84.38666666666667,144.86932773402756,99.70760526315792,136.34163244273702
2026-08-24 19:00:00,11,114.16583333333334,84.17083333333333,166.83829083643883,143.92873170731704,151.94017287306212
2026-08-24 20:00:00,11,102.475,83.6025,170.21186591747153,143.92873170731704,154.43414895108043
2026-08-24 21:00:00,11,100.65083333333332,86.14666666666666,155.8918233732777,143.92873170731704,142.36666942991297
2026-08-24 22:00:00,11,110.6325,74.05833333333334,155.8860400429573,143.92873170731704,138.88497145058804
2026-08-24 23:00:00,11,71.23,56.04916666666667,131.616972046905,110.06315420560752,122.80826675113632
2026-08-25 00:00:00,11,80.27416666666666,53.806666666666665,120.04595188803489,110.06315420560752,117.53459718306448
2026-08-25 01:00:00,11,97.665,48.0025,123.33969929802028,110.06315420560752,110.9580924282306
2026-08-25 02:00:00,11,83.69166666666666,38.270833333333336,102.77472143782552,110.06315420560752,102.94150258941866
2026-08-25 03:00:00,11,87.83999999999999,29.2725,86.08754072035345,91.81599303135893,98.94292517271775
2026-08-25 04:00:00,11,86.67083333333333,28.01333333333333,84.11823202446587,91.81599303135893,104.37162795187558
2026-08-25 05:00:00,11,94.38166666666666,27.979166666666668,93.41629939713734,91.81599303135893,116.21626457701242
2026-08-25 06:00:00,11,102.5575,28.496666666666663,116.71772734931895,110.06315420560752,135.5734074148441
2026-08-25 07:00:00,11,97.47,35.708333333333336,145.53700661185962,143.92873170731704,162.650779323928
2026-08-25 08:00:00,11,99.42083333333332,46.56166666666667,187.0328473586195,143.92873170731704,179.63503472876198
2026-08-25 09:00:00,11,93.52583333333332,17.227500000000003,190.01533554015367,143.92873170731704,162.9341213503865
2026-08-25 10:00:00,11,92.645,7.2775,160.46459035214775,143.92873170731704,121.832160376378
2026-08-25 11:00:00,11,84.00916666666667,-2.3516666666666666,147.70445480366016,143.92873170731704,116.317503760911
2026-08-25 12:00:00,11,90.06083333333333,-5.696666666666666,153.161482880476,143.92873170731704,126.88727528852367
2026-08-25 13:00:00,11,90.18,-5.700833333333333,126.02878024970482,143.92873170731704,125.07342655890305
2026-08-25 14:00:00,11,106.99666666666668,-1.1375,117.21410890841933,143.92873170731704,114.48722331969661
2026-08-25 15:00:00,11,97.59,-0.8875000000000001,105.1693969521138,143.92873170731704,112.01005766097144
2026-08-25 16:00:00,11,102.25416666666666,3.3241666666666667,110.32508155712458,143.92873170731704,113.02441053726612
2026-08-25 17:00:00,11,115.6,22.745,146.2428782036672,143.92873170731704,148.43248976522494
2026-08-25 18:00:00,11,138.48916666666668,17.518333333333334,158.99056651079536,143.92873170731704,158.4918038953191
2026-08-25 19:00:00,11,99.08083333333332,12.445833333333333,162.65801283016114,99.70760526315792,147.92288726682006
2026-08-25 20:00:00,11,105.45666666666666,11.7875,147.97637668203603,99.70760526315792,140.2540692772888
2026-08-25 21:00:00,11,102.39,9.51,124.73471221900795,99.70760526315792,123.48322351381455
2026-08-25 22:00:00,11,85.58583333333333,9.491666666666667,94.90591295545518,99.70760526315792,110.9109770315187
2026-08-25 23:00:00,11,68.72833333333334,8.0625,67.5142455754789,72.65523854961832,90.42310172707124
2026-08-26 00:00:00,11,56.34,-0.1566666666666666,48.183489204779576,84.86376262626264,74.45034130800697
2026-08-26 01:00:00,11,60.840833333333336,-0.2783333333333333,62.21060489596054,84.86376262626264,67.39113723453104
2026-08-26 02:00:00,11,81.9425,-3.4625,42.962118137013306,60.29251394700143,57.09833425348986
2026-08-26 03:00:00,11,86.83166666666666,-5.585,31.001408095818007,60.29251394700143,53.277842501398126
2026-08-26 04:00:00,11,76.7775,-6.871666666666666,27.675021467955702,60.29251394700143,59.3288101047329
2026-08-26 05:00:00,11,96.03333333333336,-5.741666666666667,29.363036743395945,72.65523854961832,71.6475591291918
2026-08-26 06:00:00,11,97.67833333333334,5.399166666666666,45.97029757435868,72.65523854961832,94.77646077017657
2026-08-26 07:00:00,11,113.70916666666666,13.589166666666666,79.43801706127512,99.70760526315792,118.03258649330715
2026-08-26 08:00:00,11,106.59,4.9375,108.32440131493416,99.70760526315792,121.23631805763966
2026-08-26 09:00:00,11,60.13333333333333,20.09,96.84560826923827,99.70760526315792,83.65139355487761
2026-08-26 10:00:00,11,39.24583333333333,21.51833333333333,65.45221933859483,44.72702519379845,38.66496344621888
2026-08-26 11:00:00,11,38.965833333333336,12.788333333333334,31.01304751411412,22.431590476190475,27.800977839272136
2026-08-26 12:00:00,11,51.32583333333333,13.93,24.7834161010772,22.431590476190475,26.684344684230325
2026-08-26 13:00:00,11,58.06,13.8925,11.868017879430717,22.431590476190475,20.661673157581383
2026-08-26 14:00:00,11,75.84083333333334,9.701666666666666,7.005164562170819,3.632594696969696,14.601401831771895
2026-08-26 15:00:00,11,34.90083333333333,4.3175,8.696281967103637,3.632594696969696,13.253571566689942
2026-08-26 16:00:00,11,13.416666666666666,8.399166666666666,28.905725927777418,40.774468680089484,20.97659499672143
2026-08-26 17:00:00,11,82.57916666666667,34.21333333333333,81.10891498652731,44.72702519379845,69.79542674118605
2026-08-26 18:00:00,11,124.46083333333333,54.57,141.3540649012972,99.70760526315792,135.4776890612646
2026-08-26 19:00:00,11,135.49499999999998,61.998333333333335,176.40414799242347,99.70760526315792,160.84820679145162
2026-08-26 20:00:00,11,125.68916666666668,61.42416666666667,184.26055420288924,143.92873170731704,170.9855141838496
2026-08-26 21:00:00,11,131.46583333333334,58.475,177.92248028922958,143.92873170731704,165.49472794148562
2026-08-26 22:00:00,11,131.57666666666665,32.274166666666666,171.22949836246613,143.92873170731704,160.32472726452863
2026-08-26 23:00:00,11,136.64166666666668,36.42083333333333,153.7594433869029,143.92873170731704,145.8220014306308
2026-08-27 00:00:00,11,128.5975,61.25833333333333,138.05973188785782,143.92873170731704,137.1444372527572
2026-08-27 01:00:00,11,123.9225,60.5675,142.03975979734307,110.06315420560752,127.88839488251321
2026-08-27 02:00:00,11,130.27583333333334,52.1525,131.95385473337143,110.06315420560752,124.42988521887006
2026-08-27 03:00:00,11,129.55083333333332,49.6925,118.51705658225455,110.06315420560752,122.69485265934956
2026-08-27 04:00:00,11,134.525,57.39083333333334,108.3903765698256,110.06315420560752,124.3757199852498
2026-08-27 05:00:00,11,138.60166666666666,55.4825,93.49722252708003,110.06315420560752,126.5216711887431
2026-08-27 06:00:00,11,186.155,66.27,101.66130366083864,110.06315420560752,138.3302044022373
2026-08-27 07:00:00,11,261.1691666666666,80.43583333333333,146.78074210558748,123.15718186936934,171.3682879288109
2026-08-27 08:00:00,11,162.03,104.15916666666668,188.1358598630563,123.15718186936934,173.51588922917398
2026-08-27 09:00:00,11,63.40083333333333,126.3875,181.93540193035716,123.15718186936934,140.48980086694138
2026-08-27 10:00:00,11,53.37583333333333,270.59666666666664,157.9891236179632,123.15718186936934,100.1011031174954
2026-08-27 11:00:00,11,27.385,51.05083333333334,125.98060097257965,118.91473333333333,74.23887797188635
2026-08-27 12:00:00,11,29.477500000000003,26.8225,117.31368257054476,50.32131746031745,64.28321073909113
2026-08-27 13:00:00,11,27.179166666666664,16.509166666666665,95.60209396320363,28.077589928057556,47.211206593346205
2026-08-27 14:00:00,11,24.45083333333333,18.61583333333333,83.46757936628327,28.077589928057556,39.62988181283056
2026-08-27 15:00:00,11,14.724166666666669,25.9825,78.16340901201416,28.077589928057556,39.184264852722706
2026-08-27 16:00:00,11,12.774166666666668,37.37,111.77274759124495,41.441312335957996,65.74723770110302
2026-08-27 17:00:00,11,88.03166666666668,27.9325,144.38191045346596,95.9692763157895,115.07488431377703
2026-08-27 18:00:00,11,155.1825,73.66000000000001,185.60805852093367,123.15718186936934,175.31389491212295
2026-08-27 19:00:00,11,143.395,63.0025,218.1378954239594,123.15718186936934,195.07205771318422
2026-08-27 20:00:00,11,124.69166666666666,82.86083333333333,233.56412232124129,123.15718186936934,192.99409124547768
2026-08-27 21:00:00,11,121.6875,86.81,215.08977815245453,123.15718186936934,184.61878062463697
2026-08-27 22:00:00,11,141.6158333333333,87.21749999999999,166.0420919904998,123.15718186936934,156.7311404423308
2026-08-27 23:00:00,11,180.16166666666663,72.99416666666667,133.56214966029447,123.15718186936934,126.25317698237833
2026-08-28 00:00:00,11,148.1175,58.90416666666667,117.34545349312168,110.06315420560752,113.94102091705881
2026-08-28 01:00:00,11,138.49666666666667,59.78333333333333,123.35332056312296,92.76971984805321,98.01436619380047
2026-08-28 02:00:00,11,127.22916666666669,45.92166666666666,104.30311269425707,92.76971984805321,82.63700785203787
2026-08-28 03:00:00,11,120.21999999999998,39.64833333333333,87.0081656131725,72.65523854961832,73.66214118067694
2026-08-28 04:00:00,11,86.7275,22.74083333333333,82.90774789455872,92.76971984805321,78.73926884195474
2026-08-28 05:00:00,11,74.295,17.451666666666664,80.59611294353701,92.76971984805321,84.63369623468077
2026-08-28 06:00:00,11,81.39,10.745833333333332,90.95452492705299,92.76971984805321,97.40464673362166
2026-08-28 07:00:00,11,85.89416666666666,45.61333333333334,122.2223767201566,99.70760526315792,118.0346601119027
2026-08-28 08:00:00,11,57.939166666666665,54.064166666666665,140.7715127033274,99.70760526315792,111.17448658452489
2026-08-28 09:00:00,11,33.75833333333333,45.619166666666665,135.79991178399317,123.15718186936934,99.1162997516824
2026-08-28 10:00:00,11,23.939166666666665,31.159166666666668,135.29417973520367,123.15718186936934,85.04184161421398
2026-08-28 11:00:00,11,21.058333333333334,37.42416666666667,126.97334249301616,95.9692763157895,81.63565108823364
2026-08-28 12:00:00,11,29.35666666666667,36.80916666666667,144.24999717511034,123.15718186936934,96.10598355822266
2026-08-28 13:00:00,11,40.46,41.15583333333333,132.71847379581303,123.15718186936934,87.81781988520713
2026-08-28 14:00:00,11,42.134166666666665,37.61,131.14957464990204,123.15718186936934,97.69926480729606
2026-08-28 15:00:00,11,41.80833333333333,38.56333333333333,118.37932328614197,123.15718186936934,97.12096748436208
2026-08-28 16:00:00,11,33.60166666666667,44.38166666666667,124.03782884215596,123.15718186936934,96.24846791193235
2026-08-28 17:00:00,11,111.36833333333334,64.205,174.0271759130352,123.15718186936934,145.74272812995792
2026-08-28 18:00:00,11,129.95000000000002,71.14166666666667,216.9735472874228,175.55011686991867,183.19389370771046
2026-08-28 19:00:00,11,124.7275,61.46083333333333,236.74903170036401,175.55011686991867,188.03769118241033
2026-08-28 20:00:00,11,116.37083333333334,21.34166666666667,232.5194411571516,123.15718186936934,181.39394272073585
2026-08-28 21:00:00,11,104.06333333333332,12.043333333333337,219.93321384880403,123.15718186936934,172.25260880722885
2026-08-28 22:00:00,11,103.77666666666666,11.545833333333334,208.3297436369978,123.15718186936934,161.8854488356116
2026-08-28 23:00:00,11,111.36083333333332,9.849166666666669,193.90717610278548,123.15718186936934,147.5752275220815
2026-08-29 00:00:00,11,116.59833333333334,8.438333333333334,172.395319661413,123.15718186936934,137.49611112284714
2026-08-29 01:00:00,11,106.2275,4.9675,165.60015267136498,126.32293865905825,119.21388621715064
2026-08-29 02:00:00,11,104.4925,1.43,127.15001948433829,126.32293865905825,105.33551598074399
2026-08-29 03:00:00,11,99.02666666666666,8.0325,108.35743565177822,126.32293865905825,97.10739898543302
2026-08-29 04:00:00,11,93.7325,5.471666666666667,97.30343726217531,126.32293865905825,94.90679404499025
2026-08-29 05:00:00,11,92.2175,6.720833333333334,89.47662493805126,126.32293865905825,95.07038501102161
2026-08-29 06:00:00,11,96.71916666666668,4.253333333333333,101.62978136478297,126.32293865905825,103.80780420028452
2026-08-29 07:00:00,11,102.1175,13.825,114.2057563784352,126.32293865905825,116.80675271124045
2026-08-29 08:00:00,11,66.8225,18.360833333333336,140.89260506824255,126.32293865905825,114.45482085081545
2026-08-29 09:00:00,11,13.32,23.17833333333333,115.81695461812231,95.9692763157895,69.1808567915134
2026-08-29 10:00:00,11,3.9841666666666655,11.973333333333334,97.57657751417727,70.5606960784314,39.95168512368295
2026-08-29 11:00:00,11,7.9725,7.677499999999999,63.44021094119478,31.880327102803726,23.278981791504933
2026-08-29 12:00:00,11,8.090833333333334,8.834999999999999,55.79429384681015,10.351711309523811,17.769676769039982
2026-08-29 13:00:00,11,-1.4408333333333332,3.675833333333333,29.633164187844812,4.305274451097806,-0.1698483257226684
2026-08-29 14:00:00,11,-8.341666666666667,-2.438333333333333,22.959655746852327,4.305274451097806,-1.9171600037301317
2026-08-29 15:00:00,11,-14.064166666666663,-1.2141666666666666,17.55663942500054,4.305274451097806,-3.1143282289377083
2026-08-29 16:00:00,11,-10.1075,19.6975,35.27287444982977,28.077589928057556,13.410713187142186
2026-08-29 17:00:00,11,26.94666666666667,70.76666666666667,86.5304788963453,70.5606960784314,67.66875446540318
2026-08-29 18:00:00,11,88.09166666666665,106.9225,140.18855125982424,126.32293865905825,127.85941057114395
2026-08-29 19:00:00,11,91.995,104.05416666666667,164.29452007987288,123.15718186936934,145.24328555870883
2026-08-29 20:00:00,11,88.07,117.745,171.98683052548046,123.15718186936934,144.69608016147208
2026-08-29 21:00:00,11,83.13833333333334,128.7225,174.9000849022858,123.15718186936934,142.07789791193954
2026-08-29 22:00:00,11,96.2075,119.98166666666668,169.92892194957795,123.15718186936934,132.9548154958826
2026-08-29 23:00:00,11,91.065,114.685,144.39509971222856,126.32293865905825,127.01626791750691
2026-08-30 00:00:00,11,84.81916666666667,117.06833333333331,127.86605648311453,126.32293865905825,117.4024461306413
2026-08-30 01:00:00,11,78.23166666666667,119.69833333333332,133.5077462218003,102.05628086419755,105.70823683362114
2026-08-30 02:00:00,11,74.02333333333333,129.91333333333333,116.37306717265028,102.05628086419755,102.26245131985364
2026-08-30 03:00:00,11,74.66666666666667,112.81333333333332,98.09813257094366,102.05628086419755,95.3397897869673
2026-08-30 04:00:00,11,66.74083333333333,109.38916666666668,86.35245808883874,102.05628086419755,91.52934442248309
2026-08-30 05:00:00,11,68.35416666666667,104.07916666666668,80.29425824671455,102.05628086419755,91.33860503342001
2026-08-30 06:00:00,11,71.62166666666667,112.7975,78.09211358505581,102.05628086419755,97.35469756269357
2026-08-30 07:00:00,11,69.685,106.48166666666668,92.05067209053001,102.05628086419755,113.575658472964
2026-08-30 08:00:00,11,30.795,62.66833333333333,97.69938233468585,102.05628086419755,96.50739935142502
2026-08-30 09:00:00,11,11.196666666666667,14.601666666666668,106.90581081800005,95.9692763157895,65.02309560388804
2026-08-30 10:00:00,11,4.9375,5.538333333333333,99.09307642899736,95.9692763157895,45.01147826507109
2026-08-30 11:00:00,11,7.1375,-3.545,74.00710058705481,70.5606960784314,30.38387113636498
2026-08-30 12:00:00,11,0.5441666666666666,-7.079999999999999,47.914711487574195,10.351711309523811,17.98025990136508
2026-08-30 13:00:00,11,-7.316666666666666,-3.900833333333333,17.466156625342165,4.305274451097806,2.2305707844384273
2026-08-30 14:00:00,11,-10.223333333333334,-2.521666666666667,2.7799818640508818,4.305274451097806,-2.0892209086627958
2026-08-30 15:00:00,11,-12.12,1.4875,-3.9256288189408934,-13.518927595628416,-0.948194314597032
2026-08-30 16:00:00,11,-6.679166666666667,-2.125,18.555963284943644,4.305274451097806,15.772365252051422
2026-08-30 17:00:00,11,43.04,43.205000000000005,82.54390501970653,31.880327102803726,59.770640247605776
2026-08-30 18:00:00,11,97.14416666666666,78.63666666666667,134.4213359372687,102.05628086419755,116.3498582992975
2026-08-30 19:00:00,11,105.35333333333334,87.35833333333333,164.64449486857484,123.15718186936934,132.62211362591108
2026-08-30 20:00:00,11,101.90583333333336,84.14833333333333,175.90564586006346,123.15718186936934,131.44010668027312
2026-08-30 21:00:00,11,101.565,83.48083333333334,173.82164950355818,123.15718186936934,125.6761698931999
2026-08-30 22:00:00,11,100.46583333333332,71.9225,162.84550911371605,123.15718186936934,119.87836824133107
2026-08-30 23:00:00,11,91.36583333333334,56.814166666666665,141.97662525235407,102.05628086419755,116.48563086010512
2026-08-31 00:00:00,11,89.6475,36.6475,135.63732282171017,102.05628086419755,107.32912376567798
2026-08-31 01:00:00,11,94.67833333333334,32.431666666666665,145.6767457687301,126.32293865905825,115.48644783192078
2026-08-31 02:00:00,11,106.805,20.72,129.0764457530518,126.32293865905825,112.66827345846221
2026-08-31 03:00:00,11,114.6625,17.99416666666667,114.02397174621538,126.32293865905825,111.17499831665867
2026-08-31 04:00:00,11,95.335,26.77333333333333,102.26090026380264,126.32293865905825,110.3328246872232
2026-08-31 05:00:00,11,84.96833333333333,34.196666666666665,93.53952246223908,126.32293865905825,113.76054253906992
2026-08-31 06:00:00,11,96.24583333333334,21.15416666666667,104.97784069766385,126.32293865905825,131.0390172010085
2026-08-31 07:00:00,11,92.03249999999998,44.895,135.55372258172116,143.92873170731704,160.08883701456335
2026-08-31 08:00:00,11,63.2625,44.34166666666667,177.19987855393953,143.92873170731704,171.06849983609035
2026-08-31 09:00:00,11,23.296666666666667,20.98583333333333,167.3817514806894,143.92873170731704,149.07021312019458
2026-08-31 10:00:00,11,18.7925,21.33666666666667,138.01869763453806,143.92873170731704,114.30598686115735
2026-08-31 11:00:00,11,9.394166666666669,14.223333333333334,96.92520380460158,70.5606960784314,83.61295446234486
2026-08-31 12:00:00,11,8.071666666666667,10.935833333333331,71.46036355586357,41.441312335957996,64.96930530212224
2026-08-31 13:00:00,11,6.048333333333333,8.711666666666668,54.38182824579604,28.077589928057556,36.91060063732414
2026-08-31 14:00:00,11,2.0975,18.305,47.05248416083546,28.077589928057556,36.63903928074306
2026-08-31 15:00:00,11,9.8525,37.1525,58.31307414000773,28.077589928057556,38.25561837263669
2026-08-31 16:00:00,11,14.069166666666666,88.45416666666667,75.1367096235428,41.441312335957996,52.88209525816655
2026-08-31 17:00:00,11,67.81083333333333,104.665,126.3449629194614,118.91473333333333,104.62673472764709
2026-08-31 18:00:00,11,109.16916666666668,116.05583333333334,163.13158223834728,143.92873170731704,170.68431368115785
2026-08-31 19:00:00,11,110.5575,114.16583333333334,181.34202178169184,143.92873170731704,188.39923960255754
2026-08-31 20:00:00,11,105.96666666666664,102.475,183.44153401497488,143.92873170731704,186.64645025570275
2026-08-31 21:00:00,11,99.08333333333331,100.65083333333332,163.5290273437766,143.92873170731704,167.65091454051878
2026-08-31 22:00:00,11,88.10666666666667,110.6325,125.46826853341315,99.70760526315792,131.2023513122475
2026-08-31 23:00:00,11,77.57333333333334,71.23,78.61048968164833,72.65523854961832,86.5538205300343
2026-09-01 00:00:00,11,47.01833333333334,80.27416666666666,57.39599505441761,84.86376262626264,66.49854393233943
2026-09-01 01:00:00,11,11.546666666666669,97.665,57.25804477739751,60.29251394700143,45.821569523268494
2026-09-01 02:00:00,11,5.831666666666667,83.69166666666666,33.31874865912003,60.29251394700143,29.126634165100384
2026-09-01 03:00:00,11,0.9858333333333332,87.83999999999999,11.068478403584585,60.29251394700143,14.462059267841212
2026-09-01 04:00:00,11,-0.0375,86.67083333333333,-2.8549869750862342,7.662963836477987,5.244304803435
2026-09-01 05:00:00,11,-0.395,94.38166666666666,-11.79483462890353,7.662963836477987,-0.8573709325097383
2026-09-01 06:00:00,11,-0.1991666666666667,102.5575,-10.08671149679904,34.765074257425745,-0.1359955272259583
2026-09-01 07:00:00,11,20.0925,97.47,11.01708212594059,17.79245547073792,9.803998004961592
2026-09-01 08:00:00,11,2.4058333333333333,99.42083333333332,34.38979893710794,17.79245547073792,7.215782078994451
2026-09-01 09:00:00,11,-9.145,93.52583333333332,-6.490497899418884,12.575274822695032,-19.47373422247827
2026-09-01 10:00:00,11,-5.645,92.645,-54.684096693355116,-15.527952380952383,-26.774501726994103
2026-09-01 11:00:00,11,-30.575,84.00916666666667,-97.80089410664255,-24.98226666666666,-22.879048962356805
2026-09-01 12:00:00,11,-33.43666666666667,90.06083333333333,-112.64697562074372,-35.39964147286823,-20.156817768440632
2026-09-01 13:00:00,11,-34.88333333333333,90.18,-111.81935692969373,-35.39964147286823,-26.288378106335756
2026-09-01 14:00:00,11,-19.279166666666665,106.99666666666668,-103.87150654622724,-35.39964147286823,-44.531126116929855
2026-09-01 15:00:00,11,-8.311666666666666,97.59,-73.70245084019288,-24.98226666666666,-45.74025592776735
2026-09-01 16:00:00,11,1.0375000000000003,102.25416666666666,-21.61043293029411,0.35085594315245533,-18.543912561549092
2026-09-01 17:00:00,11,20.66,115.6,19.886608187111932,43.776472491909395,10.195827149275452
2026-09-01 18:00:00,11,9.958333333333334,138.48916666666668,36.30020116509798,43.776472491909395,36.24375155576061
2026-09-01 19:00:00,11,11.160000000000002,99.08083333333332,42.15061984729702,43.776472491909395,41.211384324641145
2026-09-01 20:00:00,11,10.265,105.45666666666666,28.007322036178735,43.776472491909395,32.24411663518355
2026-09-01 21:00:00,11,9.251666666666669,102.39,13.406711510412393,17.79245547073792,21.611830893549822
2026-09-01 22:00:00,11,6.926666666666667,85.58583333333333,14.673370250593798,17.79245547073792,23.896708557806434
2026-09-01 23:00:00,11,3.026666666666667,68.72833333333334,12.894208621453188,68.35325810185189,30.25523765388592
2026-09-02 00:00:00,12,9.478333333333332,56.34,5.557399475560565,45.90494047619046,31.38995380441429
2026-09-02 01:00:00,12,10.575,60.840833333333336,31.330417850548486,42.87803201506593,38.21282196746208
2026-09-02 02:00:00,12,36.64083333333333,81.9425,31.695759420639,42.87803201506593,49.1059945151301
2026-09-02 03:00:00,12,48.685,86.83166666666666,29.9531217893676,66.21166666666667,59.37130435954102
2026-09-02 04:00:00,12,59.44916666666666,76.7775,38.27752051610284,92.25527202072536,79.65742086758964
2026-09-02 05:00:00,12,62.1225,96.03333333333336,44.12139120860938,92.25527202072536,91.16838011381633
2026-09-02 06:00:00,12,60.84916666666667,97.67833333333334,53.27162574919826,124.0868711521545,98.27009547045658
2026-09-02 07:00:00,12,72.66416666666667,113.70916666666666,75.96962824103045,124.0868711521545,115.50736863162626
2026-09-02 08:00:00,12,38.498333333333335,106.59,89.0849891493645,134.69625123639958,105.7162955609599
2026-09-02 09:00:00,12,16.57,60.13333333333333,87.08688233365872,134.69625123639958,75.68545969721535
2026-09-02 10:00:00,12,9.478333333333332,39.24583333333333,76.68217971657785,67.97130952380954,61.95246559402154
2026-09-02 11:00:00,12,11.566666666666668,38.965833333333336,62.63511563142352,54.31848747591524,43.77978001972241
2026-09-02 12:00:00,12,9.8525,51.32583333333333,65.28463158616462,54.31848747591524,47.56543172515772
2026-09-02 13:00:00,12,7.166666666666667,58.06,42.09572324710578,27.19435632183908,28.46434338922616
2026-09-02 14:00:00,12,-3.0325,75.84083333333334,23.39922321623426,27.19435632183908,10.587873808578564
2026-09-02 15:00:00,12,-3.458333333333333,34.90083333333333,29.635703699010925,27.19435632183908,21.058645693514165
2026-09-02 16:00:00,12,14.649166666666666,13.416666666666666,45.67970595476936,16.285435779816517,41.27743885778738
2026-09-02 17:00:00,12,64.69333333333333,82.57916666666667,81.62867133684405,67.97130952380954,79.8926703843775
2026-09-02 18:00:00,12,77.27083333333333,124.46083333333333,106.59654467100344,103.09694230769229,114.48676690017098
2026-09-02 19:00:00,12,77.5625,135.49499999999998,119.12360452764163,103.09694230769229,115.38674851325376
2026-09-02 20:00:00,12,75.75750000000001,125.68916666666668,115.80888280845824,103.09694230769229,109.92386734200937
2026-09-02 21:00:00,12,82.0475,131.46583333333334,111.02539039182082,103.09694230769229,112.33285822751668
2026-09-02 22:00:00,12,88.03833333333334,131.57666666666665,95.31835102790542,103.09694230769229,114.6845989812761
2026-09-02 23:00:00,12,61.07333333333333,136.64166666666668,86.18458007713016,109.25015196078431,113.62928682162573
2026-09-03 00:00:00,12,21.635,128.5975,83.60673031816523,109.25015196078431,105.99723091421771
2026-09-03 01:00:00,12,15.694166666666668,123.9225,85.88403184975795,109.25015196078431,79.8432668868078
2026-09-03 02:00:00,12,7.318333333333332,130.27583333333334,55.64655647871199,42.87803201506593,49.8484953883615
2026-09-03 03:00:00,12,1.0741666666666667,129.55083333333332,33.928076109921406,34.8488123752495,29.794008293608982
2026-09-03 04:00:00,12,0.01,134.525,25.562047111064295,34.8488123752495,21.279427215162897
2026-09-03 05:00:00,12,0.01,138.60166666666666,19.917359260564666,34.8488123752495,17.037785443028127
2026-09-03 06:00:00,12,0.0124999999999999,186.155,31.51595338731945,20.58310720268007,24.22329341239729
2026-09-03 07:00:00,12,12.1325,261.1691666666666,57.71165792056455,60.9815664556962,35.53625582333283
2026-09-03 08:00:00,12,7.153333333333333,162.03,103.0562652873015,64.3874285009862,51.213077267323655
2026-09-03 09:00:00,12,-2.8525,63.40083333333333,99.19729631748041,64.3874285009862,28.69289297685941
2026-09-03 10:00:00,12,30.382500000000004,53.37583333333333,148.07510611522724,60.9815664556962,36.02758408446979
2026-09-03 11:00:00,12,51.098333333333336,27.385,63.418577864221575,60.9815664556962,38.269517985317904
2026-09-03 12:00:00,12,9.158333333333331,29.477500000000003,58.49690021936268,67.97130952380954,42.18540366065865
2026-09-03 13:00:00,12,22.986666666666665,27.179166666666664,49.70876938665581,60.9815664556962,37.516909637003174
2026-09-03 14:00:00,12,7.653333333333333,24.45083333333333,10.103749489266661,4.002881578947368,6.046751107074016
2026-09-03 15:00:00,12,-1.8,14.724166666666669,4.237016848876642,-13.660929648241211,-4.345101850872794
2026-09-03 16:00:00,12,-4.360833333333333,12.774166666666668,21.86348873684497,4.002881578947368,5.487890532685526
2026-09-03 17:00:00,12,49.895,88.03166666666668,51.36354116896051,60.9815664556962,42.53005244307572
2026-09-03 18:00:00,12,98.97,155.1825,106.44175544712196,64.3874285009862,96.56398779643614
2026-09-03 19:00:00,12,116.7425,143.395,129.31978415444408,103.09694230769229,119.79868662403868
2026-09-03 20:00:00,12,129.2525,124.69166666666666,140.8712389788402,103.09694230769229,124.33308277999498
2026-09-03 21:00:00,12,132.7675,121.6875,146.92505408118356,103.09694230769229,138.02413325001515
2026-09-03 22:00:00,12,136.78833333333333,141.6158333333333,141.40292119829428,134.69625123639958,143.79224391650217
2026-09-03 23:00:00,12,103.11,180.16166666666663,123.56945156492384,134.69625123639958,135.7288171242107
2026-09-04 00:00:00,12,96.59666666666668,148.1175,115.62358202561222,124.0868711521545,128.56340045048717
2026-09-04 01:00:00,12,117.59333333333332,138.49666666666667,132.07824025188063,124.0868711521545,123.97749590686703
2026-09-04 02:00:00,12,94.32833333333332,127.22916666666669,111.08567497770903,124.0868711521545,117.55514629442632
2026-09-04 03:00:00,12,90.30083333333332,120.21999999999998,92.06052033617861,124.0868711521545,106.8703778237812
2026-09-04 04:00:00,12,95.3325,86.7275,75.19571849338922,124.0868711521545,101.50950113125461
2026-09-04 05:00:00,12,110.24833333333332,74.295,73.30510589629203,124.0868711521545,106.63056632652481
2026-09-04 06:00:00,12,131.44916666666666,81.39,76.02134851092092,124.0868711521545,110.83980099497427
2026-09-04 07:00:00,12,197.92916666666667,85.89416666666666,103.4878043055862,87.10633177570092,115.63899792598303
2026-09-04 08:00:00,12,100.895,57.939166666666665,121.60570753569935,87.10633177570092,86.21055397045012
2026-09-04 09:00:00,12,77.98,33.75833333333333,114.02812967971278,116.07025757575765,65.31608625804706
2026-09-04 10:00:00,12,16.20416666666667,23.939166666666665,62.77614566358925,60.9815664556962,31.553146169012706
2026-09-04 11:00:00,12,2.0075,21.058333333333334,30.098533284770284,31.419319571865433,16.185115970334337
2026-09-04 12:00:00,12,0.5633333333333334,29.35666666666667,6.846390126947007,4.002881578947368,3.1348576737707674
2026-09-04 13:00:00,12,0.1608333333333333,40.46,-7.77120866405879,4.002881578947368,-9.293161627695753
2026-09-04 14:00:00,12,1.606666666666667,42.134166666666665,-13.160661484837064,-10.774745862884162,-15.45218589467268
2026-09-04 15:00:00,12,0.6216666666666666,41.80833333333333,11.507415868015627,12.573116197183094,-7.264940782050516
2026-09-04 16:00:00,12,-0.2433333333333333,33.60166666666667,24.660928538886395,12.254283707865168,-5.106143993546652
2026-09-04 17:00:00,12,17.225833333333334,111.36833333333334,61.56566567198141,17.302627068557918,16.291810344144558
2026-09-04 18:00:00,12,13.295833333333334,129.95000000000002,77.70120594793629,17.302627068557918,28.589710552278227
2026-09-04 19:00:00,12,7.234166666666667,124.7275,82.73505779404121,62.883468208092516,34.571752121692995
2026-09-04 20:00:00,12,-3.7725,116.37083333333334,56.2884509022297,17.302627068557918,25.047744995727072
2026-09-04 21:00:00,12,-9.63,104.06333333333332,39.76088845025577,17.302627068557918,18.224415032153836
2026-09-04 22:00:00,12,-8.509166666666667,103.77666666666666,13.526405260019551,17.302627068557918,10.022050965411005
2026-09-04 23:00:00,12,-3.294166666666667,111.36083333333332,-7.305266984940644,17.302627068557918,3.0324591540511037
2026-09-05 00:00:00,12,-1.5291666666666668,116.59833333333334,-19.38125190734486,12.254283707865168,4.9168014780775025
2026-09-05 01:00:00,12,-0.9583333333333334,106.2275,-22.829109027770244,0.3493670483460564,14.823269323741975
2026-09-05 02:00:00,12,-4.7125,104.4925,-43.0336518210227,0.3493670483460564,6.436496341116232
2026-09-05 03:00:00,12,-5.24,99.02666666666666,-53.14776811429476,-0.06405068728522353,0.9717739293995322
2026-09-05 04:00:00,12,-5.0675,93.7325,-57.03859256267852,-0.06405068728522353,-2.716881966170135
2026-09-05 05:00:00,12,-5.1975,92.2175,-61.95752411254561,-0.06405068728522353,-3.299379920848992
2026-09-05 06:00:00,12,-5.345833333333334,96.71916666666668,-73.09171003060725,-0.06405068728522353,-0.44498053230533685
2026-09-05 07:00:00,12,-4.7091666666666665,102.1175,-67.40140362048284,0.3493670483460564,4.562059423181097
2026-09-05 08:00:00,12,-5.138333333333333,66.8225,-41.270885483893466,0.3493670483460564,5.881472774276148
2026-09-05 09:00:00,12,-4.67,13.32,-36.02730444183479,12.254283707865168,7.105988080805325
2026-09-05 10:00:00,12,-3.4858333333333333,3.9841666666666655,-36.065531315842165,0.3493670483460564,4.195004872545972
2026-09-05 11:00:00,12,-7.4075,7.9725,-46.37852547443936,-15.527952380952383,-8.913206880528435
2026-09-05 12:00:00,12,-11.140833333333331,8.090833333333334,-85.40511052392851,-24.98226666666666,-28.807814647549222
2026-09-05 13:00:00,12,-8.681666666666667,-1.4408333333333332,-69.45783333210123,-24.98226666666666,-25.225283385210574
2026-09-05 14:00:00,12,-8.378333333333332,-8.341666666666667,-89.48897967700022,-35.39964147286823,-39.24787916749415
2026-09-05 15:00:00,12,-9.039166666666668,-14.064166666666663,-78.2340209527329,-35.39964147286823,-41.95805005826537
2026-09-05 16:00:00,12,-7.5325,-10.1075,-36.88526251811638,-10.774745862884162,-31.25695072465632
2026-09-05 17:00:00,12,-10.096666666666666,26.94666666666667,19.88481247457623,12.573116197183094,-3.69121802566157
2026-09-05 18:00:00,12,-2.0775,88.09166666666665,49.988707777930976,17.302627068557918,20.5266990532565
2026-09-05 19:00:00,12,2.9958333333333336,91.995,70.85854730894444,17.302627068557918,39.75424492160373
2026-09-05 20:00:00,12,4.921666666666666,88.07,80.1692832551188,64.3874285009862,45.066100461481014
2026-09-05 21:00:00,12,0.5666666666666668,83.13833333333334,79.07451339409411,60.9815664556962,43.72820112889155
2026-09-05 22:00:00,12,0.7541666666666665,96.2075,62.63840008016157,17.302627068557918,34.34904994064539
2026-09-05 23:00:00,12,0.01,91.065,44.40770572243795,33.89366013071896,23.65325892401318
2026-09-06 00:00:00,12,1.4983333333333333,84.81916666666667,32.53383939007708,12.254283707865168,18.288450478991066
2026-09-06 01:00:00,12,6.7075,78.23166666666667,47.178723482410795,0.3493670483460564,15.389790126705279
2026-09-06 02:00:00,12,9.5325,74.02333333333333,41.20906229981465,-0.06405068728522353,10.35673152893414
2026-09-06 03:00:00,12,10.055833333333334,74.66666666666667,26.673956938720778,16.55094827586207,7.604240012853026
2026-09-06 04:00:00,12,10.619166666666668,66.74083333333333,23.597027670892032,16.55094827586207,10.142113302424328
2026-09-06 05:00:00,12,13.5425,68.35416666666667,27.1458362571423,22.12422764227643,18.590491714071405
2026-09-06 06:00:00,12,20.68583333333333,71.62166666666667,38.76933481243729,22.12422764227643,30.095859756208654
2026-09-06 07:00:00,12,31.48583333333333,69.685,50.343281683810645,42.87803201506593,42.87304063206585
2026-09-06 08:00:00,12,26.50333333333333,30.795,59.624445416915286,42.87803201506593,46.366987340745396
2026-09-06 09:00:00,12,30.01333333333333,11.196666666666667,32.0546656199143,42.87803201506593,14.410542801526752
2026-09-06 10:00:00,12,10.093333333333332,4.9375,26.651985476859714,42.87803201506593,9.637506332724861
2026-09-06 11:00:00,12,14.041666666666666,7.1375,24.545335111875175,16.285435779816517,5.69984371943773
2026-09-06 12:00:00,12,17.100833333333334,0.5441666666666666,33.05769050429668,16.285435779816517,10.315474384845942
2026-09-06 13:00:00,12,12.934166666666668,-7.316666666666666,27.052804920673125,27.19435632183908,6.198237416618234
2026-09-06 14:00:00,12,14.455833333333333,-10.223333333333334,23.21068172476447,27.19435632183908,2.3254131508851543
2026-09-06 15:00:00,12,18.481666666666666,-12.12,30.672284537472578,27.19435632183908,6.531590624136925
2026-09-06 16:00:00,12,27.570833333333336,-6.679166666666667,44.777094821185955,27.19435632183908,20.07885660470874
2026-09-06 17:00:00,12,69.74166666666666,43.04,91.71018803816119,72.44090978593273,61.847273691071116
2026-09-06 18:00:00,12,96.33833333333332,97.14416666666666,133.56407010010395,108.31351296296289,103.54104672490335
2026-09-06 19:00:00,12,103.39916666666666,105.35333333333334,157.650615267251,116.07025757575765,118.56719449812728
2026-09-06 20:00:00,12,96.70333333333332,101.90583333333336,153.41794330061333,116.07025757575765,116.03806285405173
2026-09-06 21:00:00,12,104.27083333333331,101.565,145.36771690241153,116.07025757575765,112.71867799474049
2026-09-06 22:00:00,12,105.39583333333331,100.46583333333332,131.49058309466244,108.31351296296289,107.8554825612084
2026-09-06 23:00:00,12,91.52416666666666,91.36583333333334,100.83356000563555,108.31351296296289,94.19281560481828
2026-09-07 00:00:00,12,84.70333333333333,89.6475,79.69631436187703,108.31351296296289,86.51769255810242
2026-09-07 01:00:00,12,66.25,94.67833333333334,87.96379422846782,108.31351296296289,92.7437323320555
2026-09-07 02:00:00,12,34.464166666666664,106.805,70.9201769452907,90.70856529209624,86.33760865401364
2026-09-07 03:00:00,12,28.46,114.6625,56.78150060469072,78.92406630170314,81.43480527597605
2026-09-07 04:00:00,12,16.844166666666666,95.335,42.17951849251068,78.92406630170314,73.51030805865982
2026-09-07 05:00:00,12,15.265,84.96833333333333,27.558407920425836,76.87916666666669,60.44412209663544
2026-09-07 06:00:00,12,22.96166666666667,96.24583333333334,19.6315999136552,42.87803201506593,54.406377448968975
2026-09-07 07:00:00,12,42.31666666666667,92.03249999999998,52.306264980123764,60.9815664556962,74.99078511882698
2026-09-07 08:00:00,12,36.994166666666665,63.2625,75.6293927398758,64.3874285009862,66.686759085842
2026-09-07 09:00:00,12,6.815,23.296666666666667,34.354769561392246,60.9815664556962,24.26557363353237
2026-09-07 10:00:00,12,4.193333333333333,18.7925,4.5824533150393165,12.254283707865168,1.4469305294663286
2026-09-07 11:00:00,12,-0.5233333333333333,9.394166666666669,-20.371781860828335,0.3493670483460564,-3.6811499194384822
2026-09-07 12:00:00,12,-0.63,8.071666666666667,-34.360777061251895,0.3493670483460564,-8.526503596116271
2026-09-07 13:00:00,12,-1.3949999999999998,6.048333333333333,-56.47508212938631,-10.774745862884162,-22.071986367352622
2026-09-07 14:00:00,12,-0.5083333333333334,2.0975,-58.31055565728256,-24.98226666666666,-26.294302708596362
2026-09-07 15:00:00,12,-1.8958333333333333,9.8525,-46.431872065702706,-24.98226666666666,-27.02954853636446
2026-09-07 16:00:00,12,5.105833333333333,14.069166666666666,0.5993628921833505,-10.774745862884162,-8.77433697781808
2026-09-07 17:00:00,12,62.37916666666666,67.81083333333333,44.943466779366474,33.89366013071896,14.30616433496266
2026-09-07 18:00:00,12,130.36249999999998,109.16916666666668,107.26721161029087,64.3874285009862,67.99082511863772
2026-09-07 19:00:00,12,134.215,110.5575,143.21495024145202,64.3874285009862,99.12728092479549
2026-09-07 20:00:00,12,124.68833333333332,105.96666666666664,159.45445600886154,103.09694230769229,125.99894155818616
2026-09-07 21:00:00,12,125.8325,99.08333333333331,148.24581743393526,103.09694230769229,120.32285894792452
2026-09-07 22:00:00,12,119.92916666666666,88.10666666666667,135.73218529910628,103.09694230769229,114.49714358640725
2026-09-07 23:00:00,12,113.11416666666668,77.57333333333334,105.23573335198128,103.09694230769229,105.04582385618039
2026-09-08 00:00:00,12,105.0975,47.01833333333334,101.9675344303007,108.31351296296289,104.9784751629787
2026-09-08 01:00:00,12,108.64,11.546666666666669,121.23076159825371,108.31351296296289,103.54309005830976
2026-09-08 02:00:00,12,102.2225,5.831666666666667,109.35345305869693,108.31351296296289,109.13652257046698
2026-09-08 03:00:00,12,88.33416666666666,0.9858333333333332,105.55871116783291,108.31351296296289,114.58993911590593
2026-09-08 04:00:00,12,82.46249999999999,-0.0375,105.12383692840876,90.70856529209624,117.2676237338247
2026-09-08 05:00:00,12,79.01166666666667,-0.395,114.69793123805437,108.31351296296289,128.58462359617315
2026-09-08 06:00:00,12,75.02,-0.1991666666666667,137.40899672365498,108.31351296296289,146.75592672491092
2026-09-08 07:00:00,12,82.93583333333333,20.0925,165.721572184474,134.69625123639958,168.41499909305054
2026-09-08 08:00:00,12,95.02666666666666,2.4058333333333333,192.7172352657363,134.69625123639958,149.33028263125414
2026-09-08 09:00:00,12,65.7825,-9.145,159.29699183111023,134.69625123639958,106.0625851900805
2026-09-08 10:00:00,12,40.193333333333335,-5.645,118.21885068028597,72.44090978593273,61.0557687948748
2026-09-08 11:00:00,12,28.594166666666663,-30.575,78.52878370987524,10.338333333333336,36.10978041842341
2026-09-08 12:00:00,12,23.852500000000003,-33.43666666666667,55.8409150611417,10.338333333333336,23.18772285112027
2026-09-08 13:00:00,12,18.746666666666663,-34.88333333333333,41.168352256602304,3.9224373795761096,14.111289315411398
2026-09-08 14:00:00,12,12.806666666666668,-19.279166666666665,39.80778838131209,3.9224373795761096,8.685298750509936
2026-09-08 15:00:00,12,22.171666666666667,-8.311666666666666,34.960475031852404,-3.3062293729372927,9.70420716304475
2026-09-08 16:00:00,12,32.1975,1.0375000000000003,51.69090332327755,8.525196540880506,26.299302566167555
2026-09-08 17:00:00,12,104.72916666666669,20.66,108.76357412944469,67.97130952380954,84.74363337002424
2026-09-08 18:00:00,12,131.83916666666667,9.958333333333334,159.66150046556572,157.8186526479751,146.8627403639322
2026-09-08 19:00:00,12,123.0175,11.160000000000002,181.03121672853567,134.69625123639958,161.65764788644358
2026-09-08 20:00:00,12,101.1,10.265,210.9949316573534,134.69625123639958,162.1252873623224
2026-09-08 21:00:00,12,94.82833333333332,9.251666666666669,185.72750191937777,134.69625123639958,158.95034640616998
2026-09-08 22:00:00,12,84.85166666666667,6.926666666666667,133.57580835675753,134.69625123639958,136.23254136751765
2026-09-08 23:00:00,12,90.79916666666666,3.026666666666667,85.3926244418384,71.22454518779342,92.65356733013599
2026-09-09 00:00:00,12,80.0275,9.478333333333332,68.47053588445826,71.22454518779342,81.46302280564016
2026-09-09 01:00:00,12,34.068333333333335,10.575,82.586188639539,71.22454518779342,78.95927691815056
2026-09-09 02:00:00,12,5.870833333333334,36.64083333333333,78.25544176325664,89.87461564625852,75.49347914158594
2026-09-09 03:00:00,12,1.5975,48.685,53.02624394314713,22.12422764227643,50.06702081728747
2026-09-09 04:00:00,12,-0.0366666666666666,59.44916666666666,18.915459067267697,16.55094827586207,13.36655627742676
2026-09-09 05:00:00,12,-0.2225,62.1225,4.499888340594346,-0.06405068728522353,-3.1938161780621925
2026-09-09 06:00:00,12,0.0083333333333333,60.84916666666667,9.623622693049995,0.3493670483460564,2.2311914081082023
2026-09-09 07:00:00,12,6.984166666666667,72.66416666666667,48.98833206291873,17.302627068557918,23.172436565631266
2026-09-09 08:00:00,12,10.224166666666669,38.498333333333335,84.62390377383474,64.3874285009862,38.84934301654458
2026-09-09 09:00:00,12,3.3883333333333336,16.57,34.228749766507214,17.302627068557918,7.202398511306384
2026-09-09 10:00:00,12,-7.313333333333333,9.478333333333332,-21.10020517627474,0.3493670483460564,-8.751585869332814
2026-09-09 11:00:00,12,-9.155833333333334,11.566666666666668,-52.20179816934021,-15.527952380952383,-18.03787707115967
2026-09-09 12:00:00,12,-7.579166666666667,9.8525,-59.33403346508612,-15.527952380952383,-18.791354248359227
2026-09-09 13:00:00,12,-14.392499999999998,7.166666666666667,-58.26462792923925,-24.98226666666666,-27.362411026081034
2026-09-09 14:00:00,12,-13.695833333333333,-3.0325,-34.95050606882319,-15.527952380952383,-24.88936085934654
2026-09-09 15:00:00,12,-10.3325,-3.458333333333333,-42.4525094527843,-15.527952380952383,-22.009012164531214
2026-09-09 16:00:00,12,-8.4025,14.649166666666666,-19.990187046788193,0.3493670483460564,-14.139623736067264
2026-09-09 17:00:00,12,28.9875,64.69333333333333,51.55409268397268,17.302627068557918,19.786473860033468
2026-09-09 18:00:00,12,68.05833333333334,77.27083333333333,109.8199460665978,64.3874285009862,62.66715627816178
2026-09-09 19:00:00,12,78.36416666666666,77.5625,137.3489727221379,62.883468208092516,76.73350107702662
2026-09-09 20:00:00,12,81.6375,75.75750000000001,136.9791821179499,64.3874285009862,82.05275065964415
2026-09-09 21:00:00,12,72.9025,82.0475,128.45718922422097,103.80787292817675,77.47911015839318
2026-09-09 22:00:00,12,81.59750000000001,88.03833333333334,126.31759163850953,103.80787292817675,90.05666538254391
2026-09-09 23:00:00,12,88.50666666666666,61.07333333333333,119.90416315510117,157.8186526479751,95.9932941084191
2026-09-10 00:00:00,12,80.47916666666667,21.635,112.91205112372535,71.22454518779342,100.70987098811683
2026-09-10 01:00:00,12,75.42333333333333,15.694166666666668,129.19473714862295,89.87461564625852,97.88493629180121
2026-09-10 02:00:00,12,71.27583333333332,7.318333333333332,117.53081490308992,89.87461564625852,93.51771650785206
2026-09-10 03:00:00,12,73.4875,1.0741666666666667,108.5565609451039,108.31351296296289,93.78361974041073
2026-09-10 04:00:00,12,75.53083333333333,0.01,100.8365582616605,90.70856529209624,91.20142371506245
2026-09-10 05:00:00,12,75.74249999999999,0.01,92.10831803316833,89.87461564625852,81.82162158563904
2026-09-10 06:00:00,12,78.6775,0.0124999999999999,116.6528216841488,71.22454518779342,92.60333575786426
2026-09-10 07:00:00,12,95.825,12.1325,174.78399932449878,127.00292483660131,124.45378236711993
2026-09-10 08:00:00,12,69.67833333333333,7.153333333333333,167.90063665986256,127.00292483660131,116.98697868338598
2026-09-10 09:00:00,12,35.18,-2.8525,105.49550311754896,64.3874285009862,63.17953663360267
2026-09-10 10:00:00,12,7.37,30.382500000000004,67.8614323378351,60.9815664556962,36.575541404982644
2026-09-10 11:00:00,12,3.6291666666666655,51.098333333333336,43.55188690382182,42.87803201506593,27.918803573926226
2026-09-10 12:00:00,12,7.434166666666667,9.158333333333331,30.570417835438228,16.285435779816517,19.74340791864261
2026-09-10 13:00:00,12,0.8758333333333335,22.986666666666665,14.092945158440159,8.525196540880506,5.026606232557853
2026-09-10 14:00:00,12,-1.4125000000000003,7.653333333333333,5.4232689179436875,-3.3062293729372927,-1.9425052066710577
2026-09-10 15:00:00,12,6.673333333333333,-1.8,8.800530075370581,-3.3062293729372927,2.573299017646619
2026-09-10 16:00:00,12,12.236666666666666,-4.360833333333333,29.320035762910287,16.285435779816517,21.662062648343912
2026-09-10 17:00:00,12,31.8775,49.895,95.07618682784035,40.794035087719294,66.0887856815994
2026-09-10 18:00:00,12,98.68833333333332,98.97,159.2498527413331,177.10572829131658,135.98654941011029
2026-09-10 19:00:00,12,103.91083333333334,116.7425,174.34860307662416,177.10572829131658,156.61702799024044
2026-09-10 20:00:00,12,94.89583333333331,129.2525,164.59867322232677,177.10572829131658,142.9986133736885
2026-09-10 21:00:00,12,89.96833333333335,132.7675,161.36045866862918,134.69625123639958,147.68874724026122
2026-09-10 22:00:00,12,89.95916666666666,136.78833333333333,172.76152163009928,127.00292483660131,152.31808039040175
2026-09-10 23:00:00,12,81.93416666666667,103.11,182.52062546401984,127.00292483660131,150.3059833306574
2026-09-11 00:00:00,12,77.75666666666666,96.59666666666668,170.4512123949129,108.31351296296289,141.75935103456686
2026-09-11 01:00:00,12,80.6575,117.59333333333332,181.36741636176964,108.31351296296289,131.44402765407244
2026-09-11 02:00:00,12,75.66666666666667,94.32833333333332,160.62621747301012,108.31351296296289,125.45401725075638
2026-09-11 03:00:00,12,63.02666666666666,90.30083333333332,139.7142070520274,90.70856529209624,118.3955258532937
2026-09-11 04:00:00,12,58.990833333333335,95.3325,119.36055532156564,90.70856529209624,115.63475859272717
2026-09-11 05:00:00,12,61.67250000000001,110.24833333333332,113.89403790310799,108.31351296296289,119.00130316218426
2026-09-11 06:00:00,12,76.86083333333333,131.44916666666666,121.96453606944215,108.31351296296289,128.465892124379
2026-09-11 07:00:00,12,101.69583333333333,197.92916666666667,150.2941730679209,116.07025757575765,143.1501401015239
2026-09-11 08:00:00,12,107.22166666666668,100.895,165.0190825648362,116.07025757575765,134.51741804941028
2026-09-11 09:00:00,12,27.83333333333333,77.98,141.47432269400932,116.07025757575765,96.12912950460938
2026-09-11 10:00:00,12,5.310833333333333,16.20416666666667,100.93579695266885,72.44090978593273,55.96420436887869
2026-09-11 11:00:00,12,-1.5783333333333334,2.0075,63.97635154366703,10.338333333333336,29.271370041999916
2026-09-11 12:00:00,12,-0.2033333333333332,0.5633333333333334,45.577929380855124,10.338333333333336,15.059553309212248
2026-09-11 13:00:00,12,-3.06,0.1608333333333333,30.165251001726183,3.9224373795761096,3.96788607148347
2026-09-11 14:00:00,12,-7.829166666666667,1.606666666666667,24.908080436749707,3.9224373795761096,-1.427819075777009
2026-09-11 15:00:00,12,-5.625833333333333,0.6216666666666666,28.437665679795096,3.9224373795761096,3.266222020283543
2026-09-11 16:00:00,12,4.265833333333333,-0.2433333333333333,42.7061664586811,27.19435632183908,19.41371210361619
2026-09-11 17:00:00,12,31.886666666666667,17.225833333333334,100.47747496363895,40.794035087719294,58.118190970587904
2026-09-11 18:00:00,12,99.9775,13.295833333333334,134.5138867435811,177.10572829131658,101.10772957659094
2026-09-11 19:00:00,12,105.82833333333332,7.234166666666667,155.8038403710333,127.00292483660131,129.7074186771397
2026-09-11 20:00:00,12,95.7475,-3.7725,158.0286539940639,116.07025757575765,130.35390170108698
2026-09-11 21:00:00,12,90.35,-9.63,167.13605632584625,116.07025757575765,134.3297880785575
2026-09-11 22:00:00,12,89.99083333333334,-8.509166666666667,170.6392423989564,116.07025757575765,137.53251111086698
2026-09-11 23:00:00,12,91.85583333333334,-3.294166666666667,175.24728332783133,116.07025757575765,138.36237052149656
2026-09-12 00:00:00,12,94.02,-1.5291666666666668,171.06804121688992,108.31351296296289,136.30173771960335
2026-09-12 01:00:00,12,91.83166666666666,-0.9583333333333334,169.38497817894284,108.31351296296289,108.61094349069874
2026-09-12 02:00:00,12,91.615,-4.7125,153.92132791309317,108.31351296296289,101.34264576778605
2026-09-12 03:00:00,12,88.83083333333333,-5.24,141.4720068523598,90.70856529209624,97.59949878384646
2026-09-12 04:00:00,12,85.16916666666667,-5.0675,136.89837767184568,90.70856529209624,94.9580671147364
2026-09-12 05:00:00,12,83.87416666666667,-5.1975,124.73918292997678,90.70856529209624,96.0968646005764
2026-09-12 06:00:00,12,85.92333333333333,-5.345833333333334,113.84322272093539,90.70856529209624,99.68077775943833
2026-09-12 07:00:00,12,89.69666666666666,-4.7091666666666665,110.80623738377886,108.31351296296289,97.7385104327409
2026-09-12 08:00:00,12,24.765,-5.138333333333333,88.78920020250636,89.51698839662447,58.47711867500577
2026-09-12 09:00:00,12,-5.3975,-4.67,50.980560241427305,54.31848747591524,17.23864055401178
2026-09-12 10:00:00,12,-5.428333333333334,-3.4858333333333333,35.83188738961276,10.338333333333336,1.988689131195926
2026-09-12 11:00:00,12,-6.033333333333334,-7.4075,13.090477530258198,-10.590302287581695,-7.248435413694949
2026-09-12 12:00:00,12,-4.400833333333334,-11.140833333333331,-7.059463733991862,3.9224373795761096,-19.584726222370236
2026-09-12 13:00:00,12,-1.6183333333333334,-8.681666666666667,-14.74662982716022,-13.518927595628416,-21.801173035737776
2026-09-12 14:00:00,12,-0.52,-8.378333333333332,-34.425579632229514,-22.76336477987422,-32.107073442599415
2026-09-12 15:00:00,12,4.653333333333333,-9.039166666666668,-32.72428629049884,-13.518927595628416,-23.829888994247796
2026-09-12 16:00:00,12,9.536666666666669,-7.5325,-15.281603023909582,3.9224373795761096,-7.720736581281997
2026-09-12 17:00:00,12,62.54333333333333,-10.096666666666666,27.470291592116297,16.285435779816517,22.400967932251277
2026-09-12 18:00:00,12,87.3575,-2.0775,66.42183966243681,71.22454518779342,56.34915137560235
2026-09-12 19:00:00,12,80.3425,2.9958333333333336,68.50128675327402,60.9815664556962,60.180597507008386
2026-09-12 20:00:00,12,62.98666666666667,4.921666666666666,56.201043073799966,60.9815664556962,49.020706554396696
2026-09-12 21:00:00,12,24.47666666666667,0.5666666666666668,47.37408949021662,60.9815664556962,44.4539574714819
2026-09-12 22:00:00,12,7.811666666666666,0.7541666666666665,44.301275456871394,60.9815664556962,41.2550330796861
2026-09-12 23:00:00,12,3.2891666666666666,0.01,34.64994213036194,45.90494047619046,39.74033820684295
2026-09-13 00:00:00,12,0.0091666666666666,1.4983333333333333,28.870278263451333,45.90494047619046,40.76437009463449
2026-09-13 01:00:00,12,-0.7133333333333334,6.7075,35.957928117674015,42.87803201506593,25.891443400582283
2026-09-13 02:00:00,12,-4.61,9.5325,15.597006158352997,16.55094827586207,13.561637235263532
2026-09-13 03:00:00,12,-5.623333333333334,10.055833333333334,-0.176701504670703,16.55094827586207,5.464838534489374
2026-09-13 04:00:00,12,-6.939166666666666,10.619166666666668,-18.634203903091446,16.55094827586207,-0.3565855917136389
2026-09-13 05:00:00,12,-7.370833333333334,13.5425,-28.50182473363631,-0.06405068728522353,-2.2323550306103783
2026-09-13 06:00:00,12,-6.025,20.68583333333333,-34.31059874675093,-0.06405068728522353,-1.7359241553338478
2026-09-13 07:00:00,12,-5.03,31.48583333333333,-37.177984994050846,-0.06405068728522353,-0.04277977009120093
2026-09-13 08:00:00,12,-8.155833333333334,26.50333333333333,-49.67368208610365,-10.774745862884162,-8.449108587981954
2026-09-13 09:00:00,12,-13.744166666666668,30.01333333333333,-61.806944282428404,-10.774745862884162,-16.47207469256037
2026-09-13 10:00:00,12,-7.7575,10.093333333333332,-74.73182843485235,-24.98226666666666,-23.816643576403308
2026-09-13 11:00:00,12,-8.138333333333334,14.041666666666666,-86.62653351168073,-35.39964147286823,-28.95744226812465
2026-09-13 12:00:00,12,-8.934166666666666,17.100833333333334,-84.21061811936796,-35.39964147286823,-26.64298324561541
2026-09-13 13:00:00,12,-9.810833333333331,12.934166666666668,-90.65026715129913,-35.39149728997291,-35.7534493354874
2026-09-13 14:00:00,12,-10.5875,14.455833333333333,-75.73137733452124,-35.39964147286823,-34.804256348498996
2026-09-13 15:00:00,12,-7.8625,18.481666666666666,-56.36302538345076,-35.39964147286823,-31.503733779448552
2026-09-13 16:00:00,12,-7.705833333333333,27.570833333333336,-31.1881389829892,-4.889268115942031,-17.47602004314868
2026-09-13 17:00:00,12,-0.1883333333333333,69.74166666666666,11.188354584441242,20.58310720268007,4.151087734510078
2026-09-13 18:00:00,12,12.226666666666668,96.33833333333332,46.17099017418478,60.9815664556962,33.79185145995242
2026-09-13 19:00:00,12,16.970833333333335,103.39916666666666,54.935160192170585,43.21337920489294,44.45755087317386
2026-09-13 20:00:00,12,49.57,96.70333333333332,54.01880641551477,60.9815664556962,45.57324371523466
2026-09-13 21:00:00,12,61.17333333333334,104.27083333333331,42.235861513765286,60.9815664556962,37.03140478885176
2026-09-13 22:00:00,12,48.43083333333333,105.39583333333331,31.440133751402847,33.89366013071896,31.65536222456319
2026-09-13 23:00:00,12,23.516666666666666,91.52416666666666,16.289937729234587,33.89366013071896,28.937620468744427
2026-09-14 00:00:00,12,31.25583333333333,84.70333333333333,24.370047247336892,45.90494047619046,40.8374921297356
2026-09-14 01:00:00,12,20.15,66.25,46.74306386898186,20.58310720268007,25.990589526920196
2026-09-14 02:00:00,12,42.6025,34.464166666666664,48.713290569026185,44.33606684981683,31.40237454401821
2026-09-14 03:00:00,12,52.6,28.46,47.24439518700457,44.33606684981683,34.92035636855013
2026-09-14 04:00:00,12,55.85666666666666,16.844166666666666,38.9598664594282,44.33606684981683,41.20402797654236
2026-09-14 05:00:00,12,58.10166666666667,15.265,33.275890866892425,44.33606684981683,45.41921476870847
2026-09-14 06:00:00,12,55.54333333333333,22.96166666666667,45.62446075413295,44.33606684981683,56.95829577849574
2026-09-14 07:00:00,12,50.93,42.31666666666667,67.51044540445474,71.22454518779342,79.73562668811779
2026-09-14 08:00:00,12,55.97166666666666,36.994166666666665,114.48858791576916,108.31351296296289,110.53723301792436
2026-09-14 09:00:00,12,79.9875,6.815,98.4310924825957,89.51698839662447,99.43248474731
2026-09-14 10:00:00,12,65.84333333333333,4.193333333333333,93.17517583165001,89.51698839662447,73.2553400768965
2026-09-14 11:00:00,12,45.0225,-0.5233333333333333,79.85533235523222,54.31848747591524,60.86735775228595
2026-09-14 12:00:00,12,30.743333333333336,-0.63,58.306666304668965,10.338333333333336,39.865998767892556
2026-09-14 13:00:00,12,23.626666666666665,-1.3949999999999998,58.06114496675061,40.02783834586465,45.42145585819721
2026-09-14 14:00:00,12,14.0875,-0.5083333333333334,57.90396035542341,27.19435632183908,41.519743723619584
2026-09-14 15:00:00,12,17.66,-1.8958333333333333,52.857546989088256,40.02783834586465,33.83501332082727
2026-09-14 16:00:00,12,2.7741666666666664,5.105833333333333,43.42334501654558,16.285435779816517,31.201523800649156
2026-09-14 17:00:00,12,47.55583333333333,62.37916666666666,72.89579152536152,40.794035087719294,51.774020492225446
2026-09-14 18:00:00,12,64.81916666666667,130.36249999999998,107.57068892655825,109.25015196078431,90.42630206997343
2026-09-14 19:00:00,12,60.98083333333333,134.215,123.72662988138975,103.09694230769229,111.68058553148461
2026-09-14 20:00:00,12,54.73833333333334,124.68833333333332,123.01088711807485,103.09694230769229,112.86432679802402
2026-09-14 21:00:00,12,48.35416666666666,125.8325,108.35346799768092,109.25015196078431,101.36781628765667
2026-09-14 22:00:00,12,56.51583333333334,119.92916666666666,99.86310069221966,108.31351296296289,99.49649787902288
2026-09-14 23:00:00,12,32.1875,113.11416666666668,89.47691216804284,108.31351296296289,96.79553267328853
2026-09-15 00:00:00,12,28.45583333333333,105.0975,59.24963237696955,89.87461564625852,81.58761527398782
2026-09-15 01:00:00,12,15.440833333333332,108.64,53.494953706060606,71.22454518779342,66.79683431932192
2026-09-15 02:00:00,12,28.876666666666665,102.2225,34.3669640631223,76.87916666666669,56.48192457250255
2026-09-15 03:00:00,12,9.6425,88.33416666666666,18.144726678639813,76.87916666666669,48.86493965835804
2026-09-15 04:00:00,12,8.833333333333334,82.46249999999999,9.835075122401946,76.87916666666669,44.830842076634866
2026-09-15 05:00:00,12,9.109166666666669,79.01166666666667,3.416017376662623,34.8488123752495,41.076452523371444
2026-09-15 06:00:00,12,18.844166666666663,75.02,-4.770248821581333,34.8488123752495,28.75466219047135
2026-09-15 07:00:00,12,50.44,82.93583333333333,19.7826336351685,60.9815664556962,35.72488106506917
2026-09-15 08:00:00,12,12.605833333333337,95.02666666666666,33.24683548172066,60.9815664556962,30.160686424053303
2026-09-15 09:00:00,12,3.126666666666667,65.7825,-4.7188988117747215,33.89366013071896,-5.208181581876545
2026-09-15 10:00:00,12,-7.1308333333333325,40.193333333333335,-42.82541113420832,-10.774745862884162,-19.623707273174702
2026-09-15 11:00:00,12,-12.8675,28.594166666666663,-74.14692068983031,-24.98226666666666,-19.867351107780777
2026-09-15 12:00:00,12,-7.444166666666667,23.852500000000003,-79.85224432961873,-15.527952380952383,-22.9514648236415
2026-09-15 13:00:00,12,-8.44,18.746666666666663,-65.90137439139609,-15.527952380952383,-17.246175877090465
2026-09-15 14:00:00,12,-7.6325,12.806666666666668,-62.07410230768524,-15.527952380952383,-17.099852104890388
2026-09-15 15:00:00,12,-7.808333333333334,22.171666666666667,-66.02488629217767,-15.527952380952383,-23.797467988234146
2026-09-15 16:00:00,12,-9.015833333333331,32.1975,-44.323400925733495,-15.527952380952383,-24.22516582693639
2026-09-15 17:00:00,12,-5.949166666666667,104.72916666666669,-7.414268652914203,12.254283707865168,-9.26323429609009
2026-09-15 18:00:00,12,29.9125,131.83916666666667,33.8316284808384,17.302627068557918,26.440947153474546
2026-09-15 19:00:00,12,45.13583333333333,123.0175,61.37257955976223,62.883468208092516,44.50596988408931
2026-09-15 20:00:00,12,51.85583333333333,101.1,76.57015084222847,62.883468208092516,57.20736586381791
2026-09-15 21:00:00,12,64.0925,94.82833333333332,61.70768269822262,62.883468208092516,37.59801633152483
2026-09-15 22:00:00,12,68.99916666666667,84.85166666666667,38.70211410918314,17.302627068557918,21.18035391948039
2026-09-15 23:00:00,12,56.92,90.79916666666666,12.553525711575759,17.302627068557918,9.938396821469759
2026-09-16 00:00:00,12,48.72916666666666,80.0275,7.412590144128508,17.302627068557918,9.51824842591013
2026-09-16 01:00:00,12,46.5125,34.068333333333335,22.276607259698096,12.254283707865168,11.18613139182483
2026-09-16 02:00:00,12,54.064166666666665,5.870833333333334,19.644054511696417,12.573116197183094,8.208007767058461
2026-09-16 03:00:00,12,50.85083333333333,1.5975,15.029198775782291,12.573116197183094,8.107611017455852
2026-09-16 04:00:00,12,41.72,-0.0366666666666666,16.689083582278805,12.573116197183094,12.217632419440477
2026-09-16 05:00:00,12,32.44833333333333,-0.2225,19.347591324740165,20.58310720268007,19.829638187651895
2026-09-16 06:00:00,12,73.18083333333334,0.0083333333333333,31.116110621645063,60.9815664556962,32.6503676871377
2026-09-16 07:00:00,12,86.90333333333332,6.984166666666667,65.30198246238301,64.3874285009862,47.12394840365782
2026-09-16 08:00:00,12,44.384166666666665,10.224166666666669,84.82304440901297,64.3874285009862,56.833597661703266
2026-09-16 09:00:00,12,20.576666666666664,3.3883333333333336,38.61558665566655,17.302627068557918,15.561151195366456
2026-09-16 10:00:00,12,0.505,-7.313333333333333,14.697898271194646,12.254283707865168,12.443105236199877
2026-09-16 11:00:00,12,10.816666666666668,-9.155833333333334,5.108374918651464,0.3493670483460564,16.631827112580687
2026-09-16 12:00:00,12,21.786666666666665,-7.579166666666667,-2.1912192407588265,12.254283707865168,12.476869545455841
2026-09-16 13:00:00,12,17.940833333333334,-14.392499999999998,-7.481922092386171,0.3493670483460564,12.310642056695265
2026-09-16 14:00:00,12,34.84166666666667,-13.695833333333333,-7.1091133473704105,12.254283707865168,13.707185819226346
2026-09-16 15:00:00,12,49.0275,-10.3325,1.3213401552683735,12.254283707865168,10.502992485259128
2026-09-16 16:00:00,12,38.98083333333334,-8.4025,22.07976182424232,17.302627068557918,14.153934870025346
2026-09-16 17:00:00,12,75.735,28.9875,65.75075527178292,17.302627068557918,27.64821762149562
2026-09-16 18:00:00,12,102.47833333333334,68.05833333333334,116.69400308230023,64.3874285009862,74.65319256569333
2026-09-16 19:00:00,12,108.38166666666666,78.36416666666666,146.19533546748247,113.2472945205479,102.39156406572502
2026-09-16 20:00:00,12,102.72833333333334,81.6375,146.13492863087924,103.09694230769229,115.28190857809952
2026-09-16 21:00:00,12,92.97416666666668,72.9025,134.12545274078548,103.09694230769229,111.52682929985055
2026-09-16 22:00:00,12,94.30583333333334,81.59750000000001,123.05858380511965,64.3874285009862,99.77355246586114
2026-09-16 23:00:00,12,94.2225,88.50666666666666,99.6702995175653,103.09694230769229,96.17153420653077
2026-09-17 00:00:00,12,94.4575,80.47916666666667,80.56257736258742,89.87461564625852,97.82641653175004
2026-09-17 01:00:00,12,96.50666666666666,75.42333333333333,88.19433540846465,89.87461564625852,90.6120346936455
2026-09-17 02:00:00,12,87.76583333333333,71.27583333333332,71.3597225158127,89.87461564625852,85.99521733194197
2026-09-17 03:00:00,12,85.07833333333333,73.4875,58.672312482920006,89.87461564625852,85.30618729811502
2026-09-17 04:00:00,12,77.17,75.53083333333333,51.61437497825152,89.87461564625852,85.26152333258469
2026-09-17 05:00:00,12,73.4725,75.74249999999999,49.955249068724804,89.87461564625852,87.75322982917679
2026-09-17 06:00:00,12,86.75833333333333,78.6775,61.45839107844366,108.31351296296289,99.17409932705422
2026-09-17 07:00:00,12,89.4325,95.825,93.44743531680439,134.69625123639958,114.89072703614099
2026-09-17 08:00:00,12,76.64166666666667,69.67833333333333,119.80338247665185,134.69625123639958,109.90923963108382
2026-09-17 09:00:00,12,62.99666666666667,35.18,111.18107530347423,134.69625123639958,85.22411467490198
2026-09-17 10:00:00,12,40.43,7.37,107.42944931182325,134.69625123639958,74.94584670044155
2026-09-17 11:00:00,12,41.93083333333333,3.6291666666666655,94.88647434220718,89.51698839662447,64.73622522323815
2026-09-17 12:00:00,12,34.31583333333334,7.434166666666667,65.26260552884378,72.44090978593273,56.56460968835075
2026-09-17 13:00:00,12,20.559166666666663,0.8758333333333335,43.143919275295644,16.285435779816517,33.90492294061384
2026-09-17 14:00:00,12,2.6908333333333334,-1.4125000000000003,28.02536207329922,27.19435632183908,23.529029118040846
2026-09-17 15:00:00,12,-2.2358333333333333,6.673333333333333,19.31975597002301,27.19435632183908,15.360202891778364
2026-09-17 16:00:00,12,-5.269166666666666,12.236666666666666,36.824184718967565,27.19435632183908,29.366997178621332
2026-09-17 17:00:00,12,77.38833333333334,31.8775,94.52875786167216,72.44090978593273,75.70365102890676
2026-09-17 18:00:00,12,116.58666666666666,98.68833333333332,141.00093882147593,134.69625123639958,129.2166247413558
2026-09-17 19:00:00,12,118.45916666666666,103.91083333333334,180.87797301814356,134.69625123639958,162.91734281065666
2026-09-17 20:00:00,12,114.185,94.89583333333331,215.50136200490323,127.00292483660131,172.65548343990687
2026-09-17 21:00:00,12,115.8175,89.96833333333335,226.41151772418448,127.00292483660131,165.10309670695298
2026-09-17 22:00:00,12,114.0375,89.95916666666666,213.0544194502333,127.00292483660131,170.70251814554825
2026-09-17 23:00:00,12,111.92333333333332,81.93416666666667,171.2764726151562,134.69625123639958,152.60685411743776
2026-09-18 00:00:00,12,95.97916666666669,77.75666666666666,150.00123441672395,134.69625123639958,142.41566358241917
2026-09-18 01:00:00,12,96.59166666666664,80.6575,163.97892023810178,108.31351296296289,128.5598650154808
2026-09-18 02:00:00,12,86.70583333333333,75.66666666666667,134.71658893423256,108.31351296296289,119.5631618905806
2026-09-18 03:00:00,12,87.16083333333334,63.02666666666666,110.88195349961552,90.70856529209624,106.69612930172318
2026-09-18 04:00:00,12,84.7325,58.990833333333335,98.40359841482542,90.70856529209624,99.74413088888082
2026-09-18 05:00:00,12,84.67333333333333,61.67250000000001,92.20988406309803,90.70856529209624,92.66674723873703
2026-09-18 06:00:00,12,48.5925,76.86083333333333,96.0773325649371,71.22454518779342,84.11220277980948
2026-09-18 07:00:00,12,59.37916666666666,101.69583333333333,129.249316742021,103.80787292817675,73.95218949927249
2026-09-18 08:00:00,12,6.4925,107.22166666666668,93.73239690243672,64.3874285009862,28.210746330357935
2026-09-18 09:00:00,12,-1.2691666666666668,27.83333333333333,67.12024466772195,60.9815664556962,15.362319711773807
2026-09-18 10:00:00,12,-9.789166666666668,5.310833333333333,0.9509763514725336,4.002881578947368,-0.7416882674006189
2026-09-18 11:00:00,12,-26.584166666666665,-1.5783333333333334,-30.214965889040684,-13.660929648241211,-10.209749902068168
2026-09-18 12:00:00,12,-29.68,-0.2033333333333332,-41.23537817645564,-13.660929648241211,-16.113581290437068
2026-09-18 13:00:00,12,-24.745,-3.06,-50.47545915200165,-22.534799578059058,-29.392378524467276
2026-09-18 14:00:00,12,-14.894166666666663,-7.829166666666667,-54.677195706233405,-22.534799578059058,-35.31103416032279
2026-09-18 15:00:00,12,-11.7925,-5.625833333333333,-43.6549197958484,-22.534799578059058,-24.959991966147797
2026-09-18 16:00:00,12,-7.785,4.265833333333333,-19.17570410235406,-4.889268115942031,-11.116531215262668
2026-09-18 17:00:00,12,-1.5658333333333332,31.886666666666667,17.263868007915903,42.87803201506593,-0.5579054455091921
2026-09-18 18:00:00,12,30.416666666666668,99.9775,36.921037503711176,60.9815664556962,18.12482732619751
2026-09-18 19:00:00,12,14.2725,105.82833333333332,38.69061190659379,60.9815664556962,25.862797251926274
2026-09-18 20:00:00,12,8.041666666666666,95.7475,21.53098970247318,60.9815664556962,14.795126513979184
2026-09-18 21:00:00,12,2.9416666666666664,90.35,6.964283061961517,17.302627068557918,8.809110337895675
2026-09-18 22:00:00,12,7.016666666666667,89.99083333333334,0.23189330838599176,33.89366013071896,7.697433148277668
2026-09-18 23:00:00,12,7.590833333333333,91.85583333333334,-1.308870604685353,60.9815664556962,9.58981218265567
2026-09-19 00:00:00,12,8.369166666666667,94.02,-5.925107931824627,45.90494047619046,10.395492390093622
2026-09-19 01:00:00,12,4.363333333333333,91.83166666666666,-5.564529662017918,33.89366013071896,15.085204240654924
2026-09-19 02:00:00,12,0.01,91.615,-22.321962232904426,16.55094827586207,8.756252594686472
2026-09-19 03:00:00,12,-0.32,88.83083333333333,-36.87964277110703,-0.06405068728522353,3.3692611224942794
2026-09-19 04:00:00,12,-0.5525000000000001,85.16916666666667,-45.198156602660646,-2.0757783018867926,-0.7451826141646762
2026-09-19 05:00:00,12,-0.3675,83.87416666666667,-40.549329694327184,-2.0757783018867926,5.598055251646038
2026-09-19 06:00:00,12,0.01,85.92333333333333,-30.267543570922243,16.55094827586207,17.073311574772376
2026-09-19 07:00:00,12,-0.5375000000000001,89.69666666666666,-35.686446109141,16.55094827586207,9.3144266052972
2026-09-19 08:00:00,12,-7.754166666666666,24.765,-34.3962601650059,4.002881578947368,-6.653553448169362
2026-09-19 09:00:00,12,-19.719166666666663,-5.3975,-37.36822130829171,-13.660929648241211,-14.914739697998783
2026-09-19 10:00:00,12,-24.745833333333334,-5.428333333333334,-43.212328209890714,-13.660929648241211,-16.689416036551705
2026-09-19 11:00:00,12,-27.11583333333333,-6.033333333333334,-43.14490840977973,-4.889268115942031,-13.839306423586407
2026-09-19 12:00:00,12,-36.446666666666665,-4.400833333333334,-65.14068045886201,-35.39149728997291,-33.197454184663215
2026-09-19 13:00:00,12,-42.22,-1.6183333333333334,-63.57671684545595,-35.39149728997291,-39.33073088824288
2026-09-19 14:00:00,12,-37.61333333333334,-0.52,-54.01416118091926,-35.39149728997291,-31.696464528303068
2026-09-19 15:00:00,12,-34.844166666666666,4.653333333333333,-37.44645888937549,-22.534799578059058,-16.30126574531465
2026-09-19 16:00:00,12,-8.544166666666667,9.536666666666669,-2.31168564889623,8.525196540880506,10.897095126874923
2026-09-19 17:00:00,12,6.815833333333333,62.54333333333333,21.584678407081817,31.419319571865433,37.46353114742049
2026-09-19 18:00:00,12,52.605,87.3575,37.03600714768132,71.22454518779342,62.53510568637362
2026-09-19 19:00:00,12,72.15083333333332,80.3425,34.14572553044664,71.22454518779342,66.54650465744416
2026-09-19 20:00:00,12,79.85166666666667,62.98666666666667,34.23676841957585,71.22454518779342,66.56198010172078
2026-09-19 21:00:00,12,85.44666666666666,24.47666666666667,16.577538095804314,45.90494047619046,52.353924191287874
2026-09-19 22:00:00,12,90.57333333333334,7.811666666666666,3.4940145630152912,45.90494047619046,43.323289255816725
2026-09-19 23:00:00,12,90.305,3.2891666666666666,-8.978297222652387,45.90494047619046,36.92700196722385
2026-09-20 00:00:00,12,81.07000000000001,0.0091666666666666,-15.124951044807446,45.90494047619046,36.032634309997576
2026-09-20 01:00:00,12,3.8541666666666665,-0.7133333333333334,-4.68045513070345,16.55094827586207,24.32345182280241
2026-09-20 02:00:00,12,-0.32,-4.61,-21.999142270992465,-2.0757783018867926,13.23917648035718
2026-09-20 03:00:00,12,-4.677499999999999,-5.623333333333334,-40.55730187961629,-2.0757783018867926,2.4943836652285256
2026-09-20 04:00:00,12,-7.6625,-6.939166666666666,-54.879076515871546,-2.0757783018867926,-2.9077715942120363
2026-09-20 05:00:00,12,-7.465,-7.370833333333334,-70.23046744680728,-8.338491666666668,-8.284460996190077
2026-09-20 06:00:00,12,-7.489166666666667,-6.025,-76.27195676728046,-8.338491666666668,-7.58527598944498
2026-09-20 07:00:00,12,-7.918333333333333,-5.03,-77.50373691807893,-8.338491666666668,-9.394661069994086
2026-09-20 08:00:00,12,-39.774166666666666,-8.155833333333334,-86.08478797752984,-24.98226666666666,-18.971299570109892
2026-09-20 09:00:00,12,-63.594166666666666,-13.744166666666668,-103.89664184597079,-35.39964147286823,-24.80516150644216
2026-09-20 10:00:00,12,-63.3,-7.7575,-131.978933302585,-35.39149728997291,-24.07501796888586
2026-09-20 11:00:00,12,-64.15083333333332,-8.138333333333334,-151.82784434737357,-35.39149728997291,-24.629019643783167
2026-09-20 12:00:00,12,-65.31166666666667,-8.934166666666666,-157.78470482408613,-35.39149728997291,-25.07850259901835
2026-09-20 13:00:00,12,-66.65166666666666,-9.810833333333331,-168.3853815973252,-83.82657852564104,-23.397779461456025
2026-09-20 14:00:00,12,-66.6725,-10.5875,-159.004925477811,-35.39149728997291,-24.43690464128744
2026-09-20 15:00:00,12,-52.99916666666667,-7.8625,-128.46505337794105,-35.39149728997291,-23.869842930768016
2026-09-20 16:00:00,12,-29.37333333333333,-7.705833333333333,-102.79030070356846,-24.98226666666666,-12.061922112048947
2026-09-20 17:00:00,12,-9.349166666666669,-0.1883333333333333,-31.78231588966041,-15.527952380952383,3.3465178239014577
2026-09-20 18:00:00,12,51.67416666666667,12.226666666666668,28.700095822139453,12.573116197183094,32.68942259706599
2026-09-20 19:00:00,12,17.215833333333332,16.970833333333335,61.218590658419025,60.9815664556962,60.92982375492882
2026-09-20 20:00:00,12,-1.8416666666666668,49.57,50.70523017397437,60.9815664556962,46.307119556147796
2026-09-20 21:00:00,12,-0.9658333333333332,61.17333333333334,42.37279651382657,45.90494047619046,35.796632814828925
2026-09-20 22:00:00,12,-4.19,48.43083333333333,48.813513807747626,45.90494047619046,46.93464359869569
2026-09-20 23:00:00,12,-0.85,23.516666666666666,39.358134488937466,44.33606684981683,51.09571606282035
2026-09-21 00:00:00,12,-1.0416666666666667,31.25583333333333,35.37794703488474,44.33606684981683,54.07332441208874
2026-09-21 01:00:00,12,-1.2716666666666667,20.15,43.86640239305877,34.8488123752495,42.3658972461466
2026-09-21 02:00:00,12,-0.8733333333333334,42.6025,11.347573345064767,34.8488123752495,25.38839061258519
2026-09-21 03:00:00,12,-0.3233333333333333,52.6,-15.066216525330816,-2.0757783018867926,8.725358476177519
2026-09-21 04:00:00,12,-0.32,55.85666666666666,-17.886468321087747,16.32799882629108,14.975552112156606
2026-09-21 05:00:00,12,4.468333333333334,58.10166666666667,-14.924867512153213,34.8488123752495,22.342287608961662
2026-09-21 06:00:00,12,13.941666666666668,55.54333333333333,-2.0065160605896892,22.12422764227643,33.127929454422606
2026-09-21 07:00:00,12,27.141666666666666,50.93,25.78410701931272,20.58310720268007,46.96332785069181
2026-09-21 08:00:00,12,16.1725,55.97166666666666,15.913154451194892,12.573116197183094,10.17032522645566
2026-09-21 09:00:00,12,5.2283333333333335,79.9875,-1.2625836920648794,33.89366013071896,-3.770412376851283
2026-09-21 10:00:00,12,-2.9658333333333338,65.84333333333333,-16.199043416114236,4.002881578947368,-7.297509773509418
2026-09-21 11:00:00,12,-6.1525,45.0225,-36.383116164459324,-10.774745862884162,-9.494701268885137
2026-09-21 12:00:00,12,-6.053333333333334,30.743333333333336,-40.74044219313879,-13.660929648241211,-14.385223774922494
2026-09-21 13:00:00,12,-5.598333333333334,23.626666666666665,-48.50698826752284,-22.534799578059058,-18.0940220205365
2026-09-21 14:00:00,12,-3.2075,14.0875,-54.85458275306671,-22.534799578059058,-21.536215659739085
2026-09-21 15:00:00,12,-4.996666666666667,17.66,-53.30959310502766,-22.534799578059058,-21.99326638176892
2026-09-21 16:00:00,12,-2.7466666666666666,2.7741666666666664,-32.74837586727436,-13.660929648241211,-11.279382124128972
2026-09-21 17:00:00,12,8.266666666666666,47.55583333333333,23.93019226577126,20.58310720268007,13.936386421032338
2026-09-21 18:00:00,12,98.07,64.81916666666667,95.5651774770826,60.9815664556962,68.77702350894073
2026-09-21 19:00:00,12,93.79833333333332,60.98083333333333,127.84534789867999,103.80787292817675,100.36557758124442
2026-09-21 20:00:00,12,90.11666666666667,54.73833333333334,132.9257178180766,157.8186526479751,110.86783063357046
2026-09-21 21:00:00,12,91.795,48.35416666666666,131.5183129762698,157.8186526479751,111.46371278472319
2026-09-21 22:00:00,12,99.82416666666666,56.51583333333334,123.03827797696047,103.09694230769229,112.88916163525752
2026-09-21 23:00:00,12,100.16583333333334,32.1875,103.76648281493132,71.22454518779342,102.7876816082424
2026-09-22 00:00:00,12,94.13666666666668,28.45583333333333,90.79530587194196,71.22454518779342,97.56858928947781
2026-09-22 01:00:00,12,93.37833333333332,15.440833333333332,107.87330301777499,89.87461564625852,97.04798593552475
2026-09-22 02:00:00,12,83.03666666666668,28.876666666666665,90.34945984961158,89.87461564625852,92.3332935933507
2026-09-22 03:00:00,12,83.325,9.6425,75.1730955028836,89.87461564625852,92.61905907163145
2026-09-22 04:00:00,12,82.34583333333333,8.833333333333334,65.83376309764009,89.87461564625852,94.12728097236321
2026-09-22 05:00:00,12,85.32666666666667,9.109166666666669,62.039952636757405,89.87461564625852,98.9788173032461
2026-09-22 06:00:00,12,81.38333333333334,18.844166666666663,68.67932552602674,89.87461564625852,109.83278710888595
2026-09-22 07:00:00,12,83.31333333333333,50.44,94.59172505999439,103.09694230769229,112.88801097926805
2026-09-22 08:00:00,12,81.1975,12.605833333333337,122.64836042240282,134.69625123639958,102.87761926724613
2026-09-22 09:00:00,12,29.99833333333333,3.126666666666667,70.27172307722108,60.9815664556962,44.047112443161154
2026-09-22 10:00:00,12,3.561666666666666,-7.1308333333333325,27.552888342561147,16.285435779816517,19.248774936200874
2026-09-22 11:00:00,12,-1.086666666666667,-12.8675,2.6652993880478135,-3.3062293729372927,5.7721298610771115
2026-09-22 12:00:00,12,3.619166666666666,-7.444166666666667,-7.617343430197749,3.9224373795761096,-2.2120731370408606
2026-09-22 13:00:00,12,10.5675,-8.44,-16.52873486939373,3.9224373795761096,-6.717784114676718
2026-09-22 14:00:00,12,9.750833333333334,-7.6325,-7.599098812916679,3.9224373795761096,-2.963112541436587
2026-09-22 15:00:00,12,9.148333333333332,-7.808333333333334,5.095760608181443,3.9224373795761096,4.512313203560517
2026-09-22 16:00:00,12,13.663333333333334,-9.015833333333331,11.88067081629466,-3.3062293729372927,10.425147344670599
2026-09-22 17:00:00,12,43.85166666666667,-5.949166666666667,63.207803277924874,42.87803201506593,39.602908620051345
2026-09-22 18:00:00,12,100.52,29.9125,107.5736459038747,60.9815664556962,85.54070216177612
2026-09-22 19:00:00,12,109.17333333333332,45.13583333333333,131.40918925800383,103.09694230769229,117.80436075848635
2026-09-22 20:00:00,12,101.34583333333336,51.85583333333333,138.48953479944578,103.09694230769229,136.7599295499798
2026-09-22 21:00:00,12,94.69666666666666,64.0925,135.66051029278958,134.69625123639958,145.6135855425602
2026-09-22 22:00:00,12,96.88416666666669,68.99916666666667,133.99650671387613,134.69625123639958,147.26796367955825
2026-09-22 23:00:00,12,96.745,56.92,135.58085869847045,108.31351296296289,141.82455406445024
2026-09-23 00:00:00,12,91.88416666666666,48.72916666666666,132.96582300083872,108.31351296296289,137.6022225132586
2026-09-23 01:00:00,12,99.0775,46.5125,134.10825863069869,108.31351296296289,123.58762184993745
2026-09-23 02:00:00,12,93.915,54.064166666666665,111.45403395978857,108.31351296296289,121.61171338843985
2026-09-23 03:00:00,12,95.1625,50.85083333333333,100.08280369395544,90.70856529209624,121.67938568102852
2026-09-23 04:00:00,12,97.78333333333336,41.72,92.00195660301144,90.70856529209624,123.65149389691743
2026-09-23 05:00:00,12,104.75166666666668,32.44833333333333,87.35395350842019,90.70856529209624,127.78972037813656
2026-09-23 06:00:00,12,138.87,73.18083333333334,97.07077349836604,108.31351296296289,138.64597934914428
2026-09-23 07:00:00,12,145.27166666666668,86.90333333333332,127.15193839886297,134.69625123639958,144.77174657235236
2026-09-23 08:00:00,12,88.70916666666666,44.384166666666665,129.0058013531982,134.69625123639958,105.61967396898967
2026-09-23 09:00:00,12,71.24249999999999,20.576666666666664,110.68876784995845,89.51698839662447,67.50348684316855
2026-09-23 10:00:00,12,12.790833333333332,0.505,63.80783349143886,40.02783834586465,32.65831671313601
2026-09-23 11:00:00,12,-1.1608333333333334,10.816666666666668,33.98231239192996,10.338333333333336,17.87997927261742
2026-09-23 12:00:00,12,-2.5525,21.786666666666665,21.51659692510333,3.9224373795761096,8.953660628952008
2026-09-23 13:00:00,12,-0.5508333333333333,17.940833333333334,9.609853682366811,3.9224373795761096,3.170505002850007
2026-09-23 14:00:00,12,2.953333333333333,34.84166666666667,5.305514980898828,3.9224373795761096,-1.1623151492826338
2026-09-23 15:00:00,12,4.3825,49.0275,10.951562315131333,3.9224373795761096,0.9707934731554531
2026-09-23 16:00:00,12,27.793333333333333,38.98083333333334,32.2097537632031,27.19435632183908,18.740834650414364
2026-09-23 17:00:00,12,98.69916666666668,75.735,73.80786821488215,54.31848747591524,52.456194835933125
2026-09-23 18:00:00,12,115.68416666666668,102.47833333333334,108.11186945769734,108.31351296296289,96.72411221282127
2026-09-23 19:00:00,12,113.00166666666668,108.38166666666666,124.16975957876147,134.69625123639958,121.61665203864453
2026-09-23 20:00:00,12,112.90333333333332,102.72833333333334,135.63125382663418,134.69625123639958,129.67918661855273
2026-09-23 21:00:00,12,116.19333333333331,92.97416666666668,146.6468226596092,134.69625123639958,130.13878073965975
2026-09-23 22:00:00,12,114.69083333333332,94.30583333333334,161.67585921260667,134.69625123639958,125.4584803753279
2026-09-23 23:00:00,12,115.665,94.2225,154.17441647200428,108.31351296296289,138.44827832617617
2026-09-24 00:00:00,12,128.29583333333332,94.4575,136.95597683520032,108.31351296296289,132.6498479238416
2026-09-24 01:00:00,12,202.98916666666665,96.50666666666666,144.29540277311628,108.31351296296289,122.43075462560986
2026-09-24 02:00:00,12,131.30833333333334,87.76583333333333,128.30403754032312,90.70856529209624,118.3620178864367
2026-09-24 03:00:00,12,108.33083333333332,85.07833333333333,104.52945753394644,90.70856529209624,109.21117535042208
2026-09-24 04:00:00,12,134.5525,77.17,81.62415236480548,78.92406630170314,94.715125349383
2026-09-24 05:00:00,12,139.17583333333332,73.4725,66.63445989915604,90.70856529209624,84.98037622522904
2026-09-24 06:00:00,12,198.12,86.75833333333333,66.44258462425248,89.87461564625852,85.15020613692549
2026-09-24 07:00:00,12,123.21,89.4325,77.24188867155078,71.22454518779342,75.05163378621849
2026-09-24 08:00:00,12,23.939166666666665,76.64166666666667,74.45162777592967,67.97130952380954,43.74531044822406
2026-09-24 09:00:00,12,5.489999999999999,62.99666666666667,44.63960762246713,40.794035087719294,12.96501763010086
2026-09-24 10:00:00,12,-1.7300000000000002,40.43,5.133880630627928,8.525196540880506,-8.63840989866047
2026-09-24 11:00:00,12,-5.1975,41.93083333333333,-23.829605773264873,-4.889268115942031,-24.566898300491573
2026-09-24 12:00:00,12,-4.5075,34.31583333333334,-25.62262352237161,-4.889268115942031,-29.51218810701502
2026-09-24 13:00:00,12,-3.125,20.559166666666663,-21.355817860363416,-4.889268115942031,-25.353617643249223
2026-09-24 14:00:00,12,-0.1816666666666666,2.6908333333333334,-6.018203288558027,8.525196540880506,-13.009954685986955
2026-09-24 15:00:00,12,20.829166666666666,-2.2358333333333333,13.329495802129081,8.525196540880506,0.9334892312866003
2026-09-24 16:00:00,12,64.10833333333333,-5.269166666666666,47.72523170782452,40.794035087719294,26.935527477562076
2026-09-24 17:00:00,12,102.75416666666666,77.38833333333334,87.19004587215562,67.97130952380954,53.878177816180774
2026-09-24 18:00:00,12,118.97833333333334,116.58666666666666,117.39645106602234,103.09694230769229,84.50426008188
2026-09-24 19:00:00,12,106.65166666666666,118.45916666666666,114.00988080080711,103.09694230769229,89.27771658038458
2026-09-24 20:00:00,12,89.81833333333333,114.185,98.5539523480704,103.09694230769229,78.54400469581229
2026-09-24 21:00:00,12,91.08,115.8175,75.02494605523287,60.9815664556962,60.998802992299645
2026-09-24 22:00:00,12,98.55666666666669,114.0375,73.88769638524721,109.25015196078431,68.02110353937972
2026-09-24 23:00:00,12,101.27333333333333,111.92333333333332,85.22635698945528,109.25015196078431,90.2831577362629
