hour_end,CITIPOWER,POWERCOR,TXU,UNITED,VICAGL,VIC_TOTAL
2024-12-29 01:00:00,142884.973,460902.202,441271.262,250762.259,130861.518,1426682.214
2024-12-29 02:00:00,128831.704,398962.35,402370.804,222495.684,119219.395,1271879.937
2024-12-29 03:00:00,122613.27,358654.445,335308.435,208805.639,113994.616,1139376.405
2024-12-29 04:00:00,119373.93,344845.74199999997,308159.162,202956.211,111184.263,1086519.308
2024-12-29 05:00:00,118593.361,347995.332,304712.326,202381.10799999998,110396.152,1084078.279
2024-12-29 06:00:00,122454.771,354463.485,302666.931,204868.26,109402.149,1093855.5960000001
2024-12-29 07:00:00,127549.798,291308.525,255035.409,181029.488,93438.367,948361.5869999999
2024-12-29 08:00:00,128162.876,151707.37,129838.44099999999,138399.931,62529.123999999996,610637.742
2024-12-29 09:00:00,130734.084,11792.414,6587.737999999999,73837.387,23816.663,246768.28600000002
2024-12-29 10:00:00,131083.606,-80245.808,-112092.08,13406.874,-10506.917,-58354.32500000001
2024-12-29 11:00:00,138453.415,-125586.93,-172123.321,-24555.204999999998,-10289.017,-194101.05799999996
2024-12-29 12:00:00,138313.145,-159787.844,-166342.289,-18404.332000000002,-17402.956,-223624.276
2024-12-29 13:00:00,126298.338,-138768.418,-182500.38700000002,-49645.139,-13990.331,-258605.93700000003
2024-12-29 14:00:00,130877.36,-136315.28,-182436.295,-48418.906,-15421.182,-251714.303
2024-12-29 15:00:00,131071.135,-89014.292,-127838.987,-17783.403000000002,-7644.535,-111210.08200000001
2024-12-29 16:00:00,145697.085,47730.828,-44028.407,44447.369,29519.242,223366.117
2024-12-29 17:00:00,167537.436,192704.293,156471.353,168199.548,93212.201,778124.831
2024-12-29 18:00:00,190514.04,388854.07499999995,357814.521,295585.539,152506.521,1385274.696
2024-12-29 19:00:00,198722.861,524578.979,480615.63399999996,363801.47000000003,189710.472,1757429.4160000002
2024-12-29 20:00:00,194402.642,584098.689,508742.875,375812.498,199697.792,1862754.4959999998
2024-12-29 21:00:00,191221.27,560145.932,489847.937,366089.983,196878.444,1804183.5659999999
2024-12-29 22:00:00,176157.869,531739.245,441473.562,329929.948,180134.475,1659435.0990000002
2024-12-29 23:00:00,169921.999,529065.5,387600.299,285070.912,158516.67799999999,1530175.388
2024-12-30 00:00:00,169479.528,579103.887,407603.33999999997,299692.4,155656.224,1611535.379
2024-12-30 01:00:00,144664.775,467948.159,444269.729,255289.078,134588.293,1446760.034
2024-12-30 02:00:00,130751.60800000001,404156.188,403217.677,226324.182,122322.464,1286772.1190000002
2024-12-30 03:00:00,124740.102,365471.19299999997,335774.067,212542.424,116898.704,1155426.49
2024-12-30 04:00:00,122113.133,354415.18700000003,311211.948,206912.46,114472.733,1109125.461
2024-12-30 05:00:00,122850.899,363134.535,310609.992,208593.274,114716.788,1119905.488
2024-12-30 06:00:00,134012.276,378918.092,317707.66000000003,217887.023,116664.561,1165189.6120000002
2024-12-30 07:00:00,148198.157,328682.906,276930.801,199398.524,105139.16100000001,1058349.549
2024-12-30 08:00:00,156558.422,197058.925,149189.639,157045.019,78008.424,737860.4289999999
2024-12-30 09:00:00,163654.186,56941.174,2871.508,97837.913,43267.096,364571.877
2024-12-30 10:00:00,164877.385,-62501.054000000004,-117053.71399999999,36112.31,10296.619999999999,31731.54700000001
2024-12-30 11:00:00,165043.703,-130122.166,-182468.023,-2583.024,-4038.562,-154168.072
2024-12-30 12:00:00,168178.698,-119184.408,-182268.0,-14151.576000000001,4588.566,-142836.72
2024-12-30 13:00:00,176501.823,-17631.393,-139791.086,15447.653,49863.871,84390.86799999997
2024-12-30 14:00:00,190457.927,68896.702,10383.095,125979.956,93659.28,489376.95999999996
2024-12-30 15:00:00,200890.831,175559.715,72654.664,138526.212,111879.912,699511.334
2024-12-30 16:00:00,205562.15899999999,292544.775,209648.12099999998,193513.599,131449.828,1032718.4820000001
2024-12-30 17:00:00,224592.103,461283.229,386432.547,341174.648,198413.02000000002,1611895.547
2024-12-30 18:00:00,217977.446,552889.533,501614.43299999996,392477.676,207903.09600000002,1872862.184
2024-12-30 19:00:00,212069.689,616990.299,549246.573,409500.272,210711.204,1998518.037
2024-12-30 20:00:00,202986.419,626527.889,548584.172,391748.52,206553.172,1976400.172
2024-12-30 21:00:00,197126.487,597541.934,515796.778,378116.148,201103.344,1889684.6909999999
2024-12-30 22:00:00,180994.072,568854.568,460401.079,339816.607,183820.196,1733886.5219999999
2024-12-30 23:00:00,173832.2,556923.138,404281.258,293431.869,162152.638,1590621.103
2024-12-31 00:00:00,173027.777,601306.008,422086.988,307849.90499999997,159345.52,1663616.1979999999
2024-12-31 01:00:00,148175.796,482778.721,453597.96499999997,261869.819,137974.528,1484396.829
2024-12-31 02:00:00,134031.076,421137.45,409720.853,233390.175,125434.273,1323713.827
2024-12-31 03:00:00,128075.779,383675.047,343878.132,219477.38,120324.736,1195431.074
2024-12-31 04:00:00,125284.837,369250.934,317920.375,213054.402,117726.328,1143236.876
2024-12-31 05:00:00,126267.276,376000.317,316903.037,214207.48,117611.812,1150989.922
2024-12-31 06:00:00,135385.727,390151.785,323471.6,220955.941,117773.77,1187738.8229999999
2024-12-31 07:00:00,149769.666,346430.708,284478.095,202799.729,105747.103,1089225.301
2024-12-31 08:00:00,159945.729,232906.346,178471.918,181564.43,91995.538,844883.9609999999
2024-12-31 09:00:00,172474.87099999998,98140.664,76121.101,143318.667,67794.609,557849.912
2024-12-31 10:00:00,171908.023,-33623.97,-28550.083,83344.39,30841.402000000002,223919.762
2024-12-31 11:00:00,164529.561,-129736.852,-124011.687,25726.732,-4949.536,-68441.782
2024-12-31 12:00:00,161040.732,-168594.33,-166929.649,-6372.637000000001,-16896.812,-197752.696
2024-12-31 13:00:00,161232.245,-175438.975,-171615.535,-16798.538,-13478.002,-216098.80500000002
2024-12-31 14:00:00,164811.126,-125942.948,-141040.342,-9629.373,-766.631,-112568.168
2024-12-31 15:00:00,173819.485,-58648.299999999996,-73275.901,32309.979,24076.765,98282.02799999999
2024-12-31 16:00:00,190926.947,87179.468,64194.449,118605.732,67835.213,528741.809
2024-12-31 17:00:00,209001.49,284274.634,254909.943,233001.925,122463.488,1103651.48
2024-12-31 18:00:00,212784.584,453111.507,416588.341,329574.995,167729.648,1579789.0750000002
2024-12-31 19:00:00,207989.895,571704.721,505368.685,371442.619,191218.027,1847723.9470000002
2024-12-31 20:00:00,194657.136,604793.126,505986.917,364392.062,190987.032,1860816.273
2024-12-31 21:00:00,184780.248,561574.045,471835.944,345716.333,182310.06,1746216.6300000004
2024-12-31 22:00:00,174981.747,547648.705,436965.026,321689.90499999997,171225.281,1652510.6639999999
2024-12-31 23:00:00,173597.52300000002,559263.384,404459.016,294918.114,158671.773,1590909.81
2025-01-01 00:00:00,177722.706,610171.013,431940.51900000003,317312.823,161564.484,1698711.545
2025-01-01 01:00:00,158720.662,492192.75800000003,463092.952,274779.8,143187.67799999999,1531973.85
2025-01-01 02:00:00,142614.173,426193.882,412545.997,241945.29200000002,129980.116,1353279.46
2025-01-01 03:00:00,133730.334,380830.247,339991.2,222662.33000000002,121429.648,1198643.759
2025-01-01 04:00:00,128269.773,362011.311,313583.354,211723.437,116433.777,1132021.652
2025-01-01 05:00:00,126390.2,362414.339,307622.902,208437.475,114131.657,1118996.5729999999
2025-01-01 06:00:00,129502.533,367579.788,302815.516,210198.209,112658.564,1122754.61
2025-01-01 07:00:00,134122.497,313854.95,268425.809,197186.956,107972.333,1021562.545
2025-01-01 08:00:00,135693.717,214968.562,191034.175,181823.258,94197.735,817717.447
2025-01-01 09:00:00,141682.456,101868.232,136603.17799999999,159714.798,81328.137,621196.801
2025-01-01 10:00:00,138613.923,-89967.747,-16250.019,83627.248,34908.522,150931.927
2025-01-01 11:00:00,124723.514,-190660.639,-142530.827,1771.1239999999998,-20460.71,-227157.53799999997
2025-01-01 12:00:00,116779.845,-218136.112,-240190.726,-82282.683,-54388.683,-478218.359
2025-01-01 13:00:00,114477.31,-221237.345,-277439.247,-101916.372,-59589.148,-545704.802
2025-01-01 14:00:00,115218.944,-184638.25,-262158.753,-96246.9,-54136.486000000004,-481961.44500000007
2025-01-01 15:00:00,121467.215,-92148.742,-183586.144,-60054.448000000004,-36334.212,-250656.331
2025-01-01 16:00:00,135572.109,58328.024999999994,-8185.811,21415.073,2434.8450000000003,209564.241
2025-01-01 17:00:00,161914.747,291389.642,238247.597,173393.22,78647.97,943593.176
2025-01-01 18:00:00,181711.635,482658.546,422905.056,307133.174,157686.312,1552094.7229999998
2025-01-01 19:00:00,180447.953,546801.726,477129.948,329166.096,171729.25,1705274.9729999998
2025-01-01 20:00:00,178556.933,578880.822,479604.239,340573.969,180681.595,1758297.558
2025-01-01 21:00:00,177789.757,551646.365,465142.501,340865.804,182858.781,1718303.2079999999
2025-01-01 22:00:00,165439.921,520932.859,421851.893,310080.31,168711.792,1587016.775
2025-01-01 23:00:00,161652.175,521186.891,373477.883,270687.698,150739.086,1477743.733
2025-01-02 00:00:00,163448.85,573411.978,399262.025,290084.504,150993.699,1577201.0559999999
2025-01-02 01:00:00,139115.736,460721.881,435963.597,246454.267,130023.087,1412278.568
2025-01-02 02:00:00,125984.11,401218.09500000003,395947.096,219601.016,119145.798,1261896.1150000002
2025-01-02 03:00:00,120857.531,365737.573,331267.726,207152.813,114284.78,1139300.423
2025-01-02 04:00:00,118835.41399999999,354151.127,308826.931,202675.296,112267.649,1096756.417
2025-01-02 05:00:00,120180.529,362006.36,308954.661,204839.435,113748.519,1109729.5040000002
2025-01-02 06:00:00,128600.633,380132.017,316808.711,214204.71600000001,114892.155,1154638.232
2025-01-02 07:00:00,142785.434,336536.768,276958.196,195718.305,100672.931,1052671.634
2025-01-02 08:00:00,147603.091,223649.768,156594.891,161204.91999999998,75020.423,764073.0929999999
2025-01-02 09:00:00,159035.616,69368.329,35221.854999999996,121250.90000000001,49637.228,434513.928
2025-01-02 10:00:00,151014.528,-80496.077,-95851.804,38750.778,-10097.383,3320.0419999999885
2025-01-02 11:00:00,141733.414,-184306.57,-212408.262,-27245.068,-43820.246,-326046.732
2025-01-02 12:00:00,138948.815,-249297.062,-282789.353,-78961.078,-55913.825,-528012.503
2025-01-02 13:00:00,135320.832,-286456.21499999997,-301376.385,-99424.087,-60279.642,-612215.497
2025-01-02 14:00:00,135257.46,-264028.29099999997,-281691.936,-96871.375,-56858.251,-564192.393
2025-01-02 15:00:00,139342.462,-215583.667,-222290.26499999998,-68020.211,-41938.269,-408489.94999999995
2025-01-02 16:00:00,150219.51,-80640.619,-96832.516,1791.9320000000002,-6036.653,-31498.345999999998
2025-01-02 17:00:00,168759.063,120792.618,106279.898,117660.974,52762.888999999996,566255.4419999999
2025-01-02 18:00:00,183232.579,327112.026,316261.384,242007.293,117551.41,1186164.692
2025-01-02 19:00:00,189524.42,479599.189,442945.234,313878.082,160368.84100000001,1586315.766
2025-01-02 20:00:00,187336.128,558352.6410000001,485541.049,342880.167,180418.551,1754528.5360000003
2025-01-02 21:00:00,184311.423,547620.318,475901.256,345918.203,183282.279,1737033.479
2025-01-02 22:00:00,170070.215,526637.236,431370.944,314878.349,169316.975,1612273.719
2025-01-02 23:00:00,163843.54200000002,527844.8859999999,380379.513,274269.839,150360.891,1496698.671
2025-01-03 00:00:00,164883.54,583088.854,403207.015,292721.029,150536.749,1594437.1870000002
2025-01-03 01:00:00,139925.079,469258.165,440348.327,249417.741,130184.35,1429133.662
2025-01-03 02:00:00,125829.393,407048.32,401953.067,221160.869,118586.406,1274578.055
2025-01-03 03:00:00,120674.57,367328.716,334229.371,208540.204,113650.086,1144422.947
2025-01-03 04:00:00,118669.262,356791.31299999997,310095.544,204189.459,111621.723,1101367.301
2025-01-03 05:00:00,120583.86499999999,366304.117,312490.815,207485.916,113440.891,1120305.604
2025-01-03 06:00:00,130970.497,384812.473,326582.591,219758.89,116656.754,1178781.2049999998
2025-01-03 07:00:00,145805.20799999998,333717.007,289129.251,202908.428,105431.535,1076991.4289999998
2025-01-03 08:00:00,150831.404,189030.585,158933.747,157505.273,75841.436,732142.445
2025-01-03 09:00:00,154592.26,35106.752,10135.309000000001,87560.886,35517.448,322912.655
2025-01-03 10:00:00,154069.322,-118488.103,-131109.728,16054.198,-2915.317,-82389.62800000001
2025-01-03 11:00:00,153994.685,-203509.046,-209221.661,-31370.505,-24588.225,-314694.752
2025-01-03 12:00:00,153587.128,-229142.11800000002,-231738.432,-50695.692,-30015.463,-388004.57700000005
2025-01-03 13:00:00,155315.133,-206799.103,-216672.908,-44506.657,-22704.22,-335367.755
2025-01-03 14:00:00,163384.488,-150960.777,-137222.073,-9299.767,-1214.425,-135312.55399999997
2025-01-03 15:00:00,177151.58,-39739.295,-5509.023,65622.476,38138.934,235664.672
2025-01-03 16:00:00,198004.17799999999,130112.907,181399.79200000002,185613.361,95400.166,790530.404
2025-01-03 17:00:00,222038.82,352029.75800000003,419457.373,337480.434,168015.747,1499022.132
2025-01-03 18:00:00,236092.284,573505.074,642420.066,480482.677,232998.808,2165498.9090000005
2025-01-03 19:00:00,239843.97,716087.947,754193.224,553837.304,264273.027,2528235.472
2025-01-03 20:00:00,231235.807,748823.566,734173.968,544972.768,262298.624,2521504.733
2025-01-03 21:00:00,221295.389,680179.285,658425.864,505543.633,245455.539,2310899.71
2025-01-03 22:00:00,201704.328,620762.819,565467.167,439749.838,217578.25,2045262.4019999998
2025-01-03 23:00:00,189979.362,593508.15,478029.48600000003,367031.025,185956.907,1814504.9300000002
2025-01-04 00:00:00,185248.1,625074.257,475331.104,360493.003,176564.106,1822710.5699999998
2025-01-04 01:00:00,156287.762,500518.749,492279.211,299229.502,150005.07200000001,1598320.2959999999
2025-01-04 02:00:00,139255.636,437036.114,436871.071,261690.637,134761.771,1409615.229
2025-01-04 03:00:00,131526.162,394573.372,367332.195,242035.745,127324.82,1262792.294
2025-01-04 04:00:00,127746.09,377401.28,342197.148,230939.88,122700.155,1200984.553
2025-01-04 05:00:00,126790.606,380226.951,337243.48099999997,227125.71,120484.062,1191870.8099999998
2025-01-04 06:00:00,131156.395,389853.10000000003,340522.921,228624.647,118929.911,1209086.9740000002
2025-01-04 07:00:00,139651.465,338541.325,300304.474,210398.179,107304.554,1096199.997
2025-01-04 08:00:00,148202.371,230567.19700000001,197217.764,182492.514,86988.183,845468.029
2025-01-04 09:00:00,167905.62,123484.648,107190.144,158069.123,71169.399,627818.9339999999
2025-01-04 10:00:00,192708.18899999998,69579.927,61011.574,159667.172,67850.501,550817.363
2025-01-04 11:00:00,211262.591,100684.27100000001,69638.573,186592.755,81445.829,649624.019
2025-01-04 12:00:00,232892.925,236735.171,121063.02,258171.381,120114.919,968977.416
2025-01-04 13:00:00,264046.772,415268.543,255001.441,405492.33400000003,206635.63,1546444.7199999997
2025-01-04 14:00:00,288588.317,465882.013,487238.109,569901.793,251336.414,2062946.6459999997
2025-01-04 15:00:00,281069.398,510740.282,539944.037,513239.54000000004,226493.464,2071486.721
2025-01-04 16:00:00,305871.997,741771.196,606595.258,587969.868,303868.548,2546076.867
2025-01-04 17:00:00,333261.948,899305.309,854635.044,770169.594,365939.966,3223311.861
2025-01-04 18:00:00,340981.466,995580.695,993874.385,835601.836,412248.513,3578286.895
2025-01-04 19:00:00,333670.662,977351.074,1003167.839,812111.633,415529.425,3541830.633
2025-01-04 20:00:00,308575.132,921824.53,912828.023,721263.602,377782.374,3242273.661
2025-01-04 21:00:00,279745.923,824333.316,796756.926,635539.063,330745.59,2867120.818
2025-01-04 22:00:00,248167.282,735983.514,667333.815,538924.087,283476.176,2473884.874
2025-01-04 23:00:00,227946.211,684106.354,555646.034,442703.522,238285.86,2148687.981
2025-01-05 00:00:00,218377.311,687140.668,534627.191,422112.847,219917.826,2082175.8429999999
2025-01-05 01:00:00,185333.319,551897.385,534378.533,349460.55700000003,185011.75,1806081.544
2025-01-05 02:00:00,164371.586,486318.645,469549.675,305314.732,164773.332,1590327.97
2025-01-05 03:00:00,155311.948,446953.717,398549.715,281068.176,153340.27,1435223.8260000001
2025-01-05 04:00:00,149713.188,430689.958,372277.888,266859.249,146462.986,1366003.269
2025-01-05 05:00:00,146986.43,431441.66099999996,367238.478,260574.42500000002,142771.84,1349012.834
2025-01-05 06:00:00,147885.003,438099.837,370166.419,258705.12099999998,140734.449,1355590.829
2025-01-05 07:00:00,155552.392,420322.628,352343.945,255631.15600000002,137143.096,1320993.217
2025-01-05 08:00:00,164105.383,349563.425,290363.376,252123.386,131551.603,1187707.173
2025-01-05 09:00:00,187669.75,336393.33,240647.6,232200.313,143880.146,1140791.139
2025-01-05 10:00:00,212731.632,293262.074,230443.139,314385.255,125604.488,1176426.588
2025-01-05 11:00:00,231771.036,335948.262,190631.454,273870.152,139914.188,1172135.092
2025-01-05 12:00:00,270887.846,432920.594,285798.729,389803.438,200185.31900000002,1579595.926
2025-01-05 13:00:00,316976.468,689183.328,403348.762,480374.926,285185.195,2175068.679
2025-01-05 14:00:00,346019.85599999997,838366.943,563622.827,692655.54,314185.683,2754850.8490000004
2025-01-05 15:00:00,348376.329,964624.578,709954.8130000001,769207.836,355721.428,3147884.984
2025-01-05 16:00:00,374617.161,1095276.744,924545.257,873124.693,457391.539,3724955.3940000003
2025-01-05 17:00:00,378581.499,1100644.83,1150997.375,958775.547,485174.955,4074174.2060000002
2025-01-05 18:00:00,375667.238,1108755.276,1151840.303,948259.546,478774.804,4063297.167
2025-01-05 19:00:00,357442.88899999997,1072948.606,1090450.851,889699.362,454611.239,3865152.9469999997
2025-01-05 20:00:00,333719.35599999997,999409.839,997617.163,797443.106,427141.854,3555331.3179999995
2025-01-05 21:00:00,305381.638,888517.456,882406.568,705559.42,380044.088,3161909.17
2025-01-05 22:00:00,270602.859,780724.379,738364.108,594946.696,324339.358,2708977.4
2025-01-05 23:00:00,246604.845,709501.064,608768.611,488464.148,271853.078,2325191.7460000003
2025-01-06 00:00:00,235877.653,713924.864,588115.236,464778.967,249143.407,2251840.127
2025-01-06 01:00:00,201508.767,581510.901,588046.372,389468.735,211974.184,1972508.9589999998
2025-01-06 02:00:00,179844.436,514702.109,514057.406,340411.808,187704.787,1736720.5459999999
2025-01-06 03:00:00,169951.578,477468.148,440449.89900000003,313989.024,174937.607,1576796.256
2025-01-06 04:00:00,164628.421,459334.257,414545.229,298287.87,167164.147,1503959.924
2025-01-06 05:00:00,164808.605,464613.988,411579.949,291522.568,161993.149,1494518.259
2025-01-06 06:00:00,180924.497,491249.276,429953.748,299656.059,164369.049,1566152.6290000002
2025-01-06 07:00:00,210006.307,530277.938,438213.102,314408.395,178253.051,1671158.793
2025-01-06 08:00:00,230235.46,533894.461,454165.734,353098.226,191131.226,1762525.1069999998
2025-01-06 09:00:00,243718.277,537996.335,480579.62,386284.811,203394.067,1851973.11
2025-01-06 10:00:00,246301.874,495597.374,477317.584,382906.214,197220.271,1799343.317
2025-01-06 11:00:00,241920.599,428941.45,432884.3,343151.066,177967.714,1624865.129
2025-01-06 12:00:00,239277.03,374507.207,367243.212,339934.713,166650.809,1487612.971
2025-01-06 13:00:00,228022.65399999998,320716.166,361247.18200000003,305465.156,151650.55,1367101.708
2025-01-06 14:00:00,221703.103,283965.299,349479.546,254113.83299999998,154763.151,1264024.932
2025-01-06 15:00:00,219919.885,245087.536,371909.761,261244.021,153275.4,1251436.603
2025-01-06 16:00:00,212399.429,243650.17799999999,347045.838,216526.822,164278.563,1183900.83
2025-01-06 17:00:00,206958.682,322402.099,329509.646,251910.01,164892.025,1275672.4619999998
2025-01-06 18:00:00,205115.144,413325.718,394334.039,302870.585,173368.703,1489014.189
2025-01-06 19:00:00,202075.973,471414.456,427785.677,327433.349,176739.206,1605448.661
2025-01-06 20:00:00,197525.257,522371.468,466125.076,355187.683,188972.446,1730181.9300000002
2025-01-06 21:00:00,192675.965,514087.153,458072.873,353515.03,189908.61,1708259.631
2025-01-06 22:00:00,174889.386,497816.564,414823.727,319096.666,173142.703,1579769.0459999999
2025-01-06 23:00:00,166695.866,502712.544,365470.66099999996,275100.597,152169.78399999999,1462149.452
2025-01-07 00:00:00,167006.025,567671.221,390546.793,294620.097,151604.558,1571448.6940000001
2025-01-07 01:00:00,142305.763,456897.917,436264.051,251564.095,131781.531,1418813.3569999998
2025-01-07 02:00:00,128787.98300000001,395288.214,393920.627,221923.581,120586.485,1260506.89
2025-01-07 03:00:00,123608.701,362640.091,324912.921,209814.751,115559.302,1136535.766
2025-01-07 04:00:00,121967.958,356038.147,304248.323,206530.27300000002,114182.365,1102967.066
2025-01-07 05:00:00,126030.312,371253.396,311324.83,213943.312,118348.296,1140900.1460000002
2025-01-07 06:00:00,142453.97699999998,411183.13899999997,339745.41,231988.226,131839.104,1257209.856
2025-01-07 07:00:00,164797.394,404767.317,314287.895,220942.47699999998,123869.948,1228665.0310000002
2025-01-07 08:00:00,177271.811,279515.927,195428.607,178518.04499999998,91341.848,922076.238
2025-01-07 09:00:00,181043.39,82390.62299999999,62512.489,113093.781,47758.424,486798.70700000005
2025-01-07 10:00:00,177056.91700000002,-99488.963,-52902.141,51870.115,3082.439,79618.36700000001
2025-01-07 11:00:00,175456.523,-183943.668,-119991.837,5175.4929999999995,-20997.025,-144300.51400000002
2025-01-07 12:00:00,178778.335,-223867.019,-153960.52,-20048.121,-26682.033,-245779.358
2025-01-07 13:00:00,179596.776,-239670.835,-169408.986,-30861.546,-18841.678,-279186.269
2025-01-07 14:00:00,185681.438,-201611.393,-147650.491,-29660.306,8402.535,-184838.21700000003
2025-01-07 15:00:00,190823.335,-145354.776,-99563.149,-7323.079,22655.63,-38762.03900000002
2025-01-07 16:00:00,201884.494,-20302.917,1813.46,57662.263999999996,49773.908,290831.209
2025-01-07 17:00:00,215934.33,177493.931,174633.672,172241.137,103078.488,843381.5580000001
2025-01-07 18:00:00,223941.736,379996.81799999997,354953.524,291815.406,164054.736,1414762.22
2025-01-07 19:00:00,222852.036,525380.675,463258.055,355549.822,200180.708,1767221.296
2025-01-07 20:00:00,212929.761,591070.4079999999,495759.349,372157.597,208273.562,1880190.677
2025-01-07 21:00:00,204468.675,570726.076,478358.187,363832.913,202188.821,1819574.6719999998
2025-01-07 22:00:00,183818.459,535464.46,427318.871,325000.79,181100.377,1652702.9570000002
2025-01-07 23:00:00,172035.447,526677.547,374677.266,279082.224,157479.28399999999,1509951.768
2025-01-08 00:00:00,170855.608,577275.647,398219.738,295978.779,155273.306,1597603.078
2025-01-08 01:00:00,144558.687,462085.122,433907.49,251407.833,133679.201,1425638.333
2025-01-08 02:00:00,130920.276,402006.47000000003,391237.61600000004,223423.078,121837.475,1269424.915
2025-01-08 03:00:00,125685.993,370087.457,329079.405,211272.186,116735.848,1152860.889
2025-01-08 04:00:00,123956.949,360384.009,309262.986,208043.709,115559.153,1117206.8059999999
2025-01-08 05:00:00,127602.667,375178.29,315669.981,213914.065,118807.97899999999,1151172.982
2025-01-08 06:00:00,142852.436,406724.996,340883.61,233920.429,126471.317,1250852.788
2025-01-08 07:00:00,169286.919,375007.995,309573.34,228216.984,123231.30900000001,1205316.5470000003
2025-01-08 08:00:00,181164.259,229153.115,172656.385,187488.84,96865.822,867328.421
2025-01-08 09:00:00,189244.452,54725.754,25116.283,118887.469,58966.879,446940.837
2025-01-08 10:00:00,191402.392,-90462.02900000001,-118851.218,47476.485,21514.195,51079.825000000004
2025-01-08 11:00:00,195057.404,-178796.662,-202189.426,5585.2570000000005,2566.0190000000002,-177777.408
2025-01-08 12:00:00,202615.07499999998,-165617.875,-220750.41700000002,-408.0060000000001,11076.975,-173084.24800000002
2025-01-08 13:00:00,214178.45,-137005.488,-182057.173,29822.705,30796.033,-44265.47300000001
2025-01-08 14:00:00,233341.395,-71733.994,-116234.669,96262.988,76039.674,217675.39399999997
2025-01-08 15:00:00,243259.712,28528.715,-30028.968,154521.37900000002,93242.636,489523.47400000005
2025-01-08 16:00:00,259759.738,206461.826,121178.618,244619.736,140464.786,972484.704
2025-01-08 17:00:00,278528.324,426211.19299999997,336390.938,387048.37,214412.432,1642591.2570000002
2025-01-08 18:00:00,286636.964,652044.313,544019.344,514544.56,284451.476,2281696.657
2025-01-08 19:00:00,281311.333,768079.777,653901.7390000001,561751.765,310058.958,2575103.572
2025-01-08 20:00:00,259690.221,763927.199,625385.284,512153.284,291410.836,2452566.824
2025-01-08 21:00:00,244789.491,694643.3219999999,564059.697,465711.353,269582.11,2238785.9729999998
2025-01-08 22:00:00,217525.317,627865.96,485524.80700000003,399810.53,232674.74300000002,1963401.357
2025-01-08 23:00:00,198788.612,592235.505,417804.253,333393.552,195041.54499999998,1737263.467
2025-01-09 00:00:00,193179.817,620984.42,429391.524,335964.721,183483.887,1763004.369
2025-01-09 01:00:00,164726.311,498329.34,456899.54,282795.31,156859.227,1559609.7280000001
2025-01-09 02:00:00,148142.914,437887.335,408818.49199999997,251687.952,141751.185,1388287.878
2025-01-09 03:00:00,141637.936,407934.784,344697.625,236815.249,134523.315,1265608.909
2025-01-09 04:00:00,138368.749,400102.354,324435.213,230179.347,130674.726,1223760.389
2025-01-09 05:00:00,141023.965,409885.157,328441.088,233893.523,132443.795,1245687.528
2025-01-09 06:00:00,155115.924,432852.57,343979.914,243248.565,136527.793,1311724.7659999998
2025-01-09 07:00:00,184443.695,415133.643,305741.736,234270.01499999998,129789.018,1269378.1069999998
2025-01-09 08:00:00,205785.244,318738.597,210802.157,226810.078,116963.864,1079099.94
2025-01-09 09:00:00,229233.225,243589.182,131985.153,237152.087,117852.561,959812.2079999999
2025-01-09 10:00:00,225596.113,119798.364,51587.504,165076.827,62583.008,624641.816
2025-01-09 11:00:00,227835.16,84465.966,-69566.865,103255.901,48497.866,394488.028
2025-01-09 12:00:00,260984.936,192877.33,-22746.635,173543.533,112166.935,716826.0989999999
2025-01-09 13:00:00,271570.718,275100.546,105125.962,267159.137,132013.77,1050970.133
2025-01-09 14:00:00,279471.24,326400.228,220175.655,320477.095,158983.759,1305507.977
2025-01-09 15:00:00,287661.532,320628.948,256352.435,373817.778,157577.12,1396037.813
2025-01-09 16:00:00,299774.389,434863.155,360712.986,400114.896,204138.918,1699604.344
2025-01-09 17:00:00,313347.327,567813.325,547934.649,516736.18,258317.311,2204148.792
2025-01-09 18:00:00,318055.175,712988.649,681974.606,626831.404,329036.606,2668886.4400000004
2025-01-09 19:00:00,305040.35,770796.673,725966.529,618326.128,326315.68700000003,2746445.367
2025-01-09 20:00:00,288225.308,736693.667,702039.637,583808.872,308339.176,2619106.66
2025-01-09 21:00:00,272216.897,678743.947,641024.171,538050.418,286437.77,2416473.203
2025-01-09 22:00:00,243143.154,624275.175,553539.883,470057.068,251711.637,2142726.9170000004
2025-01-09 23:00:00,222416.548,596700.48,469057.471,391709.177,212386.913,1892270.589
2025-01-10 00:00:00,212140.682,633647.393,473157.833,384386.965,198356.86,1901689.733
2025-01-10 01:00:00,179898.652,504970.225,488374.2,319555.734,169377.055,1662175.866
2025-01-10 02:00:00,162560.069,441563.705,435563.109,282289.465,153651.459,1475627.807
2025-01-10 03:00:00,154148.539,409378.681,367132.223,261930.724,144156.935,1336747.102
2025-01-10 04:00:00,149114.692,396083.946,344412.798,250173.34399999998,138905.9,1278690.68
2025-01-10 05:00:00,151570.203,406933.745,347381.496,250732.657,139839.636,1296457.737
2025-01-10 06:00:00,167209.354,441897.474,375126.445,267979.946,147873.92,1400087.139
2025-01-10 07:00:00,194768.245,422920.145,359853.275,261444.63,152841.502,1391827.797
2025-01-10 08:00:00,217396.10499999998,320708.634,284061.048,260793.093,149183.09100000001,1232141.9710000001
2025-01-10 09:00:00,228475.84399999998,200934.48500000002,182965.869,210372.229,115864.734,938613.1609999998
2025-01-10 10:00:00,232090.351,89022.545,69664.036,163036.246,68390.758,622203.936
2025-01-10 11:00:00,237231.804,63778.869999999995,31490.356,152300.484,58912.564,543714.078
2025-01-10 12:00:00,254274.71,64975.172,77990.494,172957.807,71248.076,641446.259
2025-01-10 13:00:00,269072.555,93644.773,96631.829,213342.141,98330.222,771021.52
2025-01-10 14:00:00,287142.205,141720.745,181753.247,298958.7,131809.714,1041384.611
2025-01-10 15:00:00,304679.303,242908.928,258820.875,349081.614,165727.73,1321218.45
2025-01-10 16:00:00,319010.289,383805.821,352937.21,428152.65499999997,223771.30599999998,1707677.281
2025-01-10 17:00:00,328934.467,583259.915,532361.356,560870.946,286828.377,2292255.0609999998
2025-01-10 18:00:00,327071.09500000003,741647.438,700349.8369999999,680558.393,339754.386,2789381.1489999997
2025-01-10 19:00:00,314236.685,839000.556,766141.323,707039.252,350363.66,2976781.476
2025-01-10 20:00:00,295872.5,837083.869,745038.607,662194.87,341874.283,2882064.1289999997
2025-01-10 21:00:00,282013.217,760398.14,678553.748,602154.845,318091.506,2641211.4560000002
2025-01-10 22:00:00,256413.453,686224.973,587691.092,517252.94200000004,278226.374,2325808.834
2025-01-10 23:00:00,235287.255,642698.265,498862.34500000003,423984.16,232410.796,2033242.821
2025-01-11 00:00:00,222552.576,663985.595,493919.058,405569.866,211699.221,1997726.3159999999
2025-01-11 01:00:00,188089.396,528557.622,505630.684,335936.684,178404.785,1736619.1709999999
2025-01-11 02:00:00,168863.327,465623.511,447730.323,293786.679,159469.365,1535473.2049999998
2025-01-11 03:00:00,159213.627,426883.196,375223.688,271776.29600000003,149206.45,1382303.257
2025-01-11 04:00:00,153290.544,410162.172,349724.131,258755.68,142124.525,1314057.052
2025-01-11 05:00:00,151440.238,411212.271,345673.274,252901.479,139274.098,1300501.36
2025-01-11 06:00:00,154892.623,425162.56,353766.689,254546.396,137959.171,1326327.439
2025-01-11 07:00:00,167042.529,389694.301,322490.053,245700.916,131563.695,1256491.494
2025-01-11 08:00:00,182139.799,281258.735,225529.793,229008.502,118030.911,1035967.7399999999
2025-01-11 09:00:00,205748.509,178560.6,126160.717,211371.226,103231.218,825072.2699999999
2025-01-11 10:00:00,228604.475,108965.89600000001,46436.146,204830.375,95483.99799999999,684320.89
2025-01-11 11:00:00,251209.187,108557.852,33560.64,230256.12900000002,110335.45300000001,733919.261
2025-01-11 12:00:00,274337.993,195840.268,86218.41,291550.892,145347.098,993294.6610000001
2025-01-11 13:00:00,304129.723,325254.108,246575.836,402396.828,252795.20500000002,1531151.7000000002
2025-01-11 14:00:00,326740.559,414481.279,422026.7,516802.364,308556.007,1988606.909
2025-01-11 15:00:00,331681.777,446307.362,567486.341,575060.126,293811.962,2214347.568
2025-01-11 16:00:00,326786.626,637129.333,592873.704,589427.752,297211.753,2443429.168
2025-01-11 17:00:00,361169.78500000003,791999.711,692060.758,730022.542,394082.615,2969335.4110000003
2025-01-11 18:00:00,356921.8,886122.3910000001,836130.572,834888.881,373668.47,3287732.114
2025-01-11 19:00:00,342676.518,969226.838,777702.39,765433.718,368839.887,3223879.3510000003
2025-01-11 20:00:00,328518.602,960754.509,748187.554,722246.016,362463.70900000003,3122170.3899999997
2025-01-11 21:00:00,309135.671,858493.424,681655.174,647756.495,333353.321,2830394.085
2025-01-11 22:00:00,278029.27,764442.366,587662.659,551033.813,291546.302,2472714.41
2025-01-11 23:00:00,252617.902,702863.425,497513.779,451051.867,244237.336,2148284.3090000004
2025-01-12 00:00:00,238199.347,700547.952,490790.163,426849.261,222552.921,2078939.644
2025-01-12 01:00:00,202188.346,556737.9450000001,499792.30700000003,352437.29099999997,187170.584,1798326.473
2025-01-12 02:00:00,181002.436,488985.729,441690.387,309729.991,166875.771,1588284.314
2025-01-12 03:00:00,170334.494,449208.28500000003,374814.352,286978.193,157921.06,1439256.384
2025-01-12 04:00:00,165112.465,433108.879,352500.313,272653.788,153499.226,1376874.671
2025-01-12 05:00:00,163286.666,430318.23699999996,346511.665,266025.099,150432.54200000002,1356574.2089999998
2025-01-12 06:00:00,163632.521,437465.564,344533.137,262530.413,146149.454,1354311.0889999997
2025-01-12 07:00:00,169053.737,402417.081,309580.006,250798.05,136280.29499999998,1268129.169
2025-01-12 08:00:00,181020.838,328471.324,220473.746,232606.167,124101.36,1086673.435
2025-01-12 09:00:00,201152.015,311051.096,136704.419,237650.551,123601.844,1010159.925
2025-01-12 10:00:00,230698.609,349546.252,152170.499,276824.041,149130.161,1158369.5620000002
2025-01-12 11:00:00,258325.668,480215.337,267054.132,395896.886,220067.215,1621559.2380000001
2025-01-12 12:00:00,261288.68099999998,529044.938,424500.745,470274.31799999997,243612.14299999998,1928720.825
2025-01-12 13:00:00,242613.772,473472.14400000003,459648.153,430458.083,204486.531,1810678.6829999997
2025-01-12 14:00:00,227326.209,429622.126,412352.369,354214.173,177652.781,1601167.6579999998
2025-01-12 15:00:00,232828.961,426833.934,438729.82,360229.414,213981.47400000002,1672603.603
2025-01-12 16:00:00,231600.818,401326.71,461290.634,322214.323,224733.207,1641165.692
2025-01-12 17:00:00,233781.84399999998,424941.951,526984.71,396151.12200000003,189403.569,1771263.1959999998
2025-01-12 18:00:00,226639.464,519863.098,479315.22599999997,347682.19,163604.122,1737104.1
2025-01-12 19:00:00,240949.743,659872.448,476689.536,389947.787,208708.01,1976167.5240000002
2025-01-12 20:00:00,238200.467,707909.435,510737.648,414312.819,227482.869,2098643.238
2025-01-12 21:00:00,233847.596,661700.774,499449.702,408143.757,224844.61,2027986.4389999998
2025-01-12 22:00:00,212830.793,610285.27,447539.342,364181.526,202905.771,1837742.702
2025-01-12 23:00:00,199090.282,583386.8470000001,390228.053,311234.506,175209.663,1659149.351
2025-01-13 00:00:00,196001.461,617891.604,410282.683,323674.50800000003,171125.166,1718975.422
2025-01-13 01:00:00,166988.571,493322.31200000003,444154.662,273933.346,147939.094,1526337.985
2025-01-13 02:00:00,150238.842,431068.365,398735.653,245170.392,134515.86,1359729.1119999997
2025-01-13 03:00:00,144271.235,398562.606,333562.077,232364.18600000002,128926.119,1237686.223
2025-01-13 04:00:00,141621.993,388444.828,315737.751,227707.192,126888.99100000001,1200400.755
2025-01-13 05:00:00,146580.705,403156.93,327010.078,235058.227,130853.181,1242659.121
2025-01-13 06:00:00,169125.001,442697.073,363055.878,261962.635,145311.24599999998,1382151.833
2025-01-13 07:00:00,204983.037,442509.382,366087.863,283044.426,162708.463,1459333.171
2025-01-13 08:00:00,227747.71,356760.531,273559.669,280549.475,164862.904,1303480.289
2025-01-13 09:00:00,231089.662,251715.10199999998,133110.334,205684.794,126366.282,947966.174
2025-01-13 10:00:00,233300.218,92060.123,-29581.017,130048.676,60898.382,486726.382
2025-01-13 11:00:00,236514.716,-4587.47,-118640.376,81031.564,34176.265,228494.69900000002
2025-01-13 12:00:00,239320.609,-37067.001000000004,-132688.66,58251.531,33348.494,161164.97300000003
2025-01-13 13:00:00,246376.296,20880.744,-101912.359,75927.666,45419.347,286691.694
2025-01-13 14:00:00,261519.972,106722.987,-9055.664,162162.61,80770.11,602120.015
2025-01-13 15:00:00,270945.464,187361.703,188607.61,230022.096,127852.83499999999,1004789.708
2025-01-13 16:00:00,280400.58999999997,336831.582,306721.528,300524.22,149680.511,1374158.4309999999
2025-01-13 17:00:00,293119.426,547047.675,500846.601,406731.564,217890.713,1965635.979
2025-01-13 18:00:00,293552.503,706880.976,655895.657,504302.17,263585.175,2424216.4809999997
2025-01-13 19:00:00,292082.309,824547.045,710586.898,546453.79,289696.727,2663366.7690000003
2025-01-13 20:00:00,271286.131,823172.1579999999,684612.678,514971.805,276677.762,2570720.534
2025-01-13 21:00:00,254050.188,733162.852,606536.285,466534.408,253884.242,2314167.975
2025-01-13 22:00:00,224615.921,648877.295,512184.332,397524.372,218842.905,2002044.825
2025-01-13 23:00:00,203333.383,604152.166,430981.89,328642.9,182559.037,1749669.3760000002
2025-01-14 00:00:00,194355.849,629379.991,440709.329,331461.025,175196.59,1771102.7840000002
2025-01-14 01:00:00,165191.76499999998,501795.372,462839.4,277728.739,149841.259,1557396.5350000001
2025-01-14 02:00:00,149591.475,446511.346,411745.722,248563.443,136999.21,1393411.196
2025-01-14 03:00:00,143311.294,412615.18,347418.087,236034.347,130782.959,1270161.867
2025-01-14 04:00:00,140985.581,402871.853,331360.455,231303.525,128981.693,1235503.107
2025-01-14 05:00:00,145715.038,416867.25,341549.545,238674.752,133269.877,1276076.462
2025-01-14 06:00:00,166486.031,456486.871,379401.488,266394.105,147616.179,1416384.674
2025-01-14 07:00:00,203788.378,449441.951,392223.118,285331.644,161848.028,1492633.119
2025-01-14 08:00:00,224644.318,338673.424,338062.858,290460.445,154944.75699999998,1346785.802
2025-01-14 09:00:00,233889.868,187726.11800000002,279783.514,257999.776,128916.04699999999,1088315.323
2025-01-14 10:00:00,224553.2,45394.75,147381.41,148707.362,79174.987,645211.709
2025-01-14 11:00:00,225452.024,-13742.387999999999,-38312.478,45231.068,28368.274,246996.5
2025-01-14 12:00:00,230403.685,-19999.456,-116370.497,23177.294,21918.468,139129.49399999998
2025-01-14 13:00:00,234891.17,6521.237000000001,-99564.852,28945.828999999998,31029.647,201823.03100000002
2025-01-14 14:00:00,242654.183,72020.449,-44223.588,63232.58,51530.092,385213.716
2025-01-14 15:00:00,255033.468,172494.718,59533.151,132253.693,84427.885,703742.9149999999
2025-01-14 16:00:00,273260.282,335438.65,236134.566,243339.611,138342.073,1226515.1820000003
2025-01-14 17:00:00,291647.464,545384.84,468114.921,393558.865,209636.99,1908343.0799999998
2025-01-14 18:00:00,303400.964,766451.223,693163.914,536002.469,280277.823,2579296.3929999997
2025-01-14 19:00:00,307507.468,908155.165,793831.671,585651.878,313457.885,2908604.067
2025-01-14 20:00:00,290254.845,913495.459,764420.272,553728.843,304275.498,2826174.917
2025-01-14 21:00:00,272072.576,804056.71,675580.95,506780.673,281157.234,2539648.143
2025-01-14 22:00:00,240052.18000000002,703645.592,562719.178,434627.997,241254.207,2182299.1539999996
2025-01-14 23:00:00,217013.801,644778.293,465210.333,358689.061,201113.187,1886804.6749999998
2025-01-15 00:00:00,207136.762,661245.091,466090.59599999996,354685.084,187293.201,1876450.7339999997
2025-01-15 01:00:00,175238.056,532831.943,484526.698,295882.264,158558.137,1647037.0980000002
2025-01-15 02:00:00,158062.066,479386.421,431324.181,263832.23699999996,144735.195,1477340.0999999999
2025-01-15 03:00:00,150329.009,439877.669,367174.306,247705.766,137418.52,1342505.27
2025-01-15 04:00:00,147267.373,426764.294,349003.018,241308.773,134870.268,1299213.7259999998
2025-01-15 05:00:00,152085.015,435675.88,356797.685,247089.54700000002,139172.283,1330820.4100000001
2025-01-15 06:00:00,171266.477,473977.452,382720.991,269707.286,149569.82,1447242.026
2025-01-15 07:00:00,210639.037,507056.337,357794.254,266434.743,163902.13,1505826.5010000002
2025-01-15 08:00:00,241851.555,482733.141,314907.442,312181.399,180509.832,1532183.369
2025-01-15 09:00:00,265882.84,465540.064,321625.828,360070.353,203087.342,1616206.4270000001
2025-01-15 10:00:00,263717.464,363190.982,349856.396,356628.727,168604.359,1501997.9279999998
2025-01-15 11:00:00,255422.23,333919.079,291356.396,251403.497,133039.528,1265140.73
2025-01-15 12:00:00,256458.869,242111.313,268473.974,217332.536,111281.935,1095658.627
2025-01-15 13:00:00,252207.025,198799.535,291413.564,238344.222,110398.77,1091163.116
2025-01-15 14:00:00,265186.856,184305.776,358648.106,266751.59,145458.749,1220351.0770000003
2025-01-15 15:00:00,262233.656,250624.32,422060.053,356524.725,182176.51,1473619.264
2025-01-15 16:00:00,257019.678,323626.575,477421.308,364068.467,197279.53999999998,1619415.568
2025-01-15 17:00:00,244180.523,449245.37,502434.521,368047.992,193044.457,1756952.863
2025-01-15 18:00:00,239543.527,524281.71900000004,533864.749,397511.922,219266.158,1914468.075
2025-01-15 19:00:00,229256.832,556929.604,521254.16000000003,385706.527,213139.596,1906286.719
2025-01-15 20:00:00,216971.10499999998,589234.8,498787.939,372584.965,204498.487,1882077.296
2025-01-15 21:00:00,206530.757,555795.165,465796.605,360274.623,196231.783,1784628.933
2025-01-15 22:00:00,185335.41999999998,516502.581,419332.494,319309.403,175055.21,1615535.1079999998
2025-01-15 23:00:00,174610.619,510170.703,367962.941,275810.782,153720.99599999998,1482276.041
2025-01-16 00:00:00,172448.998,562267.236,393499.521,294040.435,152157.421,1574413.611
2025-01-16 01:00:00,145952.849,441155.545,428297.93200000003,248449.558,130746.798,1394602.682
2025-01-16 02:00:00,131618.883,385064.238,384283.091,221405.6,119397.067,1241768.879
2025-01-16 03:00:00,126428.235,359300.649,322391.846,210836.326,115455.852,1134412.908
2025-01-16 04:00:00,125195.105,353422.104,306088.483,209182.167,114967.039,1108854.898
2025-01-16 05:00:00,130112.412,373567.579,319842.691,219542.321,121299.098,1164364.101
2025-01-16 06:00:00,150065.212,417087.41000000003,353471.081,244660.856,136546.984,1301831.5429999998
2025-01-16 07:00:00,182676.555,407382.327,338403.87,248162.344,137582.915,1314208.011
2025-01-16 08:00:00,203515.484,296222.50299999997,227480.371,238304.759,119501.109,1085024.226
2025-01-16 09:00:00,216024.324,160525.979,156292.633,232257.529,122997.102,888097.5669999999
2025-01-16 10:00:00,197156.163,74211.914,103698.657,143522.588,98049.305,616638.627
2025-01-16 11:00:00,190358.085,-11120.467,15647.721,158184.397,41525.649,394595.385
2025-01-16 12:00:00,188178.427,-108500.079,-13333.113000000001,104208.533,19589.291,190143.05899999998
2025-01-16 13:00:00,186932.235,-135564.268,-71641.765,75611.684,9186.558,64524.443999999974
2025-01-16 14:00:00,185427.488,-159654.387,-63854.121,55093.176999999996,5461.165,22473.322000000022
2025-01-16 15:00:00,179771.654,-122184.126,-52112.621,22914.32,-7435.469,20953.757999999998
2025-01-16 16:00:00,190339.66,-4846.590000000001,1809.427999999999,61471.306,19181.06,267954.864
2025-01-16 17:00:00,204900.757,157141.237,137033.50400000002,171270.008,75548.137,745893.643
2025-01-16 18:00:00,214662.476,331244.24,287735.74199999997,271048.003,140586.698,1245277.1590000002
2025-01-16 19:00:00,217052.475,477928.298,419259.911,341172.349,174778.772,1630191.8050000002
2025-01-16 20:00:00,214100.022,544479.425,467460.145,367504.031,197338.683,1790882.306
2025-01-16 21:00:00,206671.578,534531.85,455221.741,360792.426,195026.15,1752243.7449999996
2025-01-16 22:00:00,187053.721,507480.887,409938.294,323982.138,175883.619,1604338.659
2025-01-16 23:00:00,176922.61,509176.919,358454.797,279359.184,153846.14800000002,1477759.658
2025-01-17 00:00:00,175209.17,563803.375,383269.546,296345.501,152805.274,1571432.8660000002
2025-01-17 01:00:00,148949.311,448782.913,423897.952,251242.96,132707.997,1405581.133
2025-01-17 02:00:00,134666.14,390396.503,383621.195,225101.145,122047.85,1255832.833
2025-01-17 03:00:00,129073.544,359810.229,319779.605,214310.7,117021.322,1139995.4
2025-01-17 04:00:00,127616.655,355086.821,302507.344,212492.012,116325.861,1114028.693
2025-01-17 05:00:00,132913.662,374216.526,314860.994,221466.791,122666.175,1166124.148
2025-01-17 06:00:00,152511.934,419081.059,349816.491,249070.365,138702.338,1309182.187
2025-01-17 07:00:00,182981.259,407254.13,345958.354,267948.875,152597.594,1356740.212
2025-01-17 08:00:00,198793.395,281277.143,246468.574,229444.108,130384.274,1086367.494
2025-01-17 09:00:00,208228.528,147057.555,139113.81,184165.931,106429.28,784995.104
2025-01-17 10:00:00,210830.356,2514.2780000000002,-4648.886999999999,119834.289,71372.92,399902.956
2025-01-17 11:00:00,210097.37900000002,-123577.792,-106554.621,58491.326,42189.804,80646.09599999999
2025-01-17 12:00:00,205473.38999999998,-198999.594,-174649.751,11028.247,7805.266,-149342.442
2025-01-17 13:00:00,188080.343,-241974.232,-241126.568,-38760.006,-19648.871,-353429.334
2025-01-17 14:00:00,184117.993,-226936.87,-240151.725,-45521.976,-24149.251,-352641.82899999997
2025-01-17 15:00:00,183546.731,-178893.903,-189577.607,-20475.041,-13572.592,-218972.41199999998
2025-01-17 16:00:00,191126.635,-53812.394,-70904.977,44171.202,16956.3,127536.766
2025-01-17 17:00:00,203618.771,125401.718,110468.408,155474.464,69564.798,664528.159
2025-01-17 18:00:00,212572.918,336020.989,315647.257,275107.168,132386.04499999998,1271734.3769999999
2025-01-17 19:00:00,215295.666,509946.832,444430.309,348281.152,175927.187,1693881.1459999997
2025-01-17 20:00:00,209862.266,579448.453,487177.88300000003,369250.719,193025.093,1838764.4139999999
2025-01-17 21:00:00,205619.277,561828.18,474971.19,365526.053,193945.115,1801889.815
2025-01-17 22:00:00,189672.446,538134.034,432562.7,333230.885,178588.209,1672188.274
2025-01-17 23:00:00,183087.202,535916.587,384659.667,292173.421,158821.161,1554658.0380000002
2025-01-18 00:00:00,181725.252,583194.89,405207.037,308795.285,158004.482,1636926.946
2025-01-18 01:00:00,154011.011,463524.566,434500.559,260284.789,136221.644,1448542.5690000001
2025-01-18 02:00:00,137362.84100000001,406381.754,388797.832,231177.096,123728.457,1287447.98
2025-01-18 03:00:00,130525.694,375450.63,325820.431,217862.711,117911.919,1167571.385
2025-01-18 04:00:00,127412.645,367429.668,309358.38,211860.09,115280.849,1131341.632
2025-01-18 05:00:00,127691.51699999999,373350.905,310275.256,213683.571,116710.164,1141711.4130000002
2025-01-18 06:00:00,133620.856,390769.058,324102.626,222456.654,119660.027,1190609.221
2025-01-18 07:00:00,146040.816,353839.084,299859.28500000003,213882.188,114121.149,1127742.522
2025-01-18 08:00:00,153416.532,208202.188,184815.391,175715.287,89689.166,811838.564
2025-01-18 09:00:00,162384.408,57537.664,53577.812,111070.847,54174.349,438745.07999999996
2025-01-18 10:00:00,166129.318,-90342.028,-81943.7,38438.901,15997.759,48280.24999999999
2025-01-18 11:00:00,167881.696,-175622.902,-172074.423,-6790.589,-6249.951,-192856.16900000002
2025-01-18 12:00:00,169459.322,-208106.633,-213420.127,-22037.728,-12096.699,-286201.86500000005
2025-01-18 13:00:00,173550.00400000002,-197703.349,-221206.815,-12322.202,-5389.739,-263072.10099999997
2025-01-18 14:00:00,181537.591,-146206.441,-184927.303,21571.948,15284.417000000001,-112739.78800000002
2025-01-18 15:00:00,197170.13999999998,-40241.371999999996,-92552.009,92207.384,53687.495,210271.63799999998
2025-01-18 16:00:00,220429.087,137878.25,66371.316,206915.144,114058.35,745652.147
2025-01-18 17:00:00,250812.824,360110.625,294172.163,352805.972,190030.80299999999,1447932.387
2025-01-18 18:00:00,276741.787,588965.397,511746.482,477053.664,260854.57799999998,2115361.908
2025-01-18 19:00:00,278641.763,741973.061,633135.498,525755.37,298467.388,2477973.08
2025-01-18 20:00:00,260572.944,766938.206,629011.321,494828.301,288895.963,2440246.735
2025-01-18 21:00:00,245967.475,692645.914,573115.4670000001,448991.758,267759.51,2228480.124
2025-01-18 22:00:00,222110.046,624226.829,501546.909,391994.991,233982.59399999998,1973861.369
2025-01-18 23:00:00,207447.497,594239.922,434396.57999999996,331245.612,198689.32,1766018.931
2025-01-19 00:00:00,201955.669,618366.02,443045.676,337106.967,186856.24,1787330.572
2025-01-19 01:00:00,171072.62,489352.806,466461.778,281410.078,157622.109,1565919.3909999998
2025-01-19 02:00:00,152221.34,425245.17,418171.17,248049.132,141526.201,1385213.0129999998
2025-01-19 03:00:00,143039.014,390154.392,350752.866,231503.949,133076.566,1248526.787
2025-01-19 04:00:00,137468.431,375651.199,323005.576,222903.1,127723.195,1186751.501
2025-01-19 05:00:00,135507.343,376115.558,317240.551,220693.766,125565.857,1175123.075
2025-01-19 06:00:00,137945.746,384292.323,325582.13300000003,224094.739,123655.322,1195570.263
2025-01-19 07:00:00,146748.154,343312.55,294899.174,212838.015,116151.024,1113948.9170000001
2025-01-19 08:00:00,154897.127,216007.319,179565.649,181257.869,93775.148,825503.112
2025-01-19 09:00:00,170051.247,94567.846,46672.893000000004,134906.558,68727.084,514925.6279999999
2025-01-19 10:00:00,187920.053,7203.904,-61127.57,97131.426,53281.533,284409.346
2025-01-19 11:00:00,210870.949,-6749.817,-89981.39,103451.659,73422.365,291013.76599999995
2025-01-19 12:00:00,231944.865,35981.017,-62051.639,148779.02,102751.527,457404.79
2025-01-19 13:00:00,249718.048,107070.974,4161.729,218056.945,131053.07,710060.7660000001
2025-01-19 14:00:00,269485.562,237347.845,107482.914,301473.045,182169.331,1097958.6970000002
2025-01-19 15:00:00,294613.491,419123.127,293074.076,421569.674,244633.867,1673014.2349999999
2025-01-19 16:00:00,308920.821,550909.1359999999,474625.764,530211.615,289013.421,2153680.7569999998
2025-01-19 17:00:00,334730.716,758863.25,628976.365,634517.803,348095.339,2705183.4729999998
2025-01-19 18:00:00,350948.426,904528.415,831474.729,759201.718,398224.991,3244378.2789999996
2025-01-19 19:00:00,345508.124,989223.8489999999,863381.148,764054.7880000001,395267.786,3357435.695
2025-01-19 20:00:00,328470.592,965508.313,821552.387,722878.813,380913.525,3219323.63
2025-01-19 21:00:00,313277.318,847431.078,728188.922,654370.314,350535.696,2893803.328
2025-01-19 22:00:00,275059.679,729716.0599999999,600010.76,535283.91,294788.753,2434859.162
2025-01-19 23:00:00,243074.187,661976.963,488363.606,422055.227,237276.381,2052746.364
2025-01-20 00:00:00,226729.01,664811.279,477442.937,396499.224,213169.102,1978651.552
2025-01-20 01:00:00,191516.803,530067.346,490838.052,326031.547,179783.955,1718237.7030000002
2025-01-20 02:00:00,171134.147,463758.626,436603.212,286742.282,160222.729,1518460.996
2025-01-20 03:00:00,161176.808,425969.854,368489.066,265292.896,149738.511,1370667.1349999998
2025-01-20 04:00:00,156075.499,411537.954,346504.538,254304.799,143598.443,1312021.233
2025-01-20 05:00:00,159362.581,426396.087,352040.948,257631.214,144984.521,1340415.351
2025-01-20 06:00:00,178045.573,463854.461,375287.518,276589.458,154138.858,1447915.868
2025-01-20 07:00:00,213475.148,448724.756,360910.471,289287.866,161231.271,1473629.5119999999
2025-01-20 08:00:00,236576.608,345306.621,262675.267,262781.382,146548.717,1253888.595
2025-01-20 09:00:00,264159.493,274458.239,159425.453,249423.343,152429.904,1099896.432
2025-01-20 10:00:00,278845.578,209125.018,82894.003,210340.077,120603.893,901808.569
2025-01-20 11:00:00,319806.303,239921.12099999998,62822.445,301536.485,202380.029,1126466.383
2025-01-20 12:00:00,321295.139,290401.094,121459.124,282580.615,174816.658,1190552.63
2025-01-20 13:00:00,346635.75,386941.161,141604.514,363820.159,230246.223,1469247.807
2025-01-20 14:00:00,378302.5,410677.432,312607.44,487912.6,296710.839,1886210.811
2025-01-20 15:00:00,390117.722,526330.547,424623.369,538663.263,321841.673,2201576.574
2025-01-20 16:00:00,401970.364,653447.571,583107.103,642046.02,353591.595,2634162.653
2025-01-20 17:00:00,406768.86199999996,854892.971,722183.148,696060.253,417668.351,3097573.585
2025-01-20 18:00:00,412041.45900000003,997233.655,835605.5210000001,784625.2170000001,454409.298,3483915.1500000004
2025-01-20 19:00:00,396889.624,1011521.838,890711.429,803074.542,455838.957,3558036.39
2025-01-20 20:00:00,367423.676,951883.377,839556.465,733526.106,426308.265,3318697.889
2025-01-20 21:00:00,342616.99199999997,849235.221,742279.344,657594.073,385109.227,2976834.857
2025-01-20 22:00:00,298607.339,743057.774,615205.749,549928.5549999999,322119.135,2528918.552
2025-01-20 23:00:00,261286.494,670368.094,501728.286,438185.973,257404.689,2128973.5360000003
2025-01-21 00:00:00,241203.52,681954.439,493614.49199999997,412993.436,229651.318,2059417.205
2025-01-21 01:00:00,203403.378,545819.199,506557.714,340443.005,193545.248,1789768.5439999998
2025-01-21 02:00:00,183241.013,483461.072,450147.576,301823.56200000003,174873.072,1593546.295
2025-01-21 03:00:00,174397.989,449781.89,383563.517,281716.48,164264.728,1453724.6039999998
2025-01-21 04:00:00,169115.787,437173.289,365484.574,271657.104,158693.685,1402124.439
2025-01-21 05:00:00,170820.675,450619.46400000004,371648.03,273453.881,160348.571,1426890.621
2025-01-21 06:00:00,189339.537,491337.39300000004,402847.69,293799.496,171067.185,1548391.301
2025-01-21 07:00:00,231221.765,489688.89900000003,396760.38,301971.918,182810.273,1602453.2350000003
2025-01-21 08:00:00,260243.856,376986.612,295712.52,292012.052,172207.22,1397162.26
2025-01-21 09:00:00,284794.373,274705.978,184049.93,260470.287,155203.168,1159223.736
2025-01-21 10:00:00,304261.222,180291.006,87866.909,231211.854,142725.03399999999,946356.0249999999
2025-01-21 11:00:00,326904.16000000003,157350.178,69546.104,238205.78100000002,156297.149,948303.3720000001
2025-01-21 12:00:00,350018.661,189919.723,117526.301,279243.083,190032.117,1126739.885
2025-01-21 13:00:00,366251.257,243925.033,213556.109,348365.987,222480.56,1394578.946
2025-01-21 14:00:00,378519.087,328242.726,335133.66599999997,419458.618,252934.337,1714288.4340000001
2025-01-21 15:00:00,380545.588,450515.802,490088.26399999997,496410.394,284114.428,2101674.476
2025-01-21 16:00:00,384464.9,608984.102,664374.722,582982.912,325561.464,2566368.1
2025-01-21 17:00:00,377941.239,800048.298,859118.356,668701.464,363309.538,3069118.8950000005
2025-01-21 18:00:00,363636.882,968238.713,998050.996,751401.985,387999.95900000003,3469328.535
2025-01-21 19:00:00,328043.855,988612.556,994769.465,690191.955,348935.32899999997,3350553.1599999997
2025-01-21 20:00:00,294987.682,937581.039,862974.6680000001,600399.906,303703.29,2999646.585
2025-01-21 21:00:00,271357.574,815785.575,723778.87,520476.918,268971.351,2600370.2879999997
2025-01-21 22:00:00,237688.811,708044.933,591627.448,436418.433,230359.525,2204139.15
2025-01-21 23:00:00,216836.91999999998,643479.4450000001,488070.366,361474.904,195627.825,1905489.4599999997
2025-01-22 00:00:00,207330.711,655811.135,486548.185,358731.369,185507.085,1893928.485
2025-01-22 01:00:00,175974.444,523323.146,493319.306,298865.431,158669.036,1650151.3630000001
2025-01-22 02:00:00,159427.611,466072.819,437806.904,267425.923,145087.788,1475821.0450000002
2025-01-22 03:00:00,152098.207,433991.447,375069.291,251955.085,138480.74599999998,1351594.776
2025-01-22 04:00:00,148765.56,424414.046,358351.38,245123.874,135416.205,1312071.065
2025-01-22 05:00:00,152243.155,435735.323,365682.651,250221.665,138871.641,1342754.435
2025-01-22 06:00:00,170698.832,470810.324,399511.148,272582.223,152472.968,1466075.495
2025-01-22 07:00:00,200802.157,463870.03500000003,390617.991,275414.355,154983.064,1485687.602
2025-01-22 08:00:00,218316.153,387885.39,310623.121,274893.858,148770.369,1340488.891
2025-01-22 09:00:00,234607.03,343928.053,294079.735,286765.968,157396.35,1316777.136
2025-01-22 10:00:00,235877.199,188348.111,192161.96,217831.189,142567.998,976786.457
2025-01-22 11:00:00,231833.093,69205.062,86192.042,170850.91,87082.17599999999,645163.283
2025-01-22 12:00:00,228185.383,16396.774,51480.512,171678.326,72018.096,539759.091
2025-01-22 13:00:00,233933.101,-9777.906,45438.458,159305.146,91925.79000000001,520824.58900000004
2025-01-22 14:00:00,212960.81900000002,-103049.689,-50643.257,55453.575,54585.49,169306.93800000002
2025-01-22 15:00:00,209526.191,-105021.839,-91206.446,42846.871,19833.957,75978.734
2025-01-22 16:00:00,214762.532,-27693.962,-29894.624,65122.902,41300.093,263596.941
2025-01-22 17:00:00,221324.539,144790.845,140322.06900000002,159840.434,80764.969,747042.856
2025-01-22 18:00:00,227616.986,353091.322,343341.863,279167.385,139320.983,1342538.5389999999
2025-01-22 19:00:00,229174.776,517685.038,471672.97,351690.949,183099.486,1753323.219
2025-01-22 20:00:00,221366.917,587354.014,507945.109,374391.397,200955.538,1892012.9749999999
2025-01-22 21:00:00,213769.217,564668.977,484899.787,367271.004,199431.548,1830040.5329999998
2025-01-22 22:00:00,190823.023,529153.038,430774.483,326106.881,179136.37,1655993.795
2025-01-22 23:00:00,178172.692,517550.326,374831.78,278563.689,155238.073,1504356.5600000003
2025-01-23 00:00:00,176022.633,567261.432,398848.573,294048.158,152968.369,1589149.165
2025-01-23 01:00:00,148303.712,449360.887,432186.637,248634.311,131892.824,1410378.3709999998
2025-01-23 02:00:00,134300.759,394381.478,387649.376,222690.894,121332.633,1260355.14
2025-01-23 03:00:00,129164.019,364001.891,324923.611,212103.643,116843.057,1147036.2210000001
2025-01-23 04:00:00,127703.617,357767.247,310640.739,209931.02899999998,115735.97,1121778.602
2025-01-23 05:00:00,132632.928,381029.05700000003,324587.683,221141.858,122858.353,1182249.8790000002
2025-01-23 06:00:00,151537.113,420414.275,355304.55,246482.35,136543.592,1310281.88
2025-01-23 07:00:00,185437.18,427467.798,352080.52,257815.85,146441.303,1369242.651
2025-01-23 08:00:00,201999.736,324979.3,263863.398,248920.90899999999,137033.913,1176797.2559999998
2025-01-23 09:00:00,214706.539,239557.295,190829.702,260562.661,127007.342,1032663.5389999999
2025-01-23 10:00:00,209585.56900000002,127408.193,52626.955,185260.62,61770.638,636651.975
2025-01-23 11:00:00,207067.876,80752.649,-61668.703,114599.844,34565.061,375316.727
2025-01-23 12:00:00,218241.52,119123.582,-35523.124,140031.366,63927.71,505801.054
2025-01-23 13:00:00,223695.619,189080.619,70003.408,176547.33000000002,96548.167,755875.143
2025-01-23 14:00:00,231861.481,280639.928,165251.13,236933.459,141698.473,1056384.471
2025-01-23 15:00:00,234775.50400000002,368761.132,288120.064,289827.183,177255.846,1358739.7289999998
2025-01-23 16:00:00,234049.77,442798.261,380348.112,322454.405,181431.718,1561082.2659999998
2025-01-23 17:00:00,230563.44,457579.62799999997,472003.192,349316.096,189394.193,1698856.5489999999
2025-01-23 18:00:00,227031.975,487980.06,509099.402,362406.333,203146.903,1789664.673
2025-01-23 19:00:00,225506.759,521161.083,506939.602,377667.432,205880.758,1837155.6339999998
2025-01-23 20:00:00,216979.38,549876.031,498145.751,374612.153,202250.624,1841863.939
2025-01-23 21:00:00,205484.582,530902.617,467280.854,357192.44,194368.107,1755228.6
2025-01-23 22:00:00,184242.54499999998,505981.37,417355.704,318047.014,175584.769,1601211.402
2025-01-23 23:00:00,173853.418,509433.12899999996,367684.891,274968.602,153313.081,1479253.121
2025-01-24 00:00:00,173218.8,571259.67,395525.45900000003,293748.431,152990.78,1586743.14
2025-01-24 01:00:00,147546.001,455919.408,432092.123,249238.99,131829.475,1416625.997
2025-01-24 02:00:00,132230.956,394521.036,390334.867,222330.542,120060.179,1259477.58
2025-01-24 03:00:00,126975.65000000001,363402.602,328054.7,211829.582,116093.631,1146356.165
2025-01-24 04:00:00,125642.32699999999,357502.743,312683.386,210107.542,115982.601,1121918.599
2025-01-24 05:00:00,130591.90299999999,379284.624,323620.013,219859.022,122616.781,1175972.3429999999
2025-01-24 06:00:00,149704.281,428433.767,361708.984,248383.686,138406.12,1326636.838
2025-01-24 07:00:00,179914.203,440585.659,362418.699,260587.057,148770.394,1392276.012
2025-01-24 08:00:00,199438.361,321667.431,278226.112,278368.873,141888.019,1219588.796
2025-01-24 09:00:00,210385.40899999999,166408.39,204526.143,260359.326,124427.841,966107.109
2025-01-24 10:00:00,208409.20500000002,-25505.949,110950.87,203662.17799999999,91674.847,589191.151
2025-01-24 11:00:00,206588.811,-139362.25,23003.115,130173.908,51724.806,272128.38999999996
2025-01-24 12:00:00,196179.049,-189488.711,-69921.468,36306.759,25855.900999999998,-1068.4700000000084
2025-01-24 13:00:00,182515.35,-227515.369,-179450.838,-19762.222,-20234.022,-264447.101
2025-01-24 14:00:00,178454.637,-230743.61,-204674.817,-46394.173,-22829.717,-326187.68
2025-01-24 15:00:00,179746.298,-196377.098,-165680.689,-27306.791,-15379.835,-224998.115
2025-01-24 16:00:00,190087.809,-84304.774,-75783.472,36126.725,15776.682,81902.97000000002
2025-01-24 17:00:00,203922.255,108299.453,91531.162,147651.701,70182.90299999999,621587.4739999999
2025-01-24 18:00:00,212168.558,321404.087,297704.203,267229.45900000003,132225.652,1230731.959
2025-01-24 19:00:00,215758.222,491950.764,438417.235,345769.013,177379.019,1669274.2530000003
2025-01-24 20:00:00,210587.913,561578.199,485762.749,369239.055,194935.867,1822103.783
2025-01-24 21:00:00,205474.768,547165.923,474282.072,364849.948,195558.249,1787330.96
2025-01-24 22:00:00,188595.584,528929.784,430687.488,331556.552,179247.53399999999,1659016.9419999998
2025-01-24 23:00:00,182001.605,527008.98,382790.98,289527.18799999997,158423.048,1539751.801
2025-01-25 00:00:00,181219.456,575841.3859999999,406486.591,306380.196,157919.12,1627846.7489999998
2025-01-25 01:00:00,154033.11800000002,458365.06,440021.947,259017.997,136515.117,1447953.239
2025-01-25 02:00:00,137965.867,399997.993,395024.188,230199.489,124410.927,1287598.464
2025-01-25 03:00:00,131005.962,367555.707,330246.092,216867.615,118824.843,1164500.219
2025-01-25 04:00:00,127348.122,353539.548,310397.613,211253.647,115885.458,1118424.388
2025-01-25 05:00:00,128062.082,363231.418,310265.477,212579.08500000002,117257.072,1131395.1339999998
2025-01-25 06:00:00,134027.61,384925.066,329988.325,225453.127,121010.341,1195404.469
2025-01-25 07:00:00,144482.118,363391.558,302610.24,225542.744,114874.386,1150901.0459999999
2025-01-25 08:00:00,155371.558,235791.611,225910.838,224827.79499999998,108135.311,950037.1129999999
2025-01-25 09:00:00,167271.801,149524.609,131552.512,206422.339,75780.296,730551.557
2025-01-25 10:00:00,170114.515,37777.473,16085.769,149851.507,46755.503,420584.767
2025-01-25 11:00:00,174284.196,-44253.481,-80257.685,79834.842,33196.039,162803.911
2025-01-25 12:00:00,156610.342,-148613.158,-166570.834,-33866.159,-16119.936,-208559.745
2025-01-25 13:00:00,154461.604,-176935.75,-211411.631,-52768.282,-27632.934999999998,-314286.994
2025-01-25 14:00:00,156400.678,-162994.236,-190010.636,-42780.497,-20228.435,-259613.126
2025-01-25 15:00:00,164931.449,-101350.478,-108781.114,1635.0860000000002,6541.378,-37023.67900000001
2025-01-25 16:00:00,180194.707,28608.994,11226.907,90576.929,50859.59,361467.127
2025-01-25 17:00:00,199320.707,256451.073,216574.418,215895.79,112733.993,1000975.9810000001
2025-01-25 18:00:00,216900.42,489558.41,440361.443,348494.944,183902.216,1679217.433
2025-01-25 19:00:00,213762.347,602605.828,534505.75,383606.683,202687.49300000002,1937168.101
2025-01-25 20:00:00,208894.16100000002,632524.855,534322.7930000001,382606.965,203227.403,1961576.1770000001
2025-01-25 21:00:00,202758.638,596291.978,502402.495,369769.061,196702.576,1867924.7480000001
2025-01-25 22:00:00,188194.76,561819.9839999999,452864.534,336111.54000000004,180587.527,1719578.345
2025-01-25 23:00:00,183672.765,557107.03,400819.027,296313.332,161817.004,1599729.158
2025-01-26 00:00:00,183563.222,596306.376,420685.417,312608.128,161067.653,1674230.796
2025-01-26 01:00:00,156966.171,476570.383,451802.003,265083.883,140010.22,1490432.66
2025-01-26 02:00:00,140667.689,416222.294,406679.151,235620.72,127783.298,1326973.152
2025-01-26 03:00:00,133103.797,379616.995,339686.074,221018.385,121771.08499999999,1195196.3360000001
2025-01-26 04:00:00,129156.35800000001,365248.542,316335.396,214598.633,118322.882,1143661.811
2025-01-26 05:00:00,128637.14600000001,370156.297,314686.70900000003,214198.909,117906.246,1145585.307
2025-01-26 06:00:00,132439.144,389135.738,328653.56,220920.674,120020.479,1191169.595
2025-01-26 07:00:00,140501.206,382658.523,312152.199,222922.785,123293.537,1181528.25
2025-01-26 08:00:00,147384.457,292610.276,228063.041,207747.862,117300.867,993106.5029999999
2025-01-26 09:00:00,157433.033,191879.765,134271.27,201992.083,80069.039,765645.1900000001
2025-01-26 10:00:00,176774.904,104752.263,-3112.8319999999994,174400.527,96020.675,548835.537
2025-01-26 11:00:00,163082.585,13810.327,-152889.334,46426.477,61851.435,132281.48999999996
2025-01-26 12:00:00,144480.404,-50979.445,-210518.479,-39037.398,-7605.24,-163660.158
2025-01-26 13:00:00,142184.402,-151852.906,-205931.225,-50896.606,-34279.557,-300775.892
2025-01-26 14:00:00,144279.657,-149285.249,-161982.765,-30889.115999999998,-30947.245,-228824.718
2025-01-26 15:00:00,151824.9,-67818.546,-49337.954,34324.115,-6245.906,62746.60899999998
2025-01-26 16:00:00,164794.634,68000.315,59330.861000000004,94516.692,34263.599,420906.10099999997
2025-01-26 17:00:00,188107.921,281297.891,286913.145,227816.789,98737.91,1082873.656
2025-01-26 18:00:00,211231.419,507303.579,482072.853,342482.437,163202.426,1706292.7140000002
2025-01-26 19:00:00,219243.584,669913.518,597643.762,410158.133,203454.977,2100413.974
2025-01-26 20:00:00,213754.80599999998,712226.121,602257.556,417711.557,213970.494,2159920.534
2025-01-26 21:00:00,207611.686,660115.429,556685.396,402264.637,208881.684,2035558.832
2025-01-26 22:00:00,192390.342,611432.5260000001,493754.065,364787.046,190418.461,1852782.44
2025-01-26 23:00:00,186626.857,592861.047,430638.086,318109.268,168813.068,1697048.326
2025-01-27 00:00:00,185062.199,621131.846,440695.06200000003,327103.024,164880.559,1738872.69
2025-01-27 01:00:00,157121.821,498323.358,463901.70900000003,276010.18200000003,142258.935,1537616.0050000001
2025-01-27 02:00:00,140614.96,437969.08,414823.828,243493.164,129308.265,1366209.297
2025-01-27 03:00:00,134327.111,404153.037,350321.27,228825.764,122885.846,1240513.028
2025-01-27 04:00:00,131157.381,396773.211,329582.007,221814.576,119441.229,1198768.4039999999
2025-01-27 05:00:00,132221.294,402607.879,326766.907,221760.147,119862.516,1203218.743
2025-01-27 06:00:00,139619.78,430676.09,343660.202,231536.481,122595.08600000001,1268087.639
2025-01-27 07:00:00,154159.966,416210.938,336401.909,229842.647,119662.228,1256277.688
2025-01-27 08:00:00,169870.488,322770.021,260150.413,231899.437,111197.402,1095887.761
2025-01-27 09:00:00,195979.433,312266.964,172064.855,220947.738,117441.685,1018700.675
2025-01-27 10:00:00,227730.872,266796.614,282283.732,367601.372,175810.28699999998,1320222.877
2025-01-27 11:00:00,236315.803,199492.981,216673.492,279111.737,122280.084,1053874.0969999998
2025-01-27 12:00:00,231344.936,230453.828,125657.641,154019.752,106762.293,848238.45
2025-01-27 13:00:00,269861.664,336113.863,156123.386,246220.74,145677.981,1153997.6339999998
2025-01-27 14:00:00,314464.11699999997,502882.484,293321.385,402592.25800000003,213582.52,1726842.7640000002
2025-01-27 15:00:00,364049.814,747073.692,488895.451,618623.593,307001.15,2525643.6999999997
2025-01-27 16:00:00,420657.903,952869.727,897878.147,882548.667,459305.268,3613259.712
2025-01-27 17:00:00,435714.67,1161077.8360000001,1111137.064,930730.484,507751.962,4146412.0160000003
2025-01-27 18:00:00,395890.249,1215830.28,1155689.003,814334.056,539195.2339999999,4120938.8219999997
2025-01-27 19:00:00,343528.246,1119450.597,1018186.8150000001,705765.852,449848.19,3636779.7
2025-01-27 20:00:00,296940.41000000003,1003416.324,877429.854,605561.414,359405.929,3142753.9310000003
2025-01-27 21:00:00,268851.501,871431.885,738238.605,526260.808,306558.871,2711341.6699999995
2025-01-27 22:00:00,232812.726,747135.45,599235.921,436687.64999999997,254048.734,2269920.481
2025-01-27 23:00:00,212015.144,675340.681,492628.347,357291.038,208515.535,1945790.7449999999
2025-01-28 00:00:00,204000.688,684093.669,486640.535,354725.093,194446.414,1923906.3989999997
2025-01-28 01:00:00,174427.295,545769.465,502635.229,298585.42,166402.411,1687819.82
2025-01-28 02:00:00,156781.19,477569.69200000004,451153.861,265262.487,149318.695,1500085.925
2025-01-28 03:00:00,148277.284,435455.626,385316.83999999997,247682.545,140685.225,1357417.52
2025-01-28 04:00:00,144676.058,419459.625,363303.816,239835.415,136141.776,1303416.69
2025-01-28 05:00:00,148185.668,430469.064,370115.922,244953.797,139007.28,1332731.7310000001
2025-01-28 06:00:00,169864.141,467906.026,409173.36,275153.264,154280.401,1476377.1920000003
2025-01-28 07:00:00,202563.283,481867.409,423058.995,288591.924,166772.635,1562854.246
2025-01-28 08:00:00,217753.499,345485.89,354079.276,288545.596,150661.877,1356526.138
2025-01-28 09:00:00,233851.253,220627.467,299012.898,277319.026,139663.809,1170474.4530000002
2025-01-28 10:00:00,230890.724,59359.509,209464.539,215417.44,109920.407,825052.6190000001
2025-01-28 11:00:00,221709.953,-77339.396,102145.54000000001,164071.075,63634.181000000004,474221.353
2025-01-28 12:00:00,213669.387,-152470.546,-34203.858,34086.606,33040.975,94122.56399999998
2025-01-28 13:00:00,203711.323,-176849.021,-120311.772,-10921.226999999999,7423.039,-96947.658
2025-01-28 14:00:00,203241.981,-152000.31399999998,-131626.811,-18771.717,6974.907,-92181.95399999997
2025-01-28 15:00:00,206144.111,-97423.471,-83895.613,8869.711,14663.683,48358.421
2025-01-28 16:00:00,216833.829,9470.48,-4379.905,80424.034,41737.714,344086.15199999994
2025-01-28 17:00:00,230295.8,228193.332,197685.209,204347.204,99056.331,959577.876
2025-01-28 18:00:00,239230.998,436606.718,399198.185,322906.853,165297.36,1563240.114
2025-01-28 19:00:00,238063.354,570492.347,513726.847,376547.484,204148.487,1902978.5189999999
2025-01-28 20:00:00,227369.814,599458.727,530401.481,394018.542,213474.065,1964722.6290000002
2025-01-28 21:00:00,217836.98200000002,560991.366,492489.681,377502.109,205832.571,1854652.7089999998
2025-01-28 22:00:00,193616.655,517957.83999999997,431939.152,332057.132,181711.315,1657282.094
2025-01-28 23:00:00,179204.711,511615.334,375395.37,283277.844,156440.893,1505934.152
2025-01-29 00:00:00,177302.322,564763.354,398023.45999999996,297943.434,153856.372,1591888.9419999998
2025-01-29 01:00:00,149979.607,448422.065,431527.819,252138.11000000002,133197.476,1415265.077
2025-01-29 02:00:00,135277.282,393708.526,387849.273,225632.233,122450.174,1264917.488
2025-01-29 03:00:00,129620.567,365323.407,326860.201,213823.615,118016.124,1153643.9139999999
2025-01-29 04:00:00,128140.128,357893.69299999997,310626.733,210652.59100000001,117717.171,1125030.316
2025-01-29 05:00:00,133304.978,379382.936,324808.199,222069.972,124188.965,1183755.05
2025-01-29 06:00:00,155683.75,437772.262,373140.61199999996,255421.561,144199.337,1366217.522
2025-01-29 07:00:00,189500.505,459538.28500000003,376214.96,273552.961,159256.407,1458063.1180000002
2025-01-29 08:00:00,200665.206,311641.508,253842.166,239160.37,139744.973,1145054.223
2025-01-29 09:00:00,201358.161,177874.836,115860.353,161098.339,94084.244,750275.933
2025-01-29 10:00:00,196686.525,8453.41,-47307.47,70167.738,39516.128,267516.331
2025-01-29 11:00:00,190397.71600000001,-118599.054,-155373.682,15809.496,-920.3599999999999,-68685.88399999999
2025-01-29 12:00:00,187920.642,-175515.463,-208087.331,-10226.95,-17894.676,-223803.77800000002
2025-01-29 13:00:00,187926.62099999998,-227406.121,-221386.324,-24631.366,-20414.236,-305911.426
2025-01-29 14:00:00,185411.437,-239361.014,-185106.007,-29280.364,860.0120000000001,-267475.936
2025-01-29 15:00:00,183003.796,-192257.048,-163578.854,-22047.119,-9952.95,-204832.17500000002
2025-01-29 16:00:00,193659.96600000001,-64079.6,-50781.244,43116.662,21723.87,143639.65399999998
2025-01-29 17:00:00,208229.198,139844.966,141646.276,155602.008,79811.909,725134.3570000001
2025-01-29 18:00:00,219982.58299999998,358860.64,350665.279,280032.004,142809.679,1352350.185
2025-01-29 19:00:00,223381.847,521947.486,478287.215,351372.279,187081.463,1762070.29
2025-01-29 20:00:00,217188.255,584898.866,510196.011,372808.026,204510.955,1889602.1130000001
2025-01-29 21:00:00,209016.886,553217.725,480263.22000000003,362494.24,200465.635,1805457.706
2025-01-29 22:00:00,185432.385,513640.874,421868.579,318135.773,177455.22,1616532.831
2025-01-29 23:00:00,172408.19,506302.286,366430.549,271234.777,153230.658,1469606.4600000002
2025-01-30 00:00:00,170779.309,557805.747,390821.94299999997,287561.436,150280.6,1557249.0350000001
2025-01-30 01:00:00,145304.057,447254.651,428661.278,244450.655,130442.291,1396112.932
2025-01-30 02:00:00,131552.134,392877.029,386271.432,220050.796,120147.504,1250898.8949999998
2025-01-30 03:00:00,126447.751,363919.516,325135.631,209476.921,116189.427,1141169.2459999998
2025-01-30 04:00:00,125765.826,359363.414,309831.46,208310.85700000002,115871.02900000001,1119142.5860000001
2025-01-30 05:00:00,131282.09100000001,382920.32,324121.98,220301.852,123446.618,1182072.861
2025-01-30 06:00:00,154998.91999999998,444506.375,378044.072,259017.636,144868.919,1381435.9219999998
2025-01-30 07:00:00,194188.0,482843.64900000003,412749.777,294561.524,167607.574,1551950.524
2025-01-30 08:00:00,207809.438,339874.94,332195.0,275603.987,163574.279,1319057.644
2025-01-30 09:00:00,208798.858,200775.531,241164.22,226104.154,138572.994,1015415.757
2025-01-30 10:00:00,208804.949,88459.993,118776.89899999999,196624.13,98527.553,711193.524
2025-01-30 11:00:00,205381.53,-33029.061,12338.858,132683.783,49968.574,367343.684
2025-01-30 12:00:00,198937.457,-120795.435,-90666.781,69474.56,20504.834,77454.635
2025-01-30 13:00:00,192648.96899999998,-179918.604,-185382.329,10243.339,-6296.121,-168704.746
2025-01-30 14:00:00,182745.081,-212787.03,-218247.679,-37520.952,-21776.419,-307586.99899999995
2025-01-30 15:00:00,184379.021,-176760.007,-168803.166,1489.2620000000006,-12022.518,-171717.40800000002
2025-01-30 16:00:00,194646.352,-62600.104,-47713.611,62521.969,23895.737,170750.343
2025-01-30 17:00:00,209123.141,136151.979,137729.359,164072.054,80098.986,727175.5190000001
2025-01-30 18:00:00,220444.045,354058.661,343943.528,277954.45,143239.025,1339639.7089999998
2025-01-30 19:00:00,224301.349,514050.045,474762.96400000004,351230.408,186929.086,1751273.852
2025-01-30 20:00:00,219179.919,576733.509,509517.533,373397.058,203760.59699999998,1882588.6160000002
2025-01-30 21:00:00,210950.825,552343.585,483256.198,364449.11100000003,201026.969,1812026.688
2025-01-30 22:00:00,186739.986,513040.534,424381.422,320585.393,177230.422,1621977.757
2025-01-30 23:00:00,173799.476,507775.098,368294.644,272998.299,153449.092,1476316.609
2025-01-31 00:00:00,172012.025,562969.224,392991.699,289694.658,152333.814,1570001.4200000002
2025-01-31 01:00:00,145586.959,451205.28500000003,429990.267,245893.267,131524.392,1404200.17
2025-01-31 02:00:00,130239.454,393871.348,387741.761,220610.274,120671.479,1253134.316
2025-01-31 03:00:00,125759.173,365581.369,326786.119,210418.228,116317.41,1144862.2989999999
2025-01-31 04:00:00,124898.087,360221.577,312791.67,208154.905,115297.1,1121363.3390000002
2025-01-31 05:00:00,130631.35800000001,384998.529,326505.598,219570.649,123108.345,1184814.479
2025-01-31 06:00:00,152590.109,442728.85,376082.736,255286.068,141881.859,1368569.622
2025-01-31 07:00:00,189269.329,476864.634,399495.119,282955.159,157792.622,1506376.863
2025-01-31 08:00:00,199756.522,329004.576,252965.48200000002,233195.739,128505.463,1143427.7820000001
2025-01-31 09:00:00,204918.249,186735.038,97281.224,162552.272,98878.063,750364.846
2025-01-31 10:00:00,201180.218,21736.827,-56906.428,88542.859,47835.118,302388.594
2025-01-31 11:00:00,196398.468,-134098.328,-169322.499,7172.112999999999,5011.729,-94838.51700000002
2025-01-31 12:00:00,194426.136,-204200.475,-225206.859,-31814.118,-11722.692,-278518.008
2025-01-31 13:00:00,192548.961,-223073.283,-240735.999,-46746.273,-18049.486,-336056.07999999996
2025-01-31 14:00:00,192508.648,-193261.337,-210019.908,-37940.178,-15344.178,-264056.95300000004
2025-01-31 15:00:00,194189.981,-108741.719,-139833.975,-4755.321,980.1229999999998,-58160.911
2025-01-31 16:00:00,206798.497,43784.992,8114.530000000001,79228.23300000001,39672.433,377598.68500000006
2025-01-31 17:00:00,218550.79499999998,228083.273,206224.359,191359.967,93523.552,937741.9459999999
2025-01-31 18:00:00,226558.959,427292.948,403633.215,305903.904,153975.174,1517364.2000000002
2025-01-31 19:00:00,227755.557,586499.65,527497.753,372663.464,195469.905,1909886.3290000001
2025-01-31 20:00:00,219491.429,639303.432,544500.383,383339.331,207914.189,1994548.7640000002
2025-01-31 21:00:00,211419.044,599311.279,511172.167,371183.5,204336.46,1897422.4499999997
2025-01-31 22:00:00,191473.672,556654.391,455735.996,332681.478,184093.074,1720638.611
2025-01-31 23:00:00,182594.863,543611.336,401139.863,288992.732,161149.293,1577488.0870000003
2025-02-01 00:00:00,180919.66,585900.748,420589.597,304126.206,158912.152,1650448.3630000001
2025-02-01 01:00:00,153044.301,466697.71,445788.572,256730.95799999998,136987.959,1459249.5
2025-02-01 02:00:00,137519.691,409076.23199999996,398025.016,229261.732,124987.993,1298870.6639999999
2025-02-01 03:00:00,130619.722,378408.941,337539.525,216398.62,119950.279,1182917.0870000003
2025-02-01 04:00:00,127161.124,367576.892,318159.053,210874.949,117108.156,1140880.1739999999
2025-02-01 05:00:00,127601.24100000001,377104.408,318850.974,212879.442,118681.705,1155117.77
2025-02-01 06:00:00,135249.91999999998,404163.31799999997,341703.358,226797.093,126298.988,1234212.6769999997
2025-02-01 07:00:00,149619.489,404522.556,337419.04,236993.855,132854.077,1261409.017
2025-02-01 08:00:00,158034.277,290507.032,236181.295,215686.296,115278.488,1015687.388
2025-02-01 09:00:00,167912.866,142072.444,98272.234,144738.901,74130.388,627126.8330000001
2025-02-01 10:00:00,173638.887,-2248.2349999999997,-32124.735,75329.169,38151.270000000004,252746.35600000003
2025-02-01 11:00:00,176981.278,-70493.146,-107541.55900000001,30847.609,18815.839,48610.021
2025-02-01 12:00:00,183453.991,-74269.78,-120218.502,22980.143,21690.102,33635.95400000003
2025-02-01 13:00:00,192657.657,-27272.926,-65085.864,53727.466,46173.706,200200.039
2025-02-01 14:00:00,210518.325,59509.814,60278.114,127262.814,86648.961,544218.028
2025-02-01 15:00:00,240644.188,205923.378,231701.09399999998,258229.62,148786.278,1085284.558
2025-02-01 16:00:00,275793.807,403872.02,458795.348,436809.602,227913.202,1803183.979
2025-02-01 17:00:00,310013.31799999997,655979.316,723653.091,625811.97,311252.412,2626710.107
2025-02-01 18:00:00,334919.25,892215.171,935251.732,791612.312,381737.292,3335735.7569999998
2025-02-01 19:00:00,336823.888,1029683.717,1030843.602,855770.106,411721.572,3664842.8850000002
2025-02-01 20:00:00,318979.197,1008383.014,973166.7660000001,809107.713,393815.906,3503452.5959999994
2025-02-01 21:00:00,303905.968,896686.589,861993.693,732306.128,363525.399,3158417.777
2025-02-01 22:00:00,274176.89,791086.103,725676.803,619664.478,312109.288,2722713.562
2025-02-01 23:00:00,249289.279,724037.612,599267.508,504047.058,258395.73799999998,2335037.195
2025-02-02 00:00:00,235669.375,720379.646,569178.414,465659.217,232704.269,2223590.9209999996
2025-02-02 01:00:00,198314.039,582944.161,561609.394,382866.312,194614.474,1920348.38
2025-02-02 02:00:00,175642.111,515899.793,494774.858,333854.806,172879.949,1693051.517
2025-02-02 03:00:00,163919.328,477546.604,421852.535,305257.479,160337.03,1528912.976
2025-02-02 04:00:00,157406.412,461293.765,394799.8,287831.2,153911.855,1455243.0320000001
2025-02-02 05:00:00,154668.903,462631.851,387872.86,278825.665,152361.988,1436361.267
2025-02-02 06:00:00,157932.296,484435.309,399685.441,281043.251,153990.058,1477086.3549999997
2025-02-02 07:00:00,171237.04,491476.969,395177.909,288428.966,155915.28,1502236.164
2025-02-02 08:00:00,193290.598,434922.759,344039.521,301902.39,168057.74,1442213.0080000001
2025-02-02 09:00:00,222887.983,394618.168,302594.613,329326.912,163562.592,1412990.268
2025-02-02 10:00:00,258970.091,354635.851,310183.864,395163.858,188806.49300000002,1507760.1570000001
2025-02-02 11:00:00,291138.51900000003,396589.407,321140.695,394207.59,213755.008,1616831.219
2025-02-02 12:00:00,337257.104,507944.484,427353.341,541809.041,298474.04000000004,2112838.01
2025-02-02 13:00:00,353326.955,549771.645,498782.005,608109.422,280582.816,2290572.8430000003
2025-02-02 14:00:00,385466.233,587654.389,563061.983,712483.5109999999,326391.604,2575057.7199999997
2025-02-02 15:00:00,411928.658,705602.514,763728.643,792189.134,376190.403,3049639.352
2025-02-02 16:00:00,444815.138,915136.568,938087.386,889795.334,438786.357,3626620.783
2025-02-02 17:00:00,484238.264,1192253.359,1064551.997,1003763.211,525290.342,4270097.1729999995
2025-02-02 18:00:00,513438.237,1367141.9980000001,1253037.335,1167984.423,606857.952,4908459.945
2025-02-02 19:00:00,492734.627,1332194.425,1322069.908,1123161.513,626541.642,4896702.115
2025-02-02 20:00:00,430870.47,1158659.638,1145561.462,932490.512,525597.795,4193179.8770000003
2025-02-02 21:00:00,389262.119,977402.156,936208.009,795816.802,460583.491,3559272.577
2025-02-02 22:00:00,318725.884,816094.642,759272.258,630754.313,353985.927,2878833.024
2025-02-02 23:00:00,270536.24,741953.033,607196.368,490204.894,278883.661,2388774.196
2025-02-03 00:00:00,253330.505,742355.0009999999,591943.019,460853.771,252733.279,2301215.575
2025-02-03 01:00:00,215735.28399999999,616031.111,590394.122,386501.657,214745.25,2023407.424
2025-02-03 02:00:00,195409.652,542525.331,523593.112,346645.774,193875.69700000001,1802049.5659999999
2025-02-03 03:00:00,186208.519,503064.114,451967.819,325617.254,181882.635,1648740.3410000002
2025-02-03 04:00:00,181095.033,493109.098,429787.098,314079.581,175720.172,1593790.982
2025-02-03 05:00:00,186221.732,506639.741,433426.59,316390.988,179269.2,1621948.251
2025-02-03 06:00:00,209626.133,561795.172,477423.235,346434.793,197641.96,1792921.293
2025-02-03 07:00:00,252014.702,602382.392,504116.757,372525.195,219337.98,1950377.026
2025-02-03 08:00:00,284257.323,501856.874,432542.118,382092.839,222721.988,1823471.142
2025-02-03 09:00:00,320147.811,474573.449,377437.964,412327.49199999997,229951.525,1814438.2409999997
2025-02-03 10:00:00,349648.082,447854.593,376162.695,469749.564,239635.881,1883050.8150000002
2025-02-03 11:00:00,384650.188,500625.362,430159.707,533856.043,277762.364,2127053.664
2025-02-03 12:00:00,404105.745,536369.98,545256.005,584358.342,323208.23,2393298.3019999997
2025-02-03 13:00:00,428596.825,493396.069,610008.412,593533.4400000001,342674.114,2468208.8600000003
2025-02-03 14:00:00,442554.086,554593.443,628472.301,550528.291,332933.228,2509081.349
2025-02-03 15:00:00,473774.356,813832.996,741742.574,691942.827,420178.261,3141471.014
2025-02-03 16:00:00,517622.619,1001206.001,978828.208,894725.064,513069.039,3905450.9310000003
2025-02-03 17:00:00,511425.906,1091267.139,1134817.596,993426.696,525901.552,4256838.8889999995
2025-02-03 18:00:00,509000.935,1263435.589,1221045.127,1076940.101,566055.943,4636477.695
2025-02-03 19:00:00,491053.348,1334946.087,1258675.003,1096419.304,590323.983,4771417.725
2025-02-03 20:00:00,451521.225,1220387.444,1153340.23,997125.8659999999,540891.56,4363266.324999999
2025-02-03 21:00:00,405129.058,1027658.925,984768.845,857855.532,470774.267,3746186.6270000003
2025-02-03 22:00:00,335559.53,861101.093,781721.697,684069.741,374596.645,3037048.7060000002
2025-02-03 23:00:00,290682.524,762565.709,627349.231,541954.211,300584.707,2523136.382
2025-02-04 00:00:00,270104.158,763538.804,596397.872,499151.098,269898.54600000003,2399090.478
2025-02-04 01:00:00,233440.374,627970.844,593572.101,424692.13,233664.898,2113340.347
2025-02-04 02:00:00,213526.133,561576.341,526011.176,383188.224,213572.87,1897874.744
2025-02-04 03:00:00,204425.885,532177.467,460732.894,359400.02,203325.768,1760062.0339999998
2025-02-04 04:00:00,198559.062,516508.082,441108.757,343516.105,196816.94700000001,1696508.9529999997
2025-02-04 05:00:00,203135.933,523783.216,449846.499,344427.839,200031.234,1721224.721
2025-02-04 06:00:00,231416.764,578596.797,499420.322,379372.828,223402.705,1912209.416
2025-02-04 07:00:00,286003.522,632315.503,550236.753,439871.938,258142.698,2166570.414
2025-02-04 08:00:00,314866.772,553438.283,517225.44,448164.734,260900.47699999998,2094595.706
2025-02-04 09:00:00,354353.378,504429.583,500091.578,459816.157,276167.829,2094858.525
2025-02-04 10:00:00,379128.61,410851.694,426556.326,462867.042,260815.187,1940218.8589999997
2025-02-04 11:00:00,390825.798,365493.985,410588.421,389456.689,233184.18,1789549.073
2025-02-04 12:00:00,436433.392,409913.024,379191.988,427230.114,273780.988,1926549.506
2025-02-04 13:00:00,482955.43700000003,525474.174,470569.279,566687.658,341375.05700000003,2387061.605
2025-02-04 14:00:00,490063.995,614440.715,597305.407,618817.709,373022.18299999996,2693650.0089999996
2025-02-04 15:00:00,451847.726,715680.308,757905.3319999999,677519.357,417299.515,3020252.238
2025-02-04 16:00:00,394283.851,777206.7220000001,896765.6340000001,655699.955,363671.543,3087627.705
2025-02-04 17:00:00,360383.701,858079.0530000001,884554.816,565411.452,349474.222,3017903.2440000004
2025-02-04 18:00:00,322897.712,914608.399,866092.506,565095.25,318033.128,2986726.995
2025-02-04 19:00:00,296327.584,911352.426,813432.528,536185.112,295687.63899999997,2852985.289
2025-02-04 20:00:00,275442.739,831050.534,716636.01,496302.057,269408.664,2588840.0039999997
2025-02-04 21:00:00,260453.762,723927.236,620551.45,452622.201,248513.463,2306068.1119999997
2025-02-04 22:00:00,230473.548,633192.282,519972.208,386962.678,215882.562,1986483.278
2025-02-04 23:00:00,209513.432,594540.673,442161.482,323930.619,183465.628,1753611.834
2025-02-05 00:00:00,201111.949,623783.753,457467.218,331174.366,176861.248,1790398.5339999998
2025-02-05 01:00:00,172028.856,497656.319,474651.684,279702.224,152979.24,1577018.323
2025-02-05 02:00:00,157402.333,444940.811,422048.131,252623.366,140792.177,1417806.818
2025-02-05 03:00:00,150073.201,417885.809,362515.732,239407.27,135478.784,1305360.796
2025-02-05 04:00:00,147279.711,406203.319,348009.538,235086.485,133213.773,1269792.8260000001
2025-02-05 05:00:00,152369.077,421408.01800000004,360511.593,243413.71,138586.369,1316288.767
2025-02-05 06:00:00,176051.399,477885.86199999996,411027.729,279558.051,159318.857,1503841.898
2025-02-05 07:00:00,215250.479,513749.145,449874.51,313558.28500000003,184127.973,1676560.3920000002
2025-02-05 08:00:00,226805.937,371345.43,361149.445,287491.95900000003,177947.633,1424740.4039999999
2025-02-05 09:00:00,232328.426,225267.329,227907.238,214704.943,142482.771,1042690.7069999999
2025-02-05 10:00:00,222376.146,36062.479999999996,49315.123,100496.51699999999,65577.973,473828.239
2025-02-05 11:00:00,217469.19,-98108.533,-49644.989,35911.131,20755.929,126382.728
2025-02-05 12:00:00,215512.711,-147526.404,-81264.259,-1535.94,3163.685,-11650.207000000008
2025-02-05 13:00:00,216719.672,-153923.765,-77407.825,-10863.179,-200.445,-25675.542000000023
2025-02-05 14:00:00,220848.799,-98296.885,-25322.989,793.3520000000001,10068.521999999999,108090.799
2025-02-05 15:00:00,227252.278,-22540.456000000002,55318.87,46922.717,30886.133,337839.542
2025-02-05 16:00:00,245365.588,149198.533,220923.268,155698.117,81499.141,852684.6470000001
2025-02-05 17:00:00,259173.02,363895.112,432383.142,289174.217,142527.927,1487153.4179999998
2025-02-05 18:00:00,266952.723,587858.555,607011.66,423255.123,204286.854,2089364.9150000003
2025-02-05 19:00:00,266363.055,714755.402,670203.492,469928.684,239967.028,2361217.661
2025-02-05 20:00:00,258779.395,722966.339,644485.672,456849.901,245656.407,2328737.714
2025-02-05 21:00:00,246562.869,656043.32,581474.927,427670.866,237029.858,2148781.84
2025-02-05 22:00:00,218235.865,585030.272,497866.947,370141.31299999997,205726.932,1877001.329
2025-02-05 23:00:00,199462.969,558087.349,426231.24199999997,311653.064,175389.962,1670824.5860000004
2025-02-06 00:00:00,193012.443,595274.487,441399.122,321391.622,169151.029,1720228.703
2025-02-06 01:00:00,164294.483,477543.938,465173.952,274119.784,146890.648,1528022.8050000002
2025-02-06 02:00:00,149203.486,422992.582,417304.29000000004,247072.124,135114.219,1371686.7010000001
2025-02-06 03:00:00,142910.639,396959.453,358377.083,235203.916,130527.39,1263978.481
2025-02-06 04:00:00,141186.119,391544.392,343875.73099999997,230955.31,129571.571,1237133.123
2025-02-06 05:00:00,146256.588,411595.322,356644.423,240434.997,135875.967,1290807.2969999998
2025-02-06 06:00:00,169922.874,469631.216,406078.699,275833.606,155362.276,1476828.671
2025-02-06 07:00:00,212534.447,508903.433,439120.885,307224.643,174752.317,1642535.725
2025-02-06 08:00:00,230398.927,355523.441,325920.603,272309.719,153779.734,1337932.4239999999
2025-02-06 09:00:00,246541.135,210328.626,198594.975,215245.073,124960.915,995670.724
2025-02-06 10:00:00,258127.183,84389.456,75421.18299999999,157704.526,98303.9,673946.248
2025-02-06 11:00:00,274296.866,27749.735,16720.132,132966.519,95659.24,547392.492
2025-02-06 12:00:00,297635.38899999997,38797.787,35167.158,152738.709,119044.278,643383.3210000001
2025-02-06 13:00:00,319479.956,103350.274,113732.774,219653.36599999998,158883.812,915100.1819999999
2025-02-06 14:00:00,345875.328,209832.864,252966.621,311682.454,210730.012,1331087.279
2025-02-06 15:00:00,378139.542,371990.631,439924.852,450057.44700000004,265725.034,1905837.506
2025-02-06 16:00:00,406240.856,605080.981,693234.722,618398.933,347154.958,2670110.45
2025-02-06 17:00:00,430074.674,830430.1089999999,918446.697,779212.919,422703.89,3380868.289
2025-02-06 18:00:00,423363.311,1019836.534,1097793.027,895363.689,477156.871,3913513.4319999996
2025-02-06 19:00:00,397904.545,1105745.061,1146903.021,902000.279,464175.524,4016728.4299999997
2025-02-06 20:00:00,368544.147,1028531.467,1050817.241,824619.873,416470.475,3688983.203
2025-02-06 21:00:00,339007.71,880482.826,903266.849,726477.057,365485.101,3214719.5430000005
2025-02-06 22:00:00,288366.375,743818.74,723025.995,585290.182,296715.341,2637216.633
2025-02-06 23:00:00,249836.335,670623.002,576323.185,458835.383,236966.152,2192584.057
2025-02-07 00:00:00,230698.09100000001,680941.597,551948.061,429584.22,214040.5,2107212.4689999996
2025-02-07 01:00:00,194225.846,543596.812,548655.622,356283.213,181166.389,1823927.882
2025-02-07 02:00:00,175734.633,487355.241,483184.834,317525.316,164405.079,1628205.103
2025-02-07 03:00:00,167189.613,454840.938,416906.572,297477.39,154996.747,1491411.26
2025-02-07 04:00:00,163781.451,446367.684,396737.433,288371.762,151214.2,1446472.53
2025-02-07 05:00:00,167941.703,460441.245,403756.493,292327.648,154901.285,1479368.3739999998
2025-02-07 06:00:00,189250.668,513040.445,446044.525,323762.258,170331.209,1642429.1050000002
2025-02-07 07:00:00,231382.459,568073.709,490257.20900000003,372317.963,191987.852,1854019.192
2025-02-07 08:00:00,256688.3,480659.56700000004,454082.454,391286.754,198304.903,1781021.9780000001
2025-02-07 09:00:00,271733.819,407967.67100000003,430257.128,391396.264,204362.108,1705716.99
2025-02-07 10:00:00,275921.553,330035.355,387901.704,355010.028,201296.005,1550164.645
2025-02-07 11:00:00,274038.575,284357.693,354174.747,319917.623,184998.55800000002,1417487.196
2025-02-07 12:00:00,270839.909,267362.463,302036.45900000003,268057.632,168789.421,1277085.884
2025-02-07 13:00:00,267506.114,239730.905,311523.252,258336.686,152725.976,1229822.933
2025-02-07 14:00:00,269066.669,238976.993,350078.32,278347.122,145586.396,1282055.5
2025-02-07 15:00:00,266614.706,283831.003,397920.071,304136.724,132174.38,1384676.884
2025-02-07 16:00:00,276566.391,403017.002,463105.283,355017.578,163054.788,1660761.042
2025-02-07 17:00:00,259018.972,572610.71,514346.88300000003,345224.499,171682.224,1862883.2880000002
2025-02-07 18:00:00,247002.793,694957.916,496780.338,349729.895,196118.064,1984589.006
2025-02-07 19:00:00,242080.843,743212.406,520658.777,389957.882,214797.795,2110707.703
2025-02-07 20:00:00,235734.944,715824.104,531135.094,393792.51,216953.95200000002,2093440.6040000003
2025-02-07 21:00:00,223733.184,639710.431,502092.069,375092.066,206824.986,1947452.736
2025-02-07 22:00:00,203676.581,585722.982,452248.45900000003,337935.549,185002.998,1764586.569
2025-02-07 23:00:00,194357.797,565756.774,397972.348,294460.029,163881.268,1616428.216
2025-02-08 00:00:00,191300.814,600539.038,419352.081,310391.916,162846.169,1684430.018
2025-02-08 01:00:00,162085.968,478552.801,443381.43200000003,262723.726,140071.777,1486815.7040000001
2025-02-08 02:00:00,145501.353,422684.053,394912.998,235282.928,128039.245,1326420.577
2025-02-08 03:00:00,138679.28,392838.354,334296.089,222243.414,122539.08899999999,1210596.2259999998
2025-02-08 04:00:00,135303.288,383439.213,318258.984,217101.876,119900.301,1174003.662
2025-02-08 05:00:00,136319.961,389198.94,321994.662,219605.606,121836.20999999999,1188955.3790000002
2025-02-08 06:00:00,144002.838,415732.745,347647.006,234248.826,130536.722,1272168.137
2025-02-08 07:00:00,161351.536,424819.661,376940.047,258494.076,143751.054,1365356.374
2025-02-08 08:00:00,170809.419,316234.988,335338.38300000003,235866.839,140018.476,1198268.1050000002
2025-02-08 09:00:00,193937.974,209145.044,301363.372,245243.543,149407.025,1099096.9579999999
2025-02-08 10:00:00,208170.339,120209.28,282233.642,226159.609,156754.954,993527.824
2025-02-08 11:00:00,209878.51499999998,-469.92900000000054,229158.94700000001,227492.732,146647.258,812707.523
2025-02-08 12:00:00,209145.358,-35111.714,211163.696,228602.806,123450.587,737250.733
2025-02-08 13:00:00,212558.061,-56407.068,244413.06,272070.44,138101.188,810735.681
2025-02-08 14:00:00,207471.333,15318.094000000001,244994.398,244548.792,142005.642,854338.2590000001
2025-02-08 15:00:00,199085.446,90781.357,250857.977,235233.055,134378.9,910336.735
2025-02-08 16:00:00,200856.745,200826.573,317356.468,234816.37199999997,147134.217,1100990.375
2025-02-08 17:00:00,209281.552,392188.73,387858.89900000003,298894.885,175057.774,1463281.84
2025-02-08 18:00:00,219633.696,533650.731,475545.54099999997,362296.964,195056.38,1786183.312
2025-02-08 19:00:00,213190.105,611520.801,522641.211,359019.578,200780.525,1907152.2199999997
2025-02-08 20:00:00,209338.019,614066.985,513720.557,361735.753,198168.30599999998,1897029.62
2025-02-08 21:00:00,204092.749,568838.1,484989.757,352665.302,192078.522,1802664.4300000002
2025-02-08 22:00:00,188694.359,538956.263,440602.552,321517.42,176234.104,1666004.698
2025-02-08 23:00:00,183560.631,539592.971,393597.323,284924.683,157650.831,1559326.439
2025-02-09 00:00:00,184989.849,581660.16,418207.04099999997,305223.086,159002.771,1649082.9070000001
2025-02-09 01:00:00,157279.978,465729.467,449530.021,260092.268,137884.182,1470515.9160000002
2025-02-09 02:00:00,141077.761,410138.777,404822.158,232260.7,125211.624,1313511.02
2025-02-09 03:00:00,132894.733,378509.461,340756.601,218824.101,119600.062,1190584.958
2025-02-09 04:00:00,129330.888,365939.512,318963.091,212706.491,116908.70300000001,1143848.685
2025-02-09 05:00:00,128658.632,372413.134,316002.255,212986.715,117010.72099999999,1147071.457
2025-02-09 06:00:00,134185.241,393871.584,336898.939,223888.109,121670.156,1210514.0289999999
2025-02-09 07:00:00,142660.787,407599.876,340547.467,230178.356,119984.115,1240970.601
2025-02-09 08:00:00,150943.418,342444.4,281381.12,215207.176,101935.29000000001,1091911.404
2025-02-09 09:00:00,159120.798,289668.433,208437.497,181145.925,74259.172,912631.825
2025-02-09 10:00:00,166531.048,170914.782,128313.651,126058.567,51005.713,642823.7609999999
2025-02-09 11:00:00,167902.318,97969.05,31972.972,65809.3,20329.302,383982.94200000004
2025-02-09 12:00:00,173806.242,60207.672,-17675.931,13011.565999999999,35787.356,265136.90499999997
2025-02-09 13:00:00,190505.873,11678.906,-24626.003,6641.4529999999995,84194.091,268394.32
2025-02-09 14:00:00,194690.744,18751.192,26291.201,16660.255,103488.362,359881.754
2025-02-09 15:00:00,198193.409,60965.464,125339.751,49760.498999999996,107848.145,542107.268
2025-02-09 16:00:00,219946.205,203841.239,245201.01,140907.78,137992.705,947888.939
2025-02-09 17:00:00,245677.0,455352.839,443031.93,299844.64,216243.308,1660149.717
2025-02-09 18:00:00,249865.846,606067.624,526418.66,378394.101,233444.985,1994191.216
2025-02-09 19:00:00,243091.746,664391.419,561833.351,411717.502,241746.608,2122780.626
2025-02-09 20:00:00,231152.753,679582.107,545326.326,411171.91,236264.4,2103497.496
2025-02-09 21:00:00,221279.149,620523.365,503111.958,388476.749,222027.948,1955419.169
2025-02-09 22:00:00,196419.843,566600.59,442105.821,338306.103,193152.255,1736584.6119999997
2025-02-09 23:00:00,184029.732,548099.149,384855.84,287882.056,165580.399,1570447.176
2025-02-10 00:00:00,183275.195,592969.342,405425.207,303555.611,162366.287,1647591.642
2025-02-10 01:00:00,156962.96,485182.583,440850.205,259716.222,141825.685,1484537.655
2025-02-10 02:00:00,140856.999,424496.042,400133.92,233968.481,129704.971,1329160.413
2025-02-10 03:00:00,135590.769,393251.155,337532.741,222500.682,125202.388,1214077.735
2025-02-10 04:00:00,133702.217,386238.66599999997,317260.016,219352.458,123815.31,1180368.6670000001
2025-02-10 05:00:00,139257.196,404950.08999999997,329571.858,229785.674,129860.174,1233424.992
2025-02-10 06:00:00,163608.525,465554.722,385128.239,267769.28,150771.246,1432832.012
2025-02-10 07:00:00,204617.824,519460.549,449000.424,317736.043,171985.539,1662800.3789999997
2025-02-10 08:00:00,221928.755,394908.655,369067.174,319278.455,154184.12,1459367.159
2025-02-10 09:00:00,229649.714,287346.16599999997,280214.513,269368.939,148386.79200000002,1214966.1239999998
2025-02-10 10:00:00,227319.62,183266.964,154240.989,188853.481,121649.06599999999,875330.12
2025-02-10 11:00:00,224488.89500000002,55586.432,56795.385,105215.183,77354.798,519440.6930000001
2025-02-10 12:00:00,220857.633,-31629.456,17619.775,84405.366,46621.244,337874.56200000003
2025-02-10 13:00:00,227828.252,-55140.558000000005,21182.932999999997,82055.171,39413.059,315338.857
2025-02-10 14:00:00,232116.185,-23094.852,39493.593,95967.573,51922.545,396405.04399999994
2025-02-10 15:00:00,247060.413,69562.166,97283.994,131491.854,92283.63500000001,637682.062
2025-02-10 16:00:00,251829.08299999998,179986.213,202870.676,209349.59100000001,120463.087,964498.6499999999
2025-02-10 17:00:00,265027.597,369148.564,369324.883,285220.846,171106.097,1459827.9870000002
2025-02-10 18:00:00,270353.875,571306.163,495596.526,373806.36699999997,226094.699,1937157.63
2025-02-10 19:00:00,263081.657,699349.839,535576.938,420607.277,249891.674,2168507.3850000002
2025-02-10 20:00:00,247566.813,701170.609,538006.475,421421.61699999997,243389.016,2151554.53
2025-02-10 21:00:00,235246.979,634810.607,498667.696,398612.076,228880.955,1996218.313
2025-02-10 22:00:00,206892.001,571719.327,433357.854,345269.788,198963.45,1756202.42
2025-02-10 23:00:00,190478.676,550796.843,376384.30700000003,293047.477,169229.507,1579936.81
2025-02-11 00:00:00,186702.321,591837.187,406558.412,307221.079,165875.327,1658194.3260000001
2025-02-11 01:00:00,158800.773,475024.753,441334.986,261413.668,150639.117,1487213.2970000003
2025-02-11 02:00:00,143634.519,421694.427,395373.326,236473.35,140914.878,1338090.5
2025-02-11 03:00:00,137882.832,394644.33,331229.651,226107.179,136393.293,1226257.2850000001
2025-02-11 04:00:00,137178.48,387913.276,314988.77,224381.018,135531.17799999999,1199992.7220000003
2025-02-11 05:00:00,143533.918,409498.984,329613.461,235608.299,143549.299,1261803.9610000001
2025-02-11 06:00:00,168316.024,466289.13300000003,382094.291,272310.308,164904.131,1453913.887
2025-02-11 07:00:00,212415.151,514705.457,421877.745,307517.866,183834.127,1640350.3460000001
2025-02-11 08:00:00,228755.318,379218.301,297901.287,270419.599,168486.423,1344780.9279999998
2025-02-11 09:00:00,242300.028,234221.91700000002,154493.898,215731.129,127490.855,974237.827
2025-02-11 10:00:00,247028.818,76359.625,23410.118,160123.172,84108.447,591030.18
2025-02-11 11:00:00,252631.289,-29795.016,-55550.677,123725.31700000001,66843.47899999999,357854.39199999993
2025-02-11 12:00:00,263202.231,-52159.206,-68596.289,117576.109,69857.872,329880.71700000006
2025-02-11 13:00:00,276726.462,-35380.476,-32944.253000000004,140320.071,89230.023,437951.827
2025-02-11 14:00:00,290435.323,34470.784,63039.986,200944.888,122583.512,711474.493
2025-02-11 15:00:00,313995.546,167489.316,188707.723,296493.288,172832.932,1139518.805
2025-02-11 16:00:00,348665.87,386226.708,377575.662,456092.472,257625.518,1826186.23
2025-02-11 17:00:00,375549.781,631380.003,603228.291,617457.15,337995.276,2565610.5009999997
2025-02-11 18:00:00,388551.51900000003,870031.41,798320.074,745429.78,411807.998,3214140.781
2025-02-11 19:00:00,379062.233,996691.682,858060.91,759598.493,435813.69,3429227.008
2025-02-11 20:00:00,345709.882,949819.8759999999,784938.346,674721.743,400968.847,3156158.694
2025-02-11 21:00:00,316757.681,825799.611,674298.423,587811.703,355040.756,2759708.1739999996
2025-02-11 22:00:00,267466.639,706235.645,552560.373,478186.245,288850.704,2293299.606
2025-02-11 23:00:00,233564.695,645495.528,459005.47599999997,385641.438,231119.171,1954826.3080000002
2025-02-12 00:00:00,219632.08000000002,660365.015,462893.496,376054.51399999997,210326.264,1929271.369
2025-02-12 01:00:00,184904.875,528082.218,478494.076,315917.16599999997,177881.776,1685280.111
2025-02-12 02:00:00,166543.575,471097.73,425069.81799999997,282054.788,161557.134,1506323.045
2025-02-12 03:00:00,158840.804,440616.732,363666.50299999997,265580.761,152259.824,1380964.624
2025-02-12 04:00:00,155165.302,430909.555,347409.547,257636.343,148649.926,1339770.673
2025-02-12 05:00:00,159475.544,449166.798,359788.39,263139.414,153104.961,1384675.1069999998
2025-02-12 06:00:00,182828.748,501426.805,406862.809,296919.996,171498.232,1559536.59
2025-02-12 07:00:00,227433.059,545461.662,446611.484,332079.531,193067.455,1744653.191
2025-02-12 08:00:00,249342.569,413731.793,331992.763,304073.703,177202.556,1476343.384
2025-02-12 09:00:00,272217.142,284970.73,208043.495,264213.024,157573.804,1187018.1949999998
2025-02-12 10:00:00,294031.401,178234.908,87710.95999999999,227935.253,140964.173,928876.6950000001
2025-02-12 11:00:00,317493.164,139774.986,36857.335,220456.859,148007.233,862589.577
2025-02-12 12:00:00,345557.65,162508.703,54498.32,249792.164,174654.584,987011.421
2025-02-12 13:00:00,371124.135,224455.238,126668.271,312988.489,213238.951,1248475.0839999998
2025-02-12 14:00:00,392660.69700000004,316674.83900000004,238291.877,395228.29,258363.932,1601219.6350000002
2025-02-12 15:00:00,417803.558,456306.692,394496.25,510025.087,313510.932,2092142.519
2025-02-12 16:00:00,455523.048,676276.75,635375.271,690288.798,394251.789,2851715.6559999995
2025-02-12 17:00:00,474645.001,901431.361,889937.46,853863.002,467026.815,3586903.639
2025-02-12 18:00:00,474076.529,1121246.788,1104367.418,983716.557,527981.3759999999,4211388.668
2025-02-12 19:00:00,465324.489,1238555.047,1179460.693,1021581.2239999999,543234.82,4448156.273
2025-02-12 20:00:00,441371.249,1157934.309,1085227.098,950163.756,509195.711,4143892.1230000006
2025-02-12 21:00:00,412720.751,998926.69,930931.662,849540.676,455557.824,3647677.6029999997
2025-02-12 22:00:00,352393.754,839305.398,751164.242,690869.862,373357.011,3007090.267
2025-02-12 23:00:00,302018.22,744646.293,603291.017,543888.532,296103.063,2489947.125
2025-02-13 00:00:00,274217.83,742572.119,575008.495,499349.155,259820.214,2350967.813
2025-02-13 01:00:00,232128.776,612638.295,568442.014,418130.17100000003,220376.938,2051716.1940000001
2025-02-13 02:00:00,211657.73,561678.564,505427.545,375065.196,202323.777,1856152.812
2025-02-13 03:00:00,200721.681,531739.378,442237.599,352579.89,195096.636,1722375.184
2025-02-13 04:00:00,195874.911,522402.121,427452.343,340601.149,190433.224,1676763.7479999997
2025-02-13 05:00:00,201307.502,539044.882,435834.806,342720.099,193045.544,1711952.8329999999
2025-02-13 06:00:00,225083.745,595185.988,481743.854,374602.405,212489.244,1889105.236
2025-02-13 07:00:00,275881.564,651743.714,518805.218,413415.036,238594.005,2098439.537
2025-02-13 08:00:00,308338.822,565350.78,439607.659,417189.11199999996,239534.208,1970020.581
2025-02-13 09:00:00,337295.449,519707.265,392934.277,431843.164,251098.917,1932879.072
2025-02-13 10:00:00,354481.23600000003,425385.822,381722.903,445626.83999999997,246278.43,1853495.231
2025-02-13 11:00:00,369774.875,377507.503,345886.714,422714.762,234430.70799999998,1750314.562
2025-02-13 12:00:00,381016.074,364608.989,330272.225,409359.66599999997,215050.32,1700307.274
2025-02-13 13:00:00,408276.928,461837.433,321963.064,447272.94,239228.361,1878578.726
2025-02-13 14:00:00,440321.897,682065.779,421361.658,537210.035,319971.08999999997,2400930.4590000003
2025-02-13 15:00:00,477116.362,861284.474,625062.902,696113.4940000001,429861.81799999997,3089439.05
2025-02-13 16:00:00,484887.782,945354.07,887002.379,899113.128,473817.808,3690175.1670000004
2025-02-13 17:00:00,466535.004,954125.616,1056929.338,900062.084,482287.08400000003,3859939.126
2025-02-13 18:00:00,358164.732,876511.305,1027294.45,701041.135,376546.131,3339557.753
2025-02-13 19:00:00,319203.468,811953.2609999999,857982.202,589575.6799999999,326393.342,2905107.9529999997
2025-02-13 20:00:00,297071.987,746140.498,738536.7729999999,530476.433,298769.239,2610994.93
2025-02-13 21:00:00,282244.65,681781.711,634092.379,485870.162,276685.914,2360674.816
2025-02-13 22:00:00,250588.276,610714.93,530820.378,419041.315,238174.848,2049339.747
2025-02-13 23:00:00,227673.989,579092.443,449745.67,354081.714,200252.255,1810846.071
2025-02-14 00:00:00,216336.523,613026.979,458729.366,352774.446,188977.953,1829845.267
2025-02-14 01:00:00,184581.147,488360.379,472884.73699999996,297431.656,162527.49,1605785.409
2025-02-14 02:00:00,167283.39,430875.531,418509.156,269810.579,148529.886,1435008.5420000001
2025-02-14 03:00:00,158124.582,401456.92,363701.513,255085.434,140140.214,1318508.663
2025-02-14 04:00:00,153034.046,390452.888,348616.451,246186.514,136838.511,1275128.41
2025-02-14 05:00:00,155915.842,406117.37,358865.283,251360.637,141411.53399999999,1313670.666
2025-02-14 06:00:00,175246.842,454988.58,402540.678,281494.77,157318.531,1471589.401
2025-02-14 07:00:00,211390.569,499512.289,445860.191,310304.835,175414.012,1642481.8960000002
2025-02-14 08:00:00,226763.532,341973.797,342307.306,273811.14,151401.378,1336257.153
2025-02-14 09:00:00,234145.709,184353.965,228272.97,213781.837,111637.639,972192.1199999999
2025-02-14 10:00:00,240824.101,119394.098,103846.167,158699.05,89892.248,712655.664
2025-02-14 11:00:00,242847.639,35572.397,63882.701,117552.644,88550.26699999999,548405.6479999999
2025-02-14 12:00:00,247197.018,26194.718,4334.525,90417.50200000001,85007.087,453150.85000000003
2025-02-14 13:00:00,235355.641,-4145.348,-12350.536,47296.487,89607.489,355763.733
2025-02-14 14:00:00,236703.321,36538.725,-40264.427,31347.521,83250.629,347575.769
2025-02-14 15:00:00,257204.019,79706.095,96898.523,187624.45,113966.67,735399.7570000001
2025-02-14 16:00:00,243389.451,146476.946,195112.473,169182.752,92029.485,846191.107
2025-02-14 17:00:00,252031.831,331948.028,294423.29,253987.155,167698.572,1300088.876
2025-02-14 18:00:00,241555.51200000002,436412.989,453822.544,326004.544,198941.202,1656736.7910000002
2025-02-14 19:00:00,235559.637,553732.537,481702.44800000003,377305.766,207463.523,1855763.911
2025-02-14 20:00:00,229832.93099999998,576585.635,493294.962,386980.391,210349.304,1897043.223
2025-02-14 21:00:00,216707.192,538866.248,466413.983,363368.499,199033.322,1784389.244
2025-02-14 22:00:00,197277.525,510233.919,417830.402,327096.02,179368.919,1631806.785
2025-02-14 23:00:00,187515.992,509665.37,375434.223,285121.528,157126.997,1514864.1099999999
2025-02-15 00:00:00,185515.243,558109.121,399991.022,302231.362,156255.35,1602102.0980000002
2025-02-15 01:00:00,157224.943,443856.196,429169.42600000004,256061.887,134583.80599999998,1420896.258
2025-02-15 02:00:00,140670.925,391125.716,382371.708,229171.849,122971.766,1266311.964
2025-02-15 03:00:00,133570.758,361869.278,322079.911,216221.719,117657.591,1151399.257
2025-02-15 04:00:00,129933.121,352314.007,303715.622,211233.72400000002,115325.30099999999,1112521.775
2025-02-15 05:00:00,130787.765,365348.647,307463.86,213563.532,117291.325,1134455.129
2025-02-15 06:00:00,138330.33299999998,392981.673,331806.358,227979.497,126101.22,1217199.081
2025-02-15 07:00:00,154373.845,422064.216,355046.162,250831.029,136992.685,1319307.937
2025-02-15 08:00:00,166200.661,341232.674,311826.003,266485.904,133112.669,1218857.911
2025-02-15 09:00:00,177697.396,244112.11,241678.188,249645.524,127201.518,1040334.736
2025-02-15 10:00:00,173359.224,113648.873,168309.309,226108.18399999998,75313.137,756738.727
2025-02-15 11:00:00,177806.641,54565.386,84067.08499999999,183889.196,57278.534999999996,557606.843
2025-02-15 12:00:00,181773.798,14936.518,58611.352,82660.018,75792.76,413774.44600000005
2025-02-15 13:00:00,196195.077,-4509.949000000001,49623.879,125745.922,71426.151,438481.08
2025-02-15 14:00:00,172702.027,-43749.247,42045.881,150215.218,27206.406,348420.28500000003
2025-02-15 15:00:00,168965.976,-15164.287,64731.89,149933.287,45108.331,413575.19700000004
2025-02-15 16:00:00,179362.468,92191.98999999999,131023.565,133645.76,96935.894,633159.677
2025-02-15 17:00:00,180932.521,234538.035,250827.197,192101.9,157822.692,1016222.345
2025-02-15 18:00:00,198827.513,379207.64,388869.789,303846.393,167211.398,1437962.733
2025-02-15 19:00:00,204401.10700000002,506432.726,475436.416,359341.50299999997,192693.29200000002,1738305.0440000002
2025-02-15 20:00:00,207156.423,565669.8859999999,508587.931,385483.642,208551.805,1875449.6869999997
2025-02-15 21:00:00,200558.047,546792.747,487436.13399999996,373519.177,204049.435,1812355.54
2025-02-15 22:00:00,185089.969,522990.674,441694.705,339841.714,188022.163,1677639.225
2025-02-15 23:00:00,178464.052,528254.572,392627.487,297170.281,167251.616,1563768.008
2025-02-16 00:00:00,179570.975,583810.24,413957.277,313275.07,166401.076,1657014.6379999998
2025-02-16 01:00:00,152523.927,472531.25,453450.157,268317.393,144895.287,1491718.014
2025-02-16 02:00:00,135985.193,405802.822,412300.637,237469.837,131071.755,1322630.244
2025-02-16 03:00:00,128526.569,369449.509,344329.591,223128.757,124515.579,1189950.005
2025-02-16 04:00:00,124978.432,358627.839,321340.572,217419.277,121886.141,1144252.261
2025-02-16 05:00:00,125389.734,369953.779,320648.688,219430.113,123417.292,1158839.606
2025-02-16 06:00:00,131402.02899999998,395863.936,344303.485,234690.42799999999,130070.235,1236330.1130000001
2025-02-16 07:00:00,144882.376,424890.247,369493.896,255821.549,145305.136,1340393.204
2025-02-16 08:00:00,158348.02000000002,318364.429,293155.61,248020.166,144046.277,1161934.5019999999
2025-02-16 09:00:00,171821.376,188753.752,195590.062,215483.371,139373.955,911022.5160000001
2025-02-16 10:00:00,181670.974,63943.103,144828.832,169486.984,123701.008,683630.901
2025-02-16 11:00:00,176263.436,-15463.457,45912.233,184033.726,103805.686,494551.62399999995
2025-02-16 12:00:00,165606.104,-51777.676999999996,35630.377,149583.444,57828.55,356870.79799999995
2025-02-16 13:00:00,159185.758,-122572.59300000001,-17570.962,85298.175,16493.981,120834.359
2025-02-16 14:00:00,154221.506,-144797.029,9742.321,122520.569,7865.861,149553.22799999997
2025-02-16 15:00:00,151415.372,-139353.7,29680.767,122836.696,1396.038,165975.17299999998
2025-02-16 16:00:00,149610.817,-39252.681,52184.998999999996,94022.80099999999,32500.396999999997,289066.333
2025-02-16 17:00:00,178674.266,120207.18,207599.492,192683.886,99438.74799999999,798603.572
2025-02-16 18:00:00,203262.614,325681.943,362273.778,297116.863,156477.07,1344812.2680000002
2025-02-16 19:00:00,213067.726,492579.096,475635.413,365157.946,201783.809,1748223.9900000002
2025-02-16 20:00:00,214157.933,560459.685,511044.24,394105.88800000004,218100.121,1897867.867
2025-02-16 21:00:00,206265.563,534896.104,483950.50800000003,379665.302,210489.265,1815266.742
2025-02-16 22:00:00,181715.834,499690.794,419707.246,329725.94299999997,183948.605,1614788.422
2025-02-16 23:00:00,169266.221,500577.195,359641.5,279149.813,156783.722,1465418.4510000001
2025-02-17 00:00:00,171237.147,561352.423,384290.341,296787.329,154638.556,1568305.796
2025-02-17 01:00:00,147369.342,460131.247,431185.231,256074.992,135283.18099999998,1430043.9929999998
2025-02-17 02:00:00,130959.845,399138.81799999997,400827.613,229327.727,122693.193,1282947.196
2025-02-17 03:00:00,124661.004,362796.21,336787.903,217091.709,118436.205,1159773.0310000002
2025-02-17 04:00:00,123287.46399999999,356965.917,316975.144,215456.736,118736.851,1131422.112
2025-02-17 05:00:00,130104.037,387279.241,337176.23600000003,231467.394,128109.121,1214136.029
2025-02-17 06:00:00,156411.362,461278.058,407576.418,279045.539,154910.83299999998,1459222.21
2025-02-17 07:00:00,199459.682,537904.288,477569.359,332180.766,181240.424,1728354.5189999999
2025-02-17 08:00:00,205531.079,361042.149,316149.164,279781.081,147395.335,1309898.808
2025-02-17 09:00:00,202756.066,154751.172,117778.448,185280.963,95625.342,756191.9909999999
2025-02-17 10:00:00,193243.369,-42035.401,-77489.711,84523.573,41757.433,199999.263
2025-02-17 11:00:00,183579.743,-193168.297,-213042.959,1483.386,2513.933,-218634.19400000002
2025-02-17 12:00:00,178224.884,-275378.512,-282848.809,-43168.301,-18195.599000000002,-441366.337
2025-02-17 13:00:00,173832.796,-292579.257,-313860.027,-64356.215,-25016.63,-521979.333
2025-02-17 14:00:00,173543.737,-290087.782,-284085.274,-56152.708,-16152.591,-472934.618
2025-02-17 15:00:00,172165.287,-242705.327,-246187.319,-42187.32,-11752.646,-370667.325
2025-02-17 16:00:00,184786.138,-106057.812,-111446.86200000001,41226.303,27276.044,35783.810999999994
2025-02-17 17:00:00,203274.895,106217.38,102945.841,167106.423,90437.831,669982.37
2025-02-17 18:00:00,220808.116,349363.514,322311.464,295668.784,157093.551,1345245.429
2025-02-17 19:00:00,225840.079,523001.784,461883.68799999997,372046.141,203105.592,1785877.2839999998
2025-02-17 20:00:00,220143.665,559240.717,485814.07,384372.63899999997,211294.776,1860865.867
2025-02-17 21:00:00,208591.584,520397.096,452838.36199999996,363675.057,201025.858,1746527.957
2025-02-17 22:00:00,181596.719,481544.73099999997,394040.609,314587.659,173986.194,1545755.9119999998
2025-02-17 23:00:00,168320.482,482039.217,340987.135,266864.527,148338.365,1406549.726
2025-02-18 00:00:00,168856.146,545766.752,369509.084,285059.302,147930.964,1517122.248
2025-02-18 01:00:00,143579.015,438559.315,411216.764,244190.546,128523.781,1366069.421
2025-02-18 02:00:00,128538.765,381369.705,374335.561,219242.846,118364.73199999999,1221851.609
2025-02-18 03:00:00,123277.352,352474.004,314691.31,209926.911,114891.912,1115261.489
2025-02-18 04:00:00,122645.614,349878.31799999997,299990.839,209396.858,115633.094,1097544.723
2025-02-18 05:00:00,129471.993,377329.311,319241.34,224424.028,124972.943,1175439.615
2025-02-18 06:00:00,156573.761,445177.409,383653.11,270560.43200000003,150390.732,1406355.444
2025-02-18 07:00:00,199965.724,518584.734,444969.544,318435.139,176041.823,1657996.9640000002
2025-02-18 08:00:00,206360.228,329291.706,303603.448,276671.308,142640.346,1258567.0359999998
2025-02-18 09:00:00,205687.563,130502.416,130737.39199999999,210021.179,95504.477,772453.027
2025-02-18 10:00:00,194863.788,-43799.47,-23700.554,104772.847,43533.554,275670.165
2025-02-18 11:00:00,187103.352,-142298.856,-145513.334,18865.915,2543.714,-79299.20899999997
2025-02-18 12:00:00,183235.665,-120453.892,-148278.058,13854.682,-13905.817,-85547.41999999998
2025-02-18 13:00:00,182519.089,-24837.82,-107084.967,43604.123,31871.442000000003,126071.867
2025-02-18 14:00:00,196669.541,-74926.413,-12628.633000000002,154750.09100000001,82107.457,345972.043
2025-02-18 15:00:00,205726.691,15323.46,72038.89499999999,177359.764,75710.728,546159.538
2025-02-18 16:00:00,212374.036,102883.011,192526.104,189410.988,116294.87299999999,813489.012
2025-02-18 17:00:00,218275.847,256921.612,305685.884,255046.441,142210.493,1178140.277
2025-02-18 18:00:00,219107.727,394901.902,422233.025,309295.542,174125.128,1519663.324
2025-02-18 19:00:00,224796.683,535035.804,484137.678,368259.298,202989.323,1815218.786
2025-02-18 20:00:00,222581.96600000001,575381.064,502720.403,388396.969,212133.658,1901214.06
2025-02-18 21:00:00,209036.434,536215.143,465953.20499999996,365908.791,200036.988,1777150.5609999998
2025-02-18 22:00:00,182379.446,496112.663,405194.028,316317.51,173975.285,1573978.9319999998
2025-02-18 23:00:00,169181.575,494221.464,350937.546,268383.005,148845.438,1431569.028
2025-02-19 00:00:00,169306.311,552398.708,378370.436,286994.707,148240.203,1535310.365
2025-02-19 01:00:00,143631.108,447245.038,417569.453,245727.579,129480.651,1383653.829
2025-02-19 02:00:00,129027.306,388292.58999999997,380137.399,222216.398,118932.983,1238606.676
2025-02-19 03:00:00,123871.785,363032.357,319509.302,211996.7,115523.145,1133933.2889999999
2025-02-19 04:00:00,123474.595,358198.847,304891.639,212666.12,116570.438,1115801.6390000002
2025-02-19 05:00:00,130270.05,384291.447,323849.352,228003.606,125536.317,1191950.772
2025-02-19 06:00:00,156530.21,452384.141,386080.605,272440.99,151300.51,1418736.456
2025-02-19 07:00:00,201618.958,534176.96,461123.738,329334.18,187421.492,1713675.3280000002
2025-02-19 08:00:00,216958.517,397698.564,372035.041,318415.927,191305.821,1496413.87
2025-02-19 09:00:00,222521.438,268099.131,265984.351,265676.138,180090.631,1202371.689
2025-02-19 10:00:00,221417.183,138440.424,165076.391,227583.842,157518.002,910035.8420000001
2025-02-19 11:00:00,221308.357,33051.961,95287.64,199050.239,128537.616,677235.8130000001
2025-02-19 12:00:00,209934.472,-29141.576999999997,73911.26,139989.802,102659.432,497353.3890000001
2025-02-19 13:00:00,203472.786,-97248.569,71755.718,109017.13,85309.405,372306.47
2025-02-19 14:00:00,212115.30299999999,-107806.016,44893.586,112327.227,83522.22,345052.31999999995
2025-02-19 15:00:00,189184.11,-111302.922,57886.226,93609.289,62996.032999999996,292372.736
2025-02-19 16:00:00,189189.084,38790.788,137598.79,134703.604,71873.751,572156.0170000001
2025-02-19 17:00:00,207358.948,217679.599,264238.773,213368.848,129234.276,1031880.444
2025-02-19 18:00:00,223541.926,415377.358,406740.865,325431.842,176690.123,1547782.1139999998
2025-02-19 19:00:00,225372.109,542690.697,495017.94299999997,375672.05199999997,206333.783,1845086.584
2025-02-19 20:00:00,222692.83000000002,574077.081,505329.275,393052.275,214158.079,1909309.54
2025-02-19 21:00:00,212146.336,535760.507,468699.689,371783.919,204396.692,1792787.1430000002
2025-02-19 22:00:00,185491.001,493167.89,410390.874,323322.229,178491.103,1590863.097
2025-02-19 23:00:00,171272.278,491959.319,354963.152,272289.79099999997,152921.619,1443406.159
2025-02-20 00:00:00,171244.182,554427.453,381788.293,291416.031,151368.657,1550244.616
2025-02-20 01:00:00,145050.935,448817.137,425725.20399999997,249139.78,131499.392,1400232.4479999999
2025-02-20 02:00:00,129429.138,390955.942,386612.063,222030.495,120772.846,1249800.484
2025-02-20 03:00:00,124493.269,357852.868,324720.377,212324.606,117023.408,1136414.528
2025-02-20 04:00:00,123914.522,353990.152,308944.73099999997,211429.175,117469.351,1115747.9309999999
2025-02-20 05:00:00,130055.869,385550.944,327698.291,226699.199,126947.035,1196951.338
2025-02-20 06:00:00,156372.813,454044.161,390240.992,272557.607,152717.623,1425933.196
2025-02-20 07:00:00,202525.485,538623.62,466228.671,334014.326,190589.582,1731981.684
2025-02-20 08:00:00,213818.397,415107.696,379626.348,328452.874,181646.243,1518651.558
2025-02-20 09:00:00,220923.334,287563.89,266452.609,298082.925,158271.148,1231293.906
2025-02-20 10:00:00,223275.967,156582.537,137500.055,247527.131,147050.381,911936.071
2025-02-20 11:00:00,220971.735,90415.679,39903.638,222823.328,111746.556,685860.936
2025-02-20 12:00:00,208881.084,-96752.174,-146418.301,102169.041,53900.354,121780.00399999999
2025-02-20 13:00:00,177829.656,-215344.028,-275117.56799999997,-39097.687,-8510.447,-360240.07399999996
2025-02-20 14:00:00,173326.79200000002,-259503.013,-286314.514,-69007.262,-27213.181,-468711.178
2025-02-20 15:00:00,173844.005,-219106.774,-235270.954,-44187.281,-17177.452,-341898.456
2025-02-20 16:00:00,186341.568,-93476.90699999999,-109399.414,34148.729,19203.864,36817.84000000001
2025-02-20 17:00:00,203093.762,119015.912,101219.006,153588.301,78469.315,655386.2959999999
2025-02-20 18:00:00,217063.309,344006.27,324800.513,280964.649,145996.05,1312830.791
2025-02-20 19:00:00,221516.447,525433.751,465124.524,356843.534,192247.857,1761166.1130000001
2025-02-20 20:00:00,220758.728,578166.516,496452.459,381038.306,209593.995,1886010.0039999997
2025-02-20 21:00:00,210914.937,542396.34,465878.83400000003,364761.306,201568.156,1785519.573
2025-02-20 22:00:00,185291.556,503325.342,410400.271,319197.995,177068.031,1595283.195
2025-02-20 23:00:00,172523.434,498924.647,357385.636,272840.503,152434.277,1454108.497
2025-02-21 00:00:00,171861.83299999998,558423.372,385707.454,291052.042,152013.045,1559057.7459999998
2025-02-21 01:00:00,146137.887,447801.98099999997,424118.869,249108.58299999998,132013.75400000002,1399181.074
2025-02-21 02:00:00,130565.328,391259.122,383959.844,223975.013,120152.76699999999,1249912.074
2025-02-21 03:00:00,125103.574,362489.848,323436.83,213775.549,117212.07,1142017.871
2025-02-21 04:00:00,124163.053,358947.593,309095.745,213546.571,117674.98700000001,1123427.949
2025-02-21 05:00:00,130871.2,385668.995,328352.81,227834.788,127254.903,1199982.696
2025-02-21 06:00:00,155217.846,454734.766,390002.752,272211.407,151883.502,1424050.273
2025-02-21 07:00:00,197934.94199999998,522094.128,454836.468,324454.478,181578.752,1680898.7680000002
2025-02-21 08:00:00,206731.138,349985.284,303316.926,274446.552,154443.002,1288922.902
2025-02-21 09:00:00,207661.158,156514.618,128518.796,191393.483,104376.202,788464.257
2025-02-21 10:00:00,199145.217,-37994.514,-37260.75,100670.831,54921.619,279482.403
2025-02-21 11:00:00,194786.312,-161533.79,-180224.09,19755.256,14665.476,-112550.83600000001
2025-02-21 12:00:00,197627.0,-203214.709,-235091.065,-10704.159,8298.133,-243084.80000000002
2025-02-21 13:00:00,202350.34399999998,-218660.883,-230972.15600000002,2434.857,4167.825,-240680.01300000004
2025-02-21 14:00:00,211803.235,-172827.502,-192886.07,21518.238,21521.797,-110870.30200000005
2025-02-21 15:00:00,228233.94,-52662.674,-90493.758,92976.81,59517.218,237571.536
2025-02-21 16:00:00,261648.557,167657.192,136687.602,255530.338,142413.489,963937.1780000001
2025-02-21 17:00:00,283795.124,399037.052,390425.131,417464.387,222748.29,1713469.9840000002
2025-02-21 18:00:00,286904.629,610180.86,568857.904,516311.563,277813.138,2260068.094
2025-02-21 19:00:00,279847.598,741831.656,661563.081,537831.143,310835.652,2531909.13
2025-02-21 20:00:00,269824.759,732330.656,630296.191,515422.467,301204.453,2449078.5259999996
2025-02-21 21:00:00,254623.873,661282.034,570780.657,477431.502,276762.036,2240880.102
2025-02-21 22:00:00,226839.486,600215.049,495567.87200000003,415936.267,238908.19,1977466.864
2025-02-21 23:00:00,210290.764,576434.832,426248.595,349997.95900000003,200815.701,1763787.8510000003
2025-02-22 00:00:00,203814.332,612247.787,437488.29099999997,349461.577,188424.278,1791436.265
2025-02-22 01:00:00,171791.431,491359.575,458785.074,294031.661,160497.531,1576465.272
2025-02-22 02:00:00,153367.478,433002.14300000004,408280.338,262193.904,144755.605,1401599.4679999999
2025-02-22 03:00:00,144518.1,398436.5,344051.2,245219.872,136439.587,1268665.259
2025-02-22 04:00:00,139903.316,389282.729,323325.294,236660.352,132345.088,1221516.7789999999
2025-02-22 05:00:00,139768.321,400599.865,324113.558,234939.298,132663.94,1232084.9819999998
2025-02-22 06:00:00,146834.95799999998,430647.636,347351.03500000003,247636.612,140006.919,1312477.16
2025-02-22 07:00:00,165624.574,471585.799,377164.142,271579.05,153623.272,1439576.8369999998
2025-02-22 08:00:00,182900.438,376971.887,303129.229,263423.027,147220.399,1273644.98
2025-02-22 09:00:00,204111.526,271369.621,207545.868,246748.383,133022.308,1062797.706
2025-02-22 10:00:00,228445.097,184263.558,135014.782,238633.748,127612.937,913970.1220000001
2025-02-22 11:00:00,254022.822,164126.733,91003.795,252721.56900000002,148257.454,910132.3730000001
2025-02-22 12:00:00,279441.704,195513.443,137177.089,311231.58,166538.959,1089902.775
2025-02-22 13:00:00,304828.627,305809.638,212352.821,369529.649,214473.514,1406994.2489999998
2025-02-22 14:00:00,324445.994,405217.66599999997,323882.007,458254.156,241902.132,1753701.9549999998
2025-02-22 15:00:00,355466.884,600339.36,442213.763,567193.683,299696.461,2264910.151
2025-02-22 16:00:00,389030.049,839198.483,641821.007,724204.766,381550.982,2975805.2869999995
2025-02-22 17:00:00,416889.31,1034088.759,903082.215,891281.758,465959.555,3711301.597
2025-02-22 18:00:00,412009.61699999997,1176068.087,1034643.41,956614.377,473406.191,4052741.682
2025-02-22 19:00:00,413450.942,1233591.408,1056290.509,966773.165,502162.463,4172268.487
2025-02-22 20:00:00,397239.662,1145501.501,992726.597,914931.929,478346.795,3928746.484
2025-02-22 21:00:00,378772.151,1031649.076,896248.515,847935.997,444007.412,3598613.151
2025-02-22 22:00:00,340921.171,920914.908,773760.453,736038.706,386715.709,3158350.9469999997
2025-02-22 23:00:00,313739.925,846866.6170000001,663868.3910000001,620915.357,331159.73,2776550.02
2025-02-23 00:00:00,297157.569,834517.007,645476.706,586443.742,305817.868,2669412.892
2025-02-23 01:00:00,260202.266,684358.1359999999,643010.735,508403.45,268464.938,2364439.525
2025-02-23 02:00:00,237452.181,600168.337,580501.958,461932.31,242858.775,2122913.5609999998
2025-02-23 03:00:00,221185.736,555109.041,507662.25800000003,432376.195,224167.557,1940500.787
2025-02-23 04:00:00,211464.766,527194.925,478531.314,406759.395,212898.064,1836848.4640000002
2025-02-23 05:00:00,206377.187,519079.256,463524.311,392010.745,207132.903,1788124.402
2025-02-23 06:00:00,207661.14,522715.179,465408.297,388443.0,206131.412,1790359.0280000002
2025-02-23 07:00:00,214779.068,543367.532,477224.84500000003,392793.533,208343.498,1836508.4759999998
2025-02-23 08:00:00,228720.813,478674.211,455176.408,395980.493,214345.43,1772897.355
2025-02-23 09:00:00,249714.731,367978.672,428888.533,408169.815,199840.813,1654592.5640000002
2025-02-23 10:00:00,284647.705,309305.608,315719.94,392737.071,212137.875,1514548.199
2025-02-23 11:00:00,314382.468,280849.09,288769.656,433051.046,242286.862,1559339.122
2025-02-23 12:00:00,328230.523,394855.135,393768.254,476623.59,257371.262,1850848.764
2025-02-23 13:00:00,291870.224,278218.006,505617.356,479132.539,304304.688,1859142.813
2025-02-23 14:00:00,255876.886,222356.488,408596.788,318892.83,217622.809,1423345.801
2025-02-23 15:00:00,246234.128,267747.947,332579.673,263231.211,160247.237,1270040.196
2025-02-23 16:00:00,261832.096,386526.684,327435.167,335162.086,187926.086,1498882.119
2025-02-23 17:00:00,287841.753,554019.259,484713.076,458874.225,243861.441,2029309.7540000002
2025-02-23 18:00:00,308028.405,732275.523,630439.776,560774.898,296956.425,2528475.027
2025-02-23 19:00:00,296825.735,807352.392,679247.107,560867.965,306359.667,2650652.8659999995
2025-02-23 20:00:00,272431.274,742497.329,625807.685,504611.65,277440.364,2422788.302
2025-02-23 21:00:00,252593.141,647488.183,549981.915,450460.335,250263.114,2150786.688
2025-02-23 22:00:00,220440.454,573742.03,467205.314,380707.351,212907.459,1855002.608
2025-02-23 23:00:00,202407.224,551266.915,399369.52999999997,318003.009,179385.535,1650432.213
2025-02-24 00:00:00,196979.935,588182.807,416471.809,325900.011,171878.518,1699413.0799999998
2025-02-24 01:00:00,167894.76,473569.533,446997.472,275124.255,148304.54700000002,1511890.567
2025-02-24 02:00:00,150025.70799999998,410228.225,402910.363,246762.119,134990.546,1344916.9610000001
2025-02-24 03:00:00,143218.066,376561.593,339774.06200000003,235234.477,128490.843,1223279.0409999997
2025-02-24 04:00:00,140510.169,369160.835,322314.918,229604.93300000002,126456.23,1188047.085
2025-02-24 05:00:00,145114.296,389878.436,334348.787,237071.912,131617.361,1238030.792
2025-02-24 06:00:00,169024.568,446753.997,382770.889,273660.052,151395.939,1423605.445
2025-02-24 07:00:00,210080.426,506986.623,440764.157,318910.814,176316.75400000002,1653058.774
2025-02-24 08:00:00,222395.471,346763.196,344020.42,293777.953,152735.066,1359692.1060000001
2025-02-24 09:00:00,231030.326,187426.512,233814.324,277942.44,122484.52799999999,1052698.13
2025-02-24 10:00:00,230888.38199999998,103058.103,162207.675,241184.008,114048.951,851387.1190000001
2025-02-24 11:00:00,229461.182,30463.752,77952.928,154385.456,118269.476,610532.794
2025-02-24 12:00:00,230524.233,-71967.821,-9724.971000000001,86595.713,92941.645,328368.799
2025-02-24 13:00:00,223486.917,-151136.612,-63267.57,36947.685,46500.752,92531.17199999999
2025-02-24 14:00:00,212632.31,-183678.281,-80587.376,12969.306999999999,10711.971,-27952.068999999996
2025-02-24 15:00:00,212336.151,-118152.214,-102285.663,31510.13,15991.536,39399.94000000001
2025-02-24 16:00:00,228111.612,33370.372,1812.200999999999,110507.43100000001,59406.938,433208.55400000006
2025-02-24 17:00:00,242213.151,244158.81900000002,207632.788,237709.589,122390.432,1054104.779
2025-02-24 18:00:00,251435.761,468871.973,422197.27999999997,359958.915,184880.416,1687344.345
2025-02-24 19:00:00,246658.37,613349.072,530915.199,410790.942,219051.277,2020764.86
2025-02-24 20:00:00,235564.676,615105.569,522907.86100000003,406405.191,219738.35,1999721.647
2025-02-24 21:00:00,221173.566,561016.895,476411.972,377707.386,206024.025,1842333.844
2025-02-24 22:00:00,193229.303,512889.101,414577.896,326071.07,178590.127,1625357.4970000002
2025-02-24 23:00:00,178941.057,503372.005,361710.768,275930.85,154179.452,1474134.132
2025-02-25 00:00:00,177503.405,556188.212,389068.691,292878.462,152614.782,1568253.5520000001
2025-02-25 01:00:00,151080.407,443850.746,426348.461,249609.903,133018.935,1403908.452
2025-02-25 02:00:00,136498.468,391240.154,384294.11100000003,224709.9,122119.902,1258862.535
2025-02-25 03:00:00,131510.026,363494.402,321316.536,214871.903,118706.293,1149899.1600000001
2025-02-25 04:00:00,129922.98,358155.215,306772.211,213576.791,118795.112,1127222.3090000001
2025-02-25 05:00:00,135955.373,381684.076,323094.929,226284.047,126913.946,1193932.371
2025-02-25 06:00:00,160574.944,443775.354,379007.875,265352.233,149352.899,1398063.305
2025-02-25 07:00:00,203479.686,511523.529,435196.977,308476.669,175121.555,1633798.416
2025-02-25 08:00:00,211540.954,356449.152,301591.303,260775.33500000002,145819.326,1276176.0700000003
2025-02-25 09:00:00,213508.109,173567.902,135807.165,177620.191,99455.238,799958.6050000001
2025-02-25 10:00:00,211444.81699999998,-16899.336000000003,-46043.771,82688.668,50485.953,281676.33099999995
2025-02-25 11:00:00,207867.758,-141105.453,-173262.164,14997.542,17319.425,-74182.89199999999
2025-02-25 12:00:00,209695.558,-189197.87,-236207.8,-16877.585,1945.075,-230642.62199999997
2025-02-25 13:00:00,212295.378,-186299.09100000001,-244492.886,-20977.231,2384.849,-237088.98100000003
2025-02-25 14:00:00,217696.627,-136106.664,-195326.188,2466.514,16895.719,-94373.99199999998
2025-02-25 15:00:00,226159.987,-30299.968,-97510.007,56884.716,46315.733,201550.461
2025-02-25 16:00:00,244217.796,152768.544,92953.81,170416.469,103156.188,763512.8069999999
2025-02-25 17:00:00,260433.897,383463.88,340093.185,306791.478,169704.218,1460486.6579999998
2025-02-25 18:00:00,266095.349,621195.132,560333.382,426395.599,230611.302,2104630.764
2025-02-25 19:00:00,260964.807,746935.795,642213.955,466473.88899999997,255253.448,2371841.894
2025-02-25 20:00:00,249277.52300000002,713369.912,600729.614,445610.402,246513.532,2255500.983
2025-02-25 21:00:00,232975.745,624854.219,530173.193,406311.215,226576.211,2020890.583
2025-02-25 22:00:00,203866.33299999998,557925.65,451371.02,347578.94299999997,194795.939,1755537.885
2025-02-25 23:00:00,187328.817,534951.738,386948.647,291275.15,165195.106,1565699.4579999999
2025-02-26 00:00:00,184177.163,579126.211,405439.659,303943.492,161651.292,1634337.817
2025-02-26 01:00:00,156138.044,462489.151,433958.124,258293.68300000002,139182.635,1450061.637
2025-02-26 02:00:00,140706.675,409207.22,387458.966,232577.113,128019.482,1297969.456
2025-02-26 03:00:00,134697.042,379909.496,328291.312,221277.06,122597.699,1186772.609
2025-02-26 04:00:00,133434.289,375339.249,315267.448,218978.528,122434.098,1165453.612
2025-02-26 05:00:00,139158.947,397079.45,330846.629,230998.547,129779.576,1227863.1490000002
2025-02-26 06:00:00,163402.16999999998,457582.31,383646.711,269130.916,151516.875,1425278.9819999998
2025-02-26 07:00:00,207163.28,520692.241,438003.17100000003,314003.335,179016.997,1658879.024
2025-02-26 08:00:00,222409.9,360221.425,309764.842,276725.999,158153.622,1327275.788
2025-02-26 09:00:00,237786.883,202261.864,159160.107,212975.267,124823.13799999999,937007.259
2025-02-26 10:00:00,253027.523,66167.618,22034.3,153349.247,92768.806,587347.4940000001
2025-02-26 11:00:00,270738.487,4030.261,-46672.931,125398.519,84460.098,437954.434
2025-02-26 12:00:00,295879.493,32373.894,-39923.484,148028.046,105148.723,541506.672
2025-02-26 13:00:00,327574.288,98761.074,42700.799,239837.688,148650.261,857524.1099999999
2025-02-26 14:00:00,349108.74,203309.20500000002,177670.799,318115.095,193944.098,1242147.937
2025-02-26 15:00:00,369349.226,372566.73,320705.983,422002.596,253019.663,1737644.198
2025-02-26 16:00:00,401700.119,601984.331,613633.587,644462.813,359092.21,2620873.0599999996
2025-02-26 17:00:00,357000.031,734224.399,857177.58,651630.293,376540.154,2976572.457
2025-02-26 18:00:00,300673.57,798012.399,786766.473,538603.711,303173.189,2727229.342
2025-02-26 19:00:00,275695.521,850003.589,707541.017,499241.641,272980.093,2605461.861
2025-02-26 20:00:00,263547.85,793759.324,647891.481,480762.278,263999.429,2449960.362
2025-02-26 21:00:00,247425.378,691318.0109999999,566093.493,438691.273,242662.86800000002,2186191.023
2025-02-26 22:00:00,217555.32799999998,606631.732,478799.378,374068.50299999997,209177.225,1886232.166
2025-02-26 23:00:00,198193.426,570725.607,408911.701,312658.152,176579.903,1667068.7889999999
2025-02-27 00:00:00,192518.111,603042.768,424732.434,319673.56200000003,169977.717,1709944.592
2025-02-27 01:00:00,164171.646,481550.819,448843.206,270450.349,150190.961,1515206.9810000001
2025-02-27 02:00:00,148793.488,428798.588,399322.831,243301.71,138910.623,1359127.24
2025-02-27 03:00:00,142387.253,398745.765,341376.778,231977.645,133851.982,1248339.4230000002
2025-02-27 04:00:00,140639.286,389824.272,327233.197,228900.357,132422.478,1219019.5899999999
2025-02-27 05:00:00,146161.244,411567.837,341100.505,240126.955,139738.84,1278695.381
2025-02-27 06:00:00,170656.855,468603.679,391468.663,276453.181,161468.52,1468650.898
2025-02-27 07:00:00,215543.607,540077.942,454977.832,329485.237,192406.937,1732491.555
2025-02-27 08:00:00,230420.748,436938.624,364520.761,326414.75800000003,183088.294,1541383.185
2025-02-27 09:00:00,239335.979,300049.78599999996,250440.016,293275.187,150776.952,1233877.92
2025-02-27 10:00:00,235281.651,160687.145,90175.137,229220.278,91170.379,806534.59
2025-02-27 11:00:00,221863.524,43578.886,-68474.651,116365.047,41651.594,354984.4
2025-02-27 12:00:00,226687.769,-40610.345,-157767.084,54328.226,28109.129,110747.69499999999
2025-02-27 13:00:00,230279.108,-87719.034,-150006.943,33147.517,34605.634,60306.282000000014
2025-02-27 14:00:00,238134.485,-50269.343,-90148.905,44336.378,54097.183,196149.79799999998
2025-02-27 15:00:00,250051.208,66153.06,37910.085,105432.24,92000.515,551547.108
2025-02-27 16:00:00,269743.086,304534.869,242946.66999999998,225020.165,156782.6,1199027.3900000001
2025-02-27 17:00:00,286807.31,558991.458,500418.50899999996,388575.217,230816.834,1965609.328
2025-02-27 18:00:00,287303.92,761875.006,692762.15,463638.542,288158.61,2493738.2279999997
2025-02-27 19:00:00,277249.376,799562.399,715689.79,494822.729,277496.882,2564821.176
2025-02-27 20:00:00,264196.593,750489.588,649569.056,464926.339,264626.794,2393808.37
2025-02-27 21:00:00,246627.57,662774.454,565647.333,422899.809,243394.796,2141343.9620000003
2025-02-27 22:00:00,217701.206,593706.004,482072.056,365797.8,211656.01200000002,1870933.0780000002
2025-02-27 23:00:00,200181.552,569627.258,413256.532,310609.973,180294.898,1673970.213
2025-02-28 00:00:00,193927.458,605212.175,430621.91599999997,320823.357,174591.256,1725176.162
2025-02-28 01:00:00,165215.125,485962.987,456426.921,271833.092,147289.522,1526727.6469999999
2025-02-28 02:00:00,149089.46,432393.019,408214.838,245635.138,135760.646,1371093.101
2025-02-28 03:00:00,142743.214,401555.748,348397.466,234349.992,130345.933,1257392.353
2025-02-28 04:00:00,139973.596,394526.66,331094.862,230171.65899999999,128938.475,1224705.252
2025-02-28 05:00:00,144858.079,416232.181,343522.327,239739.596,135156.602,1279508.785
2025-02-28 06:00:00,167359.62099999998,468208.54,390284.9,272895.185,154616.965,1453365.211
2025-02-28 07:00:00,208409.035,535525.424,450482.825,317549.16,182362.713,1694329.157
2025-02-28 08:00:00,226253.319,409532.906,339734.193,283686.509,160922.58299999998,1420129.5099999998
2025-02-28 09:00:00,231646.205,275267.31,197962.554,209415.068,121047.208,1035338.345
2025-02-28 10:00:00,233202.535,159507.785,37956.837,126756.672,77036.51699999999,634460.346
2025-02-28 11:00:00,240168.394,40318.486,-45874.28,80063.915,53554.366,368230.881
2025-02-28 12:00:00,241955.073,-19850.714,-85951.97,70296.846,44186.546,250635.78100000002
2025-02-28 13:00:00,246172.185,3665.67,-65254.436,72058.98999999999,58620.91,315263.319
2025-02-28 14:00:00,250704.013,19638.244,-32350.204999999998,80141.742,72989.853,391123.64699999994
2025-02-28 15:00:00,262908.773,76922.443,37172.797,129015.006,105582.327,611601.346
2025-02-28 16:00:00,282332.664,244280.395,205077.706,237865.682,168370.479,1137926.926
2025-02-28 17:00:00,290223.066,424898.24,412874.745,357965.042,217420.81900000002,1703381.912
2025-02-28 18:00:00,282156.943,617132.437,589369.6,448735.957,253847.661,2191242.5979999998
2025-02-28 19:00:00,267592.86,732268.615,650707.246,469577.489,261672.008,2381818.218
2025-02-28 20:00:00,253337.089,705606.769,598720.947,437867.229,246837.595,2242369.629
2025-02-28 21:00:00,237009.28,634112.243,534041.794,401730.529,227982.843,2034876.6890000002
2025-02-28 22:00:00,211203.444,580754.601,467072.487,352511.482,201328.938,1812870.952
2025-02-28 23:00:00,198431.502,562937.318,405928.91000000003,304834.87,174700.617,1646833.2170000002
2025-03-01 00:00:00,193479.305,599756.906,422487.069,316787.753,169462.144,1701973.177
2025-03-01 01:00:00,163949.909,474764.298,445833.287,266482.985,145250.441,1496280.92
2025-03-01 02:00:00,146756.796,418707.421,395368.73,237788.321,131884.514,1330505.782
2025-03-01 03:00:00,139149.53399999999,388453.32899999997,334556.914,225247.434,126791.067,1214198.278
2025-03-01 04:00:00,135258.109,375878.223,318862.959,219948.618,124985.371,1174933.28
2025-03-01 05:00:00,135688.104,383423.769,320788.385,220957.328,126226.183,1187083.769
2025-03-01 06:00:00,142204.412,412267.39,340333.647,233066.802,131686.792,1259559.043
2025-03-01 07:00:00,159679.995,450783.681,371372.532,257039.972,143071.629,1381947.8090000001
2025-03-01 08:00:00,170550.12900000002,352126.163,294058.411,247939.635,130180.622,1194854.96
2025-03-01 09:00:00,180332.836,210824.31900000002,173696.54499999998,216522.399,98215.314,879591.413
2025-03-01 10:00:00,186799.631,66518.929,46306.623,179178.302,59672.974,538476.459
2025-03-01 11:00:00,184000.46600000001,-55318.765,-74384.939,81617.653,24387.214,160301.62900000004
2025-03-01 12:00:00,182855.228,-109683.15699999999,-145175.413,15850.123,10788.262999999999,-45364.955999999984
2025-03-01 13:00:00,181952.899,-125816.816,-164794.654,-13722.439,11346.608,-111034.402
2025-03-01 14:00:00,185793.371,-77322.662,-121105.943,314.2570000000003,26166.343,13845.366000000016
2025-03-01 15:00:00,195703.172,18380.078,-22639.592,50087.626,57784.108,299315.392
2025-03-01 16:00:00,212220.80299999999,187245.756,133010.526,142738.939,106204.771,781420.7949999999
2025-03-01 17:00:00,231891.519,386794.099,345730.109,267132.002,167849.70500000002,1399397.4340000001
2025-03-01 18:00:00,245003.646,576222.236,533495.815,374394.172,219492.834,1948608.703
2025-03-01 19:00:00,238792.829,670181.626,589744.224,411840.308,229757.387,2140316.3740000003
2025-03-01 20:00:00,228653.884,654944.594,555723.458,397874.417,222327.75,2059524.1030000001
2025-03-01 21:00:00,216872.24300000002,592941.2509999999,502570.399,370418.651,207024.92,1889827.464
2025-03-01 22:00:00,197930.708,552950.489,445479.384,331433.548,186697.926,1714492.055
2025-03-01 23:00:00,190253.195,544740.729,395802.534,290104.767,165329.562,1586230.787
2025-03-02 00:00:00,190700.91,586926.415,417491.502,307825.302,163791.327,1666735.4560000002
2025-03-02 01:00:00,162825.521,467492.967,444808.024,260755.767,142266.145,1478148.424
2025-03-02 02:00:00,144642.63,408174.422,397503.045,232486.797,128824.678,1311631.5720000002
2025-03-02 03:00:00,136724.659,374623.61,334209.545,219004.824,122362.5,1186925.138
2025-03-02 04:00:00,133314.104,361010.811,314459.702,213867.047,120561.511,1143213.1749999998
2025-03-02 05:00:00,132973.164,366843.874,313878.443,214010.359,121628.321,1149334.161
2025-03-02 06:00:00,137198.511,386078.111,327014.858,221322.8,123971.133,1195585.413
2025-03-02 07:00:00,148430.61,404677.24700000003,352659.516,233957.071,130019.02,1269743.4640000002
2025-03-02 08:00:00,163225.59,345472.418,280913.57,245498.415,132745.429,1167855.422
2025-03-02 09:00:00,185660.114,278642.311,235588.552,269224.921,134168.25400000002,1103284.152
2025-03-02 10:00:00,197413.325,223750.896,223755.968,238323.196,136873.365,1020116.75
2025-03-02 11:00:00,198206.752,183533.726,174134.58,231492.418,141535.821,928903.2969999999
2025-03-02 12:00:00,193410.286,88404.027,157563.151,191683.551,106728.97,737789.9849999999
2025-03-02 13:00:00,178352.428,6669.967,69458.832,122801.269,78773.992,456056.488
2025-03-02 14:00:00,181611.679,15974.276,79045.019,126084.492,68264.50899999999,470979.975
2025-03-02 15:00:00,186943.549,35789.838,175315.689,149079.843,102874.925,650003.844
2025-03-02 16:00:00,185394.738,114165.923,230462.961,164699.291,124935.051,819657.964
2025-03-02 17:00:00,203955.422,251421.619,327337.251,246233.509,150637.283,1179585.084
2025-03-02 18:00:00,214916.932,453343.507,442605.69299999997,320646.667,175498.58,1607011.3790000002
2025-03-02 19:00:00,220015.999,585253.267,519820.252,378133.708,212594.729,1915817.9549999998
2025-03-02 20:00:00,216693.657,590148.851,514189.94,386013.411,212532.586,1919578.4449999998
2025-03-02 21:00:00,205217.032,540308.226,471723.809,360174.115,200252.532,1777675.7140000002
2025-03-02 22:00:00,181004.442,501394.417,412553.446,313068.935,175380.101,1583401.341
2025-03-02 23:00:00,170478.693,501181.263,358775.043,267544.656,151115.772,1449095.4270000001
2025-03-03 00:00:00,171462.69700000001,560320.566,386444.11,287453.441,151153.608,1556834.422
2025-03-03 01:00:00,144893.51,454853.72000000003,431492.426,246785.484,132387.011,1410412.1509999998
2025-03-03 02:00:00,131173.163,391021.805,393958.603,221581.931,121614.06,1259349.562
2025-03-03 03:00:00,125461.322,357676.232,331600.762,210955.184,117103.776,1142797.276
2025-03-03 04:00:00,124370.936,355509.719,314636.956,210871.633,119027.418,1124416.662
2025-03-03 05:00:00,131054.40699999999,383105.791,331745.101,226385.728,129460.49799999999,1201751.525
2025-03-03 06:00:00,155269.838,444833.24799999996,387127.324,270017.691,151276.081,1408524.1819999998
2025-03-03 07:00:00,198399.024,530741.373,463188.287,325121.067,181051.77,1698501.521
2025-03-03 08:00:00,207381.976,389419.994,344336.89400000003,282474.814,158364.737,1381978.415
2025-03-03 09:00:00,208326.879,217461.723,179800.172,199532.329,116162.484,921283.587
2025-03-03 10:00:00,201134.963,41189.226,12908.651000000002,113463.862,66040.658,434737.36
2025-03-03 11:00:00,191864.165,-117627.011,-124225.499,29805.594,13443.198,-6739.552999999989
2025-03-03 12:00:00,189995.923,-179328.02,-190365.961,-6648.892,-7656.457,-194003.40699999998
2025-03-03 13:00:00,184145.605,-245355.851,-235241.38,-46865.156,-17059.01,-360375.792
2025-03-03 14:00:00,182189.675,-225045.788,-222034.684,-41046.12,-18781.315,-324718.232
2025-03-03 15:00:00,182844.626,-166021.673,-160114.999,-15422.391,-4786.743,-163501.18000000002
2025-03-03 16:00:00,195412.51,-9950.402999999998,-9301.206000000002,71431.428,37906.42,285498.749
2025-03-03 17:00:00,215061.647,209333.53399999999,210931.954,200523.24,103328.141,939178.5160000001
2025-03-03 18:00:00,229955.082,438028.213,422343.11,326292.454,170520.229,1587139.088
2025-03-03 19:00:00,231398.844,593775.4890000001,526428.184,388014.547,213288.921,1952905.9850000003
2025-03-03 20:00:00,225199.305,591855.688,517896.63399999996,391329.802,214034.275,1940315.704
2025-03-03 21:00:00,211121.117,534783.569,470524.677,363836.472,200570.421,1780836.256
2025-03-03 22:00:00,183667.995,495552.822,409699.455,314417.554,173437.29,1576775.1160000002
2025-03-03 23:00:00,170766.383,492389.513,357512.56,267293.35,149720.80599999998,1437682.6119999997
2025-03-04 00:00:00,170533.091,547689.701,386306.124,284992.328,149712.893,1539234.1369999999
2025-03-04 01:00:00,145441.093,442282.742,425653.812,244486.59399999998,131664.698,1389528.939
2025-03-04 02:00:00,130106.424,386730.685,384136.481,219936.579,126095.8,1247005.969
2025-03-04 03:00:00,125171.056,358057.099,322572.133,210419.45,122506.122,1138725.8599999999
2025-03-04 04:00:00,124468.341,356910.481,310144.927,212486.381,124542.25,1128552.38
2025-03-04 05:00:00,131526.383,384660.297,329784.737,227765.813,135144.132,1208881.362
2025-03-04 06:00:00,157562.444,449426.738,386290.065,271522.497,158644.932,1423446.676
2025-03-04 07:00:00,201420.384,527945.357,454484.102,324407.849,187450.664,1695708.3559999997
2025-03-04 08:00:00,208363.19400000002,373701.003,321626.961,280396.526,159339.373,1343427.0569999998
2025-03-04 09:00:00,207448.872,186730.039,153368.394,194342.312,112694.865,854584.482
2025-03-04 10:00:00,204581.028,-6684.414999999999,-11953.996,104559.781,65234.359,355736.757
2025-03-04 11:00:00,202730.35,-130244.345,-130240.674,37607.104999999996,30932.987,10785.423000000003
2025-03-04 12:00:00,206864.854,-180917.916,-193124.775,6326.092,16350.362000000001,-144501.383
2025-03-04 13:00:00,215114.505,-181158.251,-185498.453,3983.2799999999997,22678.777000000002,-124880.14199999999
2025-03-04 14:00:00,231506.679,-121995.343,-116274.537,47587.937,49007.427,89832.16300000003
2025-03-04 15:00:00,252949.296,5181.299000000002,9508.779999999999,136093.018,94945.509,498677.90200000006
2025-03-04 16:00:00,284115.238,224762.46,229879.53,290185.244,174980.441,1203922.9130000002
2025-03-04 17:00:00,311773.493,482945.168,493896.91500000004,462289.80799999996,263405.874,2014311.2580000001
2025-03-04 18:00:00,324317.65,723877.39,715625.501,603588.571,338752.301,2706161.413
2025-03-04 19:00:00,316455.33,837197.541,769248.2069999999,629433.893,358532.333,2910867.304
2025-03-04 20:00:00,298061.484,776376.9299999999,692267.243,579628.633,331147.028,2677481.318
2025-03-04 21:00:00,276306.698,672829.893,600036.235,515273.421,296809.488,2361255.735
2025-03-04 22:00:00,236214.184,591690.437,502343.985,425581.201,247802.313,2003632.12
2025-03-04 23:00:00,211018.434,560245.974,424791.184,346902.033,204145.641,1747103.266
2025-03-05 00:00:00,201117.561,596663.483,434977.116,343132.731,190758.171,1766649.062
2025-03-05 01:00:00,170088.951,476303.824,457669.614,288172.765,164202.571,1556437.725
2025-03-05 02:00:00,151843.673,416865.768,408095.292,257169.68099999998,148988.051,1382962.4649999999
2025-03-05 03:00:00,144551.273,386335.525,344911.45900000003,242375.449,141221.284,1259394.99
2025-03-05 04:00:00,141799.708,382087.158,330729.265,237732.47400000002,140046.142,1232394.747
2025-03-05 05:00:00,147242.717,402207.524,342876.9,247359.134,147403.603,1287089.878
2025-03-05 06:00:00,171018.331,461455.217,390001.536,280458.214,166566.059,1469499.3569999998
2025-03-05 07:00:00,215680.677,530476.381,451356.814,326119.877,193676.695,1717310.4440000001
2025-03-05 08:00:00,233554.891,388679.032,333447.657,299022.134,175263.509,1429967.2230000002
2025-03-05 09:00:00,247559.413,231695.586,190087.823,243318.002,142494.974,1055155.798
2025-03-05 10:00:00,257923.267,100075.645,53959.917,183081.348,112333.823,707374.0
2025-03-05 11:00:00,270406.958,28574.55,-23825.635000000002,154477.57,103174.16100000001,532807.6039999999
2025-03-05 12:00:00,290913.261,29059.216,-30968.902,167181.864,118470.484,574655.923
2025-03-05 13:00:00,318881.011,81386.475,26398.179,226600.61800000002,157738.759,811005.042
2025-03-05 14:00:00,348582.485,170704.615,141685.928,315020.823,214667.54,1190661.391
2025-03-05 15:00:00,354107.804,278452.618,293786.471,391693.5,261583.171,1579623.5640000002
2025-03-05 16:00:00,346495.425,444340.542,489280.464,482786.93200000003,283978.447,2046881.8099999998
2025-03-05 17:00:00,339507.337,623317.324,677814.085,564092.585,307203.359,2511934.6900000004
2025-03-05 18:00:00,323482.107,800649.409,806024.7,622119.287,325480.516,2877756.019
2025-03-05 19:00:00,302769.028,866241.947,803409.17,602773.249,320959.576,2896152.9699999997
2025-03-05 20:00:00,284765.659,784141.7239999999,709170.103,546032.934,290972.078,2615082.4979999997
2025-03-05 21:00:00,262693.563,683701.309,608540.3759999999,484151.95900000003,261131.941,2300219.148
2025-03-05 22:00:00,227937.152,604047.434,509634.254,404021.529,223808.135,1969448.504
2025-03-05 23:00:00,206837.459,576596.14,433321.396,335236.923,190312.778,1742304.696
2025-03-06 00:00:00,199658.75,613167.773,445868.044,338019.885,181872.251,1778586.703
2025-03-06 01:00:00,170068.039,499147.648,467922.549,286573.417,156080.581,1579792.234
2025-03-06 02:00:00,154162.539,444254.542,418362.984,258419.126,144038.12,1419237.3109999998
2025-03-06 03:00:00,146854.924,417626.985,359450.225,244378.029,138181.018,1306491.1809999999
2025-03-06 04:00:00,144393.955,410508.829,345760.228,240027.195,137543.325,1278233.532
2025-03-06 05:00:00,149738.313,430368.266,358821.064,249703.075,144550.039,1333180.7570000002
2025-03-06 06:00:00,173662.415,483125.39999999997,404607.994,287018.998,164184.215,1512599.022
2025-03-06 07:00:00,217146.398,557039.754,471193.642,342008.998,195822.453,1783211.2449999999
2025-03-06 08:00:00,237348.878,474250.15499999997,391579.757,346253.637,199953.109,1649385.5359999998
2025-03-06 09:00:00,248321.969,391441.345,331666.716,321666.252,203339.10499999998,1496435.387
2025-03-06 10:00:00,247682.19,292386.491,263395.447,309364.138,184672.961,1297501.227
2025-03-06 11:00:00,253968.668,202672.618,190556.951,289574.442,173566.36,1110339.0389999999
2025-03-06 12:00:00,253649.539,131809.857,139087.723,257435.096,161883.45799999998,943865.673
2025-03-06 13:00:00,246517.067,108126.364,85369.881,214640.558,140508.97,795162.8399999999
2025-03-06 14:00:00,233261.513,74595.85800000001,56094.126000000004,120224.437,122129.161,606305.0950000001
2025-03-06 15:00:00,232797.44199999998,93618.282,83054.168,128147.45999999999,103428.659,641046.0109999999
2025-03-06 16:00:00,238842.907,263971.428,224745.762,203338.408,111753.263,1042651.768
2025-03-06 17:00:00,254208.861,446602.908,425243.424,326778.15,146188.809,1599022.1519999998
2025-03-06 18:00:00,262052.016,623410.07,594049.557,430495.305,203148.817,2113155.7649999997
2025-03-06 19:00:00,259260.61,721515.631,646198.311,466638.88,234963.525,2328576.957
2025-03-06 20:00:00,257011.87699999998,700147.418,622101.81,463815.296,241918.84,2284995.241
2025-03-06 21:00:00,241789.09,629367.903,552376.104,425920.157,226613.489,2076066.743
2025-03-06 22:00:00,212669.448,577110.113,474619.674,366193.477,199430.663,1830023.3749999998
2025-03-06 23:00:00,195047.489,557547.674,408083.232,309304.563,171322.806,1641305.7640000002
2025-03-07 00:00:00,190361.636,600806.35,424884.98099999997,319937.217,167480.88,1703471.0639999998
2025-03-07 01:00:00,162492.196,482525.819,451452.574,271305.42,142432.339,1510208.348
2025-03-07 02:00:00,146151.454,425555.718,402705.019,243698.439,129730.034,1347840.6639999999
2025-03-07 03:00:00,139666.5,396377.301,343591.533,231656.766,124934.88,1236226.98
2025-03-07 04:00:00,137448.963,389343.52,330174.101,228400.99,125125.2,1210492.774
2025-03-07 05:00:00,143049.51,407144.23600000003,344496.443,238372.34,133082.368,1266144.897
2025-03-07 06:00:00,164420.336,460440.408,387894.547,271290.598,150820.828,1434866.717
2025-03-07 07:00:00,203132.42,530356.453,448760.664,317855.402,177818.051,1677922.9899999998
2025-03-07 08:00:00,219399.732,409456.771,343560.348,293008.804,158929.85,1424355.5050000001
2025-03-07 09:00:00,229673.61,257199.863,198548.847,229082.307,121647.015,1036151.6420000001
2025-03-07 10:00:00,234992.497,85542.956,47883.021,157214.122,82496.493,608129.0889999999
2025-03-07 11:00:00,240587.397,-26806.251,-53086.804000000004,110629.394,58193.057,329516.79300000006
2025-03-07 12:00:00,247521.07,-63700.816999999995,-92267.484,94498.111,52933.357,238984.23700000008
2025-03-07 13:00:00,256197.193,-49751.086,-77325.184,113232.812,64884.876,307238.611
2025-03-07 14:00:00,270273.625,16825.645,1749.8019999999997,163931.419,93848.957,546629.4480000001
2025-03-07 15:00:00,285307.41599999997,138655.774,131565.70500000002,249830.19199999998,136592.993,941952.0800000001
2025-03-07 16:00:00,309264.18200000003,339450.838,339745.088,390268.926,204730.942,1583459.976
2025-03-07 17:00:00,319969.11699999997,551298.16,559797.289,516416.774,266561.839,2214043.179
2025-03-07 18:00:00,311961.135,748683.242,729105.505,601218.706,311212.21,2702180.798
2025-03-07 19:00:00,293180.063,841929.504,751813.939,595163.059,313388.323,2795474.8880000003
2025-03-07 20:00:00,275058.264,770711.9450000001,671017.2660000001,538107.458,284877.054,2539771.987
2025-03-07 21:00:00,256754.123,685292.792,587163.008,475307.626,257858.819,2262376.3680000002
2025-03-07 22:00:00,227542.793,617667.505,505089.315,402945.071,222647.785,1975892.4689999998
2025-03-07 23:00:00,210573.244,585862.385,433747.15,338228.414,189208.903,1757620.096
2025-03-08 00:00:00,203002.545,617267.544,443228.062,339867.935,179797.6,1783163.686
2025-03-08 01:00:00,171064.097,491135.947,463579.512,284028.173,153027.764,1562835.4929999998
2025-03-08 02:00:00,152517.553,431017.984,410186.678,251837.061,138400.191,1383959.4670000002
2025-03-08 03:00:00,144261.262,398236.767,349270.734,236283.399,131985.354,1260037.516
2025-03-08 04:00:00,140306.442,386376.869,330336.468,229969.662,128752.148,1215741.5890000002
2025-03-08 05:00:00,140442.454,392831.143,330491.954,229753.691,129655.874,1223175.1160000002
2025-03-08 06:00:00,145849.408,417005.159,348261.485,240420.688,133783.29,1285320.03
2025-03-08 07:00:00,161105.087,451968.005,380850.211,261942.485,144134.552,1400000.3399999999
2025-03-08 08:00:00,173327.459,358510.07,298457.764,250445.414,131283.443,1212024.15
2025-03-08 09:00:00,186212.52,206875.93,165870.563,201410.567,101413.505,861783.085
2025-03-08 10:00:00,196238.677,68460.45,24179.804,139431.244,68447.362,496757.537
2025-03-08 11:00:00,205487.945,-11271.729,-64541.46,101783.974,52584.253,284042.983
2025-03-08 12:00:00,218092.48,-28159.428,-82989.507,109216.02,60829.67,276989.23500000004
2025-03-08 13:00:00,234473.366,8133.385,-41619.265,154721.14800000002,88585.383,444294.017
2025-03-08 14:00:00,251306.862,88511.234,47003.621,223225.253,125987.064,736034.0340000001
2025-03-08 15:00:00,269095.545,224518.772,186363.52899999998,318468.734,174698.552,1173145.132
2025-03-08 16:00:00,289038.992,402985.747,383550.097,437956.953,232972.347,1746504.1360000002
2025-03-08 17:00:00,305345.094,625782.16,613854.611,568450.078,290877.36,2404309.303
2025-03-08 18:00:00,312152.24199999997,830079.703,790532.781,657331.444,334722.719,2924818.889
2025-03-08 19:00:00,296184.098,898451.9569999999,809302.606,644278.738,332562.285,2980779.6840000004
2025-03-08 20:00:00,279242.941,805039.558,719760.775,584243.469,297247.241,2685533.9839999997
2025-03-08 21:00:00,263598.584,704115.285,625976.1240000001,527800.573,268063.178,2389553.7439999995
2025-03-08 22:00:00,239067.882,633278.816,536292.054,452990.46499999997,233283.98500000002,2094913.202
2025-03-08 23:00:00,223846.662,602723.2930000001,459731.247,378225.86,201350.761,1865877.8229999999
2025-03-09 00:00:00,217321.375,627520.771,463914.979,374431.408,191477.756,1874666.289
2025-03-09 01:00:00,184044.696,503150.18200000003,480184.17600000004,313216.424,162901.683,1643497.161
2025-03-09 02:00:00,164052.621,443972.917,426437.419,276430.341,145991.341,1456884.639
2025-03-09 03:00:00,154048.309,408832.253,360106.398,256869.32,137449.51,1317305.79
2025-03-09 04:00:00,147666.58000000002,393245.408,338074.906,245918.048,132582.477,1257487.419
2025-03-09 05:00:00,145602.703,394657.662,334207.24,241504.009,132098.455,1248070.0690000001
2025-03-09 06:00:00,148422.241,413641.595,345815.842,245549.12,132919.941,1286348.739
2025-03-09 07:00:00,157689.623,445515.852,367813.294,257851.287,138488.561,1367358.6169999999
2025-03-09 08:00:00,169598.479,371179.588,297265.97,257082.798,129456.288,1224583.123
2025-03-09 09:00:00,183946.275,252826.165,197062.755,227933.716,110328.716,972097.627
2025-03-09 10:00:00,202853.92799999999,151258.834,99048.743,204267.697,91883.338,749312.54
2025-03-09 11:00:00,235361.108,112980.55,76519.719,250594.921,106668.206,782124.5040000001
2025-03-09 12:00:00,245920.774,136716.818,157024.417,293600.328,110635.595,943897.9319999999
2025-03-09 13:00:00,273690.345,233750.25400000002,215728.342,346704.021,153275.11,1223148.0720000002
2025-03-09 14:00:00,297900.11699999997,359201.174,247107.807,383624.796,204836.094,1492669.988
2025-03-09 15:00:00,330839.19,548819.898,424603.917,544677.91,274409.433,2123350.348
2025-03-09 16:00:00,351787.527,755303.627,630449.101,667979.449,336211.044,2741730.7479999997
2025-03-09 17:00:00,381490.399,1009591.366,885124.325,839040.358,429534.84599999996,3544781.2939999998
2025-03-09 18:00:00,379583.876,1075661.439,994617.32,897264.0989999999,445669.24,3792795.9739999995
2025-03-09 19:00:00,367376.291,1024187.904,958284.468,857237.748,430177.304,3637263.715
2025-03-09 20:00:00,354713.907,927268.598,865216.962,799109.561,403327.147,3349636.175
2025-03-09 21:00:00,333045.234,808043.74,752563.049,716539.325,366348.785,2976540.133
2025-03-09 22:00:00,290980.825,706755.57,637885.173,598688.1680000001,307786.33400000003,2542096.0700000003
2025-03-09 23:00:00,264609.1,662499.812,541543.953,490926.65599999996,258631.155,2218210.676
2025-03-10 00:00:00,249136.785,685498.804,534087.794,468127.892,238947.418,2175798.693
2025-03-10 01:00:00,214529.072,558380.961,543203.493,395109.072,206053.942,1917276.54
2025-03-10 02:00:00,194386.09100000001,485865.72000000003,483453.855,353889.246,186759.477,1704354.389
2025-03-10 03:00:00,184935.494,450649.77,415515.852,331724.14400000003,176474.298,1559299.558
2025-03-10 04:00:00,179365.889,435226.79000000004,391552.194,317656.752,170032.889,1493834.514
2025-03-10 05:00:00,178065.305,435294.942,388168.949,312221.908,168046.395,1481797.499
2025-03-10 06:00:00,185774.857,454143.434,400838.383,316679.823,168908.164,1526344.6609999998
2025-03-10 07:00:00,201669.815,488083.434,428312.699,331738.225,175097.707,1624901.88
2025-03-10 08:00:00,217363.997,420180.762,397856.13899999997,354414.806,172911.997,1562727.701
2025-03-10 09:00:00,230359.326,308214.172,341880.81,336093.522,161695.157,1378242.9870000002
2025-03-10 10:00:00,262713.175,232940.355,284081.3,308199.86,166933.776,1254868.466
2025-03-10 11:00:00,296753.526,248017.26,278594.171,352081.88,190215.118,1365661.955
2025-03-10 12:00:00,329412.885,276708.637,313110.897,409090.805,230573.612,1558896.836
2025-03-10 13:00:00,348428.781,340348.308,376787.94,459065.373,270122.536,1794752.938
2025-03-10 14:00:00,364952.26,420448.972,439007.138,516129.127,288372.483,2028909.9800000002
2025-03-10 15:00:00,385498.214,544584.726,535648.27,607697.069,325224.704,2398652.983
2025-03-10 16:00:00,408337.063,723409.628,679683.211,729976.584,377865.995,2919272.481
2025-03-10 17:00:00,429631.031,946303.4349999999,897173.293,862280.698,443040.019,3578428.476
2025-03-10 18:00:00,438390.032,1120874.351,1039010.906,934609.451,488286.58,4021171.32
2025-03-10 19:00:00,410697.836,1120804.967,1001015.441,869919.504,475388.303,3877826.051
2025-03-10 20:00:00,380373.238,980619.754,870693.846,761221.707,424779.173,3417687.718
2025-03-10 21:00:00,345572.28,830634.558,732054.218,651818.005,367673.307,2927752.368
2025-03-10 22:00:00,294387.548,710202.899,598768.946,527431.636,302617.084,2433408.113
2025-03-10 23:00:00,259991.502,664423.939,495653.759,424502.494,246936.576,2091508.27
2025-03-11 00:00:00,245907.261,686626.381,494616.372,409348.401,226968.611,2063467.026
2025-03-11 01:00:00,212282.354,567459.694,517024.727,347651.171,196664.437,1841082.383
2025-03-11 02:00:00,192177.915,502508.387,466020.71499999997,311093.092,178337.883,1650137.992
2025-03-11 03:00:00,181701.37,453986.494,400040.901,291518.141,167825.697,1495072.6030000001
2025-03-11 04:00:00,176851.069,444987.605,380492.551,282559.842,163398.423,1448289.49
2025-03-11 05:00:00,179413.104,462957.792,389788.39,286312.337,165583.498,1484055.121
2025-03-11 06:00:00,203331.517,513400.172,434133.873,319366.263,182728.135,1652959.9600000002
2025-03-11 07:00:00,249854.362,584536.458,494380.816,364247.222,209100.04499999998,1902118.903
2025-03-11 08:00:00,277094.246,499046.824,415947.658,356928.636,202609.761,1751627.125
2025-03-11 09:00:00,296255.172,374150.184,327218.801,313432.212,182960.374,1494016.743
2025-03-11 10:00:00,316920.761,242065.767,259638.938,296463.468,182229.169,1297318.103
2025-03-11 11:00:00,332359.609,202355.156,192992.93899999998,262799.111,156776.576,1147283.3909999998
2025-03-11 12:00:00,364020.144,211081.932,145758.022,275324.401,185668.337,1181852.836
2025-03-11 13:00:00,387632.849,267863.826,179897.839,302488.383,205919.459,1343802.356
2025-03-11 14:00:00,418471.897,408121.072,269653.766,394382.832,261656.332,1752285.899
2025-03-11 15:00:00,439925.833,536727.066,434038.511,520997.55199999997,332626.807,2264315.769
2025-03-11 16:00:00,458178.358,722003.269,599301.735,621877.039,415138.988,2816499.3889999995
2025-03-11 17:00:00,465919.53599999996,916868.672,807344.452,750818.005,460310.376,3401261.041
2025-03-11 18:00:00,453092.914,1077247.191,927846.579,820669.327,480466.50899999996,3759322.52
2025-03-11 19:00:00,423484.825,1075674.087,907115.533,766479.557,474218.755,3646972.757
2025-03-11 20:00:00,388697.19,946337.577,795302.32,663995.236,423853.87899999996,3218186.2019999996
2025-03-11 21:00:00,348071.727,799005.2220000001,680328.694,570856.073,364101.6,2762363.316
2025-03-11 22:00:00,293854.62,693270.351,565646.307,471397.354,297085.638,2321254.27
2025-03-11 23:00:00,258657.085,642634.753,476423.984,385814.647,240772.134,2004302.603
2025-03-12 00:00:00,241112.40399999998,663267.959,480176.991,378597.074,219438.93,1982593.3579999998
2025-03-12 01:00:00,205241.905,534946.4839999999,498273.903,319707.783,188260.094,1746430.169
2025-03-12 02:00:00,186755.632,476883.402,443847.845,288206.329,171334.627,1567027.8350000002
2025-03-12 03:00:00,178187.596,447452.74199999997,382837.761,273376.637,163081.162,1444935.898
2025-03-12 04:00:00,173886.02599999998,438302.954,365423.927,267063.613,159256.995,1403933.5150000001
2025-03-12 05:00:00,178433.885,457532.854,379057.602,274622.569,164789.53399999999,1454436.4440000001
2025-03-12 06:00:00,203676.438,513983.722,424040.88,308833.046,183864.631,1634398.7170000002
2025-03-12 07:00:00,251177.397,590506.449,488979.237,358375.176,212904.941,1901943.1999999997
2025-03-12 08:00:00,276943.092,501031.827,404626.202,345874.069,203820.23,1732295.42
2025-03-12 09:00:00,306604.211,404144.456,301454.344,325973.048,208933.015,1547109.074
2025-03-12 10:00:00,320038.516,283295.757,235731.249,312083.95900000003,175987.137,1327136.6180000002
2025-03-12 11:00:00,347013.691,279751.636,165048.019,326593.69299999997,196867.545,1315274.584
2025-03-12 12:00:00,356765.19,257321.668,153462.022,322204.532,181520.908,1271274.32
2025-03-12 13:00:00,390847.68,337139.003,206203.495,406704.78500000003,203015.073,1543910.036
2025-03-12 14:00:00,432280.904,466286.293,372439.177,527925.91,303064.375,2101996.659
2025-03-12 15:00:00,449771.582,623970.908,550953.104,630149.16,358957.461,2613802.215
2025-03-12 16:00:00,464241.897,760928.369,724663.152,617990.831,432406.857,3000231.1059999997
2025-03-12 17:00:00,426433.169,876923.642,772498.672,657907.096,442571.066,3176333.645
2025-03-12 18:00:00,378820.176,977611.868,893900.658,668476.626,411213.217,3330022.545
2025-03-12 19:00:00,324382.783,920094.408,807747.64,583115.21,335667.113,2971007.154
2025-03-12 20:00:00,297078.242,829472.213,692437.194,510295.313,295786.237,2625069.1990000005
2025-03-12 21:00:00,274235.86,717246.228,591097.232,456316.781,263579.896,2302475.997
2025-03-12 22:00:00,240945.445,634005.137,498240.353,389914.885,225317.516,1988423.336
2025-03-12 23:00:00,219967.355,597350.616,423997.332,326438.028,190863.14,1758616.471
2025-03-13 00:00:00,210619.15,629815.141,438507.006,332864.031,182390.154,1794195.482
2025-03-13 01:00:00,180122.65600000002,505871.023,460307.537,281732.214,157985.144,1586018.574
2025-03-13 02:00:00,164383.742,452557.621,412238.125,255482.398,145717.63999999998,1430379.5259999998
2025-03-13 03:00:00,157367.932,422476.681,353588.757,242991.779,139686.694,1316111.8429999999
2025-03-13 04:00:00,154651.177,413568.545,340086.534,239187.88,138911.434,1286405.5699999998
2025-03-13 05:00:00,160581.214,433236.69,353786.207,248612.99099999998,146103.712,1342320.814
2025-03-13 06:00:00,185595.285,491401.77,400417.466,284392.089,165951.055,1527757.665
2025-03-13 07:00:00,233927.633,567697.897,476621.267,343937.49,200241.385,1822425.672
2025-03-13 08:00:00,252972.652,474609.147,424116.582,352279.319,205808.302,1709786.0019999999
2025-03-13 09:00:00,265357.723,361365.229,358546.574,337892.69,202796.031,1525958.247
2025-03-13 10:00:00,270649.58999999997,246889.155,289070.41099999996,321780.298,196498.311,1324887.765
2025-03-13 11:00:00,267934.349,143818.086,201479.111,282942.726,175357.648,1071531.9200000002
2025-03-13 12:00:00,259132.293,63592.997,51505.562,184703.44,128130.336,687064.628
2025-03-13 13:00:00,243293.86800000002,-6590.231,-66220.012,55458.853,46718.3,272660.778
2025-03-13 14:00:00,239782.123,25162.561,-44424.893,37552.153,35178.051999999996,293249.99600000004
2025-03-13 15:00:00,250169.442,139467.499,46423.770000000004,92215.978,65392.684,593669.373
2025-03-13 16:00:00,271262.509,328399.983,226707.646,203666.208,122633.945,1152670.2910000002
2025-03-13 17:00:00,282068.605,541500.236,443453.606,327061.053,183928.908,1778012.408
2025-03-13 18:00:00,280851.519,754408.978,618872.202,431772.99,236912.331,2322818.02
2025-03-13 19:00:00,270824.595,837119.856,658056.507,458481.838,255339.952,2479822.748
2025-03-13 20:00:00,261116.431,765993.087,603227.364,439010.189,244164.437,2313511.508
2025-03-13 21:00:00,242437.723,660550.3859999999,529431.645,399547.987,223323.87800000003,2055291.619
2025-03-13 22:00:00,214330.868,586629.999,456723.269,347648.445,194569.027,1799901.6079999998
2025-03-13 23:00:00,199334.41,558598.201,392793.998,296918.754,167815.872,1615461.2349999999
2025-03-14 00:00:00,192872.592,592642.598,412870.57499999995,308590.18200000003,163474.753,1670450.7
2025-03-14 01:00:00,163483.441,471482.552,441559.728,260661.358,141129.547,1478316.626
2025-03-14 02:00:00,147438.771,420231.458,392012.869,234457.981,130256.231,1324397.31
2025-03-14 03:00:00,141532.62900000002,392023.837,332520.50800000003,222775.179,126031.749,1214883.902
2025-03-14 04:00:00,139387.714,387232.328,320268.292,220717.188,125993.584,1193599.106
2025-03-14 05:00:00,144425.037,406721.415,336027.764,231663.573,133439.061,1252276.85
2025-03-14 06:00:00,166284.801,465826.624,384247.73600000003,267958.4,152729.262,1437046.8230000003
2025-03-14 07:00:00,205453.912,537902.174,450686.129,319106.162,179496.426,1692644.803
2025-03-14 08:00:00,222725.649,421517.047,380902.645,319626.527,171277.315,1516049.183
2025-03-14 09:00:00,228530.59100000001,231100.203,261911.841,252147.877,121009.828,1094700.34
2025-03-14 10:00:00,224339.505,93216.361,79611.037,144430.07,73248.875,614845.848
2025-03-14 11:00:00,228507.886,2466.286,-61531.055,73942.904,48496.065,291882.086
2025-03-14 12:00:00,234982.833,-46192.344,-121573.993,35679.255,37499.343,140395.094
2025-03-14 13:00:00,241824.619,-22180.718,-128864.018,33090.369,47543.896,171414.14800000002
2025-03-14 14:00:00,252653.761,58469.282,-48406.441,87121.907,77142.745,426981.254
2025-03-14 15:00:00,264359.306,163970.582,103275.463,163003.36000000002,114168.931,808777.642
2025-03-14 16:00:00,286993.939,370013.375,294841.06799999997,279150.207,178235.04499999998,1409233.6339999998
2025-03-14 17:00:00,289831.254,556423.0549999999,491372.289,371098.045,226770.64299999998,1935495.2859999996
2025-03-14 18:00:00,280643.422,743170.864,601646.176,429274.07,259658.971,2314393.503
2025-03-14 19:00:00,271326.807,821399.473,645693.767,465154.195,269816.38,2473390.622
2025-03-14 20:00:00,262069.853,747467.992,600676.479,450252.074,255153.88400000002,2315620.282
2025-03-14 21:00:00,246846.185,659595.561,536849.416,415004.581,234680.202,2092975.945
2025-03-14 22:00:00,224447.105,601771.352,474884.864,369269.163,209819.906,1880192.39
2025-03-14 23:00:00,212914.726,577280.273,415194.832,320325.839,183932.457,1709648.1269999999
2025-03-15 00:00:00,208270.859,610497.039,433529.44,330997.775,179116.349,1762411.4619999998
2025-03-15 01:00:00,176317.878,485614.463,455474.946,278507.561,154967.204,1550882.052
2025-03-15 02:00:00,157794.612,429815.519,403520.173,248751.55599999998,141045.244,1380927.1039999998
2025-03-15 03:00:00,149272.861,400947.054,341747.708,234553.038,134231.248,1260751.9089999998
2025-03-15 04:00:00,145501.017,389631.89,324153.777,228915.61,131494.348,1219696.642
2025-03-15 05:00:00,146079.458,394477.394,326143.67,229966.308,133241.418,1229908.248
2025-03-15 06:00:00,153312.123,423574.743,345625.574,242301.989,139409.576,1304224.005
2025-03-15 07:00:00,170865.621,462180.871,387950.53599999996,272308.077,152061.445,1445366.55
2025-03-15 08:00:00,185765.939,386544.193,320601.373,261953.705,144272.563,1299137.773
2025-03-15 09:00:00,204714.179,321574.21499999997,216684.897,244113.143,130794.856,1117881.29
2025-03-15 10:00:00,224184.54499999998,249239.583,165363.858,246430.342,139391.816,1024610.144
2025-03-15 11:00:00,249863.738,254252.86800000002,164250.15,267316.101,139349.748,1075032.605
2025-03-15 12:00:00,283651.116,303345.999,236969.623,286292.544,195941.328,1306200.6099999999
2025-03-15 13:00:00,312540.832,361458.295,340479.656,388918.664,259755.203,1663152.65
2025-03-15 14:00:00,322322.808,507691.304,345728.497,374999.601,263218.504,1813960.714
2025-03-15 15:00:00,350518.54,661199.058,539882.957,554898.336,340364.422,2446863.313
2025-03-15 16:00:00,369876.84,810455.4569999999,718465.333,677951.539,411161.071,2987910.24
2025-03-15 17:00:00,381987.904,935138.994,866183.291,742145.463,445305.13,3370760.7819999997
2025-03-15 18:00:00,374844.868,1028962.24,900710.836,729271.731,429193.855,3462983.5300000003
2025-03-15 19:00:00,363383.052,1039863.24,865487.825,698867.098,415129.892,3382731.107
2025-03-15 20:00:00,349278.88,959630.355,785283.7,649280.796,391054.548,3134528.2789999996
2025-03-15 21:00:00,329267.78,840403.515,701403.7390000001,589551.926,359447.511,2820074.471
2025-03-15 22:00:00,292238.994,747097.135,614816.439,511224.431,310055.624,2475432.6229999997
2025-03-15 23:00:00,267335.346,701470.846,527424.334,433415.659,262011.897,2191658.082
2025-03-16 00:00:00,253273.383,706871.916,523823.091,423939.652,242529.884,2150437.926
2025-03-16 01:00:00,216065.548,571040.876,529952.039,356155.129,205330.813,1878544.4050000003
2025-03-16 02:00:00,192399.009,506990.409,469011.918,314872.016,182461.483,1665734.835
2025-03-16 03:00:00,180529.66,467462.212,400907.28,292898.018,170701.731,1512498.9009999998
2025-03-16 04:00:00,171806.71600000001,447164.569,376495.846,279466.532,162021.785,1436955.448
2025-03-16 05:00:00,168603.087,450286.907,369801.011,272896.344,158926.959,1420514.308
2025-03-16 06:00:00,169613.251,467785.566,379271.30700000003,274966.108,157157.27300000002,1448793.5050000001
2025-03-16 07:00:00,182190.823,512396.333,424530.101,299654.497,169180.362,1587952.116
2025-03-16 08:00:00,195297.236,521749.301,435589.918,336023.423,184107.137,1672767.0150000001
2025-03-16 09:00:00,215167.184,537833.523,453335.732,370857.453,193783.074,1770976.9660000002
2025-03-16 10:00:00,229507.664,527977.217,470049.23199999996,387215.143,200512.587,1815261.843
2025-03-16 11:00:00,238420.39,559036.13,474081.018,396816.533,206350.59100000001,1874704.662
2025-03-16 12:00:00,241169.43,547933.699,490922.441,401309.638,212050.78399999999,1893385.992
2025-03-16 13:00:00,232776.84,489887.515,467810.184,384491.882,196293.436,1771259.857
2025-03-16 14:00:00,226833.38,450214.732,476147.123,378447.076,196223.968,1727866.279
2025-03-16 15:00:00,217579.966,454575.103,489258.848,377438.503,197520.629,1736373.049
2025-03-16 16:00:00,214852.04,423431.482,498967.836,371211.224,180775.717,1689238.2989999999
2025-03-16 17:00:00,218927.737,441586.273,494849.51,364811.586,163621.363,1683796.469
2025-03-16 18:00:00,228235.351,553243.434,525971.297,396388.235,203824.25,1907662.567
2025-03-16 19:00:00,231935.652,612164.383,554587.975,429175.64,228627.299,2056490.949
2025-03-16 20:00:00,227339.666,601786.34,535770.992,424026.818,224277.22,2013201.036
2025-03-16 21:00:00,211138.677,543220.858,487118.555,390795.328,207975.733,1840249.1509999998
2025-03-16 22:00:00,185562.932,501714.303,426536.332,338231.281,182665.035,1634709.883
2025-03-16 23:00:00,173356.209,499192.275,371524.264,287010.951,158855.079,1489938.778
2025-03-17 00:00:00,174151.599,565123.202,400624.37,304209.942,158778.157,1602887.27
2025-03-17 01:00:00,149535.503,462358.23699999996,445357.872,261418.832,138459.368,1457129.812
2025-03-17 02:00:00,133699.179,397249.722,406758.599,234093.987,127030.486,1298831.973
2025-03-17 03:00:00,127582.911,362741.899,339144.359,222324.971,122919.902,1174714.042
2025-03-17 04:00:00,126928.969,359949.608,320063.646,221490.73,124445.034,1152877.987
2025-03-17 05:00:00,133830.184,391207.497,342589.447,239636.017,136625.147,1243888.292
2025-03-17 06:00:00,160106.317,466876.545,409397.081,291513.49199999997,163285.932,1491179.367
2025-03-17 07:00:00,206387.977,578669.857,513169.104,365580.469,205281.723,1869089.1300000001
2025-03-17 08:00:00,219951.751,463406.409,405631.695,327853.50800000003,204200.941,1621044.304
2025-03-17 09:00:00,226354.794,280832.062,259986.26,247162.832,172645.7,1186981.648
2025-03-17 10:00:00,220697.804,127769.856,131189.105,146372.214,153783.322,779812.301
2025-03-17 11:00:00,212049.544,86240.56,18503.268,107066.993,129231.211,553091.576
2025-03-17 12:00:00,216853.195,13825.585000000001,-25923.84,117208.249,132131.241,454094.42999999993
2025-03-17 13:00:00,196721.573,-84672.738,-92303.142,78927.334,58803.117,157476.14399999997
2025-03-17 14:00:00,184872.573,-87446.819,-102449.835,57277.611,38061.473,90315.00299999998
2025-03-17 15:00:00,182325.479,-12951.915,-29310.919,78986.804,32567.034,251616.483
2025-03-17 16:00:00,192858.234,128236.04699999999,97255.744,167758.215,65867.374,651975.614
2025-03-17 17:00:00,213419.014,337903.972,300803.116,271265.409,146003.475,1269394.986
2025-03-17 18:00:00,231691.886,504058.234,455774.448,373649.195,204573.519,1769747.282
2025-03-17 19:00:00,236552.48200000002,595903.8,530765.967,418991.529,230307.047,2012520.8250000002
2025-03-17 20:00:00,229991.274,583896.941,520114.77,412628.51,227074.314,1973705.8090000001
2025-03-17 21:00:00,212158.912,527348.409,472203.787,377705.018,207491.831,1796907.957
2025-03-17 22:00:00,184925.863,484564.664,408261.496,325162.348,180428.653,1583343.024
2025-03-17 23:00:00,171897.703,484638.539,350481.354,274802.384,154102.906,1435922.886
2025-03-18 00:00:00,171852.147,552777.2069999999,378844.119,290483.171,152231.23,1546187.8739999998
2025-03-18 01:00:00,146903.41700000002,447320.439,425303.224,250292.551,133033.331,1402852.962
2025-03-18 02:00:00,131826.274,386289.452,388173.103,224933.11000000002,122485.018,1253706.957
2025-03-18 03:00:00,126272.519,354778.296,325063.478,217000.649,118413.618,1141528.5599999998
2025-03-18 04:00:00,125571.149,352909.073,310357.966,217094.616,120071.552,1126004.356
2025-03-18 05:00:00,132830.047,386800.186,334043.185,233241.092,132276.057,1219190.567
2025-03-18 06:00:00,160372.288,464315.34,404627.544,283429.55,160195.733,1472940.455
2025-03-18 07:00:00,207254.24,574125.585,501712.00800000003,351592.197,196525.768,1831209.7979999997
2025-03-18 08:00:00,216110.882,434955.879,374067.146,315298.982,170544.28100000002,1510977.17
2025-03-18 09:00:00,211757.794,231393.606,180534.842,220817.482,116661.807,961165.531
2025-03-18 10:00:00,202732.439,19423.769,-16024.556,116799.208,60448.738,383379.59800000006
2025-03-18 11:00:00,193693.212,-136460.393,-161737.79,34915.606,18871.173,-50718.192000000025
2025-03-18 12:00:00,190346.725,-224567.088,-244158.72,-14950.797,-4761.429,-298091.309
2025-03-18 13:00:00,187870.113,-260333.30599999998,-276179.041,-37902.862,-13726.749,-400271.84500000003
2025-03-18 14:00:00,190559.54200000002,-238603.609,-250057.596,-27481.933,-6083.012,-331666.60799999995
2025-03-18 15:00:00,197003.87,-156567.364,-165193.139,16062.382000000001,16666.685,-92027.566
2025-03-18 16:00:00,212615.366,11098.992999999999,2689.973,113413.04,65503.968,405321.33999999997
2025-03-18 17:00:00,231730.769,244746.949,228705.907,249424.757,133880.078,1088488.46
2025-03-18 18:00:00,243374.475,475411.235,441584.006,369120.481,201366.921,1730857.1180000002
2025-03-18 19:00:00,240813.887,588264.142,519221.49199999997,409820.128,227427.238,1985546.887
2025-03-18 20:00:00,233249.742,578521.029,502019.27,401483.575,222361.357,1937634.973
2025-03-18 21:00:00,215289.926,519245.694,452414.298,366391.279,202427.788,1755768.9849999999
2025-03-18 22:00:00,187538.665,482193.941,394923.0,317821.664,176727.224,1559204.494
2025-03-18 23:00:00,174130.487,479167.20399999997,343810.514,270449.25,152048.259,1419605.7140000002
2025-03-19 00:00:00,173267.415,540890.59,373115.11,288994.486,151626.747,1527894.3479999998
2025-03-19 01:00:00,147617.468,435910.528,413775.488,248099.862,132561.47,1377964.8159999999
2025-03-19 02:00:00,132477.08000000002,377550.042,375181.073,223742.805,122050.97899999999,1231001.979
2025-03-19 03:00:00,127046.299,350726.199,316143.68,213957.266,118802.07,1126675.514
2025-03-19 04:00:00,126390.92,350794.045,302639.93,213910.584,119516.568,1113252.047
2025-03-19 05:00:00,133349.426,381498.097,323777.525,230066.418,129763.695,1198455.161
2025-03-19 06:00:00,159530.587,453136.724,387182.844,275530.544,154414.036,1429794.735
2025-03-19 07:00:00,205011.482,549763.523,477090.878,340143.175,189991.093,1762000.151
2025-03-19 08:00:00,214506.197,410018.841,357059.495,307263.914,165460.325,1454308.7719999999
2025-03-19 09:00:00,213112.179,219270.919,185625.95,220346.162,117266.89,955622.1
2025-03-19 10:00:00,209633.476,47248.473,25494.399,133769.482,75673.257,491819.08699999994
2025-03-19 11:00:00,209537.65399999998,-91233.666,-94707.583,65445.221,51529.020000000004,140570.64599999998
2025-03-19 12:00:00,224554.115,-125945.855,-152965.422,49562.409,56181.133,51386.380000000005
2025-03-19 13:00:00,240532.04200000002,-111825.457,-116343.319,77846.71,43670.864,133880.84000000003
2025-03-19 14:00:00,252833.444,8318.688999999998,-58477.441,131239.904,83717.70300000001,417632.299
2025-03-19 15:00:00,266199.233,59174.732,77341.507,239241.329,150116.548,792073.3489999999
2025-03-19 16:00:00,281689.399,218594.571,274636.807,325040.629,171241.863,1271203.2689999999
2025-03-19 17:00:00,305910.537,482935.741,477783.231,457762.855,252855.106,1977247.47
2025-03-19 18:00:00,312227.477,714441.115,672986.156,574576.541,319000.798,2593232.087
2025-03-19 19:00:00,301133.858,772229.615,705564.691,584273.223,326672.903,2689874.29
2025-03-19 20:00:00,283963.23099999997,701678.256,640627.289,542731.316,298051.536,2467051.6279999996
2025-03-19 21:00:00,258126.244,608411.632,553291.858,476257.31799999997,259972.334,2156059.386
2025-03-19 22:00:00,222720.00400000002,538616.215,467593.066,397842.347,218005.32200000001,1844776.9540000001
2025-03-19 23:00:00,201008.154,519544.805,397194.01,329271.343,182009.161,1629027.4730000002
2025-03-20 00:00:00,194564.346,566548.275,414541.469,332243.312,173896.194,1681793.596
2025-03-20 01:00:00,164998.418,449162.901,442852.14,282165.55,149971.205,1489150.2140000002
2025-03-20 02:00:00,147913.70799999998,399465.685,397265.152,252853.834,136318.758,1333817.1369999999
2025-03-20 03:00:00,140989.795,388721.12,338614.941,238765.222,131621.037,1238712.1150000002
2025-03-20 04:00:00,138896.911,389906.213,325411.375,234473.887,131667.165,1220355.551
2025-03-20 05:00:00,146762.731,414689.303,340153.166,245175.096,140569.49,1287349.786
2025-03-20 06:00:00,173369.149,478830.023,392238.217,283029.887,162623.745,1490091.0210000002
2025-03-20 07:00:00,221471.731,555461.045,464071.868,335810.236,195172.91999999998,1771987.8
2025-03-20 08:00:00,244807.198,525667.381,404166.539,339840.18200000003,200684.794,1715166.0939999998
2025-03-20 09:00:00,263482.151,491425.18200000003,380218.803,359389.871,207284.434,1701800.441
2025-03-20 10:00:00,269447.093,428485.466,375507.476,364423.86,180315.589,1618179.484
2025-03-20 11:00:00,271077.393,372061.888,326891.053,350678.403,124526.194,1445234.9309999999
2025-03-20 12:00:00,281140.465,390172.011,293018.759,310252.338,171518.471,1446102.044
2025-03-20 13:00:00,290357.75,393300.688,390617.117,370610.571,205224.843,1650110.969
2025-03-20 14:00:00,282774.804,418647.38300000003,419024.763,369869.027,211636.479,1701952.4560000002
2025-03-20 15:00:00,271836.437,467689.205,391841.325,361537.73,185085.288,1677989.9849999999
2025-03-20 16:00:00,276661.016,555825.741,461123.136,400532.071,230088.328,1924230.292
2025-03-20 17:00:00,273812.272,607261.1,530477.625,437312.612,242745.065,2091608.6739999999
2025-03-20 18:00:00,270518.152,645144.833,579153.86,458820.288,255019.419,2208656.552
2025-03-20 19:00:00,257203.223,630788.945,562019.187,440955.982,246191.582,2137158.9189999998
2025-03-20 20:00:00,244459.359,592014.755,516007.955,414964.105,232420.7,1999866.874
2025-03-20 21:00:00,227278.129,533247.494,472101.593,381628.299,213921.458,1828176.9729999998
2025-03-20 22:00:00,201136.66700000002,498878.38899999997,417214.95399999997,335428.658,188488.448,1641147.116
2025-03-20 23:00:00,189473.639,497166.719,364434.067,290178.995,164332.327,1505585.747
2025-03-21 00:00:00,186013.688,558777.923,393205.70999999996,305943.795,162413.596,1606354.7119999998
2025-03-21 01:00:00,157467.819,442862.488,432048.871,259803.652,140383.69700000001,1432566.527
2025-03-21 02:00:00,141876.335,384998.537,387850.098,233199.37,128697.073,1276621.413
2025-03-21 03:00:00,135774.684,354249.39400000003,324934.418,221986.10199999998,124756.414,1161701.012
2025-03-21 04:00:00,133112.093,348842.692,309804.274,219687.867,123913.968,1135360.8939999999
2025-03-21 05:00:00,138966.987,371125.97000000003,324320.622,231791.716,131758.462,1197963.757
2025-03-21 06:00:00,160826.327,434395.265,374620.679,269227.966,152290.049,1391360.2859999998
2025-03-21 07:00:00,203409.83299999998,533545.209,460696.602,330450.852,189333.309,1717435.8050000002
2025-03-21 08:00:00,223360.25999999998,467092.016,423558.036,337771.971,194985.17799999999,1646767.4610000001
2025-03-21 09:00:00,233835.017,362354.04,365719.717,316389.496,192140.398,1470438.668
2025-03-21 10:00:00,234424.76,259206.79499999998,279901.636,284862.086,168452.521,1226847.798
2025-03-21 11:00:00,240743.79200000002,178432.965,215786.851,280538.82,158017.944,1073520.372
2025-03-21 12:00:00,231824.678,114015.815,230354.112,284219.507,145988.772,1006402.884
2025-03-21 13:00:00,233100.499,83546.503,199158.231,273208.866,131232.971,920247.0700000001
2025-03-21 14:00:00,231063.728,84821.62,140923.877,228563.982,137866.999,823240.206
2025-03-21 15:00:00,216046.231,109729.946,113226.996,200293.496,117588.124,756884.7930000001
2025-03-21 16:00:00,217240.788,173983.662,182681.421,232575.807,124737.37299999999,931219.051
2025-03-21 17:00:00,219375.91700000002,294914.925,297459.864,270512.225,159230.301,1241493.232
2025-03-21 18:00:00,229769.365,472359.315,450937.903,349132.459,204728.293,1706927.335
2025-03-21 19:00:00,228760.752,569166.723,508360.529,390875.252,217151.774,1914315.03
2025-03-21 20:00:00,222211.312,557039.15,490550.034,388021.978,210696.657,1868519.131
2025-03-21 21:00:00,208078.523,513571.774,454062.336,365059.29099999997,196845.053,1737616.9770000002
2025-03-21 22:00:00,188495.343,489970.257,410355.713,330320.78500000003,179227.267,1598369.365
2025-03-21 23:00:00,180709.08,491532.392,363112.153,288914.93200000003,159598.027,1483866.584
2025-03-22 00:00:00,180177.842,554328.783,391835.479,307364.295,159543.225,1593249.624
2025-03-22 01:00:00,153047.924,441759.71,430755.08,262073.549,137751.339,1425387.602
2025-03-22 02:00:00,136151.402,378970.23099999997,387542.325,234016.503,125327.576,1262008.037
2025-03-22 03:00:00,129614.11499999999,347973.967,321774.049,221711.551,119998.942,1141072.624
2025-03-22 04:00:00,126961.026,341557.995,310169.744,218621.276,119164.947,1116474.988
2025-03-22 05:00:00,128573.388,354951.066,311390.311,224598.032,123800.681,1143313.4780000001
2025-03-22 06:00:00,137082.477,392525.341,337701.346,243684.002,132686.557,1243679.723
2025-03-22 07:00:00,158827.107,455083.219,398655.642,287031.901,153430.033,1453027.902
2025-03-22 08:00:00,174608.904,373374.612,340843.829,293847.507,148148.048,1330822.9
2025-03-22 09:00:00,179864.92799999999,196968.706,193670.95799999998,226774.64,109323.032,906602.264
2025-03-22 10:00:00,178067.438,11529.14,24223.596,157131.654,60333.248,431285.076
2025-03-22 11:00:00,171135.609,-132175.73,-72432.543,114039.057,18723.535,99289.92799999999
2025-03-22 12:00:00,161837.477,-217902.554,-134067.638,32771.494,-8330.135,-165691.356
2025-03-22 13:00:00,155343.907,-246022.435,-186319.15600000002,-13920.216,-20916.993,-311834.89300000004
2025-03-22 14:00:00,153746.413,-231068.853,-172497.024,-15845.165,-19522.427,-285187.05600000004
2025-03-22 15:00:00,158172.436,-144745.089,-109090.03,19795.641,758.1490000000001,-75108.89300000001
2025-03-22 16:00:00,171808.542,-5440.740999999999,7360.696000000001,96436.349,45889.392,316054.23799999995
2025-03-22 17:00:00,193349.15600000002,212468.385,213711.83299999998,219391.697,111416.90299999999,950337.9739999999
2025-03-22 18:00:00,213037.403,445582.527,417293.945,335486.388,178053.149,1589453.412
2025-03-22 19:00:00,217157.28399999999,553395.848,491151.011,378790.774,205892.925,1846387.842
2025-03-22 20:00:00,212982.873,541704.321,475207.44,373746.03,203441.721,1807082.3849999998
2025-03-22 21:00:00,201434.314,500112.732,439907.942,350580.506,190623.622,1682659.1160000002
2025-03-22 22:00:00,185079.247,482312.853,405579.342,318659.392,174603.508,1566234.342
2025-03-22 23:00:00,179353.04,491813.54,366716.967,281906.393,156558.905,1476348.845
2025-03-23 00:00:00,181530.226,550117.17,389273.136,302562.044,157940.923,1581423.499
2025-03-23 01:00:00,155347.223,443755.8,426860.45900000003,259709.747,138105.304,1423778.533
2025-03-23 02:00:00,137687.457,382067.214,387385.646,231663.242,125575.16200000001,1264378.721
2025-03-23 03:00:00,129749.942,346591.603,323122.324,218298.636,119785.623,1137548.128
2025-03-23 04:00:00,126246.31,333776.33400000003,301116.072,213095.598,117558.89600000001,1091793.21
2025-03-23 05:00:00,126569.109,342525.275,302047.669,216343.69700000001,120530.052,1108015.802
2025-03-23 06:00:00,132520.485,369127.05,320634.6,229261.954,125119.891,1176663.98
2025-03-23 07:00:00,146888.795,412327.755,370070.165,260891.588,138881.426,1329059.729
2025-03-23 08:00:00,160047.873,341742.737,316567.78,267343.542,131339.584,1217041.516
2025-03-23 09:00:00,166538.569,190375.161,181113.444,208801.657,95822.405,842651.236
2025-03-23 10:00:00,166884.187,37402.866,14048.967,125212.973,51121.457,394670.45
2025-03-23 11:00:00,161399.206,-78640.513,-113187.712,54351.799,11550.961,35473.740999999995
2025-03-23 12:00:00,156749.517,-154535.671,-186287.377,3975.848,-10827.521,-190925.20400000003
2025-03-23 13:00:00,152990.6,-175326.764,-219034.967,-21896.232,-18073.742,-281341.105
2025-03-23 14:00:00,153247.052,-164846.489,-196348.43899999998,-13334.501,-15614.835,-236897.21199999997
2025-03-23 15:00:00,160596.722,-72812.995,-106627.417,32318.32,10293.591,23768.22100000002
2025-03-23 16:00:00,179651.261,115330.20199999999,74757.621,155005.759,73054.703,597799.546
2025-03-23 17:00:00,205200.754,323614.273,308405.748,267949.775,148476.933,1253647.483
2025-03-23 18:00:00,228900.307,558720.077,499765.7,391057.071,210384.178,1888827.333
2025-03-23 19:00:00,232306.212,620962.25,543921.711,415696.917,227597.572,2040484.6620000002
2025-03-23 20:00:00,225633.138,587766.562,508103.326,400088.925,218942.63999999998,1940534.5909999998
2025-03-23 21:00:00,208773.723,526422.682,456511.237,364597.039,200385.367,1756690.0480000002
2025-03-23 22:00:00,183459.422,485122.236,398078.194,315916.549,175176.707,1557753.108
2025-03-23 23:00:00,172370.218,484811.482,346816.135,270084.752,151945.824,1426028.4109999998
2025-03-24 00:00:00,174281.328,546445.889,376315.512,289892.445,152567.88,1539503.054
2025-03-24 01:00:00,150012.596,445829.028,417307.557,249408.251,133907.738,1396465.17
2025-03-24 02:00:00,134151.333,384469.505,381285.495,223907.287,122223.169,1246036.789
2025-03-24 03:00:00,128069.309,350137.692,321439.659,212693.67,118390.164,1130730.494
2025-03-24 04:00:00,126218.361,346300.26900000003,303280.287,210470.767,118376.257,1104645.941
2025-03-24 05:00:00,132974.244,372940.188,318004.06,224597.687,127266.928,1175783.107
2025-03-24 06:00:00,158002.83299999998,435667.119,368770.673,265665.749,149440.40899999999,1377546.783
2025-03-24 07:00:00,202263.08299999998,528439.789,452073.882,328754.647,184619.084,1696150.4849999999
2025-03-24 08:00:00,216501.084,435205.247,384620.662,323572.64,187629.889,1547529.5219999999
2025-03-24 09:00:00,223944.72,295590.919,295512.021,287964.41599999997,178313.515,1281325.591
2025-03-24 10:00:00,229408.561,182805.302,229086.611,246473.097,163858.143,1051631.714
2025-03-24 11:00:00,226248.541,75499.112,184071.866,210998.307,146787.249,843605.075
2025-03-24 12:00:00,222653.182,-17152.449,108581.14,175504.626,126962.15400000001,616548.653
2025-03-24 13:00:00,214870.19,-76537.60800000001,79173.64600000001,169678.269,108303.911,495488.40800000005
2025-03-24 14:00:00,209134.476,-116365.735,25942.27,143705.678,88743.927,351160.61600000004
2025-03-24 15:00:00,198301.207,-100431.733,23437.001,99623.474,51999.9,272929.849
2025-03-24 16:00:00,203689.242,44146.372,109028.971,130324.518,75644.488,562833.591
2025-03-24 17:00:00,222328.024,271439.723,296846.279,256357.305,131339.11800000002,1178310.449
2025-03-24 18:00:00,237719.221,521234.07899999997,489413.056,374329.174,198485.724,1821181.2539999997
2025-03-24 19:00:00,238271.49300000002,617453.606,543053.03,412492.408,224751.245,2036021.7820000001
2025-03-24 20:00:00,229360.081,586891.902,510743.931,400160.635,218639.937,1945796.486
2025-03-24 21:00:00,210499.648,523310.783,457694.073,364320.948,199757.077,1755582.529
2025-03-24 22:00:00,183230.828,481735.397,397448.96,313940.732,173387.728,1549743.645
2025-03-24 23:00:00,170833.296,483113.134,345426.118,267945.568,149875.153,1417193.269
2025-03-25 00:00:00,171293.751,546058.047,376130.238,286987.902,150104.201,1530574.139
2025-03-25 01:00:00,146190.24,441818.403,419321.938,247043.45,131270.416,1385644.447
2025-03-25 02:00:00,131445.03100000002,382988.588,381189.949,222320.875,120594.895,1238539.338
2025-03-25 03:00:00,126186.2,351741.852,318403.837,212230.945,116427.294,1124990.128
2025-03-25 04:00:00,125621.75200000001,348863.71,304255.477,212506.772,117853.291,1109101.002
2025-03-25 05:00:00,132970.464,377971.243,324388.183,229880.584,129109.709,1194320.1830000002
2025-03-25 06:00:00,159991.454,443772.542,385781.413,276463.136,154398.917,1420407.4619999998
2025-03-25 07:00:00,207312.667,540560.657,477557.79,344801.298,191936.593,1762169.005
2025-03-25 08:00:00,218223.845,409299.64999999997,415083.995,332593.333,183797.677,1558998.4999999998
2025-03-25 09:00:00,220540.68,216977.615,303742.607,268790.282,156218.742,1166269.9260000002
2025-03-25 10:00:00,222333.662,77495.306,154775.91,195686.806,131510.169,781801.853
2025-03-25 11:00:00,206396.61,-58791.291,-24836.817000000003,78828.912,65061.474,266658.888
2025-03-25 12:00:00,196706.75,-155967.832,-140361.763,13790.045,9073.145,-76759.655
2025-03-25 13:00:00,195226.08299999998,-183270.172,-155675.877,-5420.773999999999,-2881.689,-152022.42900000003
2025-03-25 14:00:00,195614.187,-147379.296,-121730.397,1021.387,3577.776,-68896.343
2025-03-25 15:00:00,202273.654,-45819.831,-59339.435,47034.682,26292.057,170441.127
2025-03-25 16:00:00,215570.912,130334.261,109175.351,144351.003,75071.154,674502.681
2025-03-25 17:00:00,233327.457,361626.225,327396.253,272663.976,141880.793,1336894.7040000001
2025-03-25 18:00:00,244382.927,603329.306,512702.75700000004,385721.334,206510.982,1952647.306
2025-03-25 19:00:00,242839.779,676512.759,555147.83,417059.477,229494.50699999998,2121054.352
2025-03-25 20:00:00,233530.808,626524.35,516579.26,400634.154,221646.745,1998915.3169999998
2025-03-25 21:00:00,214919.737,551316.529,459424.928,364196.671,201356.324,1791214.189
2025-03-25 22:00:00,187208.256,504519.841,398580.81299999997,315890.316,176141.296,1582340.522
2025-03-25 23:00:00,174050.886,496961.989,346710.083,270067.775,151719.059,1439509.792
2025-03-26 00:00:00,173869.264,552603.884,376425.195,288507.056,151954.812,1543360.211
2025-03-26 01:00:00,148420.615,443400.481,417155.327,247828.883,132943.189,1389748.495
2025-03-26 02:00:00,133167.213,386839.16099999996,376220.169,222507.302,122152.109,1240885.954
2025-03-26 03:00:00,128159.92,359817.961,315596.563,212835.292,118751.735,1135161.4710000001
2025-03-26 04:00:00,127420.543,352112.653,301691.818,212389.01,119507.019,1113121.043
2025-03-26 05:00:00,134549.36,378853.492,320437.054,227514.897,129191.72200000001,1190546.5250000001
2025-03-26 06:00:00,160441.304,444823.873,375807.31299999997,269095.232,152585.497,1402753.219
2025-03-26 07:00:00,206904.29,537874.728,459323.672,330176.321,189018.939,1723297.9500000002
2025-03-26 08:00:00,222681.387,453305.888,413333.675,329996.224,194918.854,1614236.028
2025-03-26 09:00:00,227793.679,329672.636,329997.719,276377.708,181099.438,1344941.18
2025-03-26 10:00:00,227170.393,203499.547,226729.734,228558.524,156578.22,1042536.4180000001
2025-03-26 11:00:00,226154.414,91900.008,164713.697,213347.37900000002,132166.356,828281.8539999999
2025-03-26 12:00:00,228654.18,29931.715,77123.372,164859.821,107180.326,607749.414
2025-03-26 13:00:00,214013.082,-5822.5960000000005,-4495.324,111039.441,76735.652,391470.255
2025-03-26 14:00:00,207967.811,29555.001,-11709.451,87009.647,77066.786,389889.794
2025-03-26 15:00:00,199038.822,61305.693,-30376.806,64612.708,53881.577000000005,348461.994
2025-03-26 16:00:00,210613.959,180249.86800000002,101829.851,141998.762,76285.161,710977.601
2025-03-26 17:00:00,227768.936,386700.96,317829.374,263933.576,134209.387,1330442.233
2025-03-26 18:00:00,239944.738,606173.848,500162.979,375210.902,200775.563,1922268.03
2025-03-26 19:00:00,240383.642,676343.919,545162.414,409643.971,225294.401,2096828.347
2025-03-26 20:00:00,232194.209,631219.801,511789.582,397048.44,219055.294,1991307.326
2025-03-26 21:00:00,213977.06699999998,560956.8589999999,459951.305,363796.058,200801.736,1799483.025
2025-03-26 22:00:00,187473.484,511282.251,403071.313,316445.70900000003,175605.922,1593878.679
2025-03-26 23:00:00,174009.46600000001,505319.421,350854.191,270759.196,151561.11,1452503.384
2025-03-27 00:00:00,173555.403,561174.261,379956.537,289768.752,151250.478,1555705.4310000003
2025-03-27 01:00:00,147455.596,450436.101,422134.08900000004,248931.467,131707.283,1400664.536
2025-03-27 02:00:00,132672.711,394382.601,381447.405,223919.345,121003.971,1253426.0329999998
2025-03-27 03:00:00,127423.344,364000.584,320240.242,213301.369,117435.962,1142401.5010000002
2025-03-27 04:00:00,126321.491,356133.389,306340.66000000003,212714.273,118066.576,1119576.389
2025-03-27 05:00:00,133125.31,380745.094,323948.81799999997,228154.215,128084.96,1194058.3969999999
2025-03-27 06:00:00,158856.795,445840.259,380878.388,269893.358,152157.486,1407626.286
2025-03-27 07:00:00,205433.732,539728.8910000001,466953.286,334090.186,188283.141,1734489.236
2025-03-27 08:00:00,218241.367,451301.83400000003,387032.114,327017.624,182678.43,1566271.369
2025-03-27 09:00:00,217275.301,279214.615,234526.14800000002,260587.896,138312.506,1129916.466
2025-03-27 10:00:00,207630.307,68304.435,55577.049,139439.279,76075.85,547026.9199999999
2025-03-27 11:00:00,200296.038,-80469.491,-78083.622,58058.950000000004,30149.15,129951.025
2025-03-27 12:00:00,197078.728,-157815.084,-149210.485,8619.941,6803.7,-94523.2
2025-03-27 13:00:00,196436.628,-186370.324,-173551.033,-9284.4,-382.12500000000006,-173151.254
2025-03-27 14:00:00,197096.276,-138638.02,-138523.658,5538.52,7779.8009999999995,-66747.08099999998
2025-03-27 15:00:00,202450.343,-36316.337,-49356.056,53671.727,31265.445,201715.12200000003
2025-03-27 16:00:00,216717.451,146198.258,123283.82,153739.664,80314.04000000001,720253.233
2025-03-27 17:00:00,232277.749,373780.751,340404.71,283757.024,143718.924,1373939.1579999998
2025-03-27 18:00:00,240483.634,594017.383,518045.342,390870.887,205216.711,1948633.957
2025-03-27 19:00:00,241043.15,659960.514,558023.2559999999,415354.576,227709.523,2102091.019
2025-03-27 20:00:00,234047.82,624066.556,523412.182,402144.101,221902.05,2005572.709
2025-03-27 21:00:00,216198.876,553094.423,466339.291,368380.20900000003,202304.313,1806317.112
2025-03-27 22:00:00,190926.584,509503.942,410915.315,322049.335,177960.228,1611355.404
2025-03-27 23:00:00,177696.051,506677.559,359351.422,275833.105,154130.128,1473688.2650000001
2025-03-28 00:00:00,176731.782,560402.99,387049.62200000003,292852.359,153796.499,1570833.252
2025-03-28 01:00:00,149819.04200000002,449024.883,422988.959,251184.186,133551.354,1406568.424
2025-03-28 02:00:00,134524.84,393621.474,383119.98099999997,225381.761,121980.714,1258628.7699999998
2025-03-28 03:00:00,128697.284,363871.513,322655.778,214501.832,118752.782,1148479.1889999998
2025-03-28 04:00:00,127276.657,360231.329,308197.815,213446.872,118625.689,1127778.362
2025-03-28 05:00:00,134215.331,384201.629,323511.728,226741.883,127998.652,1196669.223
2025-03-28 06:00:00,157862.679,446804.715,376488.863,266375.95,150395.09100000001,1397927.298
2025-03-28 07:00:00,200084.34,539160.184,454122.76399999997,326521.747,183964.642,1703853.677
2025-03-28 08:00:00,215712.826,464422.675,369159.456,313488.526,170151.815,1532935.298
2025-03-28 09:00:00,219133.408,334917.496,245045.128,253969.535,128018.241,1181083.808
2025-03-28 10:00:00,223945.25,187041.386,108745.866,170102.744,106312.269,796147.515
2025-03-28 11:00:00,236340.036,104470.798,67728.93000000001,161845.904,103898.818,674284.486
2025-03-28 12:00:00,238603.746,49332.203,15488.944,138318.12099999998,93360.29000000001,535103.304
2025-03-28 13:00:00,241389.949,60254.65,13912.722,149538.979,83295.908,548392.208
2025-03-28 14:00:00,244209.74599999998,142213.454,14829.247,147828.751,75074.728,624155.9259999999
2025-03-28 15:00:00,262464.737,230199.925,128812.57,218689.503,138952.045,979118.7800000001
2025-03-28 16:00:00,282950.011,416987.509,320774.031,351063.988,199625.136,1571400.6749999998
2025-03-28 17:00:00,282545.5,545983.508,512709.49,450058.944,233126.94,2024424.382
2025-03-28 18:00:00,271250.468,632749.514,593787.558,484684.5,253210.35,2235682.3899999997
2025-03-28 19:00:00,263356.659,654413.156,594745.455,484814.975,256683.913,2254014.1580000003
2025-03-28 20:00:00,252182.25400000002,619805.373,553491.874,460454.935,245200.55000000002,2131134.986
2025-03-28 21:00:00,234955.852,563618.022,500777.469,419492.322,226250.571,1945094.236
2025-03-28 22:00:00,211361.187,533771.536,445982.623,370487.49,201037.823,1762640.6590000002
2025-03-28 23:00:00,199863.943,527993.525,390738.208,320864.987,176002.081,1615462.7440000002
2025-03-29 00:00:00,196562.195,581079.346,412378.912,329720.905,171205.762,1690947.12
2025-03-29 01:00:00,167030.551,464634.633,440166.353,279737.864,147251.29,1498820.691
2025-03-29 02:00:00,149354.288,401282.109,392623.7,249700.541,134088.128,1327048.766
2025-03-29 03:00:00,141982.022,369487.768,332025.289,235813.907,128952.687,1208261.673
2025-03-29 04:00:00,138903.236,359383.75,314558.898,230786.383,126796.481,1170428.748
2025-03-29 05:00:00,139128.036,368682.902,317922.114,232660.96,128931.314,1187325.326
2025-03-29 06:00:00,145866.842,394908.287,338283.551,244042.01,134873.169,1257973.859
2025-03-29 07:00:00,166284.95799999998,454242.082,393744.01300000004,278220.377,155062.55299999999,1447553.9830000002
2025-03-29 08:00:00,183082.838,465599.984,401476.903,314952.298,166312.02300000002,1531424.0459999999
2025-03-29 09:00:00,205047.695,433828.741,371666.191,330322.717,170282.54200000002,1511147.886
2025-03-29 10:00:00,216614.93,385850.794,351454.083,334401.238,175913.389,1464234.434
2025-03-29 11:00:00,219476.283,329517.241,344265.896,305964.427,171407.695,1370631.5420000001
2025-03-29 12:00:00,211890.589,252735.901,295804.728,240722.025,175391.134,1176544.377
2025-03-29 13:00:00,196489.018,194967.905,222025.815,201313.04499999998,124282.574,939078.3570000001
2025-03-29 14:00:00,205737.72,252406.49099999998,222053.544,253640.54,150215.068,1084053.3630000001
2025-03-29 15:00:00,208231.462,255662.151,289732.678,264245.96,171118.957,1188991.208
2025-03-29 16:00:00,203700.268,315608.014,320751.741,266156.065,164076.26499999998,1270292.353
2025-03-29 17:00:00,208834.799,417600.81299999997,400090.486,307816.343,176073.872,1510416.3129999998
2025-03-29 18:00:00,217251.26499999998,552883.699,480744.021,362133.756,200604.087,1813616.828
2025-03-29 19:00:00,220925.182,601761.185,511082.125,392043.053,214865.542,1940677.087
2025-03-29 20:00:00,214874.165,574054.137,481883.08900000004,376136.573,207537.638,1854485.6020000002
2025-03-29 21:00:00,203766.818,526553.44,445806.622,351985.255,194470.907,1722583.042
2025-03-29 22:00:00,187431.182,509428.563,410468.999,319496.65,178132.903,1604958.297
2025-03-29 23:00:00,181789.332,519418.011,373612.794,283341.683,159152.033,1517313.8530000001
2025-03-30 00:00:00,183944.994,581866.726,404652.255,304461.437,160477.205,1635402.617
2025-03-30 01:00:00,157884.775,468002.492,444572.361,261153.304,139937.798,1471550.73
2025-03-30 02:00:00,140347.25400000002,399708.977,402704.179,231385.3,126425.697,1300571.407
2025-03-30 03:00:00,132838.941,362677.02,336303.863,217949.336,120414.27,1170183.4300000002
2025-03-30 04:00:00,129033.346,347952.70399999997,313002.922,212479.40899999999,117436.147,1119904.528
2025-03-30 05:00:00,128737.854,354673.497,312362.859,214224.61599999998,118364.444,1128363.2699999998
2025-03-30 06:00:00,133806.017,377191.577,327027.554,224787.43600000002,123248.427,1186061.011
2025-03-30 07:00:00,148088.441,421494.218,375037.134,254229.006,138120.543,1336969.3420000002
2025-03-30 08:00:00,162993.402,381398.881,360211.412,273538.794,141098.284,1319240.773
2025-03-30 09:00:00,171295.903,276209.424,272018.114,233776.145,115400.14600000001,1068699.7319999998
2025-03-30 10:00:00,178652.599,161112.777,190554.14,185044.822,79267.88399999999,794632.222
2025-03-30 11:00:00,187120.352,58384.705,159086.043,180542.693,80955.913,666089.706
2025-03-30 12:00:00,194797.289,21484.378,141282.759,185824.026,105154.375,648542.8269999999
2025-03-30 13:00:00,178052.056,-15631.532,101769.342,123837.169,86222.934,474249.969
2025-03-30 14:00:00,179153.595,-45230.206,159402.129,154836.812,103578.243,551740.573
2025-03-30 15:00:00,188458.976,17861.618000000002,187440.685,174329.628,121302.454,689393.3609999999
2025-03-30 16:00:00,190807.893,153923.634,293518.673,208683.03,134122.107,981055.3369999999
2025-03-30 17:00:00,208905.36800000002,374397.223,445560.176,318469.803,181128.888,1528461.458
2025-03-30 18:00:00,228226.66700000002,589414.543,541587.0109999999,405119.467,218517.11,1982864.798
2025-03-30 19:00:00,231411.408,647517.156,551286.872,422083.181,227398.525,2079697.142
2025-03-30 20:00:00,222186.186,611340.406,516225.219,401752.804,218666.137,1970170.7519999999
2025-03-30 21:00:00,205830.663,548396.381,465026.911,367563.454,200744.14,1787561.549
2025-03-30 22:00:00,181420.29,509768.18200000003,406136.997,319821.186,176204.819,1593351.474
2025-03-30 23:00:00,170795.328,508050.82399999996,354691.002,273648.378,152211.166,1459396.698
2025-03-31 00:00:00,173344.892,570410.516,384035.26,293901.967,152771.802,1574464.437
2025-03-31 01:00:00,148643.915,469686.04099999997,432989.634,253230.228,134072.337,1438622.155
2025-03-31 02:00:00,132568.312,407961.749,397814.35,227023.305,122494.154,1287861.87
2025-03-31 03:00:00,126617.471,369787.906,331538.282,214665.491,117511.361,1160120.511
2025-03-31 04:00:00,125087.724,360551.34,310453.191,213082.36,118101.725,1127276.34
2025-03-31 05:00:00,131709.147,387187.135,324601.894,228740.691,126493.124,1198731.9910000002
2025-03-31 06:00:00,157914.39,452557.021,384608.376,276106.357,153590.043,1424776.1870000002
2025-03-31 07:00:00,203444.026,552074.25,479272.694,345426.571,190834.237,1771051.7780000002
2025-03-31 08:00:00,215078.957,471083.569,403665.328,337226.053,174896.328,1601950.235
2025-03-31 09:00:00,215828.247,304256.694,248785.883,249479.533,137708.75,1156059.1069999998
2025-03-31 10:00:00,205120.444,119145.844,105430.075,163386.39,79801.342,672884.095
2025-03-31 11:00:00,200958.283,-14059.021,40447.578,143240.912,53018.793,423606.545
2025-03-31 12:00:00,202892.021,-85506.88,-9508.806,159372.53,60491.657999999996,327740.523
2025-03-31 13:00:00,208224.218,-117209.318,1960.5059999999999,122836.024,51427.114,267238.544
2025-03-31 14:00:00,207743.725,-109067.064,8499.904,132838.628,68442.04,308457.233
2025-03-31 15:00:00,209615.506,-31701.235,39511.382,154107.523,85993.312,457526.488
2025-03-31 16:00:00,212700.418,105274.252,160264.423,204433.158,112236.57800000001,794908.8289999999
2025-03-31 17:00:00,224137.592,326618.059,347914.76,303055.241,158314.346,1360039.998
2025-03-31 18:00:00,239144.656,554702.5430000001,511887.30199999997,399849.092,213045.449,1918629.042
2025-03-31 19:00:00,239317.609,629547.718,545005.053,424080.475,227577.313,2065528.168
2025-03-31 20:00:00,228266.442,590885.273,510914.262,404737.197,219011.655,1953814.8290000001
2025-03-31 21:00:00,209249.946,525965.676,460395.227,369428.223,200133.66,1765172.7319999998
2025-03-31 22:00:00,182389.71,491686.079,402877.524,320507.065,174709.568,1572169.946
2025-03-31 23:00:00,170103.38,489608.688,349439.822,273331.603,150789.637,1433273.13
2025-04-01 00:00:00,170861.559,555560.7779999999,380649.025,292402.58,151056.22400000002,1550530.1659999997
2025-04-01 01:00:00,146242.901,453940.452,427114.881,251942.399,132343.812,1411584.4449999998
2025-04-01 02:00:00,130896.223,394781.542,389488.886,225826.211,121454.03099999999,1262446.893
2025-04-01 03:00:00,125184.75,364577.368,326558.346,214836.903,117566.922,1148724.2889999999
2025-04-01 04:00:00,124500.647,362177.308,308719.393,214223.61,118303.16,1127924.1179999998
2025-04-01 05:00:00,132155.786,392560.494,326251.286,231647.068,128559.27,1211173.904
2025-04-01 06:00:00,160211.396,456357.318,391803.363,281093.272,156912.715,1446378.064
2025-04-01 07:00:00,208998.38,562939.857,489321.657,351423.222,197428.115,1810111.231
2025-04-01 08:00:00,218966.319,447551.789,402407.81200000003,331476.107,179604.123,1580006.1500000001
2025-04-01 09:00:00,214725.555,254184.362,233731.183,244323.978,127872.98999999999,1074838.068
2025-04-01 10:00:00,205682.327,64438.892,71087.905,151001.377,73344.76,565555.261
2025-04-01 11:00:00,197221.876,-65885.41,-53632.635,77117.46,30196.6,185017.89099999997
2025-04-01 12:00:00,192474.459,-143934.755,-134121.785,21079.164,4616.731,-59886.186
2025-04-01 13:00:00,189421.171,-191762.473,-160309.459,8324.957999999999,-4696.151,-159021.95400000003
2025-04-01 14:00:00,189810.566,-182257.944,-129914.249,44758.934,-238.28299999999996,-77840.976
2025-04-01 15:00:00,211206.719,-71212.42,-18064.646,148569.877,26645.483,297145.013
2025-04-01 16:00:00,225917.236,134173.911,121634.438,184820.922,106232.259,772778.766
2025-04-01 17:00:00,230583.436,328883.213,313796.221,273551.718,162805.57,1309620.158
2025-04-01 18:00:00,236934.718,525450.326,487791.969,374599.963,207537.026,1832314.002
2025-04-01 19:00:00,237480.456,604414.814,531603.398,415067.512,223285.625,2011851.8050000002
2025-04-01 20:00:00,229172.076,580239.218,504485.279,400451.326,217176.13,1931524.029
2025-04-01 21:00:00,209807.88,514729.08400000003,455535.378,364067.016,196864.55299999999,1741003.911
2025-04-01 22:00:00,183297.067,474454.021,396321.173,316741.196,171860.585,1542674.042
2025-04-01 23:00:00,169890.522,474936.974,343084.233,271010.712,148504.977,1407427.418
2025-04-02 00:00:00,170615.952,543974.943,374573.212,289832.85,149384.028,1528380.9849999999
2025-04-02 01:00:00,145475.125,440608.727,420262.17,249700.34,130538.739,1386585.101
2025-04-02 02:00:00,130843.671,383657.849,384237.218,224876.951,120569.253,1244184.942
2025-04-02 03:00:00,125276.241,351863.424,321177.616,214254.707,116855.398,1129427.386
2025-04-02 04:00:00,124353.445,349014.134,306683.931,214543.085,117869.829,1112464.4239999999
2025-04-02 05:00:00,132271.769,377618.061,327885.127,232323.63199999998,127805.382,1197903.971
2025-04-02 06:00:00,160484.396,455163.526,397361.463,282355.7,156701.587,1452066.672
2025-04-02 07:00:00,209752.464,570720.158,503547.91599999997,354999.065,197682.622,1836702.225
2025-04-02 08:00:00,222623.743,455941.374,410772.092,341626.759,182639.906,1613603.8739999998
2025-04-02 09:00:00,218274.391,254145.642,230164.14,255888.212,131939.488,1090411.8730000001
2025-04-02 10:00:00,207799.862,58818.067,50336.936,165741.615,79376.137,562072.617
2025-04-02 11:00:00,203688.538,-81643.228,-89526.962,86705.087,41156.493,160379.928
2025-04-02 12:00:00,196859.554,-162779.564,-140697.694,34668.191,18406.777,-53542.736000000004
2025-04-02 13:00:00,194862.903,-177994.386,-170929.509,6745.973,16993.055,-130321.964
2025-04-02 14:00:00,196549.79,-149885.922,-114088.429,28863.742,40487.185,1926.366000000009
2025-04-02 15:00:00,201061.846,-73001.307,-53714.353,59426.282,45850.448000000004,179622.916
2025-04-02 16:00:00,215142.989,95980.004,85044.184,152967.388,94078.586,643213.1510000001
2025-04-02 17:00:00,232909.309,315713.59,302994.559,284458.912,164101.624,1300177.9940000002
2025-04-02 18:00:00,238800.965,537945.048,488398.864,389475.189,209531.171,1864151.2370000002
2025-04-02 19:00:00,239632.969,598944.34,525936.852,415407.861,225606.511,2005528.5329999998
2025-04-02 20:00:00,230201.99599999998,569218.846,496534.778,398041.756,217076.921,1911074.297
2025-04-02 21:00:00,211186.0,509446.178,446638.103,362949.146,197627.946,1727847.3730000001
2025-04-02 22:00:00,184709.544,472775.419,390813.612,316860.195,172507.995,1537666.7650000001
2025-04-02 23:00:00,172036.426,475588.321,340844.916,270852.54099999997,148716.143,1408038.3469999998
2025-04-03 00:00:00,172547.942,543618.914,372981.933,290048.099,149199.572,1528396.46
2025-04-03 01:00:00,146938.323,441044.037,418282.52,249648.299,129816.764,1385729.943
2025-04-03 02:00:00,131876.019,383913.433,382091.113,224553.13199999998,119542.669,1241976.3660000002
2025-04-03 03:00:00,126617.857,352776.441,321385.305,214935.255,116066.425,1131781.283
2025-04-03 04:00:00,125448.461,350079.893,306344.581,214596.501,116975.675,1113445.111
2025-04-03 05:00:00,132693.987,378269.83499999996,326413.397,231714.709,126676.539,1195768.467
2025-04-03 06:00:00,159721.402,453274.405,394722.865,280955.687,154916.191,1443590.5499999998
2025-04-03 07:00:00,207717.394,566519.105,502388.541,352887.94,196773.705,1826286.685
2025-04-03 08:00:00,222050.98500000002,478136.749,434269.228,345639.502,199294.674,1679391.1380000003
2025-04-03 09:00:00,226711.80599999998,303508.049,298362.934,293103.244,177312.09,1298998.123
2025-04-03 10:00:00,219416.789,140670.982,122778.913,223828.475,117725.287,824420.446
2025-04-03 11:00:00,211305.953,16766.588,4930.8279999999995,160963.547,82855.17,476822.08599999995
2025-04-03 12:00:00,211304.706,-24160.093,-56128.598,106592.741,55098.665,292707.421
2025-04-03 13:00:00,196769.801,-36599.86,-40521.577,46676.041,42663.19,208987.595
2025-04-03 14:00:00,195386.599,12650.504,-46117.667,48866.403,40223.155,251008.99399999998
2025-04-03 15:00:00,202334.451,110107.262,16517.412,141944.976,46978.644,517882.745
2025-04-03 16:00:00,214605.622,289257.956,126965.35,161422.136,127144.557,919395.6209999999
2025-04-03 17:00:00,233242.651,395562.42,344138.878,305374.103,197472.04,1475790.0920000002
2025-04-03 18:00:00,237195.449,556771.053,494644.908,386728.271,213097.802,1888437.483
2025-04-03 19:00:00,240028.181,614626.135,529646.081,417254.368,228366.016,2029920.781
2025-04-03 20:00:00,230560.778,589204.154,503284.697,403620.532,221190.954,1947861.115
2025-04-03 21:00:00,213343.707,530758.095,459597.48199999996,373142.391,203295.707,1780137.3819999998
2025-04-03 22:00:00,187769.961,494209.51,405170.626,327942.00800000003,179119.446,1594211.551
2025-04-03 23:00:00,175319.989,491368.378,352068.189,278703.499,154640.276,1452100.3310000002
2025-04-04 00:00:00,174376.388,553899.932,380250.16500000004,295987.27,154116.155,1558629.9100000001
2025-04-04 01:00:00,148152.725,449499.565,422510.238,253577.283,134239.363,1407979.174
2025-04-04 02:00:00,132062.434,387920.648,384983.646,227363.088,123413.484,1255743.2999999998
2025-04-04 03:00:00,126690.131,354906.673,322387.678,217022.003,119671.062,1140677.547
2025-04-04 04:00:00,125869.801,350191.347,305482.086,216008.796,120549.274,1118101.304
2025-04-04 05:00:00,133077.432,380559.83999999997,324103.878,231431.517,131036.388,1200209.055
2025-04-04 06:00:00,158617.051,458945.44,385649.191,279530.42,158757.888,1441499.99
2025-04-04 07:00:00,206378.615,583381.6240000001,486265.295,355774.743,203052.356,1834852.633
2025-04-04 08:00:00,228312.499,522135.978,438257.799,369726.426,210528.12900000002,1768960.831
2025-04-04 09:00:00,237163.62099999998,395166.994,325999.401,325747.953,198462.96,1482540.929
2025-04-04 10:00:00,239702.713,245092.074,173963.833,273863.854,169163.9,1101786.374
2025-04-04 11:00:00,241100.977,130309.59,74209.478,224113.429,150060.012,819793.486
2025-04-04 12:00:00,244087.38,104667.571,26794.040999999997,217456.976,145864.405,738870.373
2025-04-04 13:00:00,228235.687,69742.24,9842.497,199257.894,119289.459,626367.777
2025-04-04 14:00:00,221897.698,69445.363,20183.904,200221.975,110612.708,622361.6479999999
2025-04-04 15:00:00,220113.638,119229.054,78606.074,232255.425,134823.126,785027.317
2025-04-04 16:00:00,223460.877,232046.299,249766.763,287850.743,151869.059,1144993.741
2025-04-04 17:00:00,228994.441,372418.773,397983.388,359326.226,175337.34100000001,1534060.169
2025-04-04 18:00:00,236087.264,552954.956,507317.415,412448.651,215060.003,1923868.289
2025-04-04 19:00:00,239161.14500000002,613378.835,539196.539,428307.059,233886.636,2053930.2139999997
2025-04-04 20:00:00,229637.392,592306.753,516258.075,411188.779,227564.707,1976955.706
2025-04-04 21:00:00,214132.33000000002,548569.696,476964.28,381853.776,212137.954,1833658.036
2025-04-04 22:00:00,192617.062,523953.23699999996,428057.838,341912.723,191091.43600000002,1677632.2959999999
2025-04-04 23:00:00,181742.567,524162.01399999997,377493.249,296292.058,166845.695,1546535.583
2025-04-05 00:00:00,182192.526,590711.914,407027.9,312746.173,164232.727,1656911.2399999998
2025-04-05 01:00:00,156045.212,485988.299,447444.165,268882.159,142935.582,1501295.417
2025-04-05 02:00:00,138417.044,420611.37200000003,410696.95900000003,240233.03399999999,129569.138,1339527.547
2025-04-05 03:00:00,130947.346,377841.687,346336.88800000004,226639.535,124412.312,1206177.768
2025-04-05 04:00:00,128045.842,364356.588,324176.021,221419.149,121385.409,1159383.009
2025-04-05 05:00:00,129956.48,373227.198,327239.88,226887.59,124822.469,1182133.617
2025-04-05 06:00:00,139678.977,415690.797,358545.946,249397.646,137328.517,1300641.883
2025-04-05 07:00:00,162478.29499999998,498283.799,429827.845,298152.767,165215.995,1553958.701
2025-04-05 08:00:00,183022.72,459207.61100000003,414896.37,336001.817,173749.672,1566878.1900000002
2025-04-05 09:00:00,195155.389,293432.388,301300.6,306105.326,149773.09,1245766.793
2025-04-05 10:00:00,189658.342,105869.77,166582.86,243451.234,87986.366,793548.572
2025-04-05 11:00:00,180144.755,-36282.203,70624.976,141043.823,51989.424,407520.775
2025-04-05 12:00:00,168478.939,-137779.101,-4117.351000000001,112956.511,10994.782,150533.78000000003
2025-04-05 13:00:00,159016.057,-194066.961,-82570.32,53633.595,-10387.593,-74375.22200000001
2025-04-05 14:00:00,156099.355,-198376.842,-116104.667,26291.186999999998,-10175.292,-142266.259
2025-04-05 15:00:00,160306.37099999998,-127011.329,-72890.53,43566.032,12753.16,16723.703999999994
2025-04-05 16:00:00,174034.881,24772.912,58962.88,130410.739,60238.818,448420.23
2025-04-05 17:00:00,196208.386,253573.58000000002,287499.29,258769.256,128299.297,1124349.8090000001
2025-04-05 18:00:00,216204.155,502747.114,485107.385,372560.444,193044.709,1769663.807
2025-04-05 19:00:00,224271.68,597977.81,542377.54,412677.608,216581.905,1993886.543
2025-04-05 20:00:00,220888.506,591503.247,528588.26,407349.315,216225.716,1964555.044
2025-04-05 21:00:00,209768.674,556482.379,497000.45,386084.086,205894.988,1855230.577
2025-04-05 22:00:00,191707.467,535587.497,452479.479,351930.735,189289.97,1720995.148
2025-04-05 23:00:00,184334.587,538763.633,401468.344,309508.784,169571.423,1603646.771
2025-04-06 00:00:00,186408.41,601386.703,424436.278,325681.406,170546.179,1708458.976
2025-04-06 01:00:00,161465.906,502875.392,466719.512,281570.863,149857.43099999998,1562489.1039999998
2025-04-06 02:00:00,142805.454,440345.48099999997,431170.608,252533.433,135513.323,1402368.2989999999
2025-04-06 03:00:00,134237.8,397721.577,362392.908,236746.033,128209.826,1259308.1439999999
2025-04-06 04:00:00,129763.701,381895.732,336241.022,230285.428,125962.804,1204148.687
2025-04-06 05:00:00,129594.536,384033.788,332128.6,231770.019,127040.026,1204566.969
2025-04-06 06:00:00,134216.608,408945.925,355274.873,245498.01,134369.49,1278304.9060000002
2025-04-06 07:00:00,149402.31,475043.392,421243.779,281248.034,154544.592,1481482.107
2025-04-06 08:00:00,172622.268,521928.868,445911.387,340879.047,183550.649,1664892.219
2025-04-06 09:00:00,195791.66,479682.273,409508.624,345599.836,200315.393,1630897.7859999998
2025-04-06 10:00:00,188333.62900000002,312464.486,217379.142,208863.693,144064.001,1071104.951
2025-04-06 11:00:00,183758.967,158183.43300000002,54556.334,160513.936,79190.922,636203.5920000001
2025-04-06 12:00:00,182742.24,148021.24,-16460.002,145138.459,75547.656,534989.593
2025-04-06 13:00:00,186188.652,92114.686,44478.83,177335.004,101652.41100000001,601769.583
2025-04-06 14:00:00,184276.737,84554.625,97746.366,147470.752,78910.327,592958.8069999999
2025-04-06 15:00:00,184336.38,188555.997,152958.821,246046.509,80687.737,852585.4439999999
2025-04-06 16:00:00,199000.787,300125.546,325623.583,301403.435,139874.52,1266027.8709999998
2025-04-06 17:00:00,217623.763,442962.579,470465.968,383052.767,203584.602,1717689.679
2025-04-06 18:00:00,234057.282,631387.819,583821.016,430980.095,234838.428,2115084.6399999997
2025-04-06 19:00:00,255860.349,705003.528,632409.537,484335.115,257058.654,2334667.183
2025-04-06 20:00:00,245227.685,653517.827,585003.537,456524.14,243121.102,2183394.291
2025-04-06 21:00:00,229252.33299999998,595800.439,528663.874,421194.594,225789.307,2000700.5469999998
2025-04-06 22:00:00,209384.974,564467.495,476658.073,380643.349,205577.495,1836731.386
2025-04-06 23:00:00,194434.32200000001,557194.534,408454.639,327151.145,178440.762,1665675.4020000002
2025-04-07 00:00:00,190167.506,608298.175,418961.44299999997,328148.534,170912.044,1716487.702
2025-04-07 01:00:00,161699.642,502128.463,463254.228,280541.272,149094.693,1556718.298
2025-04-07 02:00:00,141110.125,425906.539,426886.509,246167.772,132295.463,1372366.408
2025-04-07 03:00:00,131461.348,377553.153,357626.474,229298.538,124277.263,1220216.776
2025-04-07 04:00:00,127391.84599999999,357391.339,326704.724,221251.138,120973.338,1153712.385
2025-04-07 05:00:00,128255.828,361957.021,321655.283,224352.919,123011.821,1159232.872
2025-04-07 06:00:00,138720.868,399945.585,352401.234,247299.637,135151.353,1273518.6770000001
2025-04-07 07:00:00,172216.044,488293.789,430468.406,300449.454,167588.94199999998,1559016.635
2025-04-07 08:00:00,210019.626,493636.366,447216.323,356916.871,196817.366,1704606.5519999997
2025-04-07 09:00:00,227211.917,392064.228,391323.145,350245.15,175219.77,1536064.21
2025-04-07 10:00:00,228931.057,262644.558,271838.156,312652.129,135350.699,1211416.599
2025-04-07 11:00:00,235689.519,185245.774,223974.967,276213.51900000003,124948.336,1046072.1150000001
2025-04-07 12:00:00,223791.23799999998,131626.901,140871.881,220992.077,122075.474,839357.5710000001
2025-04-07 13:00:00,230070.582,113768.888,142613.912,219131.104,121038.965,826623.451
2025-04-07 14:00:00,215422.24599999998,149850.95799999998,114885.407,180339.839,140489.763,800988.213
2025-04-07 15:00:00,225711.486,218713.364,158344.376,193509.11,160291.403,956569.7389999998
2025-04-07 16:00:00,219990.471,288956.999,214131.64,208991.903,174905.366,1106976.379
2025-04-07 17:00:00,228864.008,428604.329,364553.404,296748.531,194492.771,1513263.0429999998
2025-04-07 18:00:00,252159.146,628856.154,575674.402,438339.668,245414.744,2140444.114
2025-04-07 19:00:00,273354.349,730635.44,658238.347,506106.04000000004,270800.675,2439134.851
2025-04-07 20:00:00,262404.798,685222.949,612152.407,480344.164,259489.96600000001,2299614.284
2025-04-07 21:00:00,241651.783,621422.698,553490.393,440049.21400000004,238286.127,2094900.215
2025-04-07 22:00:00,219318.36000000002,588594.433,495521.221,394663.194,213860.86000000002,1911958.0680000002
2025-04-07 23:00:00,200917.065,572351.391,422727.108,336723.885,182240.716,1714960.165
2025-04-08 00:00:00,192946.084,621804.618,424060.163,332017.43200000003,172052.513,1742880.81
2025-04-08 01:00:00,161616.332,512174.337,463526.58,279714.868,146704.935,1563737.0520000001
2025-04-08 02:00:00,139699.066,436891.38300000003,422884.324,244500.06900000002,131466.92799999999,1375441.7700000003
2025-04-08 03:00:00,130875.872,390059.455,350919.217,227567.539,124446.288,1223868.371
2025-04-08 04:00:00,127449.386,372163.605,319723.12,220306.09,122296.644,1161938.845
2025-04-08 05:00:00,128591.117,377659.24,315942.733,224637.63999999998,125441.02,1172271.75
2025-04-08 06:00:00,140309.94,421668.648,348392.851,249113.439,139352.56,1298837.438
2025-04-08 07:00:00,175003.093,514455.007,429659.80799999996,301181.289,171528.485,1591827.682
2025-04-08 08:00:00,214729.717,502148.999,439917.038,364324.278,191010.486,1712130.518
2025-04-08 09:00:00,232854.663,363008.36699999997,349801.882,371270.35,165678.177,1482613.439
2025-04-08 10:00:00,239341.93,241351.635,217928.636,330112.50800000003,152865.818,1181600.527
2025-04-08 11:00:00,246005.208,161646.646,118377.633,300752.249,156112.769,982894.5050000001
2025-04-08 12:00:00,245139.041,96178.986,100573.217,282039.254,131278.959,855209.4569999999
2025-04-08 13:00:00,228262.556,59166.449,38210.342000000004,217682.444,100919.129,644240.9199999999
2025-04-08 14:00:00,226692.967,33831.43,34589.323,210098.91999999998,91320.743,596533.3829999999
2025-04-08 15:00:00,206820.11299999998,52531.442,50271.873999999996,163593.386,61775.782999999996,534992.598
2025-04-08 16:00:00,207613.582,137850.75400000002,148244.25699999998,194488.399,85319.404,773516.396
2025-04-08 17:00:00,220843.993,330258.979,326140.804,280506.092,142651.445,1300401.313
2025-04-08 18:00:00,243836.69999999998,585944.355,528458.466,401870.489,215330.112,1975440.122
2025-04-08 19:00:00,267033.864,709124.345,615135.885,482740.44,256574.859,2330609.393
2025-04-08 20:00:00,262848.251,685407.384,584471.669,471332.025,254569.596,2258628.9250000003
2025-04-08 21:00:00,246874.217,630566.28,534550.313,439634.173,239312.628,2090937.611
2025-04-08 22:00:00,224514.904,595648.746,482538.293,399183.239,217643.435,1919528.617
2025-04-08 23:00:00,205965.929,580321.429,416671.45,343591.326,189236.221,1735786.3549999997
2025-04-09 00:00:00,197289.702,626871.438,423157.866,341024.54,179997.58,1768341.126
2025-04-09 01:00:00,165032.294,516980.77999999997,463673.664,289995.285,153905.525,1589587.548
2025-04-09 02:00:00,143555.05,441307.039,422840.438,254183.08599999998,136891.653,1398777.2659999998
2025-04-09 03:00:00,134045.621,393447.729,352410.80700000003,236766.725,129285.272,1245956.154
2025-04-09 04:00:00,130393.939,375059.291,323352.827,230159.976,127275.705,1186241.7380000001
2025-04-09 05:00:00,132209.837,382674.75800000003,322110.165,235956.706,130718.13,1203669.596
2025-04-09 06:00:00,144687.785,428862.66000000003,358101.387,264218.792,146249.614,1342120.2380000001
2025-04-09 07:00:00,180025.505,524390.26,443100.252,324777.281,181658.391,1653951.689
2025-04-09 08:00:00,220179.83000000002,518686.092,441442.931,376579.838,203175.73500000002,1760064.4260000002
2025-04-09 09:00:00,233722.1,361003.636,307034.352,321614.171,167015.446,1390389.705
2025-04-09 10:00:00,223678.941,150096.736,124731.69,219228.09399999998,111526.531,829261.9919999999
2025-04-09 11:00:00,210903.701,-12354.421,-32819.485,133033.007,59845.846,358608.64800000004
2025-04-09 12:00:00,200707.578,-103080.926,-138197.803,55449.767,28083.11,42961.72599999998
2025-04-09 13:00:00,198538.357,-124681.422,-174639.69,35906.623999999996,17030.221,-47845.91000000002
2025-04-09 14:00:00,198502.082,-75467.434,-142000.315,43261.072,23087.621,47383.026
2025-04-09 15:00:00,203927.039,56877.451,-64318.202,82902.332,51571.844,330960.464
2025-04-09 16:00:00,212342.022,256918.853,101449.022,188716.595,106774.576,866201.068
2025-04-09 17:00:00,228688.211,439624.03500000003,348393.434,310427.567,166930.357,1494063.604
2025-04-09 18:00:00,244938.123,611690.767,516876.045,411686.184,216206.168,2001397.287
2025-04-09 19:00:00,260996.967,687160.447,588468.368,463789.522,245500.91700000002,2245916.2210000004
2025-04-09 20:00:00,252830.442,648351.687,553052.872,443842.658,239466.058,2137543.717
2025-04-09 21:00:00,236807.346,594674.304,506198.043,413596.088,222370.064,1973645.845
2025-04-09 22:00:00,216272.905,563916.621,461002.067,375419.695,202505.981,1819117.269
2025-04-09 23:00:00,200188.703,556328.446,401656.545,324336.203,177032.112,1659542.0089999998
2025-04-10 00:00:00,193014.65600000002,604330.7339999999,411701.038,325233.831,169688.959,1703969.2179999999
2025-04-10 01:00:00,162362.825,491621.192,451575.044,275927.401,145528.098,1527014.56
2025-04-10 02:00:00,140210.843,418862.44299999997,409859.494,241450.43,129627.57800000001,1340010.788
2025-04-10 03:00:00,129718.457,371584.536,340087.904,224585.874,121925.536,1187902.3070000003
2025-04-10 04:00:00,125677.201,351983.095,310490.394,216410.527,119118.138,1123679.355
2025-04-10 05:00:00,126232.045,354364.513,306564.436,218935.059,120652.402,1126748.455
2025-04-10 06:00:00,136119.434,389322.97000000003,334609.186,239532.584,131478.504,1231062.678
2025-04-10 07:00:00,165667.029,464549.826,404890.914,284344.836,159024.387,1478476.992
2025-04-10 08:00:00,202458.237,459416.30700000003,412338.86100000003,333361.328,175296.2,1582870.933
2025-04-10 09:00:00,210902.33299999998,314852.357,328972.52,282864.96499999997,157119.121,1294711.2959999999
2025-04-10 10:00:00,209910.609,118827.955,151169.26799999998,200205.527,96006.196,776119.5549999999
2025-04-10 11:00:00,201969.65,-34985.672,-30333.538,97077.265,48666.539,282394.244
2025-04-10 12:00:00,199504.596,-118193.103,-123292.654,44336.338,25075.198,27430.374999999996
2025-04-10 13:00:00,202652.752,-142423.854,-163874.786,31549.637,19462.868,-52633.38299999997
2025-04-10 14:00:00,207930.677,-108890.637,-140313.606,49620.22,30748.891,39095.54500000001
2025-04-10 15:00:00,217067.224,-7636.071,-47103.297,102984.382,61911.121,327223.35899999994
2025-04-10 16:00:00,228148.092,159971.926,108770.67,193394.642,110812.605,801097.935
2025-04-10 17:00:00,242174.712,362677.803,339502.646,330101.835,178415.866,1452872.862
2025-04-10 18:00:00,246431.087,570988.001,505919.051,395708.08,217300.336,1936346.5550000002
2025-04-10 19:00:00,251472.813,650633.872,565798.304,438351.3,237623.929,2143880.218
2025-04-10 20:00:00,243488.28,616322.463,532750.121,422183.733,230251.81699999998,2044996.414
2025-04-10 21:00:00,226728.47100000002,560105.074,489156.523,391013.066,213800.361,1880803.495
2025-04-10 22:00:00,209337.362,536985.622,450490.096,358781.304,195650.364,1751244.7480000001
2025-04-10 23:00:00,197464.961,537256.175,398297.239,315150.167,173611.579,1621780.121
2025-04-11 00:00:00,192282.063,583491.568,409408.82,318485.647,168103.171,1671771.269
2025-04-11 01:00:00,160800.515,469199.608,444205.506,269779.516,144095.769,1488080.914
2025-04-11 02:00:00,140170.249,402754.47,402404.521,235692.024,128413.231,1309434.4949999999
2025-04-11 03:00:00,130216.175,359913.908,333179.638,219176.444,120546.071,1163032.236
2025-04-11 04:00:00,125658.848,343657.731,304857.069,211626.04,117313.146,1103112.834
2025-04-11 05:00:00,125681.306,343993.686,299007.302,212225.05299999999,118091.175,1098998.5219999999
2025-04-11 06:00:00,133515.207,371326.202,323348.447,227882.51499999998,125967.449,1182039.82
2025-04-11 07:00:00,158594.26,434667.768,382689.67,262990.213,146589.709,1385531.6199999999
2025-04-11 08:00:00,188320.134,425687.662,382915.6,302746.078,158759.661,1458429.135
2025-04-11 09:00:00,210242.816,319710.033,302517.465,300397.8,142955.898,1275824.012
2025-04-11 10:00:00,219784.134,216222.245,206798.444,274569.537,126997.674,1044372.034
2025-04-11 11:00:00,221882.27,114279.32,86678.239,230214.298,102139.967,755194.094
2025-04-11 12:00:00,215035.87,17060.948,7612.014,166497.31,68369.853,474575.99500000005
2025-04-11 13:00:00,215869.59600000002,-20040.545,-8824.238,143800.324,61176.283,391981.42
2025-04-11 14:00:00,208631.809,-60817.242999999995,-20012.736,113140.022,49469.768,290411.62
2025-04-11 15:00:00,212928.734,8524.023000000001,44602.356,147369.304,60693.423,474117.84
2025-04-11 16:00:00,219567.251,143657.579,147547.105,188188.036,101872.802,800832.7729999999
2025-04-11 17:00:00,229646.283,353841.799,323968.096,281545.792,153746.565,1342748.535
2025-04-11 18:00:00,237442.679,562423.767,497320.88899999997,380340.659,204370.908,1881898.902
2025-04-11 19:00:00,240151.47,629369.893,551200.548,422221.182,223240.723,2066183.8159999999
2025-04-11 20:00:00,230399.091,594791.953,520801.964,406759.831,216281.091,1969033.93
2025-04-11 21:00:00,216593.97400000002,550325.847,481711.033,381166.185,202847.76799999998,1832644.807
2025-04-11 22:00:00,202280.77899999998,537910.422,450268.115,353726.817,189963.266,1734149.399
2025-04-11 23:00:00,196243.87,544499.662,405534.0,317114.147,172955.12,1636346.799
2025-04-12 00:00:00,194307.153,596089.845,421933.289,327273.083,170679.368,1710282.7379999997
2025-04-12 01:00:00,163829.131,482790.75800000003,458446.329,278181.94,146373.172,1529621.3299999998
2025-04-12 02:00:00,142686.649,412408.879,412400.30700000003,242718.714,130475.782,1340690.3310000002
2025-04-12 03:00:00,132523.10199999998,370621.032,341707.09,225336.863,122670.475,1192858.5620000002
2025-04-12 04:00:00,127246.015,350126.88,311073.085,216562.616,119100.429,1124109.0250000001
2025-04-12 05:00:00,125450.64600000001,346032.362,301743.388,214852.101,117445.824,1105524.321
2025-04-12 06:00:00,128404.92599999999,365332.643,315087.76,223176.682,122463.335,1154465.346
2025-04-12 07:00:00,138908.684,411292.81200000003,355390.819,244737.50400000002,134343.223,1284673.0420000001
2025-04-12 08:00:00,154663.738,394020.894,342415.996,267916.841,138952.691,1297970.1600000001
2025-04-12 09:00:00,166921.767,265328.392,237540.06399999998,231316.139,113966.711,1015073.073
2025-04-12 10:00:00,172229.772,113488.32,87541.479,162232.663,77308.741,612800.9750000001
2025-04-12 11:00:00,171321.12,-26920.938000000002,-49759.603,90557.749,40280.107,225478.435
2025-04-12 12:00:00,170638.297,-105748.527,-129315.582,45876.221,19077.234,527.6429999999855
2025-04-12 13:00:00,174293.969,-116528.559,-144528.255,38609.552,18968.023999999998,-29185.26899999998
2025-04-12 14:00:00,181244.682,-73548.974,-97515.947,66765.006,40209.559,117154.32599999997
2025-04-12 15:00:00,193810.722,29418.636,12910.703000000001,130717.579,84462.065,451319.705
2025-04-12 16:00:00,208035.03900000002,203361.36,193802.681,227117.234,135778.581,968094.8949999999
2025-04-12 17:00:00,223205.909,417136.362,388931.527,338054.024,190475.121,1557802.9430000002
2025-04-12 18:00:00,232706.286,613649.707,542995.574,418661.30700000003,227901.47,2035914.344
2025-04-12 19:00:00,237220.535,657756.581,576227.982,441187.059,237950.765,2150342.9220000003
2025-04-12 20:00:00,227306.79499999998,603602.337,528230.69,410532.574,222558.601,1992230.997
2025-04-12 21:00:00,213713.72999999998,548236.635,480363.262,377144.439,204620.033,1824078.0990000002
2025-04-12 22:00:00,200719.596,533743.143,445152.466,347708.46,190586.775,1717910.44
2025-04-12 23:00:00,196490.49,542060.077,402192.294,313666.873,172745.4,1627155.1339999998
2025-04-13 00:00:00,196358.705,589462.673,418253.027,324721.337,170538.288,1699334.0299999998
2025-04-13 01:00:00,168450.37099999998,478386.145,454279.841,278016.56,148648.639,1527781.556
2025-04-13 02:00:00,147335.065,412038.266,409748.73,242912.184,132445.876,1344480.121
2025-04-13 03:00:00,135674.907,367244.903,337989.421,223816.038,123155.284,1187880.5529999998
2025-04-13 04:00:00,129704.83499999999,348674.742,306385.998,213555.277,119193.433,1117514.2850000001
2025-04-13 05:00:00,127143.251,345966.613,294326.496,209361.673,116565.081,1093363.114
2025-04-13 06:00:00,128077.945,357060.477,300345.743,212047.226,118167.606,1115698.997
2025-04-13 07:00:00,134306.175,389433.739,329094.552,224242.516,124641.318,1201718.2999999998
2025-04-13 08:00:00,144003.356,363606.815,310304.677,233603.54499999998,123317.218,1174835.611
2025-04-13 09:00:00,157388.196,252049.987,213570.119,214305.371,109109.43,946423.1029999999
2025-04-13 10:00:00,168107.687,127429.312,116560.614,168825.526,71621.007,652544.146
2025-04-13 11:00:00,172382.135,31686.849,-14063.991,114750.34700000001,46201.033,350956.373
2025-04-13 12:00:00,182039.78399999999,-31520.042,-71202.70999999999,86982.823,41597.699,207897.55399999997
2025-04-13 13:00:00,195923.64,-15893.292,-51841.37,119284.025,59851.916,307324.919
2025-04-13 14:00:00,211594.112,90878.052,33049.893,177363.655,98930.408,611816.12
2025-04-13 15:00:00,226932.765,226669.342,172113.658,292249.17100000003,149575.36,1067540.296
2025-04-13 16:00:00,240617.249,391922.04000000004,352113.756,396892.877,204369.934,1585915.8560000001
2025-04-13 17:00:00,250172.687,566305.147,518833.316,456519.761,259776.554,2051607.4649999999
2025-04-13 18:00:00,256678.28,711963.625,625323.02,503623.575,276834.976,2374423.476
2025-04-13 19:00:00,268177.81,739655.748,646839.165,521792.707,286783.462,2463248.8919999995
2025-04-13 20:00:00,256766.277,664759.979,581611.12,479803.53500000003,267020.79,2249961.7010000004
2025-04-13 21:00:00,239730.70500000002,591605.506,521592.062,433985.983,242788.451,2029702.707
2025-04-13 22:00:00,220062.607,557289.457,470306.73,388789.515,218460.579,1854908.8879999998
2025-04-13 23:00:00,206516.893,550813.022,412549.069,337384.744,189651.422,1696915.1500000001
2025-04-14 00:00:00,200782.681,589713.787,421329.325,337656.254,181161.74300000002,1730643.79
2025-04-14 01:00:00,169508.981,476220.473,453229.31799999997,285489.244,154990.85,1539438.8660000002
2025-04-14 02:00:00,148564.415,406836.223,408210.743,250379.294,137408.679,1351399.354
2025-04-14 03:00:00,139706.854,365465.774,338794.353,232786.61800000002,128938.756,1205692.355
2025-04-14 04:00:00,135095.275,346507.965,310447.348,223747.90099999998,124667.919,1140466.4079999998
2025-04-14 05:00:00,134652.88,346948.975,304290.102,222366.415,124639.174,1132897.546
2025-04-14 06:00:00,142110.755,371635.306,323916.355,234214.447,131643.776,1203520.639
2025-04-14 07:00:00,167385.978,430394.454,377548.613,267652.132,153698.102,1396679.279
2025-04-14 08:00:00,199655.718,430566.475,395293.208,312472.28,175734.692,1513722.373
2025-04-14 09:00:00,221832.436,343526.746,353015.776,303659.899,182537.096,1404571.953
2025-04-14 10:00:00,225352.298,234701.363,248845.297,245684.25400000002,163762.863,1118346.0750000002
2025-04-14 11:00:00,228183.73,165645.006,139595.403,181899.37099999998,150344.833,865668.343
2025-04-14 12:00:00,216252.42,95254.355,72033.486,132095.511,119811.198,635446.97
2025-04-14 13:00:00,223893.93300000002,55314.482,64064.521,146101.609,98878.02900000001,588252.574
2025-04-14 14:00:00,224025.573,54821.557,53794.545,135217.358,76260.052,544119.085
2025-04-14 15:00:00,222092.002,78473.158,99052.859,142200.596,80173.848,621992.463
2025-04-14 16:00:00,227689.21899999998,238971.345,242857.99099999998,209381.795,129487.422,1048387.7720000001
2025-04-14 17:00:00,236332.899,399552.709,396476.091,313190.483,161146.09399999998,1506698.276
2025-04-14 18:00:00,248612.581,614231.353,557464.062,415629.637,222246.74,2058184.373
2025-04-14 19:00:00,256419.267,684436.676,602356.067,455367.443,242961.168,2241540.621
2025-04-14 20:00:00,243323.532,630385.505,550749.602,425110.384,230148.704,2079717.727
2025-04-14 21:00:00,224630.604,568127.8859999999,500623.587,389294.892,213081.64800000002,1895758.617
2025-04-14 22:00:00,206211.502,539251.004,455716.055,353736.885,194188.377,1749103.8229999999
2025-04-14 23:00:00,193602.647,538730.999,401840.653,308597.794,170575.044,1613347.1369999999
2025-04-15 00:00:00,188143.077,588386.585,415795.419,314154.872,166039.46600000001,1672519.419
2025-04-15 01:00:00,157257.122,472489.178,455454.382,266126.02,141820.704,1493147.406
2025-04-15 02:00:00,138142.59100000001,404917.52,412659.783,233141.787,126715.125,1315576.806
2025-04-15 03:00:00,129492.76699999999,364983.576,341253.18200000003,217367.946,119454.254,1172551.7249999999
2025-04-15 04:00:00,125818.511,346955.737,314005.148,210250.908,116899.207,1113929.511
2025-04-15 05:00:00,125979.634,348808.785,309226.316,212183.555,117887.217,1114085.507
2025-04-15 06:00:00,134590.137,378568.153,334301.567,228765.783,127826.83499999999,1204052.4749999999
2025-04-15 07:00:00,161116.48,439702.705,390931.422,266798.566,152111.505,1410660.6779999998
2025-04-15 08:00:00,194321.814,429092.346,381279.03500000003,309345.148,173099.494,1487137.8369999998
2025-04-15 09:00:00,208998.112,328719.48099999997,282817.963,285641.083,164168.45799999998,1270345.097
2025-04-15 10:00:00,210451.065,146710.233,124858.897,221186.586,108662.978,811869.7590000001
2025-04-15 11:00:00,201883.937,6563.536,-28321.093,105142.676,58175.104999999996,343444.16099999996
2025-04-15 12:00:00,202824.844,-80697.138,-106958.88,73184.557,38574.051,126927.43400000001
2025-04-15 13:00:00,207551.441,-101463.866,-129912.137,55033.673,27527.96,58737.07099999999
2025-04-15 14:00:00,217224.222,-58264.404,-93913.195,73960.33899999999,42048.826,181055.788
2025-04-15 15:00:00,230506.406,45287.486999999994,-492.78600000000006,130656.95,76811.05,482769.10699999996
2025-04-15 16:00:00,244292.523,224097.432,155516.849,220248.271,127168.097,971323.1719999999
2025-04-15 17:00:00,255473.19199999998,453347.172,359867.041,325104.152,184741.965,1578533.522
2025-04-15 18:00:00,259105.07200000001,644874.297,548199.648,419814.148,236532.954,2108526.119
2025-04-15 19:00:00,260631.703,688831.255,598914.116,453093.117,249561.378,2251031.569
2025-04-15 20:00:00,247614.097,633398.596,549438.333,423487.731,235546.569,2089485.3260000001
2025-04-15 21:00:00,229669.655,568468.213,496052.208,388720.25,215551.15399999998,1898461.48
2025-04-15 22:00:00,210867.348,541495.526,451109.86600000004,353574.747,195624.087,1752671.5739999998
2025-04-15 23:00:00,198646.209,536568.434,400334.607,308902.472,171877.869,1616329.591
2025-04-16 00:00:00,192327.881,583907.0920000001,413067.447,313474.874,166890.046,1669667.34
2025-04-16 01:00:00,161193.613,468620.63300000003,450837.101,265960.456,142892.823,1489504.6260000002
2025-04-16 02:00:00,140588.883,401355.148,407931.505,232797.901,127747.64,1310421.0769999998
2025-04-16 03:00:00,131548.863,358551.149,339007.4,217427.879,120650.64,1167185.9309999999
2025-04-16 04:00:00,127692.199,341366.005,309045.316,210423.209,117499.288,1106026.017
2025-04-16 05:00:00,127743.612,341463.544,303071.571,211259.89,118328.991,1101867.608
2025-04-16 06:00:00,136024.696,371393.592,327883.253,227693.979,127201.325,1190196.845
2025-04-16 07:00:00,161434.803,432192.007,387246.45,262512.319,148670.407,1392055.986
2025-04-16 08:00:00,192228.579,435288.725,389176.186,298465.428,157795.299,1472954.2170000002
2025-04-16 09:00:00,211971.218,369530.718,266916.478,247413.531,160088.176,1255920.1209999998
2025-04-16 10:00:00,216125.538,258324.175,130065.80900000001,246538.046,138086.491,989140.059
2025-04-16 11:00:00,226912.694,131748.43,54677.048,217030.63199999998,122024.371,752393.1749999999
2025-04-16 12:00:00,227241.957,77830.716,26417.191,217465.029,105409.617,654364.51
2025-04-16 13:00:00,213166.427,73509.773,111379.43,163057.652,66343.775,627457.057
2025-04-16 14:00:00,220548.95799999998,78877.995,40464.795,115753.063,65575.716,521220.52699999994
2025-04-16 15:00:00,236741.16,190460.142,56260.503,183902.29,104460.62299999999,771824.7180000001
2025-04-16 16:00:00,249571.233,298535.029,191505.247,259576.13999999998,135676.28399999999,1134863.933
2025-04-16 17:00:00,253666.72,479215.68,375116.801,339369.36699999997,186996.106,1634364.6739999999
2025-04-16 18:00:00,257063.418,637628.59,533291.747,415121.309,227372.675,2070477.7389999998
2025-04-16 19:00:00,260359.677,686089.225,584231.191,452782.208,246989.972,2230452.273
2025-04-16 20:00:00,248908.56900000002,632276.601,540608.543,426829.103,235979.763,2084602.5790000001
2025-04-16 21:00:00,233493.078,577882.7239999999,495932.382,394455.314,218368.535,1920132.0329999998
2025-04-16 22:00:00,214697.769,550974.8300000001,453874.251,360080.574,199093.306,1778720.73
2025-04-16 23:00:00,203045.528,546072.274,399731.64,316664.089,175871.418,1641384.949
2025-04-17 00:00:00,196056.94700000001,597792.295,413339.374,321241.874,170164.928,1698595.4180000003
2025-04-17 01:00:00,163801.933,475889.727,450772.957,271502.076,144151.515,1506118.208
2025-04-17 02:00:00,142740.599,407071.708,406376.606,237265.395,128878.726,1322333.0340000002
2025-04-17 03:00:00,133034.945,364020.804,336559.033,220712.10700000002,121982.73,1176309.619
2025-04-17 04:00:00,128781.901,345643.11600000004,307297.895,212449.812,118279.741,1112452.465
2025-04-17 05:00:00,128407.517,346397.135,302349.147,212532.725,118772.73700000001,1108459.261
2025-04-17 06:00:00,135895.407,374123.654,327201.188,228200.202,127351.273,1192771.7240000002
2025-04-17 07:00:00,160231.573,432384.948,386637.011,261035.961,147402.455,1387691.948
2025-04-17 08:00:00,190616.96600000001,419023.04,379912.105,292724.255,159319.767,1441596.133
2025-04-17 09:00:00,208592.707,285785.508,265914.538,256322.48,136463.74599999998,1153078.979
2025-04-17 10:00:00,215110.883,135973.205,112303.225,192758.847,102825.19099999999,758971.351
2025-04-17 11:00:00,219499.552,18342.897,-18861.288,132307.046,74762.062,426050.269
2025-04-17 12:00:00,226681.934,-40059.894,-88063.839,103297.902,63879.755000000005,265735.858
2025-04-17 13:00:00,238589.808,-39954.799,-91859.092,111946.588,74064.152,292786.657
2025-04-17 14:00:00,251142.22699999998,36736.297,-36100.54,152632.924,101439.336,505850.244
2025-04-17 15:00:00,264294.553,181017.685,77343.914,224402.287,150131.245,897189.684
2025-04-17 16:00:00,275941.394,356047.915,249459.215,314947.216,203080.439,1399476.179
2025-04-17 17:00:00,281113.986,520257.014,440811.125,412336.248,232958.198,1887476.5710000002
2025-04-17 18:00:00,274032.505,661743.437,571313.975,468069.236,259672.777,2234831.9299999997
2025-04-17 19:00:00,264787.356,685726.551,599062.248,478639.627,261551.68,2289767.4620000003
2025-04-17 20:00:00,250169.72,634066.056,550916.997,446783.21,244367.69,2126303.673
2025-04-17 21:00:00,234647.217,578615.839,503668.239,410000.08,224632.051,1951563.4260000002
2025-04-17 22:00:00,218055.22,561875.962,464781.277,377766.925,206336.303,1828815.6870000002
2025-04-17 23:00:00,208992.462,562432.414,416892.3,336166.854,184360.466,1708844.496
2025-04-18 00:00:00,203477.193,606962.26,430347.276,339971.784,178471.684,1759230.1970000002
2025-04-18 01:00:00,171081.892,482440.68299999996,465765.386,285845.553,152764.371,1557897.885
2025-04-18 02:00:00,150172.565,414805.692,415854.483,249550.707,136494.978,1366878.4249999998
2025-04-18 03:00:00,140029.249,369832.582,342929.56200000003,230457.361,127370.93,1210619.6840000001
2025-04-18 04:00:00,134453.775,348406.587,312732.379,219600.892,122374.61,1137568.243
2025-04-18 05:00:00,132430.627,342733.662,298834.356,215709.86599999998,120249.138,1109957.649
2025-04-18 06:00:00,134660.785,353972.8,309436.466,219082.337,121911.182,1139063.57
2025-04-18 07:00:00,143742.169,386029.349,339734.172,232318.74,129295.231,1231119.6609999998
2025-04-18 08:00:00,157562.867,372442.205,337765.06799999997,254530.499,133717.614,1256018.253
2025-04-18 09:00:00,166600.211,261402.699,251923.92799999999,221840.262,109704.521,1011471.6209999999
2025-04-18 10:00:00,174522.134,166584.096,138145.989,202831.051,86022.668,768105.9380000001
2025-04-18 11:00:00,182192.117,40652.088,73118.95,150537.571,69374.652,515875.378
2025-04-18 12:00:00,187596.648,-7013.32,-38092.496,103503.421,65095.393,311089.64599999995
2025-04-18 13:00:00,199591.91700000002,10008.43,-38437.537000000004,132637.198,77356.481,381156.48900000006
2025-04-18 14:00:00,214336.212,35905.333,17698.764,180183.92799999999,101873.18,549997.417
2025-04-18 15:00:00,218351.399,180243.905,133671.054,264312.358,127815.125,924393.841
2025-04-18 16:00:00,236275.43099999998,368763.203,272346.637,355206.964,190876.612,1423468.8469999998
2025-04-18 17:00:00,235494.96,497698.307,463604.065,405271.282,234486.582,1836555.196
2025-04-18 18:00:00,227910.563,632727.507,570631.866,430820.918,242836.884,2104927.738
2025-04-18 19:00:00,226890.229,667789.071,588807.798,440147.621,236251.007,2159885.7260000003
2025-04-18 20:00:00,215363.005,607777.803,528444.92,402487.99199999997,217878.467,1971952.1869999997
2025-04-18 21:00:00,202375.869,552277.846,478563.793,368558.908,199954.538,1801730.9540000001
2025-04-18 22:00:00,191114.942,538804.252,442612.86100000003,338608.468,185350.227,1696490.75
2025-04-18 23:00:00,189073.378,545575.019,399304.08400000003,306269.582,169475.539,1609697.602
2025-04-19 00:00:00,189137.27,598342.728,418348.849,318667.274,169527.169,1694023.2899999998
2025-04-19 01:00:00,161784.464,482088.01,456317.90499999997,271933.645,146924.368,1519048.392
2025-04-19 02:00:00,143540.306,413264.491,413277.796,238521.21899999998,131516.733,1340120.545
2025-04-19 03:00:00,134533.472,370109.045,341920.385,221890.464,123428.812,1191882.1779999998
2025-04-19 04:00:00,129939.471,349230.794,309903.922,213689.176,119432.733,1122196.096
2025-04-19 05:00:00,128288.611,345195.946,296908.093,209696.833,117494.929,1097584.412
2025-04-19 06:00:00,130059.426,353932.058,304338.919,213115.905,119335.45,1120781.7580000001
2025-04-19 07:00:00,137146.082,386144.421,333941.101,225781.509,126125.786,1209138.899
2025-04-19 08:00:00,148349.808,388167.885,336448.138,251004.631,132231.318,1256201.78
2025-04-19 09:00:00,155980.268,346653.11,274118.632,230872.259,110832.022,1118456.291
2025-04-19 10:00:00,173635.284,288118.467,218847.562,227487.654,126454.876,1034543.8430000001
2025-04-19 11:00:00,174381.514,209673.943,144684.71899999998,195438.421,100915.972,825094.569
2025-04-19 12:00:00,178242.226,220031.842,68064.493,172676.633,77294.811,716310.005
2025-04-19 13:00:00,181326.705,200649.588,46188.674,192132.824,69347.96,689645.7509999999
2025-04-19 14:00:00,182041.61800000002,204993.385,41098.77,170315.576,64613.266,663062.615
2025-04-19 15:00:00,193973.7,254252.738,118539.003,170132.265,116350.80799999999,853248.514
2025-04-19 16:00:00,211666.595,391702.19200000004,308675.888,312778.934,183838.24,1408661.849
2025-04-19 17:00:00,210797.386,505425.882,424340.143,352355.482,196680.098,1689598.991
2025-04-19 18:00:00,219863.926,624948.71,537995.147,405557.01,222379.643,2010744.436
2025-04-19 19:00:00,227985.456,644701.5,569977.448,433153.559,232274.749,2108092.712
2025-04-19 20:00:00,219653.277,591981.541,522057.506,406211.9,220481.681,1960385.905
2025-04-19 21:00:00,209272.908,544456.144,479658.822,377705.388,206418.56,1817511.822
2025-04-19 22:00:00,197917.454,543380.607,448761.563,349612.628,192286.441,1731958.693
2025-04-19 23:00:00,196162.579,558762.966,409956.333,317156.526,176950.543,1658988.9470000002
2025-04-20 00:00:00,194954.106,614178.249,427786.93,328968.574,175285.358,1741173.217
2025-04-20 01:00:00,166292.569,502138.004,465598.924,279780.013,152666.118,1566475.6279999998
2025-04-20 02:00:00,148428.079,426895.059,419856.539,245327.07200000001,137027.286,1377534.0350000001
2025-04-20 03:00:00,139531.656,377100.114,346702.852,226359.358,128232.477,1217926.457
2025-04-20 04:00:00,134141.02,352129.105,311471.325,214853.138,122929.912,1135524.5
2025-04-20 05:00:00,131310.536,341135.634,297772.434,209427.973,119467.898,1099114.475
2025-04-20 06:00:00,131641.599,349924.144,300985.766,210713.622,119664.268,1112929.399
2025-04-20 07:00:00,136712.883,377465.726,327217.274,221921.347,125123.675,1188440.905
2025-04-20 08:00:00,145594.266,396624.171,335599.513,248074.289,129340.144,1255232.383
2025-04-20 09:00:00,161310.796,371184.894,298007.165,238144.94199999998,147434.164,1216081.9610000001
2025-04-20 10:00:00,179071.613,329985.44299999997,327104.81799999997,296163.22,155134.9,1287459.994
2025-04-20 11:00:00,187118.851,230404.415,294417.751,287326.922,146838.342,1146106.281
2025-04-20 12:00:00,166895.384,124938.49399999999,214854.204,202672.823,76885.695,786246.6000000001
2025-04-20 13:00:00,181067.661,97717.522,127142.559,154638.127,82406.738,642972.607
2025-04-20 14:00:00,159871.04,118061.916,165510.818,175106.915,26148.06,644698.7490000001
2025-04-20 15:00:00,170049.679,162629.721,160701.116,176174.689,66453.397,736008.6020000001
2025-04-20 16:00:00,182779.834,243450.742,284365.422,267626.75,142619.188,1120841.936
2025-04-20 17:00:00,186821.389,364964.357,438651.599,329881.58400000003,145514.861,1465833.79
2025-04-20 18:00:00,194151.78399999999,576011.3640000001,511493.505,356491.298,186466.175,1824614.126
2025-04-20 19:00:00,207704.94999999998,631561.774,542221.898,396211.111,205250.55299999999,1982950.286
2025-04-20 20:00:00,201379.141,583599.76,499035.698,375352.668,197470.22,1856837.487
2025-04-20 21:00:00,192549.099,539538.808,459761.06,351962.011,187452.495,1731263.4729999998
2025-04-20 22:00:00,182799.456,530738.393,427793.077,327785.907,176777.012,1645893.8450000002
2025-04-20 23:00:00,180616.648,546060.319,388198.382,295347.823,162672.274,1572895.4459999998
2025-04-21 00:00:00,180889.861,598512.974,409355.67299999995,309278.85,162913.901,1660951.259
2025-04-21 01:00:00,154377.646,490079.984,454882.248,264853.339,141825.393,1506018.61
2025-04-21 02:00:00,137409.29200000002,418357.821,412955.022,231767.812,126960.657,1327450.6040000003
2025-04-21 03:00:00,129100.659,366614.227,336844.93,214302.224,118693.436,1165555.476
2025-04-21 04:00:00,125412.004,344866.607,303594.931,206043.603,115007.858,1094925.003
2025-04-21 05:00:00,123634.418,340423.109,290742.217,203200.49,113024.583,1071024.817
2025-04-21 06:00:00,126282.917,352196.521,298915.497,208281.04,115079.492,1100755.467
2025-04-21 07:00:00,135764.357,383453.764,330748.719,222163.926,121675.362,1193806.128
2025-04-21 08:00:00,147769.057,384670.748,326236.261,241975.442,124137.50200000001,1224789.0100000002
2025-04-21 09:00:00,156437.582,314126.797,240012.427,210802.469,99203.568,1020582.843
2025-04-21 10:00:00,161019.959,211181.355,125839.864,153683.859,69904.906,721629.943
2025-04-21 11:00:00,163179.8,137324.17,25905.303,110387.491,43430.383,480227.147
2025-04-21 12:00:00,167676.064,88200.886,-9409.708,117446.182,35263.032,399176.456
2025-04-21 13:00:00,165385.31,82905.602,30653.636,123261.062,19926.632,422132.242
2025-04-21 14:00:00,184781.11,96458.378,121816.72099999999,193380.861,66831.772,663268.8420000001
2025-04-21 15:00:00,179597.186,106759.611,171110.686,174812.91700000002,84074.013,716354.4130000001
2025-04-21 16:00:00,189746.108,216883.595,260676.545,226691.151,122840.946,1016838.3450000001
2025-04-21 17:00:00,199179.912,407949.011,412356.573,312351.58999999997,159265.426,1491102.5119999999
2025-04-21 18:00:00,220394.57,618374.06,556513.883,406112.774,219907.936,2021303.223
2025-04-21 19:00:00,233156.67200000002,682742.121,598500.469,446446.1,238510.374,2199355.736
2025-04-21 20:00:00,223564.337,631207.622,544933.916,417478.053,225163.255,2042347.1830000002
2025-04-21 21:00:00,208899.585,578057.076,498061.726,384617.39,209442.098,1879077.875
2025-04-21 22:00:00,192521.06,553969.844,452011.476,347830.065,191541.086,1737873.531
2025-04-21 23:00:00,183785.951,553793.558,393826.797,301015.232,167574.976,1599996.514
2025-04-22 00:00:00,181720.923,610746.762,408179.509,308666.702,162522.412,1671836.3080000002
2025-04-22 01:00:00,153370.146,501569.26300000004,455362.835,264534.977,140530.506,1515367.727
2025-04-22 02:00:00,134904.911,422899.19,417208.529,232133.213,125640.856,1332786.6989999998
2025-04-22 03:00:00,126917.92,372639.467,343939.65,215262.019,118227.24,1176986.2959999999
2025-04-22 04:00:00,123337.162,347079.44,309764.774,207094.577,115226.863,1102502.8159999999
2025-04-22 05:00:00,123374.95,350985.045,299541.636,207842.896,115876.55900000001,1097621.0860000001
2025-04-22 06:00:00,130989.546,380069.36199999996,320590.656,223022.759,124573.911,1179246.234
2025-04-22 07:00:00,156147.941,457075.053,387997.077,264934.151,149476.114,1415630.3360000001
2025-04-22 08:00:00,193524.45,498655.961,429695.397,333450.48600000003,184639.684,1639965.9780000001
2025-04-22 09:00:00,214859.033,404432.789,380551.866,332417.257,188343.965,1520604.91
2025-04-22 10:00:00,218097.935,264604.06,277896.9,256595.628,169990.613,1187185.136
2025-04-22 11:00:00,214961.026,157508.428,193050.11599999998,190485.101,124868.381,880873.0520000001
2025-04-22 12:00:00,223719.038,103884.045,159541.945,205447.09,146350.997,838943.115
2025-04-22 13:00:00,222714.207,121338.39,168327.744,182438.314,145191.528,840010.183
2025-04-22 14:00:00,222745.076,117669.739,174543.978,200451.306,139166.088,854576.187
2025-04-22 15:00:00,214900.532,126336.632,199923.04200000002,204139.595,115335.135,860634.936
2025-04-22 16:00:00,222892.809,258557.003,325780.144,245935.711,151474.32,1204639.987
2025-04-22 17:00:00,232814.457,408771.948,468850.724,343293.317,200340.05,1654070.496
2025-04-22 18:00:00,247315.858,633442.444,588681.171,432102.487,240696.975,2142238.935
2025-04-22 19:00:00,257298.46,706603.946,630280.265,468439.957,256898.212,2319520.84
2025-04-22 20:00:00,243252.276,660071.782,579013.538,439697.788,243159.805,2165195.189
2025-04-22 21:00:00,225983.391,604607.717,527074.015,406312.327,224762.669,1988740.1190000002
2025-04-22 22:00:00,206069.717,571737.291,476616.064,367977.906,203667.18,1826068.1579999998
2025-04-22 23:00:00,192307.837,566033.693,413182.255,318798.343,177949.752,1668271.8800000001
2025-04-23 00:00:00,186316.985,612607.833,421860.82999999996,321149.221,170060.595,1711995.464
2025-04-23 01:00:00,157010.713,499335.83999999997,462771.717,271678.368,145473.78,1536270.418
2025-04-23 02:00:00,137437.981,425965.596,420298.896,238094.859,129453.836,1351251.1679999998
2025-04-23 03:00:00,129091.225,380434.538,346326.486,221825.135,121670.874,1199348.2580000001
2025-04-23 04:00:00,125133.931,360843.577,314511.399,214400.509,118749.945,1133639.361
2025-04-23 05:00:00,125040.91,357841.304,307821.84,215226.707,119436.044,1125366.8050000002
2025-04-23 06:00:00,133706.594,385799.327,329532.84,232780.739,129244.837,1211064.337
2025-04-23 07:00:00,161178.752,460113.933,401116.877,277201.788,156929.537,1456540.887
2025-04-23 08:00:00,196598.57,481722.498,430106.849,332246.525,184705.029,1625379.4710000001
2025-04-23 09:00:00,208497.617,334263.93200000003,321883.669,275175.417,151719.333,1291539.968
2025-04-23 10:00:00,206650.45500000002,164638.818,177096.188,188583.302,102542.008,839510.7710000001
2025-04-23 11:00:00,202149.258,24221.43,45090.491,110971.564,70805.238,453237.98099999997
2025-04-23 12:00:00,199653.573,-64371.202,-43789.882,65776.598,39281.169,196550.256
2025-04-23 13:00:00,202081.018,-97345.234,-63957.258,60043.348,27451.672,128273.546
2025-04-23 14:00:00,207245.255,-78100.28,-27930.422,72871.241,38898.795,212984.58900000004
2025-04-23 15:00:00,213145.41,-2002.6260000000002,47554.482,121260.299,64011.997,443969.56200000003
2025-04-23 16:00:00,221378.18,153026.901,186894.118,199462.794,107771.376,868533.3690000001
2025-04-23 17:00:00,233468.434,378440.48600000003,378372.647,309068.342,168588.884,1467938.793
2025-04-23 18:00:00,244446.613,596648.48,546485.714,405430.241,220996.482,2014007.53
2025-04-23 19:00:00,254557.321,663819.146,598490.193,450898.752,243583.449,2211348.861
2025-04-23 20:00:00,241854.96399999998,616779.428,552191.6630000001,423720.801,230946.96,2065493.816
2025-04-23 21:00:00,225399.969,565483.141,506543.92100000003,392166.184,214812.271,1904405.486
2025-04-23 22:00:00,206522.278,541721.823,459802.378,355936.163,195666.281,1759648.923
2025-04-23 23:00:00,194252.409,540530.405,401603.336,311013.283,172330.684,1619730.117
2025-04-24 00:00:00,188356.876,588881.3319999999,412361.77,314980.335,165994.943,1670575.2559999998
2025-04-24 01:00:00,158217.407,475701.434,453044.99199999997,267374.175,142474.185,1496812.193
2025-04-24 02:00:00,137869.17,402860.275,408439.895,234503.061,126710.567,1310382.968
2025-04-24 03:00:00,129180.587,358101.024,336102.722,217949.18099999998,119234.805,1160568.319
2025-04-24 04:00:00,124899.40299999999,340266.673,307119.023,210923.626,116276.329,1099485.054
2025-04-24 05:00:00,125062.274,345117.233,299676.42,211786.835,116926.091,1098568.853
2025-04-24 06:00:00,133040.048,378370.217,322876.219,226720.828,125483.034,1186490.346
2025-04-24 07:00:00,159109.6,450829.348,390428.025,267747.663,150141.296,1418255.932
2025-04-24 08:00:00,193945.704,485108.418,427415.073,321970.959,176182.071,1604622.225
2025-04-24 09:00:00,207366.24800000002,368174.216,347630.16,274088.815,146613.277,1343872.716
2025-04-24 10:00:00,213340.948,249042.13999999998,207413.812,197409.996,108742.955,975949.851
2025-04-24 11:00:00,207380.412,82775.629,76246.692,127883.657,63174.078,557460.468
2025-04-24 12:00:00,208216.356,-24600.896,-37809.126000000004,84211.39,35636.224,265653.948
2025-04-24 13:00:00,211957.701,-34020.506,-71181.293,61769.542,30996.94,199522.38400000002
2025-04-24 14:00:00,218982.216,7857.706,-50316.966,86531.497,45095.967,308150.42
2025-04-24 15:00:00,227750.66499999998,111900.143,31917.802,153407.803,77714.826,602691.239
2025-04-24 16:00:00,236893.75,257436.169,184083.843,244392.543,120949.919,1043756.224
2025-04-24 17:00:00,246860.38199999998,447224.328,380467.41599999997,340139.969,183068.767,1597760.862
2025-04-24 18:00:00,251303.134,599344.639,522957.884,407609.406,226381.414,2007596.477
2025-04-24 19:00:00,252062.874,643698.408,565484.117,438770.744,238833.44,2138849.583
2025-04-24 20:00:00,238709.319,600142.627,525507.259,413675.26300000004,225940.602,2003975.0699999998
2025-04-24 21:00:00,224264.506,553791.59,485019.215,385977.526,211504.669,1860557.506
2025-04-24 22:00:00,208582.00400000002,538900.493,448260.674,355152.984,195843.09100000001,1746739.2459999998
2025-04-24 23:00:00,200839.715,541846.398,401049.592,317845.164,176232.315,1637813.184
2025-04-25 00:00:00,197930.884,593124.824,416127.738,325986.477,172465.301,1705635.224
2025-04-25 01:00:00,166614.994,477289.15,452823.086,275660.816,148401.03399999999,1520789.08
2025-04-25 02:00:00,146576.211,404309.719,404234.471,240183.236,131690.34399999998,1326993.9810000001
2025-04-25 03:00:00,136500.056,361904.787,331880.388,221940.874,123577.435,1175803.54
2025-04-25 04:00:00,131220.779,340646.118,301665.523,212480.343,118676.565,1104689.328
2025-04-25 05:00:00,129901.231,335602.98099999997,292945.125,209353.738,116875.003,1084678.078
2025-04-25 06:00:00,132165.796,351488.764,305894.388,214146.426,118699.772,1122395.1460000002
2025-04-25 07:00:00,140098.45500000002,379627.001,331404.95999999996,225554.655,125352.737,1202037.808
2025-04-25 08:00:00,154840.97,397873.719,332610.62,254482.337,134962.086,1274769.7320000003
2025-04-25 09:00:00,164684.444,332127.662,291226.03500000003,256129.277,110097.305,1154264.723
2025-04-25 10:00:00,172321.088,288086.619,220511.737,188931.946,82420.398,952271.788
2025-04-25 11:00:00,187847.659,252407.371,152763.471,181858.778,92162.216,867039.495
2025-04-25 12:00:00,194598.104,286186.554,84484.496,162259.715,94921.68,822450.5490000001
2025-04-25 13:00:00,215962.841,361905.745,205348.835,303973.103,150061.635,1237252.159
2025-04-25 14:00:00,208786.563,416766.15,279114.8,300940.056,159152.981,1364760.5499999998
2025-04-25 15:00:00,214244.176,445199.891,331326.669,328537.475,184777.109,1504085.32
2025-04-25 16:00:00,210881.633,493074.889,413365.463,350566.316,190369.377,1658257.678
2025-04-25 17:00:00,212293.263,562975.955,473844.516,369074.696,200460.513,1818648.943
2025-04-25 18:00:00,225714.25,639331.2339999999,547074.085,415933.686,222585.663,2050638.9179999998
2025-04-25 19:00:00,230719.969,662273.881,566683.354,434298.74,228068.223,2122044.1670000004
2025-04-25 20:00:00,220707.584,610019.429,523725.405,403790.424,216279.472,1974522.314
2025-04-25 21:00:00,208646.568,562636.189,483022.816,374847.188,203820.8,1832973.561
2025-04-25 22:00:00,195684.849,548384.001,448759.127,346034.175,189881.453,1728743.6050000002
2025-04-25 23:00:00,190485.818,554813.518,404119.718,311914.198,172241.453,1633574.7049999998
2025-04-26 00:00:00,190814.751,610267.292,420522.086,321962.674,170373.967,1713940.7700000003
2025-04-26 01:00:00,162847.731,490608.288,456112.753,273766.488,147443.653,1530778.913
2025-04-26 02:00:00,142355.72699999998,412453.049,408377.128,237599.287,130921.015,1331706.206
2025-04-26 03:00:00,132293.514,362361.054,334175.987,219062.236,121684.864,1169577.655
2025-04-26 04:00:00,126884.635,339452.905,300979.16500000004,209720.77300000002,117014.378,1094051.8560000001
2025-04-26 05:00:00,125349.482,332438.586,290046.346,206043.096,115126.467,1069003.977
2025-04-26 06:00:00,127615.894,344942.07,297858.583,210579.133,117597.184,1098592.864
2025-04-26 07:00:00,136165.414,383004.767,331664.80700000003,226262.366,126428.86,1203526.2140000002
2025-04-26 08:00:00,153600.253,417907.004,362642.93200000003,268093.65,145812.062,1348055.901
2025-04-26 09:00:00,175288.63,428213.64300000004,364730.901,293366.937,163292.82200000001,1424892.933
2025-04-26 10:00:00,189999.368,389658.627,333803.789,304273.392,164069.905,1381805.081
2025-04-26 11:00:00,202799.143,331296.872,288167.175,344866.876,157611.432,1324741.4980000001
2025-04-26 12:00:00,202871.992,259150.988,273037.886,289614.892,151265.602,1175941.3599999999
2025-04-26 13:00:00,196349.343,224181.84,215765.87,247744.297,143063.126,1027104.476
2025-04-26 14:00:00,210366.636,216376.582,154327.202,257978.996,150037.8,989087.216
2025-04-26 15:00:00,209411.322,240556.684,232334.576,320939.265,169118.924,1172360.771
2025-04-26 16:00:00,209013.169,333513.924,348644.02,345515.124,189568.097,1426254.334
2025-04-26 17:00:00,214118.52,453028.861,463152.541,376667.584,207157.673,1714125.1789999998
2025-04-26 18:00:00,231799.658,601461.596,556724.656,430050.183,234808.095,2054844.1879999998
2025-04-26 19:00:00,237980.622,650296.034,576018.012,448497.488,240084.304,2152876.46
2025-04-26 20:00:00,225998.8,609170.197,529303.5109999999,417000.108,224871.694,2006344.3099999998
2025-04-26 21:00:00,213286.145,565558.269,489327.092,387663.68700000003,211153.83299999998,1866989.026
2025-04-26 22:00:00,200459.197,553481.567,455738.134,359395.957,196296.981,1765371.836
2025-04-26 23:00:00,195711.07499999998,560383.564,410463.77,321874.41599999997,177980.17799999999,1666413.003
2025-04-27 00:00:00,194330.361,612673.21,425435.097,330922.469,175662.022,1739023.159
2025-04-27 01:00:00,165846.182,498531.046,463992.815,281916.069,151925.438,1562211.55
2025-04-27 02:00:00,144730.262,418311.39,417933.992,244172.179,133734.04200000002,1358881.8650000002
2025-04-27 03:00:00,133857.814,368625.172,340633.72,223684.674,123714.937,1190516.3169999998
2025-04-27 04:00:00,127817.395,344270.349,306763.80700000003,212777.164,118613.468,1110242.1830000002
2025-04-27 05:00:00,124901.732,337867.362,293578.038,209025.499,116361.459,1081734.09
2025-04-27 06:00:00,126369.165,349631.25800000003,299279.835,212230.332,118144.087,1105654.6770000001
2025-04-27 07:00:00,133572.555,384167.58900000004,328166.125,225883.223,125488.245,1197277.7370000002
2025-04-27 08:00:00,148256.893,408647.92,359707.216,270328.34,144168.239,1331108.608
2025-04-27 09:00:00,166207.793,378347.235,352620.0,297643.202,155988.05299999999,1350806.283
2025-04-27 10:00:00,179790.205,315885.712,304285.279,293708.788,159743.389,1253413.3730000001
2025-04-27 11:00:00,190689.687,244369.666,295448.772,293819.743,162377.159,1186705.027
2025-04-27 12:00:00,207751.641,199991.922,285464.725,318784.843,182340.609,1194333.74
2025-04-27 13:00:00,216024.71600000001,178747.987,281426.228,323124.527,192373.336,1191696.794
2025-04-27 14:00:00,213358.742,171495.597,302200.032,297795.581,186488.642,1171338.594
2025-04-27 15:00:00,206236.118,210986.453,328123.186,279289.051,173913.708,1198548.516
2025-04-27 16:00:00,209075.632,289427.078,408181.322,321612.868,191722.649,1420019.5489999999
2025-04-27 17:00:00,216098.896,450399.471,526545.605,379702.851,215192.988,1787939.8110000002
2025-04-27 18:00:00,235671.576,660163.433,631728.4130000001,460045.127,253896.072,2241504.6210000003
2025-04-27 19:00:00,258426.249,725473.762,653657.252,500182.413,276671.451,2414411.127
2025-04-27 20:00:00,248315.89500000002,676004.35,596874.623,469849.327,264079.687,2255123.8819999998
2025-04-27 21:00:00,234049.62600000002,621596.649,546694.537,436403.663,248039.37,2086783.8450000002
2025-04-27 22:00:00,214878.358,589359.128,493841.439,396822.28599999996,224354.351,1919255.562
2025-04-27 23:00:00,200082.52300000002,575101.522,424118.853,339724.937,193289.645,1732317.48
2025-04-28 00:00:00,194468.187,617955.0260000001,427604.367,335577.6,181539.174,1757144.3540000003
2025-04-28 01:00:00,164480.298,506187.032,467585.321,285275.931,154981.306,1578509.888
2025-04-28 02:00:00,143354.755,428343.672,427620.479,249047.147,137023.845,1385389.898
2025-04-28 03:00:00,132373.446,377169.506,352830.013,230801.39,127988.58499999999,1221162.94
2025-04-28 04:00:00,128243.461,354339.224,317607.76,221916.26,124706.176,1146812.881
2025-04-28 05:00:00,128561.352,355055.978,310772.449,222879.98,125828.324,1143098.083
2025-04-28 06:00:00,138165.89,391288.488,339270.347,242932.365,137762.869,1249419.959
2025-04-28 07:00:00,168709.455,478631.039,420674.92,295594.33400000003,170496.98,1534106.728
2025-04-28 08:00:00,208203.974,532530.3910000001,463278.794,370929.225,204326.912,1779269.2959999999
2025-04-28 09:00:00,224076.472,460040.198,375413.447,347448.777,181747.369,1588726.2629999998
2025-04-28 10:00:00,222729.465,365961.201,268530.029,288335.79,160367.339,1305923.8239999998
2025-04-28 11:00:00,224326.873,289185.78500000003,163021.816,241778.12099999998,147443.188,1065755.783
2025-04-28 12:00:00,208842.158,206005.212,122339.27900000001,187379.04499999998,98857.789,823423.483
2025-04-28 13:00:00,221863.663,187148.794,113841.854,236972.241,99598.228,859424.78
2025-04-28 14:00:00,228223.72,225609.558,196074.382,280041.337,148905.837,1078854.834
2025-04-28 15:00:00,227245.911,246126.321,273800.7,292223.91599999997,170943.44,1210340.288
2025-04-28 16:00:00,224509.53399999999,345505.642,350765.913,309714.278,180536.864,1411032.231
2025-04-28 17:00:00,235878.953,508051.512,477224.24,383591.714,214693.104,1819439.523
2025-04-28 18:00:00,258760.759,689858.338,615251.493,476896.35599999997,260735.309,2301502.255
2025-04-28 19:00:00,276428.984,751774.011,660681.336,523002.593,281996.767,2493883.691
2025-04-28 20:00:00,264424.611,698528.2220000001,608623.085,490885.611,267950.276,2330411.805
2025-04-28 21:00:00,244978.956,637859.66,554629.491,453799.32899999997,250767.86,2142035.296
2025-04-28 22:00:00,221650.664,599373.168,496348.952,407510.328,224868.736,1949751.848
2025-04-28 23:00:00,203475.894,578682.522,423442.8,345901.396,191416.03100000002,1742918.643
2025-04-29 00:00:00,194224.675,622533.334,425564.772,337838.128,177970.93,1758131.839
2025-04-29 01:00:00,162853.461,505754.245,463152.744,284104.098,150659.778,1566524.326
2025-04-29 02:00:00,140456.606,427725.085,419950.881,247307.418,132799.248,1368239.238
2025-04-29 03:00:00,131037.265,379388.079,345853.595,229251.794,124796.798,1210327.531
2025-04-29 04:00:00,127293.214,359264.762,314148.683,221020.749,122012.453,1143739.861
2025-04-29 05:00:00,127650.678,363364.426,308323.91,222709.098,123159.16500000001,1145207.277
2025-04-29 06:00:00,137459.666,399854.065,337894.311,243458.668,134693.369,1253360.079
2025-04-29 07:00:00,169659.488,488500.536,417440.197,297324.864,167733.611,1540658.696
2025-04-29 08:00:00,210353.118,540854.858,471621.114,373592.791,204229.238,1800651.119
2025-04-29 09:00:00,220726.10499999998,448988.832,421850.092,330289.97,191026.549,1612881.548
2025-04-29 10:00:00,220523.671,292892.451,292302.774,269821.149,161852.312,1237392.3569999998
2025-04-29 11:00:00,225535.862,174242.602,249405.038,239559.004,156605.421,1045347.927
2025-04-29 12:00:00,233536.615,69155.65,240925.19700000001,250440.76,159121.3,953179.5220000001
2025-04-29 13:00:00,239481.66199999998,65710.782,272765.974,280308.073,146169.575,1004436.0659999999
2025-04-29 14:00:00,246461.772,107716.92,320054.956,311588.996,165368.824,1151191.4679999999
2025-04-29 15:00:00,246184.79,199374.997,356197.673,320545.947,194772.077,1317075.484
2025-04-29 16:00:00,249208.679,332226.42,408655.315,341019.989,224245.102,1555355.505
2025-04-29 17:00:00,259595.662,506154.81899999996,520285.172,394600.924,255931.044,1936567.6209999998
2025-04-29 18:00:00,278705.268,698803.478,658152.941,496468.071,289094.289,2421224.047
2025-04-29 19:00:00,292383.338,785173.416,706685.652,549391.602,305579.19,2639213.198
2025-04-29 20:00:00,281041.212,743559.084,656174.246,523664.195,293418.99199999997,2497857.7290000003
2025-04-29 21:00:00,261877.668,686299.899,595551.872,485054.299,272696.113,2301479.851
2025-04-29 22:00:00,235901.711,639694.93,529789.701,433312.743,241808.989,2080508.074
2025-04-29 23:00:00,213456.972,606913.182,445706.976,365330.418,203036.336,1834443.884
2025-04-30 00:00:00,201931.04200000002,643569.635,440706.24100000004,352406.821,186083.257,1824696.996
2025-04-30 01:00:00,169218.407,529245.721,478606.966,296914.905,157754.733,1631740.732
2025-04-30 02:00:00,146164.849,452217.552,434855.129,258633.408,140051.267,1431922.205
2025-04-30 03:00:00,136081.155,401836.849,360153.13,239918.757,130921.224,1268911.1149999998
2025-04-30 04:00:00,132187.326,378206.177,328690.75899999996,232932.151,128116.257,1200132.6700000002
2025-04-30 05:00:00,133338.21600000001,381825.97,326451.479,236814.501,131169.139,1209599.305
2025-04-30 06:00:00,145504.848,421551.038,363057.338,263147.602,146764.436,1340025.2619999999
2025-04-30 07:00:00,181669.32200000001,519588.06299999997,459406.119,327512.478,187540.141,1675716.1230000001
2025-04-30 08:00:00,229835.655,578757.986,523434.816,415654.35,232282.073,1979964.8800000001
2025-04-30 09:00:00,240392.945,429092.024,398427.619,349229.051,192178.313,1609319.952
2025-04-30 10:00:00,230259.048,224859.168,223362.025,240343.524,131726.469,1050550.234
2025-04-30 11:00:00,218580.904,52219.473,90401.579,149537.549,79957.105,590696.61
2025-04-30 12:00:00,210744.105,-36261.356,52045.935,121922.102,50934.024,399384.81
2025-04-30 13:00:00,215247.811,-58866.975,63714.331,123507.677,64165.919,407768.763
2025-04-30 14:00:00,218518.997,-16117.499,97456.753,136195.758,86863.109,522917.11799999996
2025-04-30 15:00:00,217269.266,62422.206000000006,136112.552,138547.231,101830.642,656181.897
2025-04-30 16:00:00,221215.536,196687.465,249700.62099999998,209089.786,129369.987,1006063.395
2025-04-30 17:00:00,237574.53,426727.424,433519.263,335473.926,188921.002,1622216.145
2025-04-30 18:00:00,265018.818,674963.915,628413.925,470278.255,260436.193,2299111.106
2025-04-30 19:00:00,290898.136,769568.648,713901.39,548871.1410000001,300947.812,2624187.127
2025-04-30 20:00:00,283806.279,736264.958,679931.686,536889.706,295977.316,2532869.945
2025-04-30 21:00:00,268929.399,688881.133,633764.95,510353.362,282253.234,2384182.078
2025-04-30 22:00:00,245367.39,646895.027,571979.852,463514.283,256836.386,2184592.938
2025-04-30 23:00:00,222406.033,618291.216,480637.328,391253.209,217335.456,1929923.242
2025-05-01 00:00:00,209249.078,654154.6,467883.984,373433.504,199426.42799999999,1904147.594
2025-05-01 01:00:00,176140.848,536597.828,503040.549,316819.52,168205.118,1700803.8630000001
2025-05-01 02:00:00,152414.828,459067.15599999996,458307.93,275354.32,148434.822,1493579.0559999999
2025-05-01 03:00:00,141552.162,409245.92799999996,382032.535,256284.424,138948.691,1328063.7399999998
2025-05-01 04:00:00,137355.692,389493.093,350371.604,249179.259,135986.198,1262385.8460000001
2025-05-01 05:00:00,138287.765,397038.148,348807.301,254114.952,139525.937,1277774.103
2025-05-01 06:00:00,150656.90600000002,442561.24,392936.115,287780.862,157599.614,1431534.737
2025-05-01 07:00:00,190668.618,552770.145,506312.927,366792.855,204101.069,1820645.6139999998
2025-05-01 08:00:00,244726.092,619133.052,591670.532,477183.55,258052.392,2190765.6180000002
2025-05-01 09:00:00,256032.508,448818.907,457812.746,410310.427,220213.972,1793188.5600000003
2025-05-01 10:00:00,243713.866,231505.13700000002,252433.3,289008.239,155875.982,1172536.5240000002
2025-05-01 11:00:00,229031.408,86265.235,68325.959,182541.113,99408.13,665571.845
2025-05-01 12:00:00,218324.529,-15016.508,-31754.364999999998,116711.101,72778.655,361043.412
2025-05-01 13:00:00,216772.206,-68719.499,-36031.995,94154.557,64089.799,270265.06799999997
2025-05-01 14:00:00,218599.196,-68182.944,5817.2390000000005,120230.662,65670.905,342135.05799999996
2025-05-01 15:00:00,215342.258,-881.7970000000005,81095.785,162336.211,79168.219,537060.6760000001
2025-05-01 16:00:00,221968.983,138032.257,205337.737,219536.787,118570.003,903445.767
2025-05-01 17:00:00,240764.61,391542.914,407641.244,337726.012,185654.646,1563329.426
2025-05-01 18:00:00,267369.448,653631.607,614957.357,468624.198,256223.18099999998,2260805.7909999997
2025-05-01 19:00:00,291256.556,766444.416,708976.4450000001,548543.496,295131.15499999997,2610352.068
2025-05-01 20:00:00,286135.351,754496.757,688313.508,539455.081,293138.956,2561539.653
2025-05-01 21:00:00,273188.30700000003,713907.972,649573.689,516208.377,280575.28,2433453.625
2025-05-01 22:00:00,249421.095,676925.914,590057.416,469847.704,255798.011,2242050.14
2025-05-01 23:00:00,228075.618,646135.896,502853.566,400339.812,219598.365,1997003.257
2025-05-02 00:00:00,214402.798,674117.274,487014.179,380925.928,200956.836,1957417.0150000001
2025-05-02 01:00:00,179445.807,560222.636,517910.168,321662.489,170515.998,1749757.098
2025-05-02 02:00:00,155267.695,482011.73,476723.356,282574.45,151334.154,1547911.3850000002
2025-05-02 03:00:00,144196.892,431648.945,402298.816,263081.17,142204.332,1383430.1549999998
2025-05-02 04:00:00,140220.878,412121.422,371867.132,255642.873,139491.74,1319344.0450000002
2025-05-02 05:00:00,141423.426,420252.969,372176.273,261049.855,143169.817,1338072.34
2025-05-02 06:00:00,154918.703,472220.259,420717.071,293540.288,161802.912,1503199.233
2025-05-02 07:00:00,195256.686,593633.14,545250.544,373320.08900000004,208057.761,1915518.22
2025-05-02 08:00:00,251030.985,686542.23,650993.981,493226.25,266609.104,2348402.55
2025-05-02 09:00:00,269968.586,521357.396,520829.771,437371.173,235584.68,1985111.606
2025-05-02 10:00:00,260662.74,276603.281,294818.537,316125.988,169910.943,1318121.489
2025-05-02 11:00:00,242804.09,70549.951,94691.24,203085.646,108037.763,719168.6900000001
2025-05-02 12:00:00,228787.562,-52859.729,-30648.551,126221.944,67568.497,339069.723
2025-05-02 13:00:00,219614.601,-107735.651,-82679.001,89100.856,48304.232,166605.03699999998
2025-05-02 14:00:00,216782.24099999998,-100827.761,-65627.435,91321.125,48342.75,189990.91999999998
2025-05-02 15:00:00,217347.182,-27866.23,16509.435,132862.872,69599.01,408452.26900000003
2025-05-02 16:00:00,223914.318,131979.404,170107.627,212795.432,111210.957,850007.7379999999
2025-05-02 17:00:00,240764.888,382930.825,397678.911,335718.56799999997,178396.78399999999,1535489.976
2025-05-02 18:00:00,264390.251,629090.864,593499.541,455293.6,241012.773,2183287.0289999996
2025-05-02 19:00:00,282745.151,736737.877,683182.222,524254.151,274498.81700000004,2501418.2180000003
2025-05-02 20:00:00,275038.793,724147.538,669871.385,518291.502,274187.722,2461536.9400000004
2025-05-02 21:00:00,263867.317,699927.671,644285.453,501460.135,267217.628,2376758.204
2025-05-02 22:00:00,247038.196,687654.189,603040.47,469017.531,251905.543,2258655.929
2025-05-02 23:00:00,232324.282,672935.012,529853.581,413240.928,224892.703,2073246.506
2025-05-03 00:00:00,222523.57,708560.85,516658.436,399128.088,210284.384,2057155.328
2025-05-03 01:00:00,188818.314,590092.261,543855.103,338494.025,178904.089,1840163.7920000001
2025-05-03 02:00:00,163069.689,509268.348,493590.065,293120.619,156489.447,1615538.1679999998
2025-05-03 03:00:00,150714.352,455347.707,417054.38300000003,270526.165,145703.485,1439346.0919999997
2025-05-03 04:00:00,144760.956,431864.482,382548.388,260468.616,141074.804,1360717.246
2025-05-03 05:00:00,143269.952,429930.995,374054.536,260010.915,141022.617,1348289.0150000001
2025-05-03 06:00:00,148681.742,459919.599,399720.227,275334.34500000003,149648.477,1433304.39
2025-05-03 07:00:00,167080.046,533379.399,472823.909,316651.669,174332.484,1664267.507
2025-05-03 08:00:00,200218.114,593011.139,549835.517,402702.988,212118.235,1957885.9929999998
2025-05-03 09:00:00,219749.762,476385.062,475998.617,389545.746,197622.185,1759301.3720000002
2025-05-03 10:00:00,215163.716,257566.596,281324.389,282614.968,144080.739,1180750.408
2025-05-03 11:00:00,201614.05599999998,65674.307,82840.597,172589.395,85139.432,607857.787
2025-05-03 12:00:00,188697.399,-54581.534,-40607.057,99843.479,47722.12,241074.40699999998
2025-05-03 13:00:00,181163.535,-84427.8,-85098.193,76000.25200000001,31289.764,118927.55800000002
2025-05-03 14:00:00,180232.034,-55415.955,-60987.955,93756.888,37160.905,194745.917
2025-05-03 15:00:00,187528.657,49162.078,56792.025,156866.148,69924.12299999999,520273.0310000001
2025-05-03 16:00:00,200539.505,213673.069,225595.112,238150.266,123524.876,1001482.8280000001
2025-05-03 17:00:00,219180.968,420550.385,425532.452,348718.105,187460.969,1601442.879
2025-05-03 18:00:00,249549.763,638648.515,605219.513,453956.93299999996,241491.224,2188865.9480000003
2025-05-03 19:00:00,269798.477,722295.486,666181.805,502261.75899999996,268721.009,2429258.5360000003
2025-05-03 20:00:00,261070.981,701195.544,640215.402,484167.716,263820.316,2350469.959
2025-05-03 21:00:00,249896.625,671441.315,612364.674,464823.54,256058.256,2254584.41
2025-05-03 22:00:00,236552.268,665262.684,579408.216,438687.099,243997.55299999999,2163907.82
2025-05-03 23:00:00,230058.02000000002,670187.72,522344.309,398519.951,223721.0,2044831.0
2025-05-04 00:00:00,225751.931,705143.722,515373.951,394069.839,212379.568,2052719.011
2025-05-04 01:00:00,191754.518,586873.804,539753.763,332150.594,181328.124,1831860.803
2025-05-04 02:00:00,164418.515,503403.008,489151.328,285020.266,157174.925,1599168.0420000001
2025-05-04 03:00:00,149518.445,445212.946,408274.511,258830.057,143005.031,1404840.99
2025-05-04 04:00:00,141674.353,416113.89,369457.58400000003,244884.688,136132.829,1308263.344
2025-05-04 05:00:00,138374.058,399533.484,354479.661,239764.259,132801.245,1264952.707
2025-05-04 06:00:00,140167.092,414271.292,367193.267,246493.492,136014.56,1304139.7030000002
2025-05-04 07:00:00,149999.13,460424.914,413964.786,267764.27,148799.187,1440952.287
2025-05-04 08:00:00,170240.281,499647.167,466833.46,320487.899,172727.131,1629935.938
2025-05-04 09:00:00,187148.14800000002,429627.849,400211.572,308904.118,157484.413,1483376.0999999999
2025-05-04 10:00:00,195121.309,272203.11699999997,236054.692,255875.825,118865.793,1078120.736
2025-05-04 11:00:00,193968.147,110045.499,102903.146,215540.937,87915.531,710373.2599999999
2025-05-04 12:00:00,194129.31,-1154.5469999999996,84121.322,220952.351,62643.507,560691.943
2025-05-04 13:00:00,177784.008,-46950.142,82636.757,190560.563,30212.739,434243.925
2025-05-04 14:00:00,174295.23,-23718.679,77037.558,115989.352,36607.406,380210.867
2025-05-04 15:00:00,180160.433,61124.407,98763.781,137717.146,69875.201,547640.9680000001
2025-05-04 16:00:00,188080.15,221291.166,209127.376,196320.02,108904.118,923722.8300000001
2025-05-04 17:00:00,209022.386,454371.059,409636.912,321342.176,181758.22,1576130.753
2025-05-04 18:00:00,240079.557,653609.829,600480.7069999999,437513.088,237856.85,2169540.031
2025-05-04 19:00:00,264889.75,716805.63,659704.02,484998.714,261037.945,2387436.059
2025-05-04 20:00:00,255931.247,677480.983,616010.014,458385.29099999997,250489.187,2258296.722
2025-05-04 21:00:00,242129.213,635409.548,576003.715,430423.28,237441.085,2121406.841
2025-05-04 22:00:00,221916.453,602516.541,522656.439,391619.748,217322.578,1956031.759
2025-05-04 23:00:00,204854.255,590518.64,447780.85099999997,336505.47000000003,188593.113,1768252.329
2025-05-05 00:00:00,197563.159,630358.291,444529.398,332418.696,178113.961,1782983.505
2025-05-05 01:00:00,167984.882,527916.671,483340.297,283297.573,153165.665,1615705.088
2025-05-05 02:00:00,145151.633,457950.39300000004,446210.985,246600.263,135254.84100000001,1431168.1150000002
2025-05-05 03:00:00,134084.343,408232.89,374872.591,228071.68099999998,126209.641,1271471.146
2025-05-05 04:00:00,129539.409,384069.169,340430.11,219767.813,123134.054,1196940.555
2025-05-05 05:00:00,129333.975,386683.712,332102.897,221082.101,124851.225,1194053.9100000001
2025-05-05 06:00:00,139509.43,423784.62799999997,361467.00299999997,241922.889,136545.7,1303229.65
2025-05-05 07:00:00,173269.95500000002,519934.502,450561.108,295681.013,171469.979,1610916.557
2025-05-05 08:00:00,218382.197,582644.006,516730.75,378817.723,213496.03,1910070.706
2025-05-05 09:00:00,235049.18600000002,462394.707,454616.233,351679.517,193039.09,1696778.7330000002
2025-05-05 10:00:00,230045.039,281781.218,288605.913,259103.137,150750.378,1210285.685
2025-05-05 11:00:00,219516.112,131257.421,143330.402,171413.187,99763.913,765281.0349999999
2025-05-05 12:00:00,217422.875,83879.316,25473.873,150311.433,86062.978,563150.475
2025-05-05 13:00:00,223126.29499999998,-11501.269,35209.132,172567.521,78497.853,497899.532
2025-05-05 14:00:00,208624.986,-37570.914,-371.067,90488.587,50884.707,312056.299
2025-05-05 15:00:00,210866.519,60273.086,69032.022,133705.019,76120.70999999999,549997.3559999999
2025-05-05 16:00:00,222258.994,229952.827,208603.43099999998,232176.396,123975.883,1016967.531
2025-05-05 17:00:00,235333.428,458962.833,427650.52,341614.673,192575.514,1656136.9679999999
2025-05-05 18:00:00,252102.858,654030.031,576388.357,428615.944,235771.042,2146908.232
2025-05-05 19:00:00,267476.42,701195.934,621537.78,470602.948,255684.139,2316497.2210000004
2025-05-05 20:00:00,253436.605,642155.381,574676.876,438191.667,240872.32700000002,2149332.856
2025-05-05 21:00:00,234583.602,589309.702,525425.531,403331.355,222945.986,1975596.176
2025-05-05 22:00:00,213131.58000000002,560854.657,476559.771,364729.072,201488.641,1816763.721
2025-05-05 23:00:00,197492.339,549626.951,413361.88899999997,313454.483,174260.646,1648196.308
2025-05-06 00:00:00,190345.974,599560.068,420772.524,314091.743,166591.865,1691362.1739999999
2025-05-06 01:00:00,159911.412,493154.48099999997,462526.495,266075.745,142295.568,1523963.701
2025-05-06 02:00:00,138531.019,423969.493,423097.95900000003,232919.162,126394.845,1344912.478
2025-05-06 03:00:00,129187.912,376119.121,352943.171,216726.692,119166.22,1194143.116
2025-05-06 04:00:00,124965.466,354670.299,321026.298,208769.61,115969.436,1125401.109
2025-05-06 05:00:00,125596.048,356611.482,314752.067,210006.415,117688.131,1124654.1430000002
2025-05-06 06:00:00,134523.0,390673.352,340033.462,229798.501,128267.11600000001,1223295.4309999999
2025-05-06 07:00:00,164317.18,469999.122,412854.648,275224.705,157433.619,1479829.274
2025-05-06 08:00:00,204078.875,510331.791,456994.145,339471.694,188649.657,1699526.162
2025-05-06 09:00:00,214632.649,364663.49,337917.954,288598.621,154194.028,1360006.742
2025-05-06 10:00:00,211055.203,177172.775,186405.517,208494.224,107099.082,890226.801
2025-05-06 11:00:00,206796.378,36790.342,41121.743,130711.908,66491.459,481911.8300000001
2025-05-06 12:00:00,204929.977,-36883.743,-47118.907,84400.15,43125.587,248453.06399999998
2025-05-06 13:00:00,208627.99300000002,-53815.977999999996,-65925.785,73364.031,37699.773,199950.03400000004
2025-05-06 14:00:00,213464.85499999998,-25811.915,-33024.846,94255.155,48250.388,297133.637
2025-05-06 15:00:00,219147.491,61181.558000000005,57749.003,147831.032,77868.575,563777.659
2025-05-06 16:00:00,226128.121,208092.668,206394.286,228253.391,123060.28,991928.7459999999
2025-05-06 17:00:00,237085.421,438982.368,405795.30700000003,332103.252,183565.65,1597531.998
2025-05-06 18:00:00,248955.469,631478.284,553714.865,416321.07,229060.24,2079529.928
2025-05-06 19:00:00,258220.386,679961.371,594647.222,453792.667,247891.589,2234513.2350000003
2025-05-06 20:00:00,246090.948,634151.842,548515.431,426903.654,236380.69,2092042.565
2025-05-06 21:00:00,230011.276,580503.079,500551.819,394445.381,219349.381,1924860.9360000002
2025-05-06 22:00:00,209523.952,552990.907,454836.51,357494.838,198357.932,1773204.139
2025-05-06 23:00:00,195918.628,546193.197,395914.922,309694.593,172657.402,1620378.742
2025-05-07 00:00:00,189277.161,594075.382,408845.762,311328.115,164716.108,1668242.528
2025-05-07 01:00:00,158343.161,487462.126,447733.042,262862.084,140858.377,1497258.7900000003
2025-05-07 02:00:00,137373.74599999998,420258.726,405200.138,230528.265,125435.673,1318796.548
2025-05-07 03:00:00,128541.738,379264.873,336769.599,214731.662,119079.53600000001,1178387.408
2025-05-07 04:00:00,124327.409,356297.622,307709.603,207521.56900000002,116169.282,1112025.4849999999
2025-05-07 05:00:00,124783.474,360547.501,303068.376,209133.815,117690.046,1115223.212
2025-05-07 06:00:00,133677.983,393781.398,331015.431,227205.042,128373.763,1214053.617
2025-05-07 07:00:00,162276.973,469124.407,402680.88300000003,269004.011,156213.25,1459299.5240000002
2025-05-07 08:00:00,199574.717,515107.463,445728.938,331088.968,186285.783,1677785.869
2025-05-07 09:00:00,214148.449,414788.01,362640.612,306269.755,163743.627,1461590.4530000002
2025-05-07 10:00:00,217096.585,312712.247,264598.079,278529.54099999997,125355.986,1198292.438
2025-05-07 11:00:00,225124.702,231918.657,220404.7,284639.113,104188.168,1066275.34
2025-05-07 12:00:00,229640.8,268871.206,269566.982,273473.067,145537.46899999998,1187089.524
2025-05-07 13:00:00,232468.80299999999,205882.682,280043.277,280386.78,156474.465,1155256.007
2025-05-07 14:00:00,230928.594,198907.133,312943.195,263884.438,124591.297,1131254.6570000001
2025-05-07 15:00:00,222517.32,223071.917,258273.67799999999,230560.696,121597.438,1056021.0489999999
2025-05-07 16:00:00,219691.021,302425.452,304077.672,257119.063,136663.774,1219976.982
2025-05-07 17:00:00,233299.537,497531.35,457895.824,355391.53,191903.817,1736022.058
2025-05-07 18:00:00,257560.228,704347.943,624222.183,467730.014,248677.702,2302538.07
2025-05-07 19:00:00,276177.358,782690.059,685936.607,526233.854,276816.733,2547854.611
2025-05-07 20:00:00,267498.279,747123.539,650383.053,508669.57,271122.499,2444796.94
2025-05-07 21:00:00,252871.109,695397.697,608423.829,486800.223,259486.998,2302979.856
2025-05-07 22:00:00,232271.11299999998,648373.828,553554.616,443594.022,236911.847,2114705.426
2025-05-07 23:00:00,212778.592,621190.142,472769.72,376486.627,202870.94,1886096.021
2025-05-08 00:00:00,201642.77,664950.856,465921.43,363071.9,188550.938,1884137.894
2025-05-08 01:00:00,169642.329,554012.76,505275.73600000003,307312.21,161619.791,1697862.8260000001
2025-05-08 02:00:00,147366.262,478380.541,464679.578,268390.391,143726.091,1502542.8630000001
2025-05-08 03:00:00,137656.795,428138.821,390526.814,249629.943,135750.789,1341703.162
2025-05-08 04:00:00,133328.886,407585.229,358449.983,241634.315,132862.00400000002,1273860.417
2025-05-08 05:00:00,134438.132,414242.475,356081.329,246144.338,136216.882,1287123.156
2025-05-08 06:00:00,147547.24300000002,465296.636,400334.212,276032.43200000003,154910.5,1444121.023
2025-05-08 07:00:00,185883.251,584752.205,508380.06,347347.291,199533.716,1825896.523
2025-05-08 08:00:00,237829.886,674758.262,601215.428,449944.324,255599.585,2219347.485
2025-05-08 09:00:00,251551.941,531152.666,503562.206,401454.115,226743.345,1914464.273
2025-05-08 10:00:00,242876.875,317284.013,332451.622,302027.32,164336.626,1358976.456
2025-05-08 11:00:00,229210.04200000002,143459.949,163182.112,203751.306,108987.329,848590.738
2025-05-08 12:00:00,221280.393,75594.94,106924.804,171248.325,91234.737,666283.199
2025-05-08 13:00:00,219636.757,124733.86499999999,138346.731,185734.082,84060.045,752511.48
2025-05-08 14:00:00,229941.957,156489.75400000002,175827.916,230429.486,122635.713,915324.826
2025-05-08 15:00:00,234741.926,226177.682,229883.218,238997.337,151557.747,1081357.9100000001
2025-05-08 16:00:00,234230.229,362958.488,326025.227,242115.54,197732.402,1363061.886
2025-05-08 17:00:00,250488.86800000002,550638.789,487772.564,365288.308,236010.94,1890199.469
2025-05-08 18:00:00,279304.803,752705.784,678092.849,500746.981,282354.916,2493205.333
2025-05-08 19:00:00,297440.823,831187.8319999999,750689.355,562270.329,310343.407,2751931.746
2025-05-08 20:00:00,288751.486,802883.999,722602.264,548454.745,306232.13800000004,2668924.632
2025-05-08 21:00:00,273071.933,751431.632,675639.632,519672.908,290084.44299999997,2509900.548
2025-05-08 22:00:00,248699.728,708677.0059999999,607953.131,469134.881,259968.184,2294432.93
2025-05-08 23:00:00,227222.511,674856.645,513764.941,399067.943,221692.954,2036604.994
2025-05-09 00:00:00,212378.711,698733.518,489600.351,376936.877,199345.299,1976994.756
2025-05-09 01:00:00,177127.109,579513.993,520344.83,314565.296,166989.862,1758541.09
2025-05-09 02:00:00,152065.078,497943.08999999997,476016.435,273167.243,146613.37099999998,1545805.217
2025-05-09 03:00:00,140992.294,443396.957,401930.26900000003,251721.147,137047.18,1375087.8469999998
2025-05-09 04:00:00,136769.506,421413.618,367739.652,243070.25,134396.879,1303389.905
2025-05-09 05:00:00,137509.913,426178.029,365003.763,247074.854,137804.738,1313571.2970000003
2025-05-09 06:00:00,149941.402,476100.919,406899.819,275003.573,154866.339,1462812.052
2025-05-09 07:00:00,186660.333,596656.422,517490.143,343384.404,198041.079,1842232.3809999998
2025-05-09 08:00:00,237685.077,698019.462,614726.113,449703.21499999997,256207.084,2256340.951
2025-05-09 09:00:00,257298.443,564596.097,545275.786,425095.948,243800.793,2036067.0669999998
2025-05-09 10:00:00,252960.591,335841.464,401292.304,370422.676,192983.70799999998,1553500.7429999998
2025-05-09 11:00:00,248725.764,167971.221,285081.985,317567.248,169638.87,1188985.088
2025-05-09 12:00:00,248383.285,86813.55900000001,200861.935,282688.069,154646.233,973393.081
2025-05-09 13:00:00,237934.543,8681.336,124996.413,234218.33800000002,99071.122,704901.7520000001
2025-05-09 14:00:00,226518.307,-8493.048999999999,77146.164,178267.242,75873.962,549312.6259999999
2025-05-09 15:00:00,223165.168,49518.35,95982.12,177091.763,87123.206,632880.607
2025-05-09 16:00:00,228775.486,201674.32,227821.837,241078.035,127194.928,1026544.606
2025-05-09 17:00:00,246323.278,444445.464,444267.489,358084.017,194705.241,1687825.489
2025-05-09 18:00:00,272706.76,673060.303,628716.153,475152.748,256629.056,2306265.02
2025-05-09 19:00:00,287692.865,766476.73,703580.386,537845.522,287762.002,2583357.505
2025-05-09 20:00:00,279231.099,754176.218,685383.149,528743.988,284629.323,2532163.777
2025-05-09 21:00:00,267034.956,726509.985,655106.607,511903.70999999996,277345.682,2437900.94
2025-05-09 22:00:00,249713.617,710256.526,614773.627,481840.89,262649.294,2319233.954
2025-05-09 23:00:00,234858.927,692925.416,541057.308,426817.971,235010.06,2130669.682
2025-05-10 00:00:00,226079.53399999999,724483.4,525101.701,410763.947,219290.798,2105719.38
2025-05-10 01:00:00,191509.302,603368.986,550346.766,344427.573,186862.228,1876514.855
2025-05-10 02:00:00,164710.539,516774.49,498241.849,294683.093,163064.565,1637474.5359999998
2025-05-10 03:00:00,150457.755,463326.687,417300.664,269310.5,150808.192,1451203.7980000002
2025-05-10 04:00:00,144274.67,437796.797,380159.909,257654.47,144976.29499999998,1364862.1409999998
2025-05-10 05:00:00,143166.631,435845.983,371084.97000000003,257365.062,145262.167,1352724.813
2025-05-10 06:00:00,148160.577,464616.01399999997,392813.731,271883.786,154045.76,1431519.868
2025-05-10 07:00:00,165144.349,539433.239,460441.197,311160.17,178819.103,1654998.0579999997
2025-05-10 08:00:00,196905.544,613556.618,541688.583,395347.849,220077.30899999998,1967575.903
2025-05-10 09:00:00,220249.296,528518.679,490505.63899999997,400086.983,218845.39,1858205.9870000002
2025-05-10 10:00:00,220537.005,316623.825,314773.885,311436.983,170350.756,1333722.4540000001
2025-05-10 11:00:00,210548.216,117136.124,131478.858,210377.735,112493.90299999999,782034.8359999999
2025-05-10 12:00:00,199650.476,-9600.225,9832.3,140999.904,72098.141,412980.596
2025-05-10 13:00:00,190863.047,-65873.036,-41636.664,107162.514,52959.45,243475.311
2025-05-10 14:00:00,188166.807,-56069.496,-24884.781,110611.766,53580.474,271404.77
2025-05-10 15:00:00,191494.589,25589.723,58177.257,152588.122,75860.291,503709.98199999996
2025-05-10 16:00:00,201241.65899999999,185771.171,213505.819,233758.29499999998,120242.874,954519.818
2025-05-10 17:00:00,219829.669,425314.958,425751.773,345149.871,186122.027,1602168.298
2025-05-10 18:00:00,249758.045,656214.742,599948.958,456849.978,246238.038,2209009.7610000004
2025-05-10 19:00:00,270522.77,735692.769,658747.835,504609.63,271590.73,2441163.7339999997
2025-05-10 20:00:00,262794.827,713881.351,636710.062,489726.198,267120.763,2370233.201
2025-05-10 21:00:00,252647.326,683926.097,609719.847,470985.954,259788.786,2277068.01
2025-05-10 22:00:00,238336.464,671973.863,575712.198,443904.37,246491.484,2176418.379
2025-05-10 23:00:00,227834.244,672186.969,516954.53500000003,399411.093,223915.559,2040302.4
2025-05-11 00:00:00,222283.349,709533.77,512841.392,393923.327,213437.945,2052019.783
2025-05-11 01:00:00,190173.948,592352.902,542012.1140000001,336616.446,183921.74,1845077.1500000001
2025-05-11 02:00:00,164110.719,509679.559,494180.273,291774.524,160952.77,1620697.845
2025-05-11 03:00:00,151011.506,452481.64,415803.194,266904.516,148539.461,1434740.3170000003
2025-05-11 04:00:00,143989.994,425952.358,377506.316,254446.402,142117.327,1344012.3969999999
2025-05-11 05:00:00,141696.725,421193.893,364507.575,252919.055,140953.526,1321270.774
2025-05-11 06:00:00,145327.355,441889.184,380450.488,264310.663,146269.587,1378247.277
2025-05-11 07:00:00,158574.997,503765.961,436582.35599999997,296287.847,163829.621,1559040.782
2025-05-11 08:00:00,184328.954,566534.6259999999,513349.128,376060.402,198433.078,1838706.1879999998
2025-05-11 09:00:00,205983.399,490934.458,471273.148,384385.552,193453.868,1746030.425
2025-05-11 10:00:00,206698.895,295478.786,299676.525,300053.941,146043.738,1247951.8849999998
2025-05-11 11:00:00,196966.81900000002,109686.602,116722.818,199010.731,91854.102,714241.0719999999
2025-05-11 12:00:00,186185.875,-6589.18,-5354.385,126790.429,53980.376000000004,355013.115
2025-05-11 13:00:00,180378.37,-57979.274,-47321.718,107626.731,46194.17,228898.27899999998
2025-05-11 14:00:00,175078.64800000002,-50053.643,-12507.044,92002.263,40788.449,245308.67300000004
2025-05-11 15:00:00,179784.392,37527.71,60961.937,139648.102,65007.082,482929.223
2025-05-11 16:00:00,190243.47999999998,196988.095,221812.914,224304.047,110299.872,943648.4079999999
2025-05-11 17:00:00,208480.367,429775.397,418642.421,329325.846,175829.508,1562053.5389999999
2025-05-11 18:00:00,238240.50400000002,632324.941,575870.546,431594.225,229698.458,2107728.674
2025-05-11 19:00:00,262157.036,696414.547,627834.75,476703.031,254352.357,2317461.721
2025-05-11 20:00:00,256836.37900000002,671545.392,601072.618,460593.837,249207.101,2239255.327
2025-05-11 21:00:00,245920.322,637839.753,572381.6,441444.174,241198.37,2138784.219
2025-05-11 22:00:00,226468.08299999998,612763.091,527250.609,405898.27,224391.116,1996771.1690000002
2025-05-11 23:00:00,210111.751,603156.517,454075.635,349662.027,195926.28399999999,1812932.214
2025-05-12 00:00:00,202281.91700000002,643027.429,451355.753,344219.096,184441.064,1825325.259
2025-05-12 01:00:00,171605.805,541197.4720000001,489235.889,293551.865,158596.563,1654187.594
2025-05-12 02:00:00,148985.378,466365.816,453448.56,256991.393,140999.948,1466791.0950000002
2025-05-12 03:00:00,138126.182,415058.52999999997,382384.769,238586.937,131784.463,1305940.881
2025-05-12 04:00:00,133632.869,393878.235,349533.282,230475.785,128693.397,1236213.568
2025-05-12 05:00:00,134426.079,399931.79,345637.179,233592.09399999998,131385.699,1244972.841
2025-05-12 06:00:00,146864.75,450595.253,385717.594,260555.299,146671.942,1390404.838
2025-05-12 07:00:00,185591.03399999999,568276.826,492410.78500000003,330392.75,188664.142,1765335.537
2025-05-12 08:00:00,238223.0,661733.815,585462.882,434710.186,240582.316,2160712.199
2025-05-12 09:00:00,254177.148,519869.525,480580.374,387449.906,212813.918,1854890.871
2025-05-12 10:00:00,245221.74599999998,293825.886,279280.326,283487.671,154978.64,1256794.2689999999
2025-05-12 11:00:00,231476.841,112837.16500000001,102187.732,190683.664,104600.092,741785.494
2025-05-12 12:00:00,221240.50400000002,-5184.734,-4753.386999999999,129781.529,72356.489,413440.401
2025-05-12 13:00:00,217118.173,-52217.885,-43650.625,105787.381,59256.339,286293.383
2025-05-12 14:00:00,215645.028,-38027.67,-17263.378,113216.364,64755.957,338326.301
2025-05-12 15:00:00,217698.232,43714.723,67932.022,155711.063,88694.876,573750.916
2025-05-12 16:00:00,224538.735,201018.148,220139.158,235770.574,131412.388,1012879.003
2025-05-12 17:00:00,241319.237,449409.209,435043.607,352370.35,196755.60199999998,1674898.005
2025-05-12 18:00:00,270106.028,678898.103,615390.87,471254.277,257684.938,2293334.216
2025-05-12 19:00:00,294243.969,759482.409,677439.095,532044.3,288535.305,2551745.078
2025-05-12 20:00:00,285029.839,722733.593,640898.297,511014.553,281335.31,2441011.592
2025-05-12 21:00:00,267738.85,673495.529,599962.509,482304.395,267580.591,2291081.874
2025-05-12 22:00:00,242733.701,637111.402,543123.192,437378.904,243907.076,2104254.275
2025-05-12 23:00:00,218744.13799999998,611542.897,461574.198,369891.564,207359.781,1869112.5779999997
2025-05-13 00:00:00,205676.292,651509.927,457162.488,356720.88,191095.528,1862165.1149999998
2025-05-13 01:00:00,173632.649,544049.4349999999,496691.705,303859.817,162917.171,1681150.777
2025-05-13 02:00:00,150562.38,468683.767,458105.647,266825.34500000003,144807.051,1488984.19
2025-05-13 03:00:00,140201.749,416685.031,385905.00800000003,248518.126,135915.025,1327224.9389999998
2025-05-13 04:00:00,136191.825,395791.249,356424.101,241702.84,133726.154,1263836.1690000002
2025-05-13 05:00:00,137754.82,404150.564,357105.506,247566.974,137717.138,1284295.002
2025-05-13 06:00:00,152520.37900000002,455101.55,406220.13,280852.57,156576.147,1451270.776
2025-05-13 07:00:00,196885.95500000002,576054.577,527889.781,361761.218,205032.561,1867624.092
2025-05-13 08:00:00,252821.139,660517.676,627119.292,473231.959,260033.003,2273723.069
2025-05-13 09:00:00,267514.757,517867.995,519289.907,428978.483,230209.018,1963860.16
2025-05-13 10:00:00,256886.791,288588.835,316759.517,320949.196,168796.73,1351981.0690000001
2025-05-13 11:00:00,240792.233,101343.213,137238.282,218997.956,113688.661,812060.345
2025-05-13 12:00:00,227534.563,-13080.178,21687.013,151614.834,79034.942,466791.174
2025-05-13 13:00:00,222097.15399999998,-58953.65,-25531.764,120824.534,63485.380999999994,321921.655
2025-05-13 14:00:00,220512.963,-42308.543,-638.7349999999997,124919.542,67650.681,370135.908
2025-05-13 15:00:00,221552.103,43749.145,83994.94,163589.622,92511.444,605397.254
2025-05-13 16:00:00,228429.66,202390.176,232888.688,238223.25,133989.143,1035920.917
2025-05-13 17:00:00,243752.793,448822.066,447786.02300000004,354037.81,195937.328,1690336.02
2025-05-13 18:00:00,270475.112,668575.446,629530.66,469962.429,251624.463,2290168.11
2025-05-13 19:00:00,292917.878,752666.885,699288.486,534005.916,283386.459,2562265.624
2025-05-13 20:00:00,285526.61,725805.7390000001,669576.003,519277.13300000003,279185.853,2479371.3380000005
2025-05-13 21:00:00,270474.881,681734.018,625227.921,492282.714,266377.848,2336097.382
2025-05-13 22:00:00,246761.949,650327.309,564907.575,447353.404,244142.311,2153492.548
2025-05-13 23:00:00,222721.56900000002,622050.782,477191.098,377770.794,207990.177,1907724.42
2025-05-14 00:00:00,208542.175,660462.5210000001,467565.627,361873.773,190874.21,1889318.3059999999
2025-05-14 01:00:00,175738.107,549091.244,502454.532,307199.171,163312.779,1697795.833
2025-05-14 02:00:00,152196.157,473411.346,460726.178,269787.728,144722.009,1500843.418
2025-05-14 03:00:00,141850.957,426025.79,389560.234,252074.106,136096.636,1345607.723
2025-05-14 04:00:00,137945.289,405767.819,359825.277,244697.008,134100.07,1282335.4630000002
2025-05-14 05:00:00,139642.432,414491.288,360230.052,249786.453,138145.646,1302295.871
2025-05-14 06:00:00,153180.25,468977.692,407581.488,281151.561,156645.41,1467536.4009999998
2025-05-14 07:00:00,196306.615,603195.394,528248.359,359867.33900000004,204823.864,1892441.571
2025-05-14 08:00:00,252296.899,699406.9079999999,625362.79,470022.306,260527.913,2307616.816
2025-05-14 09:00:00,264730.206,597241.653,509774.774,416204.598,226678.766,2014629.997
2025-05-14 10:00:00,260158.741,384757.492,302983.161,312981.525,182387.636,1443268.555
2025-05-14 11:00:00,240730.215,183646.975,122633.747,206391.448,117260.763,870663.148
2025-05-14 12:00:00,230056.39,68246.178,12375.803999999998,142974.876,84837.318,538490.566
2025-05-14 13:00:00,225847.70500000002,9710.28,-28064.979,119826.056,74051.916,401370.978
2025-05-14 14:00:00,224875.148,35249.163,-2148.5670000000005,127483.947,74859.447,460319.138
2025-05-14 15:00:00,225514.794,130617.743,92679.195,174076.894,105964.24399999999,728852.8699999999
2025-05-14 16:00:00,234070.125,275309.546,241049.974,252199.658,156737.73500000002,1159367.038
2025-05-14 17:00:00,250944.718,483412.022,451876.049,363976.243,216292.665,1766501.6970000002
2025-05-14 18:00:00,281125.671,701428.396,631467.063,486180.418,269516.466,2369718.014
2025-05-14 19:00:00,302315.504,785791.566,700787.427,548586.017,299617.431,2637097.945
2025-05-14 20:00:00,294246.766,753651.301,673610.282,533530.671,295056.11699999997,2550095.137
2025-05-14 21:00:00,277384.358,707641.5109999999,633039.47,506110.793,280706.74199999997,2404882.8740000003
2025-05-14 22:00:00,252070.31900000002,663295.463,568873.095,456909.266,253905.088,2195053.2309999997
2025-05-14 23:00:00,227462.138,633649.756,483346.586,386357.647,215941.189,1946757.3160000003
2025-05-15 00:00:00,213590.446,670374.197,474995.241,369993.064,198570.49599999998,1927523.444
2025-05-15 01:00:00,180093.808,557234.646,511546.716,314156.457,168030.842,1731062.4689999998
2025-05-15 02:00:00,155580.92799999999,479085.048,470617.978,276009.619,148803.974,1530097.5469999998
2025-05-15 03:00:00,144935.57,427118.113,400056.679,256577.077,140591.227,1369278.666
2025-05-15 04:00:00,139964.739,405136.477,369581.104,247938.877,136425.941,1299047.1379999998
2025-05-15 05:00:00,140600.354,411913.018,370175.204,252254.37099999998,139603.643,1314546.59
2025-05-15 06:00:00,153615.317,463592.437,418075.996,282768.127,157236.467,1475288.3439999998
2025-05-15 07:00:00,195203.986,583431.056,540097.703,358889.735,203313.903,1880936.383
2025-05-15 08:00:00,250403.759,676387.539,645572.67,470699.395,259874.75,2302938.113
2025-05-15 09:00:00,268356.13,586259.746,566183.285,453372.975,242034.889,2116207.025
2025-05-15 10:00:00,260588.696,417656.634,417379.017,386675.194,187905.46600000001,1670205.0070000002
2025-05-15 11:00:00,248373.905,262658.011,259096.532,319930.705,160240.986,1250300.139
2025-05-15 12:00:00,250205.28100000002,167072.975,177193.173,272618.167,169294.194,1036383.7900000002
2025-05-15 13:00:00,250439.583,154349.594,209761.99300000002,251599.79499999998,165460.575,1031611.54
2025-05-15 14:00:00,237530.694,168331.653,182865.815,200793.283,137850.053,927371.4979999999
2025-05-15 15:00:00,233530.86800000002,202934.742,213589.509,226941.642,127305.63500000001,1004302.396
2025-05-15 16:00:00,236528.512,315923.11,316627.97,282752.417,152131.865,1303963.874
2025-05-15 17:00:00,255148.309,526889.456,493545.47,383864.668,211934.281,1871382.184
2025-05-15 18:00:00,286485.45,724175.084,676129.477,512083.53599999996,278120.67,2476994.2169999997
2025-05-15 19:00:00,306766.282,808438.368,745006.887,579587.976,310882.231,2750681.744
2025-05-15 20:00:00,300031.304,783625.95,722599.953,569594.394,309496.912,2685348.513
2025-05-15 21:00:00,287654.011,738661.284,683501.512,549063.48,300102.077,2558982.364
2025-05-15 22:00:00,264917.426,702788.85,621482.512,503549.043,275452.421,2368190.252
2025-05-15 23:00:00,240193.748,672125.387,527528.389,428943.275,235317.897,2104108.696
2025-05-16 00:00:00,223264.795,699044.695,504831.906,400606.342,212329.042,2040076.7799999998
2025-05-16 01:00:00,187380.43,583079.579,537516.632,337482.559,179090.139,1824549.339
2025-05-16 02:00:00,162570.608,502153.61,493806.79600000003,295371.854,157822.976,1611725.844
2025-05-16 03:00:00,150595.802,450352.086,418866.5,274760.845,148236.288,1442811.521
2025-05-16 04:00:00,146201.348,431478.83400000003,387797.16,266708.88800000004,145319.961,1377506.191
2025-05-16 05:00:00,147309.16,441404.113,388391.865,273001.583,149488.305,1399595.0259999998
2025-05-16 06:00:00,162107.847,496034.06799999997,437797.713,308152.024,170278.24599999998,1574369.898
2025-05-16 07:00:00,206689.055,628674.281,565657.427,394466.218,222176.119,2017663.1
2025-05-16 08:00:00,267991.986,739670.178,690219.333,525991.039,290296.01900000003,2514168.5549999997
2025-05-16 09:00:00,293652.691,668965.521,609967.211,494518.633,272524.781,2339628.837
2025-05-16 10:00:00,285062.01,523230.199,402969.62,403499.398,209636.981,1824398.2079999999
2025-05-16 11:00:00,271568.443,394403.001,229800.676,348205.364,165581.777,1409559.261
2025-05-16 12:00:00,267011.233,298232.931,172350.314,292603.676,183178.061,1213376.2149999999
2025-05-16 13:00:00,280243.115,228590.645,206013.304,317711.504,179083.404,1211641.972
2025-05-16 14:00:00,269264.94299999997,223795.311,230685.845,284609.506,160456.411,1168812.016
2025-05-16 15:00:00,261288.22699999998,301276.228,235507.27599999998,307222.301,159552.15,1264846.1819999998
2025-05-16 16:00:00,265039.789,421186.879,361023.016,364948.39400000003,199279.278,1611477.3560000001
2025-05-16 17:00:00,278332.247,594403.844,543240.303,448663.066,247667.651,2112307.111
2025-05-16 18:00:00,303269.331,761707.64,694299.713,548176.6089999999,296510.991,2603964.2839999995
2025-05-16 19:00:00,311018.106,814947.787,748873.007,585130.086,315733.49,2775702.4760000007
2025-05-16 20:00:00,297258.989,782236.962,714355.489,557360.833,304204.185,2655416.458
2025-05-16 21:00:00,279481.342,740874.799,669828.83,524216.016,286211.609,2500612.5960000004
2025-05-16 22:00:00,257843.54200000002,714005.2760000001,614749.69,481258.73199999996,261349.567,2329206.807
2025-05-16 23:00:00,239679.287,690746.513,531896.446,417697.683,229205.388,2109225.317
2025-05-17 00:00:00,227814.172,718091.015,515592.321,398726.426,212074.357,2072298.291
2025-05-17 01:00:00,192736.387,596318.997,540713.599,335176.59,178884.174,1843829.747
2025-05-17 02:00:00,165614.16,510289.426,488966.317,289076.285,155821.497,1609767.685
2025-05-17 03:00:00,152046.398,455597.437,408564.604,264724.234,143842.60199999998,1424775.275
2025-05-17 04:00:00,144965.61000000002,427525.394,371942.66,252776.851,138451.378,1335661.893
2025-05-17 05:00:00,142807.449,421745.143,360038.205,250231.993,137336.747,1312159.537
2025-05-17 06:00:00,146615.344,448270.398,377864.422,260292.256,144562.858,1377605.278
2025-05-17 07:00:00,162056.377,515065.758,435884.024,292406.351,164526.612,1569939.122
2025-05-17 08:00:00,192050.157,587073.333,512113.175,375498.95,200699.802,1867435.417
2025-05-17 09:00:00,231602.261,607312.54,555565.838,449579.11,242721.555,2086781.3039999998
2025-05-17 10:00:00,256448.893,527967.619,525346.1950000001,454967.988,267772.323,2032503.0180000002
2025-05-17 11:00:00,259879.267,437186.31700000004,446965.716,408834.86100000003,248323.19400000002,1801189.355
2025-05-17 12:00:00,260599.536,422698.471,372430.029,360087.16599999997,244412.876,1660228.078
2025-05-17 13:00:00,275703.481,445206.778,414047.608,424767.891,253943.34600000002,1813669.1040000003
2025-05-17 14:00:00,272953.142,428936.668,443933.566,441962.23099999997,239830.861,1827616.4679999999
2025-05-17 15:00:00,273776.083,472925.968,497053.037,451533.656,249711.299,1945000.043
2025-05-17 16:00:00,282562.848,590401.507,561847.608,485991.37299999996,269162.989,2189966.3249999997
2025-05-17 17:00:00,301214.373,732785.969,678689.241,547930.438,317628.031,2578248.052
2025-05-17 18:00:00,327341.355,897934.993,796910.98,642054.251,358049.061,3022290.6399999997
2025-05-17 19:00:00,333888.986,936419.751,815147.47,664424.785,362021.929,3111902.9209999996
2025-05-17 20:00:00,320850.535,890117.36,765946.893,631019.713,350929.661,2958864.162
2025-05-17 21:00:00,304613.704,838088.895,715533.28,596444.038,332365.91,2787045.827
2025-05-17 22:00:00,282472.559,804600.562,661007.915,550893.921,308767.317,2607742.2739999997
2025-05-17 23:00:00,263289.638,778627.16,580620.415,482005.764,272880.834,2377423.8109999998
2025-05-18 00:00:00,251153.056,800280.291,564744.131,459899.484,251256.836,2327333.798
2025-05-18 01:00:00,215769.294,678738.624,592765.466,389362.621,213510.609,2090146.6139999998
2025-05-18 02:00:00,185417.687,586514.52,540314.231,336308.182,183856.763,1832411.3830000001
2025-05-18 03:00:00,168373.574,521305.592,455581.575,306037.072,167112.923,1618410.7359999998
2025-05-18 04:00:00,161039.329,487886.512,415000.466,291857.224,159586.726,1515370.257
2025-05-18 05:00:00,158706.623,481583.272,402406.439,289819.163,158236.347,1490751.844
2025-05-18 06:00:00,162911.647,503767.91000000003,421277.605,303934.835,164937.445,1556829.442
2025-05-18 07:00:00,178080.864,568548.336,482530.808,342683.802,186170.258,1758014.0679999997
2025-05-18 08:00:00,208997.689,639954.864,572043.753,438608.52,228199.4,2087804.2259999998
2025-05-18 09:00:00,241030.221,612833.623,576041.497,478042.729,242635.075,2150583.145
2025-05-18 10:00:00,245831.81699999998,473132.604,435405.86100000003,414627.516,206334.86000000002,1775332.658
2025-05-18 11:00:00,238693.863,350081.079,259230.733,316449.718,156791.153,1321246.546
2025-05-18 12:00:00,233856.11000000002,264442.713,155833.666,253616.755,141976.86800000002,1049726.112
2025-05-18 13:00:00,238088.798,195869.971,127371.363,233334.687,150670.807,945335.626
2025-05-18 14:00:00,242078.218,195723.635,174171.506,258061.846,162489.511,1032524.716
2025-05-18 15:00:00,247470.786,277111.072,273152.844,301845.231,186515.086,1286095.0189999999
2025-05-18 16:00:00,260050.157,429655.072,446927.234,381752.301,227557.902,1745942.666
2025-05-18 17:00:00,286276.88300000003,684303.414,657651.549,522676.187,298691.207,2449599.2399999998
2025-05-18 18:00:00,339760.773,952314.191,863025.1190000001,683697.427,377599.06299999997,3216396.573
2025-05-18 19:00:00,372783.449,1022762.215,922772.362,749247.2390000001,409186.271,3476751.536
2025-05-18 20:00:00,365403.9,974388.448,882005.784,728631.824,400554.924,3350984.8800000004
2025-05-18 21:00:00,350210.562,907842.178,822986.284,694399.789,382097.844,3157536.657
2025-05-18 22:00:00,317874.335,835402.214,735876.767,623011.666,344048.744,2856213.726
2025-05-18 23:00:00,281299.426,776082.954,616162.078,517622.191,289314.661,2480481.31
2025-05-19 00:00:00,256983.23500000002,788478.637,584668.096,475548.306,257232.876,2362911.15
2025-05-19 01:00:00,218307.753,679022.8910000001,614342.202,403771.878,217560.18899999998,2133004.913
2025-05-19 02:00:00,189358.986,594698.349,575218.633,355533.832,191692.143,1906501.9430000002
2025-05-19 03:00:00,175189.392,532279.855,498992.128,332218.82,179984.422,1718664.617
2025-05-19 04:00:00,169706.664,507562.26800000004,465014.936,324408.565,177117.06,1643809.493
2025-05-19 05:00:00,172063.378,513782.278,466192.998,333201.81,183544.178,1668784.6420000002
2025-05-19 06:00:00,192099.425,580086.202,528851.892,382776.802,211698.464,1895512.785
2025-05-19 07:00:00,251369.736,744483.974,692078.233,503938.55799999996,283523.333,2475393.8340000003
2025-05-19 08:00:00,337871.47,891512.64,854611.626,690288.079,376638.768,3150922.583
2025-05-19 09:00:00,376048.051,791045.145,790149.405,673014.085,369599.925,2999856.6109999996
2025-05-19 10:00:00,370403.208,559650.969,576376.417,548505.167,305122.02,2360057.781
2025-05-19 11:00:00,346158.689,329412.148,347616.19200000004,409835.06,232242.12900000002,1665264.218
2025-05-19 12:00:00,321485.44299999997,173870.08,187942.53,311485.421,177104.301,1171887.775
2025-05-19 13:00:00,304022.725,107242.847,110143.632,253235.487,146461.045,921105.736
2025-05-19 14:00:00,294701.978,99810.087,109903.223,236994.66999999998,140566.26799999998,881976.226
2025-05-19 15:00:00,289074.948,164849.177,183412.087,266817.516,157525.75400000002,1061679.482
2025-05-19 16:00:00,296371.423,329510.132,345510.489,351543.135,203051.73,1525986.909
2025-05-19 17:00:00,324034.336,620819.638,617734.082,515193.424,295476.56799999997,2373258.048
2025-05-19 18:00:00,374334.486,928305.667,867606.949,699173.654,390095.922,3259516.6780000003
2025-05-19 19:00:00,409003.225,1050875.779,956088.291,789022.745,434306.323,3639296.363
2025-05-19 20:00:00,400847.576,1019325.998,916915.528,770183.094,427085.392,3534357.588
2025-05-19 21:00:00,380924.789,958725.867,854239.504,727876.52,402638.152,3324404.8319999995
2025-05-19 22:00:00,341917.782,882980.313,760853.235,647818.824,360341.677,2993911.8310000002
2025-05-19 23:00:00,294882.14400000003,803875.961,629943.992,528356.023,297854.886,2554913.006
2025-05-20 00:00:00,264269.78,817059.089,590455.794,476977.06799999997,260117.35400000002,2408879.0849999995
2025-05-20 01:00:00,225454.566,705810.246,622439.602,406160.62799999997,221277.187,2181142.229
2025-05-20 02:00:00,196645.366,622415.001,583202.046,359724.755,196585.147,1958572.315
2025-05-20 03:00:00,183187.881,565357.311,510272.592,337292.453,185754.261,1781864.498
2025-05-20 04:00:00,178626.197,544407.026,479378.645,329785.448,184012.174,1716209.4900000002
2025-05-20 05:00:00,182152.987,561092.722,486311.876,342122.216,191783.23,1763463.0309999997
2025-05-20 06:00:00,205221.366,640796.52,557745.248,396235.161,223801.691,2023799.986
2025-05-20 07:00:00,270764.809,819440.575,726825.317,522224.398,299090.727,2638345.8260000004
2025-05-20 08:00:00,357874.666,975206.469,877214.014,694025.92,385020.539,3289341.608
2025-05-20 09:00:00,385477.384,854926.797,785007.214,654388.213,363317.892,3043117.5
2025-05-20 10:00:00,371030.185,577219.19,549258.248,513332.078,288187.51,2299027.211
2025-05-20 11:00:00,341045.42600000004,319768.742,311804.149,369751.168,209546.83299999998,1551916.318
2025-05-20 12:00:00,311835.99,147088.074,153284.85,266573.228,152748.249,1031530.3910000001
2025-05-20 13:00:00,291569.8,63914.764,75901.394,213098.899,122983.61200000001,767468.4689999999
2025-05-20 14:00:00,280746.557,62121.343,79247.512,203835.763,115613.145,741564.32
2025-05-20 15:00:00,276299.539,127377.056,154908.35,239068.58000000002,131740.634,929394.159
2025-05-20 16:00:00,282992.455,292937.022,314822.637,321469.413,176790.86,1389012.3869999996
2025-05-20 17:00:00,311822.019,589770.821,574603.316,477658.324,263862.929,2217717.409
2025-05-20 18:00:00,360349.385,895384.448,823794.888,658881.39,355039.065,3093449.1760000004
2025-05-20 19:00:00,397638.973,1030370.88,924752.748,761180.648,407632.29099999997,3521575.54
2025-05-20 20:00:00,396912.279,1015912.592,904549.469,758361.517,409416.516,3485152.3729999997
2025-05-20 21:00:00,381356.128,964009.991,851926.948,724910.205,394585.314,3316788.586
2025-05-20 22:00:00,347013.752,890941.791,761304.531,649353.388,355925.902,3004539.364
2025-05-20 23:00:00,301859.36100000003,819289.104,630356.724,535134.752,297116.305,2583756.2460000003
2025-05-21 00:00:00,270125.076,827053.762,591775.462,483083.872,260322.494,2432360.666
2025-05-21 01:00:00,228077.037,712443.935,623288.821,410697.102,220318.936,2194825.8310000002
2025-05-21 02:00:00,198989.712,628984.773,581946.432,363483.782,196543.793,1969948.492
2025-05-21 03:00:00,184598.55,572581.636,508991.581,342001.538,185601.584,1793774.889
2025-05-21 04:00:00,179637.47,549208.293,478230.368,335171.104,182974.325,1725221.5599999998
2025-05-21 05:00:00,183037.084,563957.062,484690.944,348180.411,191958.84100000001,1771824.3420000002
2025-05-21 06:00:00,205793.337,643125.765,556104.53,403775.751,224286.572,2033085.9549999998
2025-05-21 07:00:00,271193.606,825933.343,725296.617,529048.374,300243.97000000003,2651715.91
2025-05-21 08:00:00,358836.734,987120.767,880033.542,708814.432,389335.704,3324141.179
2025-05-21 09:00:00,388900.048,884720.6749999999,818299.844,680233.076,373100.703,3145254.346
2025-05-21 10:00:00,376946.653,622243.679,614482.513,544139.9619999999,303017.972,2460830.779
2025-05-21 11:00:00,349462.221,369716.763,404558.211,400598.083,226715.068,1751050.346
2025-05-21 12:00:00,322756.135,193599.515,242623.397,302606.824,169871.084,1231456.955
2025-05-21 13:00:00,304667.656,107724.673,144248.04,245060.46600000001,138778.18099999998,940479.0160000001
2025-05-21 14:00:00,295757.859,111518.435,142524.148,234344.073,132730.209,916874.7239999999
2025-05-21 15:00:00,291085.7,180143.687,209963.662,266795.207,149750.822,1097739.078
2025-05-21 16:00:00,298930.732,347618.762,372234.606,349689.64,195999.952,1564473.692
2025-05-21 17:00:00,326848.615,626798.943,604965.485,499816.372,281990.919,2340420.334
2025-05-21 18:00:00,376346.159,910524.676,821412.323,670168.7930000001,372150.569,3150602.52
2025-05-21 19:00:00,403807.816,1028311.1290000001,885371.945,740076.639,415440.096,3473007.6249999995
2025-05-21 20:00:00,393485.96,1005640.863,844259.46,717264.684,409809.795,3370460.762
2025-05-21 21:00:00,376178.93,946939.471,787590.365,678525.804,388498.331,3177732.9010000005
2025-05-21 22:00:00,341134.038,872004.78,701112.911,608691.735,349025.713,2871969.1769999997
2025-05-21 23:00:00,298333.157,801754.443,583751.802,504380.024,291635.76,2479855.1859999998
2025-05-22 00:00:00,268075.093,811518.058,551446.694,459364.448,256598.854,2347003.147
2025-05-22 01:00:00,226287.059,697677.687,584304.385,388918.836,216448.789,2113636.756
2025-05-22 02:00:00,196383.384,611915.242,541824.136,342762.7,191158.89,1884044.352
2025-05-22 03:00:00,181383.897,552871.272,466877.88800000004,321163.755,179171.069,1701467.881
2025-05-22 04:00:00,176325.644,527570.872,433233.083,313693.695,176327.34,1627150.6339999998
2025-05-22 05:00:00,179368.139,538168.919,434154.456,324459.991,183496.666,1659648.1709999999
2025-05-22 06:00:00,201585.10199999998,609881.099,493511.1,373824.739,213221.946,1892023.986
2025-05-22 07:00:00,260593.777,778433.2069999999,636185.713,483635.817,281031.322,2439879.836
2025-05-22 08:00:00,341044.895,922752.413,773839.802,644906.131,362374.63300000003,3044917.874
2025-05-22 09:00:00,375809.76399999997,849444.404,764665.876,654381.156,372486.713,3016787.913
2025-05-22 10:00:00,379045.37,650666.632,622601.397,557001.247,351289.827,2560604.4729999998
2025-05-22 11:00:00,342243.564,446044.222,430112.89,450528.587,257940.423,1926869.6860000002
2025-05-22 12:00:00,317398.844,301310.164,294705.933,370228.203,183460.324,1467103.4679999999
2025-05-22 13:00:00,298641.64,255318.714,261252.638,285307.043,158587.024,1259107.0590000001
2025-05-22 14:00:00,297596.843,239014.291,280880.573,322443.818,173234.821,1313170.346
2025-05-22 15:00:00,291894.047,356510.245,300321.409,298960.524,190456.118,1438142.343
2025-05-22 16:00:00,299371.826,489231.21499999997,449235.029,363914.28,249653.714,1851406.064
2025-05-22 17:00:00,319732.564,676339.453,615868.616,476734.962,303799.463,2392475.058
2025-05-22 18:00:00,352458.256,869619.0090000001,761953.017,610525.674,351984.47,2946540.426
2025-05-22 19:00:00,368831.337,925812.677,801282.132,658342.056,368527.528,3122795.7299999995
2025-05-22 20:00:00,357701.266,881694.941,756875.166,633839.74,355746.76,2985857.8729999997
2025-05-22 21:00:00,338258.626,816441.037,699095.928,597433.85,334112.049,2785341.4899999998
2025-05-22 22:00:00,308362.484,757090.509,629638.844,538113.219,301518.728,2534723.784
2025-05-22 23:00:00,275163.881,712606.854,531146.697,451169.897,254111.624,2224198.953
2025-05-23 00:00:00,249909.374,723973.874,505488.089,415463.195,223505.192,2118339.724
2025-05-23 01:00:00,209570.942,605779.814,535792.803,347875.473,187207.612,1886226.644
2025-05-23 02:00:00,179766.245,519804.804,491316.496,302694.392,162724.249,1656306.186
2025-05-23 03:00:00,164408.421,462145.817,414040.632,279172.311,150909.356,1470676.5369999998
2025-05-23 04:00:00,157326.604,434102.594,375212.363,268837.705,146248.931,1381728.197
2025-05-23 05:00:00,157337.394,431783.692,369234.357,271450.251,148691.64,1378497.3340000003
2025-05-23 06:00:00,172127.194,474911.417,406047.056,301725.599,164845.338,1519656.6039999998
2025-05-23 07:00:00,213673.865,583909.563,504072.861,374269.761,206841.194,1882767.244
2025-05-23 08:00:00,272051.58400000003,684908.387,611316.508,491844.786,265977.538,2326098.8030000003
2025-05-23 09:00:00,303439.48,669637.722,624950.427,509514.053,275252.332,2382794.014
2025-05-23 10:00:00,318154.63300000003,583835.861,595313.868,496068.393,273995.207,2267367.9620000003
2025-05-23 11:00:00,321456.698,497446.787,569982.776,496144.362,263115.28,2148145.903
2025-05-23 12:00:00,311877.517,394107.516,451340.908,437829.28,213189.046,1808344.2670000002
2025-05-23 13:00:00,297062.794,324741.31,439206.386,345528.098,199102.814,1605641.402
2025-05-23 14:00:00,296123.501,319496.19,454248.779,362804.714,194442.11,1627115.2939999998
2025-05-23 15:00:00,300497.301,402838.06299999997,478888.73600000003,421108.065,232722.267,1836054.432
2025-05-23 16:00:00,305234.222,479088.1,509048.56,438081.824,237942.037,1969394.743
2025-05-23 17:00:00,317805.279,632208.566,628799.958,503592.928,273161.675,2355568.406
2025-05-23 18:00:00,337371.06799999997,776619.569,731402.155,585510.462,312435.00800000003,2743338.262
2025-05-23 19:00:00,337143.233,813783.605,748086.173,603640.411,322668.391,2825321.8129999996
2025-05-23 20:00:00,320674.019,776301.313,702088.692,574617.35,310118.877,2683800.2509999997
2025-05-23 21:00:00,303120.815,732397.583,653714.745,540361.9569999999,296509.817,2526104.917
2025-05-23 22:00:00,279958.822,702063.808,603368.92,496710.246,276176.953,2358278.749
2025-05-23 23:00:00,259956.55,682946.792,530429.988,433659.43700000003,244129.80599999998,2151122.573
2025-05-24 00:00:00,246148.291,716774.646,517421.636,414849.096,224907.646,2120101.315
2025-05-24 01:00:00,208618.939,596578.169,545999.007,351290.559,189672.899,1892159.5729999999
2025-05-24 02:00:00,178347.836,510653.526,493286.52,303041.28500000003,163238.979,1648568.146
2025-05-24 03:00:00,162009.364,455364.583,411345.169,276874.207,148987.909,1454581.2319999998
2025-05-24 04:00:00,153367.559,426613.177,374423.71,262127.405,142019.71600000001,1358551.567
2025-05-24 05:00:00,150658.845,419375.63,358923.052,257659.463,140387.896,1327004.886
2025-05-24 06:00:00,154959.505,445989.238,371245.537,266684.552,146506.37099999998,1385385.203
2025-05-24 07:00:00,170290.146,510827.593,417762.554,296163.32899999997,164740.158,1559783.78
2025-05-24 08:00:00,197945.062,583088.335,486565.923,369999.235,200490.627,1838089.182
2025-05-24 09:00:00,225142.91,538977.806,504150.471,401494.333,208070.962,1877836.482
2025-05-24 10:00:00,228879.234,368860.646,352014.256,318589.37,165321.747,1433665.253
2025-05-24 11:00:00,222364.631,207097.514,198420.219,232125.239,117655.955,977663.5580000001
2025-05-24 12:00:00,213888.832,117858.718,104500.906,174004.616,90824.997,701078.0689999999
2025-05-24 13:00:00,209973.697,103170.777,78019.049,162970.232,90802.851,644936.606
2025-05-24 14:00:00,215817.65,156622.842,140028.607,197572.787,117346.467,827388.3529999999
2025-05-24 15:00:00,219748.239,231059.979,234512.685,238401.03399999999,164156.81,1087878.747
2025-05-24 16:00:00,230714.38,329753.121,358490.466,317684.739,175479.044,1412121.75
2025-05-24 17:00:00,245003.726,551315.663,525313.254,419576.034,222153.106,1963361.7829999998
2025-05-24 18:00:00,282510.64,756603.903,680264.175,531467.243,287881.228,2538727.1890000002
2025-05-24 19:00:00,298457.25,817976.116,710351.424,561904.049,304681.973,2693370.812
2025-05-24 20:00:00,287794.446,794438.53,673854.576,538924.781,295788.322,2590800.6550000003
2025-05-24 21:00:00,276249.016,758861.814,639297.831,515194.702,284800.533,2474403.8959999997
2025-05-24 22:00:00,260313.528,735518.894,600005.018,480644.473,269240.548,2345722.461
2025-05-24 23:00:00,247641.692,720762.998,534610.477,425378.74,242030.269,2170424.176
2025-05-25 00:00:00,239251.331,751021.655,527687.302,413196.625,226775.93899999998,2157932.852
2025-05-25 01:00:00,205717.847,639328.067,557042.658,351921.03500000003,195600.489,1949610.0960000001
2025-05-25 02:00:00,177506.35,544623.407,505460.895,302979.636,169221.782,1699792.0699999998
2025-05-25 03:00:00,159957.076,481610.647,421299.17199999996,273108.934,153502.15600000002,1489477.9849999999
2025-05-25 04:00:00,151896.682,451645.879,377920.57,259331.49599999998,146421.18099999998,1387215.8080000002
2025-05-25 05:00:00,149217.58299999998,444310.27,362965.304,256642.515,145022.964,1358158.636
2025-05-25 06:00:00,152627.316,467820.158,375949.71499999997,266018.322,150619.003,1413034.514
2025-05-25 07:00:00,165935.905,524344.213,420429.11100000003,294401.842,168217.576,1573328.6469999999
2025-05-25 08:00:00,189411.448,591769.997,480191.70999999996,366826.321,201097.707,1829297.1829999997
2025-05-25 09:00:00,215130.816,588179.793,466986.151,388290.056,208071.59,1866658.4060000002
2025-05-25 10:00:00,219331.971,417988.58999999997,328144.138,320688.691,170207.605,1456360.9949999999
2025-05-25 11:00:00,214096.553,236761.823,178446.896,230916.952,132855.474,993077.6979999999
2025-05-25 12:00:00,211937.116,137797.484,97202.565,179249.449,107625.639,733812.253
2025-05-25 13:00:00,208334.274,71237.254,74106.387,208872.179,92013.78,654563.8740000001
2025-05-25 14:00:00,208555.09100000001,83169.336,65101.284,183453.748,80271.737,620551.196
2025-05-25 15:00:00,203750.217,154253.994,138408.567,227087.573,100028.01699999999,823528.368
2025-05-25 16:00:00,216780.718,320220.33,289281.028,286039.045,150224.601,1262545.7219999998
2025-05-25 17:00:00,241109.142,571205.981,513016.124,409998.62,226375.714,1961705.581
2025-05-25 18:00:00,284656.587,802738.4720000001,701116.413,540637.6089999999,298983.679,2628132.7600000002
2025-05-25 19:00:00,311519.619,866839.0009999999,747713.361,588658.422,325851.978,2840582.381
2025-05-25 20:00:00,304955.339,830224.277,707843.522,568567.538,318948.931,2730539.607
2025-05-25 21:00:00,290648.108,776346.84,660231.84,538593.587,302513.393,2568333.768
2025-05-25 22:00:00,263572.634,727875.909,591494.181,484356.441,272192.854,2339492.019
2025-05-25 23:00:00,237859.066,690914.499,499549.744,407935.371,231593.484,2067852.1639999999
2025-05-26 00:00:00,223314.686,717902.433,487801.566,386253.30700000003,210527.93800000002,2025799.9300000002
2025-05-26 01:00:00,189940.232,614537.973,524710.3369999999,327370.205,178867.242,1835425.989
2025-05-26 02:00:00,164517.566,534389.9890000001,488460.926,284814.168,157390.566,1629573.2149999999
2025-05-26 03:00:00,150265.299,476755.838,416365.471,260591.137,145240.352,1449218.097
2025-05-26 04:00:00,144138.891,448328.53,376805.659,249280.807,140587.348,1359141.235
2025-05-26 05:00:00,144249.535,449213.341,366985.464,251330.259,142753.032,1354531.631
2025-05-26 06:00:00,157890.561,494513.751,403050.706,277785.884,160331.502,1493572.404
2025-05-26 07:00:00,198327.31,611870.187,497195.838,345982.584,206130.674,1859506.5929999999
2025-05-26 08:00:00,251232.77,706192.413,575905.729,447670.25800000003,261416.919,2242418.089
2025-05-26 09:00:00,269803.55700000003,646073.144,495313.624,412643.618,243034.183,2066868.1260000002
2025-05-26 10:00:00,263154.601,455716.869,361606.864,317173.396,187110.863,1584762.5929999999
2025-05-26 11:00:00,250367.617,261204.47199999998,242380.283,228019.449,132761.051,1114732.872
2025-05-26 12:00:00,239582.802,141948.029,143284.282,160262.02,96808.497,781885.63
2025-05-26 13:00:00,234135.023,90566.038,97215.474,133631.971,80437.536,635986.042
2025-05-26 14:00:00,233116.153,139281.78,115105.394,142053.904,112984.46399999999,742541.695
2025-05-26 15:00:00,241435.36299999998,216782.95,187371.59,197152.809,134418.753,977161.465
2025-05-26 16:00:00,239143.994,382528.93,325533.12,284808.155,154543.704,1386557.903
2025-05-26 17:00:00,256168.582,640753.467,521069.47400000005,392845.213,226525.73,2037362.466
2025-05-26 18:00:00,291362.339,826834.379,686295.241,513809.006,291665.779,2609966.744
2025-05-26 19:00:00,308583.388,883295.084,721590.624,555106.803,314060.201,2782636.0999999996
2025-05-26 20:00:00,302325.48,848810.3200000001,683664.237,544156.062,310482.872,2689438.9710000004
2025-05-26 21:00:00,289278.238,797560.379,638009.981,516727.169,298180.768,2539756.535
2025-05-26 22:00:00,263530.208,744933.129,572142.923,470733.978,271798.779,2323139.017
2025-05-26 23:00:00,236392.924,699212.049,487245.532,397024.021,229858.999,2049733.5250000001
2025-05-27 00:00:00,220355.178,729023.071,481192.58999999997,378601.01,207759.369,2016931.2179999999
2025-05-27 01:00:00,186746.783,625616.125,520002.344,321819.36,177333.201,1831517.813
2025-05-27 02:00:00,161999.615,545154.019,483193.086,283273.608,156683.762,1630304.0899999999
2025-05-27 03:00:00,150519.264,493735.375,411792.471,264109.397,147365.934,1467522.441
2025-05-27 04:00:00,146931.009,470194.847,378071.82899999997,256977.418,145550.921,1397726.024
2025-05-27 05:00:00,148748.892,473007.762,377319.947,264514.242,150809.838,1414400.6809999999
2025-05-27 06:00:00,165606.105,526386.057,426123.732,302592.86,173770.173,1594478.927
2025-05-27 07:00:00,215222.364,668982.216,548153.252,392537.216,230652.875,2055547.923
2025-05-27 08:00:00,277948.842,792589.0360000001,657936.58,519437.069,297850.499,2545762.026
2025-05-27 09:00:00,295934.425,746363.748,604073.878,492794.811,277578.952,2416745.814
2025-05-27 10:00:00,286593.428,600430.694,465567.872,414899.026,218090.50400000002,1985581.524
2025-05-27 11:00:00,288551.148,500536.312,394926.873,373348.065,202919.149,1760281.547
2025-05-27 12:00:00,288258.279,423094.817,397645.638,395051.7,188959.774,1693010.2079999999
2025-05-27 13:00:00,307491.256,459577.752,490994.94899999996,474352.691,227157.455,1959574.1030000001
2025-05-27 14:00:00,319675.681,436980.405,541036.655,469218.225,243933.39,2010844.3560000001
2025-05-27 15:00:00,305618.518,536902.33,558505.795,409303.542,251083.985,2061414.17
2025-05-27 16:00:00,305889.762,644510.383,575571.944,445226.947,272492.698,2243691.7339999997
2025-05-27 17:00:00,333773.143,781382.107,739977.814,573889.688,323474.183,2752496.9350000005
2025-05-27 18:00:00,360499.251,951806.8,858849.186,673819.673,374601.593,3219576.503
2025-05-27 19:00:00,376828.355,998826.141,885515.356,716583.392,393577.607,3371330.851
2025-05-27 20:00:00,362971.048,942873.2050000001,826477.6,682437.232,381298.455,3196057.54
2025-05-27 21:00:00,339990.282,867213.836,757626.481,633353.861,355508.89,2953693.35
2025-05-27 22:00:00,303729.006,793370.363,664713.403,557087.171,314558.26399999997,2633458.207
2025-05-27 23:00:00,266270.732,729649.732,551403.372,455788.197,260637.776,2263749.809
2025-05-28 00:00:00,241446.191,749693.921,521169.254,418179.728,227822.166,2158311.26
2025-05-28 01:00:00,202637.771,640354.371,557166.824,352442.01,190339.892,1942940.868
2025-05-28 02:00:00,174260.372,550843.945,514837.912,306098.728,166449.004,1712489.961
2025-05-28 03:00:00,160424.859,492670.907,436901.08900000004,282126.045,154478.906,1526601.8059999999
2025-05-28 04:00:00,154505.996,464894.98699999996,398873.08999999997,271591.505,150619.432,1440485.01
2025-05-28 05:00:00,155498.515,470475.223,394882.15,277114.901,153987.149,1451957.9379999998
2025-05-28 06:00:00,172087.344,521601.849,439287.064,312036.18700000003,175214.545,1620226.989
2025-05-28 07:00:00,219115.173,646564.315,551195.861,393476.257,227190.865,2037542.471
2025-05-28 08:00:00,280848.159,760814.643,657313.928,518827.705,293503.696,2511308.131
2025-05-28 09:00:00,310528.616,741199.604,628857.18,525586.092,301356.2,2507527.6920000003
2025-05-28 10:00:00,316983.814,617044.408,510437.055,475223.43200000003,279592.407,2199281.116
2025-05-28 11:00:00,317010.046,494648.231,434982.323,439127.222,235087.372,1920855.1940000001
2025-05-28 12:00:00,311345.578,422384.812,369600.64,392369.092,222803.019,1718503.141
2025-05-28 13:00:00,305053.979,377769.676,346117.145,335836.475,225254.242,1590031.517
2025-05-28 14:00:00,299665.279,374838.382,371087.576,328424.074,234675.691,1608691.0019999999
2025-05-28 15:00:00,300762.254,422628.924,419899.089,363625.838,243421.325,1750337.43
2025-05-28 16:00:00,312681.898,539512.985,523638.271,450825.309,279387.13300000003,2106045.596
2025-05-28 17:00:00,329713.076,730331.454,684451.095,545409.191,319860.368,2609765.1839999994
2025-05-28 18:00:00,359026.237,918876.425,821036.497,649933.603,370952.767,3119825.529
2025-05-28 19:00:00,372644.767,967317.788,848552.645,687932.897,389474.206,3265922.3030000003
2025-05-28 20:00:00,359507.649,913940.277,795124.657,655746.264,375205.62,3099524.467
2025-05-28 21:00:00,337692.214,846669.603,730112.688,610622.767,349841.897,2874939.1689999998
2025-05-28 22:00:00,304860.92100000003,777643.728,647211.997,544244.719,312178.464,2586139.8290000004
2025-05-28 23:00:00,267924.211,718863.84,536112.0,448023.61,258481.416,2229405.077
2025-05-29 00:00:00,242331.101,736113.709,511467.499,413330.715,227099.855,2130342.879
2025-05-29 01:00:00,203539.058,623783.072,547493.799,346704.97,190713.91199999998,1912234.8110000002
2025-05-29 02:00:00,174579.708,537444.252,504950.606,300465.102,165902.607,1683342.2750000001
2025-05-29 03:00:00,159997.791,478357.452,428213.124,276637.981,153814.098,1497020.446
2025-05-29 04:00:00,154012.581,449046.091,390583.588,265974.003,149568.816,1409185.079
2025-05-29 05:00:00,154482.019,453130.58400000003,384962.096,269238.968,152391.568,1414205.2349999999
2025-05-29 06:00:00,169192.713,508046.42000000004,428388.037,300476.143,172763.023,1578866.3360000001
2025-05-29 07:00:00,214580.873,636994.57,540329.498,376457.067,222238.222,1990600.23
2025-05-29 08:00:00,273440.394,747491.836,643657.201,491048.953,284899.588,2440537.972
2025-05-29 09:00:00,303361.525,707043.714,620588.36,494697.599,294711.618,2420402.8159999996
2025-05-29 10:00:00,305547.131,549836.966,515718.066,444690.115,269145.056,2084937.3339999998
2025-05-29 11:00:00,291306.882,375330.799,396426.837,381218.914,214965.317,1659248.749
2025-05-29 12:00:00,282927.082,264440.585,305383.2,323660.15,200779.745,1377190.762
2025-05-29 13:00:00,283422.781,165401.013,205475.749,265075.677,189596.257,1108971.477
2025-05-29 14:00:00,270914.29,118283.091,156651.58,240679.866,152769.442,939298.269
2025-05-29 15:00:00,261082.778,157588.052,206199.898,259122.597,141561.261,1025554.5859999999
2025-05-29 16:00:00,267452.066,307503.977,343080.744,318382.626,179683.88400000002,1416103.297
2025-05-29 17:00:00,287186.677,558896.631,555128.051,437134.212,250956.933,2089302.504
2025-05-29 18:00:00,325974.635,802463.525,741566.659,574861.368,325915.009,2770781.196
2025-05-29 19:00:00,350085.606,901409.882,809015.39,640580.861,361959.534,3063051.273
2025-05-29 20:00:00,344239.261,888923.081,785181.909,631597.635,363329.892,3013271.778
2025-05-29 21:00:00,329578.485,848614.603,737510.855,603734.455,348222.419,2867660.817
2025-05-29 22:00:00,299292.11,797543.867,664199.042,548408.9569999999,312400.485,2621844.4609999997
2025-05-29 23:00:00,265916.549,744122.772,555390.065,458596.013,261694.782,2285720.181
2025-05-30 00:00:00,242068.243,756896.393,525470.97,420571.12,229570.425,2174577.151
2025-05-30 01:00:00,203015.133,645171.672,555889.043,350462.508,192081.55299999999,1946619.9090000002
2025-05-30 02:00:00,174299.19400000002,560864.5869999999,511553.585,303564.185,167663.862,1717945.413
2025-05-30 03:00:00,160132.313,502206.856,434315.313,279263.00800000003,155298.026,1531215.516
2025-05-30 04:00:00,153883.95500000002,475985.943,396764.474,267672.392,150723.17,1445029.934
2025-05-30 05:00:00,154068.519,480395.36600000004,391184.06200000003,270203.001,153482.344,1449333.292
2025-05-30 06:00:00,167828.377,538298.021,432710.495,299062.299,171750.38,1609649.5719999997
2025-05-30 07:00:00,209833.389,669335.606,540851.743,370865.766,216837.67,2007724.1739999999
2025-05-30 08:00:00,266655.146,792368.633,651113.8640000001,489422.249,282197.252,2481757.144
2025-05-30 09:00:00,298101.794,760078.932,642433.467,506656.648,293701.201,2500972.042
2025-05-30 10:00:00,306995.708,604009.971,547555.098,474153.507,273420.687,2206134.971
2025-05-30 11:00:00,299540.426,436505.119,440780.357,428664.475,239596.487,1845086.864
2025-05-30 12:00:00,295040.234,320509.262,386915.355,407671.799,218718.975,1628855.625
2025-05-30 13:00:00,292325.312,260084.007,362293.943,394454.875,216752.186,1525910.323
2025-05-30 14:00:00,294566.732,233657.552,384690.954,402254.678,210670.793,1525840.7090000003
2025-05-30 15:00:00,292531.266,257607.836,390616.003,398551.713,214323.653,1553630.471
2025-05-30 16:00:00,292624.113,366809.865,472483.178,425839.519,240403.63999999998,1798160.315
2025-05-30 17:00:00,310445.301,595684.938,632291.207,515027.006,283881.592,2337330.044
2025-05-30 18:00:00,333371.833,824235.119,760597.201,603277.582,330808.218,2852289.9529999997
2025-05-30 19:00:00,338765.594,902254.506,789533.513,627807.235,350287.502,3008648.35
2025-05-30 20:00:00,327435.308,881580.5430000001,751631.317,603335.814,345553.911,2909536.8929999997
2025-05-30 21:00:00,311663.947,842873.742,706861.798,569116.6359999999,334292.225,2764808.3479999998
2025-05-30 22:00:00,287396.169,805324.756,653417.718,521442.859,309403.751,2576985.253
2025-05-30 23:00:00,264031.864,767863.322,566803.76,449371.359,266952.078,2315022.383
2025-05-31 00:00:00,248370.389,786018.937,546274.195,425659.293,241133.445,2247456.2589999996
2025-05-31 01:00:00,210674.972,665996.38,574262.985,357379.228,201443.29,2009756.855
2025-05-31 02:00:00,179271.482,572913.02,521605.23099999997,305818.671,172209.386,1751817.7899999998
2025-05-31 03:00:00,162834.632,509843.853,436077.733,278415.797,157089.658,1544261.6730000002
2025-05-31 04:00:00,154052.986,478615.106,393833.721,263819.767,149249.756,1439571.3360000001
2025-05-31 05:00:00,150953.236,474234.81200000003,380020.021,260755.288,147085.483,1413048.84
2025-05-31 06:00:00,155635.728,503066.73,395479.102,272206.47,154309.587,1480697.617
2025-05-31 07:00:00,172347.506,579214.187,451247.581,304898.49,174111.558,1681819.322
2025-05-31 08:00:00,200542.663,660498.944,524520.578,381277.652,212103.769,1978943.6060000001
2025-05-31 09:00:00,230862.052,673977.956,553260.171,433085.986,238783.131,2129969.296
2025-05-31 10:00:00,248128.806,541503.29,476116.46499999997,420387.43700000003,236500.055,1922636.053
2025-05-31 11:00:00,259793.598,366102.249,351271.253,396259.46,210041.659,1583468.219
2025-05-31 12:00:00,263031.719,209884.824,247189.81699999998,387219.829,154335.85,1261662.039
2025-05-31 13:00:00,251085.563,96774.967,171732.239,367763.908,107177.8,994534.4770000002
2025-05-31 14:00:00,228703.913,72546.624,147094.786,324559.41000000003,94389.422,867294.155
2025-05-31 15:00:00,223099.691,135150.329,190633.644,286159.855,111892.728,946936.247
2025-05-31 16:00:00,231783.983,296774.805,325403.622,325536.9,158328.952,1337828.262
2025-05-31 17:00:00,255893.105,552813.095,534534.3099999999,437215.555,232264.976,2012721.041
2025-05-31 18:00:00,300330.591,802032.3219999999,715767.544,572696.998,302771.283,2693598.738
2025-05-31 19:00:00,322099.839,884003.4079999999,767018.5279999999,624939.423,328578.373,2926639.571
2025-05-31 20:00:00,313310.23699999996,866578.535,743234.613,611924.572,325889.077,2860937.034
2025-05-31 21:00:00,301263.369,839530.788,714766.642,592075.446,317508.134,2765144.379
2025-05-31 22:00:00,284378.115,821810.392,673415.551,557860.9890000001,301459.364,2638924.4110000003
2025-05-31 23:00:00,269280.717,801829.523,600659.855,495831.337,271881.00800000003,2439482.44
2025-06-01 00:00:00,258761.528,825889.6259999999,593500.73,473946.014,253642.641,2405740.539
2025-06-01 01:00:00,223395.847,715215.09,623772.885,404684.636,219142.287,2186210.745
2025-06-01 02:00:00,194044.119,623606.276,573087.453,351212.144,191150.395,1933100.3869999999
2025-06-01 03:00:00,177052.479,561766.698,488949.68200000003,321358.217,175161.396,1724288.4719999998
2025-06-01 04:00:00,168636.539,529942.311,449888.495,307323.722,167816.95799999998,1623608.025
2025-06-01 05:00:00,166515.34,525944.189,436532.846,306110.439,166727.017,1601829.831
2025-06-01 06:00:00,171610.805,557440.143,457280.298,322202.914,175244.13199999998,1683778.2920000001
2025-06-01 07:00:00,188348.06,631043.149,520739.718,361764.273,197102.296,1898997.4960000003
2025-06-01 08:00:00,218948.739,720720.045,613947.685,460737.388,239337.55800000002,2253691.415
2025-06-01 09:00:00,252965.255,734469.389,643131.794,517798.984,258836.087,2407201.509
2025-06-01 10:00:00,258352.323,559253.642,499199.977,448792.087,221459.205,1987057.234
2025-06-01 11:00:00,246474.647,347136.654,301167.11,332600.73,165872.204,1393251.3449999997
2025-06-01 12:00:00,233414.725,196393.43,164981.963,250174.139,126383.962,971348.219
2025-06-01 13:00:00,223817.445,156652.814,107161.694,215639.27099999998,105950.257,809221.481
2025-06-01 14:00:00,221809.367,167804.812,124210.863,225396.48500000002,104542.554,843764.081
2025-06-01 15:00:00,225674.736,273379.487,203741.276,258712.715,134521.41,1096029.6239999998
2025-06-01 16:00:00,244292.979,451754.525,386887.758,367419.868,189480.191,1639835.321
2025-06-01 17:00:00,273044.906,675847.646,619173.094,487179.114,266505.451,2321750.211
2025-06-01 18:00:00,323342.338,901621.567,807162.227,622157.636,339744.027,2994027.795
2025-06-01 19:00:00,345763.925,955836.003,843214.971,659766.833,361243.707,3165825.439
2025-06-01 20:00:00,336309.427,908995.6529999999,799223.156,634406.032,351830.887,3030765.1550000003
2025-06-01 21:00:00,321880.777,851196.889,746478.733,602965.077,336025.028,2858546.5039999997
2025-06-01 22:00:00,292918.846,792996.988,671084.866,545276.057,304505.458,2606782.2150000003
2025-06-01 23:00:00,260083.578,744137.268,562286.943,455568.902,257898.785,2279975.4760000003
2025-06-02 00:00:00,240752.625,755059.835,537736.993,423809.09400000004,230208.161,2187566.708
2025-06-02 01:00:00,205406.195,649909.698,570761.257,359037.303,194972.695,1980087.148
2025-06-02 02:00:00,178186.178,566734.477,530833.89,311735.916,170136.59100000001,1757627.0520000001
2025-06-02 03:00:00,164058.117,507570.53500000003,454911.16500000004,287179.946,157850.335,1571570.098
2025-06-02 04:00:00,158363.668,479220.322,417672.972,277539.038,153712.57,1486508.57
2025-06-02 05:00:00,159599.706,481949.099,412770.361,282301.671,157711.495,1494332.332
2025-06-02 06:00:00,176459.596,540930.272,459697.43200000003,320488.796,179882.979,1677459.075
2025-06-02 07:00:00,226301.986,683147.031,588857.842,411135.55700000003,234559.828,2144002.244
2025-06-02 08:00:00,293995.273,817213.231,717238.704,551890.6140000001,305443.837,2685781.659
2025-06-02 09:00:00,322263.433,782270.738,702356.7170000001,548788.244,299166.328,2654845.46
2025-06-02 10:00:00,313066.24199999997,623655.661,535327.201,441347.745,245376.772,2158773.621
2025-06-02 11:00:00,301485.05,467088.948,381351.026,375997.283,200719.048,1726641.355
2025-06-02 12:00:00,282426.142,339292.173,272107.853,317964.926,156333.849,1368124.943
2025-06-02 13:00:00,276319.37,242570.908,203410.498,266264.89400000003,147384.654,1135950.324
2025-06-02 14:00:00,265282.591,251473.665,215075.824,248772.372,134372.212,1114976.664
2025-06-02 15:00:00,260759.773,308479.552,296272.602,281442.206,156309.81900000002,1303263.952
2025-06-02 16:00:00,266142.474,440162.30700000003,417167.062,356744.611,192213.256,1672429.71
2025-06-02 17:00:00,283487.861,631694.843,593787.594,457240.95,252600.46899999998,2218811.7169999997
2025-06-02 18:00:00,324528.145,854619.546,782056.301,593584.0260000001,322393.339,2877181.3570000003
2025-06-02 19:00:00,347514.883,931504.527,833747.579,648905.919,351059.278,3112732.1859999998
2025-06-02 20:00:00,338870.017,892595.888,789409.438,626315.439,344830.582,2992021.364
2025-06-02 21:00:00,320625.017,834166.746,732529.26,589562.001,326028.531,2802911.555
2025-06-02 22:00:00,288852.169,773549.697,653036.258,527493.089,292048.738,2534979.951
2025-06-02 23:00:00,254466.399,720890.635,544440.044,437371.778,243587.139,2200755.995
2025-06-03 00:00:00,233445.52,745924.9299999999,524065.455,407512.881,218909.495,2129858.281
2025-06-03 01:00:00,197108.201,636282.132,561249.954,344045.413,184754.46,1923440.1600000001
2025-06-03 02:00:00,170310.52,556941.675,523324.347,300672.615,162706.992,1713956.1490000002
2025-06-03 03:00:00,156587.838,498173.809,446586.86699999997,277235.739,151269.664,1529853.917
2025-06-03 04:00:00,150867.487,473128.24799999996,409481.221,267966.497,146257.865,1447701.318
2025-06-03 05:00:00,151980.325,479204.624,405352.094,273175.382,149370.615,1459083.04
2025-06-03 06:00:00,168781.691,536566.728,454424.45,308130.718,171317.016,1639220.6030000001
2025-06-03 07:00:00,216370.224,669199.666,578258.9839999999,390254.447,222346.25699999998,2076429.5779999997
2025-06-03 08:00:00,279534.42,786139.4789999999,695144.091,513940.202,287840.41000000003,2562598.602
2025-06-03 09:00:00,311365.042,770555.803,703586.452,534185.049,300270.93,2619963.276
2025-06-03 10:00:00,318437.934,615310.895,627876.764,496005.531,284087.641,2341718.765
2025-06-03 11:00:00,315994.866,449316.734,505405.563,438505.929,256012.31,1965235.4020000002
2025-06-03 12:00:00,323391.165,369246.032,436721.465,395060.907,243156.571,1767576.14
2025-06-03 13:00:00,331512.14400000003,389343.979,390391.629,374484.547,226361.15399999998,1712093.4529999997
2025-06-03 14:00:00,321327.778,386939.41000000003,409252.774,337519.32,224760.874,1679800.1560000002
2025-06-03 15:00:00,310330.257,412740.428,440851.847,357476.1,238837.337,1760235.9690000003
2025-06-03 16:00:00,324865.102,563835.811,552347.674,438625.734,284239.067,2163913.388
2025-06-03 17:00:00,351152.342,806708.512,747250.895,585582.534,353350.343,2844044.6259999997
2025-06-03 18:00:00,392047.124,1034087.534,922828.628,729206.552,416011.658,3494181.496
2025-06-03 19:00:00,410330.054,1096398.548,972429.221,787462.031,438091.595,3704711.449
2025-06-03 20:00:00,400398.939,1052428.888,924971.247,765190.721,425459.976,3568449.7709999997
2025-06-03 21:00:00,377731.199,978685.146,856757.731,718608.182,400911.18700000003,3332693.445
2025-06-03 22:00:00,337510.825,896798.8910000001,755579.804,634562.152,353751.727,2978203.399
2025-06-03 23:00:00,291791.119,818824.811,622055.549,517696.988,292977.481,2543345.9480000003
2025-06-04 00:00:00,260263.666,826769.378,582035.099,465068.512,255399.847,2389536.502
2025-06-04 01:00:00,218371.006,716452.4890000001,616539.162,393188.26,214321.378,2158872.295
2025-06-04 02:00:00,189161.614,627278.014,575059.882,343677.032,186343.061,1921519.6030000001
2025-06-04 03:00:00,174709.641,566397.456,495864.79099999997,318428.463,173969.526,1729369.877
2025-06-04 04:00:00,169203.326,539945.906,460274.636,308773.699,169145.739,1647343.306
2025-06-04 05:00:00,171394.289,545982.035,461877.711,318014.108,174116.828,1671384.9710000001
2025-06-04 06:00:00,190300.826,610996.698,522975.208,364428.378,200775.891,1889477.001
2025-06-04 07:00:00,247346.161,770152.1950000001,676798.205,474298.46599999996,264863.146,2433458.173
2025-06-04 08:00:00,322815.12,911731.1529999999,824453.801,634482.001,343523.906,3037005.981
2025-06-04 09:00:00,348192.873,851947.745,786991.455,627346.238,337888.13800000004,2952366.449
2025-06-04 10:00:00,339210.38300000003,650917.7609999999,598130.464,521184.566,277932.615,2387375.789
2025-06-04 11:00:00,330574.075,477931.582,438241.904,452304.757,250109.055,1949161.373
2025-06-04 12:00:00,328826.487,382198.977,380208.417,417855.931,239513.264,1748603.076
2025-06-04 13:00:00,321630.21499999997,329281.226,358758.403,385691.913,224982.712,1620344.469
2025-06-04 14:00:00,320121.513,353804.326,368969.047,402942.743,226974.471,1672812.0999999999
2025-06-04 15:00:00,325187.802,411609.521,442851.662,453305.409,260750.18,1893704.574
2025-06-04 16:00:00,335655.988,546288.298,570159.149,524490.347,304929.604,2281523.386
2025-06-04 17:00:00,356015.072,788553.328,772470.958,626189.887,360507.191,2903736.436
2025-06-04 18:00:00,389126.946,1025558.247,931852.598,743647.508,413771.913,3503957.212
2025-06-04 19:00:00,409339.027,1104734.777,975817.685,796391.056,436782.999,3723065.5439999998
2025-06-04 20:00:00,400403.077,1065243.677,936940.414,772222.033,427007.6,3601816.801
2025-06-04 21:00:00,380898.985,998004.994,875958.651,729103.308,404026.129,3387992.067
2025-06-04 22:00:00,345439.01300000004,920452.37,781631.035,652398.244,362831.848,3062752.51
2025-06-04 23:00:00,300146.236,845112.039,649343.2490000001,535079.692,303940.047,2633621.2630000003
2025-06-05 00:00:00,268654.332,851567.546,608855.535,482684.266,263420.867,2475182.546
2025-06-05 01:00:00,226397.548,739309.24,641245.634,405010.612,220711.442,2232674.476
2025-06-05 02:00:00,196087.478,650917.768,598079.158,353368.655,192510.692,1990963.7510000002
2025-06-05 03:00:00,180479.832,588993.48,517902.609,327188.277,179623.836,1794188.034
2025-06-05 04:00:00,174296.844,565123.615,479989.161,317692.567,175742.283,1712844.4700000002
2025-06-05 05:00:00,176254.659,577119.858,478655.683,327345.284,180859.736,1740235.22
2025-06-05 06:00:00,195661.04499999998,649580.115,538363.868,374706.266,210421.656,1968732.95
2025-06-05 07:00:00,254802.084,824738.842,688018.133,482715.07,276043.91,2526318.0390000003
2025-06-05 08:00:00,335190.824,982330.216,829385.941,644175.013,358927.199,3150009.193
2025-06-05 09:00:00,370419.505,917960.515,796627.237,649300.846,357775.596,3092083.699
2025-06-05 10:00:00,360326.404,679599.276,622325.057,583448.123,289882.939,2535581.7989999996
2025-06-05 11:00:00,335787.03,436175.525,443951.746,488124.93799999997,218929.356,1922968.595
2025-06-05 12:00:00,316289.022,278941.434,294671.201,375829.215,172166.924,1437897.796
2025-06-05 13:00:00,296318.306,198118.329,199415.944,308347.656,139548.614,1141748.849
2025-06-05 14:00:00,289050.891,234567.34399999998,180384.163,260006.562,135903.649,1099912.609
2025-06-05 15:00:00,291359.23099999997,338646.055,264829.973,289337.177,166227.154,1350399.59
2025-06-05 16:00:00,292712.854,523870.101,407250.418,369134.318,214121.787,1807089.4780000001
2025-06-05 17:00:00,322343.842,767908.404,662125.45,534604.413,294761.187,2581743.296
2025-06-05 18:00:00,369063.457,1004261.757,878750.735,680052.357,381668.739,3313797.045
2025-06-05 19:00:00,394927.871,1080091.506,951697.7660000001,748748.768,416888.583,3592354.4940000004
2025-06-05 20:00:00,389072.221,1042069.506,922004.557,737878.438,412058.25,3503082.972
2025-06-05 21:00:00,372838.114,981667.985,863184.012,703366.188,392554.036,3313610.335
2025-06-05 22:00:00,341682.927,912024.39,777019.03,639002.557,357766.819,3027495.723
2025-06-05 23:00:00,300564.037,840094.861,648842.65,533567.371,301168.486,2624237.4050000003
2025-06-06 00:00:00,271187.545,841513.6510000001,604717.757,479605.354,263624.318,2460648.625
2025-06-06 01:00:00,227643.65899999999,728557.826,629821.381,400760.388,219432.234,2206215.488
2025-06-06 02:00:00,195355.636,637253.706,581596.36,347373.964,189802.93600000002,1951382.6019999997
2025-06-06 03:00:00,178594.07,571017.759,498450.096,319854.758,175644.422,1743561.1049999997
2025-06-06 04:00:00,170758.216,539539.212,459052.681,307285.209,170070.36,1646705.6779999998
2025-06-06 05:00:00,171246.525,543746.793,453033.494,311336.153,174551.189,1653914.1539999999
2025-06-06 06:00:00,188197.314,602629.638,501951.211,348462.794,198524.618,1839765.575
2025-06-06 07:00:00,236946.432,744081.166,629753.087,437741.72500000003,253723.424,2302245.8340000003
2025-06-06 08:00:00,302529.722,873997.39,760139.496,577851.829,326168.38,2840686.817
2025-06-06 09:00:00,345570.021,938378.334,800934.684,626860.741,356242.39,3067986.17
2025-06-06 10:00:00,361617.115,903591.476,759501.622,594170.696,362537.173,2981418.082
2025-06-06 11:00:00,370924.344,819345.015,676177.548,555302.46,359549.618,2781298.9849999994
2025-06-06 12:00:00,378484.826,771219.818,640216.855,534950.237,363794.626,2688666.3619999997
2025-06-06 13:00:00,386337.535,764167.883,658576.782,578602.483,362267.232,2749951.915
2025-06-06 14:00:00,386192.227,767043.488,647375.356,583189.794,348779.697,2732580.5620000004
2025-06-06 15:00:00,372617.761,784862.988,658406.155,579026.564,328763.788,2723677.2560000005
2025-06-06 16:00:00,371008.694,832011.116,703334.137,608828.084,320881.344,2836063.375
2025-06-06 17:00:00,371873.75800000003,931788.355,807682.987,663640.2880000001,352086.225,3127071.6130000004
2025-06-06 18:00:00,383411.686,1064190.189,901552.054,718827.48,392626.58900000004,3460607.998
2025-06-06 19:00:00,384991.321,1084644.019,915354.5179999999,735895.7779999999,404151.535,3525037.171
2025-06-06 20:00:00,370430.36699999997,1033572.768,861687.863,703479.644,393982.679,3363153.321
2025-06-06 21:00:00,353960.77,968402.984,806793.466,669688.512,376063.655,3174909.387
2025-06-06 22:00:00,328592.592,913900.895,746473.059,621749.1140000001,348678.039,2959393.699
2025-06-06 23:00:00,302024.448,863682.8659999999,650590.3859999999,538644.522,304414.643,2659356.8649999998
2025-06-07 00:00:00,278663.962,870533.336,617247.049,497865.309,272928.571,2537238.227
2025-06-07 01:00:00,236221.767,747929.638,638392.793,417265.015,228328.495,2268137.708
2025-06-07 02:00:00,201827.547,646534.827,582939.96,356238.153,194527.687,1982068.1739999999
2025-06-07 03:00:00,182459.969,574530.639,493287.922,322252.609,175865.324,1748396.463
2025-06-07 04:00:00,172347.251,539466.275,444787.18,304817.365,167675.85,1629093.921
2025-06-07 05:00:00,169561.814,529437.182,428679.486,302606.721,166686.288,1596971.491
2025-06-07 06:00:00,174975.857,555289.498,447333.663,317405.99,174696.978,1669701.986
2025-06-07 07:00:00,193311.59100000001,625861.269,508381.811,355851.843,198898.411,1882304.925
2025-06-07 08:00:00,225011.204,711163.224,589882.176,446012.365,243040.62099999998,2215109.59
2025-06-07 09:00:00,270608.034,803052.331,678047.132,548223.758,293054.342,2592985.597
2025-06-07 10:00:00,312439.714,798072.228,728120.883,623458.5650000001,323424.311,2785515.7010000004
2025-06-07 11:00:00,331994.407,674789.321,707009.226,623921.185,310002.873,2647717.0120000006
2025-06-07 12:00:00,316922.428,487432.016,645320.025,554525.29,245534.513,2249734.272
2025-06-07 13:00:00,289389.77,449750.801,583341.184,453393.562,196145.407,1972020.724
2025-06-07 14:00:00,288298.387,525655.233,572658.8,433991.985,207488.207,2028092.612
2025-06-07 15:00:00,285672.838,667798.451,606913.313,496303.635,247827.36800000002,2304515.6050000004
2025-06-07 16:00:00,302426.816,811463.066,678218.201,540785.194,297012.726,2629906.0029999996
2025-06-07 17:00:00,328060.83400000003,917128.605,795039.519,629319.046,343446.428,3012994.4319999996
2025-06-07 18:00:00,358521.04099999997,1028664.79,899361.4,717846.38,378702.84,3383096.451
2025-06-07 19:00:00,364434.696,1030987.275,900615.742,727746.276,380741.629,3404525.6180000002
2025-06-07 20:00:00,349495.88,976583.422,850141.676,693073.853,366258.613,3235553.444
2025-06-07 21:00:00,333370.728,923071.799,797013.956,657200.738,347011.732,3057668.9529999997
2025-06-07 22:00:00,310882.662,885305.947,738258.044,609864.8690000001,322703.87,2867015.392
2025-06-07 23:00:00,288541.978,854079.453,647022.115,532004.733,288310.094,2609958.373
2025-06-08 00:00:00,272386.957,867248.208,621875.964,499471.702,265654.643,2526637.4740000004
2025-06-08 01:00:00,234965.144,751965.3859999999,648820.7220000001,423351.68799999997,215699.617,2274802.557
2025-06-08 02:00:00,203609.37,656837.96,596717.554,363914.526,186382.357,2007461.767
2025-06-08 03:00:00,184762.928,587062.924,505125.873,329132.034,170308.70799999998,1776392.4670000002
2025-06-08 04:00:00,175386.61000000002,549466.757,458288.4,313143.966,162810.314,1659096.047
2025-06-08 05:00:00,172641.255,540276.221,439259.482,309475.637,161017.897,1622670.492
2025-06-08 06:00:00,177727.495,562376.183,451910.959,322693.598,168506.93,1683215.165
2025-06-08 07:00:00,192392.90099999998,622588.77,503420.566,355840.29,187976.95799999998,1862219.4849999999
2025-06-08 08:00:00,218886.968,695721.603,582476.4450000001,436575.23600000003,227331.637,2160991.889
2025-06-08 09:00:00,263392.925,812573.0210000001,679988.837,524184.794,270381.13300000003,2550520.71
2025-06-08 10:00:00,304537.249,839522.22,689931.21,588678.019,310312.298,2732980.996
2025-06-08 11:00:00,322634.561,829704.182,627134.281,540524.431,327768.728,2647766.183
2025-06-08 12:00:00,316090.122,813424.853,538958.72,493989.645,318128.588,2480591.928
2025-06-08 13:00:00,311119.42,825176.313,504717.80700000003,474186.759,319875.11,2435075.409
2025-06-08 14:00:00,290160.205,827218.284,505855.357,434734.556,300735.508,2358703.91
2025-06-08 15:00:00,287556.45900000003,857292.9049999999,598046.654,482382.183,275540.188,2500818.389
2025-06-08 16:00:00,307159.754,905139.666,694772.198,564293.661,307609.379,2778974.658
2025-06-08 17:00:00,333131.134,1005947.108,812004.914,637067.937,362521.934,3150673.027
2025-06-08 18:00:00,360811.63300000003,1118917.459,914787.956,719848.5,393457.56799999997,3507823.1160000004
2025-06-08 19:00:00,368370.192,1120610.346,923032.71,736320.024,397539.494,3545872.766
2025-06-08 20:00:00,355153.365,1055828.104,869180.594,701565.525,381615.399,3363342.9869999997
2025-06-08 21:00:00,338303.191,985867.612,814881.391,665268.292,363237.033,3167557.5189999994
2025-06-08 22:00:00,313972.221,928391.664,750065.788,611162.108,334281.088,2937872.869
2025-06-08 23:00:00,288449.601,874498.216,648515.153,526659.874,287740.877,2625863.721
2025-06-09 00:00:00,269660.491,874506.164,618525.122,490711.703,255345.144,2508748.624
2025-06-09 01:00:00,230417.533,755403.71,642486.782,411661.03500000003,215233.237,2255202.2970000003
2025-06-09 02:00:00,199161.715,657471.733,589761.954,353383.938,186430.519,1986209.859
2025-06-09 03:00:00,180716.741,585744.027,498524.063,318509.224,168596.58,1752090.6350000002
2025-06-09 04:00:00,171736.735,546621.999,448801.485,300643.085,160655.26,1628458.564
2025-06-09 05:00:00,168698.611,533118.161,428829.171,296438.308,158175.288,1585259.539
2025-06-09 06:00:00,175284.922,555572.052,440633.518,309635.077,166265.931,1647391.5
2025-06-09 07:00:00,195045.435,617016.472,492406.981,343973.23,184565.142,1833007.2599999998
2025-06-09 08:00:00,225402.898,682320.399,562353.882,421780.551,218837.921,2110695.651
2025-06-09 09:00:00,263286.109,743374.06,656655.73,497326.439,257369.35199999998,2418011.69
2025-06-09 10:00:00,294009.045,717948.487,686875.899,535238.669,287101.395,2521173.4949999996
2025-06-09 11:00:00,314892.561,648857.741,643078.397,561193.109,304183.959,2472205.767
2025-06-09 12:00:00,320648.233,609430.837,549545.3150000001,437404.819,315575.014,2232604.218
2025-06-09 13:00:00,286863.719,519610.658,493064.421,398039.862,228333.791,1925912.4510000001
2025-06-09 14:00:00,291850.299,533057.471,475236.88,422203.366,227741.326,1950089.3419999997
2025-06-09 15:00:00,284487.499,554953.894,532526.462,407704.916,258222.54200000002,2037895.313
2025-06-09 16:00:00,299228.588,640834.959,602790.059,485788.63,275613.825,2304256.061
2025-06-09 17:00:00,322631.279,822483.146,744511.508,582249.189,329933.467,2801808.589
2025-06-09 18:00:00,364993.44299999997,1010614.267,890361.15,705738.38,395324.155,3367031.3949999996
2025-06-09 19:00:00,386246.584,1054154.701,915824.476,746442.485,411635.368,3514303.614
2025-06-09 20:00:00,373033.072,995443.13,856532.981,712581.585,392961.155,3330551.9230000004
2025-06-09 21:00:00,352511.13899999997,919984.1630000001,788914.9839999999,665394.689,366401.023,3093205.998
2025-06-09 22:00:00,316059.174,846705.346,700358.316,590377.586,326817.002,2780317.424
2025-06-09 23:00:00,276629.215,783347.183,583862.0700000001,485659.652,266515.886,2396014.006
2025-06-10 00:00:00,250939.555,803674.471,556267.173,444079.669,228381.8,2283342.668
2025-06-10 01:00:00,213060.44,698532.192,593388.525,374288.64900000003,200240.704,2079510.5099999998
2025-06-10 02:00:00,184951.237,609250.393,555463.315,325893.538,175296.283,1850854.766
2025-06-10 03:00:00,169962.273,541885.967,477850.765,301418.115,163592.265,1654709.3850000002
2025-06-10 04:00:00,163788.762,508987.419,439825.4,292525.671,159936.214,1565063.4659999998
2025-06-10 05:00:00,164998.14,512262.934,432596.527,298761.519,163553.742,1572172.8620000002
2025-06-10 06:00:00,182453.26,571276.141,478942.562,337705.397,185798.67799999999,1756176.038
2025-06-10 07:00:00,237381.415,719617.08,609605.8319999999,437824.717,244157.998,2248587.042
2025-06-10 08:00:00,313794.387,864427.263,748030.715,594517.922,324491.439,2845261.726
2025-06-10 09:00:00,349400.02,850663.537,767226.953,610727.619,327532.669,2905550.7979999995
2025-06-10 10:00:00,344374.988,655079.848,649968.658,519707.75800000003,272362.133,2441493.3850000002
2025-06-10 11:00:00,326729.485,451327.037,476393.93,419401.521,208945.888,1882797.861
2025-06-10 12:00:00,316326.195,329132.352,378925.86,373532.746,189731.334,1587648.487
2025-06-10 13:00:00,304932.69800000003,307450.612,401474.357,372546.932,204293.516,1590698.1150000002
2025-06-10 14:00:00,299582.092,339281.33999999997,417167.612,403150.16599999997,189190.743,1648371.953
2025-06-10 15:00:00,291923.684,415718.934,486434.849,409733.96499999997,203906.536,1807717.968
2025-06-10 16:00:00,302375.174,549730.86,558848.999,436380.702,261243.888,2108579.6229999997
2025-06-10 17:00:00,331324.354,776344.69,748311.861,564131.966,324837.574,2744950.4450000003
2025-06-10 18:00:00,377022.808,1004740.976,920096.5700000001,713295.448,392920.64,3408076.4420000003
2025-06-10 19:00:00,401295.08999999997,1080843.687,969738.2069999999,778053.616,421799.127,3651729.7269999995
2025-06-10 20:00:00,391964.29099999997,1035324.3219999999,923698.7,756027.186,411307.847,3518322.346
2025-06-10 21:00:00,370879.736,963557.7390000001,854421.911,710700.594,386044.454,3285604.434
2025-06-10 22:00:00,332173.032,885144.077,753380.99,629347.478,341437.077,2941482.6540000006
2025-06-10 23:00:00,288783.743,810094.203,620539.084,514737.039,283139.343,2517293.412
2025-06-11 00:00:00,258416.16999999998,824198.211,579467.123,461846.622,246600.44400000002,2370528.5700000003
2025-06-11 01:00:00,217440.836,720670.112,609231.608,387271.372,206952.259,2141566.187
2025-06-11 02:00:00,188881.37900000002,635739.345,567544.527,339317.515,181886.908,1913369.674
2025-06-11 03:00:00,174946.979,573818.944,488840.223,315969.524,170744.215,1724319.885
2025-06-11 04:00:00,169733.885,544124.922,451695.301,306755.788,168037.129,1640347.025
2025-06-11 05:00:00,172545.468,552045.628,451219.936,315943.186,173796.081,1665550.2989999999
2025-06-11 06:00:00,192736.099,624319.795,508020.50800000003,362122.28500000003,201951.646,1889150.3329999999
2025-06-11 07:00:00,251359.702,787371.629,656079.255,470745.90400000004,269453.548,2435010.038
2025-06-11 08:00:00,330894.854,944003.974,801849.56,632472.815,353461.658,3062682.8609999996
2025-06-11 09:00:00,366552.546,932995.6070000001,797021.387,640541.861,356934.199,3094045.6
2025-06-11 10:00:00,358102.42,741084.01,628558.858,544902.828,292770.027,2565418.143
2025-06-11 11:00:00,335415.608,529317.741,457691.064,434384.451,226568.896,1983377.76
2025-06-11 12:00:00,317100.274,420701.109,349869.071,354862.703,207248.284,1649781.4409999999
2025-06-11 13:00:00,317636.733,402151.907,304222.38,334944.342,206665.558,1565620.9200000002
2025-06-11 14:00:00,316814.71,407274.414,330055.833,330159.035,218896.538,1603200.53
2025-06-11 15:00:00,309425.497,464953.90499999997,402555.773,343950.873,239651.467,1760537.515
2025-06-11 16:00:00,311115.262,595775.841,529181.85,403681.703,252495.858,2092250.514
2025-06-11 17:00:00,337835.691,810163.453,718414.111,542188.241,328948.083,2737549.579
2025-06-11 18:00:00,382852.712,1034893.071,904001.77,703111.674,401222.625,3426081.852
2025-06-11 19:00:00,406740.641,1106748.96,967356.86,778606.285,436151.619,3695604.3649999998
2025-06-11 20:00:00,403971.918,1067861.561,933114.279,766005.176,433427.155,3604380.0890000006
2025-06-11 21:00:00,391015.719,1000360.308,870205.358,732371.027,414809.06200000003,3408761.474
2025-06-11 22:00:00,355406.763,920475.788,775522.111,658797.5,370957.397,3081159.559
2025-06-11 23:00:00,309951.201,838649.127,644351.297,543067.322,306990.814,2643009.761
2025-06-12 00:00:00,276909.311,846706.199,603364.17,489381.531,266237.204,2482598.415
2025-06-12 01:00:00,234100.925,731957.911,635140.545,412618.738,214651.646,2228469.765
2025-06-12 02:00:00,202689.439,642646.35,591753.754,361981.007,187819.548,1986890.098
2025-06-12 03:00:00,187180.905,578691.279,512264.009,335367.145,175454.782,1788958.12
2025-06-12 04:00:00,180589.415,549285.709,477718.832,326186.953,170707.543,1704488.452
2025-06-12 05:00:00,183382.295,559086.796,478758.73,335593.034,176969.037,1733789.892
2025-06-12 06:00:00,203856.387,626007.851,542806.478,383364.587,205101.523,1961136.826
2025-06-12 07:00:00,266148.03,787854.995,699418.645,500683.615,272389.192,2526494.477
2025-06-12 08:00:00,350166.036,938481.237,852272.477,671604.66,359210.934,3171735.344
2025-06-12 09:00:00,386290.41599999997,936050.201,842222.236,673689.558,364125.616,3202378.0270000002
2025-06-12 10:00:00,380620.538,770042.87,672992.787,571765.767,304445.348,2699867.3100000005
2025-06-12 11:00:00,357371.41,581011.74,484824.732,446015.826,233671.576,2102895.284
2025-06-12 12:00:00,334403.911,443308.911,348845.163,346194.532,184877.219,1657629.736
2025-06-12 13:00:00,314827.359,373471.55,284368.797,301126.749,163906.052,1437700.507
2025-06-12 14:00:00,314912.052,410982.845,280462.151,284926.184,192952.821,1484236.053
2025-06-12 15:00:00,320034.47000000003,484831.229,378583.995,335246.548,229320.945,1748017.1870000002
2025-06-12 16:00:00,319462.941,594696.436,515549.021,409291.118,267070.69299999997,2106070.209
2025-06-12 17:00:00,349032.414,786863.975,712219.9029999999,548647.739,329084.546,2725848.577
2025-06-12 18:00:00,393809.895,1020144.518,901947.944,709376.106,400054.683,3425333.1460000006
2025-06-12 19:00:00,419616.634,1114678.1,975235.158,790010.577,435042.784,3734583.2530000005
2025-06-12 20:00:00,416304.376,1100680.472,954074.074,787071.478,438517.077,3696647.477
2025-06-12 21:00:00,403059.142,1050925.764,905201.541,758887.422,423170.906,3541244.775
2025-06-12 22:00:00,369413.833,978697.738,816525.946,691843.411,384696.651,3241177.579
2025-06-12 23:00:00,325048.119,900161.601,684105.844,578606.527,324127.027,2812049.118
2025-06-13 00:00:00,290457.603,898376.701,637411.315,519728.052,275361.496,2621335.167
2025-06-13 01:00:00,245194.407,782971.0360000001,663260.698,439494.248,237117.22999999998,2368037.619
2025-06-13 02:00:00,212281.533,690307.291,617510.471,384223.736,208375.002,2112698.033
2025-06-13 03:00:00,196045.528,627422.88,538080.823,357470.011,194713.781,1913733.023
2025-06-13 04:00:00,189754.714,599264.294,503266.514,348665.836,191597.533,1832548.891
2025-06-13 05:00:00,191783.705,609269.296,505620.998,359367.876,198613.24300000002,1864655.118
2025-06-13 06:00:00,212537.095,685668.852,568370.6529999999,408781.232,228313.487,2103671.319
2025-06-13 07:00:00,272598.39,861618.307,725643.26,523437.026,298356.875,2681653.858
2025-06-13 08:00:00,357593.238,1032071.419,887403.875,705023.0970000001,393615.079,3375706.708
2025-06-13 09:00:00,408633.885,1038001.795,885587.742,736690.116,412195.285,3481108.8230000003
2025-06-13 10:00:00,410391.593,826433.02,699825.546,630307.189,357813.835,2924771.1829999997
2025-06-13 11:00:00,386247.373,570161.58,477789.37,493719.798,286268.919,2214187.04
2025-06-13 12:00:00,359508.071,377751.348,317049.761,389366.773,226722.604,1670398.557
2025-06-13 13:00:00,337327.441,262036.873,227816.625,325894.572,188432.283,1341507.794
2025-06-13 14:00:00,325073.246,253520.513,223538.904,307673.819,176700.796,1286507.2780000002
2025-06-13 15:00:00,318908.626,293237.041,290150.6,333496.533,190450.587,1426243.3869999999
2025-06-13 16:00:00,324426.938,446019.902,433718.644,416199.089,232674.295,1853038.8679999998
2025-06-13 17:00:00,353772.66099999996,729003.0800000001,679565.157,573860.689,319457.879,2655659.466
2025-06-13 18:00:00,399136.695,1000991.587,881510.541,734586.55,400482.41599999997,3416707.789000001
2025-06-13 19:00:00,417043.0,1099804.133,949667.629,797628.002,433470.565,3697613.3289999994
2025-06-13 20:00:00,407812.92,1086665.275,926794.951,787932.302,429907.314,3639112.762
2025-06-13 21:00:00,392968.764,1052549.266,889092.299,761494.478,416399.679,3512504.486
2025-06-13 22:00:00,368362.212,1013398.1140000001,827629.498,711455.359,388657.698,3309502.881
2025-06-13 23:00:00,336205.50800000003,959165.16,723735.647,618059.268,342116.41599999997,2979281.999
2025-06-14 00:00:00,307174.217,954145.099,679825.829,560044.755,305395.765,2806585.665
2025-06-14 01:00:00,262442.989,827777.454,699035.924,472456.561,258480.48200000002,2520193.4099999997
2025-06-14 02:00:00,226340.785,724877.724,642682.061,408845.69,224948.75,2227695.01
2025-06-14 03:00:00,206104.912,656607.927,555231.487,374616.725,206384.773,1998945.824
2025-06-14 04:00:00,196217.62099999998,622532.532,513945.446,358102.819,198517.255,1889315.673
2025-06-14 05:00:00,194127.438,617987.4569999999,502563.29,357948.452,198512.688,1871139.325
2025-06-14 06:00:00,203458.427,656953.715,534333.748,383140.589,213292.059,1991178.5379999997
2025-06-14 07:00:00,228922.763,751553.442,619387.092,440070.478,246456.703,2286390.478
2025-06-14 08:00:00,273839.513,861699.1329999999,737212.799,570790.486,306936.439,2750478.37
2025-06-14 09:00:00,324398.875,936906.737,801345.047,654312.523,352489.124,3069452.306
2025-06-14 10:00:00,338502.649,836850.539,674490.49,603400.24,326386.257,2779630.175
2025-06-14 11:00:00,332567.51,690820.386,489840.407,493716.045,281489.299,2288433.6470000003
2025-06-14 12:00:00,320462.59500000003,557680.034,342321.711,428983.938,240361.512,1889809.79
2025-06-14 13:00:00,309331.379,518155.656,318529.791,393738.405,236022.66,1775777.8909999998
2025-06-14 14:00:00,322711.19,583394.382,339066.38,412079.582,263406.766,1920658.3
2025-06-14 15:00:00,338695.861,646598.412,458307.632,493089.502,285902.984,2222594.391
2025-06-14 16:00:00,344305.888,716082.034,599427.841,573444.902,299065.045,2532325.71
2025-06-14 17:00:00,356566.553,915919.784,770230.967,651896.8,365578.025,3060192.129
2025-06-14 18:00:00,400165.652,1112907.948,929855.742,770754.603,431627.566,3645311.5110000004
2025-06-14 19:00:00,412131.951,1140715.933,950163.005,792061.004,442912.045,3737983.938
2025-06-14 20:00:00,397377.649,1088237.108,900097.757,754601.022,427196.91,3567510.4460000005
2025-06-14 21:00:00,380739.073,1022274.085,846796.586,717403.626,408015.158,3375228.528
2025-06-14 22:00:00,356351.582,968149.688,785247.11,665609.972,377324.798,3152683.15
2025-06-14 23:00:00,326341.327,912581.248,685808.42,576732.66,330205.442,2831669.0969999996
2025-06-15 00:00:00,301161.289,911662.634,652818.967,533053.994,296048.032,2694744.9159999997
2025-06-15 01:00:00,257764.516,788069.193,669337.282,450097.003,248607.84,2413875.834
2025-06-15 02:00:00,221299.562,680583.934,613196.017,387479.172,213336.312,2115894.997
2025-06-15 03:00:00,198860.412,596058.851,524684.995,350572.072,192512.611,1862688.941
2025-06-15 04:00:00,187453.675,550306.218,476809.116,330043.399,181946.266,1726558.6739999999
2025-06-15 05:00:00,182980.403,536121.478,456454.517,325165.038,178522.803,1679244.239
2025-06-15 06:00:00,187032.902,555162.206,469705.181,337961.143,184924.038,1734785.47
2025-06-15 07:00:00,203803.539,618063.77,527352.753,376727.746,206734.677,1932682.4849999999
2025-06-15 08:00:00,236336.844,697195.264,617229.417,476043.919,250221.661,2277027.105
2025-06-15 09:00:00,279508.34,797268.595,708329.036,560300.8,291006.164,2636412.935
2025-06-15 10:00:00,294761.70900000003,739419.938,667307.62,540221.157,274186.254,2515896.6780000003
2025-06-15 11:00:00,300127.012,617290.129,544114.691,459380.848,237575.46,2158488.14
2025-06-15 12:00:00,279737.806,495714.552,416462.363,324737.762,222062.623,1738715.106
2025-06-15 13:00:00,301490.257,499754.31,350752.338,351308.784,297361.689,1800667.378
2025-06-15 14:00:00,335393.779,499410.953,512587.616,515264.303,327620.893,2190277.5439999998
2025-06-15 15:00:00,334811.51,529378.933,632640.795,523382.952,320271.57,2340485.76
2025-06-15 16:00:00,337515.837,671153.285,709522.244,558493.155,327109.672,2603794.193
2025-06-15 17:00:00,351197.255,866421.76,825738.439,635049.358,377052.477,3055459.289
2025-06-15 18:00:00,399600.094,1050072.716,954332.7609999999,772519.542,431869.365,3608394.478
2025-06-15 19:00:00,418989.544,1083498.035,967754.277,801626.966,444394.43,3716263.252
2025-06-15 20:00:00,404538.239,1025898.6630000001,902771.95,761136.903,426156.732,3520502.4869999997
2025-06-15 21:00:00,382579.9,952383.747,830655.067,712678.899,397890.826,3276188.439
2025-06-15 22:00:00,344726.555,875533.661,735350.511,630274.242,360030.768,2945915.737
2025-06-15 23:00:00,300751.495,809859.175,611083.618,518531.879,299571.877,2539798.0439999998
2025-06-16 00:00:00,271589.563,818314.6950000001,576570.656,471282.404,261182.398,2398939.716
2025-06-16 01:00:00,231304.652,718803.795,609553.197,398765.326,219584.396,2178011.3660000004
2025-06-16 02:00:00,200380.368,639366.574,570603.737,347577.321,193519.342,1951447.342
2025-06-16 03:00:00,183679.9,580720.797,492709.769,321314.082,178970.519,1757395.067
2025-06-16 04:00:00,176362.076,549615.599,455647.24,312407.977,173977.259,1668010.151
2025-06-16 05:00:00,178063.337,558974.131,452595.289,320375.342,177857.605,1687865.704
2025-06-16 06:00:00,196984.793,617802.104,504791.53,363415.85,202844.265,1885838.542
2025-06-16 07:00:00,252408.439,771964.5549999999,641643.142,462306.824,263277.275,2391600.235
2025-06-16 08:00:00,330724.491,913932.964,778072.527,612709.213,343412.83,2978852.0250000004
2025-06-16 09:00:00,376226.822,933972.107,816538.985,659689.68,368625.739,3155053.333
2025-06-16 10:00:00,392076.13800000004,821048.35,745465.061,616956.419,360539.374,2936085.3419999997
2025-06-16 11:00:00,393612.689,651447.582,614746.067,554063.186,327644.456,2541513.9800000004
2025-06-16 12:00:00,380840.627,493471.083,534995.598,455196.074,281644.022,2146147.404
2025-06-16 13:00:00,351387.001,420719.99,439133.567,389989.739,225656.281,1826886.578
2025-06-16 14:00:00,336766.116,505265.65,383537.326,343502.513,208761.24599999998,1777832.851
2025-06-16 15:00:00,338574.963,664752.635,444123.07,417729.228,251798.21,2116978.106
2025-06-16 16:00:00,364208.33900000004,813272.068,608267.132,567791.591,327853.88300000003,2681393.013
2025-06-16 17:00:00,391719.583,964320.677,819512.75,693283.699,388075.095,3256911.8039999995
2025-06-16 18:00:00,423458.56299999997,1122437.955,970985.586,799809.628,437733.874,3754425.606
2025-06-16 19:00:00,436770.591,1154635.289,997643.56,828669.198,451337.218,3869055.856
2025-06-16 20:00:00,422281.398,1088590.127,931677.344,792047.541,437005.898,3671602.308
2025-06-16 21:00:00,400290.897,1004452.441,855930.563,740482.354,412363.732,3413519.9869999997
2025-06-16 22:00:00,355348.453,918833.791,755975.634,650350.044,364835.822,3045343.744
2025-06-16 23:00:00,305422.265,839026.792,624421.845,530335.237,300770.386,2599976.525
2025-06-17 00:00:00,273013.344,847919.251,588256.747,479049.056,261984.87,2450223.268
2025-06-17 01:00:00,231042.513,742840.697,620740.947,405422.745,220669.611,2220716.5130000003
2025-06-17 02:00:00,200656.33299999998,655957.421,580710.042,355296.33,193921.405,1986541.5310000002
2025-06-17 03:00:00,184838.13,590288.156,501294.543,327987.778,180726.271,1785134.878
2025-06-17 04:00:00,177470.339,556749.7660000001,461678.155,315799.413,175369.423,1687067.0960000001
2025-06-17 05:00:00,178478.757,557165.388,457364.879,324506.68200000003,179550.051,1697065.757
2025-06-17 06:00:00,198483.202,621470.93,511776.126,366545.223,206055.51299999998,1904330.994
2025-06-17 07:00:00,255813.53,768195.452,648891.084,471424.475,268687.298,2413011.839
2025-06-17 08:00:00,334729.522,901941.417,781442.66,629739.137,347232.01,2995084.7460000003
2025-06-17 09:00:00,373519.463,912966.432,806434.029,657309.615,362905.072,3113134.611
2025-06-17 10:00:00,384134.515,752018.611,710362.679,577876.068,355596.528,2779988.401
2025-06-17 11:00:00,354039.694,535027.574,520245.114,442342.422,262207.313,2113862.117
2025-06-17 12:00:00,344956.739,450624.951,473943.83499999996,409658.567,226562.853,1905746.9449999998
2025-06-17 13:00:00,348984.949,467482.496,458754.38,413554.791,245484.697,1934261.3129999998
2025-06-17 14:00:00,340368.319,477604.284,436377.992,382610.705,232705.882,1869667.182
2025-06-17 15:00:00,349322.303,483673.89300000004,488745.86199999996,424332.433,248139.71600000001,1994214.207
2025-06-17 16:00:00,342910.758,600454.056,587157.873,475066.881,268217.687,2273807.255
2025-06-17 17:00:00,364409.913,840834.93,788941.7899999999,620003.715,350523.562,2964713.91
2025-06-17 18:00:00,408230.042,1074107.906,969354.453,764574.185,423025.256,3639291.842
2025-06-17 19:00:00,435893.69,1152672.455,1018455.542,822625.726,459288.024,3888935.437
2025-06-17 20:00:00,431379.473,1107931.149,969194.524,805055.53,453350.405,3766911.0810000002
2025-06-17 21:00:00,409609.991,1028805.568,897332.008,761246.811,426814.366,3523808.744
2025-06-17 22:00:00,366842.88,934027.135,791438.156,674351.071,376183.462,3142842.704
2025-06-17 23:00:00,315260.002,842939.321,650784.14,549350.664,308600.31799999997,2666934.445
2025-06-18 00:00:00,280630.461,848136.343,606142.721,491188.45900000003,266383.539,2492481.523
2025-06-18 01:00:00,238353.885,739020.074,636682.579,413716.048,225927.736,2253700.322
2025-06-18 02:00:00,206517.736,649083.867,596076.131,362851.331,199048.84399999998,2013577.909
2025-06-18 03:00:00,190637.097,584481.984,518802.569,337503.918,185975.103,1817400.671
2025-06-18 04:00:00,184103.641,555060.6,479858.38,327037.528,182064.832,1728124.9809999997
2025-06-18 05:00:00,186483.725,560848.135,477345.359,335881.88800000004,188267.676,1748826.783
2025-06-18 06:00:00,207473.695,632209.717,535576.078,383387.709,216506.172,1975153.371
2025-06-18 07:00:00,269403.734,802293.241,682904.797,493464.336,286234.843,2534300.951
2025-06-18 08:00:00,353400.813,955274.291,825105.452,658427.148,373793.799,3166001.503
2025-06-18 09:00:00,391464.794,958207.699,832997.238,683714.635,386158.474,3252542.84
2025-06-18 10:00:00,396324.43,798820.856,724086.243,642944.798,341631.033,2903807.36
2025-06-18 11:00:00,385171.885,625851.2,564899.102,570579.675,295575.911,2442077.7729999996
2025-06-18 12:00:00,373560.265,528118.886,477390.971,519038.034,281939.45,2180047.606
2025-06-18 13:00:00,382154.771,560298.443,485513.295,528408.693,308330.493,2264705.695
2025-06-18 14:00:00,381405.894,601067.688,543753.537,512451.849,313061.683,2351740.651
2025-06-18 15:00:00,378332.505,617412.854,611380.99,538058.757,317419.096,2462604.2019999996
2025-06-18 16:00:00,375734.75,701537.103,684998.193,569892.9299999999,336304.718,2668467.6939999997
2025-06-18 17:00:00,390519.393,883940.544,824197.406,665918.059,375754.376,3140329.778
2025-06-18 18:00:00,426849.774,1112087.003,972394.722,788358.499,443297.78099999996,3742987.779
2025-06-18 19:00:00,446537.633,1178292.8969999999,1010649.116,838693.294,470259.731,3944432.671
2025-06-18 20:00:00,434857.096,1130265.876,959660.373,808103.27,456908.237,3789794.8520000004
2025-06-18 21:00:00,412544.363,1058689.567,886992.264,756213.047,430100.397,3544539.638
2025-06-18 22:00:00,374194.441,976520.3960000001,789738.861,674008.058,387629.359,3202091.115
2025-06-18 23:00:00,326909.36,887270.6089999999,658218.674,556655.496,324152.144,2753206.283
2025-06-19 00:00:00,289817.15,883411.006,616026.259,500155.755,278319.663,2567729.833
2025-06-19 01:00:00,245088.064,771314.932,648283.619,422903.553,235866.48200000002,2323456.65
2025-06-19 02:00:00,213212.219,680618.797,607862.553,372120.209,208538.716,2082352.494
2025-06-19 03:00:00,195523.025,612431.1799999999,528719.198,344122.701,193135.465,1873931.569
2025-06-19 04:00:00,188413.683,580857.649,489352.213,333626.518,187943.449,1780193.5119999999
2025-06-19 05:00:00,189636.943,585222.026,488014.021,341207.496,193117.593,1797198.079
2025-06-19 06:00:00,209292.429,653519.911,546011.535,387426.283,220889.916,2017140.0739999998
2025-06-19 07:00:00,270504.477,812663.946,697585.654,499556.543,288120.365,2568430.9850000003
2025-06-19 08:00:00,353662.386,961601.762,847438.417,668947.162,374611.903,3206261.63
2025-06-19 09:00:00,395383.235,996409.638,870718.719,701112.74,395268.387,3358892.7190000005
2025-06-19 10:00:00,410762.816,891497.813,780853.909,667008.13,388688.638,3138811.306
2025-06-19 11:00:00,405322.005,701850.7559999999,660972.555,607856.288,347948.129,2723949.733
2025-06-19 12:00:00,378319.248,518346.846,506879.39400000003,501208.163,315148.904,2219902.555
2025-06-19 13:00:00,362298.219,388660.582,433560.06,474821.998,255143.281,1914484.1400000001
2025-06-19 14:00:00,360514.265,435960.018,459389.798,481045.802,262768.468,1999678.3509999998
2025-06-19 15:00:00,354187.814,488010.789,533362.194,505109.679,269191.931,2149862.407
2025-06-19 16:00:00,351335.512,543289.683,618372.116,527319.278,292259.86,2332576.449
2025-06-19 17:00:00,369926.987,792377.282,791875.629,628252.863,355347.247,2937780.008
2025-06-19 18:00:00,417581.013,1045525.151,973796.0449999999,776999.06,436192.382,3650093.6509999996
2025-06-19 19:00:00,443204.169,1138207.04,1030611.5079999999,843454.288,472096.769,3927573.7739999997
2025-06-19 20:00:00,437714.323,1113113.751,996062.422,831463.273,465870.743,3844224.512
2025-06-19 21:00:00,422189.984,1057092.352,935216.976,792164.564,444235.98600000003,3650899.862
2025-06-19 22:00:00,385340.732,982317.23,840808.0719999999,713953.964,401504.699,3323924.6969999997
2025-06-19 23:00:00,336965.224,898843.712,701299.316,594232.906,333477.454,2864818.6119999997
2025-06-20 00:00:00,297670.96,891166.3790000001,647712.276,525467.932,286536.143,2648553.6900000004
2025-06-20 01:00:00,250266.225,774618.167,673031.106,439890.008,239937.283,2377742.789
2025-06-20 02:00:00,216608.627,685509.357,628059.005,383758.68,209357.18899999998,2123292.8579999995
2025-06-20 03:00:00,198573.113,618837.047,547901.393,353483.526,194398.555,1913193.6339999998
2025-06-20 04:00:00,190600.639,586620.2,508716.0,341239.543,188718.041,1815894.423
2025-06-20 05:00:00,191906.664,594557.044,507875.523,348018.826,193831.734,1836189.791
2025-06-20 06:00:00,211654.67599999998,665700.852,566846.994,391705.899,220352.808,2056261.2289999998
2025-06-20 07:00:00,269543.908,834083.2220000001,716834.256,499167.551,285347.132,2604976.069
2025-06-20 08:00:00,350993.181,996986.408,873286.093,668498.192,372057.43,3261821.3040000005
2025-06-20 09:00:00,398065.73699999996,980292.615,878882.668,692597.523,387592.881,3337431.424
2025-06-20 10:00:00,396036.813,739828.137,692818.046,590059.88,331533.66,2750276.5360000003
2025-06-20 11:00:00,370800.19,486956.796,476679.718,456433.518,258425.41,2049295.632
2025-06-20 12:00:00,344609.253,318005.739,317315.875,363542.85,204612.457,1548086.174
2025-06-20 13:00:00,324386.82,224912.277,227800.916,311194.176,173839.448,1262133.637
2025-06-20 14:00:00,310142.6,203010.668,222257.17,289613.321,157940.843,1182964.602
2025-06-20 15:00:00,300622.696,256424.763,277049.234,306388.338,167192.274,1307677.305
2025-06-20 16:00:00,302689.679,415125.11,416581.382,376006.101,205344.16999999998,1715746.442
2025-06-20 17:00:00,326600.271,690461.186,652016.533,513207.637,282642.626,2464928.2530000005
2025-06-20 18:00:00,368821.347,949395.838,852062.4330000001,663801.041,360240.417,3194321.076
2025-06-20 19:00:00,386569.012,1042516.247,919747.4029999999,727344.407,393451.505,3469628.574
2025-06-20 20:00:00,379492.248,1031216.88,898836.1780000001,719181.2609999999,391349.107,3420075.6739999996
2025-06-20 21:00:00,366553.017,998956.771,862198.268,696662.279,379591.161,3303961.496
2025-06-20 22:00:00,344523.599,963951.968,805329.052,655004.522,356528.536,3125337.677
2025-06-20 23:00:00,316010.611,913020.878,702268.185,567336.371,314892.615,2813528.66
2025-06-21 00:00:00,291568.979,919983.111,665308.533,519438.007,283765.547,2680064.177
2025-06-21 01:00:00,249646.113,800744.6259999999,686624.405,439576.65099999995,240701.57,2417293.3649999998
2025-06-21 02:00:00,216230.996,701050.623,634941.971,384336.906,209189.586,2145750.0820000004
2025-06-21 03:00:00,197513.996,633819.967,550760.482,350703.126,191708.282,1924505.8530000001
2025-06-21 04:00:00,188060.782,600873.737,510640.914,336839.584,184609.226,1821024.243
2025-06-21 05:00:00,185600.874,596789.563,497853.88,336170.558,184833.982,1801248.857
2025-06-21 06:00:00,192980.426,634083.768,523700.00800000003,357613.25,197042.688,1905420.1400000001
2025-06-21 07:00:00,217704.125,728144.0,607668.682,412811.702,229965.376,2196293.8850000002
2025-06-21 08:00:00,258920.74,834390.842,720680.965,531113.755,285691.223,2630797.5249999994
2025-06-21 09:00:00,306621.77999999997,908544.4890000001,793182.955,619262.562,324474.935,2952086.7210000004
2025-06-21 10:00:00,318248.261,772976.183,667985.675,559441.81,298155.49,2616807.4189999998
2025-06-21 11:00:00,307218.306,574702.416,463557.902,438222.245,237004.297,2020705.166
2025-06-21 12:00:00,289358.29,420172.539,303894.168,337498.754,187493.479,1538417.23
2025-06-21 13:00:00,275572.612,328404.259,219443.197,283424.267,165593.345,1272437.68
2025-06-21 14:00:00,270612.83,316471.419,209289.671,272273.237,161405.407,1230052.5640000002
2025-06-21 15:00:00,271216.116,364789.91,275622.142,303637.67,175971.265,1391237.1030000001
2025-06-21 16:00:00,285263.299,501733.705,428448.357,391765.763,226345.809,1833556.9330000002
2025-06-21 17:00:00,318930.928,752986.279,664177.051,534552.954,315315.774,2585962.9859999996
2025-06-21 18:00:00,371603.622,1006033.545,875077.15,695501.533,400238.206,3348454.056
2025-06-21 19:00:00,395057.232,1082770.106,934807.587,747641.418,426058.537,3586334.8800000004
2025-06-21 20:00:00,385099.94,1062365.154,908501.171,732082.775,415934.842,3503983.882
2025-06-21 21:00:00,371682.324,1021077.9720000001,873239.742,710689.92,400568.169,3377258.1270000003
2025-06-21 22:00:00,349492.511,991649.218,823190.25,673381.12,377741.964,3215455.063
2025-06-21 23:00:00,323382.622,950940.324,729795.529,592840.11,334739.274,2931697.859
2025-06-22 00:00:00,302511.412,950109.257,699517.326,551116.295,303122.303,2806376.593
2025-06-22 01:00:00,261193.172,833248.203,722737.042,470413.455,258230.5,2545822.372
2025-06-22 02:00:00,225796.851,734792.196,669920.96,407193.117,223322.25699999998,2261025.381
2025-06-22 03:00:00,205442.471,665506.217,583480.842,373115.306,203535.859,2031080.6949999998
2025-06-22 04:00:00,195533.188,628886.565,538708.956,357773.731,193916.013,1914818.453
2025-06-22 05:00:00,192623.061,619190.108,522800.732,355897.153,192120.098,1882631.152
2025-06-22 06:00:00,197921.108,645601.057,544680.496,373698.835,201008.663,1962910.159
2025-06-22 07:00:00,216972.263,726217.301,614413.2390000001,422394.945,226082.154,2206079.9020000002
2025-06-22 08:00:00,251830.84,820993.365,721229.91,535557.938,276369.699,2605981.7520000003
2025-06-22 09:00:00,298663.246,886762.969,798220.038,631297.947,314588.23,2929532.43
2025-06-22 10:00:00,311945.05700000003,750064.934,686395.397,585024.727,287410.398,2620840.513
2025-06-22 11:00:00,311612.696,586043.152,502192.889,491975.021,247040.767,2138864.525
2025-06-22 12:00:00,303028.054,406870.85,392912.696,450745.13,209508.795,1763065.525
2025-06-22 13:00:00,287677.836,289622.56799999997,342326.17,449742.88399999996,162229.305,1531598.7629999998
2025-06-22 14:00:00,266485.006,278888.865,322556.938,361429.073,155604.57,1384964.452
2025-06-22 15:00:00,266324.17,403938.289,346089.626,319588.44299999997,203477.881,1539418.409
2025-06-22 16:00:00,294416.012,596712.924,528304.964,434362.253,286579.181,2140375.334
2025-06-22 17:00:00,327430.586,825030.146,760465.071,597396.907,340222.66599999997,2850545.376
2025-06-22 18:00:00,380476.571,1052493.311,947811.193,744020.449,405796.505,3530598.029
2025-06-22 19:00:00,409493.897,1105988.446,989965.756,794207.026,430364.317,3730019.442
2025-06-22 20:00:00,399749.251,1055376.079,941575.366,766938.068,418119.93,3581758.694
2025-06-22 21:00:00,377615.056,983164.889,876066.105,721891.74,394266.931,3353004.721
2025-06-22 22:00:00,337824.806,899651.375,773778.042,636955.499,350763.747,2998973.4689999996
2025-06-22 23:00:00,292925.578,827533.548,641217.956,520377.556,290780.696,2572835.3340000003
2025-06-23 00:00:00,262686.8,824713.193,599542.946,467306.038,253502.872,2407751.849
2025-06-23 01:00:00,223215.057,716517.446,628147.9450000001,392070.429,212607.058,2172557.935
2025-06-23 02:00:00,193465.949,631300.732,585873.514,340444.421,185784.675,1936869.291
2025-06-23 03:00:00,176353.964,565698.22,507102.312,312016.464,170617.583,1731788.543
2025-06-23 04:00:00,168525.187,530566.911,462451.833,297178.909,164604.105,1623326.9449999998
2025-06-23 05:00:00,168321.61,526750.172,444031.619,297321.551,166406.24,1602831.192
2025-06-23 06:00:00,185117.581,576734.8,483255.90300000005,329764.314,187882.133,1762754.7310000001
2025-06-23 07:00:00,233503.889,704687.176,598232.824,411089.38300000003,241703.831,2189217.103
2025-06-23 08:00:00,300672.821,828777.6529999999,711811.852,536036.518,311716.124,2689014.968
2025-06-23 09:00:00,339320.162,820300.431,707917.309,552778.339,330014.629,2750330.87
2025-06-23 10:00:00,337177.162,620795.371,572711.719,470671.256,269083.567,2270439.075
2025-06-23 11:00:00,323460.048,429764.864,408011.965,355866.345,209387.702,1726490.924
2025-06-23 12:00:00,297394.816,283582.304,303540.268,269608.503,158521.492,1312647.3830000001
2025-06-23 13:00:00,281932.695,218578.546,223157.918,220176.12099999998,134634.11000000002,1078479.3900000001
2025-06-23 14:00:00,272347.641,221789.888,232762.956,208627.123,127781.449,1063309.057
2025-06-23 15:00:00,269493.019,275592.145,286175.7,243299.454,152485.645,1227045.963
2025-06-23 16:00:00,270209.768,421480.982,412553.999,313506.373,184917.802,1602668.9239999999
2025-06-23 17:00:00,289481.363,650098.125,600549.761,433241.881,254921.028,2228292.158
2025-06-23 18:00:00,327074.937,846082.361,762745.797,564193.204,322686.958,2822783.2569999998
2025-06-23 19:00:00,349577.31799999997,908374.559,803924.015,623765.006,351063.19,3036704.088
2025-06-23 20:00:00,336978.151,862816.4789999999,747581.708,596059.05,335737.967,2879173.355
2025-06-23 21:00:00,323358.571,809586.976,687995.891,566692.843,319598.903,2707233.184
2025-06-23 22:00:00,292085.491,757597.648,617014.963,509991.646,288756.025,2465445.7729999996
2025-06-23 23:00:00,258121.8,716995.688,521831.181,423640.588,243277.91400000002,2163867.1709999996
2025-06-24 00:00:00,236516.838,742417.068,504404.265,397610.33999999997,217533.047,2098481.5579999997
2025-06-24 01:00:00,199812.454,638103.024,540209.188,334576.554,183635.562,1896336.7820000001
2025-06-24 02:00:00,172405.214,556855.612,499570.642,292228.535,160769.656,1681829.659
2025-06-24 03:00:00,158764.558,498621.777,426554.049,270549.414,150131.656,1504621.454
2025-06-24 04:00:00,152583.897,471061.524,390341.109,259886.949,146392.459,1420265.938
2025-06-24 05:00:00,154040.266,476935.462,381785.699,265892.156,151179.397,1429832.98
2025-06-24 06:00:00,171501.407,540960.158,427351.33400000003,302944.79,174527.437,1617285.126
2025-06-24 07:00:00,222242.39,681322.914,541414.643,388112.004,230426.247,2063518.1979999999
2025-06-24 08:00:00,288565.542,810373.575,653109.473,516303.508,298659.267,2567011.365
2025-06-24 09:00:00,313464.399,802627.164,631577.812,508369.584,293090.914,2549129.873
2025-06-24 10:00:00,314760.834,678299.884,530401.743,499383.955,262667.382,2285513.798
2025-06-24 11:00:00,317766.476,585354.851,495312.782,473656.397,236242.698,2108333.204
2025-06-24 12:00:00,338246.772,586785.4349999999,422116.704,483133.622,238637.692,2068920.2249999999
2025-06-24 13:00:00,352549.017,515949.355,462144.677,500913.843,249862.316,2081419.208
2025-06-24 14:00:00,322317.416,580647.786,416257.648,393686.083,218428.876,1931337.8090000001
2025-06-24 15:00:00,323732.347,641586.703,471736.28,454313.214,244529.144,2135897.688
2025-06-24 16:00:00,338742.622,771981.673,627280.195,553188.137,294948.907,2586141.534
2025-06-24 17:00:00,366030.32,971438.899,812452.11,667071.697,371791.66099999996,3188784.687
2025-06-24 18:00:00,407412.215,1147697.769,970821.311,791729.39,436142.636,3753803.3210000005
2025-06-24 19:00:00,423795.962,1173820.629,999880.056,833255.625,455155.212,3885907.4839999997
2025-06-24 20:00:00,408310.131,1109359.278,933510.18,791330.907,438413.718,3680924.214
2025-06-24 21:00:00,382056.349,1023231.722,852579.403,729843.736,406393.166,3394104.376
2025-06-24 22:00:00,339524.822,936321.237,747017.112,638597.293,357735.776,3019196.2399999998
2025-06-24 23:00:00,295632.33,857447.73,621467.726,525189.33,296503.559,2596240.6750000003
2025-06-25 00:00:00,265583.273,865054.474,586384.3200000001,475062.123,257957.304,2450041.4940000004
2025-06-25 01:00:00,225859.307,756534.347,618988.443,402568.111,218425.177,2222375.385
2025-06-25 02:00:00,196122.944,664200.172,577738.252,353106.546,192028.468,1983196.3819999998
2025-06-25 03:00:00,180588.226,595791.632,499938.16599999997,327987.47,178779.547,1783085.041
2025-06-25 04:00:00,173791.745,568627.684,460196.455,316995.224,174051.738,1693662.846
2025-06-25 05:00:00,174989.342,565639.88,456191.797,322972.951,178674.657,1698468.6269999999
2025-06-25 06:00:00,193101.64,623088.271,502376.493,365610.86699999997,204092.25199999998,1888269.523
2025-06-25 07:00:00,249568.868,775516.023,639572.378,472383.505,267165.116,2404205.89
2025-06-25 08:00:00,331146.9,922787.817,784648.744,636798.377,351079.012,3026460.85
2025-06-25 09:00:00,370679.536,928368.609,835942.27,674662.84,365452.569,3175105.824
2025-06-25 10:00:00,374535.722,822881.2949999999,747258.603,635391.4720000001,326805.872,2906872.964
2025-06-25 11:00:00,396188.944,752400.878,726155.066,630874.743,366626.815,2872246.446
2025-06-25 12:00:00,394345.752,617198.61,694160.699,616206.284,312984.524,2634895.869
2025-06-25 13:00:00,406665.73699999996,593761.295,653572.299,614275.227,297535.518,2565810.0760000004
2025-06-25 14:00:00,406430.108,519951.815,662648.028,613523.84,278511.524,2481065.3149999995
2025-06-25 15:00:00,407751.46400000004,632612.101,694486.8759999999,605906.607,323368.174,2664125.222
2025-06-25 16:00:00,406691.587,734711.833,779089.84,659553.772,365882.259,2945929.2909999997
2025-06-25 17:00:00,436072.831,999927.586,946437.024,773502.447,429413.916,3585353.8040000005
2025-06-25 18:00:00,467105.599,1213716.2889999999,1096331.549,902083.461,492677.701,4171914.599
2025-06-25 19:00:00,485248.374,1268040.597,1126708.493,941495.949,517176.71499999997,4338670.128
2025-06-25 20:00:00,469084.49,1205639.019,1064496.983,899454.9400000001,501896.585,4140572.017
2025-06-25 21:00:00,444071.765,1117027.073,983199.925,839025.495,469754.482,3853078.74
2025-06-25 22:00:00,395782.252,1015716.394,864638.843,739986.369,416002.101,3432125.959
2025-06-25 23:00:00,337759.545,915880.3910000001,710775.289,601355.152,340329.88,2906100.2569999998
2025-06-26 00:00:00,297709.623,912075.26,653976.363,532551.146,291764.168,2688076.56
2025-06-26 01:00:00,250971.354,799549.029,679286.824,449289.37,243705.76,2422802.3370000003
2025-06-26 02:00:00,217247.375,707807.877,633393.322,393781.726,213038.936,2165269.2360000005
2025-06-26 03:00:00,199434.622,639919.927,559314.247,365211.664,197627.926,1961508.386
2025-06-26 04:00:00,191694.162,609769.624,518759.795,352337.882,192156.543,1864718.006
2025-06-26 05:00:00,192827.14,617056.813,514915.882,359493.927,197063.061,1881356.8229999999
2025-06-26 06:00:00,212915.981,689130.034,575631.601,407967.198,226164.06100000002,2111808.875
2025-06-26 07:00:00,272828.353,855207.191,731948.569,520704.261,294190.578,2674878.9519999996
2025-06-26 08:00:00,355824.619,1011041.6,877296.0430000001,690170.599,380644.759,3314977.62
2025-06-26 09:00:00,395111.458,1007224.512,887653.969,722833.389,386912.28500000003,3399735.6130000004
2025-06-26 10:00:00,397743.327,809872.437,773164.313,659195.326,357430.718,2997406.121
2025-06-26 11:00:00,378954.663,602254.2,600682.403,584479.208,305521.755,2471892.229
2025-06-26 12:00:00,378619.326,463633.305,480972.327,520165.468,273721.407,2117111.833
2025-06-26 13:00:00,366336.346,422242.716,505249.02,460955.81299999997,281441.788,2036225.683
2025-06-26 14:00:00,365810.468,467387.01,560751.253,475539.505,292573.176,2162061.412
2025-06-26 15:00:00,352205.59,577856.983,639524.362,472944.681,319738.106,2362269.722
2025-06-26 16:00:00,355720.116,719507.324,683452.679,521210.12,342196.421,2622086.66
2025-06-26 17:00:00,381691.451,894943.739,832508.277,645669.447,388663.473,3143476.387
2025-06-26 18:00:00,413808.076,1083092.2349999999,976226.601,771878.775,434422.39,3679428.077
2025-06-26 19:00:00,429139.959,1141259.371,1022169.813,829030.469,453050.664,3874650.276
2025-06-26 20:00:00,422748.605,1101065.497,981548.1340000001,814019.056,442433.835,3761815.127
2025-06-26 21:00:00,405835.723,1031618.683,920224.094,775813.191,422462.685,3555954.376
2025-06-26 22:00:00,372685.797,956592.585,826081.172,706031.786,383043.198,3244434.5379999997
2025-06-26 23:00:00,327752.636,873786.969,693483.48,587238.858,322516.368,2804778.3109999998
2025-06-27 00:00:00,290385.558,871272.606,642213.092,521263.268,276997.41000000003,2602131.9340000004
2025-06-27 01:00:00,244182.84100000001,755595.256,664332.942,435010.267,229926.302,2329047.608
2025-06-27 02:00:00,212494.651,666629.916,618888.334,381670.76,202249.106,2081932.767
2025-06-27 03:00:00,195370.901,602645.162,533175.682,352086.51399999997,188449.251,1871727.51
2025-06-27 04:00:00,187911.59399999998,573861.541,490645.926,339684.581,184175.317,1776278.959
2025-06-27 05:00:00,188009.163,579303.291,483926.68100000004,344054.713,188147.752,1783441.6
2025-06-27 06:00:00,205373.25,646339.913,535115.202,384598.642,212435.017,1983862.024
2025-06-27 07:00:00,259201.44,798710.633,670368.377,484057.825,273190.225,2485528.5
2025-06-27 08:00:00,335112.079,954228.644,811654.623,641959.902,356690.047,3099645.295
2025-06-27 09:00:00,381315.479,947526.7019999999,820172.628,668610.184,376599.483,3194224.476
2025-06-27 10:00:00,375880.001,732504.303,660100.446,579232.558,313459.801,2661177.109
2025-06-27 11:00:00,355719.852,513223.777,477983.649,494423.561,243767.303,2085118.142
2025-06-27 12:00:00,344066.657,414660.469,376848.978,434946.467,213037.48,1783560.051
2025-06-27 13:00:00,333609.452,403137.036,336454.352,401653.842,200395.401,1675250.083
2025-06-27 14:00:00,322206.111,425710.36100000003,347233.639,376055.463,202367.91,1673573.484
2025-06-27 15:00:00,316093.659,487432.899,392677.5,384947.608,219002.479,1800154.145
2025-06-27 16:00:00,315258.389,605855.103,527182.686,441047.972,257414.315,2146758.4650000003
2025-06-27 17:00:00,344534.298,796683.622,722964.7339999999,576530.119,323946.338,2764659.111
2025-06-27 18:00:00,382217.697,989329.103,866300.994,698826.031,382387.228,3319061.0530000003
2025-06-27 19:00:00,388643.32,1045219.697,898157.65,729605.458,396401.924,3458028.049
2025-06-27 20:00:00,375559.514,1011328.478,858303.546,706680.27,383821.973,3335693.7810000004
2025-06-27 21:00:00,357417.207,961355.113,810263.766,672512.901,363631.098,3165180.085
2025-06-27 22:00:00,332752.217,917172.5989999999,749940.844,621919.513,336192.065,2957977.238
2025-06-27 23:00:00,304213.614,874126.123,660755.81,537052.02,294525.122,2670672.689
2025-06-28 00:00:00,279121.518,884269.507,624833.819,493163.86,263807.606,2545196.31
2025-06-28 01:00:00,237817.683,764255.858,647388.007,414283.393,222995.626,2286740.567
2025-06-28 02:00:00,204326.167,666045.46,595015.73,355405.729,192104.949,2012898.035
2025-06-28 03:00:00,184631.932,594502.275,508689.841,323108.663,175991.03399999999,1786923.745
2025-06-28 04:00:00,174869.913,557402.52,464414.851,307086.595,168478.957,1672252.836
2025-06-28 05:00:00,172954.859,550085.545,452385.054,305090.294,168813.873,1649329.625
2025-06-28 06:00:00,180410.923,577109.015,474399.359,321907.066,180884.85700000002,1734711.2200000002
2025-06-28 07:00:00,202383.52300000002,658367.255,547902.044,366169.675,209752.298,1984574.795
2025-06-28 08:00:00,239804.902,744710.178,649336.28,470818.489,260618.004,2365287.853
2025-06-28 09:00:00,288331.631,835369.602,729233.257,568573.864,313056.244,2734564.598
2025-06-28 10:00:00,322818.556,774344.463,686814.284,607996.537,334875.755,2726849.5949999997
2025-06-28 11:00:00,334001.069,604841.374,586971.456,592968.623,320249.858,2439032.38
2025-06-28 12:00:00,330538.107,452955.679,507266.352,559981.122,299511.373,2150252.633
2025-06-28 13:00:00,320166.898,292574.859,458071.815,500447.51,270993.188,1842254.27
2025-06-28 14:00:00,297897.768,305935.552,414079.393,392596.447,231823.464,1642332.6239999998
2025-06-28 15:00:00,277150.56,361470.791,432179.603,357110.538,213593.389,1641504.881
2025-06-28 16:00:00,276184.918,499346.426,496775.298,425183.49600000004,221969.539,1919459.6770000001
2025-06-28 17:00:00,299156.037,714621.96,691892.834,549684.584,288651.694,2544007.109
2025-06-28 18:00:00,347986.228,935163.152,868414.919,672652.031,365581.36,3189797.69
2025-06-28 19:00:00,364916.82,993186.3809999999,907290.7609999999,706854.276,385612.525,3357860.763
2025-06-28 20:00:00,351595.91,955428.835,863019.108,674385.338,372782.42100000003,3217211.6119999997
2025-06-28 21:00:00,334618.734,911453.765,812678.127,641802.141,354451.699,3055004.466
2025-06-28 22:00:00,313016.179,883769.926,752788.089,595891.2,329148.56799999997,2874613.962
2025-06-28 23:00:00,292885.371,856673.8910000001,664294.162,526839.282,293176.452,2633869.1580000003
2025-06-29 00:00:00,279220.14,874956.404,640751.714,498971.4,272393.865,2566293.523
2025-06-29 01:00:00,242679.86800000002,768441.664,670084.216,427856.929,234240.669,2343303.346
2025-06-29 02:00:00,209986.118,673778.197,618765.361,370057.712,202544.213,2075131.601
2025-06-29 03:00:00,189696.864,604127.599,530741.967,334646.121,183129.654,1842342.205
2025-06-29 04:00:00,179094.327,567936.331,483130.506,316782.828,173454.979,1720398.9710000001
2025-06-29 05:00:00,175623.864,556941.222,462412.031,312027.907,171280.35,1678285.374
2025-06-29 06:00:00,179013.79,576628.826,474208.852,324598.142,177273.571,1731723.1809999999
2025-06-29 07:00:00,194314.0,641167.5700000001,529265.536,360244.788,196388.688,1921380.582
2025-06-29 08:00:00,221260.998,714981.3200000001,610338.795,447307.318,236160.859,2230049.2900000005
2025-06-29 09:00:00,260346.87,818132.576,685493.107,535524.607,271648.703,2571145.863
2025-06-29 10:00:00,295311.05,790657.355,643553.748,576850.673,291188.549,2597561.375
2025-06-29 11:00:00,314172.869,671668.307,588724.818,546707.298,298318.761,2419592.053
2025-06-29 12:00:00,316146.338,560650.177,565432.091,523866.278,282017.3,2248112.184
2025-06-29 13:00:00,311350.501,498828.806,553831.705,492658.966,269256.285,2125926.2630000003
2025-06-29 14:00:00,310243.469,476201.317,555310.211,474054.874,266477.212,2082287.0829999999
2025-06-29 15:00:00,310433.826,512991.83400000003,557122.851,450148.231,258454.68600000002,2089151.428
2025-06-29 16:00:00,301101.022,635184.378,634770.046,477563.398,271488.724,2320107.568
2025-06-29 17:00:00,318070.967,825846.946,774230.303,587236.825,323271.449,2828656.4899999998
2025-06-29 18:00:00,368059.792,1028173.793,927696.003,718771.912,392038.466,3434739.966
2025-06-29 19:00:00,393788.625,1076580.078,957181.828,761123.087,416285.348,3604958.966
2025-06-29 20:00:00,381999.417,1022012.454,898717.295,727904.565,402754.413,3433388.144
2025-06-29 21:00:00,363213.155,952107.958,832741.517,686930.206,379391.534,3214384.37
2025-06-29 22:00:00,329662.449,875783.328,745025.903,616992.338,341598.022,2909062.04
2025-06-29 23:00:00,289317.414,809433.622,627286.202,514726.443,284775.688,2525539.369
2025-06-30 00:00:00,262400.596,817105.329,595632.43,469408.00800000003,249673.139,2394219.5020000003
2025-06-30 01:00:00,222763.05599999998,714179.922,630128.384,397416.954,211830.876,2176319.1920000003
2025-06-30 02:00:00,192347.857,628395.638,587313.341,345147.017,185024.271,1938228.124
2025-06-30 03:00:00,176022.134,563640.371,509584.906,318064.537,170847.343,1738159.2909999997
2025-06-30 04:00:00,168993.229,533174.545,468131.527,306958.301,165867.528,1643125.13
2025-06-30 05:00:00,169906.892,533874.353,462162.379,312683.164,169312.498,1647939.2859999998
2025-06-30 06:00:00,187272.836,594353.085,513625.375,354223.824,191850.675,1841325.7950000002
2025-06-30 07:00:00,237425.04200000002,737759.355,651609.973,455844.016,247307.28,2329945.6659999997
2025-06-30 08:00:00,310268.804,882201.202,796000.742,619236.663,322323.329,2930030.7399999998
2025-06-30 09:00:00,351965.792,898807.139,800501.283,647745.214,333893.86699999997,3032913.2950000004
2025-06-30 10:00:00,348997.763,732968.588,628762.258,545533.694,285084.002,2541346.3049999997
2025-06-30 11:00:00,339563.29,551679.462,432726.581,436277.612,251413.99599999998,2011660.941
2025-06-30 12:00:00,327045.212,421234.19,347793.2,366521.08,249318.039,1711911.721
2025-06-30 13:00:00,314403.867,356892.48600000003,329461.566,347531.549,232969.637,1581259.105
2025-06-30 14:00:00,306748.098,393175.713,344615.939,344225.76399999997,215614.42,1604379.934
2025-06-30 15:00:00,299850.167,430880.145,393274.831,365577.446,216052.058,1705634.6469999999
2025-06-30 16:00:00,306036.604,551430.603,499939.485,434269.503,240512.77,2032188.9649999999
2025-06-30 17:00:00,333801.699,786032.495,726061.808,568759.237,318437.418,2733092.657
2025-06-30 18:00:00,384526.877,1049686.224,942641.054,739203.67,409037.17,3525094.9949999996
2025-06-30 19:00:00,415269.001,1141030.102,1012052.856,816942.606,448199.485,3833494.05
2025-06-30 20:00:00,408588.022,1096155.649,969242.065,803102.69,440703.697,3717792.123
2025-06-30 21:00:00,389633.031,1031214.147,904333.403,763451.888,419059.75,3507692.219
2025-06-30 22:00:00,351825.716,944672.995,804451.8099999999,684455.2069999999,376101.259,3161506.987
2025-06-30 23:00:00,305062.217,862496.184,666039.37,563287.836,311321.95,2708207.5570000005
2025-07-01 00:00:00,273315.255,868126.97,627062.873,503715.732,270459.984,2542680.8140000002
2025-07-01 01:00:00,233755.536,762702.098,656449.395,423869.913,229256.656,2306033.598
2025-07-01 02:00:00,202182.72999999998,672617.319,612341.505,369876.678,201078.379,2058096.6109999998
2025-07-01 03:00:00,186007.393,606882.908,531558.429,341054.777,185847.676,1851351.1830000002
2025-07-01 04:00:00,178494.451,575334.545,491035.38,327917.918,179990.384,1752772.6780000003
2025-07-01 05:00:00,179447.652,579152.408,487806.75800000003,336360.952,184026.025,1766793.795
2025-07-01 06:00:00,198657.2,644118.1799999999,533963.566,378563.347,210631.956,1965934.249
2025-07-01 07:00:00,252639.498,798507.547,669819.567,475835.516,273757.18,2470559.308
2025-07-01 08:00:00,325996.588,937932.425,803932.199,620696.119,351147.842,3039705.1730000004
2025-07-01 09:00:00,364924.898,945952.1270000001,830108.283,651275.44,374303.666,3166564.4140000003
2025-07-01 10:00:00,372742.545,801518.341,743921.383,617948.243,361883.804,2898014.316
2025-07-01 11:00:00,360836.84,626950.265,646545.762,551129.353,338543.42,2524005.64
2025-07-01 12:00:00,355487.083,521409.876,586813.005,489771.701,319341.113,2272822.778
2025-07-01 13:00:00,348443.655,449597.097,561225.645,459581.283,299364.322,2118212.0020000003
2025-07-01 14:00:00,355187.416,438615.387,563375.513,416459.968,294874.058,2068512.3420000002
2025-07-01 15:00:00,345892.322,466585.525,568535.009,445036.096,289643.742,2115692.694
2025-07-01 16:00:00,335363.59,566054.158,648532.748,494876.484,273851.89,2318678.87
2025-07-01 17:00:00,345535.265,779639.2239999999,789694.701,584749.024,332235.896,2831854.1100000003
2025-07-01 18:00:00,388996.323,1042132.8570000001,944156.7,734164.204,410941.429,3520391.513
2025-07-01 19:00:00,415210.771,1129882.661,980991.78,802525.937,444222.503,3772833.6520000002
2025-07-01 20:00:00,407245.625,1087899.319,926777.126,777100.39,432242.084,3631264.5439999998
2025-07-01 21:00:00,386873.822,1021663.546,860108.226,732437.883,405717.99,3406801.467
2025-07-01 22:00:00,348805.988,935601.099,766076.731,655597.888,362239.886,3068321.592
2025-07-01 23:00:00,302300.228,854717.056,636889.891,537832.94,302123.674,2633863.789
2025-07-02 00:00:00,270249.772,857045.3369999999,593043.582,482910.781,263036.991,2466286.463
2025-07-02 01:00:00,227743.931,745686.11,620384.793,405990.294,222083.963,2221889.091
2025-07-02 02:00:00,196564.683,659318.108,575450.623,353730.832,193763.036,1978827.282
2025-07-02 03:00:00,179805.425,596156.073,494081.208,325192.393,180142.297,1775377.396
2025-07-02 04:00:00,173215.709,568945.479,455029.935,312719.511,175183.88,1685094.514
2025-07-02 05:00:00,174062.162,572055.322,445407.929,317423.313,179800.393,1688749.119
2025-07-02 06:00:00,190912.222,638223.66,490118.753,355094.374,204580.923,1878929.932
2025-07-02 07:00:00,241794.205,792311.5700000001,612522.031,444794.24299999996,265661.733,2357083.7819999997
2025-07-02 08:00:00,314526.306,938089.396,736075.583,588338.813,344201.091,2921231.1890000002
2025-07-02 09:00:00,362761.42,952656.7409999999,783503.8389999999,639558.616,374920.212,3113400.8279999993
2025-07-02 10:00:00,380147.094,794446.361,743032.352,634509.127,374532.993,2926667.927
2025-07-02 11:00:00,391627.528,634257.105,696599.204,627420.792,366143.273,2716047.902
2025-07-02 12:00:00,400507.521,525351.037,677657.546,631747.422,368802.697,2604066.223
2025-07-02 13:00:00,409938.39400000003,487545.85000000003,671957.817,646431.924,379845.909,2595719.8940000003
2025-07-02 14:00:00,415969.38300000003,516950.473,698384.089,662735.087,393454.648,2687493.68
2025-07-02 15:00:00,410857.41599999997,579148.033,732065.161,661723.4839999999,400752.596,2784546.69
2025-07-02 16:00:00,403929.66,710056.98,788151.243,684192.04,405864.95900000003,2992194.882
2025-07-02 17:00:00,414963.697,884918.4890000001,906670.787,753199.92,433298.652,3393051.545
2025-07-02 18:00:00,431118.687,1079140.849,998545.246,820145.405,457124.574,3786074.761
2025-07-02 19:00:00,435583.996,1142387.773,1003298.391,836886.543,463191.354,3881348.0569999996
2025-07-02 20:00:00,420830.19299999997,1088899.28,937569.021,796168.966,438907.565,3682375.025
2025-07-02 21:00:00,397609.028,1013615.712,862477.581,742020.836,409818.515,3425541.672
2025-07-02 22:00:00,356513.032,928672.074,761008.021,655473.048,367864.93,3069531.105
2025-07-02 23:00:00,308838.322,849807.4539999999,632667.756,537246.314,305565.149,2634124.995
2025-07-03 00:00:00,275406.714,852630.787,594251.8640000001,482135.168,264880.023,2469304.556
2025-07-03 01:00:00,231609.964,741543.126,619959.95,404180.27,222944.682,2220237.992
2025-07-03 02:00:00,200398.753,654854.924,575127.781,352305.592,195135.611,1977822.661
2025-07-03 03:00:00,183452.399,589557.387,494813.043,324356.761,180636.739,1772816.3290000001
2025-07-03 04:00:00,176026.348,553271.04,449550.851,309926.085,174639.389,1663413.713
2025-07-03 05:00:00,176107.255,556643.238,447822.46,314279.216,177715.133,1672567.302
2025-07-03 06:00:00,192633.192,619123.551,492347.212,353901.39,200852.566,1858857.9109999998
2025-07-03 07:00:00,242662.484,766377.483,615548.409,447017.298,254832.693,2326438.367
2025-07-03 08:00:00,312614.976,902255.026,739469.991,588498.123,330276.462,2873114.5779999997
2025-07-03 09:00:00,349054.226,897266.58,733074.0430000001,596061.882,342028.313,2917485.0439999998
2025-07-03 10:00:00,346034.392,707518.306,602787.981,502536.398,300883.27,2459760.347
2025-07-03 11:00:00,338929.386,482827.657,447549.576,385676.079,266890.563,1921873.261
2025-07-03 12:00:00,325009.048,323947.659,370783.758,342287.481,225961.801,1587989.747
2025-07-03 13:00:00,312681.983,253571.64,346579.116,316571.469,195394.043,1424798.251
2025-07-03 14:00:00,302690.902,239524.007,363418.998,310440.023,181235.96600000001,1397309.8960000002
2025-07-03 15:00:00,296900.782,292988.923,403684.394,333921.069,188421.576,1515916.744
2025-07-03 16:00:00,298442.363,422780.465,489659.501,381601.793,219324.332,1811808.454
2025-07-03 17:00:00,320790.833,675897.6799999999,655063.411,507509.406,288839.771,2448101.1010000003
2025-07-03 18:00:00,364098.028,944222.269,847744.311,657033.183,370233.279,3183331.0700000003
2025-07-03 19:00:00,391388.539,1058313.34,920850.358,731085.637,412324.322,3513962.1960000005
2025-07-03 20:00:00,387635.435,1045599.411,894018.27,725981.978,412575.565,3465810.659
2025-07-03 21:00:00,376180.96499999997,1003682.796,845485.32,703407.342,398574.771,3327331.194
2025-07-03 22:00:00,347392.32899999997,944555.92,772870.917,648001.707,366980.288,3079801.1610000003
2025-07-03 23:00:00,308778.199,878918.768,655666.201,549483.778,314528.92,2707375.866
2025-07-04 00:00:00,277780.407,879998.663,615526.466,496941.559,275953.875,2546200.9699999997
2025-07-04 01:00:00,235405.61,772147.388,648397.656,420847.443,231986.56,2308784.657
2025-07-04 02:00:00,204300.291,682666.72,607920.542,370254.999,203955.938,2069098.4900000002
2025-07-04 03:00:00,188898.134,617321.419,528810.226,344882.296,190213.777,1870125.852
2025-07-04 04:00:00,182412.573,590263.961,490814.332,335347.349,186365.261,1785203.4759999998
2025-07-04 05:00:00,183950.895,597836.814,485910.896,343842.742,192356.533,1803897.8800000001
2025-07-04 06:00:00,203327.93600000002,669347.411,541479.356,388416.65499999997,220732.09,2023303.448
2025-07-04 07:00:00,257601.209,830977.078,685275.481,489969.512,282578.133,2546401.413
2025-07-04 08:00:00,334859.926,988074.145,836622.462,656645.069,368344.948,3184546.55
2025-07-04 09:00:00,386914.26900000003,994183.531,849540.541,697919.532,389474.198,3318032.0709999995
2025-07-04 10:00:00,387095.478,763098.866,657394.505,589909.179,333363.279,2730861.307
2025-07-04 11:00:00,362162.984,504050.541,426671.796,450283.158,258677.56100000002,2001846.0399999998
2025-07-04 12:00:00,333547.04,327946.072,263840.538,344293.654,200283.725,1469911.029
2025-07-04 13:00:00,311561.683,236743.62900000002,168999.431,280390.873,164308.451,1162004.067
2025-07-04 14:00:00,299158.19,260188.976,161730.703,258617.90099999998,150550.521,1130246.291
2025-07-04 15:00:00,303540.287,399682.87,258954.073,308948.287,214262.468,1485387.9849999999
2025-07-04 16:00:00,318675.113,559247.406,468439.954,445138.337,255242.497,2046743.307
2025-07-04 17:00:00,337578.41,760317.574,667780.96,541505.945,315341.615,2622524.5039999997
2025-07-04 18:00:00,372499.608,975092.21,837257.563,665342.777,382470.936,3232663.0939999996
2025-07-04 19:00:00,381102.996,1039669.684,888020.094,711328.306,399555.539,3419676.619
2025-07-04 20:00:00,367253.368,1012206.174,856680.166,690765.166,387446.23,3314351.104
2025-07-04 21:00:00,351723.389,960658.74,813300.602,661956.474,370078.954,3157718.159
2025-07-04 22:00:00,326962.759,914736.95,753734.845,614756.39,341417.992,2951608.936
2025-07-04 23:00:00,300046.89,869213.872,660360.258,535112.254,299312.321,2664045.595
2025-07-05 00:00:00,278782.627,877151.116,628422.862,495616.064,269265.728,2549238.397
2025-07-05 01:00:00,236423.353,760906.349,652137.448,418652.952,226938.388,2295058.4899999998
2025-07-05 02:00:00,203867.212,665188.991,603098.882,361683.0,196724.698,2030562.783
2025-07-05 03:00:00,185088.119,594469.015,518516.377,329434.178,178777.931,1806285.6200000003
2025-07-05 04:00:00,175629.691,556487.451,473719.046,313208.235,170310.545,1689354.9679999999
2025-07-05 05:00:00,173929.663,546960.442,458328.118,312138.478,170248.65,1661605.3509999998
2025-07-05 06:00:00,180877.184,576592.491,481506.852,331079.982,182035.663,1752092.172
2025-07-05 07:00:00,202078.894,659810.07,553920.662,377913.541,209654.891,2003378.058
2025-07-05 08:00:00,237656.192,749947.342,651770.551,482026.417,257373.21600000001,2378773.718
2025-07-05 09:00:00,279253.627,772103.548,702982.854,551609.524,289150.347,2595099.9
2025-07-05 10:00:00,287068.66599999997,622730.074,561781.017,481584.45399999997,252590.349,2205754.56
2025-07-05 11:00:00,271767.68,417826.202,356433.438,358933.965,192622.98,1597584.2650000001
2025-07-05 12:00:00,252669.665,284680.707,207700.603,265593.533,143802.127,1154446.635
2025-07-05 13:00:00,235646.03,205784.198,140557.683,219013.99399999998,114293.989,915295.8939999999
2025-07-05 14:00:00,230044.394,196350.584,148333.055,206651.692,107847.056,889226.7810000001
2025-07-05 15:00:00,229132.25400000002,249731.46000000002,221486.774,232864.31900000002,126828.392,1060043.199
2025-07-05 16:00:00,240577.541,412372.918,375890.78599999996,313286.743,176965.288,1519093.2759999998
2025-07-05 17:00:00,270359.98099999997,660250.079,600559.172,451536.81,251964.905,2234670.947
2025-07-05 18:00:00,312979.19,881455.103,779335.017,588221.254,326845.821,2888836.3850000002
2025-07-05 19:00:00,332938.475,941756.039,824391.788,636717.655,350936.512,3086740.469
2025-07-05 20:00:00,324706.015,912609.341,792451.083,622678.979,343920.551,2996365.969
2025-07-05 21:00:00,312903.14,871604.419,758984.135,603303.542,332905.982,2879701.2179999994
2025-07-05 22:00:00,296491.511,836821.307,714320.7339999999,570379.882,313737.346,2731750.78
2025-07-05 23:00:00,279685.951,810494.014,638116.784,507888.0,282793.26,2518978.0089999996
2025-07-06 00:00:00,267406.961,817596.284,621500.335,486087.783,262959.702,2455551.065
2025-07-06 01:00:00,231279.804,701290.362,648934.345,417543.37899999996,224846.179,2223894.069
2025-07-06 02:00:00,199768.875,606883.148,596263.902,361102.159,193660.756,1957678.84
2025-07-06 03:00:00,179401.139,533398.94,509112.449,326829.958,174023.348,1722765.834
2025-07-06 04:00:00,169282.638,492448.153,461335.25899999996,309066.697,164079.35,1596212.097
2025-07-06 05:00:00,165350.507,480109.659,443030.754,304789.84,160759.064,1554039.824
2025-07-06 06:00:00,168377.587,501541.81,455568.309,316445.826,166355.174,1608288.7060000002
2025-07-06 07:00:00,182577.766,560158.154,510946.722,351081.945,184491.463,1789256.05
2025-07-06 08:00:00,206854.895,627106.655,589120.451,436781.299,219019.182,2078882.4819999998
2025-07-06 09:00:00,239113.76,690197.51,647903.278,500362.108,243395.562,2320972.218
2025-07-06 10:00:00,247813.489,616390.144,545159.253,448543.781,217137.883,2075044.5499999998
2025-07-06 11:00:00,244946.068,562777.637,405844.304,377477.566,180842.508,1771888.0829999999
2025-07-06 12:00:00,238274.314,550392.629,350575.988,307741.246,198246.086,1645230.2630000003
2025-07-06 13:00:00,257804.991,523586.667,445521.161,362961.369,238183.031,1828057.219
2025-07-06 14:00:00,259147.99800000002,499474.833,459170.643,347816.292,218920.357,1784530.1230000001
2025-07-06 15:00:00,256933.27300000002,447480.697,480836.804,377467.467,222035.387,1784753.628
2025-07-06 16:00:00,264009.969,554085.076,551827.0,419845.14,253702.425,2043469.61
2025-07-06 17:00:00,278513.827,720426.748,683781.271,503275.7,286581.569,2472579.115
2025-07-06 18:00:00,320514.652,923973.034,847725.823,633774.134,343758.766,3069746.4089999995
2025-07-06 19:00:00,348901.889,993116.151,894257.279,690815.724,370077.284,3297168.327
2025-07-06 20:00:00,340161.68200000003,946022.2069999999,843804.24,670080.628,358881.162,3158949.919
2025-07-06 21:00:00,325270.462,891398.802,788425.35,639106.588,342804.117,2987005.319
2025-07-06 22:00:00,297632.364,836666.103,715178.057,581889.559,312573.639,2743939.722
2025-07-06 23:00:00,268842.571,791073.594,612288.255,494991.807,268154.279,2435350.506
2025-07-07 00:00:00,249572.254,812214.617,589536.397,461277.199,243626.672,2356227.139
2025-07-07 01:00:00,214352.638,710825.976,624945.351,395674.647,209399.779,2155198.391
2025-07-07 02:00:00,187848.75400000002,629103.522,587998.862,348229.063,185892.999,1939073.2000000002
2025-07-07 03:00:00,172420.793,566818.147,508618.297,321218.966,172363.575,1741439.778
2025-07-07 04:00:00,166129.927,538242.317,468068.222,310073.496,167491.951,1650005.9130000002
2025-07-07 05:00:00,168122.422,545325.658,462288.88800000004,316218.159,172511.524,1664466.651
2025-07-07 06:00:00,186005.323,608804.724,511748.142,356250.604,196400.608,1859209.401
2025-07-07 07:00:00,235476.3,749358.392,637589.461,446495.217,247691.96600000001,2316611.336
2025-07-07 08:00:00,305746.566,868680.691,757814.72,582844.848,319332.569,2834419.3940000003
2025-07-07 09:00:00,355672.154,907901.926,804179.685,641838.034,347750.829,3057342.628
2025-07-07 10:00:00,358827.148,711244.9450000001,654842.018,560718.538,305001.918,2590634.5670000003
2025-07-07 11:00:00,335597.446,470789.392,451224.968,432251.82,238510.853,1928374.4790000003
2025-07-07 12:00:00,310570.337,294038.06799999997,299573.70900000003,332820.623,183906.302,1420909.039
2025-07-07 13:00:00,293107.755,194354.189,218976.03399999999,276369.367,152386.037,1135193.382
2025-07-07 14:00:00,282422.958,183283.694,207792.961,257624.921,142046.383,1073170.917
2025-07-07 15:00:00,274934.37,244149.298,266420.882,279734.527,155465.094,1220704.171
2025-07-07 16:00:00,278958.646,402254.349,406244.181,357025.674,193505.62900000002,1637988.479
2025-07-07 17:00:00,297624.962,656459.975,626947.1140000001,486404.095,261848.683,2329284.829
2025-07-07 18:00:00,339088.362,914885.863,845659.574,648704.549,343616.129,3091954.4770000004
2025-07-07 19:00:00,368654.145,1015866.049,923876.481,724532.215,381534.148,3414463.038
2025-07-07 20:00:00,362375.602,978386.0989999999,882634.1,704712.409,375891.913,3304000.123
2025-07-07 21:00:00,345948.436,922167.215,822434.651,665524.208,358697.703,3114772.2130000005
2025-07-07 22:00:00,314990.356,866402.017,737790.176,597053.693,324420.802,2840657.044
2025-07-07 23:00:00,276865.004,811121.438,622644.045,496829.388,274183.222,2481643.097
2025-07-08 00:00:00,252759.89500000002,824320.258,592302.116,456330.122,244063.876,2369776.267
2025-07-08 01:00:00,214504.02,719993.204,624098.2829999999,385226.716,206805.504,2150627.727
2025-07-08 02:00:00,186336.681,628969.843,578487.235,336573.906,181709.419,1912077.084
2025-07-08 03:00:00,171256.195,567884.702,497412.456,310709.852,168138.253,1715401.458
2025-07-08 04:00:00,165161.741,536088.345,458680.257,301840.456,163663.062,1625433.861
2025-07-08 05:00:00,166336.149,533760.832,450321.898,304769.802,167717.962,1622906.6430000002
2025-07-08 06:00:00,181854.59100000001,585284.69,485003.766,341363.672,189721.18,1783227.899
2025-07-08 07:00:00,229916.541,703403.815,585734.939,420949.823,241189.776,2181194.894
2025-07-08 08:00:00,293560.528,804659.832,683619.676,535965.442,302619.256,2620424.734
2025-07-08 09:00:00,333086.085,886625.139,754038.577,601414.5989999999,332412.722,2907577.122
2025-07-08 10:00:00,354254.65,858276.9890000001,749684.086,606224.525,346472.605,2914912.855
2025-07-08 11:00:00,350707.087,730215.831,651208.771,548305.8589999999,298593.103,2579030.651
2025-07-08 12:00:00,337580.445,644989.494,519567.043,482515.91099999996,214890.277,2199543.17
2025-07-08 13:00:00,334631.056,692921.487,503115.008,442638.973,237709.63,2211016.1539999996
2025-07-08 14:00:00,357253.629,757955.62,632374.773,563784.452,305648.236,2617016.7100000004
2025-07-08 15:00:00,354142.165,723891.916,699156.119,595263.7390000001,299503.822,2671957.7610000004
2025-07-08 16:00:00,342981.212,734025.645,712414.97,580828.456,299705.612,2669955.895
2025-07-08 17:00:00,350669.283,888070.684,816599.271,638341.227,346520.324,3040200.789
2025-07-08 18:00:00,372160.66599999997,1059282.958,938303.816,731246.41,391823.785,3492817.6350000002
2025-07-08 19:00:00,391747.248,1126711.996,969775.413,775237.319,418538.067,3682010.0429999996
2025-07-08 20:00:00,385636.41,1071609.127,910094.143,748514.63,409472.526,3525326.836
2025-07-08 21:00:00,368903.358,1000807.028,845090.39,708207.64,388562.321,3311570.737
2025-07-08 22:00:00,334443.476,932177.008,757686.956,634570.414,351639.121,3010516.975
2025-07-08 23:00:00,294069.596,857774.253,641220.324,526135.28,297225.219,2616424.672
2025-07-09 00:00:00,265796.479,860449.368,613014.783,479616.173,262244.806,2481121.609
2025-07-09 01:00:00,225366.243,745013.541,646549.032,406162.851,220722.04,2243813.707
2025-07-09 02:00:00,195296.786,656027.346,602044.752,356090.157,194168.944,2003627.9849999996
2025-07-09 03:00:00,180839.459,592454.196,519709.086,330623.41000000003,181623.443,1805249.594
2025-07-09 04:00:00,174793.925,555586.164,477956.904,320269.755,176951.521,1705558.269
2025-07-09 05:00:00,176714.085,559984.608,471472.723,327719.053,182313.508,1718203.977
2025-07-09 06:00:00,195245.323,632015.146,524597.5109999999,370319.129,208294.476,1930471.585
2025-07-09 07:00:00,246813.094,778242.786,650634.889,463153.55600000004,264821.338,2403665.663
2025-07-09 08:00:00,317506.241,889512.503,762543.451,598584.047,333533.522,2901679.764
2025-07-09 09:00:00,362726.445,908450.669,781250.681,643127.79,353486.895,3049042.48
2025-07-09 10:00:00,360215.203,721479.8910000001,618397.809,553162.97,306928.563,2560184.436
2025-07-09 11:00:00,339056.087,510654.36600000004,425704.86,426937.726,242863.127,1945216.166
2025-07-09 12:00:00,319130.838,406494.599,329290.963,333608.417,195817.833,1584342.65
2025-07-09 13:00:00,306428.54099999997,407386.615,311854.847,301802.119,210400.61599999998,1537872.738
2025-07-09 14:00:00,326912.094,520704.526,393368.423,320214.18200000003,290774.345,1851973.57
2025-07-09 15:00:00,349629.101,652074.581,488143.852,425888.31700000004,303133.953,2218869.804
2025-07-09 16:00:00,349258.187,778264.12,612591.801,518469.341,308918.996,2567502.445
2025-07-09 17:00:00,367424.944,903487.569,787840.999,629907.576,359210.459,3047871.547
2025-07-09 18:00:00,404818.17,1091604.5590000001,958762.366,756627.078,428686.761,3640498.934
2025-07-09 19:00:00,422736.093,1152866.8530000001,1009902.461,813865.058,456636.39400000003,3856006.8589999997
2025-07-09 20:00:00,412225.97,1105623.456,959979.397,787666.308,445571.326,3711066.457
2025-07-09 21:00:00,392395.885,1021227.8640000001,889409.213,740000.776,421493.55700000003,3464527.295
2025-07-09 22:00:00,357604.167,939695.26,796515.53,663627.841,379836.048,3137278.8460000004
2025-07-09 23:00:00,311195.733,857105.6359999999,663834.971,550126.339,317275.7,2699538.379
2025-07-10 00:00:00,276917.594,852721.595,618927.297,493992.434,273573.149,2516132.069
2025-07-10 01:00:00,233421.359,737630.121,646166.364,413603.341,228442.176,2259263.361
2025-07-10 02:00:00,201329.61800000002,646126.427,597403.681,358646.677,197865.837,2001372.24
2025-07-10 03:00:00,183331.17,576344.7390000001,511407.347,327515.786,181508.259,1780107.3010000002
2025-07-10 04:00:00,175385.185,542870.19,466307.46900000004,314239.45900000003,175443.293,1674245.5960000001
2025-07-10 05:00:00,176268.154,545743.503,459545.646,319713.146,177846.931,1679117.3800000001
2025-07-10 06:00:00,193608.21600000001,605972.071,505782.561,359684.613,201251.702,1866299.163
2025-07-10 07:00:00,241655.477,730083.483,616216.175,441776.888,252299.402,2282031.425
2025-07-10 08:00:00,310492.955,845181.988,725721.944,570017.616,317772.881,2769187.384
2025-07-10 09:00:00,360467.802,920562.089,812275.163,643222.026,357035.819,3093562.899
2025-07-10 10:00:00,383279.929,797724.336,781181.071,651906.6410000001,332350.015,2946441.992
2025-07-10 11:00:00,372474.975,702243.982,671171.655,577026.72,292100.433,2615017.765
2025-07-10 12:00:00,367729.111,557320.096,628809.543,535162.813,288846.724,2377868.287
2025-07-10 13:00:00,355592.929,528387.632,543271.143,461234.688,262695.107,2151181.499
2025-07-10 14:00:00,355788.005,549656.875,621692.667,482062.227,275305.371,2284505.145
2025-07-10 15:00:00,362673.339,609676.91,641646.979,495737.573,291885.679,2401620.48
2025-07-10 16:00:00,369317.225,688480.351,715517.291,566521.291,320747.24,2660583.398
2025-07-10 17:00:00,374170.639,891521.433,840776.772,650348.7590000001,374553.182,3131370.785
2025-07-10 18:00:00,407341.607,1088594.895,1002737.009,781935.789,433255.598,3713864.898
2025-07-10 19:00:00,424507.811,1148805.512,1045095.87,831384.9,456539.319,3906333.4120000005
2025-07-10 20:00:00,414076.18700000003,1099000.132,989766.404,801005.627,442567.993,3746416.3430000003
2025-07-10 21:00:00,393939.9,1027314.363,918240.019,753189.931,417670.747,3510354.96
2025-07-10 22:00:00,358038.499,953858.539,823991.765,677224.995,378359.921,3191473.719
2025-07-10 23:00:00,314941.362,879434.119,688130.624,564140.25,318802.077,2765448.432
2025-07-11 00:00:00,282728.191,872335.59,642275.302,507513.498,277029.622,2581882.203
2025-07-11 01:00:00,237992.563,750579.911,664425.6140000001,425166.697,230961.577,2309126.3619999997
2025-07-11 02:00:00,204928.44,653473.8759999999,616494.8200000001,367651.184,199667.385,2042215.705
2025-07-11 03:00:00,185692.017,581205.0819999999,530452.263,335195.293,182078.013,1814622.668
2025-07-11 04:00:00,177186.601,543831.142,482599.42500000005,318979.05700000003,175353.19700000001,1697949.422
2025-07-11 05:00:00,177718.968,541287.422,470684.434,321647.266,178465.11800000002,1689803.2079999999
2025-07-11 06:00:00,193555.493,592640.875,507732.73600000003,355752.801,200209.714,1849891.619
2025-07-11 07:00:00,237590.377,698453.513,606765.197,431334.012,246839.511,2220982.61
2025-07-11 08:00:00,298177.563,794457.102,705148.629,550570.325,307685.886,2656039.505
2025-07-11 09:00:00,343368.48,839681.183,761127.716,613566.495,329882.884,2887626.758
2025-07-11 10:00:00,366358.7,745295.5819999999,706876.301,619401.066,331592.977,2769524.6259999997
2025-07-11 11:00:00,348526.118,608000.847,576763.607,495454.64400000003,276998.878,2305744.094
2025-07-11 12:00:00,350056.683,515035.931,550722.8,503945.24100000004,281399.351,2201160.006
2025-07-11 13:00:00,330855.178,447027.035,495270.91000000003,413309.201,236752.406,1923214.73
2025-07-11 14:00:00,326254.59,472735.571,468520.873,448714.549,233688.855,1949914.438
2025-07-11 15:00:00,334428.978,499409.033,582984.33,504662.671,262854.282,2184339.294
2025-07-11 16:00:00,338949.046,591293.644,665305.911,535055.781,297284.385,2427888.767
2025-07-11 17:00:00,342708.444,736116.025,761192.199,595798.998,321412.271,2757227.9370000004
2025-07-11 18:00:00,365364.37,906038.313,869252.393,678957.959,366715.434,3186328.469
2025-07-11 19:00:00,370583.159,966062.986,893557.817,706764.061,379272.684,3316240.707
2025-07-11 20:00:00,355492.578,935591.158,844370.358,678956.994,366996.203,3181407.291
2025-07-11 21:00:00,339962.104,893841.498,793267.601,648811.954,349936.806,3025819.9629999995
2025-07-11 22:00:00,319502.606,863217.4040000001,740016.17,608162.538,328508.072,2859406.7900000005
2025-07-11 23:00:00,298679.998,833503.861,656098.159,538917.166,295039.962,2622239.146
2025-07-12 00:00:00,279126.632,853879.408,628780.304,503330.477,270070.08400000003,2535186.9050000003
2025-07-12 01:00:00,238172.60499999998,739382.65,655026.228,427680.277,230159.26799999998,2290421.0280000004
2025-07-12 02:00:00,206146.17799999999,643084.45,603863.538,370145.463,200306.003,2023545.632
2025-07-12 03:00:00,188073.96,576041.499,517579.61,339631.113,183328.388,1804654.57
2025-07-12 04:00:00,179560.595,542046.117,475452.836,325036.193,175933.853,1698029.594
2025-07-12 05:00:00,177693.89,535641.2930000001,459372.493,323047.399,175929.103,1671684.1780000003
2025-07-12 06:00:00,184007.24599999998,563749.666,477059.604,340211.764,186470.922,1751499.202
2025-07-12 07:00:00,205044.441,639884.867,545928.113,385663.781,213575.25,1990096.452
2025-07-12 08:00:00,240225.835,723572.745,634659.549,483823.626,259416.282,2341698.037
2025-07-12 09:00:00,285630.537,796646.867,730459.25,576424.892,305123.081,2694284.6270000003
2025-07-12 10:00:00,309555.505,668529.974,702747.902,570795.756,300059.237,2551688.3740000003
2025-07-12 11:00:00,289615.316,427801.597,537316.377,424690.69299999997,227817.203,1907241.186
2025-07-12 12:00:00,263926.124,271157.096,316532.197,300361.975,180840.446,1332817.838
2025-07-12 13:00:00,249039.169,207516.462,248255.826,260323.962,168736.46,1133871.879
2025-07-12 14:00:00,249315.847,288798.681,307178.596,287830.243,166711.516,1299834.8830000001
2025-07-12 15:00:00,250652.709,383773.283,392562.31799999997,306972.846,190495.88199999998,1524457.038
2025-07-12 16:00:00,269176.413,518126.084,501359.48,393397.69299999997,245170.393,1927230.0629999998
2025-07-12 17:00:00,296377.343,673741.756,665252.349,508710.92,289416.752,2433499.12
2025-07-12 18:00:00,325338.16,843450.041,811967.853,615941.492,332656.588,2929354.134
2025-07-12 19:00:00,338361.899,889755.157,847391.845,649135.713,345720.256,3070364.87
2025-07-12 20:00:00,326329.059,854625.491,807149.236,623977.9839999999,334699.6,2946781.37
2025-07-12 21:00:00,313323.629,820933.714,765596.942,596338.186,322896.066,2819088.537
2025-07-12 22:00:00,295791.684,807198.225,719607.768,558566.506,306321.026,2687485.2090000003
2025-07-12 23:00:00,278547.864,797207.59,641994.831,496049.611,275311.404,2489111.3
2025-07-13 00:00:00,264981.756,823380.007,625342.655,475527.316,256102.434,2445334.168
2025-07-13 01:00:00,228712.125,715127.078,648475.501,403416.67,218925.744,2214657.118
2025-07-13 02:00:00,197146.87099999998,623477.525,597836.612,348178.95,189586.81,1956226.768
2025-07-13 03:00:00,178679.65899999999,556826.717,509723.488,315261.369,171844.064,1732335.297
2025-07-13 04:00:00,169286.68,521439.744,461211.513,298016.778,163201.97,1613156.685
2025-07-13 05:00:00,166774.584,512781.827,440593.342,293327.136,160949.022,1574425.9109999998
2025-07-13 06:00:00,171242.704,531610.684,450978.98199999996,304409.981,168043.1,1626285.4510000001
2025-07-13 07:00:00,184932.562,590624.377,499621.323,334993.727,185885.418,1796057.4070000001
2025-07-13 08:00:00,211147.69,658813.618,570320.7220000001,413212.388,221145.491,2074639.909
2025-07-13 09:00:00,244653.884,718286.138,643617.649,481281.378,255845.221,2343684.27
2025-07-13 10:00:00,259951.122,652900.027,572955.684,448879.018,244754.642,2179440.493
2025-07-13 11:00:00,274950.592,600461.949,525336.8,458953.09400000004,251083.42,2110785.855
2025-07-13 12:00:00,293339.76399999997,566778.887,534032.445,481435.659,270585.879,2146172.634
2025-07-13 13:00:00,299204.809,547156.405,540682.684,502494.015,264154.375,2153692.288
2025-07-13 14:00:00,288716.293,500869.144,492032.145,410025.777,248469.125,1940112.484
2025-07-13 15:00:00,295226.17,605519.432,553854.968,493508.928,258430.698,2206540.196
2025-07-13 16:00:00,306158.341,734619.8319999999,665133.683,566341.2069999999,289520.647,2561773.71
2025-07-13 17:00:00,328621.468,880543.095,802498.368,643976.142,341686.353,2997325.426
2025-07-13 18:00:00,360198.52,1004215.664,916185.887,722822.804,385543.517,3388966.392
2025-07-13 19:00:00,376051.168,1042314.399,931194.02,743975.7239999999,400696.496,3494231.807
2025-07-13 20:00:00,371583.098,995926.456,882004.8589999999,722211.072,395021.933,3366747.4180000005
2025-07-13 21:00:00,354308.918,937162.155,823715.36,683591.072,377373.115,3176150.62
2025-07-13 22:00:00,324176.585,880531.319,747956.629,621547.558,345593.917,2919806.008
2025-07-13 23:00:00,287457.244,820537.607,635969.449,524373.218,294047.868,2562385.386
2025-07-14 00:00:00,262117.135,825523.061,602593.107,482021.925,260777.528,2433032.756
2025-07-14 01:00:00,224646.047,728109.912,635212.554,408216.608,220499.474,2216684.595
2025-07-14 02:00:00,195571.882,639114.145,594134.506,357131.765,193419.272,1979371.5699999998
2025-07-14 03:00:00,179969.18,574998.708,516712.501,329952.55,179370.806,1781003.745
2025-07-14 04:00:00,173022.158,544641.713,475499.128,317542.43200000003,173523.987,1684229.418
2025-07-14 05:00:00,174277.508,547364.224,467950.12100000004,322124.158,178057.742,1689773.7530000003
2025-07-14 06:00:00,191010.183,604192.664,512227.293,359488.252,201368.956,1868287.348
2025-07-14 07:00:00,240508.897,734299.385,624197.046,443762.469,253151.331,2295919.1279999996
2025-07-14 08:00:00,309848.774,844545.754,732685.246,574658.673,320901.527,2782639.9739999995
2025-07-14 09:00:00,358083.115,857859.942,756976.424,628415.763,342022.349,2943357.593
2025-07-14 10:00:00,359025.36,677363.197,612785.024,546091.111,303727.41,2498992.102
2025-07-14 11:00:00,340099.116,466673.793,441810.073,424837.25,253037.535,1926457.7669999998
2025-07-14 12:00:00,317394.837,355598.5,358281.609,347426.954,205524.664,1584226.5640000002
2025-07-14 13:00:00,311607.099,348293.56299999997,358746.298,341714.001,196682.285,1557043.2459999998
2025-07-14 14:00:00,328948.142,450376.27,395700.22000000003,372490.58400000003,255500.59,1803015.806
2025-07-14 15:00:00,341683.309,522296.984,499894.321,476046.76,276815.823,2116737.197
2025-07-14 16:00:00,337214.336,663071.833,603860.975,528998.935,302202.94299999997,2435349.022
2025-07-14 17:00:00,353405.444,838488.942,763955.4010000001,620581.676,347615.669,2924047.132
2025-07-14 18:00:00,386595.32,1032268.2,927391.892,734901.222,403746.681,3484903.315
2025-07-14 19:00:00,404567.065,1095536.933,974151.7119999999,783392.345,424572.267,3682220.3219999997
2025-07-14 20:00:00,393510.619,1040877.814,915127.5279999999,750032.0819999999,411814.56200000003,3511362.6049999995
2025-07-14 21:00:00,373166.177,969240.337,845859.757,702795.245,387787.109,3278848.625
2025-07-14 22:00:00,337081.905,894174.036,753820.968,629963.004,351044.264,2966084.177
2025-07-14 23:00:00,294714.854,823921.954,630993.824,524202.162,295179.233,2569012.027
2025-07-15 00:00:00,265203.386,828250.205,594771.854,474263.831,259029.89,2421519.166
2025-07-15 01:00:00,225139.329,721620.356,628936.185,402655.278,218648.929,2197000.077
2025-07-15 02:00:00,195797.91,629668.644,587144.84,351274.116,190752.306,1954637.8159999999
2025-07-15 03:00:00,178435.951,558233.0,507670.91000000003,324044.69299999997,175694.28100000002,1744078.835
2025-07-15 04:00:00,171697.683,521665.087,466612.718,312132.311,170449.61000000002,1642557.4090000002
2025-07-15 05:00:00,172914.731,523380.951,458668.65499999997,316753.066,173942.4,1645659.8029999998
2025-07-15 06:00:00,190701.608,584990.725,502595.87,355362.873,196748.553,1830399.629
2025-07-15 07:00:00,240429.671,716130.425,612986.606,441255.108,247522.365,2258324.175
2025-07-15 08:00:00,309289.268,821581.7339999999,714698.347,565865.909,311642.265,2723077.523
2025-07-15 09:00:00,355044.753,854814.93,765308.254,629795.334,341179.822,2946143.0930000003
2025-07-15 10:00:00,369845.382,725239.667,675372.464,592834.347,339785.847,2703077.7070000004
2025-07-15 11:00:00,361925.245,545887.898,575516.749,528085.78,302971.431,2314387.1029999997
2025-07-15 12:00:00,353459.44,375441.705,517988.587,465102.45,259019.559,1971011.741
2025-07-15 13:00:00,340566.925,359239.087,470802.055,401899.548,250932.137,1823439.7519999999
2025-07-15 14:00:00,356778.257,403279.671,489604.678,394338.124,276139.13,1920139.8599999999
2025-07-15 15:00:00,353791.49,460122.292,498998.55700000003,423235.93,258733.805,1994882.074
2025-07-15 16:00:00,338336.011,536984.963,584305.385,447356.738,276353.831,2183336.928
2025-07-15 17:00:00,346160.359,694582.612,721522.404,545098.257,313594.611,2620958.243
2025-07-15 18:00:00,380079.798,961093.574,910497.0619999999,697831.077,379497.066,3328998.577
2025-07-15 19:00:00,407796.51900000003,1087024.107,994491.094,779017.45,423318.886,3691648.0560000003
2025-07-15 20:00:00,405915.163,1064773.97,954185.812,762146.238,421854.49,3608875.6729999995
2025-07-15 21:00:00,390803.204,1010461.277,893103.525,726471.396,405782.849,3426622.251
2025-07-15 22:00:00,356988.463,943077.813,802566.387,658053.998,371725.216,3132411.8770000003
2025-07-15 23:00:00,312181.549,867746.532,671370.754,548656.416,311865.391,2711820.642
2025-07-16 00:00:00,278406.339,872664.115,630485.827,495148.905,272460.447,2549165.633
2025-07-16 01:00:00,235681.055,762268.232,658490.901,415780.843,228565.534,2300786.565
2025-07-16 02:00:00,203070.399,668674.8,611015.039,360589.525,198742.403,2042092.1659999997
2025-07-16 03:00:00,185335.535,599213.089,524776.825,330122.655,182275.693,1821723.797
2025-07-16 04:00:00,178109.888,566292.298,484038.345,317548.462,176715.144,1722704.137
2025-07-16 05:00:00,179317.145,564346.412,476456.433,322688.731,181119.812,1723928.533
2025-07-16 06:00:00,196963.714,618147.674,523522.913,360812.844,205734.784,1905181.929
2025-07-16 07:00:00,247845.177,742670.9890000001,634542.263,444538.72,258929.386,2328526.535
2025-07-16 08:00:00,316477.726,844001.898,735562.801,570308.708,325047.689,2791398.8219999997
2025-07-16 09:00:00,365219.178,888164.749,787027.904,637604.13,358628.72,3036644.681
2025-07-16 10:00:00,373009.745,736053.272,690144.706,600847.38,328981.442,2729036.545
2025-07-16 11:00:00,343362.798,519441.037,546722.845,495762.236,249145.356,2154434.272
2025-07-16 12:00:00,334556.547,414150.867,474711.81200000003,416136.164,210912.416,1850467.806
2025-07-16 13:00:00,361602.254,434253.675,506424.028,459616.837,261747.687,2023644.481
2025-07-16 14:00:00,363852.086,450900.241,541366.523,497098.07300000003,279956.715,2133173.6380000003
2025-07-16 15:00:00,360666.186,488339.287,560246.854,488962.796,288689.463,2186904.586
2025-07-16 16:00:00,348689.512,575724.622,600333.892,491270.566,303197.642,2319216.234
2025-07-16 17:00:00,356732.586,742153.7609999999,737763.4029999999,567256.785,338605.914,2742512.449
2025-07-16 18:00:00,389770.713,947600.9299999999,898254.3200000001,694001.308,395764.341,3325391.6119999997
2025-07-16 19:00:00,407794.879,1028893.698,954643.667,753388.982,423141.393,3567862.619
2025-07-16 20:00:00,399190.514,991535.018,904776.277,732359.896,413896.947,3441758.6520000002
2025-07-16 21:00:00,380021.105,932609.7509999999,838957.86,687760.829,391161.078,3230510.6229999997
2025-07-16 22:00:00,345692.057,871304.732,750495.318,619706.548,352477.228,2939675.883
2025-07-16 23:00:00,302937.198,812175.081,630648.51,518420.876,296113.163,2560294.828
2025-07-17 00:00:00,272488.691,825860.401,594264.166,470944.238,259828.051,2423385.5470000003
2025-07-17 01:00:00,229963.037,720645.801,625069.741,396505.625,217599.161,2189783.3649999998
2025-07-17 02:00:00,198122.3,639163.959,583544.906,345496.613,190781.269,1957109.047
2025-07-17 03:00:00,181856.169,569652.536,505336.881,317658.124,175790.652,1750294.362
2025-07-17 04:00:00,174211.041,536187.324,460091.03500000003,304728.541,169682.722,1644900.6630000002
2025-07-17 05:00:00,175056.22,534869.5160000001,451444.369,308211.871,172853.881,1642435.857
2025-07-17 06:00:00,192045.65899999999,583466.435,493633.209,343858.80700000003,195588.018,1808592.128
2025-07-17 07:00:00,240250.534,695901.72,598528.71,421821.043,245106.658,2201608.665
2025-07-17 08:00:00,305891.108,788800.801,689524.469,537402.1140000001,305419.536,2627038.028
2025-07-17 09:00:00,345161.222,828294.559,700296.381,586904.859,316571.185,2777228.2060000002
2025-07-17 10:00:00,368155.289,748762.738,671815.836,623544.525,339928.863,2752207.251
2025-07-17 11:00:00,380320.006,616735.04,645668.507,617824.094,353407.45,2613955.097
2025-07-17 12:00:00,368541.636,463401.135,585146.102,541774.669,328276.831,2287140.3729999997
2025-07-17 13:00:00,321674.187,382865.359,430713.316,381868.237,217977.463,1735098.562
2025-07-17 14:00:00,307593.978,405561.844,369036.998,405007.658,189412.143,1676612.621
2025-07-17 15:00:00,327896.065,523436.119,488500.0,457607.875,257638.365,2055078.4239999999
2025-07-17 16:00:00,340196.571,577197.657,580128.405,508161.711,295712.147,2301396.491
2025-07-17 17:00:00,344046.457,736943.135,719846.931,581027.431,312273.861,2694137.815
2025-07-17 18:00:00,379442.162,949264.552,880194.772,695547.8640000001,381250.386,3285699.736
2025-07-17 19:00:00,395894.489,1048204.615,936333.174,752432.996,407621.0,3540486.274
2025-07-17 20:00:00,389850.925,1032338.475,899611.2660000001,739197.189,404251.242,3465249.0969999996
2025-07-17 21:00:00,376579.186,988316.777,850498.601,710212.399,391094.482,3316701.445
2025-07-17 22:00:00,349106.168,939038.5719999999,778822.416,652396.958,362824.951,3082189.065
2025-07-17 23:00:00,311367.401,875505.967,663568.081,552929.638,311278.831,2714649.9180000005
2025-07-18 00:00:00,282330.137,879976.525,627144.465,503503.118,277946.9,2570901.145
2025-07-18 01:00:00,239381.187,766961.817,656632.562,425021.571,234838.996,2322836.133
2025-07-18 02:00:00,207935.869,677676.8859999999,614669.702,372484.438,205183.207,2077950.102
2025-07-18 03:00:00,191850.37,611985.7829999999,534368.827,345000.172,191418.196,1874623.348
2025-07-18 04:00:00,185138.463,582401.343,494688.14400000003,333601.355,186409.971,1782239.2759999998
2025-07-18 05:00:00,187354.958,586690.42,492041.039,341244.255,191634.645,1798965.3169999998
2025-07-18 06:00:00,205327.986,652785.312,544123.936,382843.043,217426.514,2002506.791
2025-07-18 07:00:00,254740.481,785090.303,664596.012,469579.08400000003,269513.897,2443519.777
2025-07-18 08:00:00,326475.637,901802.305,782538.344,610183.0430000001,339787.433,2960786.762
2025-07-18 09:00:00,385316.534,929069.9029999999,819982.012,687190.682,375644.52,3197203.651
2025-07-18 10:00:00,401231.975,705351.744,694460.3470000001,643432.382,343794.532,2788270.98
2025-07-18 11:00:00,373449.659,437614.111,485999.396,502637.632,252193.223,2051894.021
2025-07-18 12:00:00,337365.391,263593.519,286116.856,350066.957,191562.115,1428704.8379999998
2025-07-18 13:00:00,317309.994,198220.13400000002,201666.791,301060.815,156481.492,1174739.226
2025-07-18 14:00:00,303586.643,192015.706,218413.957,289776.67,152189.246,1155982.222
2025-07-18 15:00:00,295054.00800000003,231697.961,250582.593,284369.245,157278.366,1218982.173
2025-07-18 16:00:00,295063.226,373185.374,366053.229,350722.08,189568.44999999998,1574592.3590000002
2025-07-18 17:00:00,313904.098,613369.2390000001,595322.962,479312.439,261922.439,2263831.177
2025-07-18 18:00:00,352330.128,884721.629,819473.328,638064.438,341141.055,3035730.578
2025-07-18 19:00:00,376907.851,1002431.62,917234.4029999999,717888.125,384208.458,3398670.457
2025-07-18 20:00:00,370811.259,997905.95,899734.797,709660.92,383449.947,3361562.873
2025-07-18 21:00:00,360463.68700000003,970674.369,866478.014,690234.061,376901.27,3264751.401
2025-07-18 22:00:00,340576.134,941453.807,813768.579,645619.262,358150.535,3099568.3170000003
2025-07-18 23:00:00,314251.772,909684.022,715596.555,567066.389,319269.10599999997,2825867.844
2025-07-19 00:00:00,290010.403,916266.912,674232.102,519951.951,285801.403,2686262.7709999997
2025-07-19 01:00:00,249397.698,803176.039,695441.384,441037.867,242165.823,2431218.8109999998
2025-07-19 02:00:00,214586.44,706546.942,644739.187,381971.676,209670.429,2157514.674
2025-07-19 03:00:00,194561.99000000002,639337.711,562222.413,349368.815,191294.201,1936785.13
2025-07-19 04:00:00,185102.013,605524.38,514606.006,333400.044,182956.19199999998,1821588.635
2025-07-19 05:00:00,182651.632,601050.697,495487.488,332035.602,181591.572,1792816.9910000002
2025-07-19 06:00:00,189259.81900000002,628053.034,517994.752,349281.896,192526.978,1877116.4790000003
2025-07-19 07:00:00,211158.359,714115.6529999999,592375.057,395113.33,221609.529,2134371.928
2025-07-19 08:00:00,247929.828,805653.455,686134.725,497229.504,270360.164,2507307.676
2025-07-19 09:00:00,291994.534,841824.858,727634.468,566808.931,301655.41,2729918.201
2025-07-19 10:00:00,309508.283,746663.633,644184.52,535704.15,299989.547,2536050.1330000004
2025-07-19 11:00:00,324957.485,583289.038,547342.548,527389.956,302284.125,2285263.152
2025-07-19 12:00:00,304520.855,343718.088,365829.01399999997,380464.586,211668.664,1606201.207
2025-07-19 13:00:00,278737.727,313997.166,218528.002,288196.953,161324.675,1260784.523
2025-07-19 14:00:00,271889.581,449848.915,228482.369,333006.165,164774.309,1448001.3390000002
2025-07-19 15:00:00,300838.844,598509.693,427339.111,516255.52,244266.133,2087209.301
2025-07-19 16:00:00,324094.509,689621.434,600037.799,593651.06,298461.237,2505866.0390000003
2025-07-19 17:00:00,344439.689,809103.1140000001,753757.627,648540.227,347350.904,2903191.561
2025-07-19 18:00:00,368142.28,954245.851,879556.428,707103.681,383093.031,3292141.2709999997
2025-07-19 19:00:00,374654.706,1003431.683,900007.284,723102.238,389094.181,3390290.0919999997
2025-07-19 20:00:00,361070.901,963221.303,852841.79,690749.188,374095.13,3241978.312
2025-07-19 21:00:00,345253.314,913162.541,800232.69,656373.689,355936.687,3070958.921
2025-07-19 22:00:00,324667.669,887402.7119999999,748683.829,612486.579,337375.326,2910616.1149999998
2025-07-19 23:00:00,303538.506,863318.421,667166.866,542532.502,305338.268,2681894.563
2025-07-20 00:00:00,287480.756,879638.936,647514.048,513470.672,282938.607,2611043.019
2025-07-20 01:00:00,248514.039,763267.005,671038.2,438189.66099999996,242860.598,2363869.5030000005
2025-07-20 02:00:00,215475.737,668105.987,621665.155,380359.379,210828.912,2096435.17
2025-07-20 03:00:00,195171.526,598469.9,536316.942,345514.755,191899.83,1867372.953
2025-07-20 04:00:00,184887.609,562542.636,488266.6,328582.03500000003,183008.939,1747287.8190000004
2025-07-20 05:00:00,181816.304,555993.967,469073.002,325967.133,181159.8,1714010.206
2025-07-20 06:00:00,187426.648,586067.9280000001,485098.562,341932.608,190246.273,1790772.019
2025-07-20 07:00:00,205766.799,661899.036,543899.345,383660.396,214028.054,2009253.63
2025-07-20 08:00:00,238127.814,744665.968,631209.829,481837.592,260255.132,2356096.3350000004
2025-07-20 09:00:00,278892.558,786785.183,668685.993,548621.547,290903.504,2573888.785
2025-07-20 10:00:00,289464.564,635800.089,536929.125,493387.673,262748.975,2218330.426
2025-07-20 11:00:00,282489.268,431725.663,351547.697,382240.93,219374.76,1667378.318
2025-07-20 12:00:00,273117.988,282384.111,223689.899,297309.54,179201.03,1255702.568
2025-07-20 13:00:00,264638.277,225801.79200000002,157053.244,269367.701,147865.048,1064726.062
2025-07-20 14:00:00,255818.926,250422.362,194930.257,280959.933,144407.283,1126538.761
2025-07-20 15:00:00,256997.724,295753.547,301753.311,320654.511,171006.902,1346165.9949999999
2025-07-20 16:00:00,264346.557,445670.896,421647.725,366824.342,194778.262,1693267.7820000001
2025-07-20 17:00:00,298375.495,694596.052,645146.302,516285.81799999997,293126.44,2447530.107
2025-07-20 18:00:00,353677.235,954007.709,862059.889,679532.926,376513.94,3225791.699
2025-07-20 19:00:00,392742.979,1066043.665,939108.945,761413.235,417369.56,3576678.384
2025-07-20 20:00:00,391141.963,1037623.522,905713.586,752393.846,415506.53500000003,3502379.452
2025-07-20 21:00:00,376567.942,982914.117,854927.789,722013.922,400287.648,3336711.418
2025-07-20 22:00:00,342912.21400000004,912011.147,770796.058,651358.926,363690.996,3040769.3409999995
2025-07-20 23:00:00,301961.516,847329.018,649359.768,542226.077,305933.439,2646809.818
2025-07-21 00:00:00,273232.286,855270.561,613293.898,490334.054,268560.997,2500691.796
2025-07-21 01:00:00,234577.638,757098.04,646433.608,417204.311,227912.906,2283226.503
2025-07-21 02:00:00,205257.243,672345.501,610432.0279999999,368491.838,200630.05299999999,2057156.663
2025-07-21 03:00:00,189088.624,612194.045,535901.932,342627.906,186367.536,1866180.043
2025-07-21 04:00:00,182375.73,578870.762,498396.071,332338.052,181379.832,1773360.447
2025-07-21 05:00:00,184418.027,582980.006,492872.862,339750.023,186088.645,1786109.563
2025-07-21 06:00:00,203232.25400000002,642297.233,548224.942,385129.281,212899.852,1991783.562
2025-07-21 07:00:00,262040.44,803425.417,697588.431,499125.497,276882.971,2539062.756
2025-07-21 08:00:00,343835.283,951436.115,846286.352,670078.991,361433.255,3173069.996
2025-07-21 09:00:00,391985.999,952459.125,841795.347,698757.361,370724.479,3255722.3109999998
2025-07-21 10:00:00,395772.43799999997,800978.083,680453.56,592762.335,356635.898,2826602.3140000002
2025-07-21 11:00:00,377983.254,573365.78,530319.295,495980.6,305258.072,2282907.001
2025-07-21 12:00:00,348171.763,374685.60599999997,327519.741,365873.79099999997,239285.827,1655536.728
2025-07-21 13:00:00,324727.583,263192.715,224800.941,306893.294,197101.669,1316716.2019999998
2025-07-21 14:00:00,311773.086,216139.336,212428.286,278131.4,180010.013,1198482.121
2025-07-21 15:00:00,301620.015,261328.282,255787.59399999998,283785.431,186981.769,1289503.091
2025-07-21 16:00:00,309085.14,418941.105,383704.419,356036.29000000004,238763.972,1706530.9260000002
2025-07-21 17:00:00,335784.997,695686.287,633786.059,520506.71,314604.538,2500368.591
2025-07-21 18:00:00,376177.632,979627.118,860756.554,683274.645,389328.891,3289164.84
2025-07-21 19:00:00,411262.602,1096344.813,948446.453,769724.697,430409.83,3656188.3950000005
2025-07-21 20:00:00,403548.187,1048085.472,902834.988,747530.354,419785.908,3521784.909
2025-07-21 21:00:00,379447.427,969049.2980000001,834784.24,698209.998,390053.75,3271544.7130000005
2025-07-21 22:00:00,337437.469,879395.502,735004.526,614646.986,341268.455,2907752.938
2025-07-21 23:00:00,288866.439,800812.314,597111.364,496661.703,276681.649,2460133.4689999996
2025-07-22 00:00:00,257117.468,803206.57,557905.807,444123.83999999997,239873.537,2302227.222
2025-07-22 01:00:00,216502.589,696708.471,585798.574,371644.559,201280.843,2071935.0359999998
2025-07-22 02:00:00,187286.194,609290.914,542772.659,323098.321,176112.202,1838560.29
2025-07-22 03:00:00,170592.083,546572.47,464769.115,296952.04,163707.066,1642592.7739999997
2025-07-22 04:00:00,164309.833,515570.534,426251.278,286037.302,159298.999,1551467.946
2025-07-22 05:00:00,165427.375,514740.673,415975.612,289449.217,162767.243,1548360.1199999999
2025-07-22 06:00:00,181710.126,569408.452,454572.336,323416.917,183577.272,1712685.1030000001
2025-07-22 07:00:00,229221.664,698945.879,563091.175,402506.788,234323.435,2128088.941
2025-07-22 08:00:00,294092.935,821784.49,666062.0700000001,518191.612,296958.745,2597089.852
2025-07-22 09:00:00,315599.058,847496.163,648214.877,506987.109,291356.019,2609653.226
2025-07-22 10:00:00,324809.826,796293.319,631505.945,508615.945,287352.49,2548577.5250000004
2025-07-22 11:00:00,327844.678,765831.871,581583.422,451091.368,289327.694,2415679.0330000003
2025-07-22 12:00:00,354982.824,773018.302,578862.21,502677.945,320793.758,2530335.0390000003
2025-07-22 13:00:00,368680.757,781367.623,649086.382,548917.943,339390.437,2687443.142
2025-07-22 14:00:00,382102.70900000003,751042.338,680066.409,590910.291,352136.55,2756258.297
2025-07-22 15:00:00,355081.354,606712.585,642271.895,542273.496,277041.753,2423381.083
2025-07-22 16:00:00,322441.713,612826.644,528302.84,428147.092,257168.569,2148886.858
2025-07-22 17:00:00,335443.733,816434.45,707909.068,553873.971,314246.486,2727907.708
2025-07-22 18:00:00,375957.861,1042898.828,891209.5430000001,705181.938,398448.445,3413696.6149999998
2025-07-22 19:00:00,410652.094,1137264.32,968269.933,791042.255,437505.417,3744734.019
2025-07-22 20:00:00,404946.905,1095769.315,916650.979,769169.459,431281.798,3617818.456
2025-07-22 21:00:00,388533.898,1019504.024,849625.365,732066.538,410198.81799999997,3399928.643
2025-07-22 22:00:00,350447.08999999997,930756.473,757107.633,653249.717,365938.511,3057499.424
2025-07-22 23:00:00,304137.881,850563.449,630994.831,535799.759,302696.347,2624192.267
2025-07-23 00:00:00,271290.984,851476.789,592507.143,481585.652,262024.741,2458885.309
2025-07-23 01:00:00,230612.985,743621.779,626539.802,407713.507,221225.69,2229713.763
2025-07-23 02:00:00,200333.37,657884.202,583658.666,357237.754,194857.433,1993971.425
2025-07-23 03:00:00,183955.872,595806.856,506666.645,331727.74,181139.547,1799296.66
2025-07-23 04:00:00,178034.752,564754.675,469124.966,321638.942,177087.632,1710640.967
2025-07-23 05:00:00,180390.974,569182.517,465935.565,330274.395,182969.96,1728753.4109999998
2025-07-23 06:00:00,200675.502,637548.941,522068.51,376773.98,211241.462,1948308.395
2025-07-23 07:00:00,260897.273,804261.939,666349.122,488295.316,278958.88,2498762.53
2025-07-23 08:00:00,342329.884,955532.283,805824.335,651784.946,364540.763,3120012.2109999997
2025-07-23 09:00:00,371260.645,892491.53,749952.79,634853.1900000001,356393.846,3004952.001
2025-07-23 10:00:00,361996.116,671067.605,553680.801,535109.0430000001,299713.512,2421567.077
2025-07-23 11:00:00,344211.98099999997,457944.052,424948.195,479458.112,235460.313,1942022.6530000002
2025-07-23 12:00:00,335600.708,369993.624,373815.04099999997,459357.375,208549.078,1747315.826
2025-07-23 13:00:00,338583.486,445274.778,425734.214,477409.789,235804.304,1922806.5709999998
2025-07-23 14:00:00,365203.063,494623.497,504850.277,556437.385,278872.972,2199987.194
2025-07-23 15:00:00,356242.457,528060.169,546359.594,553895.466,274285.29099999997,2258842.977
2025-07-23 16:00:00,355803.261,605576.889,644943.27,586648.834,294560.267,2487532.5209999997
2025-07-23 17:00:00,371670.972,802990.133,807264.443,668836.098,346149.373,2996911.019
2025-07-23 18:00:00,411064.831,1041220.354,971067.95,797222.801,418997.373,3639573.309
2025-07-23 19:00:00,437438.179,1163456.577,1034475.31,862816.915,457919.395,3956106.376
2025-07-23 20:00:00,429304.458,1127582.571,985509.406,837736.882,449382.791,3829516.1080000005
2025-07-23 21:00:00,411649.852,1064197.203,915859.566,788622.375,428898.58400000003,3609227.58
2025-07-23 22:00:00,372794.35599999997,977680.837,813824.649,702196.2289999999,384199.26900000003,3250695.3399999994
2025-07-23 23:00:00,321586.282,893584.7690000001,670628.849,572446.0380000001,319351.896,2777597.8340000003
2025-07-24 00:00:00,285204.839,888656.292,624848.03,509698.73600000003,277776.251,2586184.148
2025-07-24 01:00:00,241578.995,781944.692,657056.054,430330.221,234055.467,2344965.4290000005
2025-07-24 02:00:00,210748.073,697029.31,618010.268,378393.851,207968.195,2112149.697
2025-07-24 03:00:00,193643.834,632769.26,539575.8809999999,351676.089,193979.764,1911644.8279999997
2025-07-24 04:00:00,187426.226,604401.83,498758.734,341668.812,189923.517,1822179.119
2025-07-24 05:00:00,189595.642,613267.03,493693.669,350974.304,195693.159,1843223.804
2025-07-24 06:00:00,211059.088,686620.252,549471.992,398187.952,225206.588,2070545.872
2025-07-24 07:00:00,273608.648,864498.279,700252.972,513515.111,296166.796,2648041.806
2025-07-24 08:00:00,359453.663,1024309.2220000001,843436.682,687650.432,385768.48,3300618.479
2025-07-24 09:00:00,391420.462,949494.468,800047.025,672684.915,377979.448,3191626.318
2025-07-24 10:00:00,378749.82,680892.129,597983.618,541239.687,306879.949,2505745.2029999997
2025-07-24 11:00:00,348931.578,425585.628,374112.827,399630.123,230592.783,1778852.939
2025-07-24 12:00:00,321240.092,252788.388,222074.953,301176.903,175857.262,1273137.5979999998
2025-07-24 13:00:00,300971.674,149966.384,128673.849,237966.288,141857.319,959435.514
2025-07-24 14:00:00,297414.852,153766.66,125816.218,241817.94,131991.512,950807.182
2025-07-24 15:00:00,296669.961,231494.457,207880.013,285563.317,149261.081,1170868.8290000001
2025-07-24 16:00:00,297351.605,394234.722,345304.248,349463.83900000004,201425.753,1587780.1670000001
2025-07-24 17:00:00,323239.46,650208.205,604016.157,489841.01900000003,287448.713,2354753.554
2025-07-24 18:00:00,367482.041,924866.059,828273.102,652792.192,365668.705,3139082.0990000004
2025-07-24 19:00:00,399269.48,1066509.321,933014.045,745700.955,410600.963,3555094.764
2025-07-24 20:00:00,399593.529,1059077.976,916499.404,746595.157,412147.8,3533913.866
2025-07-24 21:00:00,388521.06200000003,1012019.779,871191.706,720748.955,398831.201,3391312.703
2025-07-24 22:00:00,357955.226,953451.405,791787.923,657902.941,367110.462,3128207.957
2025-07-24 23:00:00,315965.667,882440.642,664886.187,549951.323,309443.582,2722687.4009999996
2025-07-25 00:00:00,284115.233,873910.002,624218.167,495333.752,270578.793,2548155.9469999997
2025-07-25 01:00:00,240218.874,768532.205,654188.77,418778.033,227615.094,2309332.976
2025-07-25 02:00:00,208412.123,684105.231,613388.205,368588.086,200862.301,2075355.946
2025-07-25 03:00:00,191459.918,618457.266,535460.051,341133.172,186775.308,1873285.7149999999
2025-07-25 04:00:00,184494.871,587976.1240000001,498865.418,330362.367,181679.75400000002,1783378.5340000002
2025-07-25 05:00:00,185321.707,588275.876,495061.084,336896.794,186184.676,1791740.137
2025-07-25 06:00:00,203322.591,648478.006,548878.916,379003.704,211625.695,1991308.912
2025-07-25 07:00:00,257268.923,798865.549,692126.798,481956.833,272840.071,2503058.174
2025-07-25 08:00:00,335653.303,947647.9569999999,846820.246,647372.044,357977.598,3135471.148
2025-07-25 09:00:00,375310.86,991363.185,875916.25,685373.76,381102.925,3309066.9799999995
2025-07-25 10:00:00,384983.983,925640.845,763061.655,623168.108,367838.434,3064693.025
2025-07-25 11:00:00,387712.196,904467.014,641998.199,579341.436,363111.719,2876630.564
2025-07-25 12:00:00,396381.647,912063.152,662621.844,595268.88,373580.513,2939916.036
2025-07-25 13:00:00,407085.103,931772.256,700113.999,626988.948,384698.668,3050658.974
2025-07-25 14:00:00,411487.244,958267.877,743355.923,640951.956,380026.657,3134089.657
2025-07-25 15:00:00,406472.635,980707.619,759420.2609999999,640282.311,364822.055,3151704.881
2025-07-25 16:00:00,401279.4,1031266.158,797389.307,652169.79,375477.719,3257582.3740000003
2025-07-25 17:00:00,409182.739,1134603.387,898906.622,721460.492,409792.767,3573946.007
2025-07-25 18:00:00,428749.816,1230625.722,993693.685,795905.521,450871.58400000003,3899846.3280000007
2025-07-25 19:00:00,433464.254,1237571.731,1010459.0009999999,817241.992,457000.358,3955737.336
2025-07-25 20:00:00,420114.544,1171816.74,957184.265,792796.513,440933.301,3782845.3630000004
2025-07-25 21:00:00,400044.01900000003,1102000.16,895749.642,756879.061,423498.972,3578171.8540000003
2025-07-25 22:00:00,366680.463,1025873.375,813781.909,686466.133,387803.171,3280605.051
2025-07-25 23:00:00,328132.495,959801.37,694840.56,582023.695,332503.976,2897302.096
2025-07-26 00:00:00,298430.759,950584.023,648867.07,526369.096,296820.691,2721071.639
2025-07-26 01:00:00,255376.655,828346.779,669392.298,444904.435,249406.499,2447426.6659999997
2025-07-26 02:00:00,220070.24,713900.713,617684.357,384596.609,213862.755,2150114.6739999996
2025-07-26 03:00:00,198840.304,632643.371,527708.061,349512.002,193607.853,1902311.591
2025-07-26 04:00:00,188346.011,582681.417,476739.376,332484.415,183304.465,1763555.6840000001
2025-07-26 05:00:00,184606.077,564195.722,455306.246,328852.717,181317.477,1714278.2389999998
2025-07-26 06:00:00,189330.34,583631.419,466039.332,342089.361,188445.123,1769535.5749999997
2025-07-26 07:00:00,209572.173,652678.342,527327.9450000001,384650.428,213931.838,1988160.726
2025-07-26 08:00:00,246676.706,741092.875,616401.369,487462.499,264126.478,2355759.927
2025-07-26 09:00:00,290415.737,849611.381,700166.142,585012.74,304992.767,2730198.767
2025-07-26 10:00:00,318118.656,874114.536,694334.548,610604.94,311728.13300000003,2808900.8129999996
2025-07-26 11:00:00,336224.64,859475.713,662808.939,614002.685,315163.71,2787675.687
2025-07-26 12:00:00,348485.614,817219.866,652284.322,625010.547,315052.865,2758053.2139999997
2025-07-26 13:00:00,342334.203,791722.183,626052.134,600532.916,284126.86,2644768.2959999996
2025-07-26 14:00:00,338968.73,819232.659,617758.998,582282.198,308061.672,2666304.257
2025-07-26 15:00:00,342379.559,788540.049,655061.775,603850.085,301706.958,2691538.426
2025-07-26 16:00:00,340603.781,801026.22,689616.041,612878.997,318188.894,2762313.9329999997
2025-07-26 17:00:00,348927.475,883029.548,774671.174,650639.237,352418.065,3009685.499
2025-07-26 18:00:00,372245.721,1011161.411,875582.21,718628.587,392641.0,3370258.929
2025-07-26 19:00:00,380631.027,1039868.974,893709.864,733892.71,400870.452,3448973.0270000002
2025-07-26 20:00:00,364767.425,982473.933,837301.227,697133.849,383643.466,3265319.9
2025-07-26 21:00:00,346476.36,918852.79,779695.871,658167.737,362322.862,3065515.62
2025-07-26 22:00:00,323797.707,875674.775,721825.515,609150.271,336028.812,2866477.08
2025-07-26 23:00:00,299685.232,842046.593,634553.048,530981.14,296098.696,2603364.709
2025-07-27 00:00:00,281864.941,850172.366,611520.94,497801.118,269572.99700000003,2510932.362
2025-07-27 01:00:00,242875.355,738330.326,638001.548,421836.42699999997,229771.197,2270814.853
2025-07-27 02:00:00,209028.509,636312.976,584965.341,362564.581,197013.885,1989885.2920000001
2025-07-27 03:00:00,187229.16,559843.036,495539.071,326081.517,177602.215,1746294.999
2025-07-27 04:00:00,176603.796,520161.281,445579.001,307413.536,167528.915,1617286.529
2025-07-27 05:00:00,171921.186,505684.822,419533.958,301117.96,164478.174,1562736.1
2025-07-27 06:00:00,174860.771,524661.113,427358.062,311033.247,170416.935,1608330.128
2025-07-27 07:00:00,189438.99099999998,584839.1410000001,474406.99,343089.053,188977.328,1780751.503
2025-07-27 08:00:00,216472.971,657581.682,549701.264,427592.18799999997,227478.434,2078826.5389999999
2025-07-27 09:00:00,254999.477,752023.802,609473.067,488715.64,271118.265,2376330.2510000006
2025-07-27 10:00:00,286482.391,743848.037,617794.255,533652.195,288245.528,2470022.406
2025-07-27 11:00:00,295480.33,637661.306,578298.095,506171.156,272783.31,2290394.1969999997
2025-07-27 12:00:00,289644.622,531055.528,495918.915,462154.629,202464.644,1981238.3380000002
2025-07-27 13:00:00,288151.01399999997,559325.454,424242.815,355661.195,226219.17,1853599.6479999998
2025-07-27 14:00:00,302062.929,575959.925,420902.884,445574.225,231985.833,1976485.796
2025-07-27 15:00:00,299378.441,596923.358,512807.387,469653.448,269495.417,2148258.051
2025-07-27 16:00:00,303250.135,704490.682,606597.978,504869.315,287609.30700000003,2406817.417
2025-07-27 17:00:00,328664.169,860308.3200000001,723102.352,578299.118,341514.854,2831888.8129999996
2025-07-27 18:00:00,374960.776,1018344.782,880790.8200000001,714812.339,392021.036,3380929.753
2025-07-27 19:00:00,394487.657,1070591.671,922182.34,754648.188,409764.05700000003,3551673.913
2025-07-27 20:00:00,382333.53,1011824.649,865642.7590000001,725076.809,395492.6,3380370.347
2025-07-27 21:00:00,363927.39,939336.525,800565.159,680114.894,373771.859,3157715.827
2025-07-27 22:00:00,329715.132,865513.1799999999,715152.759,609050.427,336534.829,2855966.327
2025-07-27 23:00:00,288811.862,803073.426,600229.436,504655.366,280725.643,2477495.733
2025-07-28 00:00:00,261808.566,808314.6799999999,566700.41,459897.792,247685.12099999998,2344406.5689999997
2025-07-28 01:00:00,223059.771,705994.537,599672.493,391214.438,207522.228,2127463.467
2025-07-28 02:00:00,193595.1,620971.817,558685.376,340316.84,181607.149,1895176.282
2025-07-28 03:00:00,175969.926,555558.225,479604.105,312330.158,166901.963,1690364.3769999999
2025-07-28 04:00:00,168499.04,520907.593,437453.028,299674.489,161344.774,1587878.9239999999
2025-07-28 05:00:00,169147.168,519215.946,427003.16500000004,303437.702,164362.066,1583166.0470000003
2025-07-28 06:00:00,186231.728,572495.107,470323.107,341944.028,187985.898,1758979.868
2025-07-28 07:00:00,239049.739,716408.888,594048.85,436130.583,244955.882,2230593.9420000003
2025-07-28 08:00:00,312164.291,852107.571,720492.051,581940.178,318249.928,2784954.019
2025-07-28 09:00:00,340892.026,818697.215,714384.579,563092.619,310189.099,2747255.5379999997
2025-07-28 10:00:00,340512.9,643024.97,591035.601,469576.477,277818.24,2321968.188
2025-07-28 11:00:00,316345.401,446356.068,454689.154,362581.047,206158.136,1786129.8059999999
2025-07-28 12:00:00,312014.329,376821.57,402172.331,316451.949,200730.214,1608190.393
2025-07-28 13:00:00,315311.911,382913.54,376731.457,312711.096,199536.87,1587204.8739999998
2025-07-28 14:00:00,324843.717,385793.189,394872.468,358115.1,199086.957,1662711.4309999999
2025-07-28 15:00:00,318355.339,398231.854,465324.80700000003,431249.692,218443.023,1831604.715
2025-07-28 16:00:00,330244.507,497897.675,555362.21,461843.74700000003,245255.36800000002,2090603.507
2025-07-28 17:00:00,342529.149,694234.544,719660.506,574695.191,310197.255,2641316.645
2025-07-28 18:00:00,381187.623,955309.176,895455.818,713513.666,379352.119,3324818.402
2025-07-28 19:00:00,412179.933,1078558.69,957050.688,783856.463,424877.171,3656522.9450000003
2025-07-28 20:00:00,402151.282,1035550.0009999999,904375.513,754766.246,415227.122,3512070.1640000003
2025-07-28 21:00:00,379730.04,966623.243,833796.713,706110.758,391076.446,3277337.2
2025-07-28 22:00:00,340124.662,891854.402,736492.945,624674.134,347169.241,2940315.3839999996
2025-07-28 23:00:00,293833.469,826624.437,615322.566,509984.143,287770.075,2533534.69
2025-07-29 00:00:00,263783.346,836870.9029999999,584195.692,460722.848,251337.803,2396910.5919999997
2025-07-29 01:00:00,224382.334,730634.167,621464.383,391584.23600000003,212106.099,2180171.219
2025-07-29 02:00:00,194831.396,645538.335,582858.324,345071.986,188239.12,1956539.1609999998
2025-07-29 03:00:00,180318.546,581888.933,507430.425,320636.773,175496.91999999998,1765771.5969999998
2025-07-29 04:00:00,174620.51,553310.07,468538.865,311836.538,172676.97,1680982.953
2025-07-29 05:00:00,176596.646,560049.502,459783.02,319724.907,178076.752,1694230.8270000003
2025-07-29 06:00:00,196409.068,629012.008,511840.343,364603.18299999996,206611.344,1908475.946
2025-07-29 07:00:00,256570.346,797745.047,654574.196,473652.32899999997,274125.109,2456667.027
2025-07-29 08:00:00,336871.442,948933.3960000001,790212.461,631434.274,357152.105,3064603.678
2025-07-29 09:00:00,364165.261,908977.569,755807.502,604780.648,348176.64,2981907.62
2025-07-29 10:00:00,357530.858,725527.869,590773.679,521686.499,289294.526,2484813.4310000003
2025-07-29 11:00:00,337669.616,499908.147,446349.474,431241.386,221265.266,1936433.889
2025-07-29 12:00:00,317464.23,380165.11,333617.368,343585.896,196024.12900000002,1570856.733
2025-07-29 13:00:00,319387.008,400470.359,270224.433,306310.245,218796.986,1515189.031
2025-07-29 14:00:00,299308.208,464996.281,304086.165,266219.797,201487.5,1536097.9510000001
2025-07-29 15:00:00,288102.164,482529.261,360509.81,271195.712,197893.548,1600230.495
2025-07-29 16:00:00,289593.243,584453.016,435018.058,333957.755,210511.847,1853533.919
2025-07-29 17:00:00,322379.801,785590.742,649305.469,482595.838,292173.445,2532045.295
2025-07-29 18:00:00,368521.096,1019091.295,870453.122,665535.87,378491.169,3302092.552
2025-07-29 19:00:00,408483.119,1123259.598,967431.666,768457.821,429457.797,3697090.001
2025-07-29 20:00:00,405685.227,1080325.641,927598.491,754431.617,425438.871,3593479.8469999996
2025-07-29 21:00:00,385570.262,1001710.949,863152.9450000001,712350.14,400945.363,3363729.659
2025-07-29 22:00:00,348796.9,912422.695,770628.351,636379.311,358063.656,3026290.913
2025-07-29 23:00:00,299938.448,832279.181,641553.719,526274.3049999999,295270.517,2595316.17
2025-07-30 00:00:00,267985.646,834611.6680000001,603823.969,476768.41599999997,255273.437,2438463.136
2025-07-30 01:00:00,226486.712,724451.026,637351.157,403707.585,214671.13,2206667.61
2025-07-30 02:00:00,197625.475,637031.858,597522.1140000001,356618.294,188736.875,1977534.616
2025-07-30 03:00:00,182378.278,572993.017,523946.56,332569.238,177404.932,1789292.025
2025-07-30 04:00:00,176304.817,543358.097,488261.602,323826.434,174995.184,1706746.134
2025-07-30 05:00:00,178572.577,549443.204,486755.50899999996,332500.349,181301.51,1728573.149
2025-07-30 06:00:00,198322.579,621319.675,542885.519,377631.293,208209.127,1948368.1930000002
2025-07-30 07:00:00,257237.143,788075.5530000001,694490.947,489000.453,272682.093,2501486.1890000002
2025-07-30 08:00:00,337789.743,937109.798,840163.468,651342.536,354567.297,3120972.842
2025-07-30 09:00:00,364459.532,900025.217,792943.986,621740.819,348918.688,3028088.242
2025-07-30 10:00:00,351841.189,667686.067,590305.4079999999,492500.834,295861.132,2398194.63
2025-07-30 11:00:00,328748.005,416448.719,368135.924,366380.442,218014.257,1697727.3469999998
2025-07-30 12:00:00,327190.335,299181.116,255041.302,314099.386,208294.77,1403806.909
2025-07-30 13:00:00,320633.548,225638.528,288798.00800000003,308800.02999999997,207822.876,1351692.99
2025-07-30 14:00:00,332924.20900000003,235287.19199999998,339932.864,349182.694,202736.49,1460063.449
2025-07-30 15:00:00,326752.74,272793.967,342952.741,363604.34,226769.872,1532873.66
2025-07-30 16:00:00,318031.409,381063.331,429059.297,379716.15,223009.095,1730879.2820000001
2025-07-30 17:00:00,336668.347,639229.48,652885.501,508358.606,304263.936,2441405.87
2025-07-30 18:00:00,380765.57,948506.726,884493.637,684527.566,386178.279,3284471.7780000004
2025-07-30 19:00:00,416897.461,1096847.821,984064.285,788012.025,435004.048,3720825.64
2025-07-30 20:00:00,412292.889,1074492.245,950259.799,773891.069,430965.018,3641901.0200000005
2025-07-30 21:00:00,393922.90400000004,1008227.547,893846.399,738773.519,409321.858,3444092.227
2025-07-30 22:00:00,360309.624,928822.908,800966.058,666900.394,370151.414,3127150.398
2025-07-30 23:00:00,314296.546,851164.221,667920.196,553373.59,307605.28,2694359.8329999996
2025-07-31 00:00:00,279257.606,851313.078,625151.149,495693.056,266693.845,2518108.7339999992
2025-07-31 01:00:00,236589.462,748232.187,654563.238,420097.49,225229.615,2284711.9919999996
2025-07-31 02:00:00,205698.69,663799.009,616690.416,371277.289,199364.861,2056830.265
2025-07-31 03:00:00,189128.567,598362.2170000001,541027.849,344752.165,185384.356,1858655.1539999999
2025-07-31 04:00:00,182439.226,570360.058,505410.86699999997,335665.494,181478.49599999998,1775354.141
2025-07-31 05:00:00,184155.615,578334.496,503058.872,344238.51,186582.428,1796369.921
2025-07-31 06:00:00,204770.566,647989.244,562965.404,394753.496,214448.822,2024927.532
2025-07-31 07:00:00,266049.576,817972.958,720655.825,513457.65,281624.547,2599760.556
2025-07-31 08:00:00,347571.864,964485.814,868363.445,684112.551,365613.301,3230146.975
2025-07-31 09:00:00,374847.794,866047.5,798853.73,654655.416,348101.494,3042505.934
2025-07-31 10:00:00,357881.815,606395.252,581834.519,523279.499,284579.148,2353970.233
2025-07-31 11:00:00,334676.703,381089.95,380204.067,384525.479,226192.394,1706688.593
2025-07-31 12:00:00,342895.412,259639.78,339183.259,360246.913,251138.441,1553103.8050000002
2025-07-31 13:00:00,354892.679,232330.91,318838.057,371585.33,289460.31,1567107.286
2025-07-31 14:00:00,350378.583,287557.625,281963.827,333157.938,295782.614,1548840.587
2025-07-31 15:00:00,325040.823,297422.71,258337.632,296792.047,234951.682,1412544.894
2025-07-31 16:00:00,313850.382,372491.706,414135.07999999996,364541.664,226834.191,1691853.023
2025-07-31 17:00:00,334078.188,634107.112,651748.647,529102.504,303957.018,2452993.469
2025-07-31 18:00:00,378467.327,924470.96,862329.371,680328.246,382599.837,3228195.741
2025-07-31 19:00:00,408547.715,1072143.483,967350.332,770940.966,422085.305,3641067.801
2025-07-31 20:00:00,404566.64,1054774.8399999999,945909.254,767133.645,419775.66000000003,3592160.039
2025-07-31 21:00:00,391723.946,1004963.428,898886.783,739741.241,404506.03500000003,3439821.433
2025-07-31 22:00:00,360595.458,938246.431,814022.811,675318.305,369078.953,3157261.9579999996
2025-07-31 23:00:00,317748.686,863688.998,681326.619,565792.974,310934.724,2739492.0009999997
2025-08-01 00:00:00,283990.807,860690.751,636521.701,509155.926,273966.921,2564326.106
2025-08-01 01:00:00,240761.708,754187.8539999999,668223.089,430900.528,231228.23,2325301.409
2025-08-01 02:00:00,209201.066,670061.939,630728.0,380452.87,204020.655,2094464.53
2025-08-01 03:00:00,192425.598,608273.531,555439.877,354422.336,190523.808,1901085.1499999997
2025-08-01 04:00:00,186277.935,581402.033,520066.197,344813.664,187090.916,1819650.745
2025-08-01 05:00:00,188409.331,592894.787,519657.817,354365.428,193602.261,1848929.624
2025-08-01 06:00:00,209725.945,667217.704,579261.995,402751.315,223724.691,2082681.65
2025-08-01 07:00:00,269521.093,837041.801,736210.415,518458.641,291181.95,2652413.9000000004
2025-08-01 08:00:00,354951.236,995555.208,892682.14,699829.6089999999,382396.602,3325414.795
2025-08-01 09:00:00,399111.434,923001.487,855095.659,702616.762,393947.937,3273773.279
2025-08-01 10:00:00,403861.339,672495.617,679823.874,607869.109,364403.201,2728453.1399999997
2025-08-01 11:00:00,384958.66599999997,433035.246,486269.692,491648.083,311206.587,2107118.274
2025-08-01 12:00:00,357967.988,281031.366,334742.475,387623.034,252908.691,1614273.554
2025-08-01 13:00:00,331498.447,214907.829,213917.44,319680.742,188585.412,1268589.8699999999
2025-08-01 14:00:00,317552.315,217219.463,192672.06900000002,317998.044,159570.02,1205011.9109999998
2025-08-01 15:00:00,311812.792,282226.466,247905.509,351291.839,173777.269,1367013.8750000002
2025-08-01 16:00:00,314745.553,455893.804,384885.893,416101.875,227727.251,1799354.376
2025-08-01 17:00:00,343051.139,688416.297,625647.372,544933.547,307617.3,2509665.655
2025-08-01 18:00:00,385904.521,936140.448,844043.441,693077.777,384091.822,3243258.009
2025-08-01 19:00:00,406229.707,1050999.662,931320.4130000001,763881.094,417002.16099999996,3569433.037
2025-08-01 20:00:00,395207.66599999997,1024541.937,902939.96,743202.338,408320.942,3474212.843
2025-08-01 21:00:00,377224.806,977425.873,860923.326,710452.061,391681.386,3317707.452
2025-08-01 22:00:00,352526.705,931843.285,796541.536,660405.154,364714.88,3106031.5599999996
2025-08-01 23:00:00,323983.633,888590.427,694820.045,576540.919,321085.046,2805020.0700000003
2025-08-02 00:00:00,296338.66,884445.112,652357.805,525678.783,284722.762,2643543.122
2025-08-02 01:00:00,252004.265,764608.207,672064.877,445466.437,239589.243,2373733.0289999996
2025-08-02 02:00:00,217098.24,670006.518,618357.888,386810.63399999996,206601.568,2098874.848
2025-08-02 03:00:00,197601.413,599554.408,531064.592,354989.953,187836.618,1871046.984
2025-08-02 04:00:00,187460.90899999999,561863.175,485627.544,339599.265,179157.259,1753708.152
2025-08-02 05:00:00,184277.613,553424.463,467422.901,337429.082,177758.982,1720313.0410000002
2025-08-02 06:00:00,190838.404,584635.375,487158.783,355228.35,187528.078,1805388.99
2025-08-02 07:00:00,214206.65,673297.765,561747.5549999999,405508.64400000003,215152.079,2069912.693
2025-08-02 08:00:00,254400.332,773203.298,665745.2390000001,521747.257,268465.338,2483561.464
2025-08-02 09:00:00,295687.238,783237.334,704254.138,589721.771,309249.385,2682149.8660000004
2025-08-02 10:00:00,313055.06,630822.799,594116.482,545297.461,308857.801,2392149.6029999997
2025-08-02 11:00:00,309242.663,446278.652,420683.268,421686.52300000004,281866.452,1879757.558
2025-08-02 12:00:00,281172.165,283442.497,264115.005,320100.673,221590.371,1370420.711
2025-08-02 13:00:00,259001.62,171542.91,150587.926,245539.489,152445.469,979117.4140000001
2025-08-02 14:00:00,247742.43099999998,136787.281,110399.094,208713.565,113285.191,816927.562
2025-08-02 15:00:00,242062.042,155371.267,154334.411,222503.443,119653.47899999999,893924.642
2025-08-02 16:00:00,250899.519,281830.045,291907.623,295817.051,159580.874,1280035.112
2025-08-02 17:00:00,278843.269,517492.936,514063.983,431585.25899999996,235487.324,1977472.771
2025-08-02 18:00:00,328152.217,824710.062,748053.274,598897.152,323815.87,2823628.575
2025-08-02 19:00:00,364939.968,972265.871,850381.068,688799.83,371438.59500000003,3247825.3320000004
2025-08-02 20:00:00,360248.575,964885.0549999999,829993.418,682140.325,372226.798,3209494.1709999996
2025-08-02 21:00:00,348174.085,933857.8030000001,799617.78,665071.2490000001,364060.634,3110781.5510000004
2025-08-02 22:00:00,330149.221,911826.6429999999,758712.076,627409.223,347677.017,2975774.18
2025-08-02 23:00:00,308826.294,890298.002,677916.795,557821.729,314266.162,2749128.9820000003
2025-08-03 00:00:00,291611.774,899515.305,652993.342,524514.401,288053.339,2656688.161
2025-08-03 01:00:00,253527.901,791121.593,681595.079,450897.956,249271.59,2426414.119
2025-08-03 02:00:00,219633.91700000002,699046.72,632314.653,391671.424,217102.079,2159768.793
2025-08-03 03:00:00,199591.045,630324.5380000001,547320.264,359072.065,199245.16,1935553.072
2025-08-03 04:00:00,190066.714,595040.129,505696.824,344456.963,191457.609,1826718.2389999998
2025-08-03 05:00:00,187858.252,589517.412,487639.034,342937.886,190785.14,1798737.724
2025-08-03 06:00:00,193958.892,620410.385,504409.366,360216.272,201105.671,1880100.5860000001
2025-08-03 07:00:00,213757.022,702653.369,573213.749,406959.128,228178.41,2124761.678
2025-08-03 08:00:00,250640.426,790275.163,668974.9,518639.739,277410.3,2505940.528
2025-08-03 09:00:00,288502.385,785541.375,674743.83,571360.901,297839.474,2617987.965
2025-08-03 10:00:00,296536.835,585021.051,511688.337,508156.498,259376.211,2160778.932
2025-08-03 11:00:00,278846.062,332883.786,291303.168,362670.955,188499.388,1454203.3590000002
2025-08-03 12:00:00,257391.52000000002,146371.266,121719.394,253078.21600000001,128590.758,907151.1540000001
2025-08-03 13:00:00,236949.65600000002,45406.789,30328.974,187159.076,92229.736,592074.231
2025-08-03 14:00:00,226641.9,25564.155,22813.534,169010.807,78571.442,522601.83799999993
2025-08-03 15:00:00,222178.064,71192.084,82028.303,186116.108,90997.172,652511.731
2025-08-03 16:00:00,231615.239,223658.727,228644.919,265186.697,132808.551,1081914.133
2025-08-03 17:00:00,258324.123,487673.468,479725.903,405747.723,212110.846,1843582.0629999998
2025-08-03 18:00:00,311944.148,818427.2,741200.186,581689.385,307068.464,2760329.383
2025-08-03 19:00:00,367293.175,1000672.047,865369.545,696371.658,370229.853,3299936.2780000004
2025-08-03 20:00:00,369918.88800000004,995407.212,842293.552,691151.24,374096.896,3272867.788
2025-08-03 21:00:00,357740.524,954087.157,802255.722,668223.269,364106.262,3146412.934
2025-08-03 22:00:00,328340.054,897712.117,734536.489,607574.916,334717.172,2902880.7479999997
2025-08-03 23:00:00,291185.20900000003,844991.24,630033.746,511881.474,285232.694,2563324.363
2025-08-04 00:00:00,266387.801,850482.111,602990.225,472711.401,253796.884,2446368.4220000003
2025-08-04 01:00:00,228132.988,744510.654,632538.8589999999,402413.883,215472.816,2223069.1999999997
2025-08-04 02:00:00,197766.989,661799.467,591802.712,351439.225,189091.943,1991900.336
2025-08-04 03:00:00,181480.244,595904.119,516194.91500000004,325962.879,175221.488,1794763.645
2025-08-04 04:00:00,173676.26,560478.738,478510.038,313355.591,169403.802,1695424.429
2025-08-04 05:00:00,174740.443,564206.217,473150.83900000004,317925.523,172188.236,1702211.258
2025-08-04 06:00:00,193371.071,626376.855,520244.709,358659.702,197298.953,1895951.29
2025-08-04 07:00:00,249573.988,785384.833,670146.02,464276.733,259720.789,2429102.363
2025-08-04 08:00:00,328278.834,915213.421,807637.246,616676.942,338615.41000000003,3006421.853
2025-08-04 09:00:00,353810.53,817496.517,729910.149,575631.739,336425.948,2813274.8829999994
2025-08-04 10:00:00,344908.704,593707.47,520392.082,431848.322,312143.515,2203000.093
2025-08-04 11:00:00,333763.348,437062.98,316561.919,315319.428,288915.808,1691623.483
2025-08-04 12:00:00,325647.648,307876.63300000003,198253.40600000002,271541.087,253322.55299999999,1356641.327
2025-08-04 13:00:00,320655.486,286955.989,83008.532,220964.579,240445.899,1152030.485
2025-08-04 14:00:00,321625.724,318579.456,217757.997,341066.667,250271.835,1449301.679
2025-08-04 15:00:00,318162.61,396646.21499999997,334043.66,390005.33400000003,256385.587,1695243.406
2025-08-04 16:00:00,311688.243,501404.387,395579.738,409073.944,231975.574,1849721.886
2025-08-04 17:00:00,326682.962,644745.305,595982.432,505717.054,284460.619,2357588.372
2025-08-04 18:00:00,345621.38,876026.981,768278.745,599980.498,341687.788,2931595.3920000005
2025-08-04 19:00:00,376029.919,981658.171,845444.819,673718.607,383683.629,3260535.145
2025-08-04 20:00:00,366477.34500000003,933638.18,796113.729,645257.0650000001,369833.604,3111319.923
2025-08-04 21:00:00,345402.867,864622.629,733001.781,603329.66,345258.474,2891615.411
2025-08-04 22:00:00,310944.852,796186.136,654121.044,538486.36,307817.662,2607556.054
2025-08-04 23:00:00,269358.591,737250.268,546927.23,441554.072,253975.737,2249065.898
2025-08-05 00:00:00,244665.47,754873.471,532326.588,407134.57,224974.557,2163974.656
2025-08-05 01:00:00,206195.242,656708.005,562853.689,344531.847,189184.595,1959473.378
2025-08-05 02:00:00,180400.08000000002,577321.992,524884.819,306142.348,167834.519,1756583.7580000001
2025-08-05 03:00:00,166364.562,520100.679,454267.607,285963.569,157558.762,1584255.179
2025-08-05 04:00:00,160512.055,495476.968,412385.597,276258.309,154167.26,1498800.189
2025-08-05 05:00:00,162161.19,503055.719,405131.369,282879.206,159018.248,1512245.7319999998
2025-08-05 06:00:00,180622.54,564300.235,452584.417,323745.936,183776.948,1705030.0760000001
2025-08-05 07:00:00,234939.549,715908.017,580956.855,419097.2,244392.01,2195293.631
2025-08-05 08:00:00,305845.162,834553.896,683798.132,552103.631,312106.249,2688407.07
2025-08-05 09:00:00,322777.349,705895.334,579629.83,509523.879,281692.564,2399518.9560000002
2025-08-05 10:00:00,306156.36100000003,465614.444,384493.291,386364.349,213109.625,1755738.07
2025-08-05 11:00:00,284191.253,273829.861,209294.255,268006.218,147014.442,1182336.029
2025-08-05 12:00:00,276897.241,154180.662,140654.612,235465.90099999998,118140.911,925339.3269999999
2025-08-05 13:00:00,283177.69,111879.296,124707.894,237955.449,105088.254,862808.583
2025-08-05 14:00:00,270378.295,118897.69,136795.111,270165.194,98919.897,895156.187
2025-08-05 15:00:00,279763.408,167117.11599999998,236618.477,338672.045,122079.36,1144250.406
2025-08-05 16:00:00,283539.297,305719.884,373553.272,411021.965,156317.773,1530152.191
2025-08-05 17:00:00,286692.219,536933.325,556180.493,464653.328,220666.593,2065125.958
2025-08-05 18:00:00,324484.285,831986.0480000001,758179.758,585602.723,311332.652,2811585.466
2025-08-05 19:00:00,367177.798,983707.801,870247.459,694207.185,373539.115,3288879.358
2025-08-05 20:00:00,366766.036,970952.8489999999,841457.951,682712.784,375268.628,3237158.248
2025-08-05 21:00:00,352605.519,915015.8539999999,787075.5700000001,647524.7339999999,359037.75,3061259.427
2025-08-05 22:00:00,320164.451,849675.417,706118.301,582459.455,324898.874,2783316.4979999997
2025-08-05 23:00:00,279819.088,791532.838,590003.599,480540.604,270602.099,2412498.228
2025-08-06 00:00:00,252777.295,804043.917,560508.758,439503.083,238463.162,2295296.215
2025-08-06 01:00:00,214858.039,701584.596,595183.396,375025.016,201868.938,2088519.985
2025-08-06 02:00:00,186364.661,622609.478,558851.475,330317.845,178926.519,1877069.978
2025-08-06 03:00:00,171938.734,564070.036,487709.584,307466.211,167086.127,1698270.692
2025-08-06 04:00:00,165941.428,527205.66,450823.152,298117.987,163079.288,1605167.515
2025-08-06 05:00:00,166729.815,528877.855,433456.111,303589.662,166848.545,1599501.988
2025-08-06 06:00:00,183620.50699999998,590618.263,481088.45,343133.418,190101.028,1788561.666
2025-08-06 07:00:00,235846.274,737701.737,610717.052,437612.162,246874.573,2268751.798
2025-08-06 08:00:00,306252.578,859830.3659999999,730270.879,577817.239,318670.31799999997,2792841.38
2025-08-06 09:00:00,335240.567,798754.132,718535.685,573929.322,323174.80799999996,2749634.5140000004
2025-08-06 10:00:00,320737.937,574456.114,542991.499,443789.376,258327.755,2140302.681
2025-08-06 11:00:00,292016.322,367530.79,361759.003,296328.45900000003,179237.734,1496872.308
2025-08-06 12:00:00,296815.985,260095.519,323967.213,255254.344,178151.95799999998,1314285.0189999999
2025-08-06 13:00:00,308631.741,260428.285,281223.892,284536.086,163918.23,1298738.234
2025-08-06 14:00:00,304055.782,308218.204,356259.548,376189.824,189257.452,1533980.81
2025-08-06 15:00:00,317024.93,368794.018,386155.295,377067.431,223076.564,1672118.238
2025-08-06 16:00:00,322184.164,479430.642,471386.104,416114.699,268875.509,1957991.118
2025-08-06 17:00:00,345646.279,658965.927,663617.266,540334.949,317273.665,2525838.086
2025-08-06 18:00:00,370405.03,904833.133,848393.017,656127.343,369874.696,3149633.219
2025-08-06 19:00:00,399887.585,1049555.145,931880.546,747494.1,410450.33400000003,3539267.71
2025-08-06 20:00:00,391755.169,1031572.137,893893.913,732046.948,405304.221,3454572.3879999993
2025-08-06 21:00:00,372957.167,977969.099,831984.566,691965.536,383936.668,3258813.0360000003
2025-08-06 22:00:00,336309.041,907885.542,737006.759,617813.605,343394.773,2942409.72
2025-08-06 23:00:00,294669.716,839732.949,610119.062,508993.975,288801.681,2542317.383
2025-08-07 00:00:00,265667.93,846679.8030000001,578006.284,461057.078,253319.562,2404730.6569999997
2025-08-07 01:00:00,227225.709,742225.221,613110.1,393083.96,213688.787,2189333.7770000002
2025-08-07 02:00:00,197723.337,658144.783,578032.9400000001,348263.49,193175.029,1975339.5790000004
2025-08-07 03:00:00,183731.316,596520.55,502062.86699999997,324696.463,182726.891,1789738.087
2025-08-07 04:00:00,177179.403,568358.288,464982.184,314182.202,179766.125,1704468.202
2025-08-07 05:00:00,178540.012,577136.561,463695.671,320548.18200000003,185292.844,1725213.27
2025-08-07 06:00:00,197448.467,647522.243,517712.472,364022.841,212385.44,1939091.463
2025-08-07 07:00:00,255958.084,823104.096,664053.4,469898.453,276849.583,2489863.616
2025-08-07 08:00:00,334120.978,965746.992,792114.768,622708.777,357512.801,3072204.316
2025-08-07 09:00:00,365057.496,871794.89,733619.9890000001,615021.587,354471.574,2939965.5360000003
2025-08-07 10:00:00,363898.622,655553.183,574571.427,544258.303,305819.183,2444100.7180000003
2025-08-07 11:00:00,347105.497,456706.5,407262.46,456623.585,262353.688,1930051.73
2025-08-07 12:00:00,338352.69299999997,369133.697,300915.968,396198.417,247555.361,1652156.136
2025-08-07 13:00:00,320115.765,327591.243,348655.806,374581.72,252931.709,1623876.243
2025-08-07 14:00:00,309831.134,343486.987,386457.703,403520.115,227173.741,1670469.68
2025-08-07 15:00:00,298998.964,377710.247,417910.852,359832.93200000003,230216.485,1684669.48
2025-08-07 16:00:00,292204.213,466291.051,468375.993,377405.189,248227.608,1852504.054
2025-08-07 17:00:00,313308.288,671561.745,649233.134,492216.854,301174.91099999996,2427494.932
2025-08-07 18:00:00,357750.115,941233.897,840874.459,641160.367,372526.103,3153544.9410000006
2025-08-07 19:00:00,390580.321,1094248.577,936943.945,738247.465,415589.006,3575609.314
2025-08-07 20:00:00,390624.192,1086503.973,918129.074,737700.486,417295.458,3550253.183
2025-08-07 21:00:00,376754.674,1037516.988,874673.674,714224.12,403605.651,3406775.1070000003
2025-08-07 22:00:00,348723.009,969772.6900000001,799784.877,658096.089,368451.877,3144828.542
2025-08-07 23:00:00,307601.357,883828.8570000001,670823.7239999999,548755.784,310981.265,2721990.987
2025-08-08 00:00:00,275654.078,872347.031,622119.637,492233.871,269071.491,2531426.108
2025-08-08 01:00:00,231769.71,760482.517,650380.1410000001,413317.521,224547.76799999998,2280497.657
2025-08-08 02:00:00,199691.478,667978.996,605792.292,359643.96499999997,196079.068,2029185.799
2025-08-08 03:00:00,182562.017,602558.288,525279.796,330921.999,181309.87,1822631.9700000002
2025-08-08 04:00:00,175149.87,569721.291,484892.065,318369.092,175761.451,1723893.7689999999
2025-08-08 05:00:00,175967.738,573988.182,479182.11600000004,324768.628,179122.038,1733028.7019999998
2025-08-08 06:00:00,192065.128,636322.438,529858.573,364582.89,201978.521,1924807.55
2025-08-08 07:00:00,243975.57,794866.973,667517.713,462478.478,258280.63,2427119.364
2025-08-08 08:00:00,313313.909,928388.817,795407.245,610773.717,332732.814,2980616.5020000003
2025-08-08 09:00:00,344821.184,863064.151,736022.647,606572.245,334937.958,2885418.185
2025-08-08 10:00:00,343960.413,642942.911,547970.515,519963.433,296497.152,2351334.4239999996
2025-08-08 11:00:00,340708.259,457428.61199999996,387413.605,420606.384,285786.778,1891943.638
2025-08-08 12:00:00,322170.553,308035.708,275830.632,362074.583,246510.565,1514622.0409999997
2025-08-08 13:00:00,301519.644,229565.972,217083.579,317175.291,203427.241,1268771.7269999997
2025-08-08 14:00:00,289720.159,206631.20500000002,191301.063,322124.964,174254.624,1184032.015
2025-08-08 15:00:00,285300.83,256361.864,224132.232,313592.882,185831.316,1265219.1239999998
2025-08-08 16:00:00,282575.911,369613.907,320716.435,356052.148,199921.20799999998,1528879.6090000002
2025-08-08 17:00:00,304037.812,593559.214,525256.052,462068.44299999997,271559.605,2156481.126
2025-08-08 18:00:00,342201.542,852553.907,750294.259,605145.361,342684.94299999997,2892880.012
2025-08-08 19:00:00,367504.326,969983.7339999999,860745.7949999999,689215.789,381654.683,3269104.327
2025-08-08 20:00:00,362144.445,950891.844,846186.617,682581.078,375646.909,3217450.893
2025-08-08 21:00:00,348248.958,907408.6410000001,811004.688,659926.152,363838.03,3090426.4689999996
2025-08-08 22:00:00,325381.671,868176.5009999999,757667.783,617141.84,339631.691,2907999.486
2025-08-08 23:00:00,299665.449,829020.854,663960.0869999999,540479.567,300426.711,2633552.668
2025-08-09 00:00:00,277763.663,842388.218,632674.446,501206.706,270561.09,2524594.1229999997
2025-08-09 01:00:00,238671.805,723897.894,658131.469,427044.03,229543.546,2277288.744
2025-08-09 02:00:00,207880.172,633119.898,610174.942,373137.4,200779.988,2025092.4000000004
2025-08-09 03:00:00,189467.239,568903.351,528043.555,344027.93,183855.241,1814297.316
2025-08-09 04:00:00,179815.354,537254.9839999999,484713.19299999997,328912.17,176713.825,1707409.5259999998
2025-08-09 05:00:00,177565.112,534215.783,469876.425,327860.663,177286.762,1686804.745
2025-08-09 06:00:00,185512.146,569911.326,491496.252,347178.512,189934.424,1784032.6600000001
2025-08-09 07:00:00,210125.669,666237.907,571321.073,401261.079,223272.894,2072218.6220000002
2025-08-09 08:00:00,251739.081,759487.036,666635.079,519001.006,277890.493,2474752.6950000003
2025-08-09 09:00:00,286650.948,724378.242,652040.339,558858.3369999999,292759.533,2514687.3989999997
2025-08-09 10:00:00,294307.11100000003,519491.941,490982.527,471131.28500000003,258253.56399999998,2034166.428
2025-08-09 11:00:00,282563.101,294448.547,269724.822,332271.868,190617.94,1369626.278
2025-08-09 12:00:00,257944.62900000002,113947.33,89468.653,228888.29,122356.251,812605.1530000002
2025-08-09 13:00:00,238211.67,-522.0390000000002,6144.153,162423.206,87767.599,494024.58900000004
2025-08-09 14:00:00,226673.416,-4784.091,-4118.07,143161.538,74666.482,435599.275
2025-08-09 15:00:00,222773.895,47024.038,57085.463,166960.002,87421.315,581264.713
2025-08-09 16:00:00,230549.562,192978.881,203076.313,244424.674,129119.163,1000148.5929999999
2025-08-09 17:00:00,254753.94,438992.818,444943.295,376402.655,203770.65600000002,1718863.364
2025-08-09 18:00:00,301988.662,747955.006,689131.393,542414.327,292945.015,2574434.4030000004
2025-08-09 19:00:00,340891.872,896501.954,800347.51,641044.54,344839.087,3023624.963
2025-08-09 20:00:00,338544.868,893842.745,784304.409,639221.11,348804.086,3004717.218
2025-08-09 21:00:00,329036.317,864895.148,756765.322,621786.051,343402.00800000003,2915884.846
2025-08-09 22:00:00,311336.287,844893.865,717670.577,587910.834,327747.412,2789558.975
2025-08-09 23:00:00,292773.816,825063.808,642170.252,524203.11699999997,296906.984,2581117.977
2025-08-10 00:00:00,277808.357,846225.783,624740.28,496046.821,273967.92,2518789.1610000003
2025-08-10 01:00:00,241045.601,737049.059,653459.5549999999,426251.007,235947.007,2293752.229
2025-08-10 02:00:00,209282.692,650980.392,608176.411,372648.707,206071.23500000002,2047159.4370000002
2025-08-10 03:00:00,190461.801,584410.606,528637.384,342303.135,189164.11800000002,1834977.044
2025-08-10 04:00:00,181463.601,551132.596,487037.79000000004,328156.18,182045.794,1729835.9610000001
2025-08-10 05:00:00,179094.971,543150.349,470676.145,326334.91000000003,181945.687,1701202.062
2025-08-10 06:00:00,184987.177,568733.432,486835.581,343762.554,191917.783,1776236.5270000002
2025-08-10 07:00:00,204247.437,645724.913,553725.711,389381.418,218514.939,2011594.4179999998
2025-08-10 08:00:00,239704.851,722333.41,639845.047,494623.766,265900.848,2362407.9220000003
2025-08-10 09:00:00,272149.298,705688.152,623731.246,530319.611,277165.547,2409053.8540000003
2025-08-10 10:00:00,273218.247,532688.537,450557.61100000003,445957.646,231924.851,1934346.892
2025-08-10 11:00:00,257687.526,312550.817,228549.335,315124.486,161633.406,1275545.5699999998
2025-08-10 12:00:00,238608.242,117957.796,67625.251,209294.518,105319.359,738805.166
2025-08-10 13:00:00,222770.807,11815.633,-17701.438,151838.217,73697.938,442421.157
2025-08-10 14:00:00,213351.87900000002,-2147.296,-24221.941,133167.374,63933.135,384083.15100000007
2025-08-10 15:00:00,210397.861,53053.657999999996,40935.123,156801.049,81472.433,542660.124
2025-08-10 16:00:00,220402.188,214087.508,194402.619,237043.205,121298.312,987233.832
2025-08-10 17:00:00,247527.479,467965.422,443383.546,374465.02,199423.002,1732764.4690000003
2025-08-10 18:00:00,299930.277,780983.967,710131.627,551140.395,299109.042,2641295.3079999997
2025-08-10 19:00:00,352574.778,943671.806,840634.409,667358.922,362494.328,3166734.243
2025-08-10 20:00:00,355964.301,933957.906,820980.895,669284.674,368720.382,3148908.158
2025-08-10 21:00:00,344831.005,892093.279,781182.343,647549.548,360192.154,3025848.329
2025-08-10 22:00:00,316930.266,835586.253,707447.249,588003.444,329306.288,2777273.5
2025-08-10 23:00:00,280793.181,781857.808,598365.041,494694.117,278825.574,2434535.721
2025-08-11 00:00:00,256185.06,794021.997,570036.253,454820.958,246911.638,2321975.906
2025-08-11 01:00:00,220803.933,694753.905,609355.766,391516.094,211695.631,2128125.329
2025-08-11 02:00:00,193171.907,619880.671,577192.589,346929.841,188536.883,1925711.8909999998
2025-08-11 03:00:00,178840.722,563388.78,508629.596,324444.751,177608.765,1752912.614
2025-08-11 04:00:00,172994.936,539208.876,475662.318,316002.333,174434.247,1678302.71
2025-08-11 05:00:00,175477.096,548567.216,475070.738,325667.959,181128.229,1705911.2380000001
2025-08-11 06:00:00,195757.498,619189.324,532379.656,374478.76900000003,210138.989,1931944.236
2025-08-11 07:00:00,255558.693,796757.578,687948.409,490095.641,279307.692,2509668.013
2025-08-11 08:00:00,337998.202,936816.313,822111.2,656713.714,363454.408,3117093.8369999994
2025-08-11 09:00:00,363970.379,804654.452,707371.845,609574.993,337582.885,2823154.5539999995
2025-08-11 10:00:00,349133.274,538165.646,460271.535,464743.335,260323.593,2072637.383
2025-08-11 11:00:00,317833.283,285457.183,220606.35,317762.125,178964.075,1320623.016
2025-08-11 12:00:00,288922.036,96856.335,65038.409,211519.98,121398.664,783735.424
2025-08-11 13:00:00,269502.099,12960.871000000001,-11452.922,155448.363,88845.97,515304.38099999994
2025-08-11 14:00:00,259896.082,1914.699,-5128.841,156408.967,79913.556,493004.463
2025-08-11 15:00:00,254500.479,59468.084,74829.801,206987.11800000002,90657.085,686442.5669999999
2025-08-11 16:00:00,253397.079,196751.182,210289.267,265510.394,129752.277,1055700.199
2025-08-11 17:00:00,273757.04,453457.794,448034.597,381541.438,206115.845,1762906.7140000002
2025-08-11 18:00:00,314442.324,774560.456,718084.833,547743.618,301332.448,2656163.679
2025-08-11 19:00:00,363778.82,952411.274,861278.8570000001,672390.855,369302.394,3219162.1999999997
2025-08-11 20:00:00,367013.317,943381.415,842528.412,676510.415,377931.067,3207364.626
2025-08-11 21:00:00,353500.053,896224.456,798013.457,652233.859,366067.20900000003,3066039.034
2025-08-11 22:00:00,321942.957,835157.053,718211.154,590006.333,331578.76399999997,2796896.261
2025-08-11 23:00:00,281791.61199999996,774330.018,599586.698,490506.895,276557.114,2422772.337
2025-08-12 00:00:00,254836.84100000001,793077.514,569803.288,447774.75,243315.01,2308807.403
2025-08-12 01:00:00,217308.116,691389.177,606124.368,383072.232,207620.106,2105513.9990000003
2025-08-12 02:00:00,189578.24,613293.285,570622.234,339781.779,184749.038,1898024.5760000001
2025-08-12 03:00:00,175822.842,553488.632,501973.498,318373.07,174058.288,1723716.3299999998
2025-08-12 04:00:00,169963.75,519706.072,468094.18700000003,309757.84500000003,170780.76499999998,1638302.6189999997
2025-08-12 05:00:00,172405.462,517948.162,470043.621,319292.418,176871.616,1656561.279
2025-08-12 06:00:00,193297.16,584775.631,530322.355,365688.962,203994.028,1878078.136
2025-08-12 07:00:00,252886.911,740511.641,687576.392,478524.059,271058.37,2430557.373
2025-08-12 08:00:00,329836.419,855529.679,806358.98,620822.784,345535.274,2958083.136
2025-08-12 09:00:00,350179.678,825304.986,696153.817,579501.596,329340.44,2780480.5170000005
2025-08-12 10:00:00,349114.086,726852.863,513251.43799999997,474135.299,296484.949,2359838.6350000002
2025-08-12 11:00:00,334486.852,655619.184,340300.559,404483.394,255604.047,1990494.036
2025-08-12 12:00:00,331369.963,656511.113,323278.478,398306.51900000003,261876.943,1971343.0159999998
2025-08-12 13:00:00,337737.912,654726.516,261041.01499999998,361537.602,257505.392,1872548.437
2025-08-12 14:00:00,343259.569,649282.978,344482.072,421410.896,277740.523,2036176.038
2025-08-12 15:00:00,348164.606,666835.639,445125.874,494986.175,286664.10599999997,2241776.4
2025-08-12 16:00:00,343939.332,737286.499,554644.843,531754.522,304137.197,2471762.393
2025-08-12 17:00:00,368426.372,873621.755,714340.731,612342.1410000001,369335.167,2938066.1659999997
2025-08-12 18:00:00,403224.335,1024700.284,870569.109,724836.385,416248.947,3439579.06
2025-08-12 19:00:00,423286.956,1096198.827,931522.9029999999,781717.514,441211.495,3673937.6950000003
2025-08-12 20:00:00,413252.972,1039454.775,882791.824,754158.7,427132.653,3516790.9239999996
2025-08-12 21:00:00,388853.036,950851.474,818027.123,702729.694,397064.428,3257525.755
2025-08-12 22:00:00,346920.551,862633.588,721545.164,621387.374,348908.251,2901394.928
2025-08-12 23:00:00,297052.055,783394.552,594603.2609999999,502755.045,283108.795,2460913.7079999996
2025-08-13 00:00:00,262663.619,795134.096,558400.684,451878.132,242383.866,2310460.397
2025-08-13 01:00:00,221871.327,686368.513,586554.81,380752.308,203614.742,2079161.7000000002
2025-08-13 02:00:00,192490.415,605461.298,546081.834,335055.402,181899.933,1860988.882
2025-08-13 03:00:00,177043.753,547332.512,471207.642,312406.665,170017.818,1678008.39
2025-08-13 04:00:00,171812.59100000001,520245.111,435118.575,304446.587,167225.528,1598848.392
2025-08-13 05:00:00,174472.132,530613.181,433150.064,315058.975,174256.62900000002,1627550.981
2025-08-13 06:00:00,195062.72,602087.606,481681.98,362360.306,202831.234,1844023.846
2025-08-13 07:00:00,255077.441,766468.609,618890.548,472463.126,270067.058,2382966.782
2025-08-13 08:00:00,331280.70900000003,896804.644,723076.549,613762.668,346496.493,2911421.063
2025-08-13 09:00:00,360233.585,795676.456,661470.646,616335.42,342805.803,2776521.9099999997
2025-08-13 10:00:00,355851.156,555895.646,539884.468,522768.178,289475.111,2263874.559
2025-08-13 11:00:00,332789.997,303627.474,387278.019,450815.969,221450.55299999999,1695962.0119999999
2025-08-13 12:00:00,315027.058,165094.108,324408.808,367182.885,187070.732,1358783.591
2025-08-13 13:00:00,291692.803,121196.559,297565.319,287948.004,177089.12099999998,1175491.806
2025-08-13 14:00:00,281874.604,97012.773,253182.289,220024.19400000002,154448.777,1006542.637
2025-08-13 15:00:00,272211.279,121019.00099999999,241202.168,214018.658,152155.04,1000606.146
2025-08-13 16:00:00,272593.562,241041.492,297313.26900000003,266741.762,174437.206,1252127.291
2025-08-13 17:00:00,295418.002,483237.694,510929.571,407711.642,239025.625,1936322.534
2025-08-13 18:00:00,338571.729,803207.183,757969.508,590671.981,329352.885,2819773.2860000003
2025-08-13 19:00:00,384597.966,991027.539,898316.069,723349.673,398165.988,3395457.235
2025-08-13 20:00:00,388607.856,993904.867,885914.086,732751.933,405237.209,3406415.951
2025-08-13 21:00:00,376343.331,952279.961,840481.752,711430.808,391528.82399999996,3272064.676
2025-08-13 22:00:00,345771.526,886495.4380000001,760871.789,648478.48,353373.501,2994990.734
2025-08-13 23:00:00,303260.909,819380.005,639521.991,539770.838,292344.144,2594277.8869999996
2025-08-14 00:00:00,271187.763,830274.503,604982.191,487930.364,259049.66999999998,2453424.491
2025-08-14 01:00:00,230033.724,724092.65,637514.001,415247.397,219494.842,2226382.6140000005
2025-08-14 02:00:00,200044.246,641306.666,597565.775,364382.93,194710.992,1998010.6090000002
2025-08-14 03:00:00,185137.537,580874.1630000001,521760.319,340020.934,182817.121,1810610.0740000003
2025-08-14 04:00:00,179301.275,553694.381,487671.576,330723.156,179977.263,1731367.6510000003
2025-08-14 05:00:00,181423.96600000001,566816.159,486787.256,338750.13300000003,186146.39,1759923.904
2025-08-14 06:00:00,200478.44400000002,643894.14,545505.217,387377.76,213495.392,1990750.953
2025-08-14 07:00:00,259380.224,819197.6329999999,697231.854,500735.195,280150.311,2556695.217
2025-08-14 08:00:00,337194.966,946716.942,817505.154,656772.067,356938.603,3115127.7320000003
2025-08-14 09:00:00,352484.509,778285.3859999999,689168.861,591043.507,318236.879,2729219.1420000005
2025-08-14 10:00:00,332566.021,482560.976,433302.238,437935.784,237321.544,1923686.5629999998
2025-08-14 11:00:00,304952.941,223169.80299999999,192914.921,294002.131,160773.677,1175813.473
2025-08-14 12:00:00,281962.286,56234.814,39260.907,198137.246,109501.474,685096.7270000001
2025-08-14 13:00:00,264495.337,-31837.68,-42056.187,143032.143,79390.745,413024.35800000007
2025-08-14 14:00:00,253035.72,-46859.646,-46727.682,124808.381,69080.019,353336.7919999999
2025-08-14 15:00:00,245978.852,9971.094000000001,13168.598,146070.848,80022.578,495211.97
2025-08-14 16:00:00,248187.809,153304.058,153148.945,219553.356,116610.022,890804.1900000001
2025-08-14 17:00:00,268322.954,417085.974,401108.56,353809.335,193632.278,1633959.101
2025-08-14 18:00:00,308370.242,744242.387,674519.974,521088.393,289939.404,2538160.4
2025-08-14 19:00:00,351124.792,932639.192,823385.522,641593.655,355131.525,3103874.686
2025-08-14 20:00:00,357263.714,946738.719,821842.595,658378.865,366486.302,3150710.1950000003
2025-08-14 21:00:00,349287.76,919065.927,787300.903,642858.792,359429.663,3057943.045
2025-08-14 22:00:00,322751.864,869729.095,718716.197,588670.183,330597.395,2830464.734
2025-08-14 23:00:00,287402.79,810622.906,607893.29,495328.086,279638.046,2480885.1180000002
2025-08-15 00:00:00,260676.468,818724.423,577353.838,453930.233,246142.774,2356827.736
2025-08-15 01:00:00,220535.324,709279.95,607047.014,384423.656,207214.371,2128500.315
2025-08-15 02:00:00,189765.652,625707.212,565381.88,337433.079,182103.048,1900390.8709999998
2025-08-15 03:00:00,174005.452,563277.792,491788.455,311550.683,169458.694,1710081.076
2025-08-15 04:00:00,166966.96899999998,535065.262,456347.741,300260.25800000003,164906.702,1623546.932
2025-08-15 05:00:00,168011.084,538750.756,451781.273,305110.065,168816.79,1632469.968
2025-08-15 06:00:00,184226.20799999998,598058.297,498603.752,341502.885,191854.968,1814246.1099999999
2025-08-15 07:00:00,234791.341,738927.096,625287.128,429393.257,248624.324,2277023.146
2025-08-15 08:00:00,304522.676,864980.7930000001,745638.919,569986.456,326309.833,2811438.677
2025-08-15 09:00:00,343811.087,853328.536,736420.4569999999,597421.856,348705.783,2879687.7189999996
2025-08-15 10:00:00,359621.519,774402.7949999999,667481.317,575245.368,334588.413,2711339.412
2025-08-15 11:00:00,361300.665,687497.025,567237.598,538066.315,317241.81799999997,2471343.421
2025-08-15 12:00:00,370057.301,663707.999,510782.812,548343.231,320812.485,2413703.8279999997
2025-08-15 13:00:00,368368.368,641669.95,560326.735,577217.625,312925.806,2460508.4839999997
2025-08-15 14:00:00,360443.635,639324.012,577554.861,555134.479,282990.34,2415447.327
2025-08-15 15:00:00,361423.629,626803.501,583374.69,549204.395,313411.339,2434217.554
2025-08-15 16:00:00,363130.175,671618.262,666188.019,579160.923,330769.881,2610867.26
2025-08-15 17:00:00,361109.522,796736.219,751202.267,622293.211,327609.884,2858951.103
2025-08-15 18:00:00,387137.083,970725.629,864471.163,721469.37,392441.42,3336244.665
2025-08-15 19:00:00,400268.708,1040967.039,913654.134,762471.353,411968.229,3529329.463
2025-08-15 20:00:00,384248.022,1008507.031,870291.158,729531.365,396981.973,3389559.5489999996
2025-08-15 21:00:00,366390.648,960512.542,812509.2660000001,692435.188,381749.834,3213597.478
2025-08-15 22:00:00,341287.304,922374.149,753228.006,645116.473,357900.978,3019906.91
2025-08-15 23:00:00,311474.151,879495.154,658470.338,560410.325,312356.515,2722206.483
2025-08-16 00:00:00,287499.319,889276.322,629782.839,518073.829,282517.073,2607149.382
2025-08-16 01:00:00,245957.599,769146.655,651926.341,438967.961,239268.519,2345267.0749999997
2025-08-16 02:00:00,213389.88700000002,672295.643,603840.89,382807.748,208789.915,2081124.083
2025-08-16 03:00:00,193515.604,598731.708,520073.288,349237.87,190751.416,1852309.886
2025-08-16 04:00:00,183564.38,563147.754,476851.213,333086.49,182114.94,1738764.7769999998
2025-08-16 05:00:00,180589.316,557823.558,462162.214,330562.914,180853.547,1711991.5489999999
2025-08-16 06:00:00,187733.516,590231.528,483960.474,350021.748,192390.182,1804337.4479999999
2025-08-16 07:00:00,210189.164,679795.019,556410.085,399387.354,222153.017,2067934.639
2025-08-16 08:00:00,250320.535,769888.229,658460.814,516258.696,273316.043,2468244.3170000003
2025-08-16 09:00:00,287701.272,731225.107,689171.455,539696.932,298828.056,2546622.8219999997
2025-08-16 10:00:00,293224.892,501209.325,604638.643,487928.378,240608.533,2127609.7709999997
2025-08-16 11:00:00,277381.281,322440.511,400077.114,358923.967,180607.287,1539430.1600000001
2025-08-16 12:00:00,270385.23,237569.402,340764.593,266693.236,163642.653,1279055.114
2025-08-16 13:00:00,254765.041,215954.39,226222.27300000002,222627.293,125706.584,1045275.581
2025-08-16 14:00:00,260263.93099999998,253053.94,218495.173,198248.636,158644.315,1088705.9949999999
2025-08-16 15:00:00,273479.848,339378.093,277828.283,292135.713,180816.729,1363638.666
2025-08-16 16:00:00,303218.778,476796.54,457601.179,427322.988,240494.405,1905433.89
2025-08-16 17:00:00,331678.372,680897.905,661003.265,546386.48,320869.42100000003,2540835.443
2025-08-16 18:00:00,363470.292,932463.699,857232.3910000001,683726.805,377498.573,3214391.76
2025-08-16 19:00:00,386909.53,1053390.6,941710.24,757386.622,408814.451,3548211.4430000004
2025-08-16 20:00:00,378275.295,1032267.716,910753.25,736425.487,398890.222,3456611.9699999997
2025-08-16 21:00:00,362990.314,988145.093,867314.754,704723.896,381883.805,3305057.862
2025-08-16 22:00:00,341200.911,960362.482,808650.8470000001,656648.11,361138.192,3128000.542
2025-08-16 23:00:00,316343.023,924409.273,713345.976,577572.667,326158.109,2857829.0480000004
2025-08-17 00:00:00,295019.825,928628.236,680796.816,534345.166,297233.594,2736023.637
2025-08-17 01:00:00,255631.876,811114.321,703225.505,456389.422,253708.58500000002,2480069.709
2025-08-17 02:00:00,222537.906,711072.469,648927.7779999999,398036.115,221291.238,2201865.506
2025-08-17 03:00:00,202849.55800000002,637163.076,560736.975,365887.315,202765.866,1969402.79
2025-08-17 04:00:00,192774.01,593723.582,514336.991,351125.847,193924.557,1845884.987
2025-08-17 05:00:00,189426.096,578501.458,495079.661,348390.037,190976.569,1802373.821
2025-08-17 06:00:00,192797.922,603552.288,511230.86699999997,363097.324,198458.215,1869136.6160000002
2025-08-17 07:00:00,210938.922,674571.755,575545.402,406031.202,222679.433,2089766.714
2025-08-17 08:00:00,246188.142,756189.507,657857.971,511141.95900000003,269685.11199999996,2441062.6909999996
2025-08-17 09:00:00,284125.247,804316.207,641267.132,529703.427,307733.922,2567145.9350000005
2025-08-17 10:00:00,312760.536,734288.301,511787.326,504438.91,299103.956,2362379.029
2025-08-17 11:00:00,311187.257,599021.438,336266.44200000004,406388.00299999997,240018.91999999998,1892882.0599999998
2025-08-17 12:00:00,285312.674,491240.06,219607.809,298869.751,173472.345,1468502.6389999997
2025-08-17 13:00:00,276128.715,524306.346,266972.203,287068.478,145408.707,1499884.4489999998
2025-08-17 14:00:00,280112.23,561520.598,348819.293,372938.833,189415.293,1752806.247
2025-08-17 15:00:00,282860.902,549163.139,386650.794,411605.064,210542.304,1840822.203
2025-08-17 16:00:00,296074.44,602046.311,454607.238,447253.713,246776.712,2046758.414
2025-08-17 17:00:00,321250.995,746379.848,643685.917,542861.6,298597.31,2552775.67
2025-08-17 18:00:00,363435.037,980581.226,847598.051,680909.321,369939.96,3242463.5949999997
2025-08-17 19:00:00,398171.913,1095305.128,951352.262,771911.143,411348.687,3628089.133
2025-08-17 20:00:00,391726.591,1059133.911,912817.338,757114.165,404452.483,3525244.4880000004
2025-08-17 21:00:00,375432.649,988209.379,853541.775,721724.219,384989.369,3323897.391
2025-08-17 22:00:00,341977.832,910732.299,767196.909,648237.16,347072.874,3015217.074
2025-08-17 23:00:00,299429.561,837438.809,642340.384,538222.449,291766.82,2609198.023
2025-08-18 00:00:00,270685.321,842605.932,608685.533,489550.874,259305.055,2470832.7150000003
2025-08-18 01:00:00,232625.7,742156.139,646322.714,419869.796,221853.15,2262827.499
2025-08-18 02:00:00,203620.707,659727.082,611721.305,373050.289,196907.949,2045027.3320000004
2025-08-18 03:00:00,187305.358,596351.947,541345.191,349051.252,183802.753,1857856.5010000002
2025-08-18 04:00:00,179251.126,562608.768,505942.39900000003,336239.747,177615.92799999999,1761657.968
2025-08-18 05:00:00,179438.097,567115.452,501561.42,342124.829,181074.182,1771313.98
2025-08-18 06:00:00,198426.675,632706.253,557876.192,390276.364,206817.057,1986102.5410000002
2025-08-18 07:00:00,256750.61500000002,797083.819,718092.9029999999,499923.93,270346.934,2542198.201
2025-08-18 08:00:00,339085.145,933692.328,855818.349,669708.893,351222.762,3149527.477
2025-08-18 09:00:00,381970.405,873166.805,821773.55,692390.832,367101.746,3136403.338
2025-08-18 10:00:00,397018.602,716426.871,712955.981,658215.283,365952.221,2850568.958
2025-08-18 11:00:00,390243.343,562985.197,586772.993,607612.678,338431.752,2486045.963
2025-08-18 12:00:00,392989.549,461096.043,494622.234,594780.568,334328.119,2277816.513
2025-08-18 13:00:00,387782.352,426031.817,456205.135,552338.715,319690.635,2142048.654
2025-08-18 14:00:00,375148.614,399168.948,409580.807,485652.667,295480.112,1965031.1479999998
2025-08-18 15:00:00,349336.81200000003,399333.887,383543.239,420094.804,259714.44,1812023.182
2025-08-18 16:00:00,342956.575,502592.578,439138.064,431162.827,257127.088,1972977.132
2025-08-18 17:00:00,359058.287,725287.096,662104.088,581662.94,321534.102,2649646.513
2025-08-18 18:00:00,401786.759,999513.544,905506.608,744028.277,408644.931,3459480.119
2025-08-18 19:00:00,439090.977,1150662.523,1019792.615,838242.433,459156.084,3906944.632
2025-08-18 20:00:00,431800.288,1125213.896,984580.094,818708.947,450256.287,3810559.512
2025-08-18 21:00:00,408479.527,1052810.917,925983.965,772029.078,421785.272,3581088.7589999996
2025-08-18 22:00:00,368487.911,963924.321,833580.834,693634.154,375879.431,3235506.6509999996
2025-08-18 23:00:00,317515.892,877126.676,694995.275,572205.096,315299.167,2777142.1059999997
2025-08-19 00:00:00,282350.56799999997,881510.666,648698.855,513672.268,274658.882,2600891.239
2025-08-19 01:00:00,241397.011,780937.08,687083.149,439523.00299999997,234419.023,2383359.266
2025-08-19 02:00:00,210777.243,698613.102,653825.002,391139.564,209050.479,2163405.3899999997
2025-08-19 03:00:00,196462.368,640496.119,582555.776,370270.181,198016.568,1987801.012
2025-08-19 04:00:00,191060.5,611147.551,549846.654,366755.178,195939.028,1914748.9109999998
2025-08-19 05:00:00,194868.98200000002,625818.299,553020.878,377278.852,204507.498,1955494.5089999998
2025-08-19 06:00:00,218917.938,711667.481,625392.61,435279.059,238941.59399999998,2230198.682
2025-08-19 07:00:00,288703.595,902905.534,805455.786,569472.55,315532.181,2882069.6459999997
2025-08-19 08:00:00,379946.558,1025809.6900000001,928396.071,742581.525,400041.227,3476775.071
2025-08-19 09:00:00,400768.894,834464.784,777766.52,673702.273,362911.61100000003,3049614.082
2025-08-19 10:00:00,383110.885,535052.078,514970.347,521877.195,283189.607,2238200.112
2025-08-19 11:00:00,352535.868,264678.792,263286.401,369223.346,204047.557,1453771.9640000002
2025-08-19 12:00:00,322576.163,91657.544,96189.127,259182.601,143719.809,913325.244
2025-08-19 13:00:00,299788.017,-1304.9939999999997,876.1309999999999,189901.151,105444.02500000001,594704.33
2025-08-19 14:00:00,283290.36,-20302.195,-18903.251,164247.393,88599.206,496931.513
2025-08-19 15:00:00,271147.203,28081.334000000003,32897.772,178736.173,98411.137,609273.6190000001
2025-08-19 16:00:00,273079.852,177247.095,178693.346,249443.549,137115.959,1015579.8010000001
2025-08-19 17:00:00,295821.848,453529.803,442139.11699999997,396503.96400000004,218196.519,1806191.2510000004
2025-08-19 18:00:00,340103.699,822293.98,743469.166,589252.8910000001,319500.174,2814619.91
2025-08-19 19:00:00,398028.45999999996,1059289.0389999999,927034.593,745849.211,402964.085,3533165.388
2025-08-19 20:00:00,407944.135,1076413.206,925967.718,762391.918,417096.698,3589813.675
2025-08-19 21:00:00,396538.12,1031307.409,883156.368,736303.794,406879.15499999997,3454184.8459999994
2025-08-19 22:00:00,361292.395,962402.983,796691.899,667985.783,369755.626,3158128.686
2025-08-19 23:00:00,314072.48,880434.121,664453.891,552780.7440000001,308158.51900000003,2719899.755
2025-08-20 00:00:00,279971.994,882740.1730000001,623636.186,497474.418,272007.098,2555829.869
2025-08-20 01:00:00,238359.84100000001,778432.333,656435.91,426121.713,233050.386,2332400.183
2025-08-20 02:00:00,209152.649,697259.488,623066.923,379529.598,208375.825,2117384.483
2025-08-20 03:00:00,194230.318,636171.791,553669.67,357335.204,196392.051,1937799.034
2025-08-20 04:00:00,188346.683,611278.023,522007.48,350504.757,194090.076,1866227.0189999999
2025-08-20 05:00:00,191268.97,624192.113,525015.932,363289.811,202380.554,1906147.38
2025-08-20 06:00:00,214489.802,709843.005,593474.318,419376.10699999996,235140.003,2172323.235
2025-08-20 07:00:00,281039.702,897403.092,765846.044,546777.411,307064.001,2798130.25
2025-08-20 08:00:00,365503.275,1018968.535,880949.42,709703.708,386384.741,3361509.679
2025-08-20 09:00:00,381816.918,822655.542,724297.4469999999,630467.634,348302.415,2907539.9560000002
2025-08-20 10:00:00,359768.949,516649.213,456182.407,467995.359,264159.382,2064755.3099999998
2025-08-20 11:00:00,325901.928,238369.973,202706.269,313079.18,180560.816,1260618.1660000002
2025-08-20 12:00:00,296472.032,58620.633,41002.739,208075.994,120982.889,725154.287
2025-08-20 13:00:00,274442.901,-34357.761,-46575.865,143989.345,84892.554,422391.174
2025-08-20 14:00:00,260708.195,-53003.217,-57146.714,120904.94,72585.139,344048.343
2025-08-20 15:00:00,253558.244,-8846.557,-1602.612,141324.131,84076.151,468509.35699999996
2025-08-20 16:00:00,256992.044,133005.847,141497.197,213428.165,122226.621,867149.8740000001
2025-08-20 17:00:00,277772.298,390607.167,391240.777,352979.306,197474.794,1610074.342
2025-08-20 18:00:00,317839.527,730601.137,667054.11,529919.1950000001,288810.663,2534224.632
2025-08-20 19:00:00,364990.93,940848.284,831787.672,668793.231,360521.562,3166941.6789999995
2025-08-20 20:00:00,373517.566,962148.799,834546.021,688268.962,375670.13,3234151.478
2025-08-20 21:00:00,363888.614,932620.802,797686.724,669654.3319999999,368174.38,3132024.852
2025-08-20 22:00:00,334346.729,877178.332,724572.934,610899.892,339797.526,2886795.413
2025-08-20 23:00:00,294959.436,813549.359,610369.385,511799.004,288323.25299999997,2519000.437
2025-08-21 00:00:00,266887.872,822624.472,577439.15,468182.564,254182.881,2389316.9390000002
2025-08-21 01:00:00,227732.964,721428.247,610908.277,401786.573,217064.99,2178921.051
2025-08-21 02:00:00,199181.881,644013.579,578874.168,356073.663,193602.912,1971746.2029999997
2025-08-21 03:00:00,183721.399,586988.803,509216.577,332971.704,182477.79200000002,1795376.275
2025-08-21 04:00:00,177995.668,565603.28,480537.30700000003,326034.387,179969.458,1730140.1
2025-08-21 05:00:00,180564.099,578637.894,481955.81299999997,337314.096,187203.461,1765675.3630000004
2025-08-21 06:00:00,202372.213,659845.971,544877.61,389035.559,218296.394,2014427.7470000002
2025-08-21 07:00:00,263784.509,831480.188,708320.012,508598.221,285566.586,2597749.5160000003
2025-08-21 08:00:00,341415.839,937857.645,811924.574,656028.851,358501.578,3105728.4869999997
2025-08-21 09:00:00,350595.878,728001.8049999999,640036.302,568189.866,313031.838,2599855.6890000002
2025-08-21 10:00:00,325076.502,421429.925,372411.669,404663.827,228573.899,1752155.822
2025-08-21 11:00:00,292520.759,162531.65,152252.577,257670.743,150046.418,1015022.1470000001
2025-08-21 12:00:00,271730.891,24719.211,3980.9599999999996,162835.556,92609.056,555875.6740000001
2025-08-21 13:00:00,251681.801,-53681.839,-67724.053,108035.969,62044.456,300356.334
2025-08-21 14:00:00,240549.799,-76968.817,-54366.396,92216.087,54785.444,256216.11700000003
2025-08-21 15:00:00,233680.287,-3498.773,6808.517,115441.118,69480.925,421912.074
2025-08-21 16:00:00,237272.677,166493.357,145633.237,186542.31,109846.997,845788.578
2025-08-21 17:00:00,256315.732,419103.53,367561.048,314930.046,173038.649,1530949.005
2025-08-21 18:00:00,288489.93799999997,697113.7949999999,610388.118,468716.285,251043.334,2315751.4699999997
2025-08-21 19:00:00,322421.726,842153.969,730048.071,570299.577,301767.775,2766691.1180000002
2025-08-21 20:00:00,321264.666,842481.091,713717.652,570619.107,301513.275,2749595.7909999997
2025-08-21 21:00:00,308616.835,800646.059,672362.113,546546.534,289489.792,2617661.333
2025-08-21 22:00:00,282984.387,756840.794,611658.734,497915.9,266034.269,2415434.084
2025-08-21 23:00:00,255616.987,714291.83,518324.13800000004,422200.891,231524.698,2141958.5439999998
2025-08-22 00:00:00,238295.885,740614.306,506309.142,400812.495,212700.699,2098732.527
2025-08-22 01:00:00,203143.564,633962.324,546676.436,344283.936,182268.5,1910334.76
2025-08-22 02:00:00,176268.92,558811.496,513986.594,304106.53,161682.243,1714855.783
2025-08-22 03:00:00,161851.393,506410.51300000004,443828.803,283833.963,151795.343,1547720.0150000001
2025-08-22 04:00:00,156205.842,474683.5,406814.992,275446.234,148272.742,1461423.31
2025-08-22 05:00:00,156930.247,480154.013,405176.33,281096.268,152695.604,1476052.462
2025-08-22 06:00:00,172990.822,533399.535,452537.675,317150.037,173737.724,1649815.793
2025-08-22 07:00:00,218027.168,664823.625,575035.6680000001,400405.61,219488.811,2077780.882
2025-08-22 08:00:00,271603.147,751218.523,642895.411,501998.232,267683.68200000003,2435398.995
2025-08-22 09:00:00,295149.006,656262.1730000001,557745.179,481657.722,259189.62,2250003.7
2025-08-22 10:00:00,296670.494,415711.029,455099.604,415560.778,219346.094,1802387.999
2025-08-22 11:00:00,292305.74,234683.505,304379.671,360189.25800000003,174338.811,1365896.985
2025-08-22 12:00:00,271938.039,206017.629,264102.104,323791.087,120747.465,1186596.324
2025-08-22 13:00:00,249799.722,211297.63,121808.027,200365.058,73490.401,856760.838
2025-08-22 14:00:00,246725.41,279944.849,158322.361,252549.734,113087.968,1050630.3220000002
2025-08-22 15:00:00,256248.787,306909.166,295207.823,314913.82300000003,163672.363,1336951.9619999998
2025-08-22 16:00:00,254221.905,438693.295,391769.0,347309.777,169874.016,1601867.993
2025-08-22 17:00:00,267748.521,582335.783,489975.205,392977.789,221676.628,1954713.926
2025-08-22 18:00:00,295636.707,740721.108,651558.449,505709.333,277888.987,2471514.5840000003
2025-08-22 19:00:00,311417.116,827130.844,726676.255,567298.944,303462.816,2735985.975
2025-08-22 20:00:00,303536.12,815698.637,701729.689,556538.31,300059.823,2677562.579
2025-08-22 21:00:00,289038.111,779421.39,662541.347,530686.437,287304.838,2548992.123
2025-08-22 22:00:00,269740.752,752982.24,613454.826,493800.625,267735.508,2397713.951
2025-08-22 23:00:00,252030.165,728874.523,541044.264,434213.235,237518.385,2193680.5719999997
2025-08-23 00:00:00,241293.343,761678.502,531337.426,416847.181,222873.37900000002,2174029.8310000002
2025-08-23 01:00:00,206938.165,652055.638,566946.661,356970.639,192319.151,1975230.2540000002
2025-08-23 02:00:00,178668.321,569595.441,523049.684,311139.126,168512.018,1750964.59
2025-08-23 03:00:00,162782.021,512177.577,448938.682,285601.74,155742.559,1565242.579
2025-08-23 04:00:00,154951.111,482300.445,409578.932,273250.629,149389.41,1469470.527
2025-08-23 05:00:00,153584.011,480822.51900000003,396724.731,273567.894,149966.831,1454665.986
2025-08-23 06:00:00,159553.569,515945.891,414889.896,289802.178,160468.316,1540659.85
2025-08-23 07:00:00,179602.142,600561.398,483571.821,333851.181,186913.729,1784500.271
2025-08-23 08:00:00,208095.214,656644.778,530780.589,407457.488,223715.026,2026693.0950000002
2025-08-23 09:00:00,237219.228,565590.163,504731.434,434011.56,239377.0,1980929.3849999998
2025-08-23 10:00:00,236824.959,354230.4,401964.26399999997,380362.632,182516.993,1555899.248
2025-08-23 11:00:00,237298.21,214940.166,282104.966,266580.82,176712.05299999999,1177636.215
2025-08-23 12:00:00,218535.748,150226.09,230337.364,195887.09399999998,157337.90899999999,952324.2050000001
2025-08-23 13:00:00,213583.373,78509.651,212574.329,188445.435,154448.096,847560.884
2025-08-23 14:00:00,198919.147,47915.017,126149.362,121534.14600000001,119372.41,613890.082
2025-08-23 15:00:00,196039.034,63728.877,115405.744,125196.553,88275.814,588646.022
2025-08-23 16:00:00,204600.88199999998,172730.234,209760.115,198739.729,114804.128,900635.088
2025-08-23 17:00:00,227536.655,396342.58400000003,407695.32,332675.261,183018.539,1547268.3590000002
2025-08-23 18:00:00,269568.958,685417.335,647526.883,490851.672,270771.902,2364136.75
2025-08-23 19:00:00,310525.044,848921.7420000001,775983.194,597099.953,329921.213,2862451.146
2025-08-23 20:00:00,312624.313,864080.856,769812.477,602246.098,334671.275,2883435.019
2025-08-23 21:00:00,303310.599,836814.532,747028.669,591418.541,327079.389,2805651.73
2025-08-23 22:00:00,287234.824,820275.6969999999,709640.481,562526.87,311537.72,2691215.592
2025-08-23 23:00:00,271345.348,803181.926,635519.954,503208.336,280576.103,2493831.667
2025-08-24 00:00:00,259290.657,830927.594,620654.431,481210.681,264680.181,2456763.5439999998
2025-08-24 01:00:00,225930.402,721867.741,651161.401,414322.782,229451.877,2242734.2029999997
2025-08-24 02:00:00,196627.099,635235.533,605207.055,362239.302,201239.483,2000548.472
2025-08-24 03:00:00,179048.444,571980.209,522370.61199999996,331840.445,184617.493,1789857.203
2025-08-24 04:00:00,169851.986,539717.03,476613.038,314618.517,176339.943,1677140.514
2025-08-24 05:00:00,167075.452,534787.479,458062.688,311523.763,174129.67,1645579.0520000001
2025-08-24 06:00:00,171925.07,563461.644,475440.711,325621.909,182489.624,1718938.9579999999
2025-08-24 07:00:00,189176.67,641815.711,543537.6190000001,367878.952,205169.778,1947578.73
2025-08-24 08:00:00,217280.68099999998,685721.472,593803.586,448232.573,236818.082,2181856.394
2025-08-24 09:00:00,235609.174,599527.775,508933.878,434925.606,224434.413,2003430.8460000001
2025-08-24 10:00:00,231547.232,385111.63800000004,314181.265,329556.491,170817.799,1431214.4250000003
2025-08-24 11:00:00,218010.645,162169.099,110053.15400000001,212417.868,109366.507,812017.2729999999
2025-08-24 12:00:00,205464.51799999998,1835.3800000000006,-17978.14,124584.882,64110.409,378017.04899999994
2025-08-24 13:00:00,194352.552,-78054.424,-72687.662,80789.576,40588.826,164988.86800000002
2025-08-24 14:00:00,191278.90899999999,-94117.655,-65506.563,83600.508,36488.03,151743.229
2025-08-24 15:00:00,193516.691,-37539.479999999996,1974.9389999999999,119106.254,54586.059,331644.46300000005
2025-08-24 16:00:00,206486.76799999998,121272.576,153138.012,197082.865,102260.291,780240.512
2025-08-24 17:00:00,237378.44,397657.496,394391.533,340605.295,184179.312,1554212.076
2025-08-24 18:00:00,287901.467,737515.922,669436.755,521367.609,286890.971,2503112.724
2025-08-24 19:00:00,342270.335,938611.846,824530.869,650468.844,358594.254,3114476.1480000005
2025-08-24 20:00:00,345375.899,943286.884,812589.137,652466.378,366047.657,3119765.955
2025-08-24 21:00:00,332184.823,898050.257,772755.5819999999,630038.067,354416.725,2987445.4540000004
2025-08-24 22:00:00,304250.506,847563.942,706119.092,579293.816,325937.271,2763164.627
2025-08-24 23:00:00,270943.608,792806.037,594556.779,486876.88300000003,276438.503,2421621.81
2025-08-25 00:00:00,248929.677,799609.985,563869.132,447305.33499999996,244873.198,2304587.327
2025-08-25 01:00:00,214371.858,702994.787,601732.945,383858.574,209795.63999999998,2112753.804
2025-08-25 02:00:00,187139.18,630287.408,568225.319,340985.821,187071.03,1913708.7580000001
2025-08-25 03:00:00,172622.234,572739.57,499109.578,319037.491,175286.914,1738795.787
2025-08-25 04:00:00,167054.362,548133.356,462801.547,310362.961,172380.537,1660732.763
2025-08-25 05:00:00,169316.648,556304.598,460295.153,318799.691,177954.514,1682670.604
2025-08-25 06:00:00,188561.893,626960.535,518112.578,365818.503,205942.45,1905395.959
2025-08-25 07:00:00,245272.006,793316.71,670537.66,477758.412,271722.088,2458606.876
2025-08-25 08:00:00,317961.876,886112.7220000001,748710.435,610789.964,338835.561,2902410.558
2025-08-25 09:00:00,336135.61,760969.033,605582.105,534087.432,305689.086,2542463.2660000003
2025-08-25 10:00:00,334422.386,583549.684,404262.971,453433.946,283278.348,2058947.3350000002
2025-08-25 11:00:00,314769.821,347408.44,282242.28500000003,384086.176,213415.828,1541922.55
2025-08-25 12:00:00,298934.815,253613.324,157400.624,323107.207,160756.738,1193812.708
2025-08-25 13:00:00,296079.126,231337.74300000002,86796.801,246922.729,189637.508,1050773.907
2025-08-25 14:00:00,283122.893,192032.687,71901.57,209392.827,161019.53,917469.507
2025-08-25 15:00:00,268267.509,295869.526,94029.44,238022.867,166369.15,1062558.4919999999
2025-08-25 16:00:00,272809.604,410169.838,260193.782,311288.838,195237.542,1449699.6039999998
2025-08-25 17:00:00,288948.882,639103.843,464927.028,419139.038,259734.304,2071853.095
2025-08-25 18:00:00,325243.83400000003,860544.335,691333.13,563430.281,326581.707,2767133.287
2025-08-25 19:00:00,357034.61699999997,961686.168,798669.263,650002.991,367655.654,3135048.693
2025-08-25 20:00:00,350913.347,920469.493,762762.563,632852.187,360243.30700000003,3027240.8970000003
2025-08-25 21:00:00,330421.169,850736.392,702544.828,590343.493,337552.838,2811598.72
2025-08-25 22:00:00,296153.638,784704.171,625758.31,525633.572,300750.437,2533000.128
2025-08-25 23:00:00,258404.061,726012.282,520124.599,432548.95,247147.927,2184237.819
2025-08-26 00:00:00,235445.131,746539.088,499118.853,399865.781,218326.755,2099295.608
2025-08-26 01:00:00,198781.371,645602.517,534977.492,339624.863,184678.478,1903664.7210000004
2025-08-26 02:00:00,171854.19,565607.959,496811.023,297915.673,162131.588,1694320.433
2025-08-26 03:00:00,157555.201,500519.113,424969.57,274423.333,150351.574,1507818.791
2025-08-26 04:00:00,150691.389,468206.402,387677.835,262861.839,145454.079,1414891.5439999998
2025-08-26 05:00:00,151625.939,473433.793,379076.52,265943.102,148617.896,1418697.25
2025-08-26 06:00:00,167734.027,528563.495,422238.366,298915.444,169908.777,1587360.109
2025-08-26 07:00:00,214111.181,647707.383,531892.077,376434.915,219344.465,1989490.0210000002
2025-08-26 08:00:00,273931.377,745747.752,620223.915,489353.011,276671.816,2405927.871
2025-08-26 09:00:00,298286.198,749640.54,605234.712,512938.391,277769.793,2443869.634
2025-08-26 10:00:00,302606.278,700760.912,541032.512,474609.585,265606.308,2284615.595
2025-08-26 11:00:00,305422.794,644860.595,480637.822,449198.111,243169.593,2123288.915
2025-08-26 12:00:00,313056.459,656476.563,484986.902,463005.28599999996,251067.622,2168592.832
2025-08-26 13:00:00,321999.518,676634.438,536037.683,481173.271,275134.315,2290979.225
2025-08-26 14:00:00,322499.173,674650.358,548811.878,473993.81200000003,274300.533,2294255.7539999997
2025-08-26 15:00:00,317893.832,698284.112,563541.215,478541.624,282216.329,2340477.1119999997
2025-08-26 16:00:00,318444.122,745125.161,610888.548,513600.579,305607.707,2493666.1169999996
2025-08-26 17:00:00,334048.718,844486.744,723005.235,592519.6950000001,346678.143,2840738.535
2025-08-26 18:00:00,363646.056,968585.031,844529.086,681154.558,389999.21499999997,3247913.9459999995
2025-08-26 19:00:00,381101.47,1032592.075,878609.078,726723.054,408868.289,3427893.966
2025-08-26 20:00:00,368367.964,988464.659,825873.135,695795.892,393542.944,3272044.594
2025-08-26 21:00:00,346438.716,910334.568,751976.738,648934.105,365892.5,3023576.627
2025-08-26 22:00:00,310497.433,833401.022,668076.809,574853.073,324498.946,2711327.283
2025-08-26 23:00:00,271181.797,766117.968,555434.714,473007.79000000004,267848.293,2333590.5620000004
2025-08-27 00:00:00,245869.685,782699.6579999999,530511.373,433682.767,234435.109,2227198.592
2025-08-27 01:00:00,208762.753,677481.068,569427.008,368064.988,198752.329,2022488.1459999997
2025-08-27 02:00:00,181023.259,600210.694,527915.398,323119.79,175404.816,1807673.957
2025-08-27 03:00:00,167112.579,541376.455,456892.51,298777.04600000003,163816.824,1627975.414
2025-08-27 04:00:00,160050.817,514928.676,418324.706,287823.768,158768.605,1539896.572
2025-08-27 05:00:00,161331.615,522608.905,414970.511,294642.552,163284.142,1556837.725
2025-08-27 06:00:00,179028.518,584424.6849999999,463797.025,334810.214,187496.057,1749556.4989999998
2025-08-27 07:00:00,231221.145,730087.469,590361.639,431387.758,245627.17,2228685.181
2025-08-27 08:00:00,291848.514,794253.962,658948.121,550426.0430000001,298388.667,2593865.307
2025-08-27 09:00:00,303824.376,659503.858,579903.036,508141.277,257889.185,2309261.732
2025-08-27 10:00:00,292375.31,486428.414,471343.892,471796.647,199129.056,1921073.319
2025-08-27 11:00:00,305824.837,401842.378,429606.353,478889.461,165579.187,1781742.216
2025-08-27 12:00:00,324302.828,329914.982,432104.071,457166.04099999997,231157.981,1774645.903
2025-08-27 13:00:00,301977.103,227367.967,320526.956,355024.514,161667.91,1366564.45
2025-08-27 14:00:00,305686.549,243932.139,352769.053,386875.127,157169.844,1446432.712
2025-08-27 15:00:00,305137.151,325584.483,413552.12799999997,388399.854,205039.547,1637713.1630000002
2025-08-27 16:00:00,296524.022,404072.487,487982.421,416305.745,214403.438,1819288.1130000004
2025-08-27 17:00:00,297486.628,582265.013,585690.869,458175.324,228956.862,2152574.696
2025-08-27 18:00:00,330051.034,874533.451,794597.118,609777.555,321219.469,2930178.627
2025-08-27 19:00:00,375194.438,1049528.91,918626.69,737187.909,391727.747,3472265.694
2025-08-27 20:00:00,376903.67,1036902.412,892231.027,736701.806,397848.878,3440587.793
2025-08-27 21:00:00,360025.739,978048.573,830548.944,696510.105,379726.162,3244859.523
2025-08-27 22:00:00,328260.02,905538.908,740473.143,624445.453,342715.586,2941433.1100000003
2025-08-27 23:00:00,287713.569,830647.926,617771.132,517844.69,285571.325,2539548.642
2025-08-28 00:00:00,259264.09,837513.882,581208.806,466189.46,249297.003,2393473.241
2025-08-28 01:00:00,219506.709,728042.94,615858.807,393987.524,208721.732,2166117.712
2025-08-28 02:00:00,188968.45,640668.069,578018.452,344031.565,183037.483,1934724.019
2025-08-28 03:00:00,173451.676,576054.264,497157.27,316704.48,169232.76,1732600.45
2025-08-28 04:00:00,166596.145,542124.604,450290.24,304541.40499999997,165473.402,1629025.796
2025-08-28 05:00:00,167765.305,551697.253,444781.578,309616.425,169995.05,1643855.611
2025-08-28 06:00:00,185017.386,616671.297,495402.472,348766.491,194264.06,1840121.706
2025-08-28 07:00:00,237207.102,762154.2829999999,630660.552,447963.156,252597.55,2330582.6429999997
2025-08-28 08:00:00,302922.018,839329.42,731518.527,578405.853,313138.767,2765314.585
2025-08-28 09:00:00,326560.871,693518.661,699299.495,578232.399,281869.211,2579480.637
2025-08-28 10:00:00,328994.001,487964.649,610838.772,518034.799,240257.365,2186089.586
2025-08-28 11:00:00,302472.535,360743.84500000003,465850.926,359520.959,198091.236,1686679.501
2025-08-28 12:00:00,298913.471,326182.151,352255.635,301065.267,196878.275,1475294.7989999999
2025-08-28 13:00:00,295976.193,254026.29,274737.638,272957.575,155874.102,1253571.798
2025-08-28 14:00:00,276569.207,211503.803,225969.267,244346.645,138391.051,1096779.973
2025-08-28 15:00:00,264551.229,273822.778,251688.3,254240.012,167033.558,1211335.8769999999
2025-08-28 16:00:00,291247.033,386680.56,420331.301,384561.485,208597.964,1691418.3429999999
2025-08-28 17:00:00,295524.373,576378.0700000001,560570.485,426605.245,242123.779,2101201.952
2025-08-28 18:00:00,321759.698,838458.602,759763.692,567693.79,308359.056,2796034.8379999995
2025-08-28 19:00:00,358528.003,993871.2069999999,879364.385,684933.421,364719.43700000003,3281416.4529999997
2025-08-28 20:00:00,361092.051,992041.108,860112.35,689357.884,374220.888,3276824.281
2025-08-28 21:00:00,348008.358,943629.792,809067.647,660893.5160000001,360593.611,3122192.924
2025-08-28 22:00:00,318232.265,880334.058,726846.3640000001,597799.445,330679.065,2853891.1969999997
2025-08-28 23:00:00,282986.772,811915.608,607598.554,497794.306,278329.09,2478624.3299999996
2025-08-29 00:00:00,257245.181,822603.214,577008.908,455076.459,245807.639,2357741.401
2025-08-29 01:00:00,217216.52000000002,715920.495,607548.638,385693.059,207462.275,2133840.987
2025-08-29 02:00:00,188681.96600000001,629336.2390000001,564598.46,339050.61199999996,182105.955,1903773.232
2025-08-29 03:00:00,173749.328,567228.237,487917.186,314698.47,169387.721,1712980.9419999998
2025-08-29 04:00:00,167144.128,533846.493,448677.889,304468.933,165655.442,1619792.885
2025-08-29 05:00:00,168042.018,542473.045,443847.065,309485.617,169442.039,1633289.784
2025-08-29 06:00:00,185008.77,607546.51,489551.83400000003,349483.611,193358.77,1824949.495
2025-08-29 07:00:00,236340.78100000002,747241.286,619593.486,444308.781,249061.055,2296545.389
2025-08-29 08:00:00,300669.73,841609.355,697958.721,570724.439,315522.301,2726484.546
2025-08-29 09:00:00,328258.267,771948.975,630897.285,547964.5109999999,306906.366,2585975.404
2025-08-29 10:00:00,339528.409,689580.627,546041.672,530849.831,258884.756,2364885.295
2025-08-29 11:00:00,325419.854,600714.006,452525.793,462630.955,247687.854,2088978.4620000003
2025-08-29 12:00:00,322789.255,622249.612,354995.845,367881.829,222079.689,1889996.23
2025-08-29 13:00:00,334294.773,665893.187,404887.69,461717.462,244214.631,2111007.743
2025-08-29 14:00:00,343706.513,676003.285,461010.579,517743.44,268644.879,2267108.696
2025-08-29 15:00:00,346761.675,622418.365,530811.726,512447.942,240685.811,2253125.5190000003
2025-08-29 16:00:00,325144.585,575041.851,548158.044,485664.797,192547.742,2126557.019
2025-08-29 17:00:00,330041.638,790470.7509999999,675686.947,529863.404,277446.276,2603509.0160000003
2025-08-29 18:00:00,374712.418,1019182.31,856879.3030000001,698571.79,372623.375,3321969.1960000005
2025-08-29 19:00:00,394319.009,1153201.888,946306.673,781124.792,415467.859,3690420.2210000004
2025-08-29 20:00:00,388623.847,1136181.116,927181.104,771144.588,418011.935,3641142.5900000003
2025-08-29 21:00:00,373291.992,1074120.351,883226.76,735535.982,401854.994,3468030.079
2025-08-29 22:00:00,344566.787,1009697.813,810884.72,675447.241,369922.065,3210518.6259999997
2025-08-29 23:00:00,311487.359,936764.001,695810.464,577388.652,319200.594,2840651.0700000003
2025-08-30 00:00:00,285139.348,930252.632,655703.168,527748.655,282840.325,2681684.128
2025-08-30 01:00:00,245496.597,813778.053,675912.131,447916.207,241608.316,2424711.304
2025-08-30 02:00:00,214184.816,712897.055,622867.486,388545.659,211840.18,2150335.196
2025-08-30 03:00:00,194902.613,641773.475,539665.76,357385.732,194319.438,1928047.0180000002
2025-08-30 04:00:00,185431.195,604064.576,494515.826,341232.817,185554.026,1810798.44
2025-08-30 05:00:00,182908.53,597582.781,480053.349,339084.278,185131.014,1784759.9519999998
2025-08-30 06:00:00,188920.428,627855.682,502024.714,355767.67,196789.082,1871357.576
2025-08-30 07:00:00,211831.149,718354.255,580074.934,408417.531,228911.165,2147589.034
2025-08-30 08:00:00,252235.01,775895.609,645813.534,496853.387,282642.294,2453439.834
2025-08-30 09:00:00,295110.317,757626.163,609151.988,502321.022,326960.529,2491170.019
2025-08-30 10:00:00,310953.164,616912.281,493190.066,425592.986,308145.205,2154793.702
2025-08-30 11:00:00,305051.003,468069.297,348921.38,343317.647,245271.832,1710631.159
2025-08-30 12:00:00,303623.717,369194.094,255126.785,273627.526,235620.581,1437192.703
2025-08-30 13:00:00,315253.083,313099.709,236886.87,305587.32,259560.219,1430387.201
2025-08-30 14:00:00,313987.633,298380.337,277705.20399999997,317986.876,235634.87900000002,1443694.9289999998
2025-08-30 15:00:00,297475.313,417591.668,340550.981,344837.302,240718.099,1641173.363
2025-08-30 16:00:00,302449.665,547627.122,460743.219,408744.754,284326.61699999997,2003891.3769999999
2025-08-30 17:00:00,304254.298,681000.003,627345.664,454955.122,313496.784,2381051.871
2025-08-30 18:00:00,338516.061,896729.119,813926.537,617203.412,360493.121,3026868.2499999995
2025-08-30 19:00:00,367514.647,1013706.061,890808.99,695141.777,394859.30700000003,3362030.782
2025-08-30 20:00:00,359084.062,985961.349,851326.751,677402.037,385385.692,3259159.891
2025-08-30 21:00:00,341782.988,932647.7609999999,798721.737,643832.784,365342.066,3082327.3359999997
2025-08-30 22:00:00,317768.935,891909.037,736236.1579999999,595011.036,338515.665,2879440.831
2025-08-30 23:00:00,294176.36,854446.0109999999,644378.364,519070.75800000003,297808.56,2609880.053
2025-08-31 00:00:00,275830.611,865043.046,619514.129,487423.609,270910.521,2518721.9159999997
2025-08-31 01:00:00,237414.731,747317.836,642889.057,413753.376,230118.023,2271493.023
2025-08-31 02:00:00,205202.24899999998,652582.875,591562.806,358998.777,199017.276,2007363.983
2025-08-31 03:00:00,184880.181,577579.199,508451.43200000003,324093.366,179664.297,1774668.475
2025-08-31 04:00:00,174125.039,537040.328,459855.06200000003,306218.0,168981.565,1646219.994
2025-08-31 05:00:00,170279.401,523011.7,437799.215,300445.075,166385.106,1597920.497
2025-08-31 06:00:00,174026.96,544050.482,445814.161,311041.91599999997,173953.756,1648887.275
2025-08-31 07:00:00,189583.317,609056.701,501750.108,346304.023,194495.914,1841190.063
2025-08-31 08:00:00,213389.18,639376.964,538180.884,415039.0,220935.464,2026921.4919999999
2025-08-31 09:00:00,234447.772,625937.178,542857.464,419225.201,237169.925,2059637.5400000003
2025-08-31 10:00:00,253734.825,554790.548,463853.205,387974.86699999997,234523.886,1894877.3309999998
2025-08-31 11:00:00,267268.981,428962.39,403906.798,388401.453,233113.68300000002,1721653.305
2025-08-31 12:00:00,269053.062,315856.785,368952.782,396483.333,207192.00400000002,1557537.9659999998
2025-08-31 13:00:00,260866.01,287787.104,317947.288,358787.808,190545.916,1415934.126
2025-08-31 14:00:00,255047.184,294622.353,279455.637,317599.105,158417.435,1305141.7140000002
2025-08-31 15:00:00,246352.162,289826.607,279275.275,265964.172,166064.613,1247482.829
2025-08-31 16:00:00,244191.301,359986.649,329770.019,293846.789,163230.88,1391025.6379999998
2025-08-31 17:00:00,255578.213,523120.669,494454.619,389796.13300000003,222308.366,1885258.0
2025-08-31 18:00:00,290285.659,791928.336,708523.152,539687.066,290249.677,2620673.8900000006
2025-08-31 19:00:00,338672.024,947106.004,825578.745,649026.861,350378.682,3110762.316
2025-08-31 20:00:00,341555.789,930822.592,803112.911,644941.155,356415.782,3076848.2290000003
2025-08-31 21:00:00,325808.296,875271.977,753854.577,613392.986,342027.04,2910354.876
2025-08-31 22:00:00,298403.766,817800.434,682147.328,558458.165,311284.928,2668094.621
2025-08-31 23:00:00,266417.027,767124.233,576756.87,469190.916,262491.744,2341980.79
2025-09-01 00:00:00,245476.367,782157.735,551689.249,436104.06,233805.691,2249233.102
2025-09-01 01:00:00,210077.655,682038.156,583713.371,373029.822,200137.74300000002,2048996.747
2025-09-01 02:00:00,183337.565,603614.307,548082.957,326533.307,177421.886,1838990.0219999999
2025-09-01 03:00:00,168324.018,543344.017,473266.681,302677.104,165668.90899999999,1653280.7289999998
2025-09-01 04:00:00,162223.587,512913.208,436201.534,293063.968,162298.682,1566700.9789999998
2025-09-01 05:00:00,162894.597,514630.351,429922.221,297885.586,165934.717,1571267.472
2025-09-01 06:00:00,179931.11,576565.355,476366.967,336104.432,188986.623,1757954.4869999997
2025-09-01 07:00:00,231633.14500000002,729771.0800000001,611300.727,434137.604,248073.524,2254916.08
2025-09-01 08:00:00,296116.449,812194.307,667061.611,545504.907,302855.622,2623732.896
2025-09-01 09:00:00,315212.714,666721.777,553105.1630000001,482444.622,281349.159,2298833.435
2025-09-01 10:00:00,292135.8,434826.455,372051.227,345264.085,190539.942,1634817.509
2025-09-01 11:00:00,280935.308,268451.376,231709.084,234128.287,149699.502,1164923.557
2025-09-01 12:00:00,290113.074,185302.048,141854.329,177973.728,147250.935,942494.1140000001
2025-09-01 13:00:00,296913.493,184625.497,103288.146,152730.653,149945.933,887503.7219999998
2025-09-01 14:00:00,282288.893,269003.112,150961.447,143646.75,177593.351,1023493.5530000001
2025-09-01 15:00:00,285071.803,337694.173,197195.439,216733.956,201112.611,1237807.982
2025-09-01 16:00:00,280336.727,436328.298,293788.594,307929.967,198712.648,1517096.2340000002
2025-09-01 17:00:00,301264.872,611092.237,486787.488,433393.917,261725.18300000002,2094263.697
2025-09-01 18:00:00,332282.877,832050.296,707573.445,573212.453,327727.507,2772846.5779999997
2025-09-01 19:00:00,364210.481,978320.903,825184.38,659077.286,370529.097,3197322.147
2025-09-01 20:00:00,361799.833,956521.361,794557.03,648079.713,365638.744,3126596.681
2025-09-01 21:00:00,341136.13300000003,892136.8200000001,741282.949,609619.489,344314.736,2928490.1270000003
2025-09-01 22:00:00,305729.562,823633.074,661501.843,543135.083,307223.28,2641222.842
2025-09-01 23:00:00,266767.797,759461.546,550262.444,448672.918,256364.799,2281529.504
2025-09-02 00:00:00,242618.816,780647.688,530508.111,414774.573,226469.974,2195019.162
2025-09-02 01:00:00,205875.735,678603.794,569696.968,352785.355,192924.31900000002,1999886.171
2025-09-02 02:00:00,178324.262,598102.306,534846.191,310061.014,170338.626,1791672.399
2025-09-02 03:00:00,164692.522,539737.54,461070.02999999997,288325.156,158762.71600000001,1612587.9640000002
2025-09-02 04:00:00,158697.32,510620.564,428177.599,278758.04099999997,155114.861,1531368.385
2025-09-02 05:00:00,160160.367,518136.637,427039.387,284833.702,160062.504,1550232.5969999998
2025-09-02 06:00:00,178448.468,586645.283,480640.15,323744.176,184875.704,1754353.781
2025-09-02 07:00:00,231739.372,745845.255,621016.786,418928.967,245202.185,2262732.565
2025-09-02 08:00:00,294435.594,820254.207,684659.965,521963.752,298345.322,2619658.84
2025-09-02 09:00:00,308108.853,684663.113,589766.068,474598.121,269609.61,2326745.765
2025-09-02 10:00:00,307311.671,510145.676,453542.915,408370.05,257221.843,1936592.1549999998
2025-09-02 11:00:00,293619.65,260048.316,322886.43799999997,355685.911,174560.661,1406800.976
2025-09-02 12:00:00,268285.51,198826.557,158153.751,184557.071,121660.126,931483.015
2025-09-02 13:00:00,268420.442,256706.193,75218.216,198019.419,140912.486,939276.756
2025-09-02 14:00:00,292062.815,178811.549,231317.423,325548.536,177119.959,1204860.2820000001
2025-09-02 15:00:00,259464.00900000002,162147.379,192240.952,188225.34,131173.078,933250.7579999999
2025-09-02 16:00:00,251363.277,273354.539,235710.556,215888.805,148298.045,1124615.222
2025-09-02 17:00:00,275235.339,512957.034,448678.199,381839.153,227915.64,1846625.3649999998
2025-09-02 18:00:00,309855.952,775258.5920000001,701241.278,543626.584,301217.156,2631199.562
2025-09-02 19:00:00,345407.69299999997,922204.704,827366.8,638795.757,350440.019,3084214.9729999998
2025-09-02 20:00:00,346260.512,908270.187,806644.014,634156.555,351700.276,3047031.544
2025-09-02 21:00:00,329807.448,848871.758,753042.835,600717.218,333381.356,2865820.615
2025-09-02 22:00:00,298067.116,790896.429,671533.426,537889.743,300593.727,2598980.4409999996
2025-09-02 23:00:00,262215.582,740456.399,561801.811,448388.43200000003,252287.732,2265149.956
2025-09-03 00:00:00,238554.071,760321.856,535557.173,414324.178,223294.611,2172051.889
2025-09-03 01:00:00,202722.714,652469.969,566818.71,351147.9,190694.641,1963853.9340000001
2025-09-03 02:00:00,175308.799,575360.89,527521.642,307353.843,168387.857,1753933.0310000002
2025-09-03 03:00:00,161058.269,515921.609,454836.22,284453.459,156157.864,1572427.421
2025-09-03 04:00:00,154459.314,486979.01800000004,418756.601,273052.564,151846.897,1485094.3939999999
2025-09-03 05:00:00,155917.777,489718.259,409121.227,278495.85599999997,156190.939,1489444.058
2025-09-03 06:00:00,172142.372,548785.756,452482.712,313049.668,178036.13199999998,1664496.6400000001
2025-09-03 07:00:00,222282.495,694327.225,571839.469,401311.293,234394.607,2124155.089
2025-09-03 08:00:00,277803.777,730479.4720000001,610758.5,494866.861,280239.558,2394148.1680000005
2025-09-03 09:00:00,290700.544,517845.74,487340.95399999997,448361.927,247145.483,1991394.648
2025-09-03 10:00:00,265075.888,293229.025,281921.097,293372.46,156654.686,1290253.156
2025-09-03 11:00:00,252515.523,156779.888,131416.082,249226.412,110812.457,900750.362
2025-09-03 12:00:00,258950.441,85941.115,94831.901,229985.736,126460.25,796169.443
2025-09-03 13:00:00,266435.757,35339.591,84682.247,201572.749,142302.754,730333.098
2025-09-03 14:00:00,255112.766,58877.591,161649.254,214803.48,131788.279,822231.37
2025-09-03 15:00:00,240747.035,99735.956,182852.069,200683.981,104519.798,828538.839
2025-09-03 16:00:00,241164.521,266700.265,300184.423,282557.735,143742.408,1234349.352
2025-09-03 17:00:00,262458.051,519732.829,497994.402,400494.079,212553.178,1893232.539
2025-09-03 18:00:00,293104.942,755049.813,683701.961,525898.717,279601.769,2537357.2019999996
2025-09-03 19:00:00,320601.987,880457.468,767746.572,602638.503,321673.108,2893117.6380000003
2025-09-03 20:00:00,322018.548,864419.625,737374.941,600862.021,321940.658,2846615.7929999996
2025-09-03 21:00:00,312419.352,814334.491,696823.181,579728.933,310353.562,2713659.519
2025-09-03 22:00:00,286273.22599999997,761142.029,635331.916,525333.223,285141.526,2493221.92
2025-09-03 23:00:00,254622.865,721752.02,536742.032,440778.699,240624.839,2194520.455
2025-09-04 00:00:00,233208.342,743638.378,517543.985,408630.887,214834.69,2117856.2819999997
2025-09-04 01:00:00,197253.574,636916.702,549866.927,347681.605,182389.198,1914108.0060000003
2025-09-04 02:00:00,171322.953,558713.527,513302.483,307099.154,160833.334,1711271.4510000001
2025-09-04 03:00:00,158663.164,504576.939,443720.483,286598.191,151247.097,1544805.874
2025-09-04 04:00:00,152889.649,479267.921,410670.86699999997,277290.381,147790.506,1467909.324
2025-09-04 05:00:00,154054.449,493833.195,406539.108,283269.81799999997,151883.212,1489579.782
2025-09-04 06:00:00,169886.801,557302.576,454856.91099999996,320839.893,174666.666,1677552.8469999998
2025-09-04 07:00:00,219403.79499999998,707954.064,584863.911,413236.843,229558.706,2155017.319
2025-09-04 08:00:00,274984.778,765046.336,657981.405,524516.874,276867.02,2499396.413
2025-09-04 09:00:00,281840.977,565668.84,531174.613,451986.456,230015.723,2060686.609
2025-09-04 10:00:00,287778.59,383588.293,372200.636,388305.019,166501.767,1598374.305
2025-09-04 11:00:00,277635.819,246203.29200000002,314490.513,307919.179,151075.425,1297324.2280000001
2025-09-04 12:00:00,273178.249,234264.112,288607.678,349532.025,152049.292,1297631.356
2025-09-04 13:00:00,296204.58,207280.596,315731.079,342490.343,154635.01,1316341.608
2025-09-04 14:00:00,287409.834,177657.477,252488.235,301097.135,136248.156,1154900.837
2025-09-04 15:00:00,289638.851,190653.518,317087.677,345637.953,143340.535,1286358.534
2025-09-04 16:00:00,290427.721,299709.00800000003,377911.146,328723.31,213347.76499999998,1510118.95
2025-09-04 17:00:00,292267.332,475649.225,545207.293,439970.025,244249.721,1997343.596
2025-09-04 18:00:00,320881.261,765013.737,769866.8910000001,603957.094,308973.082,2768692.065
2025-09-04 19:00:00,362896.451,973192.63,900781.689,720163.151,376759.987,3333793.9080000003
2025-09-04 20:00:00,370857.442,990358.809,893897.563,734619.054,389737.76,3379470.6279999996
2025-09-04 21:00:00,357977.469,951504.16,851540.206,708537.925,379899.027,3249458.7869999995
2025-09-04 22:00:00,329627.808,901206.73,779353.885,648416.759,349937.341,3008542.523
2025-09-04 23:00:00,293525.302,846957.84,660979.612,545599.855,297244.071,2644306.68
2025-09-05 00:00:00,264530.955,857020.033,616551.499,487495.958,259806.805,2485405.25
2025-09-05 01:00:00,223992.069,740713.4890000001,640024.861,410189.871,219353.286,2234273.576
2025-09-05 02:00:00,193401.187,652298.841,596470.617,358515.817,193397.627,1994084.089
2025-09-05 03:00:00,178990.36000000002,592979.162,520040.067,333854.355,181700.823,1807564.767
2025-09-05 04:00:00,172381.913,569077.525,484324.027,324702.68200000003,177876.274,1728362.421
2025-09-05 05:00:00,174622.588,579238.995,484603.822,333153.617,183741.084,1755360.106
2025-09-05 06:00:00,193171.823,655165.78,542725.084,379730.06299999997,211448.829,1982241.579
2025-09-05 07:00:00,248724.334,834105.132,698359.086,490155.087,277824.1,2549167.739
2025-09-05 08:00:00,311727.581,869191.184,737093.028,606943.26,330527.806,2855482.859
2025-09-05 09:00:00,323629.877,651234.252,543891.464,506510.761,281356.409,2306622.763
2025-09-05 10:00:00,306589.971,370115.96,294052.192,357411.909,203102.352,1531272.384
2025-09-05 11:00:00,283589.265,143485.81,101526.503,234949.54,139845.494,903396.612
2025-09-05 12:00:00,264039.108,15652.934,-20809.317000000003,157436.834,89676.798,505996.3570000001
2025-09-05 13:00:00,247257.003,-83220.76699999999,-85626.94099999999,113659.03,55842.898,247911.223
2025-09-05 14:00:00,238594.977,-92469.728,-97336.192,85228.436,48179.942,182197.43500000003
2025-09-05 15:00:00,234781.455,-45422.724,-40630.86,100991.35399999999,61640.308000000005,311359.533
2025-09-05 16:00:00,239717.244,116247.044,96127.674,179559.38,103299.556,734950.898
2025-09-05 17:00:00,263381.74,389528.152,343328.648,324781.342,177103.813,1498123.695
2025-09-05 18:00:00,301969.364,721519.792,634015.864,502765.661,281476.001,2441746.682
2025-09-05 19:00:00,338797.971,920585.591,805398.053,637915.021,349636.453,3052333.0889999997
2025-09-05 20:00:00,342599.194,948299.758,820387.271,661318.816,362369.267,3134974.306
2025-09-05 21:00:00,332963.812,921525.449,799163.52,648115.5160000001,355923.13,3057691.427
2025-09-05 22:00:00,314077.931,892290.939,758462.531,612111.9450000001,337501.036,2914444.3819999998
2025-09-05 23:00:00,290231.316,860580.4890000001,665123.6799999999,535929.164,299024.047,2650888.6960000005
2025-09-06 00:00:00,271265.059,874806.763,629580.132,496810.598,270731.676,2543194.228
2025-09-06 01:00:00,232855.579,761812.697,652917.01,423705.007,231196.907,2302487.2
2025-09-06 02:00:00,202374.078,674224.647,605797.936,371960.212,203616.293,2057973.166
2025-09-06 03:00:00,184844.064,610277.446,528151.749,344410.399,188306.124,1855989.782
2025-09-06 04:00:00,177027.886,578718.6950000001,490941.113,333190.779,182780.932,1762659.4049999998
2025-09-06 05:00:00,176059.588,576252.319,480310.64,336339.162,184745.086,1753706.7950000004
2025-09-06 06:00:00,184497.483,615437.69,509868.433,360527.524,199032.272,1869363.4019999998
2025-09-06 07:00:00,210389.653,713860.97,602729.036,423694.225,234042.59,2184716.4739999995
2025-09-06 08:00:00,242605.953,716077.337,612907.053,498058.793,259882.52000000002,2329531.656
2025-09-06 09:00:00,260470.97999999998,584546.329,485439.701,457839.309,240507.684,2028804.003
2025-09-06 10:00:00,250728.501,336934.719,262709.918,321898.737,177946.526,1350218.401
2025-09-06 11:00:00,231498.856,107880.011,64194.733,214744.054,103392.113,721709.767
2025-09-06 12:00:00,208423.324,-19575.102,-78413.334,115607.607,53189.979,279232.47400000005
2025-09-06 13:00:00,191523.453,-79519.957,-153695.567,52625.375,23960.972999999998,34894.277
2025-09-06 14:00:00,183548.071,-46238.493,-149112.80299999999,37675.131,20135.266,46007.17199999999
2025-09-06 15:00:00,186057.779,44597.188,-80306.28600000001,74747.28,37701.878,262797.8389999999
2025-09-06 16:00:00,198859.936,182798.679,91016.902,168213.23,98861.814,739750.561
2025-09-06 17:00:00,214914.579,422184.681,319158.242,288361.035,166840.123,1411458.66
2025-09-06 18:00:00,243476.333,657560.965,547739.226,419121.011,231769.618,2099667.153
2025-09-06 19:00:00,271180.584,766476.613,657682.312,487812.99,268404.786,2451557.2849999997
2025-09-06 20:00:00,271425.759,749682.0700000001,650057.25,486581.04,269753.635,2427499.7539999997
2025-09-06 21:00:00,260639.957,707338.745,616920.259,465301.298,259751.359,2309951.6180000002
2025-09-06 22:00:00,245317.181,680863.484,577584.71,434440.011,243923.701,2182129.087
2025-09-06 23:00:00,232479.233,676026.425,514507.472,386122.313,219519.037,2028654.4800000002
2025-09-07 00:00:00,224758.207,712173.092,507545.202,377550.11,206918.157,2028944.7680000002
2025-09-07 01:00:00,193629.446,604760.198,536208.177,324609.20399999997,178519.101,1837726.126
2025-09-07 02:00:00,166596.418,519746.825,491856.931,280469.197,155199.867,1613869.238
2025-09-07 03:00:00,150074.164,460656.445,418301.766,254063.12900000002,140938.39,1424033.8939999999
2025-09-07 04:00:00,141548.515,425175.657,374582.81,239749.044,133264.948,1314320.9740000002
2025-09-07 05:00:00,138239.245,413322.426,356958.713,234170.065,130945.553,1273636.002
2025-09-07 06:00:00,140233.668,425208.005,360897.38,239326.832,133627.935,1299293.8199999998
2025-09-07 07:00:00,150374.014,470861.40499999997,399099.665,256346.46899999998,144465.865,1421147.418
2025-09-07 08:00:00,164736.19,495018.179,386691.004,289443.181,156491.851,1492380.405
2025-09-07 09:00:00,185229.929,524245.767,350122.647,323136.616,163183.779,1545918.738
2025-09-07 10:00:00,202453.339,581394.733,276558.952,323269.85,148386.404,1532063.2780000002
2025-09-07 11:00:00,220912.797,611746.249,340674.727,377000.716,186830.511,1737165.0
2025-09-07 12:00:00,235579.542,575533.273,404056.967,408038.849,204490.048,1827698.679
2025-09-07 13:00:00,243378.432,461635.466,451069.555,422113.881,213317.974,1791515.308
2025-09-07 14:00:00,217190.586,266082.869,352239.055,264320.953,122095.43,1221928.893
2025-09-07 15:00:00,221603.45799999998,213613.15,332148.494,278360.052,126001.117,1171726.2710000002
2025-09-07 16:00:00,194578.018,275619.352,257585.03999999998,185028.139,100427.683,1013238.2319999998
2025-09-07 17:00:00,206069.072,433448.868,402006.559,307067.324,158538.096,1507129.9189999998
2025-09-07 18:00:00,236202.9,667806.082,590195.43,432646.51,236990.465,2163841.387
2025-09-07 19:00:00,267601.21,771031.57,652750.334,493481.373,275799.46,2460663.9469999997
2025-09-07 20:00:00,264422.82,746763.417,621737.216,480169.855,272812.755,2385906.063
2025-09-07 21:00:00,251474.642,694109.736,583132.101,454196.975,260809.923,2243723.3770000003
2025-09-07 22:00:00,232257.459,650183.912,533472.589,414005.119,238143.008,2068062.0869999998
2025-09-07 23:00:00,213804.948,629160.69,457889.289,355614.816,205401.343,1861871.0859999997
2025-09-08 00:00:00,204458.623,670108.441,455664.304,347067.24,189384.749,1866683.357
2025-09-08 01:00:00,175540.076,572473.206,496146.724,297916.35,162253.431,1704329.787
2025-09-08 02:00:00,151882.432,490989.137,459234.71,260127.113,143397.399,1505630.791
2025-09-08 03:00:00,139823.304,440346.558,389498.939,240986.285,133815.566,1344470.6520000002
2025-09-08 04:00:00,134695.708,420742.086,351471.249,232461.695,130953.051,1270323.789
2025-09-08 05:00:00,135448.44,427944.558,342715.856,236185.74,133957.021,1276251.615
2025-09-08 06:00:00,148587.514,480217.8,378896.607,263310.768,151629.187,1422641.876
2025-09-08 07:00:00,186319.72999999998,603077.903,466966.26800000004,325333.505,192328.722,1774026.128
2025-09-08 08:00:00,224500.46899999998,588785.009,437840.66599999997,374159.408,207475.246,1832760.798
2025-09-08 09:00:00,228171.909,420410.119,264026.854,287512.836,157187.998,1357309.716
2025-09-08 10:00:00,216606.335,255374.694,73774.679,202459.073,95255.04000000001,843469.821
2025-09-08 11:00:00,204656.114,203854.11500000002,-10613.724,180580.429,56473.368,634950.302
2025-09-08 12:00:00,214186.217,144192.528,-17216.516,207465.578,93042.822,641670.6290000001
2025-09-08 13:00:00,215342.318,56911.639,-60441.748999999996,187672.872,54440.811,453925.891
2025-09-08 14:00:00,199465.456,20814.19,-83358.443,186347.955,43698.977,366968.13500000007
2025-09-08 15:00:00,208257.876,54162.539000000004,47386.252,195936.15399999998,96670.933,602413.754
2025-09-08 16:00:00,221989.12,172940.485,183485.816,247707.867,133874.151,959997.439
2025-09-08 17:00:00,229668.912,343936.597,333641.099,340257.878,155266.571,1402771.057
2025-09-08 18:00:00,247391.635,607867.111,549426.089,454356.141,225204.799,2084245.7750000004
2025-09-08 19:00:00,275953.594,771666.786,658631.274,527360.189,275982.502,2509594.3449999997
2025-09-08 20:00:00,275126.712,766318.433,637136.723,518364.086,279094.223,2476040.177
2025-09-08 21:00:00,258368.797,726785.179,594276.345,488012.945,264813.564,2332256.83
2025-09-08 22:00:00,236672.77,684289.843,541642.531,443952.412,241509.845,2148067.401
2025-09-08 23:00:00,215998.649,659514.903,464173.505,375296.724,205988.292,1920972.0729999999
2025-09-09 00:00:00,204808.518,701522.284,464348.046,361532.079,191115.132,1923326.0590000001
2025-09-09 01:00:00,174626.65,597202.422,509597.58,310429.361,164697.39299999998,1756553.406
2025-09-09 02:00:00,151867.061,516932.222,476408.663,273747.135,147036.727,1565991.808
2025-09-09 03:00:00,141328.296,465405.909,408605.004,254746.064,138119.697,1408204.97
2025-09-09 04:00:00,136520.316,445811.386,376169.862,246186.757,134957.894,1339646.215
2025-09-09 05:00:00,137240.343,448131.729,373683.743,250756.437,138762.66,1348574.9119999998
2025-09-09 06:00:00,151172.265,502730.015,416808.506,282368.502,158542.791,1511622.079
2025-09-09 07:00:00,193621.712,637880.407,523739.895,357806.347,203344.713,1916393.074
2025-09-09 08:00:00,239893.70799999998,648425.884,521014.618,423434.473,233269.877,2066038.56
2025-09-09 09:00:00,258703.775,503087.408,410160.69,396512.04000000004,209196.579,1777660.4919999999
2025-09-09 10:00:00,267178.692,308974.5,296079.78500000003,309195.997,200925.672,1382354.646
2025-09-09 11:00:00,262896.603,156047.478,189123.987,257263.866,166657.42,1031989.354
2025-09-09 12:00:00,248755.651,22279.427,104093.501,188983.41700000002,127447.799,691559.795
2025-09-09 13:00:00,242502.344,-23301.892,4863.731,118198.027,77444.09,419706.30000000005
2025-09-09 14:00:00,231547.587,-31865.767,-17831.895,92334.397,79017.803,353202.125
2025-09-09 15:00:00,224974.872,19189.475,-16594.621,82390.833,106203.624,416164.183
2025-09-09 16:00:00,237233.312,135742.067,93307.189,148829.722,141665.505,756777.795
2025-09-09 17:00:00,249699.326,356739.01,320083.38300000003,278812.91,202529.888,1407864.5170000002
2025-09-09 18:00:00,278290.064,641249.238,589727.127,451055.839,272641.072,2232963.3400000003
2025-09-09 19:00:00,316950.901,825562.972,745157.121,588568.425,329093.063,2805332.482
2025-09-09 20:00:00,322575.236,839717.759,745411.106,605204.347,339196.921,2852105.369
2025-09-09 21:00:00,306874.02,799176.729,705721.471,582632.944,323302.338,2717707.502
2025-09-09 22:00:00,278189.064,750843.03,637490.844,527580.447,290860.442,2484963.827
2025-09-09 23:00:00,246687.27000000002,709239.131,538021.971,440696.99100000004,241847.369,2176492.732
2025-09-10 00:00:00,227252.617,739706.492,522117.56200000003,409036.627,215922.908,2114036.206
2025-09-10 01:00:00,192375.16,635983.98,560566.621,350809.181,183697.501,1923432.443
2025-09-10 02:00:00,168446.201,556062.596,525499.381,311322.437,164164.33000000002,1725494.945
2025-09-10 03:00:00,155523.884,499216.089,454706.213,290259.415,154377.805,1554083.406
2025-09-10 04:00:00,150563.119,474293.217,424732.739,280799.72,151445.986,1481834.781
2025-09-10 05:00:00,151969.444,482561.371,421822.45900000003,287058.114,156000.185,1499411.573
2025-09-10 06:00:00,168002.345,551034.663,472435.62899999996,327281.343,179887.397,1698641.3769999999
2025-09-10 07:00:00,216558.366,701203.81,603927.644,421264.021,236015.463,2178969.304
2025-09-10 08:00:00,274988.131,776469.975,638450.361,502421.674,295354.388,2487684.5289999996
2025-09-10 09:00:00,282384.47,688918.229,537906.968,408057.30199999997,282331.919,2199598.8880000003
2025-09-10 10:00:00,287267.104,515585.257,374925.637,359072.418,241570.706,1778421.1220000002
2025-09-10 11:00:00,289015.409,376205.17,323650.442,347958.679,226979.082,1563808.782
2025-09-10 12:00:00,286201.251,397637.329,362699.054,311796.017,219664.304,1577997.955
2025-09-10 13:00:00,297682.141,394836.343,390432.719,357984.893,235885.283,1676821.379
2025-09-10 14:00:00,303832.025,397036.323,408662.548,351674.922,257553.841,1718759.659
2025-09-10 15:00:00,298178.376,421702.575,440404.04,346045.478,249967.874,1756298.343
2025-09-10 16:00:00,297728.931,517056.221,500612.002,413341.598,259644.606,1988383.3579999998
2025-09-10 17:00:00,309351.567,708892.004,663333.951,517874.801,302441.677,2501894.0
2025-09-10 18:00:00,344908.159,922896.272,831783.711,648306.303,371906.041,3119800.486
2025-09-10 19:00:00,373281.44,1050343.059,919290.6,733695.425,412859.091,3489469.6149999998
2025-09-10 20:00:00,368894.83,1027951.799,881514.305,718479.284,408432.066,3405272.284
2025-09-10 21:00:00,349130.019,958049.084,812628.642,671912.181,381707.9,3173427.826
2025-09-10 22:00:00,313831.341,870523.902,721156.845,597404.698,339291.063,2842207.8490000004
2025-09-10 23:00:00,274598.843,797683.288,600534.992,489274.18200000003,279324.298,2441415.603
2025-09-11 00:00:00,246208.326,814081.4720000001,568328.917,443875.96,242159.504,2314654.179
2025-09-11 01:00:00,208440.509,703829.348,598395.926,375996.82899999997,203177.136,2089839.748
2025-09-11 02:00:00,180395.95,610062.853,558780.331,328973.421,177686.467,1855899.0219999999
2025-09-11 03:00:00,165299.577,545642.67,485451.88800000004,304487.5,164803.48,1665685.115
2025-09-11 04:00:00,159202.058,517964.269,446884.098,293434.366,159945.483,1577430.274
2025-09-11 05:00:00,160515.506,521071.002,437907.078,297920.286,163562.674,1580976.546
2025-09-11 06:00:00,176509.014,580280.435,489594.139,339138.949,187049.001,1772571.538
2025-09-11 07:00:00,226984.41999999998,723634.352,621365.922,432721.571,245831.087,2250537.352
2025-09-11 08:00:00,279514.425,725876.541,635037.668,518636.051,290384.254,2449448.9390000002
2025-09-11 09:00:00,288028.672,582570.862,501963.296,471594.95900000003,255282.30800000002,2099440.097
2025-09-11 10:00:00,288484.453,417243.79,376853.907,365809.506,243302.82200000001,1691694.478
2025-09-11 11:00:00,280912.55,273766.841,224476.92799999999,298427.204,190224.477,1267808.0
2025-09-11 12:00:00,274316.573,171472.847,171736.325,261429.278,195966.296,1074921.3190000001
2025-09-11 13:00:00,261701.854,110634.98700000001,128624.262,184000.638,148805.742,833767.483
2025-09-11 14:00:00,242396.963,116593.792,86646.696,146701.168,130920.1,723258.7189999999
2025-09-11 15:00:00,227391.753,211140.264,55605.16,106123.807,101720.229,701981.2130000001
2025-09-11 16:00:00,257979.762,339793.162,179688.986,255467.754,190063.563,1222993.227
2025-09-11 17:00:00,288225.727,509806.681,449166.107,400209.83400000003,268406.806,1915815.1550000003
2025-09-11 18:00:00,310931.753,749725.465,660919.162,516840.979,323535.039,2561952.398
2025-09-11 19:00:00,339302.591,927417.787,805605.268,631805.603,363294.667,3067425.916
2025-09-11 20:00:00,342576.462,935772.602,802069.914,642118.431,367098.981,3089636.39
2025-09-11 21:00:00,329110.479,892081.982,755280.792,613877.477,351275.138,2941625.868
2025-09-11 22:00:00,300300.961,828252.1259999999,677698.995,555876.78,318537.045,2680665.9069999997
2025-09-11 23:00:00,266463.73,772654.098,570156.775,466784.233,266870.937,2342929.773
2025-09-12 00:00:00,244790.046,796274.581,543466.11,431742.675,237167.678,2253441.09
2025-09-12 01:00:00,207830.896,690235.601,577183.477,366017.246,202077.994,2043345.214
2025-09-12 02:00:00,180344.939,605530.112,537746.283,321319.089,177961.687,1822902.1099999999
2025-09-12 03:00:00,165903.08,548275.064,465606.879,298354.331,167341.588,1645480.942
2025-09-12 04:00:00,160612.278,521288.105,428267.69,288713.986,164108.477,1562990.5359999998
2025-09-12 05:00:00,162454.384,528542.558,426489.237,295521.401,169813.279,1582820.859
2025-09-12 06:00:00,178484.148,597652.405,476864.497,332176.528,195253.874,1780431.452
2025-09-12 07:00:00,227056.445,747204.3319999999,607191.816,422025.112,252857.964,2256335.669
2025-09-12 08:00:00,279814.535,742541.621,624366.033,510408.026,289040.074,2446170.289
2025-09-12 09:00:00,300156.706,579312.188,499047.065,476829.95800000004,271809.795,2127155.712
2025-09-12 10:00:00,289679.971,348070.73099999997,355672.748,375839.841,211188.613,1580451.904
2025-09-12 11:00:00,273816.202,224050.546,240672.027,242997.884,201285.361,1182822.02
2025-09-12 12:00:00,272955.86,199585.636,177874.164,195152.603,191532.588,1037100.8509999999
2025-09-12 13:00:00,260565.09100000001,142470.76,127794.898,136034.59,141760.439,808625.778
2025-09-12 14:00:00,257602.043,168457.522,166720.053,124895.077,164904.109,882578.804
2025-09-12 15:00:00,257600.06900000002,249728.059,218332.718,208929.831,187060.316,1121650.993
2025-09-12 16:00:00,256600.764,346144.598,315340.162,281732.136,197231.937,1397049.5969999998
2025-09-12 17:00:00,267262.365,505686.538,477748.512,354738.53599999996,230055.536,1835491.487
2025-09-12 18:00:00,290686.087,704495.195,634458.476,472404.129,287566.444,2389610.3310000002
2025-09-12 19:00:00,311424.766,845042.93,744967.22,562293.683,324693.579,2788422.178
2025-09-12 20:00:00,310681.268,847822.875,737638.624,570435.65,325887.417,2792465.834
2025-09-12 21:00:00,297177.173,808091.596,700117.447,548082.655,314373.451,2667842.322
2025-09-12 22:00:00,276441.379,776329.438,650879.587,509951.41,291894.17699999997,2505495.9910000004
2025-09-12 23:00:00,255736.474,751002.502,565545.299,446181.362,254269.285,2272734.9220000003
2025-09-13 00:00:00,242085.817,779549.639,545382.078,422083.602,232190.737,2221291.873
2025-09-13 01:00:00,205486.687,661429.445,570108.669,357894.941,197066.36,1991986.102
2025-09-13 02:00:00,176477.524,569110.274,520959.527,309776.226,171372.192,1747695.743
2025-09-13 03:00:00,160644.252,504270.37,439392.506,282453.16,156416.378,1543176.666
2025-09-13 04:00:00,152210.805,472141.98099999997,398957.853,268608.701,149237.119,1441156.4589999998
2025-09-13 05:00:00,149864.136,467153.348,384231.199,265522.273,148062.162,1414833.118
2025-09-13 06:00:00,155011.96,497551.416,402526.528,278130.552,156909.226,1490129.682
2025-09-13 07:00:00,172805.111,574952.698,462034.824,314513.77,178935.294,1703241.697
2025-09-13 08:00:00,192682.198,546564.388,453725.444,356212.443,196064.718,1745249.191
2025-09-13 09:00:00,214648.72999999998,426920.478,382865.34,366965.075,190272.005,1581671.628
2025-09-13 10:00:00,207269.952,244439.277,267641.148,299291.587,123912.671,1142554.635
2025-09-13 11:00:00,209354.67,157507.455,211714.633,253652.014,95152.9,927381.672
2025-09-13 12:00:00,228163.882,140881.789,209429.215,236384.072,128882.261,943741.219
2025-09-13 13:00:00,216138.99599999998,99516.618,171641.892,237952.963,109111.69,834362.159
2025-09-13 14:00:00,196655.131,77311.663,112082.87299999999,161502.125,111153.18,658704.9720000001
2025-09-13 15:00:00,209204.727,135201.82,168518.325,176487.349,167562.395,856974.616
2025-09-13 16:00:00,233777.43600000002,231413.089,282860.348,299738.337,194874.925,1242664.135
2025-09-13 17:00:00,240072.688,416501.559,422294.774,373626.322,210568.395,1663063.738
2025-09-13 18:00:00,259447.24300000002,633848.045,588739.897,462071.139,250599.827,2194706.151
2025-09-13 19:00:00,279630.571,753230.57,677274.21,520702.09,280069.555,2510906.996
2025-09-13 20:00:00,276176.892,756731.769,667141.143,515119.161,280237.232,2495406.1969999997
2025-09-13 21:00:00,265009.854,722303.43,636012.94,495792.514,270463.659,2389582.397
2025-09-13 22:00:00,249201.325,703263.12,601885.498,464740.697,256677.725,2275768.365
2025-09-13 23:00:00,235547.103,701313.674,535485.869,411821.43,231293.354,2115461.4299999997
2025-09-14 00:00:00,228145.896,743666.326,529581.078,402786.599,219106.778,2123286.677
2025-09-14 01:00:00,198257.258,635329.214,562431.162,348909.794,190447.087,1935374.5150000001
2025-09-14 02:00:00,172661.134,551068.315,517639.261,304608.522,167565.873,1713543.1049999997
2025-09-14 03:00:00,157226.111,494930.444,439817.816,277884.357,153689.581,1523548.3090000001
2025-09-14 04:00:00,150071.126,468612.185,399184.934,265375.943,147709.229,1430953.4170000001
2025-09-14 05:00:00,148020.238,466291.567,380632.117,263010.977,146565.798,1404520.697
2025-09-14 06:00:00,152030.016,494142.378,396248.105,274371.819,154265.245,1471057.563
2025-09-14 07:00:00,165805.227,559787.715,446695.222,304425.713,170756.478,1647470.355
2025-09-14 08:00:00,176509.472,501978.537,401873.24199999997,309795.63,164370.41,1554527.291
2025-09-14 09:00:00,179740.124,328327.51,276223.397,246296.348,125733.038,1156320.4170000001
2025-09-14 10:00:00,174508.085,122126.728,98706.299,147583.613,71843.066,614767.791
2025-09-14 11:00:00,167730.833,-61608.947,-45407.425,59721.97,25612.125,146048.55600000004
2025-09-14 12:00:00,165638.363,-140451.4,-125885.49100000001,25513.804,-1783.0919999999999,-76967.81599999999
2025-09-14 13:00:00,159988.663,-164761.054,-144916.797,31789.851000000002,-4705.597,-122604.934
2025-09-14 14:00:00,157318.502,-166674.03100000002,-97056.752,32371.359,16717.807,-57323.115000000005
2025-09-14 15:00:00,159798.477,-119315.50600000001,-58620.142,40552.695,22396.552,44812.076
2025-09-14 16:00:00,168645.832,23344.552,59835.057,114526.87700000001,58792.628,425144.946
2025-09-14 17:00:00,187836.111,253427.247,268270.526,243204.873,123285.033,1076023.79
2025-09-14 18:00:00,220289.549,547036.363,512384.762,379012.91,204967.324,1863690.9079999998
2025-09-14 19:00:00,254084.51499999998,721479.828,637767.838,471608.544,253913.771,2338854.4960000003
2025-09-14 20:00:00,260304.372,735884.456,638411.082,478700.29099999997,261537.395,2374837.596
2025-09-14 21:00:00,248816.63199999998,701084.471,598944.965,454479.321,251653.27300000002,2254978.662
2025-09-14 22:00:00,230620.103,663651.536,551464.715,418740.652,234077.084,2098554.09
2025-09-14 23:00:00,212979.885,650632.181,476739.76300000004,362575.895,203777.796,1906705.5200000003
2025-09-15 00:00:00,204418.471,691304.044,475575.831,350054.603,189137.288,1910490.237
2025-09-15 01:00:00,175377.074,595081.643,516703.796,301023.727,163635.298,1751821.5380000002
2025-09-15 02:00:00,152251.541,514400.39300000004,483094.072,264895.26900000003,145237.186,1559878.461
2025-09-15 03:00:00,139630.691,460448.75,415073.878,244861.87,134820.068,1394835.257
2025-09-15 04:00:00,133982.285,438460.742,379559.916,234820.472,130970.785,1317794.2
2025-09-15 05:00:00,134598.821,442026.164,365075.745,236909.206,133187.29200000002,1311797.2280000001
2025-09-15 06:00:00,146535.439,492065.458,397617.31200000003,262564.881,149778.759,1448561.849
2025-09-15 07:00:00,182243.347,598177.372,473091.287,315964.059,185390.578,1754866.643
2025-09-15 08:00:00,213084.33299999998,551548.21,400571.898,327089.752,189372.387,1681666.58
2025-09-15 09:00:00,224683.103,377701.43,226395.497,233100.09600000002,170932.234,1232812.36
2025-09-15 10:00:00,218524.366,157681.745,28338.571,150050.431,104102.744,658697.8570000001
2025-09-15 11:00:00,215667.696,15385.866000000002,-56342.443,191022.255,73661.195,439394.5690000001
2025-09-15 12:00:00,195312.59100000001,-80656.83,-201052.997,19476.537,22589.906,-44330.79299999999
2025-09-15 13:00:00,211170.079,-144393.012,-252638.853,-21925.425,24667.951,-183119.26
2025-09-15 14:00:00,203065.135,-134707.177,-226814.362,249.04800000000012,-1520.73,-159728.08599999998
2025-09-15 15:00:00,187787.37099999998,-49774.8,-104072.545,96782.729,13103.719000000001,143826.474
2025-09-15 16:00:00,194436.798,83865.769,7093.100000000001,100776.57,58342.931,444515.168
2025-09-15 17:00:00,215846.929,342604.308,251530.332,262497.563,129250.368,1201729.5
2025-09-15 18:00:00,235323.0,557456.837,499231.612,386416.016,202871.664,1881299.1290000002
2025-09-15 19:00:00,254874.99099999998,686643.592,594298.773,450809.833,243115.336,2229742.525
2025-09-15 20:00:00,252654.89800000002,664398.125,569031.697,438619.814,240634.973,2165339.507
2025-09-15 21:00:00,236314.717,603759.234,525234.16,407451.68700000003,225308.749,1998068.5470000005
2025-09-15 22:00:00,215561.739,566387.213,476004.903,368674.896,205240.84100000001,1831869.592
2025-09-15 23:00:00,199295.175,558866.026,412833.873,316692.802,177556.963,1665244.8390000002
2025-09-16 00:00:00,190837.573,615444.762,418850.173,314194.964,167766.007,1707093.4789999998
2025-09-16 01:00:00,162061.567,515683.444,455689.416,268587.145,143747.062,1545768.634
2025-09-16 02:00:00,140702.633,436915.281,416820.171,235142.73,128085.713,1357666.528
2025-09-16 03:00:00,129776.686,389465.051,349424.122,217682.055,119376.315,1205724.2289999998
2025-09-16 04:00:00,125133.62,367382.462,319959.927,210313.998,116246.148,1139036.155
2025-09-16 05:00:00,125292.373,368656.548,313038.597,212742.928,117547.665,1137278.111
2025-09-16 06:00:00,135794.069,410835.632,337307.855,233882.804,130640.813,1248461.173
2025-09-16 07:00:00,168695.131,503850.478,417341.951,285201.074,162207.015,1537295.6490000002
2025-09-16 08:00:00,206691.429,544557.181,457997.54,344164.515,192739.73,1746150.395
2025-09-16 09:00:00,228699.584,526823.235,466299.552,353151.515,200761.551,1775735.437
2025-09-16 10:00:00,244687.532,486308.297,472814.394,372346.082,209735.03,1785891.3350000002
2025-09-16 11:00:00,247168.36,318090.99700000003,426577.958,325301.44,173508.547,1490647.302
2025-09-16 12:00:00,234564.182,170885.203,297977.759,179512.098,119975.817,1002915.0590000001
2025-09-16 13:00:00,239231.3,140248.47999999998,294149.521,172782.271,106433.244,952844.8159999999
2025-09-16 14:00:00,234351.53,205079.137,269954.483,227643.26,95444.694,1032473.104
2025-09-16 15:00:00,230064.358,267807.235,315505.535,266824.80700000003,78423.88399999999,1158625.8190000001
2025-09-16 16:00:00,226320.937,355802.661,377277.018,293028.098,102560.807,1354989.521
2025-09-16 17:00:00,242129.38999999998,546947.459,483572.04,391032.438,160372.465,1824053.7920000001
2025-09-16 18:00:00,281158.196,724057.638,677852.63,503832.001,256865.038,2443765.503
2025-09-16 19:00:00,299872.264,852433.605,758948.848,573815.089,291747.418,2776817.224
2025-09-16 20:00:00,296173.817,848909.463,729927.373,568060.939,295021.71,2738093.302
2025-09-16 21:00:00,277775.601,799084.6190000001,672545.195,532523.452,280327.847,2562256.714
2025-09-16 22:00:00,251593.202,744994.311,603118.831,480796.114,255915.612,2336418.0700000003
2025-09-16 23:00:00,226996.715,708765.741,511380.55700000003,406536.028,219011.901,2072690.942
2025-09-17 00:00:00,212653.934,741922.838,497665.279,385418.458,200509.101,2038169.61
2025-09-17 01:00:00,181489.617,639879.194,539140.362,330143.477,172584.49,1863237.14
2025-09-17 02:00:00,158164.001,557548.059,505693.635,290728.448,153567.475,1665701.6180000002
2025-09-17 03:00:00,146095.006,503894.006,432154.886,269558.61,143736.078,1495438.586
2025-09-17 04:00:00,141149.4,481680.16099999996,398351.49199999997,260473.693,140307.484,1421962.2299999997
2025-09-17 05:00:00,142582.463,485641.249,394822.381,266538.939,144943.365,1434528.397
2025-09-17 06:00:00,157512.34,545347.429,443404.162,302759.248,165720.799,1614743.9780000001
2025-09-17 07:00:00,201428.24,672966.85,554917.122,380923.762,209808.816,2020044.79
2025-09-17 08:00:00,238730.548,614012.281,527807.896,429364.177,220618.322,2030533.224
2025-09-17 09:00:00,242246.715,415908.026,366040.389,338354.197,174202.391,1536751.718
2025-09-17 10:00:00,248660.448,283664.274,237385.73200000002,276075.552,164099.143,1209885.149
2025-09-17 11:00:00,249788.043,174221.255,133300.88,219254.828,141599.27,918164.2760000001
2025-09-17 12:00:00,247265.834,99932.25,47696.069,154890.185,100076.077,649860.415
2025-09-17 13:00:00,224624.324,70955.644,69.76400000000012,120006.893,85881.879,501538.504
2025-09-17 14:00:00,223774.501,127010.581,57838.48,175017.03100000002,79654.357,663294.95
2025-09-17 15:00:00,240546.45,150122.926,96833.753,196649.143,113380.088,797532.3600000001
2025-09-17 16:00:00,236069.64,215073.039,217745.90899999999,223632.18099999998,133706.86000000002,1026227.629
2025-09-17 17:00:00,253933.828,412728.104,421066.953,341448.564,196504.738,1625682.187
2025-09-17 18:00:00,279735.791,680435.6950000001,628680.517,475458.529,265842.444,2330152.9760000003
2025-09-17 19:00:00,307691.405,864180.339,765796.676,591736.642,312127.335,2841532.397
2025-09-17 20:00:00,310931.088,888517.416,758669.282,602640.362,318807.675,2879565.823
2025-09-17 21:00:00,296198.143,854940.103,717803.782,577888.51,305981.631,2752812.169
2025-09-17 22:00:00,272527.157,805837.31,655628.951,528954.276,281608.557,2544556.251
2025-09-17 23:00:00,245715.421,758164.355,555708.901,450820.321,241858.897,2252267.895
2025-09-18 00:00:00,226969.727,783732.182,535666.2609999999,421852.671,218322.63400000002,2186543.475
2025-09-18 01:00:00,194023.695,672316.458,573469.951,361539.055,187451.385,1988800.544
2025-09-18 02:00:00,169366.697,587966.72,536430.666,319961.19299999997,167448.539,1781173.815
2025-09-18 03:00:00,156398.994,531785.483,463572.483,296484.066,157516.253,1605757.279
2025-09-18 04:00:00,152014.291,507443.494,429845.655,288241.68,154541.947,1532087.067
2025-09-18 05:00:00,153933.041,517309.087,429312.546,294695.809,159714.737,1554965.22
2025-09-18 06:00:00,170757.543,583512.172,486469.616,336813.97,184020.78399999999,1761574.085
2025-09-18 07:00:00,217607.669,729236.325,612518.822,425976.13800000004,233427.951,2218766.905
2025-09-18 08:00:00,262826.45,698052.399,576092.296,481740.949,251740.938,2270453.032
2025-09-18 09:00:00,263063.732,454075.996,384128.005,392482.317,190860.527,1684610.5769999998
2025-09-18 10:00:00,240418.93300000002,172603.975,135888.744,244472.99,112593.418,905978.06
2025-09-18 11:00:00,221617.573,-35175.158,-55326.096,113118.78,52648.744,296883.843
2025-09-18 12:00:00,207619.277,-140746.44,-138453.47,32078.972,18604.609,-20897.051999999992
2025-09-18 13:00:00,203393.046,-161769.448,-168891.34,5890.924,21814.789,-99562.029
2025-09-18 14:00:00,210486.87,-148188.8,-144516.474,34352.075,25936.426,-21929.902999999984
2025-09-18 15:00:00,203507.64,-84885.62299999999,-63199.598,101459.24,33601.395000000004,190483.05400000006
2025-09-18 16:00:00,205116.779,51427.734,76836.223,137728.049,68363.157,539471.942
2025-09-18 17:00:00,223240.872,285216.58,264399.703,259657.443,132195.279,1164709.877
2025-09-18 18:00:00,245511.852,536584.3589999999,515185.26300000004,404995.511,207642.302,1909919.2869999998
2025-09-18 19:00:00,271108.286,713504.4720000001,657777.862,496763.403,262573.829,2401727.852
2025-09-18 20:00:00,277298.092,735870.05,662926.937,502828.947,273921.577,2452845.603
2025-09-18 21:00:00,266040.538,709840.526,630282.527,483156.562,265178.987,2354499.14
2025-09-18 22:00:00,246547.575,681404.04,582468.269,446805.542,246334.728,2203560.154
2025-09-18 23:00:00,226807.338,665617.814,503780.498,387908.632,214989.093,1999103.375
2025-09-19 00:00:00,213796.829,705447.671,491684.906,371619.708,198356.188,1980905.3020000001
2025-09-19 01:00:00,181350.209,602173.916,527573.36,317179.571,170834.523,1799111.579
2025-09-19 02:00:00,157528.276,519669.451,490969.479,278404.025,151070.234,1597641.4649999999
2025-09-19 03:00:00,144363.08,466114.577,420709.66,257703.646,140729.925,1429620.888
2025-09-19 04:00:00,139051.103,440761.496,386174.2,249145.937,137628.005,1352760.741
2025-09-19 05:00:00,139266.68,447126.55700000003,376812.325,250670.791,139866.703,1353743.0559999999
2025-09-19 06:00:00,151508.386,501372.607,414366.042,276933.512,157605.317,1501785.864
2025-09-19 07:00:00,188703.638,608089.735,501504.238,338530.893,195605.737,1832434.2410000002
2025-09-19 08:00:00,228976.47100000002,587514.73,498547.832,395085.899,221444.53100000002,1931569.463
2025-09-19 09:00:00,239949.25400000002,460606.948,332834.606,336677.471,166755.282,1536823.5610000002
2025-09-19 10:00:00,231207.25900000002,337157.897,152042.588,210201.119,122297.789,1052906.652
2025-09-19 11:00:00,235691.927,183732.666,79038.876,223333.219,75173.346,796970.0340000001
2025-09-19 12:00:00,233895.449,4614.071,52675.558,237669.12900000002,48698.344,577552.551
2025-09-19 13:00:00,212444.362,-129917.89600000001,-35134.839,132215.364,4712.886,184319.87699999998
2025-09-19 14:00:00,195166.259,-145801.826,-30104.386,18430.439,-4207.549,33482.93699999999
2025-09-19 15:00:00,195550.039,-44156.54,-71475.21,48637.07,30510.471,159065.83
2025-09-19 16:00:00,214126.149,94929.12,142616.318,185149.845,106087.818,742909.2499999999
2025-09-19 17:00:00,220387.391,296762.338,319607.281,269871.192,128676.191,1235304.3930000002
2025-09-19 18:00:00,234862.418,537134.571,478823.957,360651.04000000004,196925.708,1808397.6940000001
2025-09-19 19:00:00,248685.772,693483.635,585290.291,437949.48,235566.478,2200975.656
2025-09-19 20:00:00,248834.951,702902.034,581621.256,446365.046,242715.449,2222438.736
2025-09-19 21:00:00,237731.24599999998,681546.608,558424.78,431622.005,234503.89,2143828.529
2025-09-19 22:00:00,231627.726,679663.004,544057.593,426614.597,231374.598,2113337.518
2025-09-19 23:00:00,225198.051,691574.889,498548.42199999996,392660.525,214644.03,2022625.917
2025-09-20 00:00:00,219610.626,733691.116,499313.86699999997,387486.864,204457.616,2044560.0890000002
2025-09-20 01:00:00,187973.015,625836.1410000001,535046.834,333422.48,177152.093,1859430.563
2025-09-20 02:00:00,163286.321,545621.601,494104.452,292761.479,157127.128,1652900.9810000001
2025-09-20 03:00:00,149172.857,488350.128,422689.9,270934.304,146344.044,1477491.233
2025-09-20 04:00:00,143680.867,464009.725,388049.987,261904.691,142221.277,1399866.547
2025-09-20 05:00:00,142481.438,462192.217,380591.504,262847.96,142663.01200000002,1390776.131
2025-09-20 06:00:00,147888.329,491815.96400000004,403606.026,279731.835,152636.876,1475679.03
2025-09-20 07:00:00,166473.278,563802.388,468283.891,321709.004,174372.258,1694640.819
2025-09-20 08:00:00,185604.726,493352.824,428683.195,342908.767,179255.947,1629805.459
2025-09-20 09:00:00,194522.138,387878.882,332239.61100000003,299480.676,151673.86,1365795.167
2025-09-20 10:00:00,217481.387,305074.283,256733.648,289595.948,174588.763,1243474.029
2025-09-20 11:00:00,212037.758,154512.15899999999,146699.212,188557.952,123450.76,825257.841
2025-09-20 12:00:00,221035.267,111775.698,119919.47099999999,177441.073,112776.809,742948.318
2025-09-20 13:00:00,219161.27000000002,83764.577,82677.54000000001,151859.448,123811.44099999999,661274.2760000001
2025-09-20 14:00:00,214554.935,127695.411,115365.172,187905.513,107643.446,753164.4770000001
2025-09-20 15:00:00,224188.50100000002,233334.244,232615.812,311461.953,150028.22,1151628.73
2025-09-20 16:00:00,230718.926,344336.642,319904.098,328914.015,185183.207,1409056.8879999998
2025-09-20 17:00:00,243962.338,548595.247,472268.26399999997,422790.662,229904.381,1917520.892
2025-09-20 18:00:00,271717.588,732960.108,660067.358,528550.814,280986.8,2474282.6679999996
2025-09-20 19:00:00,285755.355,840388.048,742980.199,579421.1849999999,301276.524,2749821.3109999998
2025-09-20 20:00:00,279013.267,820607.765,711108.029,561833.157,295790.148,2668352.3660000004
2025-09-20 21:00:00,267075.669,781725.5260000001,672800.329,534238.626,282485.824,2538325.974
2025-09-20 22:00:00,250500.488,743621.591,621690.004,492953.658,262983.282,2371749.023
2025-09-20 23:00:00,236094.309,724393.875,547578.337,432343.304,234609.301,2175019.126
2025-09-21 00:00:00,227730.285,754872.96,539757.323,417434.067,219977.12099999998,2159771.7559999996
2025-09-21 01:00:00,196876.168,643898.182,566054.632,355359.974,188422.524,1950611.48
2025-09-21 02:00:00,170068.936,554505.721,519787.86100000003,307539.515,165074.687,1716976.72
2025-09-21 03:00:00,154205.374,492709.271,439647.183,279993.723,151437.695,1517993.246
2025-09-21 04:00:00,146426.634,459518.48,397253.038,264999.608,144606.65899999999,1412804.419
2025-09-21 05:00:00,143828.815,449201.063,378376.81,260938.566,142476.296,1374821.55
2025-09-21 06:00:00,146828.504,467406.422,389772.652,270193.158,147829.023,1422029.759
2025-09-21 07:00:00,159381.227,519200.421,431184.528,296368.651,161153.487,1567288.314
2025-09-21 08:00:00,175120.536,518604.696,414744.809,323277.587,175497.032,1607244.6600000001
2025-09-21 09:00:00,198934.726,523276.136,407059.439,360594.359,190841.985,1680706.645
2025-09-21 10:00:00,224662.83599999998,494508.981,425821.512,413442.58400000003,221282.231,1779718.144
2025-09-21 11:00:00,244566.139,421252.224,416695.9,423993.27999999997,235882.403,1742389.946
2025-09-21 12:00:00,252535.51799999998,366315.513,438944.006,451946.625,213587.893,1723329.555
2025-09-21 13:00:00,247995.905,358029.931,407146.653,425339.274,196873.687,1635385.45
2025-09-21 14:00:00,251485.33299999998,370902.011,433957.593,450783.208,210855.441,1717983.5860000001
2025-09-21 15:00:00,244498.223,358553.08499999996,452912.21499999997,426564.729,223678.86299999998,1706207.1149999998
2025-09-21 16:00:00,247522.928,443637.29099999997,510836.9,460913.072,238296.989,1901207.1800000002
2025-09-21 17:00:00,259549.74,530344.849,613593.048,496089.09,252399.127,2151975.854
2025-09-21 18:00:00,281828.25,724198.463,718478.705,553914.037,296841.252,2575260.707
2025-09-21 19:00:00,306953.861,857621.811,786892.658,622595.831,328332.509,2902396.6700000004
2025-09-21 20:00:00,309230.74199999997,855869.4500000001,760789.356,622425.282,329466.626,2877781.4560000002
2025-09-21 21:00:00,294874.02,800393.141,709840.622,590720.447,315933.948,2711762.178
2025-09-21 22:00:00,268196.7,746911.9569999999,643349.533,534541.244,288902.273,2481901.707
2025-09-21 23:00:00,243699.68,714416.401,549783.883,454804.616,247354.592,2210059.1720000003
2025-09-22 00:00:00,226529.36800000002,742421.202,530888.7390000001,422042.816,222948.349,2144830.474
2025-09-22 01:00:00,193495.259,636199.419,566964.174,359705.449,189857.837,1946222.138
2025-09-22 02:00:00,168522.707,551718.013,528624.039,314807.418,167064.463,1730736.6400000001
2025-09-22 03:00:00,154914.718,496817.576,454093.803,291667.827,155176.335,1552670.259
2025-09-22 04:00:00,149769.806,473965.832,419334.773,282126.54600000003,151521.756,1476718.7130000002
2025-09-22 05:00:00,151980.426,480087.194,415382.838,287273.13300000003,155747.873,1490471.464
2025-09-22 06:00:00,166681.733,542137.692,461299.231,321273.34,177160.712,1668552.7080000003
2025-09-22 07:00:00,211618.516,654210.527,558326.392,400980.0,222627.91700000002,2047763.352
2025-09-22 08:00:00,259794.375,585816.359,533812.678,481470.69299999997,242883.354,2103777.459
2025-09-22 09:00:00,275219.687,450182.0,474812.532,462614.504,207300.594,1870129.3169999998
2025-09-22 10:00:00,305534.317,345582.979,330865.399,388480.07,226347.722,1596810.487
2025-09-22 11:00:00,312579.605,219744.046,281117.451,331330.565,161836.021,1306607.6879999998
2025-09-22 12:00:00,269912.038,140253.798,155556.62900000002,195543.614,142974.757,904240.8359999999
2025-09-22 13:00:00,263197.483,105789.848,150044.779,199249.121,140907.699,859188.93
2025-09-22 14:00:00,253779.429,82519.97099999999,163319.696,235600.788,126048.465,861268.349
2025-09-22 15:00:00,248704.394,98143.129,140148.503,167641.203,115182.97099999999,769820.2000000001
2025-09-22 16:00:00,245103.262,233061.291,230597.82200000001,213430.606,142242.949,1064435.93
2025-09-22 17:00:00,261044.0,455012.211,436631.28500000003,329697.293,224736.365,1707121.1539999999
2025-09-22 18:00:00,295622.58400000003,726285.634,685395.444,511754.543,300675.431,2519733.636
2025-09-22 19:00:00,338519.022,924170.054,854687.525,659897.689,360703.94299999997,3137978.233
2025-09-22 20:00:00,344599.344,936795.872,844774.623,672495.674,366371.38,3165036.893
2025-09-22 21:00:00,326669.142,883244.327,784864.8539999999,638347.655,349266.209,2982392.187
2025-09-22 22:00:00,297092.021,824055.035,706875.791,574551.051,317263.566,2719837.464
2025-09-22 23:00:00,263824.233,780188.408,596292.556,484588.897,266437.118,2391331.2120000003
2025-09-23 00:00:00,239838.787,788921.534,556115.906,438217.223,232364.999,2255458.449
2025-09-23 01:00:00,201823.601,671026.815,584311.387,366779.934,196681.687,2020623.424
2025-09-23 02:00:00,175255.305,583025.381,539070.821,319128.496,173823.123,1790303.126
2025-09-23 03:00:00,161374.866,522575.411,463269.227,294795.246,163795.982,1605810.732
2025-09-23 04:00:00,154735.415,490461.482,422111.201,283161.963,158450.392,1508920.453
2025-09-23 05:00:00,155824.007,493071.101,417496.555,286407.646,161199.479,1513998.788
2025-09-23 06:00:00,170607.203,547412.411,464466.787,320261.369,181657.475,1684405.245
2025-09-23 07:00:00,212351.299,648404.79,562359.612,389200.913,221528.581,2033845.195
2025-09-23 08:00:00,253958.74800000002,572990.034,524721.6410000001,431846.153,234929.791,2018446.367
2025-09-23 09:00:00,261021.753,419875.797,395529.022,353751.664,181019.19700000001,1611197.433
2025-09-23 10:00:00,253761.757,296548.579,259162.465,254574.731,162855.792,1226903.324
2025-09-23 11:00:00,253692.019,221511.518,199785.63,178712.955,135240.677,988942.799
2025-09-23 12:00:00,254719.587,179553.405,150494.539,223366.193,118669.632,926803.3559999999
2025-09-23 13:00:00,258983.511,152039.433,135427.719,246997.841,135805.812,929254.3160000001
2025-09-23 14:00:00,250047.99,120602.243,122940.395,229930.593,115437.592,838958.8130000001
2025-09-23 15:00:00,241644.59,131744.113,144357.357,221798.618,126653.283,866197.9609999999
2025-09-23 16:00:00,242817.742,244330.574,228266.914,251948.772,137083.918,1104447.92
2025-09-23 17:00:00,240941.897,438250.533,373218.246,330675.69299999997,156766.515,1539852.884
2025-09-23 18:00:00,273433.206,688424.746,592929.503,482802.469,237380.68,2274970.6040000003
2025-09-23 19:00:00,306309.206,837695.413,740397.088,578691.431,295080.708,2758173.846
2025-09-23 20:00:00,306175.935,836186.933,730212.888,570892.9890000001,298112.575,2741581.3200000003
2025-09-23 21:00:00,288963.429,784593.455,688084.424,536211.079,284824.299,2582676.686
2025-09-23 22:00:00,262065.213,735949.965,614427.642,483711.234,261985.863,2358139.917
2025-09-23 23:00:00,235737.85,699539.262,514175.181,408429.143,223308.645,2081190.0809999998
2025-09-24 00:00:00,218986.492,734468.231,516246.29099999997,386777.725,202133.761,2058612.4999999998
2025-09-24 01:00:00,185465.086,626708.668,545340.092,329736.606,171934.788,1859185.2399999998
2025-09-24 02:00:00,160698.13700000002,542567.504,503793.881,289129.05700000003,151652.34,1647840.919
2025-09-24 03:00:00,148264.797,485413.995,430814.91599999997,266378.558,141753.879,1472626.145
2025-09-24 04:00:00,142731.603,458938.38300000003,395414.67100000003,256682.365,137530.493,1391297.5150000001
2025-09-24 05:00:00,143497.694,458122.798,389805.487,260442.401,140415.154,1392283.534
2025-09-24 06:00:00,156735.502,509034.942,428796.205,289764.87799999997,157587.401,1541918.928
2025-09-24 07:00:00,195072.105,602305.376,515952.195,352813.02,190992.449,1857135.1450000003
2025-09-24 08:00:00,235095.70500000002,570389.45,509831.179,398256.962,201877.796,1915451.0920000002
2025-09-24 09:00:00,254187.653,465754.486,414682.722,350886.653,180146.25,1665657.764
2025-09-24 10:00:00,251173.334,355406.753,341586.878,298906.827,159815.22,1406889.012
2025-09-24 11:00:00,244258.513,234456.763,226327.441,200727.063,145032.404,1050802.1840000001
2025-09-24 12:00:00,232027.314,162322.20799999998,140595.362,171103.356,113879.854,819928.094
2025-09-24 13:00:00,238217.156,148575.951,196329.554,282384.52,98833.533,964340.7139999999
2025-09-24 14:00:00,269968.901,188683.972,261182.976,287580.43700000003,181512.478,1188928.764
2025-09-24 15:00:00,262762.862,209425.471,209866.653,238619.245,186291.025,1106965.2559999998
2025-09-24 16:00:00,256252.726,309062.75,233177.842,240092.46600000001,197331.278,1235917.062
2025-09-24 17:00:00,273013.799,456374.217,428027.902,355138.078,239147.177,1751701.173
2025-09-24 18:00:00,293992.442,667652.58,624158.184,485097.523,283385.577,2354286.306
2025-09-24 19:00:00,317258.818,812641.701,745235.107,578995.265,320357.614,2774488.505
2025-09-24 20:00:00,315756.25800000003,812358.061,729302.516,578120.706,318229.499,2753767.04
2025-09-24 21:00:00,299459.54,766551.13,680528.758,548681.133,299095.681,2594316.2419999996
2025-09-24 22:00:00,271654.224,722033.59,617937.17,498607.38,273055.72,2383288.084
2025-09-24 23:00:00,243206.676,694035.887,528605.687,422430.541,233873.82,2122152.611
2025-09-25 00:00:00,224363.123,725895.478,511291.849,395847.561,210647.793,2068045.804
2025-09-25 01:00:00,190789.234,619994.041,547693.507,336644.689,179292.927,1874414.3979999998
2025-09-25 02:00:00,164436.234,538154.606,504716.734,293889.81799999997,157425.064,1658622.456
2025-09-25 03:00:00,150950.856,481121.053,429537.497,270820.118,146264.676,1478694.2
2025-09-25 04:00:00,145005.3,456625.476,392374.875,259508.555,141792.223,1395306.429
2025-09-25 05:00:00,146045.591,466622.033,389795.525,263745.837,144576.334,1410785.32
2025-09-25 06:00:00,159506.222,515445.338,429020.395,293161.79,162477.997,1559611.742
2025-09-25 07:00:00,199585.229,610561.617,522350.78599999996,359865.597,202462.767,1894825.9959999998
2025-09-25 08:00:00,241115.471,591538.118,548828.078,426523.511,233240.388,2041245.566
2025-09-25 09:00:00,270857.212,492296.173,548411.171,432752.677,241320.385,1985637.618
2025-09-25 10:00:00,264225.093,400032.436,413488.884,343266.854,203170.686,1624183.953
2025-09-25 11:00:00,271404.833,334752.63300000003,393992.023,395267.699,193158.85,1588576.0380000002
2025-09-25 12:00:00,278429.623,284533.858,408249.723,423957.37899999996,165046.733,1560217.316
2025-09-25 13:00:00,283204.108,313042.223,386966.522,436053.126,181703.658,1600969.6369999999
2025-09-25 14:00:00,285818.178,370480.15,442216.987,444892.298,223724.173,1767131.7859999998
2025-09-25 15:00:00,281853.93799999997,361463.929,469891.43299999996,442772.41099999996,222731.586,1778713.2969999998
2025-09-25 16:00:00,269700.282,341028.848,476231.209,417111.379,205073.462,1709145.1800000002
2025-09-25 17:00:00,268815.489,461658.27,532603.673,440478.34,212744.877,1916300.6490000002
2025-09-25 18:00:00,284328.106,661092.372,659635.441,532467.277,251508.59100000001,2389031.787
2025-09-25 19:00:00,294317.381,799017.6240000001,737207.338,584801.774,283930.643,2699274.7600000002
2025-09-25 20:00:00,292039.712,799352.246,717992.516,575426.646,287122.433,2671933.5530000003
2025-09-25 21:00:00,278137.046,755747.658,672803.507,544090.7609999999,275644.023,2526422.995
2025-09-25 22:00:00,256050.259,716015.527,620436.731,498020.82300000003,258583.745,2349107.085
2025-09-25 23:00:00,237948.411,700649.144,539091.734,429823.717,229628.698,2137141.704
2025-09-26 00:00:00,226818.226,741880.378,524620.939,409635.928,213089.276,2116044.747
2025-09-26 01:00:00,193517.68899999998,629510.186,559410.535,348536.971,182418.754,1913394.135
2025-09-26 02:00:00,167052.247,543884.748,512249.204,301158.953,158557.244,1682902.396
2025-09-26 03:00:00,152038.166,489609.32,430449.529,275090.03,145371.309,1492558.3539999998
2025-09-26 04:00:00,145048.513,459870.819,394231.567,261184.95,139230.348,1399566.1970000002
2025-09-26 05:00:00,143551.739,450764.816,381624.895,258434.81,138783.643,1373159.903
2025-09-26 06:00:00,150136.287,471316.615,396225.741,271448.102,146778.049,1435904.7939999998
2025-09-26 07:00:00,171349.362,525417.231,456984.95900000003,311759.494,167186.927,1632697.973
2025-09-26 08:00:00,191135.072,480136.517,460585.679,354499.694,183947.088,1670304.0499999998
2025-09-26 09:00:00,213300.62900000002,425456.751,442215.189,402041.169,182162.297,1665176.035
2025-09-26 10:00:00,219807.357,325370.637,401724.924,411213.109,166684.097,1524800.1239999998
2025-09-26 11:00:00,229262.671,210161.01,341601.103,381550.786,188674.576,1351250.1459999997
2025-09-26 12:00:00,234893.69,109790.581,245743.19700000001,276650.592,204523.407,1071601.4670000002
2025-09-26 13:00:00,241414.78,77767.217,246017.425,312019.735,195734.402,1072953.559
2025-09-26 14:00:00,235024.01,109626.094,279788.345,317347.735,171822.49599999998,1113608.68
2025-09-26 15:00:00,205449.225,36881.681,310809.34,325673.218,103895.035,982708.4990000002
2025-09-26 16:00:00,189847.711,161004.946,276557.05700000003,273869.811,58694.227999999996,959973.753
2025-09-26 17:00:00,218840.664,390069.355,429552.532,386933.68200000003,159238.867,1584635.1
2025-09-26 18:00:00,238161.389,569915.299,579134.72,452256.673,215934.595,2055402.676
2025-09-26 19:00:00,254771.235,689699.265,647255.022,507029.338,244552.636,2343307.496
2025-09-26 20:00:00,253563.141,695568.705,638744.321,509942.65499999997,247907.821,2345726.6429999997
2025-09-26 21:00:00,244091.242,664071.928,601669.14,486750.962,239519.431,2236102.7029999997
2025-09-26 22:00:00,229769.69400000002,647294.616,566264.878,453796.422,228958.093,2126083.703
2025-09-26 23:00:00,219979.063,650221.424,506358.366,401653.008,208786.39500000002,1986998.2559999998
2025-09-27 00:00:00,215902.605,704171.416,508104.721,395599.58999999997,200283.638,2024061.97
2025-09-27 01:00:00,186968.862,598957.849,544735.348,340492.49,173343.316,1844497.8649999998
2025-09-27 02:00:00,162228.0,514972.224,505657.399,296294.305,152845.382,1631997.3099999998
2025-09-27 03:00:00,148469.39,462882.088,427987.213,272203.416,141038.719,1452580.8260000001
2025-09-27 04:00:00,142028.152,433508.081,391611.842,260502.756,136112.39,1363763.221
2025-09-27 05:00:00,140647.16,429456.728,377213.644,259682.176,136175.21600000001,1343174.924
2025-09-27 06:00:00,144826.73,460618.63300000003,392942.472,271906.707,142350.794,1412645.3360000001
2025-09-27 07:00:00,159882.616,506752.21400000004,427088.164,298616.232,154136.392,1546475.6180000002
2025-09-27 08:00:00,170734.254,434660.04000000004,353233.393,296684.233,138049.519,1393361.439
2025-09-27 09:00:00,176652.98,330099.834,234264.265,257861.954,106935.003,1105814.036
2025-09-27 10:00:00,190229.01200000002,210882.125,98552.503,207988.028,94306.565,801958.233
2025-09-27 11:00:00,191679.788,89167.17599999999,-42098.125,156450.657,51458.918,446658.414
2025-09-27 12:00:00,185568.208,-6190.5109999999995,-70954.93,143119.338,18512.885,270054.99000000005
2025-09-27 13:00:00,173269.929,-48464.622,-132875.571,78215.677,-4708.532999999999,65436.880000000005
2025-09-27 14:00:00,165408.747,-58526.967,-133341.217,59177.19,876.8290000000001,33594.581999999995
2025-09-27 15:00:00,163485.076,-47281.603,-97374.751,65841.112,3907.916,88577.74999999999
2025-09-27 16:00:00,162526.1,76894.791,24136.854,104288.579,51458.2,419304.524
2025-09-27 17:00:00,174614.773,270007.596,229353.739,222480.742,117229.995,1013686.8450000001
2025-09-27 18:00:00,198407.168,516828.629,443834.389,345197.349,181217.044,1685484.579
2025-09-27 19:00:00,227318.388,695387.543,592442.801,449158.06,225801.637,2190108.429
2025-09-27 20:00:00,236653.667,710468.976,607362.316,470460.048,236750.124,2261695.131
2025-09-27 21:00:00,231556.653,677427.581,580493.633,455935.84,230942.802,2176356.509
2025-09-27 22:00:00,219283.30599999998,652324.196,542327.576,428172.691,219057.109,2061164.8779999998
2025-09-27 23:00:00,210567.61,648185.222,488645.042,382603.549,198709.611,1928711.034
2025-09-28 00:00:00,207650.039,693609.491,488161.33,381092.707,192387.121,1962900.688
2025-09-28 01:00:00,181094.087,587943.664,524429.94,328916.063,167996.819,1790380.5729999999
2025-09-28 02:00:00,158626.887,509163.214,485575.704,288495.934,149355.518,1591217.257
2025-09-28 03:00:00,145750.899,455452.799,411194.46,264519.708,138732.966,1415650.832
2025-09-28 04:00:00,139416.025,428892.046,373738.909,252638.593,133910.115,1328595.6879999998
2025-09-28 05:00:00,137042.21,423882.216,358196.01,249421.973,132662.484,1301204.893
2025-09-28 06:00:00,139921.38199999998,448473.968,369777.08400000003,258310.956,137033.211,1353516.6010000003
2025-09-28 07:00:00,149235.224,480824.793,393938.682,276653.493,142350.079,1443002.271
2025-09-28 08:00:00,159875.051,393496.044,339978.973,288708.135,141126.69,1323184.893
2025-09-28 09:00:00,169983.941,258462.776,277720.16000000003,284622.933,119735.091,1110524.901
2025-09-28 10:00:00,175748.385,102996.719,211856.367,201941.526,93630.083,786173.08
2025-09-28 11:00:00,173121.854,46068.838,94733.41100000001,112313.98300000001,71485.433,497723.51900000003
2025-09-28 12:00:00,161563.34100000001,28049.592,-16575.355,43269.442,50832.958,267139.978
2025-09-28 13:00:00,154783.309,37295.985,-75170.30500000001,-12886.784,35190.699,139212.904
2025-09-28 14:00:00,162996.634,55391.86,-68848.75200000001,7450.994000000001,33311.835,190302.571
2025-09-28 15:00:00,162379.79,44691.097,-29765.527,96357.89,39403.526,313066.776
2025-09-28 16:00:00,169005.156,141532.348,111075.51,163167.097,59661.987,644442.0979999999
2025-09-28 17:00:00,187174.1,299703.912,284365.512,248034.604,121883.707,1141161.835
2025-09-28 18:00:00,224046.206,557475.298,517869.91500000004,392278.94299999997,200500.39800000002,1892170.76
2025-09-28 19:00:00,263132.97,765688.088,675022.973,512024.227,261902.307,2477770.565
2025-09-28 20:00:00,275199.548,797178.912,688644.076,540572.79,277103.187,2578698.513
2025-09-28 21:00:00,262917.657,760903.912,655393.314,521518.992,267390.939,2468124.8140000002
2025-09-28 22:00:00,242363.355,723557.067,606665.325,481141.392,248651.705,2302378.844
2025-09-28 23:00:00,223046.49,699832.6089999999,524583.07,413563.239,220981.007,2082006.4149999998
2025-09-29 00:00:00,211794.218,735312.431,516881.402,396258.114,206789.669,2067035.834
2025-09-29 01:00:00,182147.46899999998,630983.136,558948.157,341637.723,179288.08299999998,1893004.568
2025-09-29 02:00:00,160000.477,549141.247,530905.9890000001,301522.393,159949.551,1701519.657
2025-09-29 03:00:00,147708.968,492128.169,454833.411,280132.966,149729.145,1524532.659
2025-09-29 04:00:00,143012.745,466662.27,412747.091,271130.309,146342.266,1439894.681
2025-09-29 05:00:00,144641.644,472621.996,407389.467,276056.799,149476.289,1450186.1949999998
2025-09-29 06:00:00,158326.257,528722.549,450324.963,308282.271,167042.078,1612698.118
2025-09-29 07:00:00,196878.697,617364.662,521483.681,366693.34,197301.587,1899721.967
2025-09-29 08:00:00,227118.554,522791.673,411714.224,367859.632,202309.992,1731794.075
2025-09-29 09:00:00,236170.616,297943.72,227816.75699999998,283223.888,145377.04499999998,1190532.0259999998
2025-09-29 10:00:00,217947.431,62541.848,9514.617999999999,150937.714,77234.11,518175.721
2025-09-29 11:00:00,200523.345,-112993.437,-158060.828,48673.757,24945.03,3087.8669999999693
2025-09-29 12:00:00,189935.718,-191088.255,-247054.336,-9245.173999999999,-3379.158,-260831.20500000002
2025-09-29 13:00:00,184631.675,-209864.709,-279651.38,-31741.715,-14569.504,-351195.63300000003
2025-09-29 14:00:00,182329.46,-173661.282,-261960.788,-26630.036,-12223.98,-292146.626
2025-09-29 15:00:00,183311.476,-25920.672,-182012.552,30405.946,8720.030999999999,14504.229000000003
2025-09-29 16:00:00,196137.247,225035.943,2277.3809999999976,145259.326,82535.406,651245.3030000001
2025-09-29 17:00:00,225633.407,466661.859,303658.61699999997,302390.448,182953.247,1481297.578
2025-09-29 18:00:00,244896.768,626989.975,517288.68299999996,415324.426,228107.423,2032607.275
2025-09-29 19:00:00,263130.48,717473.536,618591.171,473179.408,252789.601,2325164.1959999995
2025-09-29 20:00:00,258221.032,690249.868,600390.1240000001,459196.978,247261.892,2255319.8940000003
2025-09-29 21:00:00,242297.885,634462.896,558179.863,428950.028,231736.266,2095626.9379999998
2025-09-29 22:00:00,221072.11800000002,592381.732,509871.24199999997,389142.55,211665.15,1924132.792
2025-09-29 23:00:00,203162.593,587609.703,443667.676,335178.024,184996.433,1754614.4289999998
2025-09-30 00:00:00,194359.995,639880.816,448531.864,331274.414,174938.6,1788985.6890000002
2025-09-30 01:00:00,165729.816,537613.152,490615.107,284928.268,150634.081,1629520.424
2025-09-30 02:00:00,143678.328,457180.146,452534.07,250163.513,133776.843,1437332.9
2025-09-30 03:00:00,132416.148,405264.044,384832.228,229985.765,124754.353,1277252.5380000002
2025-09-30 04:00:00,127362.201,379091.591,353955.082,220606.94400000002,121271.949,1202287.767
2025-09-30 05:00:00,127494.38,379264.45,344136.555,221936.288,122999.86200000001,1195831.535
2025-09-30 06:00:00,137994.964,426706.138,368789.11,244533.755,136789.514,1314813.481
2025-09-30 07:00:00,170318.022,513493.889,428625.628,291935.41,166430.96,1570803.909
2025-09-30 08:00:00,208445.038,546699.719,447579.139,351803.86,193194.236,1747721.992
2025-09-30 09:00:00,237788.736,512544.392,452963.194,395893.44,200430.475,1799620.2370000002
2025-09-30 10:00:00,242277.932,378352.362,413039.308,379619.037,165828.622,1579117.261
2025-09-30 11:00:00,237872.73,290973.375,279559.531,326278.554,119774.552,1254458.7419999999
2025-09-30 12:00:00,241932.868,292275.643,220441.051,385014.147,113728.813,1253392.522
2025-09-30 13:00:00,254579.038,120177.292,272494.944,402905.16599999997,161347.937,1211504.3769999999
2025-09-30 14:00:00,232535.16,-1879.4550000000002,315093.872,296231.175,81751.081,923731.833
2025-09-30 15:00:00,224867.25699999998,19644.075,214968.084,216312.405,104037.867,779829.688
2025-09-30 16:00:00,230493.099,106442.838,274427.712,266218.196,129974.335,1007556.1799999999
2025-09-30 17:00:00,231376.22,291852.317,342137.249,307405.878,160560.95799999998,1333332.622
2025-09-30 18:00:00,255021.00400000002,558653.708,527159.52,425425.547,212610.012,1978869.7910000002
2025-09-30 19:00:00,276371.648,725183.519,654295.128,519592.282,257373.111,2432815.688
2025-09-30 20:00:00,278344.618,740173.76,645011.124,524588.583,264371.489,2452489.574
2025-09-30 21:00:00,263213.824,696938.651,599817.143,498507.981,252785.841,2311263.44
2025-09-30 22:00:00,240036.76,660394.575,558740.356,455225.025,232675.296,2147072.012
2025-09-30 23:00:00,217830.98200000002,646034.513,482341.919,388889.576,201608.58000000002,1936705.57
2025-10-01 00:00:00,205582.272,693093.6089999999,477467.941,373534.06299999997,188190.674,1937868.559
2025-10-01 01:00:00,175128.956,588533.795,512927.95900000003,318851.198,163164.696,1758606.604
2025-10-01 02:00:00,152365.748,505456.336,470200.706,279293.605,145690.031,1553006.426
2025-10-01 03:00:00,141177.304,454860.353,397314.621,259044.767,136928.153,1389325.1979999999
2025-10-01 04:00:00,136996.976,434528.199,363902.162,252364.942,134329.523,1322121.8020000001
2025-10-01 05:00:00,137999.245,439920.809,362697.003,257422.55,137871.081,1335910.688
2025-10-01 06:00:00,151128.123,499580.98600000003,409487.961,287702.088,154586.967,1502486.125
2025-10-01 07:00:00,187127.55599999998,577102.601,477392.176,342212.098,181680.571,1765515.0019999999
2025-10-01 08:00:00,214500.278,484015.839,406463.794,344659.295,174572.863,1624212.0690000001
2025-10-01 09:00:00,221958.045,369998.311,283173.162,267103.853,121419.015,1263652.386
2025-10-01 10:00:00,227265.504,342732.657,182914.943,261607.104,122072.95,1136593.1579999998
2025-10-01 11:00:00,251226.911,267424.083,253162.028,359492.08,134699.527,1266004.629
2025-10-01 12:00:00,252548.847,263474.57,211576.351,348259.398,105052.202,1180911.368
2025-10-01 13:00:00,257072.787,231557.767,215731.356,354901.986,141875.704,1201139.5999999999
2025-10-01 14:00:00,252434.808,190619.402,205314.719,298382.388,126090.448,1072841.7650000001
2025-10-01 15:00:00,227110.015,189752.875,165510.30299999999,269679.377,75316.264,927368.8339999999
2025-10-01 16:00:00,230941.788,305116.775,255926.589,324349.111,138165.792,1254500.055
2025-10-01 17:00:00,234022.114,425919.683,406208.746,367242.68,153576.359,1586969.582
2025-10-01 18:00:00,257637.162,647644.675,579258.8910000001,470332.54,220975.204,2175848.472
2025-10-01 19:00:00,281622.775,816222.53,713732.842,554700.923,274770.897,2641049.967
2025-10-01 20:00:00,286406.244,820516.885,708578.586,560405.9839999999,286094.229,2662001.928
2025-10-01 21:00:00,273222.884,771436.373,660642.164,530314.343,274223.592,2509839.356
2025-10-01 22:00:00,249733.657,714596.879,606326.643,479957.544,251694.658,2302309.381
2025-10-01 23:00:00,226786.06900000002,686755.368,518416.469,406493.923,217248.712,2055700.5410000002
2025-10-02 00:00:00,212676.05599999998,728234.907,496515.865,386232.036,199561.973,2023220.837
2025-10-02 01:00:00,184518.038,624132.998,531455.905,338684.663,174894.43,1853686.034
2025-10-02 02:00:00,160217.262,537515.288,494080.93,297235.908,154281.297,1643330.6849999998
2025-10-02 03:00:00,147130.213,488297.216,415236.082,274547.516,144055.683,1469266.71
2025-10-02 04:00:00,142367.297,467521.299,381989.336,266573.29,140276.389,1398727.611
2025-10-02 05:00:00,143585.782,475713.449,379470.378,271938.593,144005.871,1414714.073
2025-10-02 06:00:00,157599.743,528203.845,425544.873,305792.584,162994.563,1580135.608
2025-10-02 07:00:00,196003.566,622997.82,489786.455,365394.22,195544.138,1869726.199
2025-10-02 08:00:00,239765.29499999998,549413.159,491097.827,428127.8,212775.707,1921179.788
2025-10-02 09:00:00,242869.265,428354.29099999997,393408.185,382607.311,152678.593,1599917.645
2025-10-02 10:00:00,257773.076,332955.398,342692.718,410738.483,145241.273,1489400.9479999999
2025-10-02 11:00:00,277338.943,232918.068,340109.518,415587.81,169930.3,1435884.639
2025-10-02 12:00:00,295461.955,256569.568,405984.757,465030.875,223754.356,1646801.511
2025-10-02 13:00:00,304174.397,286291.936,432529.579,473387.49100000004,237088.98,1733472.383
2025-10-02 14:00:00,304980.483,288959.017,473686.781,459655.20999999996,242176.028,1769457.5189999999
2025-10-02 15:00:00,298015.515,258536.452,508513.718,475350.114,234941.786,1775357.5850000002
2025-10-02 16:00:00,296009.109,326070.129,542992.296,464332.189,215852.011,1845255.7340000002
2025-10-02 17:00:00,292909.675,496663.9,631236.907,481816.754,254137.49,2156764.726
2025-10-02 18:00:00,305449.407,734050.896,759878.042,583807.786,296661.921,2679848.052
2025-10-02 19:00:00,327989.62,891089.131,840439.52,662237.6359999999,336918.639,3058674.546
2025-10-02 20:00:00,328536.705,886677.837,809913.047,657092.506,339547.348,3021767.443
2025-10-02 21:00:00,310794.092,828559.2880000001,748954.653,619157.708,321057.501,2828523.242
2025-10-02 22:00:00,281449.218,771519.836,669048.09,556358.614,290664.158,2569039.9159999997
2025-10-02 23:00:00,252324.35,728351.161,567308.942,467400.163,247479.379,2262863.995
2025-10-03 00:00:00,231883.43300000002,760142.414,542259.954,431486.594,222007.849,2187780.244
2025-10-03 01:00:00,196299.653,645335.353,569114.809,363270.716,187820.72400000002,1961841.255
2025-10-03 02:00:00,168070.084,557720.184,524988.301,315755.981,163741.626,1730276.176
2025-10-03 03:00:00,154819.669,497629.582,446795.736,288349.359,150869.086,1538463.432
2025-10-03 04:00:00,148877.846,469691.599,405546.48600000003,275031.64,144865.144,1444012.715
2025-10-03 05:00:00,148143.559,468664.525,398633.103,276491.901,146725.93,1438659.018
2025-10-03 06:00:00,160899.725,514414.532,435702.911,304886.111,162661.302,1578564.581
2025-10-03 07:00:00,195594.874,587152.917,502376.63,358279.684,188010.69400000002,1831414.799
2025-10-03 08:00:00,235695.178,525833.169,508127.983,415498.681,209625.833,1894780.844
2025-10-03 09:00:00,256317.955,393582.73099999997,456996.617,396021.939,184437.471,1687356.713
2025-10-03 10:00:00,259557.12099999998,273753.268,367466.736,311211.269,165504.239,1377492.633
2025-10-03 11:00:00,247471.672,153187.907,282118.616,221955.163,136197.377,1040930.735
2025-10-03 12:00:00,252007.60499999998,99718.314,193003.20500000002,212771.648,120004.541,877505.3130000001
2025-10-03 13:00:00,240031.168,66355.641,153074.064,169595.416,109988.803,739045.092
2025-10-03 14:00:00,236320.339,59170.049,148328.776,205273.377,99317.681,748410.222
2025-10-03 15:00:00,233149.977,76335.564,177617.468,155558.89800000002,121125.73700000001,763787.644
2025-10-03 16:00:00,227984.156,182632.625,214184.977,178855.961,143120.729,946778.4480000001
2025-10-03 17:00:00,238190.941,317045.701,337473.783,276953.47000000003,171107.312,1340771.207
2025-10-03 18:00:00,257875.687,518787.267,524064.658,400950.364,220246.97999999998,1921924.956
2025-10-03 19:00:00,274772.307,686629.555,644257.66,492920.078,260030.517,2358610.117
2025-10-03 20:00:00,277634.136,712304.511,655439.922,507058.018,269306.403,2421742.99
2025-10-03 21:00:00,264893.369,678636.377,625385.059,491409.959,259296.569,2319621.333
2025-10-03 22:00:00,246656.138,655599.892,585731.969,462035.846,243283.384,2193307.2290000003
2025-10-03 23:00:00,231420.802,660315.639,519195.529,409212.16000000003,216909.15899999999,2037053.2889999999
2025-10-04 00:00:00,222414.549,714149.422,514910.711,396361.573,203530.217,2051366.4719999998
2025-10-04 01:00:00,189738.83299999998,601737.493,549940.617,338333.634,174067.407,1853817.9840000002
2025-10-04 02:00:00,163375.177,516750.237,504641.967,293400.051,152853.815,1631021.247
2025-10-04 03:00:00,149551.869,461355.901,426739.961,269097.627,141386.716,1448132.074
2025-10-04 04:00:00,143151.354,436972.55,390252.42,257724.21600000001,137080.851,1365181.391
2025-10-04 05:00:00,141234.318,437270.744,377326.864,258494.602,137183.71,1351510.2380000001
2025-10-04 06:00:00,145800.073,469584.422,396195.845,273273.105,144833.306,1429686.751
2025-10-04 07:00:00,158604.81,504725.23600000003,413722.836,290909.849,154124.774,1522087.5050000001
2025-10-04 08:00:00,164952.695,367967.794,296072.19299999997,266630.075,127240.288,1222863.045
2025-10-04 09:00:00,169638.734,183301.442,127331.526,193309.677,86229.23,759810.6089999999
2025-10-04 10:00:00,167851.738,-5211.382,-43914.034,98102.084,40284.945,257113.35100000002
2025-10-04 11:00:00,159775.772,-158901.929,-181242.421,10725.716,-2432.7659999999996,-172075.62800000003
2025-10-04 12:00:00,153676.52,-242706.598,-255057.104,-33601.665,-26861.273,-404550.12
2025-10-04 13:00:00,150952.95,-260228.679,-271306.076,-40050.441,-29742.667999999998,-450374.914
2025-10-04 14:00:00,152426.869,-238238.963,-239704.655,-19201.188,-21955.395,-366673.332
2025-10-04 15:00:00,155761.383,-171733.394,-165487.953,6767.649,4834.7970000000005,-169857.518
2025-10-04 16:00:00,162129.141,-41841.174,-47863.744,70524.358,35547.292,178495.87300000002
2025-10-04 17:00:00,182390.437,182188.39500000002,171592.391,194805.391,104441.814,835418.4280000001
2025-10-04 18:00:00,202937.267,431983.156,407481.731,317552.027,169899.41,1529853.5909999998
2025-10-04 19:00:00,219599.69700000001,595519.791,532997.637,393877.784,208307.628,1950302.537
2025-10-04 20:00:00,222374.34100000001,599053.6799999999,533533.664,398024.019,212079.98,1965065.684
2025-10-04 21:00:00,212808.583,561437.252,500631.449,377085.575,200767.38,1852730.239
2025-10-04 22:00:00,201190.324,554818.584,472020.571,352263.066,189488.638,1769781.183
2025-10-04 23:00:00,197324.312,574692.3,428912.395,318778.042,174572.537,1694279.5860000001
2025-10-05 00:00:00,197811.798,641583.4890000001,443792.393,329264.333,173152.118,1785604.131
2025-10-05 01:00:00,171053.424,546730.801,488203.385,287750.979,152907.671,1646646.26
2025-10-05 02:00:00,148655.446,472779.641,451574.836,252080.656,135774.87900000002,1460865.4579999999
2025-10-05 03:00:00,136391.783,420620.507,379273.775,230586.971,125429.485,1292302.5210000002
2025-10-05 04:00:00,129468.02,396078.012,342353.738,219178.586,119763.438,1206841.7940000002
2025-10-05 05:00:00,128588.766,396099.659,334158.61,217155.718,119691.505,1195694.258
2025-10-05 06:00:00,132318.44,417063.962,349836.891,223799.628,123696.063,1246714.9840000002
2025-10-05 07:00:00,143680.062,434717.09,359425.181,236068.59100000001,129949.782,1303840.7060000002
2025-10-05 08:00:00,147782.51,375914.785,279749.922,233038.658,115266.333,1151752.208
2025-10-05 09:00:00,172247.527,342244.21,229846.279,241869.597,157183.539,1143391.152
2025-10-05 10:00:00,192072.27,273974.739,214885.83299999998,286593.21,172584.256,1140110.308
2025-10-05 11:00:00,208458.527,175310.02300000002,210365.834,316978.293,181852.827,1092965.5040000002
2025-10-05 12:00:00,205021.503,64216.235,161722.343,288203.979,124741.982,843906.0419999999
2025-10-05 13:00:00,185158.327,-3218.451,26699.183,183174.333,80536.724,472350.11600000004
2025-10-05 14:00:00,182505.128,122445.312,77205.754,228899.74,73834.596,684890.5299999999
2025-10-05 15:00:00,191565.713,215424.135,217878.00400000002,264643.607,130706.875,1020218.334
2025-10-05 16:00:00,194896.105,386520.613,294204.859,306536.93799999997,151934.757,1334093.2719999999
2025-10-05 17:00:00,215922.45,514907.674,459086.881,390288.755,199614.636,1779820.3960000002
2025-10-05 18:00:00,236536.478,629918.158,545947.232,441013.803,228502.315,2081917.986
2025-10-05 19:00:00,241015.183,667096.004,561800.384,442964.547,231699.886,2144576.0039999997
2025-10-05 20:00:00,230261.259,634616.87,530530.61,422675.349,222171.139,2040255.227
2025-10-05 21:00:00,213824.124,574474.554,483596.30700000003,387583.023,205501.975,1864979.9830000002
2025-10-05 22:00:00,190159.178,525297.592,430916.16099999996,337784.942,181578.512,1665736.3850000002
2025-10-05 23:00:00,176369.348,527831.363,371798.723,286071.267,156452.396,1518523.0969999998
2025-10-06 00:00:00,177054.242,592845.526,402315.151,301578.162,155307.936,1629101.017
2025-10-06 01:00:00,154175.74599999998,498209.57,449882.286,263925.059,136102.872,1502295.533
2025-10-06 02:00:00,137396.219,436670.13300000003,424009.615,237688.722,125565.606,1361330.295
2025-10-06 03:00:00,128641.551,392632.554,360267.41,224102.274,119282.821,1224926.6099999999
2025-10-06 04:00:00,126508.943,378062.746,338753.87,222097.491,119213.906,1184636.956
2025-10-06 05:00:00,134991.62,405573.439,353339.258,241429.818,130640.17,1265974.305
2025-10-06 06:00:00,164150.854,490678.401,421160.988,297885.899,162150.444,1536026.586
2025-10-06 07:00:00,214003.263,609515.667,521099.42699999997,377274.855,203661.916,1925555.128
2025-10-06 08:00:00,236575.477,530210.592,463526.883,383065.087,200174.6,1813552.639
2025-10-06 09:00:00,240444.893,412264.439,381246.423,346054.851,185546.59,1565557.1960000002
2025-10-06 10:00:00,237770.332,291413.483,242895.587,244542.269,151042.185,1167663.856
2025-10-06 11:00:00,220369.543,231738.898,138824.578,123825.557,101877.418,816635.994
2025-10-06 12:00:00,241534.945,172874.437,15598.247,101638.959,110911.201,642557.789
2025-10-06 13:00:00,220514.46,102280.526,5134.3369999999995,57853.222,94630.305,480412.85
2025-10-06 14:00:00,219050.545,74838.082,-4932.546,48876.254,94780.016,432612.351
2025-10-06 15:00:00,201433.609,104673.958,43486.55,115002.481,96800.363,561396.9609999999
2025-10-06 16:00:00,219177.893,234436.738,140727.031,179834.581,136042.976,910219.219
2025-10-06 17:00:00,235300.158,415137.86,366945.437,335375.798,181933.952,1534693.2049999998
2025-10-06 18:00:00,257696.517,607288.047,567098.208,445536.953,244795.444,2122415.169
2025-10-06 19:00:00,270568.906,719475.509,652236.192,502096.88300000003,274693.494,2419070.984
2025-10-06 20:00:00,270355.507,728084.425,652764.275,512438.44299999997,280322.705,2443965.355
2025-10-06 21:00:00,251336.783,666152.598,598537.628,475618.613,259260.406,2250906.028
2025-10-06 22:00:00,214699.874,590783.105,513368.016,404522.495,221156.774,1944530.264
2025-10-06 23:00:00,192659.276,574220.434,433704.882,333772.626,184445.789,1718803.0069999998
2025-10-07 00:00:00,189085.627,644460.813,452796.245,338509.565,175743.38,1800595.63
2025-10-07 01:00:00,164283.735,548252.699,501485.41500000004,294390.61699999997,153054.041,1661466.507
2025-10-07 02:00:00,146123.104,478364.207,471729.753,264813.142,139603.921,1500634.127
2025-10-07 03:00:00,138106.165,435047.227,408988.14400000003,251753.027,134644.46,1368539.023
2025-10-07 04:00:00,136650.395,430201.064,390606.48,251319.761,135921.66999999998,1344699.3699999999
2025-10-07 05:00:00,146753.738,476335.466,420609.76,275817.757,152194.919,1471711.64
2025-10-07 06:00:00,182816.147,592099.071,517413.061,347827.391,194533.28100000002,1834688.951
2025-10-07 07:00:00,241494.58000000002,703243.625,608832.832,429074.173,237916.711,2220561.921
2025-10-07 08:00:00,241128.913,491201.002,396086.587,350680.996,189089.518,1668187.016
2025-10-07 09:00:00,225403.811,256352.169,163825.501,212507.527,119109.996,977199.004
2025-10-07 10:00:00,215177.052,76611.912,-1411.6729999999993,121602.76,75711.817,487691.86799999996
2025-10-07 11:00:00,221527.898,-19559.421,-79903.029,99596.61,59801.534,281463.592
2025-10-07 12:00:00,206842.717,-111505.985,-161308.082,61956.296,12435.002,8419.947999999997
2025-10-07 13:00:00,187099.473,-161343.342,-244665.32,-14566.585,-17983.036,-251458.81
2025-10-07 14:00:00,175975.743,-166145.402,-264684.733,-52263.62,-23978.481,-331096.493
2025-10-07 15:00:00,176433.351,-97969.08499999999,-192713.736,-10274.835,-5554.17,-130078.47499999999
2025-10-07 16:00:00,192102.18,53752.358,-8887.623,96766.01699999999,46826.788,380559.72
2025-10-07 17:00:00,211922.967,283364.078,237128.3,245679.263,121546.638,1099641.246
2025-10-07 18:00:00,232906.837,530408.559,465157.226,373679.342,193115.005,1795266.969
2025-10-07 19:00:00,246527.28,666939.028,577451.792,438842.588,232973.795,2162734.483
2025-10-07 20:00:00,249481.509,687772.34,591504.958,453205.813,242746.479,2224711.099
2025-10-07 21:00:00,233644.366,632400.474,549061.04,424799.706,228543.23,2068448.816
2025-10-07 22:00:00,202971.56,570420.637,479685.85,368952.574,201928.678,1823959.2989999999
2025-10-07 23:00:00,184642.82,560196.5700000001,410347.25100000005,309597.746,171902.08,1636686.4670000002
2025-10-08 00:00:00,182553.375,631328.143,434270.45999999996,322040.554,167785.241,1737977.773
2025-10-08 01:00:00,158819.345,540981.192,482286.50899999996,282486.781,147422.198,1611996.0250000001
2025-10-08 02:00:00,141981.169,475278.122,455537.063,256061.791,135649.198,1464507.343
2025-10-08 03:00:00,134820.062,435563.176,396223.271,244404.379,131724.74300000002,1342735.631
2025-10-08 04:00:00,133833.558,432133.136,382589.243,246402.75,133559.25400000002,1328517.9409999999
2025-10-08 05:00:00,143638.193,480272.75,410811.048,271722.893,148620.237,1455065.1209999998
2025-10-08 06:00:00,177857.58299999998,599406.28,502036.999,340951.007,188493.157,1808745.026
2025-10-08 07:00:00,230693.686,701577.809,560050.654,402092.824,225855.072,2120270.0450000004
2025-10-08 08:00:00,240785.671,524391.737,402031.758,359813.62,212637.823,1739660.609
2025-10-08 09:00:00,242130.58299999998,338541.257,302683.476,319062.119,192317.637,1394735.0720000002
2025-10-08 10:00:00,225398.494,83007.038,209714.714,209456.794,113634.68,841211.72
2025-10-08 11:00:00,198377.117,-72844.23,30895.578999999998,44915.076,28685.736,230029.278
2025-10-08 12:00:00,187409.115,-112274.84,-97889.564,-20752.243000000002,5853.51,-37654.022000000004
2025-10-08 13:00:00,212450.602,-96734.885,-124210.382,127155.02900000001,53517.547,172177.91100000005
2025-10-08 14:00:00,208683.86800000002,-116377.836,-18540.178,138254.09100000001,34083.132,246103.077
2025-10-08 15:00:00,189433.175,-53580.964,65668.975,128009.14600000001,16731.292,346261.62399999995
2025-10-08 16:00:00,207150.12900000002,170360.522,224861.149,207462.073,91536.409,901370.282
2025-10-08 17:00:00,225090.582,361896.698,407709.58,333534.227,165917.058,1494148.145
2025-10-08 18:00:00,234412.374,519658.548,497108.527,383920.273,198894.255,1833993.977
2025-10-08 19:00:00,237941.54499999998,618240.033,542540.349,413269.999,219907.63,2031899.5559999999
2025-10-08 20:00:00,236653.12,623205.986,539925.674,420186.239,223668.97,2043639.9889999998
2025-10-08 21:00:00,220311.398,570227.968,497896.751,390030.753,208612.179,1887079.0489999999
2025-10-08 22:00:00,193269.856,519063.1,437339.977,340030.55,183228.652,1672932.135
2025-10-08 23:00:00,178048.574,520318.154,376701.05,288873.239,157356.936,1521297.953
2025-10-09 00:00:00,177808.701,594215.845,410080.243,304088.728,155858.063,1642051.58
2025-10-09 01:00:00,153190.21,502635.473,463224.51,265298.335,136960.226,1521308.754
2025-10-09 02:00:00,136008.987,443837.366,432552.215,239829.619,126239.857,1378468.0440000002
2025-10-09 03:00:00,129141.944,410695.538,371470.625,227937.384,121693.907,1260939.398
2025-10-09 04:00:00,127658.333,403978.833,351721.321,228158.203,123005.39199999999,1234522.082
2025-10-09 05:00:00,135655.87,444198.075,373266.302,249128.168,136063.015,1338311.4300000002
2025-10-09 06:00:00,165832.356,550859.411,454814.33,306482.668,168758.548,1646747.313
2025-10-09 07:00:00,212275.391,625719.888,513231.441,357836.421,194987.81100000002,1904050.9520000003
2025-10-09 08:00:00,214149.947,412816.811,312811.366,279344.862,149793.536,1368916.5219999999
2025-10-09 09:00:00,203059.918,198980.199,104880.811,161848.293,86421.207,755190.4279999998
2025-10-09 10:00:00,192224.742,27724.100000000002,-58733.637,78612.247,34707.898,274535.35000000003
2025-10-09 11:00:00,188895.856,-70134.007,-55962.569,69460.623,18237.534,150497.43699999998
2025-10-09 12:00:00,195720.484,-82272.086,-29979.77,211630.52,10443.536,305542.684
2025-10-09 13:00:00,208489.428,-108080.541,-8632.635999999999,120400.209,20698.219,232874.67900000003
2025-10-09 14:00:00,206586.889,-74128.246,-60474.826,154924.799,82308.45999999999,309217.076
2025-10-09 15:00:00,190900.337,-57551.906,-18412.869,144148.276,70471.444,329555.282
2025-10-09 16:00:00,198201.738,90914.246,72311.988,179429.487,113422.386,654279.845
2025-10-09 17:00:00,211300.734,242510.613,254851.608,262224.397,140994.816,1111882.168
2025-10-09 18:00:00,224820.514,484803.64,443750.046,361050.324,190930.28399999999,1705354.8080000002
2025-10-09 19:00:00,232495.207,625251.316,534492.596,419141.463,217803.034,2029183.616
2025-10-09 20:00:00,234411.774,644802.093,547857.991,431205.602,225659.384,2083936.844
2025-10-09 21:00:00,219429.3,605133.533,515045.056,405471.775,212246.157,1957325.821
2025-10-09 22:00:00,193540.16,555157.209,447664.579,354642.314,188021.484,1739025.746
2025-10-09 23:00:00,178814.38,553413.234,387901.23,299024.851,161647.884,1580801.5790000001
2025-10-10 00:00:00,177762.215,623316.802,413653.979,311150.906,159316.547,1685200.449
2025-10-10 01:00:00,153982.455,533298.478,458764.593,270995.796,140319.057,1557360.379
2025-10-10 02:00:00,136508.367,469186.409,426731.04,245375.535,128139.459,1405940.81
2025-10-10 03:00:00,129177.806,432233.132,374929.585,233079.368,124178.88,1293598.7710000002
2025-10-10 04:00:00,128232.87299999999,426386.024,355691.088,232711.854,125168.554,1268190.393
2025-10-10 05:00:00,136525.71,465385.588,383215.3,253020.21399999998,137999.084,1376145.896
2025-10-10 06:00:00,164497.862,563461.289,457528.222,307588.115,168377.53399999999,1661453.0219999999
2025-10-10 07:00:00,208723.438,640139.757,502820.613,354607.239,193971.393,1900262.4399999997
2025-10-10 08:00:00,212927.576,429182.677,317294.103,288385.28,150094.548,1397884.184
2025-10-10 09:00:00,205435.843,197032.102,118453.3,178276.237,90948.854,790146.3360000001
2025-10-10 10:00:00,202321.377,87150.381,834.4910000000002,212182.905,52367.576,554856.73
2025-10-10 11:00:00,207727.14,31548.27,5506.865,203449.468,44460.625,492692.368
2025-10-10 12:00:00,214719.492,12593.676,-44570.139,206215.684,57666.672,446625.385
2025-10-10 13:00:00,202231.978,-38293.993,-81380.71,158013.066,60665.029,301235.36999999994
2025-10-10 14:00:00,198503.06699999998,-55580.598,-117802.247,117142.851,53942.304000000004,196205.37699999998
2025-10-10 15:00:00,196861.854,-21064.749,-60438.459,131864.11,64891.176,312113.932
2025-10-10 16:00:00,206171.044,106463.82,79848.21,191710.828,106809.707,691003.6089999999
2025-10-10 17:00:00,217369.057,268133.844,265035.77,260720.311,160639.324,1171898.3059999999
2025-10-10 18:00:00,220274.518,474133.433,422977.97,346241.511,190572.625,1654200.057
2025-10-10 19:00:00,224115.288,605303.481,505472.502,393264.782,209173.055,1937329.1079999998
2025-10-10 20:00:00,223106.903,619641.852,511016.079,400932.954,213777.904,1968475.6919999998
2025-10-10 21:00:00,210736.01499999998,580742.14,484050.878,377968.61100000003,203297.168,1856794.8120000002
2025-10-10 22:00:00,191284.724,549954.388,442206.344,340024.083,185461.088,1708930.6269999999
2025-10-10 23:00:00,181938.731,554916.851,393091.547,296652.294,164288.138,1590887.561
2025-10-11 00:00:00,182653.472,623234.652,420625.71,312668.854,162849.87099999998,1702032.5590000001
2025-10-11 01:00:00,157351.478,524125.325,460576.903,270715.039,142026.655,1554795.4000000001
2025-10-11 02:00:00,139290.09,456879.774,426940.613,241020.05599999998,129359.327,1393489.8599999999
2025-10-11 03:00:00,129853.599,413990.996,365712.197,227201.043,122781.132,1259538.967
2025-10-11 04:00:00,126297.663,399541.217,340787.705,222146.007,120643.484,1209416.076
2025-10-11 05:00:00,128928.274,416465.305,345228.344,228621.064,125017.465,1244260.452
2025-10-11 06:00:00,138569.711,460999.939,379735.041,253222.289,137035.222,1369562.202
2025-10-11 07:00:00,159982.433,493854.485,397496.721,285707.743,150314.762,1487356.1439999999
2025-10-11 08:00:00,171392.253,361090.633,297420.073,265068.803,129534.227,1224505.989
2025-10-11 09:00:00,173303.991,219143.00699999998,155955.187,196593.303,96884.628,841880.116
2025-10-11 10:00:00,167134.051,84804.307,35130.286,112507.463,51990.872,451566.97900000005
2025-10-11 11:00:00,171211.098,-16238.389,-73324.22899999999,67765.274,29464.739,178878.49300000002
2025-10-11 12:00:00,169312.797,-84151.644,-108227.192,72065.786,13395.189,62394.93599999999
2025-10-11 13:00:00,162564.228,-107020.663,-91463.507,44859.89,23402.786,32342.734000000004
2025-10-11 14:00:00,169345.483,-74134.564,-38714.136,92019.413,38884.163,187400.359
2025-10-11 15:00:00,172992.262,-39922.53,30941.711,87656.757,51166.676,302834.876
2025-10-11 16:00:00,173859.953,87932.77,135510.373,130529.35,91676.388,619508.834
2025-10-11 17:00:00,186355.683,307300.224,283792.459,251711.843,126238.349,1155398.558
2025-10-11 18:00:00,209936.03399999999,519093.941,460625.921,369344.99,181925.366,1740926.2519999999
2025-10-11 19:00:00,219271.103,619026.0380000001,525941.314,404200.15499999997,209909.556,1978348.1660000002
2025-10-11 20:00:00,216550.204,617627.039,517261.115,399350.836,208459.044,1959248.238
2025-10-11 21:00:00,206418.564,574681.863,487355.673,379464.195,196457.854,1844378.149
2025-10-11 22:00:00,189031.004,539068.842,447240.636,344908.159,181990.587,1702239.228
2025-10-11 23:00:00,180816.773,545472.844,398159.48,301915.292,162872.002,1589236.391
2025-10-12 00:00:00,183643.768,612915.703,423511.75899999996,318717.132,163050.082,1701838.4440000001
2025-10-12 01:00:00,158712.418,524531.289,466355.613,275768.394,142952.596,1568320.3099999998
2025-10-12 02:00:00,140344.076,458223.991,433902.796,246646.599,130518.506,1409635.9679999999
2025-10-12 03:00:00,130965.505,410834.202,369969.48099999997,231749.59600000002,124143.493,1267662.277
2025-10-12 04:00:00,127572.504,394745.203,345405.674,226099.913,122149.422,1215972.716
2025-10-12 05:00:00,129734.011,407587.693,346428.21,230825.349,125801.213,1240376.476
2025-10-12 06:00:00,137255.066,449300.672,375248.16,251619.926,135529.427,1348953.251
2025-10-12 07:00:00,154587.853,489587.373,395602.691,277023.566,148479.53100000002,1465281.014
2025-10-12 08:00:00,169249.168,428946.909,354113.944,300239.547,148877.47,1401427.038
2025-10-12 09:00:00,183814.777,362223.642,309737.11699999997,310150.042,149076.994,1315002.572
2025-10-12 10:00:00,188905.26,275832.43700000003,221414.37,271922.275,134162.806,1092237.148
2025-10-12 11:00:00,189087.421,153449.869,137297.989,219747.924,110735.992,810319.195
2025-10-12 12:00:00,187820.348,88039.789,40173.711,120089.841,73291.231,509414.92000000004
2025-10-12 13:00:00,191686.383,68819.367,48214.308,112736.849,97292.468,518749.375
2025-10-12 14:00:00,187576.579,41430.306,52643.064,130193.926,42093.752,453937.627
2025-10-12 15:00:00,170802.299,73167.181,86631.856,153350.133,72589.148,556540.6170000001
2025-10-12 16:00:00,175428.56100000002,246687.713,172859.636,247713.43099999998,75807.157,918496.498
2025-10-12 17:00:00,214774.639,440654.005,431287.66000000003,406972.812,182015.977,1675705.0929999999
2025-10-12 18:00:00,235877.294,639063.61,597033.005,475139.91599999997,224137.13199999998,2171250.9569999995
2025-10-12 19:00:00,262980.547,741310.688,658974.803,531877.396,272485.345,2467628.779
2025-10-12 20:00:00,254280.896,731429.932,638121.766,514198.742,266409.581,2404440.9170000004
2025-10-12 21:00:00,235169.255,664385.313,582081.651,471278.21,246956.849,2199871.278
2025-10-12 22:00:00,203687.886,592749.977,497481.521,399805.262,214331.908,1908056.554
2025-10-12 23:00:00,186569.185,576129.992,422380.801,333120.62,180640.03100000002,1698840.6289999997
2025-10-13 00:00:00,186837.222,642454.487,442340.194,341793.792,174844.554,1788270.2490000003
2025-10-13 01:00:00,164039.687,554433.009,494965.708,300872.468,154843.149,1669154.021
2025-10-13 02:00:00,146362.387,490296.853,468064.086,272667.652,142727.896,1520118.874
2025-10-13 03:00:00,137891.168,448950.75800000003,406400.641,259489.69700000001,137980.266,1390712.53
2025-10-13 04:00:00,136531.733,444945.082,386654.301,261198.764,140112.477,1369442.3569999998
2025-10-13 05:00:00,147256.606,494141.1,417238.388,288335.625,157336.215,1504307.9340000001
2025-10-13 06:00:00,185426.179,630531.758,523496.683,372891.723,202820.405,1915166.7480000001
2025-10-13 07:00:00,246913.423,748451.994,598339.677,467254.721,253457.161,2314416.976
2025-10-13 08:00:00,253784.089,510358.079,425539.958,445202.412,208212.679,1843097.2170000002
2025-10-13 09:00:00,249445.342,255670.431,239711.856,340677.547,151839.689,1237344.865
2025-10-13 10:00:00,237133.598,71647.485,124876.027,262919.463,118895.377,815471.95
2025-10-13 11:00:00,230364.638,-32005.489,93657.323,217758.425,113031.126,622806.023
2025-10-13 12:00:00,220300.053,-148406.027,-27634.551,121140.232,74324.705,239724.412
2025-10-13 13:00:00,198710.945,-228189.684,-76529.187,54150.554000000004,23144.012,-28713.360000000004
2025-10-13 14:00:00,181808.28,-244700.399,-158574.249,-10018.618,-11590.075,-243075.06100000005
2025-10-13 15:00:00,178024.543,-180879.807,-179201.953,-3195.053,-8.363999999999805,-185260.63400000002
2025-10-13 16:00:00,190663.051,-16281.955999999998,-42970.093,87966.34,47594.014,266971.356
2025-10-13 17:00:00,213975.498,236274.731,209246.585,235696.90399999998,123059.398,1018253.1159999999
2025-10-13 18:00:00,238734.907,489780.559,458751.959,384728.596,198105.29,1770101.311
2025-10-13 19:00:00,253248.046,654497.1900000001,582485.461,460819.829,241527.597,2192578.123
2025-10-13 20:00:00,258030.24300000002,690361.759,610573.63,486047.688,256807.093,2301820.4129999997
2025-10-13 21:00:00,240938.679,639751.831,564859.552,454916.18200000003,241661.958,2142128.202
2025-10-13 22:00:00,207340.81,577602.473,488961.88,391542.085,210547.294,1875994.5420000001
2025-10-13 23:00:00,187492.417,566640.301,416149.041,327376.321,177870.608,1675528.6879999998
2025-10-14 00:00:00,186197.76499999998,637835.65,440276.859,335765.959,171755.689,1771831.922
2025-10-14 01:00:00,162213.069,545176.46,490611.957,295477.163,152238.6,1645717.249
2025-10-14 02:00:00,144668.997,477970.745,465626.489,268867.255,140096.23200000002,1497229.718
2025-10-14 03:00:00,137560.74,439087.529,404860.796,257367.414,136073.947,1374950.4259999997
2025-10-14 04:00:00,137259.474,441271.038,393241.854,259274.169,138911.161,1369957.696
2025-10-14 05:00:00,148566.875,486785.553,433639.92699999997,287683.72000000003,157058.826,1513734.901
2025-10-14 06:00:00,188041.669,609988.497,547489.976,368592.594,203936.615,1918049.351
2025-10-14 07:00:00,248374.75,702591.071,630407.129,451767.428,248534.673,2281675.051
2025-10-14 08:00:00,257636.46600000001,482871.86699999997,479259.18,427539.463,213174.195,1860481.171
2025-10-14 09:00:00,246397.594,266772.839,316661.031,345182.324,161878.052,1336891.8399999999
2025-10-14 10:00:00,236643.661,107176.763,144409.735,206208.782,117497.31,811936.2509999999
2025-10-14 11:00:00,221496.507,-67285.425,4286.649,119708.369,66193.426,344399.52599999995
2025-10-14 12:00:00,206087.753,-155206.268,-115899.398,48095.35,18287.676,1365.1129999999903
2025-10-14 13:00:00,189744.368,-210173.827,-186383.92799999999,-27618.981,-4099.192999999999,-238531.561
2025-10-14 14:00:00,183851.709,-222005.143,-236673.837,-47733.566,-12565.883,-335126.72
2025-10-14 15:00:00,178980.207,-193673.319,-182037.946,-19610.972,1438.623,-214903.407
2025-10-14 16:00:00,188793.636,-41334.643,-41184.742,74468.163,41381.392,222123.806
2025-10-14 17:00:00,209364.972,204357.829,196992.055,217476.065,112337.18800000001,940528.1089999998
2025-10-14 18:00:00,230780.361,449410.387,430146.38899999997,354092.218,183165.104,1647594.459
2025-10-14 19:00:00,242436.266,596428.255,538760.273,419252.091,217362.46600000001,2014239.351
2025-10-14 20:00:00,247017.364,625586.567,558236.894,440810.587,228340.38199999998,2099991.7939999998
2025-10-14 21:00:00,231098.631,580255.754,520000.372,415386.275,214376.255,1961117.287
2025-10-14 22:00:00,200945.929,529402.134,455476.696,362206.0,188075.888,1736106.647
2025-10-14 23:00:00,182461.755,528529.316,393598.73600000003,304518.608,159998.88999999998,1569107.305
2025-10-15 00:00:00,180627.214,603332.803,421180.31,317858.789,158181.03399999999,1681180.15
2025-10-15 01:00:00,157345.877,511512.363,470836.121,279020.154,140852.49599999998,1559567.011
2025-10-15 02:00:00,140267.15,448579.341,446971.243,254049.647,130872.83,1420740.2110000001
2025-10-15 03:00:00,133304.211,413241.953,386406.642,242432.271,127228.582,1302613.659
2025-10-15 04:00:00,133108.758,411071.002,371286.864,244537.40600000002,130228.943,1290232.973
2025-10-15 05:00:00,144025.465,460701.618,407699.009,271093.3,146604.00699999998,1430123.399
2025-10-15 06:00:00,179999.876,587288.242,509793.387,344387.229,186792.487,1808261.2210000001
2025-10-15 07:00:00,231429.419,661614.105,556419.777,398442.365,214846.135,2062751.801
2025-10-15 08:00:00,229126.351,402115.592,326703.628,308124.021,164067.229,1430136.821
2025-10-15 09:00:00,213785.533,143129.874,85570.64899999999,180445.335,96374.475,719305.8659999999
2025-10-15 10:00:00,197240.32700000002,-75534.215,-119220.852,62105.803,33312.046,97903.10900000004
2025-10-15 11:00:00,185845.408,-211261.153,-245898.953,-13712.175,-5281.522,-290308.395
2025-10-15 12:00:00,178690.977,-286033.276,-309164.757,-57141.655,-25450.834,-499099.545
2025-10-15 13:00:00,172148.331,-315012.65,-336849.778,-77702.133,-32665.448,-590081.678
2025-10-15 14:00:00,170501.755,-297252.78,-309188.62,-70424.881,-27778.997000000003,-534143.523
2025-10-15 15:00:00,173462.287,-218591.029,-226239.288,-28123.154,-4768.909,-304260.093
2025-10-15 16:00:00,189062.299,-35185.891,-57166.75,68768.06,45753.143,211230.86099999998
2025-10-15 17:00:00,208500.83800000002,208310.633,184398.665,206225.854,114819.583,922255.573
2025-10-15 18:00:00,225431.26,455503.172,410682.805,338285.186,180320.569,1610222.9919999999
2025-10-15 19:00:00,232665.34100000001,584804.762,507495.529,396769.19800000003,210484.031,1932218.861
2025-10-15 20:00:00,235096.996,596141.828,520219.505,413976.211,218768.892,1984203.432
2025-10-15 21:00:00,220878.963,548567.967,488626.023,388363.559,204175.181,1850611.6930000002
2025-10-15 22:00:00,193552.744,502469.647,432888.12299999996,340460.113,178754.276,1648124.9030000002
2025-10-15 23:00:00,177043.906,504306.36600000004,373459.341,288476.372,153742.184,1497028.1689999998
2025-10-16 00:00:00,177212.279,577249.598,401279.738,304401.433,154935.541,1615078.589
2025-10-16 01:00:00,152854.791,485415.68,453823.359,265742.489,136505.883,1494342.2019999998
2025-10-16 02:00:00,135450.067,432911.30700000003,422789.58400000003,240918.683,125638.30600000001,1357707.9470000002
2025-10-16 03:00:00,129168.694,402295.599,357684.56200000003,230506.919,121999.728,1241655.5019999999
2025-10-16 04:00:00,128066.327,399289.621,339369.618,231671.758,123366.811,1221764.135
2025-10-16 05:00:00,137429.516,439348.668,368377.18200000003,254533.728,136456.75,1336145.844
2025-10-16 06:00:00,168627.552,534298.898,453094.055,314914.249,168452.101,1639386.855
2025-10-16 07:00:00,213516.24899999998,569687.417,475247.163,348859.812,184567.89299999998,1791878.5339999998
2025-10-16 08:00:00,210079.76200000002,333280.504,251511.972,259138.36,135464.756,1189475.354
2025-10-16 09:00:00,199684.947,97274.26400000001,28535.790999999997,140407.486,73725.572,539628.06
2025-10-16 10:00:00,190327.532,-75750.912,-149661.537,43289.011,20084.479,28288.572999999982
2025-10-16 11:00:00,186126.982,-144361.358,-234782.142,-8524.273,-10324.136,-211864.92700000003
2025-10-16 12:00:00,189982.747,-144111.223,-263609.527,-6094.523,2375.136,-221457.39
2025-10-16 13:00:00,198545.62099999998,-8382.443,-239512.707,20625.967,18786.922,-9936.640000000007
2025-10-16 14:00:00,226927.494,164987.364,-113641.53,146095.735,106345.763,530714.826
2025-10-16 15:00:00,240157.771,276786.23,190904.002,327864.926,180904.793,1216617.7219999998
2025-10-16 16:00:00,235357.869,382438.98600000003,324422.908,353910.005,163056.50400000002,1459186.2719999999
2025-10-16 17:00:00,247759.56,546535.702,441308.94299999997,396230.099,218360.39,1850194.6940000001
2025-10-16 18:00:00,248710.941,610064.248,531525.75,423584.014,230936.974,2044821.927
2025-10-16 19:00:00,240171.402,624407.139,533112.91,409774.093,226414.639,2033880.1830000002
2025-10-16 20:00:00,231272.026,595035.195,503111.031,395020.958,220456.046,1944895.256
2025-10-16 21:00:00,214210.221,533329.211,456419.654,363187.348,202630.521,1769776.9549999998
2025-10-16 22:00:00,186507.869,486787.656,404555.6,314522.612,175837.463,1568211.2000000002
2025-10-16 23:00:00,173519.552,489339.485,353779.6,268772.192,150455.041,1435865.8699999999
2025-10-17 00:00:00,173338.596,554826.95,382360.096,279897.063,149752.196,1540174.901
2025-10-17 01:00:00,149322.203,459484.01,422357.565,238815.66199999998,131526.946,1401506.386
2025-10-17 02:00:00,132310.869,401033.347,387986.176,219205.45799999998,119707.984,1260243.834
2025-10-17 03:00:00,125473.374,365030.382,334150.369,211367.47,114979.336,1151000.9309999999
2025-10-17 04:00:00,124085.941,354959.13300000003,321882.316,211678.687,115352.778,1127958.855
2025-10-17 05:00:00,131030.20999999999,385206.773,333807.199,227645.559,124614.88799999999,1202304.629
2025-10-17 06:00:00,156595.123,461166.393,402968.189,274211.944,150525.01,1445466.659
2025-10-17 07:00:00,195525.63,509612.751,443138.472,315138.018,170319.212,1633734.083
2025-10-17 08:00:00,200637.209,331229.434,293406.969,247610.584,135056.395,1207940.591
2025-10-17 09:00:00,201702.174,168318.336,122856.83,164305.10199999998,107068.89,764251.3319999999
2025-10-17 10:00:00,205776.13199999998,16966.144,3963.929,84012.474,93787.136,404505.815
2025-10-17 11:00:00,197340.468,-81551.646,-69694.548,33748.052,48616.79,128459.11600000001
2025-10-17 12:00:00,198789.364,-150558.931,-142217.067,26188.017,11069.36,-56729.25700000003
2025-10-17 13:00:00,180922.375,-236530.479,-222336.41700000002,-42953.532,-24861.045,-345759.098
2025-10-17 14:00:00,174563.108,-235071.695,-222192.271,-28695.207,-12248.102,-323644.167
2025-10-17 15:00:00,180740.025,-87610.747,-133829.705,38551.19,20265.738,18116.501000000007
2025-10-17 16:00:00,201726.14,94511.213,106529.319,178545.052,101993.376,683305.1000000001
2025-10-17 17:00:00,205086.09100000001,231640.066,217348.385,203184.851,123332.662,980592.055
2025-10-17 18:00:00,218944.658,446910.578,388957.978,330558.971,182355.86,1567728.045
2025-10-17 19:00:00,223872.878,568531.417,492029.181,384353.56200000003,207272.594,1876059.6320000002
2025-10-17 20:00:00,222109.16700000002,583094.518,502807.738,395046.27,211403.56,1914461.253
2025-10-17 21:00:00,209781.896,546043.377,477810.609,375189.44,201229.393,1810054.7149999999
2025-10-17 22:00:00,189890.948,510614.132,436423.607,339093.364,183702.854,1659724.905
2025-10-17 23:00:00,178202.764,505616.05000000005,389116.326,296528.30700000003,162331.65899999999,1531795.1060000001
2025-10-18 00:00:00,174366.78399999999,550239.973,419130.591,315074.908,162329.21,1621141.466
2025-10-18 01:00:00,150215.221,448760.5,463584.43700000003,273552.303,141795.893,1477908.354
2025-10-18 02:00:00,136024.505,402653.36699999997,432215.7,245805.452,129832.741,1346531.765
2025-10-18 03:00:00,129342.88,376400.088,367009.021,232698.426,125083.01400000001,1230533.429
2025-10-18 04:00:00,127548.616,369120.187,345689.789,228609.694,123937.265,1194905.5509999997
2025-10-18 05:00:00,130496.97,389090.012,353743.65,238016.887,130022.442,1241369.961
2025-10-18 06:00:00,141570.443,443440.63899999997,393610.674,265874.151,144211.562,1388707.469
2025-10-18 07:00:00,164701.097,480063.494,421526.26300000004,307379.004,159191.698,1532861.556
2025-10-18 08:00:00,184130.84100000001,353421.388,361136.005,339712.263,164974.927,1403375.4239999999
2025-10-18 09:00:00,196883.735,149631.04,304193.595,330152.6,136076.531,1116937.501
2025-10-18 10:00:00,183977.926,-35124.263,165398.315,215635.886,76392.468,606280.332
2025-10-18 11:00:00,163254.526,-198382.357,-13948.146000000002,68122.302,19093.671,38139.996000000014
2025-10-18 12:00:00,149107.324,-272729.383,-141431.271,-18450.869,-22688.841,-306193.04000000004
2025-10-18 13:00:00,140318.267,-312380.498,-246554.581,-68684.061,-41459.575,-528760.448
2025-10-18 14:00:00,137525.24599999998,-305043.669,-271259.533,-71340.774,-40376.036,-550494.766
2025-10-18 15:00:00,141842.383,-232353.325,-213605.053,-31444.667,-18093.828,-353654.49
2025-10-18 16:00:00,155940.637,-76904.261,-72177.029,54595.174,28571.655,90026.17599999999
2025-10-18 17:00:00,178434.601,154145.293,160528.747,184866.09100000001,95215.807,773190.539
2025-10-18 18:00:00,199707.959,398358.79,381548.817,308695.817,158377.778,1446689.1609999998
2025-10-18 19:00:00,207179.786,541008.069,485622.654,366392.564,190264.58299999998,1790467.656
2025-10-18 20:00:00,210208.872,556292.0,503706.04099999997,380654.99199999997,198803.465,1849665.37
2025-10-18 21:00:00,200575.478,525931.033,475749.13,363783.84,191635.315,1757674.796
2025-10-18 22:00:00,184607.71600000001,507148.452,436908.037,332050.135,178053.197,1638767.537
2025-10-18 23:00:00,177819.674,523210.261,389427.273,292802.66,159067.418,1542327.286
2025-10-19 00:00:00,181379.32,591868.649,416427.424,311221.822,160185.975,1661083.19
2025-10-19 01:00:00,157109.221,498757.80700000003,461871.441,270402.866,140751.938,1528893.273
2025-10-19 02:00:00,138453.239,433747.71900000004,431026.814,241141.086,127258.632,1371627.49
2025-10-19 03:00:00,129270.667,394938.219,368062.669,226004.465,120234.496,1238510.516
2025-10-19 04:00:00,124754.137,377566.005,344208.5,218487.708,116857.577,1181873.9270000001
2025-10-19 05:00:00,125124.01000000001,385197.011,336859.045,220043.018,118274.101,1185497.185
2025-10-19 06:00:00,130628.824,414737.958,360438.079,233034.202,122928.901,1261767.9640000002
2025-10-19 07:00:00,144712.422,427745.94299999997,357804.864,238982.13400000002,128903.101,1298148.4640000002
2025-10-19 08:00:00,161591.848,340282.634,297524.239,273720.76,135911.842,1209031.323
2025-10-19 09:00:00,168322.226,181771.887,200084.059,212658.65,101813.555,864650.3770000001
2025-10-19 10:00:00,189073.503,198588.532,149703.694,257538.11,143747.935,938651.774
2025-10-19 11:00:00,201429.439,161593.905,254744.328,284416.101,161509.411,1063693.1840000001
2025-10-19 12:00:00,191146.921,157616.278,176936.537,237505.046,120183.3,883388.082
2025-10-19 13:00:00,192925.315,153564.212,248782.028,260417.655,120479.26699999999,976168.477
2025-10-19 14:00:00,193778.49599999998,209237.823,258734.634,258446.868,131549.945,1051747.766
2025-10-19 15:00:00,179365.259,236040.996,138892.642,165626.493,117426.472,837351.862
2025-10-19 16:00:00,195831.528,411911.773,216459.51,293526.31299999997,162213.534,1279942.6579999998
2025-10-19 17:00:00,217880.81699999998,558222.482,448508.324,390998.646,212337.267,1827947.5359999998
2025-10-19 18:00:00,232714.764,630624.015,540864.453,429175.259,226249.679,2059628.17
2025-10-19 19:00:00,230685.682,625820.31,538386.107,417466.474,223413.264,2035771.8369999998
2025-10-19 20:00:00,220630.937,591861.969,506028.051,394561.57,213545.745,1926628.2719999999
2025-10-19 21:00:00,204066.755,534097.45,458487.574,360354.998,196899.56,1753906.337
2025-10-19 22:00:00,179306.872,483368.696,403815.493,313182.925,172254.287,1551928.273
2025-10-19 23:00:00,167661.672,487820.762,349769.685,267172.146,148336.586,1420760.8510000003
2025-10-20 00:00:00,171002.535,555200.247,377111.794,287728.812,148751.024,1539794.412
2025-10-20 01:00:00,149131.413,463311.336,427829.929,251869.493,131581.838,1423724.009
2025-10-20 02:00:00,132497.546,399440.194,401846.42100000003,226432.507,120784.757,1281001.425
2025-10-20 03:00:00,125006.63399999999,360005.388,339884.191,214263.025,116018.828,1155178.066
2025-10-20 04:00:00,123048.109,345656.908,317653.451,212192.91999999998,115974.27,1114525.6579999998
2025-10-20 05:00:00,130321.719,374591.109,332429.944,228705.157,124615.876,1190663.805
2025-10-20 06:00:00,160696.837,454121.941,398619.517,282772.62,153236.272,1449447.187
2025-10-20 07:00:00,207391.926,541340.214,482116.822,353598.577,190715.588,1775163.1269999999
2025-10-20 08:00:00,228160.93699999998,482568.86699999997,441786.684,383594.626,193116.155,1729227.269
2025-10-20 09:00:00,238812.505,433420.769,413866.614,387977.569,195747.943,1669825.4
2025-10-20 10:00:00,251765.345,388261.058,409629.77400000003,406793.778,219323.547,1675773.502
2025-10-20 11:00:00,262274.428,348421.56,410872.164,379955.05700000003,227638.237,1629161.446
2025-10-20 12:00:00,258119.16499999998,346569.3,377848.062,359453.177,209652.09,1551641.794
2025-10-20 13:00:00,255124.89299999998,254512.595,384591.578,350770.868,205074.354,1450074.288
2025-10-20 14:00:00,233699.691,185985.718,292457.926,256746.138,167881.175,1136770.648
2025-10-20 15:00:00,216421.62099999998,177539.423,223762.251,187481.983,136385.631,941590.909
2025-10-20 16:00:00,209872.93,256593.211,245208.47,176614.343,127348.482,1015637.4359999999
2025-10-20 17:00:00,216974.662,404524.777,372925.31,278507.043,143652.846,1416584.638
2025-10-20 18:00:00,240481.664,554801.355,528207.17,399593.749,209104.548,1932188.486
2025-10-20 19:00:00,242785.188,609223.227,567539.002,428248.151,227890.041,2075685.609
2025-10-20 20:00:00,244014.401,623085.298,575447.572,449639.733,238333.405,2130520.409
2025-10-20 21:00:00,226924.386,569088.971,531110.693,420643.574,222163.655,1969931.279
2025-10-20 22:00:00,196200.635,519035.263,465652.367,364085.609,194117.324,1739091.198
2025-10-20 23:00:00,178746.814,519996.337,398798.165,305509.771,164237.266,1567288.3530000001
2025-10-21 00:00:00,178946.215,594473.591,424206.128,317482.197,161275.06,1676383.191
2025-10-21 01:00:00,154728.346,494672.664,470651.766,277396.26300000004,141616.631,1539065.6700000002
2025-10-21 02:00:00,138413.838,426431.246,439331.738,250302.492,129940.525,1384419.839
2025-10-21 03:00:00,131578.361,390422.412,372449.71,238796.676,125204.731,1258451.89
2025-10-21 04:00:00,130405.24,385528.343,350652.207,239485.309,127025.99900000001,1233097.098
2025-10-21 05:00:00,140744.953,426689.55,380648.295,264258.015,142436.709,1354777.522
2025-10-21 06:00:00,174862.535,528235.52,469918.854,332614.488,180952.409,1686583.806
2025-10-21 07:00:00,225882.141,599971.139,513719.08900000004,382850.019,213621.114,1936043.5020000003
2025-10-21 08:00:00,223977.011,410789.361,339614.178,297746.058,174596.334,1446722.942
2025-10-21 09:00:00,206787.325,188089.415,108392.26,165934.119,91214.681,760417.7999999999
2025-10-21 10:00:00,191943.594,19608.682,-84501.77900000001,58169.242,30414.721,215634.46000000002
2025-10-21 11:00:00,191247.612,-29151.542,-193615.544,-4193.868,25173.246,-10540.095999999976
2025-10-21 12:00:00,178422.655,-48942.89,-231239.196,-1680.2110000000002,-14369.907,-117809.549
2025-10-21 13:00:00,192645.058,44116.444,-206012.149,41878.642,14841.767000000002,87469.76199999997
2025-10-21 14:00:00,177854.71600000001,71056.122,-163250.641,2144.784,6501.914,94306.89500000003
2025-10-21 15:00:00,202325.979,258894.069,25663.275,154357.313,88752.198,729992.8339999999
2025-10-21 16:00:00,212279.413,387622.325,254876.873,247390.471,135939.41700000002,1238108.4989999998
2025-10-21 17:00:00,223078.861,517692.876,393682.929,327356.3,177078.644,1638889.61
2025-10-21 18:00:00,237279.41700000002,610436.563,508032.853,404788.43200000003,215499.952,1976037.2170000002
2025-10-21 19:00:00,240415.529,627547.9670000001,532859.493,425540.252,223071.983,2049435.2240000002
2025-10-21 20:00:00,233142.838,610579.496,513327.005,415854.93200000003,219056.00400000002,1991960.2750000001
2025-10-21 21:00:00,215240.713,557747.043,468446.77400000003,382002.212,202077.65399999998,1825514.3959999997
2025-10-21 22:00:00,188383.437,511316.471,414830.423,333743.586,178926.643,1627200.56
2025-10-21 23:00:00,173131.717,512220.579,355381.773,280272.138,153662.54200000002,1474668.7490000003
2025-10-22 00:00:00,172422.655,583031.762,384397.171,295016.217,151819.998,1586687.803
2025-10-22 01:00:00,147710.927,483966.821,430859.695,254755.373,132848.459,1450141.2750000001
2025-10-22 02:00:00,130936.85,415664.153,399994.072,227763.938,121527.496,1295886.509
2025-10-22 03:00:00,124188.958,377143.635,336208.517,214939.997,116690.38500000001,1169171.4919999999
2025-10-22 04:00:00,122803.254,365775.18,315346.08,212716.788,117157.699,1133799.0010000002
2025-10-22 05:00:00,130709.454,400310.087,330928.295,229198.316,126869.727,1218015.879
2025-10-22 06:00:00,160477.405,492599.414,400066.17,282148.941,156353.224,1491645.1539999999
2025-10-22 07:00:00,208013.917,603589.657,490826.996,351723.607,195009.227,1849163.404
2025-10-22 08:00:00,228521.043,592296.949,469348.789,384136.547,207730.909,1882034.2370000002
2025-10-22 09:00:00,239603.595,579746.732,454297.42,398779.239,203551.575,1875978.5609999998
2025-10-22 10:00:00,246353.886,492440.962,469960.99,404326.678,204309.366,1817391.882
2025-10-22 11:00:00,252111.291,356349.127,466127.431,396618.315,181377.1,1652583.264
2025-10-22 12:00:00,233504.908,114132.924,377465.952,306745.69,85690.673,1117540.1469999999
2025-10-22 13:00:00,193706.687,-19515.578999999998,124838.472,130148.747,-7364.5599999999995,421813.767
2025-10-22 14:00:00,197864.12,40531.338,108559.039,182689.254,18754.262000000002,548398.0129999999
2025-10-22 15:00:00,211678.44400000002,169016.445,244247.943,301165.744,62082.644,988191.22
2025-10-22 16:00:00,220026.753,331668.207,376763.962,351134.899,105309.64,1384903.461
2025-10-22 17:00:00,236419.771,488949.58,504455.12,397016.366,182779.701,1809620.5379999997
2025-10-22 18:00:00,244405.22,642099.996,574368.014,456021.612,208241.945,2125136.787
2025-10-22 19:00:00,258945.63199999998,718125.257,622103.014,500597.306,245362.89,2345134.099
2025-10-22 20:00:00,252061.782,705956.993,607381.949,493293.777,247645.432,2306339.933
2025-10-22 21:00:00,232949.533,637265.451,552937.614,451178.287,230420.824,2104751.709
2025-10-22 22:00:00,200481.839,563508.159,480912.815,385301.087,200232.881,1830436.781
2025-10-22 23:00:00,182912.77,549004.795,413696.641,321110.444,170135.823,1636860.4730000002
2025-10-23 00:00:00,180974.011,618235.365,437626.764,329895.982,166399.73,1733131.852
2025-10-23 01:00:00,156633.551,524990.335,484055.495,287636.191,145852.405,1599167.977
2025-10-23 02:00:00,139661.336,455247.05199999997,456165.79,259096.834,133503.575,1443674.587
2025-10-23 03:00:00,132688.543,414539.361,391385.395,246463.493,128451.485,1313528.277
2025-10-23 04:00:00,131643.344,405212.694,372186.328,246357.707,129896.97,1285297.043
2025-10-23 05:00:00,140964.725,445634.338,397617.196,270125.268,144687.443,1399028.97
2025-10-23 06:00:00,175574.845,549285.056,479713.124,340342.469,182665.77,1727581.264
2025-10-23 07:00:00,230877.831,644811.836,554380.209,422556.399,225448.376,2078074.651
2025-10-23 08:00:00,247232.397,545453.25,456033.087,418243.161,221508.23500000002,1888470.1300000001
2025-10-23 09:00:00,250505.382,401557.678,341257.424,391071.594,196812.74300000002,1581204.8210000002
2025-10-23 10:00:00,250886.725,247778.54,223074.074,332494.774,183443.722,1237677.835
2025-10-23 11:00:00,239785.105,68151.139,132841.194,272342.078,116788.349,829907.865
2025-10-23 12:00:00,210019.515,-5657.881,6565.601999999999,135438.389,57143.925,403509.55000000005
2025-10-23 13:00:00,195067.37900000002,-44600.104,-81510.93400000001,86338.151,33885.495,189179.98700000002
2025-10-23 14:00:00,181047.726,-23144.706,-129395.549,11356.045,26132.645,65996.16100000001
2025-10-23 15:00:00,180586.525,85047.099,-86525.742,38096.941,50891.614,268096.43700000003
2025-10-23 16:00:00,203096.351,237365.669,120483.89,173521.848,117754.802,852222.56
2025-10-23 17:00:00,218052.892,365815.74,333381.629,300950.918,161504.242,1379705.421
2025-10-23 18:00:00,225326.571,474715.295,492832.614,378054.99700000003,196835.486,1767764.963
2025-10-23 19:00:00,234969.99599999998,618275.382,554062.702,420966.789,220916.864,2049191.733
2025-10-23 20:00:00,243217.828,652655.119,573475.961,452561.028,237366.593,2159276.5289999996
2025-10-23 21:00:00,229942.438,607708.769,532387.053,427960.68,223710.746,2021709.686
2025-10-23 22:00:00,201261.66,553165.84,463272.859,372875.501,196268.89,1786844.75
2025-10-23 23:00:00,184583.765,544529.79,397450.33,313199.406,166573.666,1606336.9570000002
2025-10-24 00:00:00,181781.122,616241.11,422521.842,315738.604,162836.292,1699118.9699999997
2025-10-24 01:00:00,156943.799,519526.955,471866.955,270015.929,144480.895,1562834.533
2025-10-24 02:00:00,139426.535,453560.25800000003,441299.309,247550.66100000002,132123.987,1413960.7500000002
2025-10-24 03:00:00,132268.358,413052.177,378906.14,237137.842,127842.857,1289207.374
2025-10-24 04:00:00,131072.062,406449.414,362291.165,239157.902,130046.724,1269017.267
2025-10-24 05:00:00,139492.07,448343.958,387102.687,260844.303,143051.383,1378834.4009999998
2025-10-24 06:00:00,170749.702,553928.493,472121.14,321990.912,178482.709,1697272.956
2025-10-24 07:00:00,217617.42299999998,610361.646,532804.784,377383.162,209751.427,1947918.4419999998
2025-10-24 08:00:00,228399.59100000001,423504.218,399613.831,339750.859,185713.539,1576982.0380000002
2025-10-24 09:00:00,232099.971,273225.951,274621.288,281266.205,182859.65,1244073.065
2025-10-24 10:00:00,231542.092,153182.049,193315.648,193902.552,177596.379,949538.72
2025-10-24 11:00:00,237371.764,157887.072,117343.497,100151.04000000001,151081.802,763835.175
2025-10-24 12:00:00,223422.472,102387.919,5192.458,39705.815,118159.923,488868.587
2025-10-24 13:00:00,211492.523,57118.969,-49604.115,44250.159,102538.172,365795.708
2025-10-24 14:00:00,208215.193,-16515.933,-72066.796,27186.334,95849.644,242668.442
2025-10-24 15:00:00,190748.701,27287.583,-57252.305,29259.412,75431.194,265474.585
2025-10-24 16:00:00,192749.526,107821.764,58502.443,100167.207,113089.704,572330.6440000001
2025-10-24 17:00:00,216004.413,300667.009,247961.125,241661.901,150573.196,1156867.644
2025-10-24 18:00:00,225646.805,448643.724,411789.00800000003,354106.271,181015.211,1621201.0190000003
2025-10-24 19:00:00,229696.399,580933.981,519171.577,402002.287,214069.389,1945873.633
2025-10-24 20:00:00,233969.585,624850.383,553259.626,421703.23,230837.124,2064619.948
2025-10-24 21:00:00,224897.756,599934.78,531815.304,406862.897,224945.397,1988456.134
2025-10-24 22:00:00,203101.22,559705.91,482867.733,368182.546,203814.18099999998,1817671.5899999999
2025-10-24 23:00:00,189011.098,548333.745,421262.424,320106.315,179707.669,1658421.251
2025-10-25 00:00:00,183961.31,592794.069,443090.168,331996.45399999997,175572.804,1727414.805
2025-10-25 01:00:00,158851.546,488522.409,485502.805,289507.802,154762.731,1577147.2929999998
2025-10-25 02:00:00,142892.791,436202.604,452548.567,259608.636,141993.677,1433246.275
2025-10-25 03:00:00,136501.186,407712.533,384190.983,246111.425,135818.535,1310334.662
2025-10-25 04:00:00,134350.011,401557.653,361304.719,242902.729,135657.49,1275772.602
2025-10-25 05:00:00,137850.447,426544.257,373859.557,254080.157,142613.964,1334948.3819999998
2025-10-25 06:00:00,151632.825,481926.204,423664.8,287688.978,159707.66,1504620.467
2025-10-25 07:00:00,173015.459,477004.135,414948.414,299545.346,163641.863,1528155.2170000002
2025-10-25 08:00:00,180627.862,394134.832,281755.487,274826.191,149489.277,1280833.649
2025-10-25 09:00:00,183643.453,276924.144,136476.085,231035.865,109147.664,937227.2109999999
2025-10-25 10:00:00,187487.218,238664.96899999998,50461.184,193309.589,110421.304,780344.264
2025-10-25 11:00:00,204809.125,234102.108,125048.684,256681.86800000002,130214.222,950856.007
2025-10-25 12:00:00,214173.078,218148.68,140279.327,236244.653,157313.176,966158.9140000001
2025-10-25 13:00:00,195527.855,282247.446,53353.491,158382.86800000002,129065.758,818577.4180000001
2025-10-25 14:00:00,212196.622,359942.43700000003,117278.31700000001,221354.578,173190.613,1083962.567
2025-10-25 15:00:00,210361.223,418122.942,212171.525,229479.165,202217.06699999998,1272351.922
2025-10-25 16:00:00,221247.204,487138.697,353834.134,333998.789,212539.968,1608758.792
2025-10-25 17:00:00,232323.562,589813.664,462957.042,397277.251,228990.286,1911361.805
2025-10-25 18:00:00,243164.364,648160.695,542901.98,436376.83999999997,246484.34399999998,2117088.2229999998
2025-10-25 19:00:00,244804.391,673249.739,571153.064,448547.027,254074.618,2191828.8389999997
2025-10-25 20:00:00,239892.82,658475.8859999999,564097.186,446403.26999999996,250936.896,2159806.058
2025-10-25 21:00:00,225207.336,603120.671,525275.669,419136.549,233801.258,2006541.4829999998
2025-10-25 22:00:00,202389.117,559194.549,468516.405,372762.322,209020.601,1811882.994
2025-10-25 23:00:00,190569.291,559765.255,407819.951,321361.834,182451.54200000002,1661967.8729999997
2025-10-26 00:00:00,192065.298,620000.879,428980.45999999996,333166.313,178901.001,1753113.951
2025-10-26 01:00:00,166889.402,516666.089,469063.924,290080.76,155672.169,1598372.3439999998
2025-10-26 02:00:00,147775.36,443241.593,436874.891,258877.463,139962.548,1426731.855
2025-10-26 03:00:00,137073.457,394850.794,371873.024,240614.172,131566.541,1275977.988
2025-10-26 04:00:00,132726.664,374202.827,340040.849,232888.631,127874.486,1207733.457
2025-10-26 05:00:00,132929.971,381701.4,337280.378,236552.776,128973.105,1217437.6300000001
2025-10-26 06:00:00,141773.407,419332.732,370628.869,258545.385,138806.837,1329087.23
2025-10-26 07:00:00,157450.436,455409.051,406765.926,289213.808,141598.678,1450437.899
2025-10-26 08:00:00,170942.047,457441.25,396714.544,319365.512,137723.242,1482186.5950000002
2025-10-26 09:00:00,188917.658,509046.847,393249.83,331079.738,169554.55,1591848.6230000001
2025-10-26 10:00:00,218189.962,575819.617,451365.252,401335.961,222074.228,1868785.02
2025-10-26 11:00:00,245646.952,593383.432,538425.419,466990.923,253393.168,2097839.894
2025-10-26 12:00:00,256907.209,533981.208,599563.073,501479.334,258664.728,2150595.552
2025-10-26 13:00:00,254753.691,350363.04000000004,588232.0160000001,488260.131,229912.579,1911521.457
2025-10-26 14:00:00,223132.419,156804.184,468265.529,407520.043,121801.958,1377524.133
2025-10-26 15:00:00,192606.049,271605.183,273185.472,204468.561,127592.129,1069457.394
2025-10-26 16:00:00,238526.677,307571.84,440509.855,440387.68,174830.69,1601826.7419999999
2025-10-26 17:00:00,223397.46399999998,407734.805,525766.379,419486.05600000004,184603.047,1760987.751
2025-10-26 18:00:00,240434.664,533406.7609999999,562916.538,444499.832,215498.984,1996756.7789999999
2025-10-26 19:00:00,248990.238,637881.328,603155.485,466748.48,239331.603,2196107.134
2025-10-26 20:00:00,248211.26200000002,648401.905,598428.786,474348.86699999997,250630.674,2220021.494
2025-10-26 21:00:00,232458.79,596484.392,544014.859,438463.869,234144.766,2045566.6760000002
2025-10-26 22:00:00,203529.419,541741.686,470962.357,377365.863,204665.269,1798264.594
2025-10-26 23:00:00,185368.913,529913.541,399698.278,313539.351,172636.312,1601156.3949999998
2025-10-27 00:00:00,184531.797,597190.8859999999,421069.447,324788.198,167682.487,1695262.815
2025-10-27 01:00:00,161004.214,511124.545,472028.792,284100.226,147565.651,1575823.428
2025-10-27 02:00:00,144137.998,450061.33,446533.441,257585.048,135975.71,1434293.5269999998
2025-10-27 03:00:00,136428.131,410154.248,382609.729,245063.087,131377.70500000002,1305632.9000000001
2025-10-27 04:00:00,135456.464,405310.31299999997,362730.557,246598.498,132958.963,1283054.795
2025-10-27 05:00:00,145658.326,446529.577,391786.569,273382.527,148392.176,1405749.1749999998
2025-10-27 06:00:00,183964.982,557625.156,487432.699,351696.093,192803.156,1773522.086
2025-10-27 07:00:00,246395.73,666133.027,581630.028,445827.092,249695.332,2189681.209
2025-10-27 08:00:00,275328.24199999997,555627.019,522623.713,475175.722,261972.05299999999,2090726.749
2025-10-27 09:00:00,291338.435,418034.857,456030.181,451534.06,259805.447,1876742.9799999997
2025-10-27 10:00:00,293571.462,242614.379,368272.38899999997,374722.627,238182.342,1517363.1989999998
2025-10-27 11:00:00,295158.65,160023.169,276069.29,323723.729,226026.236,1281001.074
2025-10-27 12:00:00,290877.74,63568.549999999996,209945.028,269099.504,201742.69400000002,1035233.516
2025-10-27 13:00:00,252511.1,-54658.265,167944.564,164140.561,122043.884,651981.8439999999
2025-10-27 14:00:00,218677.937,-118836.33,82079.24799999999,119777.517,63752.807,365451.179
2025-10-27 15:00:00,205048.161,-93217.391,58601.731,107617.992,35523.31,313573.803
2025-10-27 16:00:00,210484.23,43328.586,143918.81699999998,158959.4,74259.101,630950.1340000001
2025-10-27 17:00:00,232468.511,292057.773,302181.834,276504.616,146506.406,1249719.14
2025-10-27 18:00:00,262259.878,555280.643,511537.149,426510.257,228674.69,1984262.6169999999
2025-10-27 19:00:00,283210.897,734443.1410000001,657038.998,522467.196,289301.022,2486461.254
2025-10-27 20:00:00,294435.44,790204.987,706530.9940000001,568932.886,316975.712,2677080.019
2025-10-27 21:00:00,276529.656,727034.923,653918.947,534436.049,297572.58,2489492.1550000003
2025-10-27 22:00:00,234147.005,639331.966,558596.881,451350.31200000003,252390.888,2135817.052
2025-10-27 23:00:00,206646.837,607298.669,467500.678,369619.42,206760.07200000001,1857825.676
2025-10-28 00:00:00,201347.921,668205.662,482321.207,372289.549,194648.596,1918812.9349999998
2025-10-28 01:00:00,177039.373,574589.953,535255.134,328699.596,171393.961,1786978.017
2025-10-28 02:00:00,158394.126,507127.053,508892.245,300043.371,158478.752,1632935.547
2025-10-28 03:00:00,150947.407,466132.665,447430.64999999997,289279.086,153850.221,1507640.0289999999
2025-10-28 04:00:00,151242.491,465284.31,435333.502,294438.091,158174.062,1504472.4559999998
2025-10-28 05:00:00,165508.715,525368.282,483604.778,331560.128,179399.263,1685441.166
2025-10-28 06:00:00,212824.073,659159.72,615685.006,434151.859,233157.154,2154977.812
2025-10-28 07:00:00,275631.26,710274.865,664019.166,500447.382,265993.269,2416365.942
2025-10-28 08:00:00,272204.043,448397.303,427220.723,395146.425,208773.668,1751742.162
2025-10-28 09:00:00,254236.225,194332.654,161066.823,244768.826,131896.935,986301.463
2025-10-28 10:00:00,230966.676,-31045.948999999997,-52843.377,109645.856,60970.54,317693.746
2025-10-28 11:00:00,212651.249,-166497.14500000002,-188697.374,23830.972999999998,16917.792,-101794.50500000002
2025-10-28 12:00:00,198835.119,-249772.185,-265745.93799999997,-29433.594,-9627.728000000001,-355744.32599999994
2025-10-28 13:00:00,187086.15899999999,-288987.405,-301874.50800000003,-59388.813,-23753.503,-486918.07000000007
2025-10-28 14:00:00,179602.456,-292718.957,-290272.019,-68083.999,-25181.699,-496654.218
2025-10-28 15:00:00,177522.643,-228698.692,-219609.969,-37877.812,-11229.593,-319893.423
2025-10-28 16:00:00,190024.839,-76655.487,-67029.811,54801.066999999995,34428.288,135568.896
2025-10-28 17:00:00,213284.364,172252.21899999998,173169.817,200247.817,107557.179,866511.3960000001
2025-10-28 18:00:00,240437.361,417797.924,415384.034,347252.857,185165.559,1606037.7349999999
2025-10-28 19:00:00,257335.899,604073.743,550989.86,430520.192,235982.862,2078902.556
2025-10-28 20:00:00,267036.717,669074.473,591324.688,467451.261,258186.202,2253073.341
2025-10-28 21:00:00,252355.046,634230.911,555462.648,443775.436,245588.89500000002,2131412.9359999998
2025-10-28 22:00:00,216846.704,570712.206,482467.131,383902.925,214694.608,1868623.574
2025-10-28 23:00:00,194258.65,557489.849,412286.223,321795.019,180803.962,1666633.7030000002
2025-10-29 00:00:00,191498.1,622274.099,434128.049,332040.532,175449.578,1755390.3580000002
2025-10-29 01:00:00,166660.912,530510.436,482053.94,292574.304,154862.786,1626662.378
2025-10-29 02:00:00,149318.511,466155.498,456303.941,267159.147,143209.515,1482146.6120000002
2025-10-29 03:00:00,142207.803,429348.992,398395.68200000003,255667.778,138147.838,1363768.093
2025-10-29 04:00:00,141536.951,425299.661,385580.412,259715.01499999998,141144.519,1353276.558
2025-10-29 05:00:00,153903.057,474363.246,423640.92100000003,291672.322,159815.046,1503394.5920000002
2025-10-29 06:00:00,194761.002,588791.9619999999,525460.8369999999,375643.195,203698.967,1888355.9629999998
2025-10-29 07:00:00,247601.869,617518.245,551047.268,419217.967,227618.76499999998,2063004.1139999998
2025-10-29 08:00:00,243631.195,368510.48,332177.023,319345.121,172920.777,1436584.5960000001
2025-10-29 09:00:00,225917.639,108278.334,77307.255,184869.07,99473.981,695846.279
2025-10-29 10:00:00,206366.553,-100526.696,-121106.131,72536.995,36059.048,93329.76900000003
2025-10-29 11:00:00,193012.475,-193038.156,-241689.087,-5309.8240000000005,-2882.23,-249906.822
2025-10-29 12:00:00,183175.717,-203829.342,-275546.877,-48259.335,-11210.483,-355670.31999999995
2025-10-29 13:00:00,177701.799,-209681.901,-280526.031,-60739.683000000005,-10676.818,-383922.6340000001
2025-10-29 14:00:00,171075.134,-201967.589,-244623.786,-62936.143,-14319.529999999999,-352771.914
2025-10-29 15:00:00,172382.488,-143991.356,-213788.721,-42198.535,1476.8000000000002,-226119.324
2025-10-29 16:00:00,187030.413,-10406.547,-79658.843,52566.684,40538.858,190070.56500000003
2025-10-29 17:00:00,207531.423,192270.899,157512.334,194691.6,104515.96399999999,856522.2200000001
2025-10-29 18:00:00,227773.675,415845.468,379020.099,329345.023,176034.911,1528019.176
2025-10-29 19:00:00,238793.744,567720.365,500534.518,399666.603,215488.31,1922203.5399999998
2025-10-29 20:00:00,243901.81,605173.36,523240.088,424667.662,226463.19700000001,2023446.1169999999
2025-10-29 21:00:00,231184.713,566232.276,489917.903,404001.225,214579.483,1905915.5999999999
2025-10-29 22:00:00,201483.332,517951.433,430560.532,352654.992,188618.234,1691268.5229999998
2025-10-29 23:00:00,183547.455,518900.176,371331.918,297961.169,161754.469,1533495.187
2025-10-30 00:00:00,182810.116,588735.5619999999,399501.72000000003,312731.362,161150.186,1644928.946
2025-10-30 01:00:00,158226.675,492990.768,446768.531,274787.937,142350.691,1515124.602
2025-10-30 02:00:00,140509.239,429544.058,419400.506,249190.761,130151.927,1368796.491
2025-10-30 03:00:00,133842.399,395824.32,361514.298,237187.232,126451.026,1254819.2750000001
2025-10-30 04:00:00,132957.17,391466.866,348079.153,239205.434,129372.632,1241081.255
2025-10-30 05:00:00,143272.788,439533.57,383006.422,265997.636,144971.978,1376782.3939999999
2025-10-30 06:00:00,178896.814,535986.581,474937.431,334468.641,180576.539,1704866.006
2025-10-30 07:00:00,224753.509,547192.265,485995.309,360527.125,194615.558,1813083.766
2025-10-30 08:00:00,220887.367,298363.431,266369.438,265710.252,143764.183,1195094.6709999999
2025-10-30 09:00:00,207161.32,62676.473,29215.356,143788.055,78574.89,521416.09400000004
2025-10-30 10:00:00,192551.229,-131231.336,-166278.948,36323.270000000004,22887.011,-45748.77400000002
2025-10-30 11:00:00,183393.948,-236969.037,-267615.42,-27836.247,-8419.994,-357446.75
2025-10-30 12:00:00,177763.54499999998,-247657.333,-296494.698,-64976.583,-10356.229,-441721.298
2025-10-30 13:00:00,179157.973,-191676.032,-212855.104,-30682.69,30734.39,-225321.463
2025-10-30 14:00:00,190115.85,-146962.794,-165179.288,-12616.579,39616.941,-95025.87
2025-10-30 15:00:00,201275.431,-90975.681,-128907.64199999999,55061.029,39730.997,76184.13400000002
2025-10-30 16:00:00,202009.136,63955.281,-19687.161,112237.445,72535.19,431049.891
2025-10-30 17:00:00,222155.16999999998,273798.418,184054.376,229093.224,138594.799,1047695.9869999998
2025-10-30 18:00:00,226629.684,453601.753,373854.45399999997,332585.102,173641.641,1560312.634
2025-10-30 19:00:00,225345.027,544967.727,468800.961,374741.456,199304.745,1813159.9160000002
2025-10-30 20:00:00,226917.668,564559.675,485338.936,388348.008,210299.21,1875463.497
2025-10-30 21:00:00,214850.54,522844.04000000004,457977.018,365564.56799999997,198016.467,1759252.633
2025-10-30 22:00:00,189414.525,481583.304,406180.389,320246.233,173838.90899999999,1571263.36
2025-10-30 23:00:00,176071.561,483675.147,354363.956,273896.237,149678.709,1437685.61
2025-10-31 00:00:00,175365.701,546721.891,382112.48699999996,290741.164,150795.479,1545736.7219999998
2025-10-31 01:00:00,150316.855,451329.434,422354.149,250988.184,131856.446,1406845.068
2025-10-31 02:00:00,133449.75,391241.321,391311.382,225727.811,120926.037,1262656.301
2025-10-31 03:00:00,126054.857,355835.254,335174.233,213734.32200000001,116207.101,1147005.767
2025-10-31 04:00:00,124683.287,345392.53,315984.411,212299.764,116388.852,1114748.844
2025-10-31 05:00:00,131666.824,372224.954,334770.99,227030.176,125488.154,1191181.0980000002
2025-10-31 06:00:00,157103.255,447006.821,394196.231,269384.382,149289.04499999998,1416979.734
2025-10-31 07:00:00,195229.03,495734.857,443551.729,310294.098,168582.079,1613391.7929999998
2025-10-31 08:00:00,217673.62,447760.98699999996,374278.636,300751.089,179094.479,1519558.811
2025-10-31 09:00:00,230188.91,404976.092,365262.352,329730.34500000003,185303.234,1515460.933
2025-10-31 10:00:00,236789.422,349806.034,357544.336,327513.142,179327.192,1450980.126
2025-10-31 11:00:00,235139.175,319875.873,339167.02999999997,295669.425,179752.945,1369604.448
2025-10-31 12:00:00,242476.49300000002,215009.593,240584.276,272782.83400000003,187383.776,1158236.972
2025-10-31 13:00:00,239252.018,162367.78399999999,208870.2,285118.271,164930.254,1060538.527
2025-10-31 14:00:00,207776.777,128907.015,141543.649,188137.268,85814.886,752179.595
2025-10-31 15:00:00,203810.311,150389.863,112192.628,180785.568,78869.506,726047.8759999999
2025-10-31 16:00:00,212557.689,270810.876,244522.336,255590.272,125290.53,1108771.703
2025-10-31 17:00:00,217144.33299999998,384275.784,333390.773,323468.52,138222.736,1396502.146
2025-10-31 18:00:00,223846.58599999998,481242.921,436114.50800000003,373119.119,189091.78,1703414.914
2025-10-31 19:00:00,223551.589,545427.155,486799.437,392316.626,197831.609,1845926.416
2025-10-31 20:00:00,217579.20500000002,566654.3640000001,494016.305,389284.72,203062.778,1870597.372
2025-10-31 21:00:00,207265.471,541137.374,470738.158,370935.066,195725.12,1785801.1889999998
2025-10-31 22:00:00,187983.372,511507.309,427598.027,334416.382,178943.5,1640448.5899999999
2025-10-31 23:00:00,179954.093,518312.405,378577.48,292441.158,160874.492,1530159.628
2025-11-01 00:00:00,182581.561,588171.372,406391.81,310268.709,160169.074,1647582.526
2025-11-01 01:00:00,157075.641,483265.265,448197.764,268504.615,139590.343,1496633.628
2025-11-01 02:00:00,138735.491,414912.901,411536.763,240359.30599999998,127039.36,1332583.821
2025-11-01 03:00:00,130341.53,377415.939,346377.847,227407.492,121328.45999999999,1202871.268
2025-11-01 04:00:00,126987.296,362438.097,323985.759,223557.936,119316.94,1156286.028
2025-11-01 05:00:00,128615.176,377224.417,329107.951,230061.477,123092.332,1188101.3530000001
2025-11-01 06:00:00,137175.846,419121.922,353739.197,249541.016,133029.906,1292607.8869999999
2025-11-01 07:00:00,152932.722,419517.508,326004.975,258737.567,135784.379,1292977.1509999998
2025-11-01 08:00:00,168325.151,320951.338,211230.404,267988.493,139673.483,1108168.869
2025-11-01 09:00:00,171697.175,208878.288,66350.512,189658.921,116067.016,752651.912
2025-11-01 10:00:00,159849.289,36183.976,-85328.099,75338.413,48939.564,234983.14299999998
2025-11-01 11:00:00,150573.00400000002,-136393.139,-210658.474,-11773.009,-4646.308,-212897.92599999995
2025-11-01 12:00:00,141029.559,-236504.505,-281702.369,-60950.072,-37453.208,-475580.595
2025-11-01 13:00:00,133931.867,-287140.845,-313032.853,-84701.252,-47695.446,-598638.529
2025-11-01 14:00:00,132710.201,-265865.803,-292617.328,-82443.55,-43782.695999999996,-551999.176
2025-11-01 15:00:00,137098.846,-198704.503,-211591.574,-40588.594,-21606.102,-335391.927
2025-11-01 16:00:00,151252.98,-53155.134,-62790.244,45187.345,25008.663,105503.61000000002
2025-11-01 17:00:00,172970.732,169414.376,153876.16700000002,173560.323,89268.964,759090.562
2025-11-01 18:00:00,193318.707,396406.274,366174.406,296722.546,151699.493,1404321.426
2025-11-01 19:00:00,200439.793,543293.008,467136.9,352956.583,183398.919,1747225.203
2025-11-01 20:00:00,201698.22,553329.081,476608.286,364820.451,191291.788,1787747.826
2025-11-01 21:00:00,194137.467,516928.15,446647.983,348597.441,183456.691,1689767.7320000003
2025-11-01 22:00:00,178257.031,488397.18200000003,407406.88399999996,315734.921,169065.565,1558861.5829999999
2025-11-01 23:00:00,173772.946,499605.75,364016.1,278606.824,153072.646,1469074.266
2025-11-02 00:00:00,178302.96,562823.7390000001,392281.808,299475.602,154898.33299999998,1587782.4419999998
2025-11-02 01:00:00,154437.101,465914.379,434725.889,260672.64800000002,136316.099,1452066.116
2025-11-02 02:00:00,136391.579,402807.887,401543.929,232483.676,124118.913,1297345.984
2025-11-02 03:00:00,127590.693,365580.586,338997.114,218587.674,118292.095,1169048.162
2025-11-02 04:00:00,122944.458,352706.727,311429.157,212081.352,114986.80099999999,1114148.495
2025-11-02 05:00:00,123020.008,359356.117,308290.16000000003,214496.168,115836.353,1120998.806
2025-11-02 06:00:00,128082.124,381506.422,317565.941,225187.448,118110.329,1170452.264
2025-11-02 07:00:00,136635.645,336412.05700000003,274207.843,207788.648,104818.847,1059863.04
2025-11-02 08:00:00,138484.8,196576.095,138897.151,157538.94,73878.102,705375.088
2025-11-02 09:00:00,142910.972,53335.444,-5114.281,98419.027,35576.95,325128.112
2025-11-02 10:00:00,145044.554,-61915.128,-126227.826,31836.272,3955.8559999999998,-7306.271999999997
2025-11-02 11:00:00,160344.862,-119165.945,-184016.02599999998,22570.98,5763.482,-114502.647
2025-11-02 12:00:00,152529.184,-141943.706,-174982.41,10916.922999999999,-13839.113,-167319.122
2025-11-02 13:00:00,160945.131,-135226.301,-204022.761,5143.918,-5043.255,-178203.268
2025-11-02 14:00:00,161625.87,-54174.734,-160596.53,46885.463,1917.82,-4342.111000000012
2025-11-02 15:00:00,177731.59399999998,28989.142,-84111.26299999999,102016.508,55505.237,280131.218
2025-11-02 16:00:00,202813.219,253167.56,102373.29800000001,211850.899,115390.296,885595.272
2025-11-02 17:00:00,230602.226,549383.262,360214.657,374602.72000000003,197654.394,1712457.2590000003
2025-11-02 18:00:00,252072.605,715364.583,599289.405,507628.848,262343.305,2336698.746
2025-11-02 19:00:00,248207.902,731173.545,622176.403,508137.544,264735.935,2374431.329
2025-11-02 20:00:00,243756.323,666761.2930000001,591269.292,490138.29099999997,257607.423,2249532.622
2025-11-02 21:00:00,224665.679,579075.197,527871.227,435311.06799999997,230499.337,1997422.5080000001
2025-11-02 22:00:00,195509.532,510702.645,451514.106,362976.884,194115.212,1714818.379
2025-11-02 23:00:00,180479.527,501961.906,388468.967,301122.724,165602.439,1537635.5629999998
2025-11-03 00:00:00,178594.538,558745.723,402189.963,308503.87,159354.698,1607388.7920000001
2025-11-03 01:00:00,153307.655,459084.652,432891.534,263690.662,138417.259,1447391.762
2025-11-03 02:00:00,135871.267,395032.393,395434.97000000003,235525.317,125738.651,1287602.598
2025-11-03 03:00:00,128648.572,358441.78500000003,331012.122,220026.64,119787.925,1157917.044
2025-11-03 04:00:00,125419.011,345952.039,307184.625,213645.61,117005.777,1109207.062
2025-11-03 05:00:00,128841.677,361636.108,310108.788,217979.951,120129.249,1138695.773
2025-11-03 06:00:00,147627.91999999998,419943.45,346668.454,246657.616,136487.539,1297384.9789999998
2025-11-03 07:00:00,177739.214,500051.264,387185.836,287134.299,158425.94700000001,1510536.5599999998
2025-11-03 08:00:00,202451.845,494739.23099999997,404277.294,338402.328,178919.308,1618790.0059999998
2025-11-03 09:00:00,223836.148,479935.673,419741.63800000004,375687.278,198166.271,1697367.008
2025-11-03 10:00:00,235730.856,451014.862,421239.432,397975.11100000003,204457.021,1710417.282
2025-11-03 11:00:00,247009.715,403682.58400000003,446983.621,421978.985,214865.476,1734520.381
2025-11-03 12:00:00,246990.715,336365.579,440630.1,414114.326,201257.18600000002,1639357.906
2025-11-03 13:00:00,244317.098,306303.542,426601.585,382462.392,201028.878,1560713.495
2025-11-03 14:00:00,234589.2,263782.356,443042.686,367217.99,177707.62900000002,1486339.861
2025-11-03 15:00:00,223370.5,289182.161,452842.825,339805.093,165336.595,1470537.1739999999
2025-11-03 16:00:00,225414.748,330035.642,494116.91500000004,361187.79099999997,187501.393,1598256.4889999998
2025-11-03 17:00:00,228478.122,412218.1,577480.131,414682.111,193767.227,1826625.6909999999
2025-11-03 18:00:00,242232.017,594051.997,638086.023,478820.63399999996,248287.341,2201478.012
2025-11-03 19:00:00,242666.953,664540.783,642013.978,491078.49100000004,252703.515,2293003.72
2025-11-03 20:00:00,234671.825,669592.207,612981.757,479365.219,250866.65899999999,2247477.6670000004
2025-11-03 21:00:00,221988.20500000002,619549.791,559667.062,447310.055,236299.792,2084814.9049999998
2025-11-03 22:00:00,195754.296,562328.146,490681.713,390046.574,209172.181,1847982.91
2025-11-03 23:00:00,182503.126,558225.659,421683.702,330363.43799999997,179944.967,1672720.8919999998
2025-11-04 00:00:00,181365.604,626907.527,438117.811,337737.647,172979.932,1757108.521
2025-11-04 01:00:00,156522.974,522347.041,484055.482,292377.053,150202.569,1605505.119
2025-11-04 02:00:00,138991.418,446976.904,446515.042,260631.736,135934.278,1429049.378
2025-11-04 03:00:00,131584.538,400524.169,375395.016,245065.69,129399.228,1281968.6409999998
2025-11-04 04:00:00,128933.473,384707.298,344895.271,239521.468,127371.01,1225428.52
2025-11-04 05:00:00,131618.632,404674.732,348697.582,247079.86,131582.497,1263653.303
2025-11-04 06:00:00,146075.663,462114.618,389324.524,277817.355,146870.194,1422202.3539999998
2025-11-04 07:00:00,168686.991,484233.377,421076.546,312206.424,155203.449,1541406.787
2025-11-04 08:00:00,182770.483,382934.316,356263.38,308617.039,136232.768,1366817.9859999998
2025-11-04 09:00:00,188282.407,313346.46,271549.092,279591.496,135210.332,1187979.787
2025-11-04 10:00:00,207048.42,216394.951,241301.977,293105.674,136842.942,1094693.9640000002
2025-11-04 11:00:00,185774.278,122354.49799999999,196156.249,174651.557,53777.316,732713.8979999999
2025-11-04 12:00:00,183833.823,88405.629,105151.037,128818.669,57100.551,563309.709
2025-11-04 13:00:00,176115.456,106420.185,73905.65,101854.12700000001,57292.892,515588.31000000006
2025-11-04 14:00:00,209609.63,231728.248,141529.633,232312.17799999999,129851.645,945031.334
2025-11-04 15:00:00,195714.928,247553.389,263369.95,252305.402,141741.306,1100684.975
2025-11-04 16:00:00,210049.864,369356.262,328725.545,300668.653,176246.968,1385047.292
2025-11-04 17:00:00,228322.69199999998,516037.57,481966.007,384303.841,201268.207,1811898.317
2025-11-04 18:00:00,248669.525,684534.974,606959.803,483428.44,242620.414,2266213.156
2025-11-04 19:00:00,256730.486,774284.085,667987.566,523306.431,272861.654,2495170.222
2025-11-04 20:00:00,253521.741,770497.734,658093.685,519690.172,275825.903,2477629.2350000003
2025-11-04 21:00:00,235099.087,695983.605,593027.95,477731.179,256405.334,2258247.155
2025-11-04 22:00:00,203911.646,610408.675,507779.763,405915.97000000003,219485.741,1947501.795
2025-11-04 23:00:00,186958.683,590532.913,435674.49100000004,336714.844,183410.109,1733291.0399999998
2025-11-05 00:00:00,187723.527,659226.162,456147.513,345572.58,177848.188,1826517.9700000002
2025-11-05 01:00:00,164032.244,565998.735,500815.791,302876.582,156151.263,1689874.615
2025-11-05 02:00:00,145767.909,492080.805,471987.643,272274.746,143314.011,1525425.1139999998
2025-11-05 03:00:00,137287.16700000002,446323.862,405211.217,257591.922,136885.828,1383299.996
2025-11-05 04:00:00,135888.626,431214.521,381451.898,256826.903,137371.143,1342753.091
2025-11-05 05:00:00,145531.5,464586.925,407550.817,281162.408,151340.451,1450172.1010000003
2025-11-05 06:00:00,182530.68,562189.11,500545.175,356829.312,189985.372,1792079.649
2025-11-05 07:00:00,230691.044,607745.66,547872.016,400414.218,217331.30599999998,2004054.244
2025-11-05 08:00:00,230969.50900000002,415588.933,405175.378,350831.27,167006.811,1569571.901
2025-11-05 09:00:00,233045.549,279147.232,250913.797,259145.045,123392.30099999999,1145643.924
2025-11-05 10:00:00,224964.64,160750.32,115308.43,176048.426,94225.832,771297.648
2025-11-05 11:00:00,212393.961,50363.475,19055.134000000002,97098.769,73189.817,452101.15599999996
2025-11-05 12:00:00,211849.626,-22060.38,-40561.001,102404.293,55384.071,307016.609
2025-11-05 13:00:00,212064.90899999999,-40197.761,-4321.834000000001,152422.462,63612.591,383580.367
2025-11-05 14:00:00,192551.63199999998,-50140.244,-4082.4680000000003,116751.094,56695.903,311775.91699999996
2025-11-05 15:00:00,194488.718,-6450.604,74760.957,187863.41999999998,63851.499,514513.99
2025-11-05 16:00:00,205729.213,109524.079,137117.758,201919.317,83865.991,738156.3580000001
2025-11-05 17:00:00,227430.424,291148.03,309096.261,309004.127,142228.979,1278907.821
2025-11-05 18:00:00,238673.131,443117.158,449707.896,374627.121,194844.646,1700969.9519999998
2025-11-05 19:00:00,242319.147,580482.536,534814.138,418878.794,220539.783,1997034.398
2025-11-05 20:00:00,243634.485,621327.27,560181.54,444397.918,232957.111,2102498.324
2025-11-05 21:00:00,230841.845,585732.648,527098.775,422863.375,222922.924,1989459.5670000003
2025-11-05 22:00:00,199620.61,530963.211,459123.76,366425.823,194814.796,1750948.2
2025-11-05 23:00:00,180660.005,526610.75,389108.767,306567.196,165013.546,1567960.264
2025-11-06 00:00:00,179131.884,599548.09,412381.059,318259.222,162108.406,1671428.6609999998
2025-11-06 01:00:00,155006.805,505431.302,459320.169,275995.984,142101.131,1537855.391
2025-11-06 02:00:00,137653.2,440709.113,429379.375,248485.783,130560.415,1386787.8860000002
2025-11-06 03:00:00,131414.247,403832.314,367305.745,236410.995,126990.688,1265953.989
2025-11-06 04:00:00,130905.817,402371.803,350732.246,237307.501,128667.074,1249984.441
2025-11-06 05:00:00,140199.096,450134.082,378266.848,260425.468,143243.918,1372269.412
2025-11-06 06:00:00,174489.556,548354.249,452606.683,319597.996,178504.862,1673553.346
2025-11-06 07:00:00,217548.101,536176.857,438053.527,334371.902,187595.012,1713745.3989999997
2025-11-06 08:00:00,212956.054,288633.252,210789.613,239935.344,133074.94,1085389.203
2025-11-06 09:00:00,199886.68,49960.422,-15047.804,119470.00600000001,66305.944,420575.248
2025-11-06 10:00:00,185499.053,-134232.55,-193325.344,16073.639000000001,10669.051,-115316.15099999998
2025-11-06 11:00:00,177210.43,-218207.326,-292241.466,-42985.649,-21290.382,-397514.39300000004
2025-11-06 12:00:00,174232.261,-203479.373,-318373.858,-48240.066,-35220.628,-431081.664
2025-11-06 13:00:00,175910.861,-157493.977,-244677.935,9996.056,-26582.456,-242847.451
2025-11-06 14:00:00,179644.978,-57712.341,-206587.47,-3074.464,-10314.454,-98043.75099999999
2025-11-06 15:00:00,193912.51200000002,142243.559,-80687.973,109181.488,84640.013,449289.59900000005
2025-11-06 16:00:00,213781.701,261540.282,125242.73199999999,198567.947,135728.388,934861.0499999999
2025-11-06 17:00:00,223685.763,424643.057,322487.969,301268.207,171999.464,1444084.46
2025-11-06 18:00:00,230712.248,549921.485,455217.224,377400.874,205219.065,1818470.896
2025-11-06 19:00:00,230450.273,583874.116,495427.19299999997,393872.397,215734.422,1919358.4009999998
2025-11-06 20:00:00,225833.828,579307.022,489100.394,391960.194,214710.908,1900912.3460000001
2025-11-06 21:00:00,211860.689,528880.286,451189.507,365328.968,200876.75400000002,1758136.204
2025-11-06 22:00:00,185886.253,487373.594,398333.748,320221.841,176588.548,1568403.984
2025-11-06 23:00:00,172354.068,490790.8,345196.328,272937.798,151641.691,1432920.685
2025-11-07 00:00:00,172677.561,558498.787,373403.756,290178.073,150559.804,1545317.981
2025-11-07 01:00:00,148405.328,459520.964,418310.104,250948.163,131706.884,1408891.4430000002
2025-11-07 02:00:00,130978.868,397030.25800000003,384809.352,224894.723,120155.427,1257868.628
2025-11-07 03:00:00,124623.288,362967.411,322418.014,212893.344,116290.373,1139192.43
2025-11-07 04:00:00,123380.092,360297.553,304179.901,212696.364,115955.35,1116509.2600000002
2025-11-07 05:00:00,130499.30900000001,398102.881,323122.974,229137.704,125995.821,1206858.689
2025-11-07 06:00:00,155089.096,477961.05700000003,375750.902,263552.957,149950.57,1422304.5820000002
2025-11-07 07:00:00,193663.575,527776.587,398404.12399999995,289545.573,174166.615,1583556.474
2025-11-07 08:00:00,216396.197,454650.815,335541.20399999997,312518.966,190624.604,1509731.786
2025-11-07 09:00:00,225824.75400000002,382707.624,289097.636,297505.582,178043.585,1373179.1809999999
2025-11-07 10:00:00,222208.305,244981.464,191406.72,269471.446,149543.347,1077611.282
2025-11-07 11:00:00,235264.358,184783.225,160083.327,290280.982,143100.772,1013512.664
2025-11-07 12:00:00,229458.638,114499.593,164181.203,314794.671,116740.598,939674.703
2025-11-07 13:00:00,223092.22699999998,109369.599,-959.8179999999993,192485.34100000001,55455.475,579442.824
2025-11-07 14:00:00,222910.881,334099.165,38229.18,221371.056,129418.176,946028.458
2025-11-07 15:00:00,228568.527,392077.761,274599.197,302295.505,159294.032,1356835.0219999999
2025-11-07 16:00:00,233715.351,451209.949,362874.814,340159.12200000003,182608.756,1570567.992
2025-11-07 17:00:00,236033.572,511175.87,471188.201,385487.533,200551.727,1804436.903
2025-11-07 18:00:00,235032.755,558862.329,507836.495,400441.238,215464.266,1917637.0830000003
2025-11-07 19:00:00,228459.802,594631.542,504726.571,401200.963,216197.137,1945216.0150000001
2025-11-07 20:00:00,219303.117,606106.485,485608.668,392113.933,209434.247,1912566.45
2025-11-07 21:00:00,206035.78,570159.8470000001,451197.337,370076.086,196158.689,1793627.739
2025-11-07 22:00:00,186918.706,535734.014,408229.811,332989.812,178524.766,1642397.109
2025-11-07 23:00:00,178275.047,541796.162,362265.74,288244.53,157638.41,1528219.889
2025-11-08 00:00:00,179332.761,609321.66,391137.407,306620.316,157353.53399999999,1643765.6780000003
2025-11-08 01:00:00,153665.584,503282.763,433930.406,264824.908,138470.137,1494173.798
2025-11-08 02:00:00,136363.209,440495.596,397391.888,236873.676,126724.58,1337848.949
2025-11-08 03:00:00,128840.589,404962.908,334152.15,223937.776,121127.836,1213021.2589999998
2025-11-08 04:00:00,126215.914,389725.563,313555.125,220857.76,119950.69,1170305.052
2025-11-08 05:00:00,128720.685,406131.575,317864.471,228714.939,124876.98,1206308.65
2025-11-08 06:00:00,142101.668,453874.817,356749.806,260734.957,142175.316,1355636.5640000002
2025-11-08 07:00:00,167270.429,477257.538,397241.507,307012.051,168240.854,1517022.379
2025-11-08 08:00:00,190787.124,480404.047,395342.167,364103.222,191425.40899999999,1622061.969
2025-11-08 09:00:00,216105.372,440117.668,393222.94200000004,392712.02,209511.181,1651669.1830000002
2025-11-08 10:00:00,234554.497,345832.506,382845.47,398626.074,218079.014,1579937.561
2025-11-08 11:00:00,249903.379,308761.191,377712.458,424173.603,220015.007,1580565.638
2025-11-08 12:00:00,249365.453,263520.302,385085.561,411635.168,214750.54200000002,1524357.026
2025-11-08 13:00:00,250884.95799999998,239802.87,356438.279,398300.074,211207.87099999998,1456634.052
2025-11-08 14:00:00,245170.318,260251.279,366803.33,378125.56,205349.454,1455699.9409999999
2025-11-08 15:00:00,243339.02000000002,283925.563,416394.629,366815.101,230068.348,1540542.661
2025-11-08 16:00:00,261322.432,357427.928,493840.231,427929.521,255927.299,1796447.4110000003
2025-11-08 17:00:00,276386.706,475703.652,610466.816,526989.13,283320.06,2172866.364
2025-11-08 18:00:00,288805.682,605848.275,685315.851,577890.513,307098.762,2464959.083
2025-11-08 19:00:00,288450.298,721967.218,707958.736,592671.7390000001,322894.431,2633942.4220000003
2025-11-08 20:00:00,282987.679,758203.977,686374.402,582926.437,321280.084,2631772.579
2025-11-08 21:00:00,265505.731,715367.074,635760.48,543218.367,300566.59500000003,2460418.247
2025-11-08 22:00:00,235568.816,652856.876,558771.058,473438.5,263838.362,2184473.612
2025-11-08 23:00:00,216467.079,633087.518,480822.494,395564.838,224914.155,1950856.084
2025-11-09 00:00:00,211466.186,682810.047,488671.729,391918.37,211158.442,1986024.7740000002
2025-11-09 01:00:00,182536.275,576034.733,521820.821,337169.864,181892.532,1799454.225
2025-11-09 02:00:00,160077.764,498505.653,481609.776,297168.19,161695.644,1599057.0270000002
2025-11-09 03:00:00,148802.037,448976.881,407920.981,275807.789,151038.843,1432546.531
2025-11-09 04:00:00,143800.335,425417.082,374401.558,267275.779,147180.442,1358075.196
2025-11-09 05:00:00,144686.85199999998,436600.646,374884.872,271123.309,150427.913,1377723.592
2025-11-09 06:00:00,157687.603,470377.383,405681.895,297227.94,164356.435,1495331.256
2025-11-09 07:00:00,178685.806,438941.254,406789.358,313585.06,176962.191,1514963.6690000002
2025-11-09 08:00:00,195483.949,363307.221,324964.316,296918.09,165775.849,1346449.4249999998
2025-11-09 09:00:00,200506.523,294342.019,203460.379,262185.53,153924.97,1114419.4209999999
2025-11-09 10:00:00,198392.46,189971.419,178633.699,256047.53100000002,125993.444,949038.553
2025-11-09 11:00:00,193068.096,98134.79400000001,95585.737,160455.192,102931.649,650175.468
2025-11-09 12:00:00,184624.903,65411.471,66347.316,117698.031,80421.847,514503.56799999997
2025-11-09 13:00:00,169281.91700000002,65463.963,-3580.276,50655.37,69129.033,350950.007
2025-11-09 14:00:00,164738.932,92372.851,-19703.34,35750.473,92255.16,365414.076
2025-11-09 15:00:00,189929.528,87541.568,95613.219,174565.859,129401.43400000001,677051.608
2025-11-09 16:00:00,204767.833,177966.626,214313.713,226041.755,168364.454,991454.381
2025-11-09 17:00:00,224293.041,357595.869,366584.187,316906.58,199715.327,1465095.004
2025-11-09 18:00:00,250487.636,530129.432,520995.11100000003,430725.314,247893.345,1980230.838
2025-11-09 19:00:00,264245.785,652218.816,601649.951,488455.714,275814.278,2282384.5439999998
2025-11-09 20:00:00,263558.439,682600.07,614014.149,499266.83,280760.743,2340200.2309999997
2025-11-09 21:00:00,245810.157,632651.055,566372.837,462442.424,261344.033,2168620.506
2025-11-09 22:00:00,211390.998,566927.054,485482.202,394344.942,223757.367,1881902.563
2025-11-09 23:00:00,190725.45799999998,554810.104,412058.16599999997,326145.225,185512.94,1669251.893
2025-11-10 00:00:00,188928.29200000002,615682.804,429589.139,332882.167,177802.283,1744884.685
2025-11-10 01:00:00,165489.836,523158.371,474452.994,290503.702,155770.6,1609375.503
2025-11-10 02:00:00,146261.775,457037.976,445907.516,262329.019,142075.853,1453612.139
2025-11-10 03:00:00,138112.032,412646.918,384253.765,248533.742,135898.72,1319445.177
2025-11-10 04:00:00,136518.935,402188.276,363281.656,248699.343,137012.69,1287700.9
2025-11-10 05:00:00,146558.974,439814.925,392626.173,272479.922,151126.32,1402606.314
2025-11-10 06:00:00,182672.477,536421.057,468551.884,337746.849,188933.193,1714325.46
2025-11-10 07:00:00,233009.934,574956.502,491692.627,392300.789,217505.66,1909465.5119999999
2025-11-10 08:00:00,244570.514,409038.703,331228.322,351410.401,195498.95,1531746.89
2025-11-10 09:00:00,241575.28100000002,246186.946,191725.935,265954.268,158616.722,1104059.152
2025-11-10 10:00:00,242867.843,153149.684,105006.53,220133.691,129221.40000000001,850379.148
2025-11-10 11:00:00,251144.758,150494.5,86014.315,202112.392,147830.04499999998,837596.01
2025-11-10 12:00:00,267102.189,157593.088,128777.201,277418.544,178867.394,1009758.416
2025-11-10 13:00:00,266840.249,100491.081,148956.826,295102.658,191958.269,1003349.083
2025-11-10 14:00:00,258613.527,69839.624,120461.638,282127.298,176053.112,907095.199
2025-11-10 15:00:00,237447.831,89575.769,141293.699,262727.404,140175.07,871219.773
2025-11-10 16:00:00,215168.734,223024.472,203337.11,264977.784,109203.135,1015711.235
2025-11-10 17:00:00,262998.178,437440.569,392305.037,440394.722,206961.618,1740100.124
2025-11-10 18:00:00,284900.863,596123.3,576424.222,518560.008,270862.272,2246870.665
2025-11-10 19:00:00,289570.261,689000.009,625761.264,540255.625,284993.012,2429580.171
2025-11-10 20:00:00,281733.942,695166.767,613800.878,526794.227,283091.76,2400587.574
2025-11-10 21:00:00,257375.214,631214.51,556289.4839999999,477918.334,259810.75,2182608.292
2025-11-10 22:00:00,216472.123,561837.592,469897.148,398049.458,219678.23500000002,1865934.556
2025-11-10 23:00:00,191753.291,546168.462,395804.983,325397.795,180170.095,1639294.626
2025-11-11 00:00:00,188662.824,613178.795,418184.993,331739.731,172614.634,1724380.9770000002
2025-11-11 01:00:00,164651.174,521506.19800000003,463883.775,290490.184,151708.279,1592239.61
2025-11-11 02:00:00,147470.307,450620.31799999997,434991.548,265015.073,140043.145,1438140.391
2025-11-11 03:00:00,140653.074,414615.048,376382.411,252599.82200000001,136310.359,1320560.714
2025-11-11 04:00:00,141361.972,417147.445,360877.103,257893.589,139296.49,1316576.5990000002
2025-11-11 05:00:00,153477.59,462837.742,395650.43700000003,286960.566,157641.738,1456568.0729999999
2025-11-11 06:00:00,199068.232,585615.032,504532.091,378977.484,209449.846,1877642.6849999998
2025-11-11 07:00:00,269845.151,714457.245,642377.278,500760.458,277761.427,2405201.559
2025-11-11 08:00:00,292199.976,580310.451,628262.512,529448.8740000001,270208.982,2300430.795
2025-11-11 09:00:00,297922.068,377727.655,593342.884,523477.13,220901.251,2013370.9880000001
2025-11-11 10:00:00,288857.931,188205.026,479324.904,442369.204,143088.311,1541845.376
2025-11-11 11:00:00,290153.113,143939.924,344061.128,286923.29,173274.919,1238352.374
2025-11-11 12:00:00,265560.263,99787.764,184111.461,260817.234,91786.76699999999,902063.489
2025-11-11 13:00:00,282326.902,15901.604000000001,164389.824,287430.758,122113.598,872162.686
2025-11-11 14:00:00,239824.836,1999.282,65784.902,125787.495,89571.49799999999,522968.01300000004
2025-11-11 15:00:00,251638.61,45794.116,119375.768,199319.624,146753.077,762881.1950000001
2025-11-11 16:00:00,250959.998,113366.874,252085.668,287262.44299999997,133975.996,1037650.979
2025-11-11 17:00:00,265976.337,325117.74199999997,411486.00800000003,368896.272,204152.786,1575629.145
2025-11-11 18:00:00,288684.122,519745.92100000003,568007.23,475418.266,266183.641,2118039.18
2025-11-11 19:00:00,295380.13,684123.206,685918.94,553651.558,295709.173,2514783.0069999998
2025-11-11 20:00:00,305240.405,763943.796,730111.058,594239.33,321646.412,2715181.0009999997
2025-11-11 21:00:00,290410.769,724724.878,680519.639,561975.916,307433.071,2565064.273
2025-11-11 22:00:00,247147.447,642804.365,576468.997,473794.17799999996,261447.957,2201662.9439999997
2025-11-11 23:00:00,215935.891,613892.608,481429.183,383424.961,214556.662,1909239.305
2025-11-12 00:00:00,208015.445,675346.79,491953.058,379934.65,200971.614,1956221.5570000003
2025-11-12 01:00:00,181769.487,581615.608,545435.677,333272.621,177165.882,1819259.2750000001
2025-11-12 02:00:00,162794.909,515024.274,519594.507,302563.9,162890.915,1662868.505
2025-11-12 03:00:00,154974.645,472720.484,456484.79,290064.441,158045.234,1532289.5939999998
2025-11-12 04:00:00,154704.499,468982.94899999996,440096.101,292663.914,161399.624,1517847.087
2025-11-12 05:00:00,167819.785,524314.493,483552.851,325880.657,182139.607,1683707.3930000002
2025-11-12 06:00:00,213861.606,638092.256,592599.776,414341.696,230684.56900000002,2089579.9030000004
2025-11-12 07:00:00,270542.10599999997,660224.91,617271.336,466105.499,256661.233,2270805.0840000003
2025-11-12 08:00:00,281075.963,438446.718,413741.011,415437.32,206272.986,1754973.998
2025-11-12 09:00:00,265960.931,263877.675,240134.478,331431.914,149574.223,1250979.221
2025-11-12 10:00:00,280697.168,155241.4,157558.793,282197.991,169340.377,1045035.7289999999
2025-11-12 11:00:00,284064.207,39548.212999999996,172744.387,289997.677,127788.572,914143.0560000001
2025-11-12 12:00:00,248053.148,-7262.5380000000005,56181.586,224846.757,95926.141,617745.094
2025-11-12 13:00:00,253326.50400000002,-63981.016,28840.028,246387.758,109696.361,574269.635
2025-11-12 14:00:00,242528.903,-40506.219,31080.726000000002,218994.135,122139.203,574236.748
2025-11-12 15:00:00,241453.027,-53693.78,97213.196,198260.725,142972.922,626206.09
2025-11-12 16:00:00,229897.816,46015.494,157966.827,211591.338,121303.188,766774.663
2025-11-12 17:00:00,239187.945,197920.251,257600.037,269553.786,158120.497,1122382.516
2025-11-12 18:00:00,247129.624,396959.73,406938.91599999997,352132.736,184185.61000000002,1587346.6160000002
2025-11-12 19:00:00,251220.483,549517.488,518397.439,419526.605,220035.978,1958697.9929999998
2025-11-12 20:00:00,258484.978,608703.216,561914.736,456385.864,239949.368,2125438.162
2025-11-12 21:00:00,249866.554,585199.176,540361.826,446053.985,235228.235,2056709.7759999996
2025-11-12 22:00:00,217770.079,539358.812,471700.159,388159.644,208054.316,1825043.0100000002
2025-11-12 23:00:00,196554.094,538698.613,403104.849,325754.175,176757.009,1640868.74
2025-11-13 00:00:00,192782.17799999999,610496.225,425401.615,335300.649,172462.374,1736443.041
2025-11-13 01:00:00,167644.734,516686.652,472629.555,293388.95900000003,151974.704,1602324.6039999998
2025-11-13 02:00:00,149394.866,455022.543,442757.339,266565.591,139820.642,1453560.981
2025-11-13 03:00:00,141958.972,422945.941,381503.07,255348.96600000001,135516.984,1337273.933
2025-11-13 04:00:00,141166.825,421063.356,365979.044,257860.72400000002,137957.208,1324027.1570000001
2025-11-13 05:00:00,152515.297,469819.466,399802.577,285788.344,154130.566,1462056.25
2025-11-13 06:00:00,190813.356,562144.005,476461.502,356054.177,191807.119,1777280.159
2025-11-13 07:00:00,236382.975,555955.547,456415.024,379949.305,196983.07,1825685.921
2025-11-13 08:00:00,231415.521,321046.655,237938.597,290757.364,144000.606,1225158.743
2025-11-13 09:00:00,213232.903,123204.472,55279.427,172882.176,76913.821,641512.799
2025-11-13 10:00:00,204428.059,-12199.427,-112016.75200000001,50514.227,42576.842000000004,173302.949
2025-11-13 11:00:00,203828.433,-89905.33899999999,-181688.463,19727.892,54715.012,6677.535000000018
2025-11-13 12:00:00,191952.978,-141695.929,-222490.585,-17526.185,18671.001,-171088.72
2025-11-13 13:00:00,185166.656,-158046.475,-250353.196,-65931.744,-2951.4880000000003,-292116.24700000003
2025-11-13 14:00:00,172758.088,-119522.41100000001,-228790.579,-79829.109,12515.908000000001,-242868.103
2025-11-13 15:00:00,172686.473,-74958.462,-162383.531,-44132.493,1512.1819999999998,-107275.83099999999
2025-11-13 16:00:00,193591.35,51818.426,-13708.874,47830.886,41863.65,321395.438
2025-11-13 17:00:00,205182.162,256455.556,173985.258,179796.717,95393.082,910812.7750000001
2025-11-13 18:00:00,219478.714,435989.077,356414.969,300810.405,156755.489,1469448.654
2025-11-13 19:00:00,227999.942,550789.297,475859.511,378116.37,201220.18899999998,1833985.3090000001
2025-11-13 20:00:00,234730.74,583131.077,508976.69299999997,408425.17,215285.883,1950549.5629999998
2025-11-13 21:00:00,228051.24,553821.274,486160.371,396737.749,209188.78,1873959.414
2025-11-13 22:00:00,201139.032,512471.342,431236.63,352089.594,186638.225,1683574.8230000003
2025-11-13 23:00:00,184226.02,514691.705,374414.556,299219.343,160530.655,1533082.2789999999
2025-11-14 00:00:00,182286.655,582939.911,398602.812,312207.944,157690.696,1633728.018
2025-11-14 01:00:00,156525.694,484302.743,440983.298,271078.54,137948.287,1490838.562
2025-11-14 02:00:00,138614.58,422281.931,410049.299,243962.792,125966.672,1340875.274
2025-11-14 03:00:00,130911.992,385552.591,351582.826,231418.939,121282.897,1220749.245
2025-11-14 04:00:00,129717.63,377984.412,334680.445,230055.033,122600.883,1195038.403
2025-11-14 05:00:00,138321.605,415076.21,360247.211,251165.276,134889.451,1299699.753
2025-11-14 06:00:00,168160.495,490174.325,419467.162,302615.012,160660.992,1541077.986
2025-11-14 07:00:00,206547.828,500245.005,422186.597,323907.143,170002.29200000002,1622888.8650000002
2025-11-14 08:00:00,208335.151,280608.879,253455.40099999998,255116.774,129131.047,1126647.2519999999
2025-11-14 09:00:00,199818.554,52040.417,49837.729,145449.337,63706.455,510852.492
2025-11-14 10:00:00,186347.69,-134469.414,-132439.71600000001,34312.055,9979.977,-36269.40800000001
2025-11-14 11:00:00,177394.923,-229165.268,-245130.242,-29952.48,-21137.412,-347990.479
2025-11-14 12:00:00,171317.042,-288699.673,-300127.181,-64473.873,-36792.749,-518776.434
2025-11-14 13:00:00,166006.013,-309691.033,-333454.651,-85646.98,-45058.849,-607845.5000000001
2025-11-14 14:00:00,162425.314,-265433.865,-318103.392,-90219.939,-42972.865,-554304.747
2025-11-14 15:00:00,163769.876,-201511.707,-235161.68,-59265.682,-25168.529,-357337.72199999995
2025-11-14 16:00:00,177779.011,-40839.911,-102587.009,52234.421,20100.335,106686.84700000001
2025-11-14 17:00:00,197626.93,177255.39800000002,118522.939,166478.032,86840.406,746723.705
2025-11-14 18:00:00,213053.23,419183.324,341081.748,300997.202,170578.39,1444893.8940000003
2025-11-14 19:00:00,220788.913,559097.081,465499.662,376960.191,198951.252,1821297.0990000002
2025-11-14 20:00:00,225922.03,591640.855,500221.501,405236.517,213512.644,1936533.547
2025-11-14 21:00:00,217956.873,563233.391,483629.93700000003,395712.821,207306.584,1867839.606
2025-11-14 22:00:00,198057.287,526639.627,440623.538,358775.945,190158.999,1714255.396
2025-11-14 23:00:00,186958.834,531026.473,389138.273,312225.535,167526.483,1586875.598
2025-11-15 00:00:00,186557.707,589753.753,412459.446,324964.413,165486.416,1679221.7349999999
2025-11-15 01:00:00,160278.055,485875.484,451889.28,281352.136,143839.656,1523234.611
2025-11-15 02:00:00,141391.016,420737.248,416510.44,251232.261,130240.516,1360111.481
2025-11-15 03:00:00,132818.812,380527.893,352363.571,236127.761,124228.523,1226066.56
2025-11-15 04:00:00,129920.098,364688.002,328393.469,232613.944,123222.982,1178838.495
2025-11-15 05:00:00,131787.545,380322.211,335873.908,240275.328,127385.447,1215644.439
2025-11-15 06:00:00,144370.181,416314.034,365553.323,269303.929,139751.988,1335293.455
2025-11-15 07:00:00,160193.358,388269.982,349910.30700000003,285665.472,130631.089,1314670.208
2025-11-15 08:00:00,161497.606,220039.403,185272.366,237428.138,96085.37299999999,900322.886
2025-11-15 09:00:00,163999.546,45312.364,19624.541999999998,165818.654,53931.392,448686.498
2025-11-15 10:00:00,157440.849,-94123.133,-120246.524,60416.753,7422.746,10910.690999999977
2025-11-15 11:00:00,158681.538,-146517.974,-213153.421,11100.891,-5230.023,-195118.98899999997
2025-11-15 12:00:00,165497.922,-147231.675,-174543.28,45403.256,23593.553,-87280.224
2025-11-15 13:00:00,160214.53,-99200.15,-145740.537,34350.949,41679.151,-8696.057000000015
2025-11-15 14:00:00,169119.71,-27692.094,-140188.287,13158.982,62410.485,76808.79599999996
2025-11-15 15:00:00,167606.123,36159.415,12264.958,71847.79699999999,83854.856,371733.149
2025-11-15 16:00:00,178119.788,90210.924,143520.495,145386.957,90095.41,647333.574
2025-11-15 17:00:00,183953.23,235355.37600000002,271015.639,212674.406,124672.839,1027671.4900000001
2025-11-15 18:00:00,197651.013,364059.96,368959.382,282738.673,161068.684,1374477.7119999998
2025-11-15 19:00:00,203515.52599999998,503673.373,445416.292,337209.022,182807.875,1672622.088
2025-11-15 20:00:00,207733.533,548777.765,463480.9,364598.411,197986.298,1782576.9070000001
2025-11-15 21:00:00,202232.598,524913.3099999999,442254.402,354587.14400000003,193009.644,1716997.098
2025-11-15 22:00:00,186335.034,497530.063,406256.836,323202.47,177951.808,1591276.211
2025-11-15 23:00:00,179194.43,511688.22,360755.763,284853.725,158246.106,1494738.2439999997
2025-11-16 00:00:00,182251.405,574122.447,386469.439,304012.042,158839.321,1605694.654
2025-11-16 01:00:00,157182.033,474828.35,425898.65599999996,262912.446,138885.462,1459706.947
2025-11-16 02:00:00,138194.651,406637.055,390884.658,234292.862,125660.189,1295669.415
2025-11-16 03:00:00,128820.95300000001,365631.736,327497.169,219077.117,119087.229,1160114.204
2025-11-16 04:00:00,124736.429,349244.973,302624.012,213131.935,115947.739,1105685.088
2025-11-16 05:00:00,125565.409,361934.461,305311.929,216454.869,117696.508,1126963.176
2025-11-16 06:00:00,134597.663,383388.809,323824.517,237226.393,126001.734,1205039.116
2025-11-16 07:00:00,148679.242,366840.812,326454.151,261062.188,130995.883,1234032.2759999998
2025-11-16 08:00:00,164285.978,291351.591,301407.058,294536.62,138125.506,1189706.753
2025-11-16 09:00:00,168684.06,267328.807,233367.707,251227.882,100440.231,1021048.687
2025-11-16 10:00:00,190032.889,243656.022,152954.459,261827.733,99777.037,948248.14
2025-11-16 11:00:00,195180.972,154946.318,145565.822,257339.918,126156.331,879189.361
2025-11-16 12:00:00,199737.889,20308.585000000003,145994.825,241096.84100000001,90166.574,697304.714
2025-11-16 13:00:00,173525.311,-48500.852,120693.496,134478.055,54963.808000000005,435159.81799999997
2025-11-16 14:00:00,167828.404,-1415.683000000001,69403.087,103773.631,51353.355,390942.794
2025-11-16 15:00:00,185860.066,126703.36,80782.376,161980.625,102997.27900000001,658323.706
2025-11-16 16:00:00,180250.914,213069.067,181382.07,146501.963,107320.59,828524.6039999999
2025-11-16 17:00:00,195166.706,480072.046,274144.017,262113.536,133517.929,1345014.234
2025-11-16 18:00:00,239570.402,634436.124,524100.05,450963.183,230932.69400000002,2080002.4530000002
2025-11-16 19:00:00,246541.679,659194.142,585758.284,471657.457,242094.626,2205246.188
2025-11-16 20:00:00,240949.861,661990.365,568965.66,462076.951,241156.751,2175139.5880000005
2025-11-16 21:00:00,225386.003,613951.891,526996.803,429602.135,228295.047,2024231.879
2025-11-16 22:00:00,196292.866,552329.129,457405.831,368890.964,199580.07200000001,1774498.862
2025-11-16 23:00:00,181074.5,545678.385,397399.81200000003,309112.317,170055.455,1603320.469
2025-11-17 00:00:00,181224.265,607430.558,420740.654,320823.81799999997,166489.558,1696708.853
2025-11-17 01:00:00,157656.832,518193.713,468983.804,280220.569,146138.56,1571193.4780000001
2025-11-17 02:00:00,140109.266,454957.127,440019.079,252442.709,133662.846,1421191.0269999998
2025-11-17 03:00:00,132005.051,416916.765,378507.851,240146.77,127554.338,1295130.775
2025-11-17 04:00:00,130631.81,404842.598,358550.106,240061.97,128645.077,1262731.5610000002
2025-11-17 05:00:00,140382.85,442670.18700000003,377935.452,264144.326,142367.407,1367500.222
2025-11-17 06:00:00,174341.005,529974.51,451230.76900000003,333492.927,178049.127,1667088.3380000002
2025-11-17 07:00:00,224586.299,580849.717,522264.456,399514.51,214643.195,1941858.1770000001
2025-11-17 08:00:00,241181.85,456835.975,462133.671,405558.637,203217.868,1768928.001
2025-11-17 09:00:00,238142.057,335342.821,362209.048,332666.342,172136.575,1440496.8429999999
2025-11-17 10:00:00,238243.308,229704.728,316487.689,279504.025,165070.931,1229010.681
2025-11-17 11:00:00,238114.874,186664.194,253305.169,242698.229,147407.748,1068190.214
2025-11-17 12:00:00,245783.277,230740.344,255435.829,258901.831,156051.174,1146912.455
2025-11-17 13:00:00,240270.853,159595.29499999998,219623.915,263849.539,122653.043,1005992.645
2025-11-17 14:00:00,237488.895,198423.027,200490.711,197182.441,131802.829,965387.903
2025-11-17 15:00:00,234552.50900000002,248448.462,256807.867,237518.248,152279.885,1129606.971
2025-11-17 16:00:00,239595.318,338728.32399999996,373801.839,326357.37,174482.461,1452965.312
2025-11-17 17:00:00,254955.899,516382.915,524278.473,423021.376,230706.65,1949345.3129999998
2025-11-17 18:00:00,269150.962,617728.329,619878.858,496970.252,253741.084,2257469.485
2025-11-17 19:00:00,269185.304,679153.185,640127.651,506530.917,266480.603,2361477.66
2025-11-17 20:00:00,259945.45500000002,680842.311,623758.115,495718.188,261352.693,2321616.762
2025-11-17 21:00:00,240262.55800000002,618517.542,563796.752,454835.726,240136.166,2117548.7440000004
2025-11-17 22:00:00,205283.42,552486.104,477062.615,383766.74,205483.646,1824082.525
2025-11-17 23:00:00,183857.888,538613.719,400731.225,315964.091,170197.783,1609364.706
2025-11-18 00:00:00,181260.60700000002,609949.819,420862.629,323752.634,164464.114,1700289.803
2025-11-18 01:00:00,157090.518,513811.539,466869.62,281328.96,143767.067,1562867.7040000001
2025-11-18 02:00:00,140045.116,444502.711,435950.619,252890.218,131372.53399999999,1404761.198
2025-11-18 03:00:00,132457.346,397252.735,371464.454,238783.158,126563.7,1266521.393
2025-11-18 04:00:00,131050.87299999999,384195.061,352407.094,238017.949,127954.08,1233625.057
2025-11-18 05:00:00,140634.623,420595.146,370991.453,260212.28,141215.167,1333648.6689999998
2025-11-18 06:00:00,173209.697,499061.969,433027.099,317726.684,171699.9,1594725.349
2025-11-18 07:00:00,219732.048,523228.583,459717.413,359322.824,193217.964,1755218.832
2025-11-18 08:00:00,222347.474,365642.915,350151.063,340746.125,160114.524,1439002.101
2025-11-18 09:00:00,227688.088,256445.473,297156.093,289548.695,159161.429,1229999.778
2025-11-18 10:00:00,231396.287,124406.482,215780.125,272659.319,154974.854,999217.067
2025-11-18 11:00:00,238068.64,82380.653,214857.764,266144.733,142603.866,944055.6560000001
2025-11-18 12:00:00,246697.099,32886.145000000004,198683.324,265096.66,134437.831,877801.059
2025-11-18 13:00:00,219712.668,25447.990999999998,163706.514,216108.112,70074.889,695050.174
2025-11-18 14:00:00,208721.764,53228.957,91349.73,143103.951,85210.189,581614.591
2025-11-18 15:00:00,210694.896,110164.409,54271.275,153626.941,105097.186,633854.7069999999
2025-11-18 16:00:00,216453.95,187324.016,180139.316,247667.141,118407.262,949991.685
2025-11-18 17:00:00,219203.964,335739.178,287224.239,285996.392,146827.495,1274991.2680000002
2025-11-18 18:00:00,227774.997,488367.231,429661.2,367478.943,183476.872,1696759.243
2025-11-18 19:00:00,231194.607,561750.084,501232.323,405160.996,206693.243,1906031.2529999998
2025-11-18 20:00:00,227611.50400000002,593071.531,512577.893,405187.594,215426.212,1953874.734
2025-11-18 21:00:00,216349.171,548397.953,481306.604,383352.55,205667.904,1835074.182
2025-11-18 22:00:00,189856.347,496082.69200000004,421087.93,334508.515,180365.994,1621901.4780000001
2025-11-18 23:00:00,173810.503,493537.123,361241.66,282278.202,153822.482,1464689.97
2025-11-19 00:00:00,173774.299,563229.787,387329.645,297732.888,151348.454,1573415.0729999999
2025-11-19 01:00:00,149050.176,464822.625,432219.286,258306.538,133039.285,1437437.91
2025-11-19 02:00:00,132176.294,401061.056,399000.305,232398.146,122329.497,1286965.298
2025-11-19 03:00:00,125286.901,365422.278,335377.13,219812.486,117089.63500000001,1162988.4300000002
2025-11-19 04:00:00,124354.716,360178.586,313775.236,220143.755,118223.416,1136675.709
2025-11-19 05:00:00,133434.315,395011.18,339630.165,240385.502,129979.651,1238440.813
2025-11-19 06:00:00,161929.957,465357.418,389917.106,284402.814,154037.029,1455644.324
2025-11-19 07:00:00,201994.884,464684.566,397205.73099999997,315769.011,162699.565,1542353.7569999998
2025-11-19 08:00:00,204715.682,302515.234,255989.56399999998,264105.725,125653.446,1152979.651
2025-11-19 09:00:00,211706.851,147067.834,122167.32,230913.34399999998,96199.48,808054.8289999999
2025-11-19 10:00:00,199319.541,-7017.605999999999,10064.999,142363.872,54857.11,399587.916
2025-11-19 11:00:00,188741.727,-134572.192,-85712.106,18262.563,19565.887,6285.878999999997
2025-11-19 12:00:00,186183.827,-165085.274,-176238.133,-21359.489,8193.483,-168305.586
2025-11-19 13:00:00,188607.96600000001,-184678.412,-197300.798,-3250.223,14924.275,-181697.192
2025-11-19 14:00:00,187821.688,-167728.106,-162961.009,-9074.738000000001,14992.746,-136949.419
2025-11-19 15:00:00,186835.573,-119213.817,-123396.457,-9773.82,39562.441,-25986.07999999998
2025-11-19 16:00:00,183267.415,-2017.7970000000005,-41944.106999999996,35853.921,63830.543,238989.97500000003
2025-11-19 17:00:00,198196.347,201706.334,147862.777,161408.799,92746.728,801920.985
2025-11-19 18:00:00,216227.553,402511.734,347955.08,293004.422,160211.509,1419910.2980000002
2025-11-19 19:00:00,221771.035,536388.72,469659.349,362374.369,198684.949,1788878.422
2025-11-19 20:00:00,225713.495,584409.53,497941.47000000003,393517.50899999996,214540.788,1916122.792
2025-11-19 21:00:00,215431.275,553256.287,467658.976,376242.167,204845.058,1817433.763
2025-11-19 22:00:00,189375.193,505461.634,413151.313,328767.795,180334.283,1617090.218
2025-11-19 23:00:00,174234.80800000002,505080.844,355983.538,279146.676,155046.286,1469492.152
2025-11-20 00:00:00,173480.017,570834.393,386350.19800000003,295727.059,152998.082,1579389.749
2025-11-20 01:00:00,149001.191,473021.859,437020.459,256357.49099999998,133716.703,1449117.703
2025-11-20 02:00:00,132456.225,414814.358,405347.349,230473.346,122912.256,1306003.534
2025-11-20 03:00:00,125892.589,381771.753,344965.661,218992.674,118883.151,1190505.8280000002
2025-11-20 04:00:00,125090.293,376282.653,328570.351,219138.171,120441.825,1169523.2929999998
2025-11-20 05:00:00,134032.111,414506.33499999996,351438.413,239128.941,132170.735,1271276.5350000001
2025-11-20 06:00:00,163037.691,488196.646,391732.474,285780.912,155701.443,1484449.166
2025-11-20 07:00:00,208159.803,468643.57200000004,415938.548,331826.654,172674.426,1597243.003
2025-11-20 08:00:00,215372.252,257154.164,304288.135,307641.861,134625.824,1219082.236
2025-11-20 09:00:00,211396.141,102602.859,212378.511,230715.12900000002,112112.965,869205.6049999999
2025-11-20 10:00:00,201338.107,-25044.747,73645.784,160626.586,78958.101,489523.831
2025-11-20 11:00:00,200228.287,-98069.70999999999,24425.842,131814.727,56954.093,315353.23900000006
2025-11-20 12:00:00,187945.92,-117373.66100000001,-21152.176,85002.794,6516.098,140938.975
2025-11-20 13:00:00,176196.228,-99110.76199999999,-77978.405,29737.139,37305.26,66149.46000000002
2025-11-20 14:00:00,177427.109,-121006.836,-35362.881,5226.012,42091.099,68374.503
2025-11-20 15:00:00,165557.731,-96855.29699999999,-19564.465,-11246.215,23851.584,61743.33800000002
2025-11-20 16:00:00,176052.349,-1743.0699999999988,51443.687999999995,57484.531,43596.206,326833.704
2025-11-20 17:00:00,197170.797,164138.383,207302.93,171150.976,94831.802,834594.8879999999
2025-11-20 18:00:00,216573.722,372846.573,379245.915,296571.404,158633.04,1423870.6539999999
2025-11-20 19:00:00,228269.261,552923.037,507950.62,380137.854,207977.002,1877257.774
2025-11-20 20:00:00,236103.033,635303.174,567051.505,429314.38,236760.737,2104532.829
2025-11-20 21:00:00,231161.12900000002,621303.639,550168.755,426574.899,235781.237,2064989.6589999998
2025-11-20 22:00:00,204661.003,572959.74,483511.232,378028.56799999997,209153.767,1848314.31
2025-11-20 23:00:00,186334.019,565342.691,414302.714,320601.815,177909.375,1664490.6139999998
2025-11-21 00:00:00,183485.49,625615.666,434383.925,330286.761,172246.104,1746017.946
2025-11-21 01:00:00,157998.238,526804.229,479937.158,288219.009,150676.73,1603635.364
2025-11-21 02:00:00,141048.146,461133.52999999997,450097.751,260934.608,137890.104,1451104.139
2025-11-21 03:00:00,134068.924,424143.66599999997,387970.768,248965.666,133469.171,1328618.195
2025-11-21 04:00:00,133308.66,417967.314,374267.099,251068.564,135755.889,1312367.526
2025-11-21 05:00:00,143268.883,457310.849,408159.555,276921.348,149276.043,1434936.678
2025-11-21 06:00:00,174962.981,536726.637,474967.918,334334.551,177963.752,1698955.8390000002
2025-11-21 07:00:00,212992.89,522827.57,452826.53,352198.379,183882.034,1724727.403
2025-11-21 08:00:00,214079.431,302292.586,237052.239,267516.793,139837.19,1160778.239
2025-11-21 09:00:00,206976.628,80792.247,37326.649,163291.247,90722.495,579109.266
2025-11-21 10:00:00,197018.712,-98366.369,-88399.027,104162.344,41788.375,156204.03499999997
2025-11-21 11:00:00,189361.573,-217183.318,-197631.479,36959.074,9461.9,-179032.25
2025-11-21 12:00:00,181438.831,-259496.735,-253313.453,-3266.335,-12788.755000000001,-347426.447
2025-11-21 13:00:00,172074.359,-297307.511,-264106.842,-26632.22,-34847.585,-450819.79900000006
2025-11-21 14:00:00,170977.538,-282230.613,-257517.71,-52123.401,-37466.494,-458360.68
2025-11-21 15:00:00,170938.07,-225201.117,-218583.88199999998,-37457.398,-22796.961,-333101.288
2025-11-21 16:00:00,177180.082,-74543.472,-97690.034,25648.061,14165.033,44759.67
2025-11-21 17:00:00,196159.409,124432.318,115506.509,151286.253,89702.226,677086.715
2025-11-21 18:00:00,208679.845,334482.264,321603.454,277573.415,149917.296,1292256.2740000002
2025-11-21 19:00:00,216989.904,520643.91,450833.848,360638.681,198042.564,1747148.9070000001
2025-11-21 20:00:00,220845.236,598090.485,501789.087,396483.061,216496.591,1933704.4600000002
2025-11-21 21:00:00,215906.76,586436.013,491618.698,395368.813,214878.881,1904209.165
2025-11-21 22:00:00,196411.982,551388.033,448666.798,359825.326,196812.373,1753104.5119999999
2025-11-21 23:00:00,185253.142,549283.954,399530.848,314132.424,173508.398,1621708.766
2025-11-22 00:00:00,184932.178,609566.641,419885.455,327718.89,169438.069,1711541.2329999998
2025-11-22 01:00:00,159031.95,505888.429,457913.852,284160.84500000003,147574.853,1554569.929
2025-11-22 02:00:00,140489.314,437343.903,424056.444,254467.388,134418.936,1390775.985
2025-11-22 03:00:00,132187.87,399148.661,360505.414,239670.926,127960.28,1259473.1509999998
2025-11-22 04:00:00,128760.325,384307.025,335638.019,235136.918,126700.191,1210542.4780000001
2025-11-22 05:00:00,131271.182,397467.634,340600.234,242924.074,130893.734,1243156.858
2025-11-22 06:00:00,142978.19,442131.045,360465.079,266430.994,143883.883,1355889.191
2025-11-22 07:00:00,164336.12,445250.225,372356.806,291628.63,154620.725,1428192.506
2025-11-22 08:00:00,178225.206,346506.307,308261.105,284806.767,158518.97,1276318.355
2025-11-22 09:00:00,180447.377,189513.762,208401.169,235124.278,114543.007,928029.5929999999
2025-11-22 10:00:00,172211.949,110635.235,32050.697,126121.069,87827.519,528846.469
2025-11-22 11:00:00,175891.968,-27086.932,-39580.456,144158.226,39932.667,293315.473
2025-11-22 12:00:00,163031.504,-117129.278,-100591.533,56023.161,4760.446,6094.299999999992
2025-11-22 13:00:00,164619.74599999998,-142327.868,-95799.60399999999,75313.22899999999,-6941.067,-5135.564000000003
2025-11-22 14:00:00,156986.84,-82529.224,-101566.45,98680.129,8494.348,80065.643
2025-11-22 15:00:00,158502.258,1300.6260000000002,-47724.793999999994,67454.064,32419.168999999998,211951.32299999997
2025-11-22 16:00:00,188266.957,243613.11000000002,148092.327,185249.374,120620.107,885841.8750000001
2025-11-22 17:00:00,197948.188,422406.31200000003,363816.949,306697.326,163344.7,1454213.4749999999
2025-11-22 18:00:00,202767.336,515422.518,436930.35099999997,340041.58999999997,175015.46600000001,1670177.2610000002
2025-11-22 19:00:00,207257.001,561404.33,474511.961,366689.665,194580.956,1804443.913
2025-11-22 20:00:00,206179.059,561221.346,469132.602,365747.422,198867.218,1801147.6469999999
2025-11-22 21:00:00,198512.637,529477.867,441907.838,347682.464,191474.514,1709055.3199999998
2025-11-22 22:00:00,182244.206,503140.538,402201.643,315709.131,175644.163,1578939.6809999999
2025-11-22 23:00:00,176963.353,517230.409,361736.583,281380.672,157473.247,1494784.264
2025-11-23 00:00:00,179854.676,580814.429,390300.698,301378.933,158224.561,1610573.297
2025-11-23 01:00:00,154997.869,477900.254,430894.273,260922.79,138664.995,1463380.1809999999
2025-11-23 02:00:00,135801.381,410699.589,394550.339,230937.86800000002,124916.474,1296905.6509999998
2025-11-23 03:00:00,128233.659,369968.252,331019.272,216924.423,119907.507,1166053.1130000001
2025-11-23 04:00:00,124279.075,351509.528,305017.915,211640.38400000002,116407.322,1108854.224
2025-11-23 05:00:00,125010.22,361015.479,308148.333,213869.944,118362.446,1126406.422
2025-11-23 06:00:00,134607.749,392681.278,332410.641,233577.12099999998,129129.33899999999,1222406.128
2025-11-23 07:00:00,147657.248,390690.664,357754.438,260320.762,137891.30299999999,1294314.415
2025-11-23 08:00:00,168297.793,308869.094,329324.784,287910.174,158866.537,1253268.382
2025-11-23 09:00:00,189681.304,190688.641,336281.814,320850.56,163495.588,1200997.9070000001
2025-11-23 10:00:00,201752.712,116102.371,325891.137,331431.965,172647.062,1147825.247
2025-11-23 11:00:00,212357.808,92501.83,296819.237,326726.779,175030.742,1103436.396
2025-11-23 12:00:00,213246.486,79592.136,248916.997,291258.11,169676.99,1002690.7189999999
2025-11-23 13:00:00,206477.737,100874.088,183258.909,222676.715,164775.439,878062.888
2025-11-23 14:00:00,194453.03399999999,126739.862,123520.374,130482.268,160788.378,735983.916
2025-11-23 15:00:00,186271.561,170933.122,131404.086,133297.033,152553.459,774459.2609999999
2025-11-23 16:00:00,189819.46,269720.63,202649.502,188070.36,164147.428,1014407.3799999999
2025-11-23 17:00:00,199683.768,418993.334,345982.224,294484.46,192091.452,1451235.238
2025-11-23 18:00:00,217017.066,561088.699,480621.669,365210.955,220220.725,1844159.114
2025-11-23 19:00:00,221425.196,635550.804,531423.221,402284.575,226074.778,2016758.574
2025-11-23 20:00:00,223988.847,640888.75,535185.651,412883.833,231091.312,2044038.3930000002
2025-11-23 21:00:00,213816.688,587940.433,494097.072,385111.941,219252.159,1900218.2929999998
2025-11-23 22:00:00,187757.80299999999,524414.81,423241.15,334218.455,191412.619,1661044.8369999998
2025-11-23 23:00:00,172852.592,517099.211,367774.387,281207.362,162203.854,1501137.4060000002
2025-11-24 00:00:00,174507.915,576415.41,394147.818,297696.049,158814.652,1601581.844
2025-11-24 01:00:00,150588.233,483383.699,442410.737,258583.005,138417.443,1473383.117
2025-11-24 02:00:00,133428.584,415440.837,408552.501,231548.84100000001,125870.11499999999,1314840.878
2025-11-24 03:00:00,125371.609,372705.347,345782.687,219160.937,120073.807,1183094.387
2025-11-24 04:00:00,124019.005,363401.254,323472.136,218140.049,120230.072,1149262.5159999998
2025-11-24 05:00:00,131671.471,391749.514,340107.558,235211.473,130352.554,1229092.57
2025-11-24 06:00:00,158416.756,448914.206,374139.632,268598.496,150108.107,1400177.1970000002
2025-11-24 07:00:00,193183.267,435640.373,379594.362,286199.282,160205.828,1454823.112
2025-11-24 08:00:00,198088.706,251333.565,218856.673,233799.582,116738.731,1018817.2570000001
2025-11-24 09:00:00,190332.873,95335.433,66404.92,126436.242,62152.18,540661.6479999999
2025-11-24 10:00:00,182656.472,-62112.69899999999,-94513.707,31861.927,16332.97,74224.96300000002
2025-11-24 11:00:00,178986.327,-157294.57,-189111.14,-5385.4580000000005,-6109.398,-178914.23900000003
2025-11-24 12:00:00,179384.31,-178774.253,-229088.66700000002,-49547.255,-16087.912,-294113.777
2025-11-24 13:00:00,185749.193,-167381.344,-231394.098,-43969.765,3969.768,-253026.246
2025-11-24 14:00:00,198941.808,-51088.374,-160304.948,8304.162,36444.483,32297.130999999987
2025-11-24 15:00:00,207475.569,88462.292,-18369.057,93775.043,70880.242,442224.0889999999
2025-11-24 16:00:00,223655.458,242919.731,129091.187,188212.059,116832.395,900710.8300000001
2025-11-24 17:00:00,234507.006,402772.918,322132.732,278522.138,182643.509,1420578.303
2025-11-24 18:00:00,240018.59399999998,567342.246,465908.988,361202.832,221810.759,1856283.4190000002
2025-11-24 19:00:00,238515.203,669919.674,551995.724,395842.183,251604.568,2107877.352
2025-11-24 20:00:00,231384.03,669409.372,552343.12,400737.62799999997,248960.687,2102834.837
2025-11-24 21:00:00,219917.907,605054.071,508271.75899999996,376904.495,232975.253,1943123.4849999999
2025-11-24 22:00:00,191630.667,547320.975,438788.393,325188.612,197719.813,1700648.46
2025-11-24 23:00:00,174737.202,534758.297,378715.987,274000.734,165016.357,1527228.577
2025-11-25 00:00:00,173398.537,580575.057,401903.564,288159.357,159579.246,1603615.7610000002
2025-11-25 01:00:00,148310.752,472720.75899999996,442108.16,247781.962,138212.134,1449133.767
2025-11-25 02:00:00,132139.344,412400.201,404008.313,222379.75,126454.6,1297382.208
2025-11-25 03:00:00,125365.818,377258.591,337518.191,210721.519,121308.83,1172172.949
2025-11-25 04:00:00,123611.855,365314.258,316955.487,208739.142,119628.58,1134249.322
2025-11-25 05:00:00,129696.36600000001,387447.066,333174.86,222060.172,126103.875,1198482.3390000002
2025-11-25 06:00:00,153193.041,422511.11,362384.431,250618.08000000002,140904.934,1329611.596
2025-11-25 07:00:00,189895.389,395499.138,326297.175,246318.383,141921.418,1299931.503
2025-11-25 08:00:00,196392.99,253836.942,151055.63,180662.90099999998,104734.045,886682.508
2025-11-25 09:00:00,193393.358,82874.837,-13977.860999999999,98785.746,56619.51,417695.59
2025-11-25 10:00:00,193976.346,-63292.808000000005,-151382.748,23879.166,25845.521,29025.477000000006
2025-11-25 11:00:00,191371.628,-176439.481,-232010.621,-40228.666,6718.571,-250588.56900000002
2025-11-25 12:00:00,194453.299,-213541.46600000001,-265423.009,-70862.945,3501.469,-351872.65200000006
2025-11-25 13:00:00,196686.18,-221532.734,-249737.924,-53504.203,11946.046,-316142.635
2025-11-25 14:00:00,186737.589,-195524.97400000002,-244817.51,-67718.913,9257.187,-312066.62100000004
2025-11-25 15:00:00,195969.897,-114683.558,-165582.026,-17613.989999999998,50686.692,-51222.98500000002
2025-11-25 16:00:00,215751.527,31776.532,-6321.298999999999,87616.169,110103.968,438926.897
2025-11-25 17:00:00,224198.873,233183.988,220614.59100000001,209872.179,164641.65,1052511.281
2025-11-25 18:00:00,235225.416,443843.134,398935.566,335140.415,209919.438,1623063.969
2025-11-25 19:00:00,236228.345,585076.043,513841.964,391733.45,239337.701,1966217.503
2025-11-25 20:00:00,226187.91700000002,598390.042,512543.3,393151.33,232117.331,1962389.9200000002
2025-11-25 21:00:00,214689.685,549959.271,472559.843,369405.738,216308.782,1822923.3190000001
2025-11-25 22:00:00,187756.386,497612.558,402603.731,319498.494,185322.542,1592793.7110000001
2025-11-25 23:00:00,172567.87900000002,492841.235,342626.1,269151.314,155951.714,1433138.2419999999
2025-11-26 00:00:00,170630.738,551465.777,372978.82300000003,285112.498,152933.445,1533121.2810000002
2025-11-26 01:00:00,145106.96,453244.377,410524.265,244098.343,131967.144,1384941.089
2025-11-26 02:00:00,129708.709,388043.802,370773.352,219446.614,120971.309,1228943.7859999998
2025-11-26 03:00:00,123641.364,352012.747,312551.938,208672.925,116784.584,1113663.558
2025-11-26 04:00:00,121837.782,347042.87200000003,296052.333,207638.235,116441.1,1089012.322
2025-11-26 05:00:00,129162.735,378311.664,317994.617,223329.855,124359.045,1173157.916
2025-11-26 06:00:00,152451.178,434019.111,348783.528,253142.303,140141.991,1328538.1109999998
2025-11-26 07:00:00,186731.522,427810.213,321743.432,253474.086,139804.384,1329563.637
2025-11-26 08:00:00,192623.714,342892.066,188248.437,247628.65,107683.83,1079076.6970000002
2025-11-26 09:00:00,217469.308,333971.244,248070.542,331732.389,142181.173,1273424.656
2025-11-26 10:00:00,227266.752,118600.44900000001,341180.252,301056.273,158488.568,1146592.294
2025-11-26 11:00:00,199059.373,2279.6099999999997,85948.372,138130.5,38651.101,464068.956
2025-11-26 12:00:00,206158.511,-58524.718,31653.273,144299.432,51490.494,375076.99199999997
2025-11-26 13:00:00,200986.766,-93154.489,25263.088,106912.679,55455.925,295463.969
2025-11-26 14:00:00,170240.192,-164458.98,-162009.021,-8439.448,4060.1409999999996,-160607.116
2025-11-26 15:00:00,182467.978,-119686.357,-104619.978,9765.17,46830.955,14757.767999999996
2025-11-26 16:00:00,193567.872,-23876.685,-18304.016,62822.409,73216.35800000001,287425.938
2025-11-26 17:00:00,207286.941,168882.373,137487.195,170857.148,118553.699,803067.3560000001
2025-11-26 18:00:00,217151.16,387248.841,325545.722,292721.566,163164.487,1385831.776
2025-11-26 19:00:00,218007.804,516675.375,447828.948,352395.469,193055.234,1727962.8299999998
2025-11-26 20:00:00,215721.479,567953.122,486431.872,375423.823,205619.02899999998,1851149.3250000002
2025-11-26 21:00:00,207418.682,541602.16,467062.451,365084.991,200092.134,1781260.418
2025-11-26 22:00:00,182957.264,499909.804,412062.69,321344.331,176297.137,1592571.2259999998
2025-11-26 23:00:00,169145.724,502135.64300000004,355279.259,273407.426,151538.73,1451506.7820000001
2025-11-27 00:00:00,168999.103,563736.154,384450.326,291714.325,150262.437,1559162.3449999997
2025-11-27 01:00:00,144524.673,461791.171,431212.875,252178.889,131064.35,1420771.958
2025-11-27 02:00:00,128167.258,397237.597,397046.966,225404.569,119724.682,1267581.0720000002
2025-11-27 03:00:00,122647.52,363652.23,337288.179,215333.873,115621.46399999999,1154543.266
2025-11-27 04:00:00,121978.22200000001,358637.71,319170.127,214897.21899999998,116468.74799999999,1131152.026
2025-11-27 05:00:00,129424.895,390131.45999999996,340927.154,230914.863,126441.039,1217839.411
2025-11-27 06:00:00,154493.947,444750.804,380806.989,268154.7,145708.261,1393914.701
2025-11-27 07:00:00,196516.296,454686.606,401784.848,309199.836,166891.122,1529078.708
2025-11-27 08:00:00,204005.163,315270.31799999997,285996.842,275216.154,144183.34,1224671.817
2025-11-27 09:00:00,213192.51,204248.454,188332.751,242988.336,133321.617,982083.668
2025-11-27 10:00:00,207415.191,84599.661,91476.172,163383.254,79797.984,626672.2619999999
2025-11-27 11:00:00,202676.381,-18732.349,-52108.949,55179.192,63587.031,250601.30600000004
2025-11-27 12:00:00,188376.398,-58549.76,-143431.864,38528.503,12893.768,37817.04499999997
2025-11-27 13:00:00,196591.77000000002,-98320.76699999999,-125489.151,100867.39600000001,7484.83,81134.07800000004
2025-11-27 14:00:00,201127.722,-97332.633,-109828.52,101165.584,21041.936999999998,116174.09
2025-11-27 15:00:00,200580.418,-86011.273,-66053.68400000001,119631.597,46841.561,214988.619
2025-11-27 16:00:00,195851.825,7967.474,11568.095000000001,102652.092,89379.637,407419.123
2025-11-27 17:00:00,197739.061,156967.297,134387.914,177966.982,105162.515,772223.769
2025-11-27 18:00:00,208270.461,334494.657,318397.778,276778.364,150081.65,1288022.91
2025-11-27 19:00:00,214517.986,495212.402,440264.983,348566.774,186249.481,1684811.626
2025-11-27 20:00:00,215719.244,560370.975,493816.672,379961.973,204309.57,1854178.4340000001
2025-11-27 21:00:00,210295.40600000002,541375.806,482128.02,376372.012,202706.896,1812878.14
2025-11-27 22:00:00,187560.476,502688.16,425900.95,334372.579,181040.867,1631563.0320000001
2025-11-27 23:00:00,173311.292,502604.97,365555.579,285135.774,155698.617,1482306.232
2025-11-28 00:00:00,172619.904,568622.117,390250.254,301376.488,153808.247,1586677.01
2025-11-28 01:00:00,147472.547,467096.926,433185.155,260194.101,133664.277,1441613.006
2025-11-28 02:00:00,131551.202,405725.072,400345.411,234178.491,122582.42199999999,1294382.598
2025-11-28 03:00:00,125255.312,372946.276,339130.257,222942.668,118868.95300000001,1179143.466
2025-11-28 04:00:00,124348.60500000001,369753.668,322970.808,222273.62,119982.31599999999,1159329.017
2025-11-28 05:00:00,132322.625,403449.66099999996,346119.27,239889.872,130778.667,1252560.0949999997
2025-11-28 06:00:00,157609.76,464619.268,388279.346,280344.911,151083.122,1441936.4070000001
2025-11-28 07:00:00,191519.501,433454.48600000003,361579.999,286834.509,150363.787,1423752.2820000001
2025-11-28 08:00:00,194384.317,239349.362,168028.05,205043.823,108128.147,914933.6989999999
2025-11-28 09:00:00,188707.31100000002,63334.782,-25202.541,101431.083,52366.589,380637.224
2025-11-28 10:00:00,178967.9,-102399.87999999999,-183283.054,15201.731,6442.161,-85071.14199999999
2025-11-28 11:00:00,188714.463,-141153.321,-225334.531,31777.237,5578.226,-140417.926
2025-11-28 12:00:00,188712.62900000002,-182775.041,-212683.726,10495.766,16352.799,-179897.57299999997
2025-11-28 13:00:00,194284.49599999998,-149984.912,-225063.752,14000.022,17542.23,-149221.91600000003
2025-11-28 14:00:00,203214.956,55171.279,-84605.196,110912.265,62974.735,347668.039
2025-11-28 15:00:00,204177.13199999998,215385.601,59626.796,181746.676,98753.499,759689.7039999999
2025-11-28 16:00:00,213485.805,380173.721,225318.17,271483.938,153512.46600000001,1243974.1
2025-11-28 17:00:00,223714.69400000002,496492.868,383840.077,347980.433,187897.079,1639925.151
2025-11-28 18:00:00,215888.124,541266.4280000001,431223.813,349010.048,189954.806,1727343.2190000003
2025-11-28 19:00:00,215451.903,573490.148,464839.055,368799.224,202583.794,1825164.1239999998
2025-11-28 20:00:00,213477.804,566957.593,472387.864,373579.522,203492.91,1829895.693
2025-11-28 21:00:00,201803.825,537539.477,448811.176,355155.901,193367.158,1736677.537
2025-11-28 22:00:00,183779.697,506148.48,409380.871,322821.582,176382.183,1598512.8129999998
2025-11-28 23:00:00,176401.761,509954.18200000003,365328.076,285507.741,156963.712,1494155.4719999998
2025-11-29 00:00:00,177377.691,574293.656,393387.227,303830.556,156839.687,1605728.8169999998
2025-11-29 01:00:00,151907.834,467794.3,428966.953,261126.457,136516.201,1446311.745
2025-11-29 02:00:00,134383.085,402457.183,392883.037,233319.033,124174.401,1287216.739
2025-11-29 03:00:00,126531.988,367573.178,326719.206,219335.506,118175.982,1158335.86
2025-11-29 04:00:00,123778.622,354043.783,305865.024,214335.546,116828.636,1114851.611
2025-11-29 05:00:00,126469.356,366672.635,313045.36699999997,221803.521,121621.849,1149612.7280000001
2025-11-29 06:00:00,136397.622,401594.671,346598.214,245668.474,133324.801,1263583.782
2025-11-29 07:00:00,155066.501,403976.799,386463.407,273263.071,141326.143,1360095.9209999999
2025-11-29 08:00:00,173734.078,329394.474,353385.899,288315.401,154594.911,1299424.763
2025-11-29 09:00:00,187476.592,242891.835,266994.256,223627.492,161704.363,1082694.5380000002
2025-11-29 10:00:00,190770.346,170010.581,165708.508,124882.737,150714.188,802086.36
2025-11-29 11:00:00,175750.53,131266.104,69630.696,97476.775,113942.383,588066.488
2025-11-29 12:00:00,191081.941,38767.596,87791.043,92215.994,112787.425,522643.99899999995
2025-11-29 13:00:00,154138.817,-2428.5820000000003,-61448.459,-15253.441,46456.252,121464.58700000003
2025-11-29 14:00:00,181002.192,-5021.521,17983.561,97285.437,88161.91500000001,379411.58400000003
2025-11-29 15:00:00,174633.011,75576.682,46703.588,86923.279,106155.735,489992.295
2025-11-29 16:00:00,187166.329,167655.019,152554.85,185179.93,137922.64,830478.7679999999
2025-11-29 17:00:00,211422.169,287345.179,329629.396,295691.83,178501.223,1302589.797
2025-11-29 18:00:00,215073.743,423304.959,451934.322,361937.934,199459.343,1651710.301
2025-11-29 19:00:00,218324.362,528310.025,501339.272,381844.925,218099.33000000002,1847917.9139999999
2025-11-29 20:00:00,217155.825,575734.74,517418.293,395959.917,224312.79499999998,1930581.5699999998
2025-11-29 21:00:00,209410.942,559948.896,496971.115,385941.412,216420.419,1868692.784
2025-11-29 22:00:00,191662.047,527441.855,450631.908,351743.148,197502.467,1718981.425
2025-11-29 23:00:00,183540.985,533332.465,396435.927,306763.936,175472.679,1595545.992
2025-11-30 00:00:00,184213.786,594501.944,417420.667,321599.099,172586.102,1690321.5979999998
2025-11-30 01:00:00,158648.117,487681.864,450641.988,276995.341,149495.444,1523462.754
2025-11-30 02:00:00,139101.236,417453.159,414344.959,245338.34399999998,134021.183,1350258.881
2025-11-30 03:00:00,130124.094,376265.007,347318.039,229738.317,126811.23999999999,1210256.697
2025-11-30 04:00:00,126580.76699999999,358747.779,320775.902,224088.28,123926.029,1154118.757
2025-11-30 05:00:00,128387.494,370752.872,324526.158,229886.559,126731.416,1180284.499
2025-11-30 06:00:00,134928.128,390284.83999999997,339958.444,240952.79,128884.443,1235008.645
2025-11-30 07:00:00,149080.193,355293.48,323932.297,248889.24,130281.869,1207477.079
2025-11-30 08:00:00,155060.554,266064.735,283590.675,247101.186,109596.787,1061413.937
2025-11-30 09:00:00,179761.958,236722.445,243986.38,260777.218,103676.808,1024924.809
2025-11-30 10:00:00,179445.387,178198.175,162785.198,187853.599,114251.47899999999,822533.838
2025-11-30 11:00:00,173165.519,98880.691,80771.357,111053.103,71287.87700000001,535158.547
2025-11-30 12:00:00,199598.244,55920.033,142688.916,234575.052,113413.739,746195.9839999999
2025-11-30 13:00:00,193197.405,-12575.989,107184.50200000001,90391.001,107029.399,485226.31799999997
2025-11-30 14:00:00,164233.068,-38771.991,43482.502,94219.149,33493.673,296656.401
2025-11-30 15:00:00,178092.848,59489.36,130470.524,141918.901,92466.016,602437.649
2025-11-30 16:00:00,188944.044,195045.2,115014.574,136214.658,110120.222,745338.698
2025-11-30 17:00:00,220583.242,328715.102,407528.386,334397.461,221325.213,1512549.404
2025-11-30 18:00:00,221511.958,465669.808,485581.81799999997,375673.52900000004,206867.944,1755305.057
2025-11-30 19:00:00,233441.006,588723.252,541799.848,423312.756,224721.057,2011997.919
2025-11-30 20:00:00,235807.726,649808.825,586474.695,450326.227,251044.663,2173462.136
2025-11-30 21:00:00,228402.877,616027.174,549562.982,436231.778,244758.78100000002,2074983.5919999997
2025-11-30 22:00:00,202370.363,559178.298,476047.88800000004,383007.172,214825.629,1835429.35
2025-11-30 23:00:00,184303.482,550682.621,400792.618,318704.442,180039.46,1634522.623
2025-12-01 00:00:00,182996.037,618256.839,420652.076,328101.388,172595.695,1722602.035
2025-12-01 01:00:00,157672.099,525776.67,465488.796,284736.783,151028.639,1584702.9870000002
2025-12-01 02:00:00,139360.35,456877.539,435854.449,255390.576,136876.87099999998,1424359.785
2025-12-01 03:00:00,132230.238,414061.77,374838.81,242322.217,132040.666,1295493.7010000001
2025-12-01 04:00:00,130748.458,405337.8,355092.194,241974.318,132321.02,1265473.79
2025-12-01 05:00:00,139988.469,440016.603,379756.162,264939.002,146059.017,1370759.253
2025-12-01 06:00:00,173087.009,514274.654,443129.184,319123.399,177929.53,1627543.7759999998
2025-12-01 07:00:00,222190.401,538861.25,495969.432,362344.01,209009.853,1828374.946
2025-12-01 08:00:00,239387.656,402305.263,390569.679,345179.781,194813.61,1572255.989
2025-12-01 09:00:00,234830.998,289084.245,279060.332,286589.13899999997,141667.935,1231232.649
2025-12-01 10:00:00,237899.523,184596.873,174628.642,240352.84600000002,133143.346,970621.23
2025-12-01 11:00:00,230762.934,83564.01699999999,139278.299,187196.754,123722.473,764524.477
2025-12-01 12:00:00,227906.592,116200.925,63295.641,173927.637,114303.857,695634.6519999999
2025-12-01 13:00:00,219785.638,52084.594,123251.743,171873.094,46083.647,613078.716
2025-12-01 14:00:00,214609.487,49634.291,74994.444,131648.722,78514.398,549401.3420000001
2025-12-01 15:00:00,222180.711,37359.901,113793.85,127747.747,126881.859,627964.068
2025-12-01 16:00:00,210800.921,160326.575,173981.354,169186.149,143288.333,857583.332
2025-12-01 17:00:00,235733.509,297220.484,331553.452,242391.55,190595.269,1297494.2640000002
2025-12-01 18:00:00,245224.112,491389.772,496749.99,360831.245,228956.783,1823151.902
2025-12-01 19:00:00,252646.986,621963.732,582241.102,439302.60699999996,263188.332,2159342.759
2025-12-01 20:00:00,257858.597,687974.824,630407.373,484406.772,280973.584,2341621.15
2025-12-01 21:00:00,249879.127,648256.055,594455.303,469906.516,270942.04,2233439.041
2025-12-01 22:00:00,214124.268,577493.575,504318.669,400840.766,230354.70500000002,1927131.983
2025-12-01 23:00:00,191027.70799999998,561225.357,420620.901,330447.601,190294.223,1693615.79
2025-12-02 00:00:00,186256.455,627839.978,435438.287,334144.926,179570.301,1763249.947
2025-12-02 01:00:00,161014.601,526197.459,478213.198,288951.999,157335.016,1611712.2730000003
2025-12-02 02:00:00,143108.608,455734.611,446439.731,260092.95,143830.318,1449206.2179999999
2025-12-02 03:00:00,135683.85,415408.147,381802.258,245266.891,137950.082,1316111.228
2025-12-02 04:00:00,134776.035,407384.39499999996,365674.399,246253.442,139764.339,1293852.6099999999
2025-12-02 05:00:00,146366.24,447849.718,397012.636,272221.076,155783.276,1419232.946
2025-12-02 06:00:00,181413.296,527945.674,466848.772,332535.257,190571.697,1699314.6959999998
2025-12-02 07:00:00,235762.83000000002,523952.787,489716.252,381076.26399999997,215325.20799999998,1845833.341
2025-12-02 08:00:00,237651.489,300892.555,341537.691,330210.264,175583.178,1385875.177
2025-12-02 09:00:00,213662.07799999998,129706.163,181889.354,202812.06,103862.24,831931.895
2025-12-02 10:00:00,203526.59399999998,55071.232,90013.221,182092.134,101736.19,632439.371
2025-12-02 11:00:00,198978.414,-12006.43,14377.988000000001,105110.98,81525.477,387986.429
2025-12-02 12:00:00,213387.339,-32495.668,-52202.217,28848.605,91699.39199999999,249237.451
2025-12-02 13:00:00,198755.354,-21026.641,-83473.184,32395.811,74066.558,200717.898
2025-12-02 14:00:00,206865.595,12670.905,-35459.337,109152.01,85618.757,378847.93
2025-12-02 15:00:00,199632.68,34125.252,21612.134,116688.439,82596.594,454655.099
2025-12-02 16:00:00,193511.26,99673.361,36240.945999999996,98309.291,65054.063,492788.92100000003
2025-12-02 17:00:00,207654.285,256448.228,194522.516,210755.589,133411.671,1002792.289
2025-12-02 18:00:00,220300.441,397418.122,359610.24,298836.749,180604.682,1456770.234
2025-12-02 19:00:00,228411.083,531001.883,462414.626,366508.956,208475.07700000002,1796811.625
2025-12-02 20:00:00,231037.047,594968.406,514519.861,402349.016,225215.595,1968089.925
2025-12-02 21:00:00,223593.849,571235.491,497930.68,394364.78,220190.30599999998,1907315.1060000001
2025-12-02 22:00:00,195739.894,523143.725,437344.97500000003,346729.187,193621.393,1696579.1739999999
2025-12-02 23:00:00,178307.556,518678.83900000004,374175.648,292637.357,164459.766,1528259.1660000002
2025-12-03 00:00:00,176776.307,586946.467,398782.57,305664.055,160843.551,1629012.95
2025-12-03 01:00:00,152452.56,487183.914,445042.802,266654.95,141255.166,1492589.3919999998
2025-12-03 02:00:00,135398.463,421862.527,414023.93,240134.386,129064.334,1340483.64
2025-12-03 03:00:00,128709.387,387174.475,353763.36,229383.08000000002,124936.634,1223966.9360000002
2025-12-03 04:00:00,128227.83799999999,383108.585,338885.514,231259.712,126990.453,1208472.102
2025-12-03 05:00:00,137522.21600000001,421795.74199999997,367629.73600000003,253191.425,139668.528,1319807.6469999999
2025-12-03 06:00:00,168425.067,490127.407,423281.105,299258.232,164681.765,1545773.576
2025-12-03 07:00:00,205680.251,465519.675,394411.923,301244.955,166545.464,1533402.268
2025-12-03 08:00:00,203275.951,251170.036,181906.90600000002,213254.562,116716.84,966324.295
2025-12-03 09:00:00,193566.133,20059.684,-29338.207000000002,100229.868,55660.686,340178.164
2025-12-03 10:00:00,183217.734,-163042.74599999998,-195222.066,5674.9619999999995,5693.052,-163679.06399999998
2025-12-03 11:00:00,177417.245,-260542.551,-287433.403,-49691.782999999996,-22154.414,-442404.90599999996
2025-12-03 12:00:00,178098.767,-275983.365,-323473.574,-76969.478,-33221.79,-531549.4400000001
2025-12-03 13:00:00,176087.569,-293901.834,-337627.18200000003,-84919.62,-35070.996,-575432.0630000001
2025-12-03 14:00:00,179096.282,-254139.673,-309120.54,-70389.556,-24388.82,-478942.307
2025-12-03 15:00:00,188265.803,-153322.439,-227982.704,-21350.114,3109.2490000000003,-211280.205
2025-12-03 16:00:00,209149.748,4268.4079999999985,-63896.212,85853.225,60429.077,295804.246
2025-12-03 17:00:00,230771.123,233731.411,161407.092,229503.566,133954.257,989367.449
2025-12-03 18:00:00,243856.109,478207.682,387181.616,370437.21,207253.433,1686936.0499999998
2025-12-03 19:00:00,246720.1,620754.968,514185.831,438270.836,247182.056,2067113.7910000002
2025-12-03 20:00:00,239499.78600000002,652495.423,530470.837,442665.86100000003,248477.106,2113609.0130000003
2025-12-03 21:00:00,229991.639,598652.246,495459.206,418380.935,235723.12,1978207.1460000002
2025-12-03 22:00:00,202242.778,533290.783,427368.685,359633.924,201420.448,1723956.618
2025-12-03 23:00:00,185011.755,519168.831,363336.276,297888.799,168914.899,1534320.56
2025-12-04 00:00:00,181299.072,571692.869,384645.402,306456.375,162553.573,1606647.291
2025-12-04 01:00:00,153460.352,468966.712,420516.62399999995,262100.2,140670.954,1445714.8419999997
2025-12-04 02:00:00,136536.029,408597.482,384051.964,234737.86000000002,128184.417,1292107.7519999999
2025-12-04 03:00:00,129362.77100000001,379005.306,324864.663,221856.384,121691.459,1176780.583
2025-12-04 04:00:00,127607.133,375834.771,309928.217,218234.52000000002,121141.202,1152745.843
2025-12-04 05:00:00,134012.438,407894.514,330338.968,229020.089,128844.567,1230110.5760000001
2025-12-04 06:00:00,154584.613,447650.446,344955.211,243476.615,136337.127,1327004.012
2025-12-04 07:00:00,191879.401,436693.304,324087.574,244287.267,151014.937,1347962.483
2025-12-04 08:00:00,214040.41,329884.496,210261.829,239518.499,157243.522,1150948.756
2025-12-04 09:00:00,219044.74300000002,231481.723,79712.711,201481.324,132857.718,864578.219
2025-12-04 10:00:00,228356.827,155356.51,-62.53200000000015,192279.056,142554.801,718484.662
2025-12-04 11:00:00,223307.919,63567.174,-61786.385,145469.064,92376.475,462934.247
2025-12-04 12:00:00,237897.404,7960.002,-92667.04,119284.28,107492.282,379966.928
2025-12-04 13:00:00,238460.09399999998,13136.42,-29540.361,115668.944,104719.298,442444.395
2025-12-04 14:00:00,259416.173,100930.021,24348.316,128566.835,149516.23,662777.5750000001
2025-12-04 15:00:00,243292.369,166691.689,93411.966,169099.203,99488.997,771984.224
2025-12-04 16:00:00,282574.741,390875.994,276667.58400000003,368116.907,187187.653,1505422.879
2025-12-04 17:00:00,298295.268,559486.569,522199.574,468255.043,263864.437,2112100.8910000003
2025-12-04 18:00:00,279754.421,660202.184,631232.764,487408.781,286552.604,2345150.7539999997
2025-12-04 19:00:00,248487.645,709590.97,613845.279,456037.379,247710.56,2275671.833
2025-12-04 20:00:00,232907.673,688232.861,569101.208,427684.256,232434.546,2150360.544
2025-12-04 21:00:00,219523.26,616372.972,504451.701,392312.212,214815.26,1947475.405
2025-12-04 22:00:00,194141.549,548384.929,430883.64,338396.426,186711.75400000002,1698518.2980000002
2025-12-04 23:00:00,178945.68,530628.235,366641.109,283535.067,157964.944,1517715.035
2025-12-05 00:00:00,176722.878,577881.2440000001,387329.195,296467.926,154576.876,1592978.119
2025-12-05 01:00:00,149745.585,467468.477,418039.731,252509.054,133169.426,1420932.273
2025-12-05 02:00:00,133348.28399999999,409094.056,376988.287,225711.096,121399.331,1266541.054
2025-12-05 03:00:00,126376.08899999999,372805.051,317172.142,213871.814,116848.808,1147073.9039999999
2025-12-05 04:00:00,124695.133,364268.277,301426.044,211272.867,116252.886,1117915.207
2025-12-05 05:00:00,131152.056,386323.896,318082.214,222980.158,124684.849,1183223.173
2025-12-05 06:00:00,151064.328,425946.778,338033.627,245364.089,140020.759,1300429.5810000002
2025-12-05 07:00:00,180754.236,394570.894,314555.327,249373.075,137737.214,1276990.746
2025-12-05 08:00:00,193967.557,261012.789,174209.103,219879.388,115429.888,964498.7250000001
2025-12-05 09:00:00,206318.912,158931.183,66373.724,186942.075,109498.029,728063.923
2025-12-05 10:00:00,202083.87900000002,14551.286,-47179.96,122449.83499999999,58204.028,350109.06799999997
2025-12-05 11:00:00,195867.85499999998,-79901.05500000001,-99477.084,44134.178,52545.955,113169.84899999997
2025-12-05 12:00:00,207337.248,-72138.138,-111541.728,66065.976,36078.251,125801.60899999997
2025-12-05 13:00:00,201832.246,-117936.647,-55681.614,53613.177,32609.453999999998,114436.61600000001
2025-12-05 14:00:00,189896.622,-105467.695,-104409.84700000001,-14951.171,6650.176,-28281.915000000015
2025-12-05 15:00:00,196018.318,-2262.374,-63540.581,50825.364,34756.088,215796.815
2025-12-05 16:00:00,210408.534,169471.832,137969.661,184031.476,78665.669,780547.172
2025-12-05 17:00:00,219620.132,386812.601,302793.93200000003,216109.407,132745.537,1258081.6090000002
2025-12-05 18:00:00,226990.88199999998,566566.334,470334.68799999997,320468.23,183824.394,1768184.5280000002
2025-12-05 19:00:00,224410.735,661220.765,542388.4720000001,364468.096,210885.505,2003373.5729999999
2025-12-05 20:00:00,218231.398,673874.473,537158.48,377753.519,214829.43600000002,2021847.306
2025-12-05 21:00:00,209609.09900000002,625165.067,499576.32899999997,367030.178,205696.358,1907077.031
2025-12-05 22:00:00,190181.574,567354.544,440266.287,328756.994,183984.084,1710543.483
2025-12-05 23:00:00,180206.313,550455.522,379067.076,284067.522,159877.429,1553673.862
2025-12-06 00:00:00,180532.796,590431.737,397669.012,298257.529,157544.11,1624435.184
2025-12-06 01:00:00,153212.038,475408.248,428284.606,255352.556,136128.594,1448386.0420000001
2025-12-06 02:00:00,134680.451,413216.409,385035.025,228028.41,123105.943,1284066.238
2025-12-06 03:00:00,127237.755,378631.648,325292.334,214655.50400000002,117246.444,1163063.6849999998
2025-12-06 04:00:00,123931.516,364316.038,304943.316,209764.45,115037.511,1117992.831
2025-12-06 05:00:00,124857.809,372807.103,307750.505,211762.74300000002,116583.107,1133761.267
2025-12-06 06:00:00,129845.138,383042.05,303193.271,212776.295,116035.19,1144891.944
2025-12-06 07:00:00,145232.072,393735.60599999997,280504.181,204079.256,121546.116,1145097.231
2025-12-06 08:00:00,166649.145,406352.033,301452.179,268271.565,153490.146,1296215.068
2025-12-06 09:00:00,183246.84100000001,361327.941,316238.45,274526.958,160612.541,1295952.731
2025-12-06 10:00:00,205149.231,412164.869,358105.998,333102.625,191522.957,1500045.68
2025-12-06 11:00:00,216317.073,358108.3,402190.268,361322.664,192181.706,1530120.011
2025-12-06 12:00:00,218121.637,353917.567,385831.38800000004,345925.21,179888.752,1483684.554
2025-12-06 13:00:00,217302.103,320044.632,391342.109,370450.108,180441.265,1479580.2170000002
2025-12-06 14:00:00,199702.047,264398.91000000003,340077.94,307207.037,107468.773,1218854.7070000002
2025-12-06 15:00:00,195466.249,288624.703,345374.522,279617.716,142688.308,1251771.498
2025-12-06 16:00:00,198109.664,325437.308,361094.56799999997,303865.562,157621.85,1346128.952
2025-12-06 17:00:00,214357.294,466670.626,486742.134,398117.844,200588.02300000002,1766475.921
2025-12-06 18:00:00,220908.374,529238.351,520151.476,421335.836,215730.895,1907364.9320000003
2025-12-06 19:00:00,215049.537,559109.699,525235.222,415264.831,214039.076,1928698.3649999998
2025-12-06 20:00:00,211026.135,598610.355,517865.255,406842.658,214971.172,1949315.575
2025-12-06 21:00:00,203488.044,586408.022,498054.689,393302.649,210290.755,1891544.159
2025-12-06 22:00:00,187686.606,555905.227,457565.41599999997,360082.628,194118.943,1755358.82
2025-12-06 23:00:00,180540.029,560237.521,406237.332,315563.896,172625.555,1635204.3329999999
2025-12-07 00:00:00,182961.864,613208.741,428548.315,332302.863,172260.207,1729281.9899999998
2025-12-07 01:00:00,157313.787,510157.353,467141.902,287672.515,150809.74599999998,1573095.303
2025-12-07 02:00:00,139004.521,443929.081,428489.407,255234.325,136777.348,1403434.6819999998
2025-12-07 03:00:00,130306.486,402816.917,359949.509,239321.967,129705.747,1262100.6260000002
2025-12-07 04:00:00,126573.972,387391.032,336735.467,234393.1,127528.315,1212621.886
2025-12-07 05:00:00,127544.12299999999,393187.06,341461.129,239392.982,130019.53,1231604.824
2025-12-07 06:00:00,135116.892,402883.20900000003,345709.397,254069.786,132893.443,1270672.727
2025-12-07 07:00:00,145590.22,335655.082,306276.503,239069.411,120109.72200000001,1146700.938
2025-12-07 08:00:00,147219.144,175166.213,168394.543,182712.472,86028.763,759521.135
2025-12-07 09:00:00,146737.317,19209.894,24470.227,102154.73,41607.338,334179.506
2025-12-07 10:00:00,141856.601,-83147.825,-71506.111,42266.672,11971.598,41440.935
2025-12-07 11:00:00,141846.634,-131465.242,-151584.22,-8147.7119999999995,25661.967,-123688.573
2025-12-07 12:00:00,136440.242,-187420.40899999999,-205813.481,-45969.66,13231.359,-289531.94899999996
2025-12-07 13:00:00,134901.186,-225111.447,-233785.5,-57684.64,-10901.618,-392582.01900000003
2025-12-07 14:00:00,131932.479,-233827.777,-242989.573,-69695.458,-30133.55,-444713.879
2025-12-07 15:00:00,133493.514,-204977.661,-208982.382,-45088.455,-21792.409,-347347.393
2025-12-07 16:00:00,144454.87900000002,-86905.683,-111621.394,15415.275,11868.365,-26788.557999999997
2025-12-07 17:00:00,166296.637,100536.81599999999,78334.244,130805.474,76831.27,552804.441
2025-12-07 18:00:00,193035.481,318995.779,297045.584,260318.122,141120.363,1210515.329
2025-12-07 19:00:00,205334.218,470187.47000000003,426130.164,340046.891,180253.497,1621952.2400000002
2025-12-07 20:00:00,206694.15899999999,561497.928,481998.289,372137.99,202104.141,1824432.507
2025-12-07 21:00:00,203538.64299999998,545656.433,470238.805,369381.935,201974.123,1790789.9389999998
2025-12-07 22:00:00,182609.518,502207.581,417570.282,329523.46499999997,180967.681,1612878.527
2025-12-07 23:00:00,170643.468,504665.385,361168.164,280841.114,156512.4,1473830.531
2025-12-08 00:00:00,172028.012,569563.902,385089.063,297751.49,154800.809,1579233.276
2025-12-08 01:00:00,148575.039,471801.615,428544.524,258302.611,135656.364,1442880.153
2025-12-08 02:00:00,130780.673,406093.23,399700.021,230577.546,123231.068,1290382.538
2025-12-08 03:00:00,122999.577,366175.629,339039.431,218403.53399999999,117701.667,1164319.838
2025-12-08 04:00:00,121382.978,359748.431,318684.222,216715.13,118090.44,1134621.201
2025-12-08 05:00:00,128834.1,390984.184,338813.626,233293.324,128007.883,1219933.1169999999
2025-12-08 06:00:00,150962.307,438072.105,364735.208,261923.46600000001,140887.287,1356580.3730000001
2025-12-08 07:00:00,184528.107,419142.258,348045.482,269337.871,139247.905,1360301.6230000001
2025-12-08 08:00:00,189962.944,259241.542,187400.088,208650.088,116354.597,961609.259
2025-12-08 09:00:00,189272.601,102019.13799999999,26043.033,124240.603,71775.322,513350.697
2025-12-08 10:00:00,187633.178,-30279.849000000002,-112515.615,71428.156,38016.433,154282.30300000004
2025-12-08 11:00:00,185311.998,-46784.052,-176418.78,70968.554,13529.255,46606.975
2025-12-08 12:00:00,188069.38199999998,-84941.327,-191804.021,63517.433,15611.684000000001,-9546.849000000024
2025-12-08 13:00:00,190448.544,-124447.368,-242192.587,48594.777,-1532.847,-129129.481
2025-12-08 14:00:00,208833.405,-43626.544,-122240.545,165450.95,51871.687,260288.953
2025-12-08 15:00:00,206497.918,-61182.504,-110.3629999999996,125671.889,61687.436,332564.37599999993
2025-12-08 16:00:00,202395.679,44764.038,12668.758000000002,99355.508,86313.98,445497.963
2025-12-08 17:00:00,223838.772,234804.325,196453.116,235442.218,142889.726,1033428.157
2025-12-08 18:00:00,235015.471,444014.264,380797.357,342125.482,195359.566,1597312.1400000001
2025-12-08 19:00:00,234513.417,587505.037,488369.864,388112.279,227495.28399999999,1925995.881
2025-12-08 20:00:00,230510.863,621039.676,505400.165,405872.13,233617.696,1996440.53
2025-12-08 21:00:00,220715.35,576056.007,475548.458,388663.048,223735.694,1884718.5569999998
2025-12-08 22:00:00,193996.584,519859.417,416281.224,337221.963,195828.14,1663187.3280000002
2025-12-08 23:00:00,178292.771,509691.739,359051.231,284224.39400000003,165532.056,1496792.1910000003
2025-12-09 00:00:00,176780.123,559650.961,382897.975,296796.138,160323.001,1576448.198
2025-12-09 01:00:00,150557.354,453533.001,418716.803,253964.842,138742.87900000002,1415514.879
2025-12-09 02:00:00,134120.056,392369.04,380413.515,226368.365,126329.911,1259600.887
2025-12-09 03:00:00,127080.634,359222.268,320322.43,213971.176,121224.863,1141821.3709999998
2025-12-09 04:00:00,125087.262,349420.398,302651.698,211310.466,119776.674,1108246.498
2025-12-09 05:00:00,131049.06,373051.688,318611.93,222805.041,126493.797,1172011.516
2025-12-09 06:00:00,153086.289,414966.642,346893.41,250378.824,139212.089,1304537.254
2025-12-09 07:00:00,188628.368,382214.221,338146.533,266881.402,143763.646,1319634.17
2025-12-09 08:00:00,199734.031,223847.699,224035.068,228259.864,122347.74900000001,998224.4110000001
2025-12-09 09:00:00,205081.744,80245.25600000001,114597.266,196748.829,103497.293,700170.388
2025-12-09 10:00:00,200029.699,-84784.698,-19039.809,106074.813,83289.231,285569.236
2025-12-09 11:00:00,185872.447,-206959.354,-141262.945,-1201.2910000000002,16958.476,-146592.66700000002
2025-12-09 12:00:00,171581.459,-249315.638,-226746.664,-71217.257,-25542.153,-401240.25299999997
2025-12-09 13:00:00,169054.759,-260193.374,-281637.884,-91042.546,-37616.325,-501435.37000000005
2025-12-09 14:00:00,169135.785,-237060.379,-279132.083,-89430.932,-32354.085,-468841.69399999996
2025-12-09 15:00:00,172627.252,-165731.892,-219455.843,-54286.678,-13511.745,-280358.90599999996
2025-12-09 16:00:00,184167.761,-20114.966,-76954.617,30556.839,30044.147,147699.164
2025-12-09 17:00:00,200958.135,182334.976,127510.012,153872.198,85666.923,750342.244
2025-12-09 18:00:00,215775.054,405748.768,336616.458,281598.639,155504.126,1395243.0449999997
2025-12-09 19:00:00,219706.374,543531.608,462161.819,348858.773,195881.029,1770139.6030000001
2025-12-09 20:00:00,215362.34399999998,598851.774,489528.63899999997,369265.832,206572.1,1879580.689
2025-12-09 21:00:00,207193.981,563537.165,465933.90099999995,359876.499,201206.349,1797747.895
2025-12-09 22:00:00,183436.331,513622.001,408664.018,317671.881,177077.921,1600472.152
2025-12-09 23:00:00,169767.323,506554.543,353765.28500000003,271153.55700000003,151607.943,1452848.651
2025-12-10 00:00:00,169207.85,561277.023,381348.077,287329.11,150141.622,1549303.682
2025-12-10 01:00:00,143746.82,453017.79099999997,418611.60099999997,247537.655,130501.652,1393415.519
2025-12-10 02:00:00,127817.819,393304.64,382414.735,222188.69,120076.103,1245801.9870000002
2025-12-10 03:00:00,122102.535,361248.91099999996,323024.948,211533.623,115800.56599999999,1133710.583
2025-12-10 04:00:00,120872.127,356556.29,308926.917,210592.19,116323.969,1113271.493
2025-12-10 05:00:00,127825.22,386357.523,330956.139,227474.809,125368.033,1197981.7240000002
2025-12-10 06:00:00,150997.885,432753.277,360715.615,257999.79,139850.33299999998,1342316.9
2025-12-10 07:00:00,182381.509,406917.44,324835.883,260373.859,138902.328,1313411.0189999999
2025-12-10 08:00:00,195322.174,295911.495,213718.259,243001.914,132288.93,1080242.7719999999
2025-12-10 09:00:00,206860.553,213102.59100000001,177560.727,219608.608,138259.632,955392.111
2025-12-10 10:00:00,204327.02899999998,167891.82,91828.928,200253.33299999998,96258.338,760559.448
2025-12-10 11:00:00,208210.58,124660.692,55440.436,143394.939,105690.386,637397.033
2025-12-10 12:00:00,200988.558,102708.954,-47702.488,79298.255,74527.303,409820.582
2025-12-10 13:00:00,180829.092,59079.337,-120710.151,4969.523999999999,37162.638,161330.44
2025-12-10 14:00:00,192022.546,84789.00899999999,-24882.704,95538.237,57075.392,404542.48
2025-12-10 15:00:00,189903.608,51408.079,17030.646,87303.835,59897.208,405543.376
2025-12-10 16:00:00,191357.452,119779.122,83052.777,110798.947,77398.339,582386.637
2025-12-10 17:00:00,201493.865,258683.084,207880.608,189350.212,119784.993,977192.7620000001
2025-12-10 18:00:00,209376.55299999999,388361.047,343532.125,283468.335,160017.85,1384755.9100000001
2025-12-10 19:00:00,211988.05599999998,471001.444,428011.747,335506.32,186065.72,1632573.287
2025-12-10 20:00:00,210433.824,545602.819,465351.853,362949.724,200267.782,1784606.0020000003
2025-12-10 21:00:00,207333.27,543038.935,464124.43,368956.707,204563.189,1788016.531
2025-12-10 22:00:00,185185.236,511200.356,415127.419,328927.671,183289.641,1623730.323
2025-12-10 23:00:00,171666.073,510991.918,362574.424,281977.2,157777.978,1484987.5930000003
2025-12-11 00:00:00,171182.144,572630.048,388961.92100000003,297835.868,154961.789,1585571.77
2025-12-11 01:00:00,146022.579,466683.788,430280.22,257696.355,134983.18,1435666.1219999997
2025-12-11 02:00:00,129977.976,406142.896,396926.372,232273.439,124203.439,1289524.122
2025-12-11 03:00:00,123541.413,375163.436,335993.491,221390.974,119664.469,1175753.783
2025-12-11 04:00:00,122722.895,372842.012,320543.862,221803.067,120786.945,1158698.7810000002
2025-12-11 05:00:00,130052.63399999999,403698.099,343846.734,239804.467,130613.567,1248015.501
2025-12-11 06:00:00,154932.18,449336.331,376329.181,274275.27,147348.206,1402221.1679999998
2025-12-11 07:00:00,189725.512,413599.33,352436.147,273482.338,146605.16,1375848.487
2025-12-11 08:00:00,195299.063,229080.242,180545.253,204311.051,114007.37700000001,923242.986
2025-12-11 09:00:00,188766.558,36545.727,21279.345,108129.429,61918.315,416639.374
2025-12-11 10:00:00,177047.407,-140447.561,-159880.549,6535.682000000001,7371.781999999999,-109373.23899999997
2025-12-11 11:00:00,171809.843,-234397.598,-263668.887,-51256.176999999996,-24053.126,-401565.945
2025-12-11 12:00:00,167549.872,-272984.393,-310839.817,-82864.939,-40320.127,-539459.404
2025-12-11 13:00:00,162468.906,-290189.479,-330142.845,-93728.37,-49307.3,-600899.088
2025-12-11 14:00:00,161487.197,-254776.59100000001,-304069.614,-96803.064,-42802.676,-536964.748
2025-12-11 15:00:00,163521.463,-183438.036,-225661.13,-61160.415,-26623.493,-333361.61100000003
2025-12-11 16:00:00,178143.59100000001,-32260.101,-88941.941,17757.929,20819.11,95518.58800000002
2025-12-11 17:00:00,194552.79200000002,170734.862,131789.214,138162.205,80514.68400000001,715753.757
2025-12-11 18:00:00,207396.09,373804.146,314863.379,262576.581,146474.901,1305115.097
2025-12-11 19:00:00,212210.104,510309.931,449092.817,338830.893,180257.515,1690701.2599999998
2025-12-11 20:00:00,209125.972,580122.354,484420.843,359332.593,195039.978,1828041.7400000002
2025-12-11 21:00:00,206402.184,565261.666,469707.32999999996,359455.72000000003,198677.59100000001,1799504.491
2025-12-11 22:00:00,184945.077,522451.896,417638.453,320867.301,178718.397,1624621.1239999998
2025-12-11 23:00:00,172086.351,516530.473,363656.011,274400.319,154379.725,1481052.8790000002
2025-12-12 00:00:00,171320.011,572953.003,386865.575,290274.249,153003.22699999998,1574416.065
2025-12-12 01:00:00,145521.008,466891.972,422991.396,249517.521,132969.64,1417891.537
2025-12-12 02:00:00,129031.948,405843.321,386713.38300000003,223987.985,121186.656,1266763.293
2025-12-12 03:00:00,122639.811,371852.742,328817.363,212610.06,116857.766,1152777.742
2025-12-12 04:00:00,121373.322,369384.405,311020.742,211441.729,116721.191,1129941.3890000002
2025-12-12 05:00:00,127508.7,398943.73099999997,325903.387,224808.195,125287.721,1202451.7339999997
2025-12-12 06:00:00,149231.941,439888.788,350485.06,250140.889,140328.698,1330075.3760000002
2025-12-12 07:00:00,180577.064,399955.52,319937.809,247124.768,139433.31900000002,1287028.48
2025-12-12 08:00:00,191140.931,217928.631,160188.843,191327.309,105848.453,866434.167
2025-12-12 09:00:00,195898.104,38595.931,-11994.368,108373.129,60377.904,391250.69999999995
2025-12-12 10:00:00,197750.58,-97915.71100000001,-149236.266,35972.971,19881.493,6453.066999999963
2025-12-12 11:00:00,203545.837,-150509.054,-212419.323,3165.75,4301.509,-151915.28100000002
2025-12-12 12:00:00,211161.439,-129282.484,-221116.118,-3843.6569999999997,10513.493,-132567.327
2025-12-12 13:00:00,226793.462,-70504.323,-181916.041,34089.101,46756.378,55218.57699999999
2025-12-12 14:00:00,242919.81,16079.786999999998,-53778.036,139357.862,73118.708,417698.131
2025-12-12 15:00:00,260833.225,174405.003,77266.498,208556.256,121725.36,842786.342
2025-12-12 16:00:00,281610.494,381793.617,259139.703,337210.83,194309.878,1454064.522
2025-12-12 17:00:00,300948.509,536258.986,490803.039,492668.359,263744.423,2084423.316
2025-12-12 18:00:00,288340.69,660369.949,622589.81,567650.82,282186.112,2421137.381
2025-12-12 19:00:00,281030.958,761437.949,657639.997,566557.925,310229.6,2576896.429
2025-12-12 20:00:00,267915.93200000003,767270.571,638014.101,544826.756,302498.032,2520525.3920000005
2025-12-12 21:00:00,257237.514,692729.486,583310.625,505805.811,280793.277,2319876.713
2025-12-12 22:00:00,232549.237,617941.094,505508.044,439139.376,245562.338,2040700.089
2025-12-12 23:00:00,215363.008,582834.267,429438.179,367432.464,206915.099,1801983.017
2025-12-13 00:00:00,206737.584,610474.345,436266.02999999997,360822.585,190995.777,1805296.321
2025-12-13 01:00:00,173736.531,489798.667,456770.713,302523.646,161396.373,1584225.93
2025-12-13 02:00:00,152996.524,428737.168,409390.091,267475.16,144687.584,1403286.527
2025-12-13 03:00:00,143508.773,396206.061,347157.0,249428.981,137056.272,1273357.0869999998
2025-12-13 04:00:00,139347.016,383717.955,326705.306,241882.151,134484.85,1226137.278
2025-12-13 05:00:00,139456.521,389090.697,327202.463,240348.934,134314.058,1230412.673
2025-12-13 06:00:00,146032.347,413762.575,325647.022,242057.473,139703.129,1267202.5459999999
2025-12-13 07:00:00,161642.69,425762.819,324554.488,247518.752,146673.669,1306152.418
2025-12-13 08:00:00,177720.813,400565.856,279515.61,243636.669,159597.356,1261036.3039999998
2025-12-13 09:00:00,195826.977,356105.448,244118.198,259502.704,165798.092,1221351.419
2025-12-13 10:00:00,198144.474,211922.578,177116.0,178200.791,138368.39,903752.233
2025-12-13 11:00:00,191661.694,104432.991,72614.437,108170.836,71935.635,548815.593
2025-12-13 12:00:00,181189.541,1517.147,-17684.453,20626.887,32916.927,218566.04899999997
2025-12-13 13:00:00,185011.797,-67290.4,-9327.961,11697.339,54485.22,174575.995
2025-12-13 14:00:00,187418.277,667.6949999999997,39812.79,73028.424,67638.289,368565.475
2025-12-13 15:00:00,217513.071,201095.898,171704.757,168737.24599999998,203694.47,962745.4419999999
2025-12-13 16:00:00,223157.34600000002,256374.361,360962.615,289251.299,231659.501,1361405.122
2025-12-13 17:00:00,207733.351,281482.608,369952.738,266382.786,162028.575,1287580.058
2025-12-13 18:00:00,212132.756,464890.289,461988.798,343725.443,181944.778,1664682.0639999998
2025-12-13 19:00:00,215431.79499999998,562543.6799999999,546661.552,391355.204,202781.72999999998,1918773.9610000001
2025-12-13 20:00:00,204633.399,586832.871,520555.067,371718.604,198806.956,1882546.897
2025-12-13 21:00:00,199464.676,552826.027,484404.947,360161.31,196015.149,1792872.109
2025-12-13 22:00:00,185089.306,519628.273,434400.648,326557.807,179745.421,1645421.455
2025-12-13 23:00:00,178872.207,521436.518,381806.999,286321.67,160145.018,1528582.412
2025-12-14 00:00:00,180445.32799999998,572557.957,402690.93200000003,303051.404,159400.101,1618145.722
2025-12-14 01:00:00,153596.924,467736.848,433212.009,258489.614,137543.914,1450579.309
2025-12-14 02:00:00,136266.349,405914.497,389843.68700000003,230191.358,125310.031,1287525.9219999998
2025-12-14 03:00:00,128208.08899999999,372715.189,327089.112,216707.68,118835.148,1163555.218
2025-12-14 04:00:00,123596.819,357114.122,305799.292,209507.95500000002,115069.43400000001,1111087.622
2025-12-14 05:00:00,122165.722,356608.587,306670.228,208529.871,113746.612,1107721.02
2025-12-14 06:00:00,124628.025,368846.016,298308.435,207029.632,111147.614,1109959.722
2025-12-14 07:00:00,133097.638,323751.294,274824.393,199673.481,98117.943,1029464.7490000001
2025-12-14 08:00:00,147546.63,212824.809,226894.006,203833.154,97646.096,888744.695
2025-12-14 09:00:00,166930.522,126606.83,219956.91700000002,241926.44700000001,102006.5,857427.216
2025-12-14 10:00:00,169411.997,24449.207,148792.259,160289.975,85061.652,588005.09
2025-12-14 11:00:00,158032.473,-53884.712,1833.3919999999998,68122.313,28304.545,202408.011
2025-12-14 12:00:00,154421.411,-54494.882,-63254.131,69023.009,5509.882,111205.289
2025-12-14 13:00:00,165267.174,-100262.383,-65771.58499999999,108615.18000000001,12913.581,120761.96700000003
2025-12-14 14:00:00,160411.961,-104134.846,-96085.544,36237.784,43395.231,39824.58600000001
2025-12-14 15:00:00,155596.452,-98946.198,-66561.152,56517.489,21247.986,67854.57699999999
2025-12-14 16:00:00,154206.615,-359.1090000000004,7445.400000000001,64247.174,33358.091,258898.17099999997
2025-12-14 17:00:00,169151.575,180183.411,151909.524,150939.566,83518.344,735702.42
2025-12-14 18:00:00,188960.363,361919.461,336856.166,277143.565,141468.417,1306347.9719999998
2025-12-14 19:00:00,197953.86800000002,491768.512,437718.058,334943.051,176642.294,1639025.783
2025-12-14 20:00:00,200415.438,570664.63,490841.131,369341.169,198854.303,1830116.671
2025-12-14 21:00:00,197447.637,557823.686,481864.07999999996,369556.214,201156.778,1807848.395
2025-12-14 22:00:00,179184.385,520246.245,432484.397,332529.184,182181.644,1646625.8550000002
2025-12-14 23:00:00,168720.005,516935.62,374347.567,284448.612,157847.957,1502299.761
2025-12-15 00:00:00,169017.512,573438.543,394783.664,298478.5,155919.702,1591637.921
2025-12-15 01:00:00,144612.297,471894.642,433867.544,257123.81,135912.378,1443410.671
2025-12-15 02:00:00,127482.278,409252.78,401815.368,229972.269,124082.73000000001,1292605.425
2025-12-15 03:00:00,121407.673,374842.813,341437.854,217504.902,118748.3,1173941.5420000001
2025-12-15 04:00:00,119911.98,369475.927,321908.547,215915.35700000002,118869.52100000001,1146081.332
2025-12-15 05:00:00,126746.89,397031.495,340233.63,232286.234,128136.36,1224434.609
2025-12-15 06:00:00,150779.617,451559.516,376463.248,264175.946,149943.63,1392921.957
2025-12-15 07:00:00,188702.853,446062.069,368271.866,291680.659,163992.67,1458710.1169999999
2025-12-15 08:00:00,199461.986,306755.974,275580.467,286932.18,139747.259,1208477.866
2025-12-15 09:00:00,204056.944,136874.464,201490.477,235188.125,105600.769,883210.779
2025-12-15 10:00:00,199384.739,8864.582,90669.694,192192.889,67225.601,558337.505
2025-12-15 11:00:00,198315.144,-56745.568,55899.063,149266.265,71767.249,418502.15300000005
2025-12-15 12:00:00,185595.127,-92327.70999999999,-42036.492,108635.397,51027.378,210893.7
2025-12-15 13:00:00,178848.229,-136106.181,-79953.30900000001,-345.56200000000035,51568.128,14011.304999999971
2025-12-15 14:00:00,168389.905,-161787.805,-106278.864,-24895.039,39281.528,-85290.275
2025-12-15 15:00:00,170422.815,-132972.976,-77907.452,-15651.309,38072.099,-18036.822999999997
2025-12-15 16:00:00,172315.286,-54371.616,-5159.139999999999,37512.869,61676.021,211973.41999999998
2025-12-15 17:00:00,187029.269,88396.001,122437.916,137816.078,88697.799,624377.063
2025-12-15 18:00:00,203829.926,311891.26300000004,306382.481,265859.419,152200.388,1240163.4770000002
2025-12-15 19:00:00,211602.143,476085.051,431666.559,338778.274,188099.979,1646232.006
2025-12-15 20:00:00,212063.762,563997.958,495483.265,378762.609,212624.346,1862931.94
2025-12-15 21:00:00,208853.791,561029.163,492496.599,383171.519,216328.834,1861879.9059999997
2025-12-15 22:00:00,184657.607,522290.773,435976.177,339832.664,191765.828,1674523.0489999999
2025-12-15 23:00:00,170800.71,519759.663,375848.359,288953.28500000003,163619.46899999998,1518981.486
2025-12-16 00:00:00,169952.512,581679.623,398921.184,301693.023,158365.706,1610612.0480000002
2025-12-16 01:00:00,145102.386,479288.564,439613.303,259875.495,137745.674,1461625.4219999998
2025-12-16 02:00:00,128588.111,415106.503,405505.481,232104.321,124624.451,1305928.867
2025-12-16 03:00:00,121970.435,380271.947,342243.111,218917.821,119143.271,1182546.585
2025-12-16 04:00:00,120891.015,370807.731,322689.479,217596.82,119185.769,1151170.8140000002
2025-12-16 05:00:00,128752.904,401700.123,345562.922,234639.847,130108.0,1240763.796
2025-12-16 06:00:00,152849.342,456638.663,386716.123,269401.317,150941.317,1416546.7619999999
2025-12-16 07:00:00,186050.057,457795.327,390070.549,291961.748,159986.958,1485864.639
2025-12-16 08:00:00,199181.86800000002,338549.064,279432.194,280036.296,143507.555,1240706.977
2025-12-16 09:00:00,208498.663,200481.002,157297.231,261064.782,116193.383,943535.0610000001
2025-12-16 10:00:00,205709.896,4319.286,12064.451000000001,195967.449,69090.19499999999,487151.277
2025-12-16 11:00:00,185879.8,-155991.483,-162018.469,71223.97899999999,543.691,-60362.48200000004
2025-12-16 12:00:00,171636.988,-242416.795,-256323.12,-29130.302,-30304.045,-386537.274
2025-12-16 13:00:00,160853.464,-296177.503,-301644.131,-81265.856,-39726.007,-557960.033
2025-12-16 14:00:00,156633.325,-295465.907,-311802.978,-94711.655,-43102.458,-588449.673
2025-12-16 15:00:00,157330.72999999998,-239952.058,-254713.391,-71123.447,-31133.597999999998,-439591.764
2025-12-16 16:00:00,168909.736,-91785.704,-121672.03199999999,5119.734,7608.486999999999,-31819.778999999988
2025-12-16 17:00:00,187359.523,122815.376,91343.76,126905.173,70012.589,598436.421
2025-12-16 18:00:00,204099.214,351000.957,307358.131,255908.491,136074.537,1254441.33
2025-12-16 19:00:00,210767.272,512905.705,442708.954,333861.613,180625.442,1680868.9859999998
2025-12-16 20:00:00,208547.19,583234.506,487023.12,362432.323,200042.158,1841279.297
2025-12-16 21:00:00,204919.15899999999,564566.27,473059.567,363238.811,200594.331,1806378.138
2025-12-16 22:00:00,183276.589,522659.216,421464.913,324706.848,180158.948,1632266.5140000002
2025-12-16 23:00:00,169665.755,515102.621,364373.038,277613.32,154541.07200000001,1481295.8059999999
2025-12-17 00:00:00,169011.317,570599.613,387538.85,292754.205,152176.8,1572080.785
2025-12-17 01:00:00,143610.546,466564.63,424938.31200000003,252092.74,132305.459,1419511.6870000002
2025-12-17 02:00:00,128048.606,406282.212,388625.297,226880.878,121182.044,1271019.037
2025-12-17 03:00:00,121802.272,374866.218,330246.552,215249.65,116702.326,1158867.0180000002
2025-12-17 04:00:00,120543.375,369048.58900000004,313532.067,214701.225,117304.246,1135129.502
2025-12-17 05:00:00,127792.481,395791.587,333254.45,230458.481,125937.553,1213234.5520000001
2025-12-17 06:00:00,151193.665,441772.081,364367.886,260190.193,141672.753,1359196.578
2025-12-17 07:00:00,182842.393,399135.793,329707.558,254526.791,141232.384,1307444.919
2025-12-17 08:00:00,189931.302,217372.659,166239.824,194895.961,106985.494,875425.24
2025-12-17 09:00:00,189248.443,39738.638,-3881.370000000001,105544.088,60643.967,391293.766
2025-12-17 10:00:00,190555.85,-93803.712,-137881.311,28692.152000000002,23225.236,10788.215000000022
2025-12-17 11:00:00,195279.278,-145760.432,-193904.021,-9070.618,10791.088,-142664.70500000002
2025-12-17 12:00:00,202142.901,-144634.903,-196463.31100000002,-14166.734,14935.878,-138186.169
2025-12-17 13:00:00,213373.131,-106661.925,-162070.096,6654.112,34182.503,-14522.275000000009
2025-12-17 14:00:00,223078.535,-32657.142,-70399.797,49509.32,65350.211,234881.12700000004
2025-12-17 15:00:00,235930.183,97378.23,77284.323,129458.05099999999,110427.878,650478.665
2025-12-17 16:00:00,260531.354,305581.231,276616.543,256528.116,179886.228,1279143.472
2025-12-17 17:00:00,282422.012,535837.223,514901.415,421815.68,262909.75,2017886.08
2025-12-17 18:00:00,284851.299,719686.228,707853.8150000001,517018.017,295931.311,2525340.67
2025-12-17 19:00:00,275560.444,840657.191,770749.188,543584.529,306547.669,2737099.0209999997
2025-12-17 20:00:00,259413.787,823045.527,719185.751,507836.386,289135.484,2598616.935
2025-12-17 21:00:00,245419.424,724828.343,626838.312,464025.06799999997,262835.148,2323946.295
2025-12-17 22:00:00,215826.914,624766.804,521065.157,393309.395,222397.936,1977366.206
2025-12-17 23:00:00,194229.141,581155.759,430381.451,323337.252,182428.755,1711532.3579999995
2025-12-18 00:00:00,186755.933,608221.189,435001.456,323276.239,171622.42799999999,1724877.245
2025-12-18 01:00:00,157962.286,488183.878,463419.34,272562.349,147285.88,1529413.733
2025-12-18 02:00:00,140316.798,427864.989,415478.681,243013.215,133100.427,1359774.1099999999
2025-12-18 03:00:00,132345.652,394348.069,353337.281,228147.93099999998,126014.307,1234193.24
2025-12-18 04:00:00,129434.646,384853.309,335761.638,222430.78100000002,123792.97,1196273.344
2025-12-18 05:00:00,134176.904,407660.135,349265.418,230781.776,129199.672,1251083.905
2025-12-18 06:00:00,154067.366,446012.41,371260.163,251748.183,140737.748,1363825.8699999999
2025-12-18 07:00:00,188827.056,411443.199,339060.97500000003,251501.716,142865.743,1333698.689
2025-12-18 08:00:00,209584.988,280958.047,216614.126,220200.45799999998,125404.381,1052762.0
2025-12-18 09:00:00,230188.092,175404.905,110255.223,177768.872,110476.34,804093.4319999999
2025-12-18 10:00:00,262005.602,124451.95,44711.779,162248.373,112089.225,705506.929
2025-12-18 11:00:00,294962.59,151465.246,55683.958,197019.703,132357.127,831488.624
2025-12-18 12:00:00,318878.69,194829.281,110200.659,247060.283,159331.87,1030300.7829999999
2025-12-18 13:00:00,338786.952,255218.454,181432.983,306070.197,194203.856,1275712.4419999998
2025-12-18 14:00:00,332995.825,317139.684,266099.293,337698.761,214616.666,1468550.229
2025-12-18 15:00:00,336736.72,418560.852,373688.049,403716.729,237001.425,1769703.7750000001
2025-12-18 16:00:00,352071.794,588268.708,530970.34,517246.32800000004,284244.925,2272802.0949999997
2025-12-18 17:00:00,368473.78,793857.6259999999,726025.522,642449.286,344950.24,2875756.454
2025-12-18 18:00:00,373115.734,978783.951,918926.0719999999,753688.377,404650.256,3429164.3899999997
2025-12-18 19:00:00,357491.287,1088099.831,966640.595,744120.955,423161.503,3579514.1709999996
2025-12-18 20:00:00,330521.147,1034998.549,884255.436,683551.183,393410.623,3326736.938
2025-12-18 21:00:00,306199.231,894280.322,761328.919,612360.072,348787.3,2922955.8439999996
2025-12-18 22:00:00,265118.851,754719.968,621820.276,511262.921,287233.747,2440155.763
2025-12-18 23:00:00,236056.262,682467.597,504364.83,414563.227,231378.991,2068830.907
2025-12-19 00:00:00,221672.02899999998,684423.579,492683.211,397674.33499999996,208353.627,2004806.7810000002
2025-12-19 01:00:00,188128.234,551805.841,497260.863,333313.989,179277.71899999998,1749786.6460000002
2025-12-19 02:00:00,167933.449,490396.063,442273.833,298069.574,162903.078,1561575.997
2025-12-19 03:00:00,159063.768,454487.692,382609.31,279868.129,154430.912,1430459.811
2025-12-19 04:00:00,154777.965,438958.034,363959.063,270189.071,149982.725,1377866.858
2025-12-19 05:00:00,159507.58000000002,453252.573,375603.396,275155.18700000003,154074.363,1417593.099
2025-12-19 06:00:00,178686.873,496959.816,405810.762,299904.076,165892.96600000001,1547254.493
2025-12-19 07:00:00,213875.111,517354.909,418464.772,320105.733,181522.843,1651323.3679999998
2025-12-19 08:00:00,242116.039,489301.73,402754.271,350581.441,189893.344,1674646.825
2025-12-19 09:00:00,270007.293,486764.395,389058.469,365556.166,218428.691,1729815.014
2025-12-19 10:00:00,289692.175,478458.681,395565.961,403146.902,229060.335,1795924.054
2025-12-19 11:00:00,305085.11,474123.435,417586.928,437488.675,247496.062,1881780.21
2025-12-19 12:00:00,303553.343,479440.08900000004,409842.112,395936.126,247317.162,1836088.832
2025-12-19 13:00:00,304439.773,519502.315,374753.24,382761.934,213865.128,1795322.39
2025-12-19 14:00:00,332633.185,608039.935,467533.057,465479.404,267469.404,2141154.9850000003
2025-12-19 15:00:00,338992.406,664845.307,585435.829,504112.12,312507.821,2405893.483
2025-12-19 16:00:00,337765.342,730073.419,659289.057,555404.063,336316.108,2618847.989
2025-12-19 17:00:00,320957.27,722898.912,684132.813,535390.422,324735.275,2588114.692
2025-12-19 18:00:00,299855.12,732012.747,633819.73,496098.885,303557.414,2465343.8959999997
2025-12-19 19:00:00,296117.219,772889.23,632118.309,530000.475,314509.653,2545634.886
2025-12-19 20:00:00,286040.489,758789.479,625986.1,522035.496,308016.96499999997,2500868.529
2025-12-19 21:00:00,275338.557,706474.581,592322.526,496030.963,295990.425,2366157.0519999997
2025-12-19 22:00:00,246713.63700000002,640749.91,536563.354,432603.243,265151.116,2121781.2600000002
2025-12-19 23:00:00,224045.483,613113.216,464165.625,361105.462,224636.73,1887066.516
2025-12-20 00:00:00,210307.28100000002,637986.1410000001,471340.13,356079.789,204334.761,1880048.102
2025-12-20 01:00:00,176237.222,510387.153,485605.168,296104.676,172088.866,1640423.085
2025-12-20 02:00:00,156651.514,443023.049,429956.793,261279.388,151833.085,1442743.829
2025-12-20 03:00:00,147034.223,408195.875,363142.63300000003,243811.956,141072.423,1303257.1099999999
2025-12-20 04:00:00,141603.579,390437.447,338848.354,234654.544,134799.569,1240343.4929999998
2025-12-20 05:00:00,140493.354,394296.769,339462.23199999996,233686.95500000002,132970.66,1240909.97
2025-12-20 06:00:00,146690.984,418646.14999999997,356946.381,247302.372,139454.117,1309040.004
2025-12-20 07:00:00,158846.945,417885.569,383091.803,269193.672,148260.516,1377278.5050000001
2025-12-20 08:00:00,174438.541,374827.287,377841.061,298393.08,160545.564,1386045.533
2025-12-20 09:00:00,190808.872,317273.637,356286.436,310793.65,161133.162,1336295.757
2025-12-20 10:00:00,200148.348,217808.744,315555.147,309066.486,148509.036,1191087.761
2025-12-20 11:00:00,204312.446,129195.447,290854.196,303004.354,134278.753,1061645.196
2025-12-20 12:00:00,199488.77,61222.039,251094.323,265596.83,105238.362,882640.3239999999
2025-12-20 13:00:00,191694.315,-38724.655,206071.81,205417.214,76793.064,641251.748
2025-12-20 14:00:00,172027.169,-95955.087,146863.123,114695.497,32680.673,370311.375
2025-12-20 15:00:00,158799.179,-59884.343,109466.946,64109.702,1241.582,273733.066
2025-12-20 16:00:00,159458.509,73955.111,94942.55,40652.33,22233.486,391241.986
2025-12-20 17:00:00,178939.484,284673.849,190671.976,134785.158,81145.495,870215.9619999999
2025-12-20 18:00:00,196300.704,499186.05299999996,354232.023,251479.72100000002,141552.742,1442751.243
2025-12-20 19:00:00,202727.562,645648.442,470528.083,324845.328,180858.501,1824607.916
2025-12-20 20:00:00,199205.416,679584.318,510095.267,352431.619,194525.625,1935842.2449999999
2025-12-20 21:00:00,194360.632,624506.794,488930.778,346103.103,191061.048,1844962.355
2025-12-20 22:00:00,179832.449,572192.396,444449.058,317482.899,176077.379,1690034.1809999999
2025-12-20 23:00:00,174718.426,556610.473,392120.699,281497.365,157781.77,1562728.733
2025-12-21 00:00:00,175388.329,594632.95,412576.56,300089.079,157418.123,1640105.041
2025-12-21 01:00:00,149642.322,477458.922,444916.109,256153.676,136276.835,1464447.8639999998
2025-12-21 02:00:00,132470.931,414028.497,401513.095,226639.928,122702.968,1297355.4189999998
2025-12-21 03:00:00,125151.484,377771.287,332809.502,212556.955,116238.302,1164527.53
2025-12-21 04:00:00,121842.236,362653.936,307869.968,206107.782,113044.638,1111518.56
2025-12-21 05:00:00,121504.045,366669.133,307804.322,206960.746,113515.456,1116453.702
2025-12-21 06:00:00,125778.464,385766.766,311287.988,212847.579,116084.209,1151765.006
2025-12-21 07:00:00,133624.025,381289.98,312941.455,207399.192,112376.557,1147631.209
2025-12-21 08:00:00,139230.612,308778.489,260029.75999999998,178402.458,96799.837,983241.156
2025-12-21 09:00:00,153497.523,376537.079,184693.811,166997.821,98234.688,979960.9219999999
2025-12-21 10:00:00,178949.081,396987.234,214931.27599999998,247505.62900000002,137392.78,1175765.9999999998
2025-12-21 11:00:00,190396.319,434762.69299999997,330728.313,294544.787,158425.415,1408857.527
2025-12-21 12:00:00,196577.586,475608.567,337611.997,289411.553,179511.334,1478721.037
2025-12-21 13:00:00,204953.107,481036.43100000004,425628.789,365471.619,193438.381,1670528.327
2025-12-21 14:00:00,201510.011,325903.575,428079.418,366155.28599999996,165683.191,1487331.4810000001
2025-12-21 15:00:00,193225.619,380092.645,437892.702,331259.255,169040.596,1511510.8169999998
2025-12-21 16:00:00,192831.45500000002,390281.518,453102.63899999997,342927.646,174787.818,1553931.076
2025-12-21 17:00:00,204232.811,463828.224,515197.95,389176.589,204022.086,1776457.6599999997
2025-12-21 18:00:00,207798.039,469013.954,529817.706,399855.006,200706.439,1807191.144
2025-12-21 19:00:00,200400.528,522374.851,496135.672,369179.534,198923.323,1787013.908
2025-12-21 20:00:00,197699.897,572175.319,499459.87200000003,378772.011,204557.257,1852664.356
2025-12-21 21:00:00,191149.262,558604.459,482579.19,371543.129,200148.99,1804025.03
2025-12-21 22:00:00,174348.752,515791.965,433838.89,333731.222,181336.711,1639047.54
2025-12-21 23:00:00,165605.096,509821.683,379077.713,286917.132,159306.85,1500728.474
2025-12-22 00:00:00,166543.638,563254.2,403291.67,301652.485,157658.185,1592400.178
2025-12-22 01:00:00,142281.003,463844.875,445266.536,259619.011,136976.98200000002,1447988.4070000001
2025-12-22 02:00:00,126889.34,397679.625,410911.597,231800.498,124140.13,1291421.19
2025-12-22 03:00:00,120928.823,363543.254,346199.403,218933.288,119389.721,1168994.4889999998
2025-12-22 04:00:00,118988.18299999999,353613.76399999997,321974.849,215894.944,118121.318,1128593.058
2025-12-22 05:00:00,123925.858,371916.31799999997,331848.419,225786.487,123790.101,1177267.183
2025-12-22 06:00:00,140763.535,407406.211,360865.24199999997,256512.857,134469.069,1300016.9139999999
2025-12-22 07:00:00,165230.456,387178.95399999997,358563.844,269140.527,136028.442,1316142.223
2025-12-22 08:00:00,181369.717,293798.652,276348.812,278704.748,124791.845,1155013.774
2025-12-22 09:00:00,192105.083,230603.415,205316.314,263237.799,129323.259,1020585.87
2025-12-22 10:00:00,194297.635,115620.069,124457.583,219149.117,110426.281,763950.6849999999
2025-12-22 11:00:00,196055.85,-6953.228000000001,73153.212,165713.043,101080.591,529049.468
2025-12-22 12:00:00,197835.658,-97320.661,36326.182,210378.466,79303.41399999999,426523.059
2025-12-22 13:00:00,172829.389,-150037.809,-24726.683,118913.447,42898.067,159876.411
2025-12-22 14:00:00,164251.549,-144851.222,-82048.007,48500.592,33810.215,19663.126999999993
2025-12-22 15:00:00,156432.352,-108097.186,-125378.439,7990.741,14908.801,-54143.73099999998
2025-12-22 16:00:00,161627.796,19846.982,-26281.095,64729.569,42246.378,262169.63
2025-12-22 17:00:00,175952.361,150909.025,123485.987,143078.541,94544.067,687969.981
2025-12-22 18:00:00,191264.41,348184.81,292554.89400000003,255414.262,150687.366,1238105.7419999999
2025-12-22 19:00:00,197058.613,468544.605,412253.401,329996.92,182524.228,1590377.767
2025-12-22 20:00:00,194653.441,541775.051,464935.328,358171.915,193044.985,1752580.7199999997
2025-12-22 21:00:00,191711.226,533601.366,462160.28,357996.223,194772.356,1740241.451
2025-12-22 22:00:00,175702.94,501047.33999999997,420813.621,324776.825,178705.16,1601045.886
2025-12-22 23:00:00,166280.253,506190.299,367470.798,280940.823,157025.896,1477908.069
2025-12-23 00:00:00,166078.113,565996.7609999999,388924.151,295516.109,153754.947,1570270.081
2025-12-23 01:00:00,141329.046,461998.11699999997,428446.876,253531.104,133371.994,1418677.1369999999
2025-12-23 02:00:00,125727.053,399046.52499999997,392611.08,225430.6,120896.323,1263711.581
2025-12-23 03:00:00,119782.679,362119.74700000003,332899.456,212840.025,115662.815,1143304.722
2025-12-23 04:00:00,117939.791,350785.794,310652.649,209666.745,114943.97499999999,1103988.954
2025-12-23 05:00:00,123002.988,368029.918,321927.95,218417.12099999998,121005.524,1152383.501
2025-12-23 06:00:00,137998.181,396934.933,350017.15,239191.404,131296.792,1255438.46
2025-12-23 07:00:00,161317.988,352211.967,325958.977,231033.46600000001,122802.649,1193325.047
2025-12-23 08:00:00,169589.188,201412.643,213503.806,204004.684,98158.66,886668.981
2025-12-23 09:00:00,171195.415,81100.841,75153.867,122105.64,59933.507,509489.27
2025-12-23 10:00:00,176990.266,4015.1249999999995,-34524.098,55858.081,56975.756,259315.13
2025-12-23 11:00:00,173539.663,-125330.487,-67062.072,41007.105,29925.144,52079.35300000002
2025-12-23 12:00:00,164322.155,-158262.489,-94318.203,-12750.594,7642.11,-93367.021
2025-12-23 13:00:00,153436.526,-242971.099,-178946.901,-51408.301,-13564.761,-333454.536
2025-12-23 14:00:00,141035.274,-269028.019,-240665.69,-71879.56,-48421.324,-488959.319
2025-12-23 15:00:00,141797.665,-234254.227,-211713.047,-62754.649,-37491.413,-404415.67100000003
2025-12-23 16:00:00,153252.763,-125288.256,-130320.361,-472.1700000000005,-1269.9770000000003,-104098.00099999999
2025-12-23 17:00:00,172468.376,65818.01,47555.568999999996,115813.17199999999,60800.21,462455.337
2025-12-23 18:00:00,186251.022,278911.37,255164.376,240028.012,125170.52,1085525.3
2025-12-23 19:00:00,192172.219,451828.089,404038.173,316947.797,169713.53,1534699.808
2025-12-23 20:00:00,191236.325,544559.13,467892.674,350358.336,190139.314,1744185.7790000003
2025-12-23 21:00:00,189873.049,540263.008,470442.862,355257.878,194069.489,1749906.286
2025-12-23 22:00:00,174800.289,517040.876,434366.268,325439.691,178963.479,1630610.6030000001
2025-12-23 23:00:00,167362.873,516517.625,382965.754,284252.249,158173.642,1509272.143
2025-12-24 00:00:00,167105.017,567955.885,401956.086,298542.699,156453.15,1592012.8369999998
2025-12-24 01:00:00,141898.941,464388.816,435763.974,254900.859,134849.019,1431801.609
2025-12-24 02:00:00,126256.928,400645.044,399218.574,226643.536,122148.146,1274912.228
2025-12-24 03:00:00,119871.988,361544.375,336420.811,212808.137,116637.939,1147283.25
2025-12-24 04:00:00,117570.192,350340.438,310935.569,208413.78399999999,114841.336,1102101.319
2025-12-24 05:00:00,121478.852,363536.888,318205.653,214732.435,118882.42,1136836.248
2025-12-24 06:00:00,134817.486,399494.179,343695.697,234460.039,130724.603,1243192.0040000002
2025-12-24 07:00:00,156284.342,392546.797,349858.265,254621.787,139869.711,1293180.9020000002
2025-12-24 08:00:00,173920.82,323974.532,294238.562,283535.97,147543.40899999999,1223213.2929999998
2025-12-24 09:00:00,189313.846,243909.907,253349.651,297371.98,145286.678,1129232.0620000002
2025-12-24 10:00:00,195984.03,148180.572,201449.831,290619.634,125256.00200000001,961490.069
2025-12-24 11:00:00,193949.501,67702.796,146042.036,262150.176,93881.855,763726.364
2025-12-24 12:00:00,187486.985,-974.7520000000004,73511.791,215358.897,73082.152,548465.073
2025-12-24 13:00:00,174761.724,-70538.724,8933.026,139381.291,39498.863,292036.18
2025-12-24 14:00:00,173012.071,-56288.854,10230.487,150927.846,47029.192,324910.74199999997
2025-12-24 15:00:00,178270.325,-19447.222999999998,59671.479,138467.798,69960.119,426922.498
2025-12-24 16:00:00,179292.592,40616.911,113018.969,173865.257,77006.301,583800.03
2025-12-24 17:00:00,179691.486,192942.40600000002,219575.83000000002,182368.039,114371.901,888949.6619999999
2025-12-24 18:00:00,179484.273,330500.21,333303.054,263440.479,146491.75400000002,1253219.77
2025-12-24 19:00:00,180985.936,475493.762,437415.022,327918.689,169889.952,1591703.361
2025-12-24 20:00:00,185198.606,555114.461,495178.746,370886.606,191722.53399999999,1798100.953
2025-12-24 21:00:00,183517.205,555076.112,496854.25,373632.356,197023.291,1806103.214
2025-12-24 22:00:00,171841.24,539867.118,465786.18799999997,347900.091,185797.269,1711191.9060000002
2025-12-24 23:00:00,167046.01,547572.205,417195.593,307872.115,167610.57,1607296.493
2025-12-25 00:00:00,168245.053,602235.699,429157.327,318672.39,165298.139,1683608.608
2025-12-25 01:00:00,144097.139,501043.747,462173.772,272727.223,143305.854,1523347.735
2025-12-25 02:00:00,127948.845,429394.56299999997,425729.053,240698.903,128382.799,1352154.1630000002
2025-12-25 03:00:00,120123.049,383712.902,360299.96,224176.437,121356.82,1209669.168
2025-12-25 04:00:00,117349.237,364001.05,330229.101,217728.99300000002,118211.04299999999,1147519.424
2025-12-25 05:00:00,118764.075,371805.198,330977.583,222087.479,119600.034,1163234.369
2025-12-25 06:00:00,127130.46800000001,405345.763,354712.327,244589.067,127802.594,1259580.219
2025-12-25 07:00:00,145542.382,402370.217,365844.791,273804.474,121629.791,1309191.655
2025-12-25 08:00:00,158691.473,306005.339,300320.169,276987.069,129431.667,1171435.717
2025-12-25 09:00:00,166555.657,217383.30299999999,240796.032,245492.82200000001,137500.932,1007728.746
2025-12-25 10:00:00,147750.762,104150.95300000001,134129.166,219124.222,75170.13,680325.233
2025-12-25 11:00:00,138114.086,-25130.195,66980.923,156656.036,51488.807,388109.657
2025-12-25 12:00:00,131602.95799999998,-145180.888,-4827.437,123218.799,8914.444,113727.87599999997
2025-12-25 13:00:00,113093.194,-242167.657,-92971.24799999999,57983.89,-20471.828999999998,-184533.65
2025-12-25 14:00:00,92104.901,-286087.551,-133367.348,32784.827,-53880.761,-348445.932
2025-12-25 15:00:00,97600.201,-226999.395,-117517.225,-54428.633,-11574.985,-312920.037
2025-12-25 16:00:00,106456.946,-140573.843,-81677.015,-289.058,-10348.273,-126431.243
2025-12-25 17:00:00,122237.17199999999,28116.008,64894.544,80444.006,52844.098,348535.828
2025-12-25 18:00:00,140964.486,216085.619,229509.041,183661.74599999998,111423.80900000001,881644.701
2025-12-25 19:00:00,155445.277,385234.407,362391.419,282769.997,144304.251,1330145.351
2025-12-25 20:00:00,167189.116,507700.445,455723.85500000004,345600.31,181205.085,1657418.811
2025-12-25 21:00:00,170498.741,529116.398,480073.505,361978.835,192472.946,1734140.4250000003
2025-12-25 22:00:00,161511.108,516759.543,450340.63,337476.61,183084.79,1649172.681
2025-12-25 23:00:00,159437.662,529809.487,398942.259,296121.74199999997,165480.158,1549791.308
2025-12-26 00:00:00,161650.956,587489.866,414808.30700000003,308822.294,162554.119,1635325.542
2025-12-26 01:00:00,139047.412,488224.80700000003,451750.61100000003,265617.285,141204.036,1485844.151
2025-12-26 02:00:00,125288.375,424632.19200000004,417011.766,237644.572,127584.586,1332161.491
2025-12-26 03:00:00,118488.23,382000.695,355887.589,222882.016,121009.833,1200268.3630000001
2025-12-26 04:00:00,116107.32699999999,363155.13899999997,326790.711,216509.562,118345.234,1140907.973
2025-12-26 05:00:00,118531.619,370997.818,324769.461,219603.616,119911.111,1153813.625
2025-12-26 06:00:00,125505.568,386037.935,335985.55,230446.082,125367.241,1203342.376
2025-12-26 07:00:00,136789.754,353472.259,318991.248,236906.955,125735.265,1171895.481
2025-12-26 08:00:00,150703.95,254540.97999999998,296617.209,266746.293,123493.972,1092102.404
2025-12-26 09:00:00,155650.869,159717.041,235951.065,246574.813,119535.913,917429.7009999999
2025-12-26 10:00:00,155533.432,14271.919,112381.799,198717.532,130022.355,610927.037
2025-12-26 11:00:00,157539.696,-95454.233,7718.480999999999,161358.082,82466.312,313628.338
2025-12-26 12:00:00,143062.212,-184816.528,-66145.93,94902.33899999999,57635.174,44637.26700000001
2025-12-26 13:00:00,129262.994,-249183.793,-136560.623,54200.56,2872.0189999999993,-199408.843
2025-12-26 14:00:00,118569.884,-283505.132,-148735.676,23269.976,-31473.097,-321874.045
2025-12-26 15:00:00,115156.52900000001,-240542.043,-169288.72,3899.178,-39232.962,-330008.018
2025-12-26 16:00:00,118369.388,-149990.295,-115826.726,24023.898999999998,-12770.855,-136194.589
2025-12-26 17:00:00,137520.259,26891.328999999998,55280.725,133071.022,33081.487,385844.822
2025-12-26 18:00:00,160481.361,267711.512,265333.874,244459.785,105108.776,1043095.3080000001
2025-12-26 19:00:00,175262.855,426955.473,402564.524,323585.348,162854.634,1491222.834
2025-12-26 20:00:00,182018.235,535845.595,481616.029,366371.123,192252.128,1758103.1099999999
2025-12-26 21:00:00,182655.994,547697.2170000001,489229.474,372036.217,198495.796,1790114.698
2025-12-26 22:00:00,169766.579,526742.3589999999,450769.393,340981.77,185227.305,1673487.406
2025-12-26 23:00:00,163555.972,533028.944,397912.28,297247.116,164784.132,1556528.444
2025-12-27 00:00:00,164314.54,594515.625,415972.169,308928.739,161673.478,1645404.551
2025-12-27 01:00:00,141122.472,489362.95300000004,452976.307,265066.425,140029.217,1488557.374
2025-12-27 02:00:00,125838.978,422267.89,418357.285,235242.197,126448.09,1328154.44
2025-12-27 03:00:00,119322.173,379703.801,354752.7,219591.209,119617.82800000001,1192987.711
2025-12-27 04:00:00,116848.292,360548.223,327818.363,213746.97,116546.645,1135508.493
2025-12-27 05:00:00,117717.027,368458.28,328030.409,216463.47,117338.018,1148007.204
2025-12-27 06:00:00,123708.084,383970.847,334966.384,225169.381,117396.591,1185211.287
2025-12-27 07:00:00,131760.691,345715.916,294684.56,207451.796,102804.02,1082416.983
2025-12-27 08:00:00,134102.297,201309.958,148228.724,159085.041,71550.135,714276.155
2025-12-27 09:00:00,133798.441,33101.265,-19149.549,79937.071,29219.691,256906.919
2025-12-27 10:00:00,126647.754,-140966.665,-174175.511,-3566.5300000000007,-16426.089,-208487.041
2025-12-27 11:00:00,119636.588,-246386.629,-273133.726,-61590.789,-47413.508,-508888.064
2025-12-27 12:00:00,111478.538,-297148.786,-324011.384,-99372.652,-64111.141,-673165.425
2025-12-27 13:00:00,105533.81,-319448.614,-344617.238,-119787.376,-71959.147,-750278.5650000001
2025-12-27 14:00:00,103887.174,-321010.791,-333089.477,-122939.231,-70929.068,-744081.3929999999
2025-12-27 15:00:00,106508.455,-268166.607,-280952.449,-95591.575,-56387.487,-594589.663
2025-12-27 16:00:00,118902.727,-145732.356,-165280.785,-28135.734,-20836.702,-241082.84999999998
2025-12-27 17:00:00,138805.025,46551.87,24464.979,86207.05,36906.011,332934.935
2025-12-27 18:00:00,161746.61,260749.636,238231.14,213209.052,101934.48300000001,975870.921
2025-12-27 19:00:00,174101.793,439354.213,388999.184,297510.594,151107.094,1451072.878
2025-12-27 20:00:00,176121.026,534069.325,449411.131,333544.604,174419.836,1667565.9220000003
2025-12-27 21:00:00,176610.19,532493.616,451332.728,338119.005,179080.144,1677635.6830000002
2025-12-27 22:00:00,164958.348,514178.906,417740.17699999997,310813.069,167283.459,1574973.959
2025-12-27 23:00:00,160170.932,518513.503,371823.341,272706.714,150028.005,1473242.495
2025-12-28 00:00:00,162025.275,570392.218,394679.071,290421.944,150448.088,1567966.596
